"start_date_fct","Status","response","SE","df","asymp.LCL","asymp.UCL","start_date_date","Period","reporting_name","metric","model_family","family_code","model_link","family_selection_reason","1","metric_id"
"2016-05-24","Fished",49.285745007327506,15.725581367076575,Inf,26.37113470292763,92.11149570509907,"2016-05-24","Pre-bloom","Bay of Shoals - Bay of Shoals Sanctuary Zone","Total abundance","Tweedie (log link)","tweedie","log","Tweedie with a log link was specified for non-richness metrics",NA,"total_abundance"
"2017-04-05","Fished",42.64045500851941,13.56404987654512,Inf,22.85873543743931,79.54107559054226,"2017-04-05","Pre-bloom","Bay of Shoals - Bay of Shoals Sanctuary Zone","Total abundance","Tweedie (log link)","tweedie","log","Tweedie with a log link was specified for non-richness metrics",NA,"total_abundance"
"2018-03-28","Fished",31.419992695610468,9.944118027939448,Inf,16.89698351396685,58.425572835304834,"2018-03-28","Pre-bloom","Bay of Shoals - Bay of Shoals Sanctuary Zone","Total abundance","Tweedie (log link)","tweedie","log","Tweedie with a log link was specified for non-richness metrics",NA,"total_abundance"
"2026-03-24","Fished",27.78648071126356,8.85508180449915,Inf,14.878871687091923,51.891603513675214,"2026-03-24","Bloom","Bay of Shoals - Bay of Shoals Sanctuary Zone","Total abundance","Tweedie (log link)","tweedie","log","Tweedie with a log link was specified for non-richness metrics",NA,"total_abundance"
"2016-05-24","No-take",67.27487370523863,22.4911756225778,Inf,34.936646661403444,129.5461661194817,"2016-05-24","Pre-bloom","Bay of Shoals - Bay of Shoals Sanctuary Zone","Total abundance","Tweedie (log link)","tweedie","log","Tweedie with a log link was specified for non-richness metrics",NA,"total_abundance"
"2017-04-05","No-take",55.068165912729214,18.06500035331928,Inf,28.951139971224052,104.74554369900542,"2017-04-05","Pre-bloom","Bay of Shoals - Bay of Shoals Sanctuary Zone","Total abundance","Tweedie (log link)","tweedie","log","Tweedie with a log link was specified for non-richness metrics",NA,"total_abundance"
"2018-03-28","No-take",69.97998857785302,22.19179431268868,Inf,37.58754770594255,130.2877974287798,"2018-03-28","Pre-bloom","Bay of Shoals - Bay of Shoals Sanctuary Zone","Total abundance","Tweedie (log link)","tweedie","log","Tweedie with a log link was specified for non-richness metrics",NA,"total_abundance"
"2026-03-24","No-take",31.189755843455295,9.903665758659985,Inf,16.73903526465017,58.11570704010249,"2026-03-24","Bloom","Bay of Shoals - Bay of Shoals Sanctuary Zone","Total abundance","Tweedie (log link)","tweedie","log","Tweedie with a log link was specified for non-richness metrics",NA,"total_abundance"
"2021-10-11","Not modelled by Status",29.786694444113564,4.474704816576218,Inf,22.189657419236507,39.98471671481596,"2021-10-11","Pre-bloom","Boston Bay","Total abundance","Tweedie (log link)","tweedie","log","Tweedie with a log link was specified for non-richness metrics",NA,"total_abundance"
"2022-05-10","Not modelled by Status",12.620520045331169,2.0721740174193277,Inf,9.14782270828171,17.411523079738814,"2022-05-10","Pre-bloom","Boston Bay","Total abundance","Tweedie (log link)","tweedie","log","Tweedie with a log link was specified for non-richness metrics",NA,"total_abundance"
"2024-03-25","Not modelled by Status",238.0700282455582,30.312941466205782,Inf,185.49109848899704,305.55287456127104,"2024-03-25","Pre-bloom","Boston Bay","Total abundance","Tweedie (log link)","tweedie","log","Tweedie with a log link was specified for non-richness metrics",NA,"total_abundance"
"2024-11-14","Not modelled by Status",94.1835923550793,12.766366072424347,Inf,72.2099208978161,122.84391062358897,"2024-11-14","Pre-bloom","Boston Bay","Total abundance","Tweedie (log link)","tweedie","log","Tweedie with a log link was specified for non-richness metrics",NA,"total_abundance"
"2025-05-22","Not modelled by Status",25.235647414797317,3.8692613970826946,Inf,18.68545941158937,34.08200389490972,"2025-05-22","Bloom","Boston Bay","Total abundance","Tweedie (log link)","tweedie","log","Tweedie with a log link was specified for non-richness metrics",NA,"total_abundance"
"2025-11-11","Not modelled by Status",54.300311219279536,8.00356733550751,Inf,40.67615476665989,72.4877711628574,"2025-11-11","Bloom","Boston Bay","Total abundance","Tweedie (log link)","tweedie","log","Tweedie with a log link was specified for non-richness metrics",NA,"total_abundance"
"2015-11-15","Fished",21.621182993825204,4.742446342626553,Inf,14.066132329994714,33.23412172482042,"2015-11-15","Pre-bloom","Chinamans Hat - Chinamans Hat Sanctuary Zone","Total abundance","Tweedie (log link)","tweedie","log","Tweedie with a log link was specified for non-richness metrics",NA,"total_abundance"
"2025-12-04","Fished",19.586598323888946,4.428022021969281,Inf,12.575475598166447,30.50658648308337,"2025-12-04","Bloom","Chinamans Hat - Chinamans Hat Sanctuary Zone","Total abundance","Tweedie (log link)","tweedie","log","Tweedie with a log link was specified for non-richness metrics",NA,"total_abundance"
"2015-11-15","No-take",21.144186290997617,4.6552399727953775,Inf,13.73361830696235,32.55344687144561,"2015-11-15","Pre-bloom","Chinamans Hat - Chinamans Hat Sanctuary Zone","Total abundance","Tweedie (log link)","tweedie","log","Tweedie with a log link was specified for non-richness metrics",NA,"total_abundance"
"2025-12-04","No-take",22.61441901883287,5.013884083439091,Inf,14.644143918841134,34.92262507071977,"2025-12-04","Bloom","Chinamans Hat - Chinamans Hat Sanctuary Zone","Total abundance","Tweedie (log link)","tweedie","log","Tweedie with a log link was specified for non-richness metrics",NA,"total_abundance"
"2016-01-19","Not modelled by Status",72.6666199667614,14.911068921145297,Inf,48.603755365914246,108.64258569404483,"2016-01-19","Pre-bloom","Dangerous Reef - Dangerous Reef Sanctuary Zone","Total abundance","Tweedie (log link)","tweedie","log","Tweedie with a log link was specified for non-richness metrics",NA,"total_abundance"
"2017-02-25","Not modelled by Status",81.58301333547362,11.37710864973481,Inf,62.07203128147731,107.22684480412995,"2017-02-25","Pre-bloom","Dangerous Reef - Dangerous Reef Sanctuary Zone","Total abundance","Tweedie (log link)","tweedie","log","Tweedie with a log link was specified for non-richness metrics",NA,"total_abundance"
"2019-02-16","Not modelled by Status",54.363225169238,9.100179730933787,Inf,39.15773702571,75.47321360427074,"2019-02-16","Pre-bloom","Dangerous Reef - Dangerous Reef Sanctuary Zone","Total abundance","Tweedie (log link)","tweedie","log","Tweedie with a log link was specified for non-richness metrics",NA,"total_abundance"
"2020-04-10","Not modelled by Status",41.99984600187425,7.353635385160908,Inf,29.799790041970198,59.19461384448489,"2020-04-10","Pre-bloom","Dangerous Reef - Dangerous Reef Sanctuary Zone","Total abundance","Tweedie (log link)","tweedie","log","Tweedie with a log link was specified for non-richness metrics",NA,"total_abundance"
"2022-03-16","Not modelled by Status",81.58292492625675,11.377098606897988,Inf,62.071960606491935,107.22673449478793,"2022-03-16","Pre-bloom","Dangerous Reef - Dangerous Reef Sanctuary Zone","Total abundance","Tweedie (log link)","tweedie","log","Tweedie with a log link was specified for non-richness metrics",NA,"total_abundance"
"2025-11-10","Not modelled by Status",120.0000895623387,14.661602933882913,Inf,94.44562011169091,152.46891785918623,"2025-11-10","Bloom","Dangerous Reef - Dangerous Reef Sanctuary Zone","Total abundance","Tweedie (log link)","tweedie","log","Tweedie with a log link was specified for non-richness metrics",NA,"total_abundance"
"2026-04-08","Not modelled by Status",105.66603672348467,13.485543686130084,Inf,82.28136734126261,135.69671576482918,"2026-04-08","Bloom","Dangerous Reef - Dangerous Reef Sanctuary Zone","Total abundance","Tweedie (log link)","tweedie","log","Tweedie with a log link was specified for non-richness metrics",NA,"total_abundance"
"2020-10-13","Not modelled by Status",47.45210365255096,12.858555887487633,Inf,27.899546767784628,80.70748101372253,"2020-10-13","Pre-bloom","Glenelg","Total abundance","Tweedie (log link)","tweedie","log","Tweedie with a log link was specified for non-richness metrics",NA,"total_abundance"
"2021-10-25","Not modelled by Status",27.99139457338413,7.934841703366102,Inf,16.059453146254913,48.78859591464957,"2021-10-25","Pre-bloom","Glenelg","Total abundance","Tweedie (log link)","tweedie","log","Tweedie with a log link was specified for non-richness metrics",NA,"total_abundance"
"2022-12-02","Not modelled by Status",33.643722603477734,8.997739205964239,Inf,19.918523086679173,56.82650594595212,"2022-12-02","Pre-bloom","Glenelg","Total abundance","Tweedie (log link)","tweedie","log","Tweedie with a log link was specified for non-richness metrics",NA,"total_abundance"
"2023-11-23","Not modelled by Status",69.80744199300611,17.20026709836448,Inf,43.069433420965666,113.14471936458673,"2023-11-23","Pre-bloom","Glenelg","Total abundance","Tweedie (log link)","tweedie","log","Tweedie with a log link was specified for non-richness metrics",NA,"total_abundance"
"2025-10-21","Not modelled by Status",4.50621082711862,1.4805698833534406,Inf,2.3666769424309155,8.579935712553981,"2025-10-21","Bloom","Glenelg","Total abundance","Tweedie (log link)","tweedie","log","Tweedie with a log link was specified for non-richness metrics",NA,"total_abundance"
"2026-03-20","Not modelled by Status",77.18195345006768,18.016329418307183,Inf,48.845278591201726,121.95762026918666,"2026-03-20","Bloom","Glenelg","Total abundance","Tweedie (log link)","tweedie","log","Tweedie with a log link was specified for non-richness metrics",NA,"total_abundance"
"2015-04-28","Not modelled by Status",121.50001463055281,38.737562258379796,Inf,65.04138127101142,226.96709797281017,"2015-04-28","Pre-bloom","O'Sullivan","Total abundance","Tweedie (log link)","tweedie","log","Tweedie with a log link was specified for non-richness metrics",NA,"total_abundance"
"2015-10-09","Not modelled by Status",300.1666031092988,95.70109964399344,Inf,160.68549332897067,560.72261257408,"2015-10-09","Pre-bloom","O'Sullivan","Total abundance","Tweedie (log link)","tweedie","log","Tweedie with a log link was specified for non-richness metrics",NA,"total_abundance"
"2021-10-12","Not modelled by Status",31.454546649044143,7.406598044934994,Inf,19.826730915324596,49.90174674394608,"2021-10-12","Pre-bloom","O'Sullivan","Total abundance","Tweedie (log link)","tweedie","log","Tweedie with a log link was specified for non-richness metrics",NA,"total_abundance"
"2022-12-01","Not modelled by Status",51.249998326057636,11.553931883641638,Inf,32.94555157742261,79.72433917970515,"2022-12-01","Pre-bloom","O'Sullivan","Total abundance","Tweedie (log link)","tweedie","log","Tweedie with a log link was specified for non-richness metrics",NA,"total_abundance"
"2023-12-01","Not modelled by Status",21.250002016764043,4.790657175395593,Inf,13.660350026991901,33.05644326977124,"2023-12-01","Pre-bloom","O'Sullivan","Total abundance","Tweedie (log link)","tweedie","log","Tweedie with a log link was specified for non-richness metrics",NA,"total_abundance"
"2024-12-19","Not modelled by Status",33.000008872717245,7.439609148668543,Inf,21.21372491110974,51.33471797916554,"2024-12-19","Pre-bloom","O'Sullivan","Total abundance","Tweedie (log link)","tweedie","log","Tweedie with a log link was specified for non-richness metrics",NA,"total_abundance"
"2025-02-04","Not modelled by Status",19.399997916691746,6.775555207928931,Inf,9.783965131138194,38.46701353931145,"2025-02-04","Pre-bloom","O'Sullivan","Total abundance","Tweedie (log link)","tweedie","log","Tweedie with a log link was specified for non-richness metrics",NA,"total_abundance"
"2025-11-13","Not modelled by Status",117.64704378877029,22.283485868418147,Inf,81.16246506122381,170.53236248795787,"2025-11-13","Bloom","O'Sullivan","Total abundance","Tweedie (log link)","tweedie","log","Tweedie with a log link was specified for non-richness metrics",NA,"total_abundance"
"2026-03-06","Not modelled by Status",27.588233912651734,5.225488983304787,Inf,19.032584471839215,39.989873763352186,"2026-03-06","Bloom","O'Sullivan","Total abundance","Tweedie (log link)","tweedie","log","Tweedie with a log link was specified for non-richness metrics",NA,"total_abundance"
"2014-09-03","Fished",103.16661848884327,15.420122235571249,Inf,76.968263279598,138.28233504189998,"2014-09-03","Pre-bloom","Offshore Ardrossan - Offshore Ardrossan Sanctuary Zone","Total abundance","Tweedie (log link)","tweedie","log","Tweedie with a log link was specified for non-richness metrics",NA,"total_abundance"
"2016-03-11","Fished",106.9998990169297,17.24540861479094,Inf,78.01773656655833,146.74840483055831,"2016-03-11","Pre-bloom","Offshore Ardrossan - Offshore Ardrossan Sanctuary Zone","Total abundance","Tweedie (log link)","tweedie","log","Tweedie with a log link was specified for non-richness metrics",NA,"total_abundance"
"2016-11-03","Fished",83.57150947293712,12.667147699414317,Inf,62.09254330008555,112.48044973502633,"2016-11-03","Pre-bloom","Offshore Ardrossan - Offshore Ardrossan Sanctuary Zone","Total abundance","Tweedie (log link)","tweedie","log","Tweedie with a log link was specified for non-richness metrics",NA,"total_abundance"
"2025-10-13","Fished",121.66668715846066,16.93382542154873,Inf,92.61890917494173,159.8246286420275,"2025-10-13","Bloom","Offshore Ardrossan - Offshore Ardrossan Sanctuary Zone","Total abundance","Tweedie (log link)","tweedie","log","Tweedie with a log link was specified for non-richness metrics",NA,"total_abundance"
"2014-09-03","No-take",40.91665295651557,6.449915089978835,Inf,30.041427147203727,55.7287934744394,"2014-09-03","Pre-bloom","Offshore Ardrossan - Offshore Ardrossan Sanctuary Zone","Total abundance","Tweedie (log link)","tweedie","log","Tweedie with a log link was specified for non-richness metrics",NA,"total_abundance"
"2016-03-11","No-take",74.16670364584724,9.040684545117053,Inf,58.40502642753734,94.18196114534089,"2016-03-11","Pre-bloom","Offshore Ardrossan - Offshore Ardrossan Sanctuary Zone","Total abundance","Tweedie (log link)","tweedie","log","Tweedie with a log link was specified for non-richness metrics",NA,"total_abundance"
"2016-11-03","No-take",41.000007426078646,12.914743336843761,Inf,22.113670104146568,76.01635554033601,"2016-11-03","Pre-bloom","Offshore Ardrossan - Offshore Ardrossan Sanctuary Zone","Total abundance","Tweedie (log link)","tweedie","log","Tweedie with a log link was specified for non-richness metrics",NA,"total_abundance"
"2025-10-13","No-take",91.6666493183468,14.419425133570698,Inf,67.34648424531595,124.76931337120533,"2025-10-13","Bloom","Offshore Ardrossan - Offshore Ardrossan Sanctuary Zone","Total abundance","Tweedie (log link)","tweedie","log","Tweedie with a log link was specified for non-richness metrics",NA,"total_abundance"
"2017-02-03","No-take",34.16666554968225,4.520610601653829,Inf,26.36207825449358,44.28182875092028,"2017-02-03","Pre-bloom","Orcades Bank - Orcades Bank Sanctuary Zone","Total abundance","Tweedie (log link)","tweedie","log","Tweedie with a log link was specified for non-richness metrics","overall","total_abundance"
"2015-12-10","Fished",23.592460114645235,5.087908697293784,Inf,15.459825692838,36.00326325276627,"2015-12-10","Pre-bloom","Rapid Head - Rapid Head Sanctuary Zone","Total abundance","Tweedie (log link)","tweedie","log","Tweedie with a log link was specified for non-richness metrics",NA,"total_abundance"
"2016-12-06","Fished",21.50780085483593,4.6986197087284935,Inf,14.016562146295836,33.00277862596492,"2016-12-06","Pre-bloom","Rapid Head - Rapid Head Sanctuary Zone","Total abundance","Tweedie (log link)","tweedie","log","Tweedie with a log link was specified for non-richness metrics",NA,"total_abundance"
"2017-12-05","Fished",24.074409007584002,5.47675804536877,Inf,15.41392687700696,37.600877030823355,"2017-12-05","Pre-bloom","Rapid Head - Rapid Head Sanctuary Zone","Total abundance","Tweedie (log link)","tweedie","log","Tweedie with a log link was specified for non-richness metrics",NA,"total_abundance"
"2018-12-11","Fished",27.314342528480328,5.90693787869492,Inf,17.877707710444703,41.732045284937186,"2018-12-11","Pre-bloom","Rapid Head - Rapid Head Sanctuary Zone","Total abundance","Tweedie (log link)","tweedie","log","Tweedie with a log link was specified for non-richness metrics",NA,"total_abundance"
"2021-01-21","Fished",35.30425529483725,7.212129325188355,Inf,23.65589364532529,52.68836851442925,"2021-01-21","Pre-bloom","Rapid Head - Rapid Head Sanctuary Zone","Total abundance","Tweedie (log link)","tweedie","log","Tweedie with a log link was specified for non-richness metrics",NA,"total_abundance"
"2025-02-27","Fished",36.439732447673826,7.41242866701787,Inf,24.45834528912138,54.290430736892816,"2025-02-27","Pre-bloom","Rapid Head - Rapid Head Sanctuary Zone","Total abundance","Tweedie (log link)","tweedie","log","Tweedie with a log link was specified for non-richness metrics",NA,"total_abundance"
"2025-12-10","Fished",25.283065736807877,5.393259652339667,Inf,16.643918978239263,38.40642422541834,"2025-12-10","Bloom","Rapid Head - Rapid Head Sanctuary Zone","Total abundance","Tweedie (log link)","tweedie","log","Tweedie with a log link was specified for non-richness metrics",NA,"total_abundance"
"2015-12-10","No-take",22.007018868150887,4.924791246504602,Inf,14.193091151446557,34.12286120728454,"2015-12-10","Pre-bloom","Rapid Head - Rapid Head Sanctuary Zone","Total abundance","Tweedie (log link)","tweedie","log","Tweedie with a log link was specified for non-richness metrics",NA,"total_abundance"
"2016-12-06","No-take",33.068556987771565,6.814594138269512,Inf,22.08025634209478,49.52521584492398,"2016-12-06","Pre-bloom","Rapid Head - Rapid Head Sanctuary Zone","Total abundance","Tweedie (log link)","tweedie","log","Tweedie with a log link was specified for non-richness metrics",NA,"total_abundance"
"2017-12-05","No-take",31.968541131827088,6.622690846468345,Inf,21.300292470223837,47.97998072214173,"2017-12-05","Pre-bloom","Rapid Head - Rapid Head Sanctuary Zone","Total abundance","Tweedie (log link)","tweedie","log","Tweedie with a log link was specified for non-richness metrics",NA,"total_abundance"
"2018-12-11","No-take",35.2470589208456,7.1995508942307325,Inf,23.618742967861287,52.600393012450766,"2018-12-11","Pre-bloom","Rapid Head - Rapid Head Sanctuary Zone","Total abundance","Tweedie (log link)","tweedie","log","Tweedie with a log link was specified for non-richness metrics",NA,"total_abundance"
"2021-01-21","No-take",39.766948000727716,7.997702259309342,Inf,26.812261808606152,58.98085601957623,"2021-01-21","Pre-bloom","Rapid Head - Rapid Head Sanctuary Zone","Total abundance","Tweedie (log link)","tweedie","log","Tweedie with a log link was specified for non-richness metrics",NA,"total_abundance"
"2025-02-27","No-take",44.944282726731316,9.090319746164043,Inf,30.23517799414252,66.80921641049022,"2025-02-27","Pre-bloom","Rapid Head - Rapid Head Sanctuary Zone","Total abundance","Tweedie (log link)","tweedie","log","Tweedie with a log link was specified for non-richness metrics",NA,"total_abundance"
"2025-12-10","No-take",26.784948276004577,5.671507348384713,Inf,17.687050436631814,40.562639696122396,"2025-12-10","Bloom","Rapid Head - Rapid Head Sanctuary Zone","Total abundance","Tweedie (log link)","tweedie","log","Tweedie with a log link was specified for non-richness metrics",NA,"total_abundance"
"2014-09-03","Not modelled by Status",8.08434860196426,1.4708707735943858,Inf,5.659485628165053,11.548168263353599,"2014-09-03","Pre-bloom","Aldinga - Aldinga Reef Sanctuary Zone","Species richness","Poisson (log link)","poisson","log","Poisson with a log link was specified for species-richness count metrics",NA,"richness"
"2015-12-10","Not modelled by Status",6.437950466568846,1.1799811510281688,Inf,4.49505459641444,9.220623536598445,"2015-12-10","Pre-bloom","Aldinga - Aldinga Reef Sanctuary Zone","Species richness","Poisson (log link)","poisson","log","Poisson with a log link was specified for species-richness count metrics",NA,"richness"
"2016-02-12","Not modelled by Status",11.622778995546843,2.069310077758206,Inf,8.199035229048249,16.47620577366468,"2016-02-12","Pre-bloom","Aldinga - Aldinga Reef Sanctuary Zone","Species richness","Poisson (log link)","poisson","log","Poisson with a log link was specified for species-richness count metrics",NA,"richness"
"2016-11-19","Not modelled by Status",9.623736454007675,1.750447501456811,Inf,6.7378277472320205,13.745721441787241,"2016-11-19","Pre-bloom","Aldinga - Aldinga Reef Sanctuary Zone","Species richness","Poisson (log link)","poisson","log","Poisson with a log link was specified for species-richness count metrics",NA,"richness"
"2019-12-07","Not modelled by Status",11.187291878707766,1.991401928913925,Inf,7.8923480050114865,15.857828304064832,"2019-12-07","Pre-bloom","Aldinga - Aldinga Reef Sanctuary Zone","Species richness","Poisson (log link)","poisson","log","Poisson with a log link was specified for species-richness count metrics",NA,"richness"
"2020-11-26","Not modelled by Status",9.50033439230281,1.730175223328459,Inf,6.648449392601375,13.57554946060234,"2020-11-26","Pre-bloom","Aldinga - Aldinga Reef Sanctuary Zone","Species richness","Poisson (log link)","poisson","log","Poisson with a log link was specified for species-richness count metrics",NA,"richness"
"2021-11-22","Not modelled by Status",9.34610854476277,1.7873853807109348,Inf,6.424566025587111,13.596209391046795,"2021-11-22","Pre-bloom","Aldinga - Aldinga Reef Sanctuary Zone","Species richness","Poisson (log link)","poisson","log","Poisson with a log link was specified for species-richness count metrics",NA,"richness"
"2025-02-06","Not modelled by Status",7.477407342593215,1.3228142498812112,Inf,5.286479537402742,10.576342946469897,"2025-02-06","Pre-bloom","Aldinga - Aldinga Reef Sanctuary Zone","Species richness","Poisson (log link)","poisson","log","Poisson with a log link was specified for species-richness count metrics",NA,"richness"
"2026-02-21","Not modelled by Status",6.889667327828356,1.1845094864329635,Inf,4.918752868745048,9.650315263807144,"2026-02-21","Bloom","Aldinga - Aldinga Reef Sanctuary Zone","Species richness","Poisson (log link)","poisson","log","Poisson with a log link was specified for species-richness count metrics",NA,"richness"
"2016-05-24","Fished",4.576515998321053,0.6382635837090345,Inf,3.481947371215635,6.015168079802509,"2016-05-24","Pre-bloom","Bay of Shoals - Bay of Shoals Sanctuary Zone","Species richness","Poisson (log link)","poisson","log","Poisson with a log link was specified for species-richness count metrics",NA,"richness"
"2017-04-05","Fished",6.65675045508736,0.7811025005107911,Inf,5.289107134182983,8.3780353653492,"2017-04-05","Pre-bloom","Bay of Shoals - Bay of Shoals Sanctuary Zone","Species richness","Poisson (log link)","poisson","log","Poisson with a log link was specified for species-richness count metrics",NA,"richness"
"2018-03-28","Fished",7.072797427048349,0.8074570331384552,Inf,5.654768950735863,8.846420407247937,"2018-03-28","Pre-bloom","Bay of Shoals - Bay of Shoals Sanctuary Zone","Species richness","Poisson (log link)","poisson","log","Poisson with a log link was specified for species-richness count metrics",NA,"richness"
"2026-03-24","Fished",4.410097318808671,0.6258078443324965,Inf,3.3393333314584948,5.82420394458461,"2026-03-24","Bloom","Bay of Shoals - Bay of Shoals Sanctuary Zone","Species richness","Poisson (log link)","poisson","log","Poisson with a log link was specified for species-richness count metrics",NA,"richness"
"2016-05-24","No-take",3.8231665937094115,0.5883366621823299,Inf,2.827705279739129,5.169068681939896,"2016-05-24","Pre-bloom","Bay of Shoals - Bay of Shoals Sanctuary Zone","Species richness","Poisson (log link)","poisson","log","Poisson with a log link was specified for species-richness count metrics",NA,"richness"
"2017-04-05","No-take",5.90317620322139,0.7319367747402434,Inf,4.62961615736243,7.527079589711065,"2017-04-05","Pre-bloom","Bay of Shoals - Bay of Shoals Sanctuary Zone","Species richness","Poisson (log link)","poisson","log","Poisson with a log link was specified for species-richness count metrics",NA,"richness"
"2018-03-28","No-take",8.23118930878968,0.8784690684497597,Inf,6.677572042573005,10.146274275316857,"2018-03-28","Pre-bloom","Bay of Shoals - Bay of Shoals Sanctuary Zone","Species richness","Poisson (log link)","poisson","log","Poisson with a log link was specified for species-richness count metrics",NA,"richness"
"2026-03-24","No-take",6.984039320210792,0.80221831830207,Inf,5.576141935831543,8.74741098550903,"2026-03-24","Bloom","Bay of Shoals - Bay of Shoals Sanctuary Zone","Species richness","Poisson (log link)","poisson","log","Poisson with a log link was specified for species-richness count metrics",NA,"richness"
"2021-10-11","Not modelled by Status",8.485403495703828,1.0761864173792672,Inf,6.6178412209105515,10.879993955943831,"2021-10-11","Pre-bloom","Boston Bay","Species richness","Poisson (log link)","poisson","log","Poisson with a log link was specified for species-richness count metrics",NA,"richness"
"2022-05-10","Not modelled by Status",4.550162926841865,0.647713509517588,Inf,3.442380051510243,6.014438368512757,"2022-05-10","Pre-bloom","Boston Bay","Species richness","Poisson (log link)","poisson","log","Poisson with a log link was specified for species-richness count metrics",NA,"richness"
"2024-03-25","Not modelled by Status",5.761600587553675,0.7864984386362731,Inf,4.409082593177299,7.529013264996908,"2024-03-25","Pre-bloom","Boston Bay","Species richness","Poisson (log link)","poisson","log","Poisson with a log link was specified for species-richness count metrics",NA,"richness"
"2024-11-14","Not modelled by Status",7.706562727205114,0.9921298955744813,Inf,5.98795414295676,9.918430844732674,"2024-11-14","Pre-bloom","Boston Bay","Species richness","Poisson (log link)","poisson","log","Poisson with a log link was specified for species-richness count metrics",NA,"richness"
"2025-05-22","Not modelled by Status",5.65693030888496,0.7694422959334895,Inf,4.333136852951053,7.385148820718027,"2025-05-22","Bloom","Boston Bay","Species richness","Poisson (log link)","poisson","log","Poisson with a log link was specified for species-richness count metrics",NA,"richness"
"2025-11-11","Not modelled by Status",6.919838321337101,0.9203253866248675,Inf,5.331970708286495,8.980574915580087,"2025-11-11","Bloom","Boston Bay","Species richness","Poisson (log link)","poisson","log","Poisson with a log link was specified for species-richness count metrics",NA,"richness"
"2017-01-12","Fished",8.75000000000406,0.8539124984889545,Inf,7.2266878231541405,10.594410866173936,"2017-01-12","Pre-bloom","Cape Elizabeth - Cape Elizabeth Sanctuary Zone","Species richness","Poisson (log link)","poisson","log","Poisson with a log link was specified for species-richness count metrics",NA,"richness"
"2026-03-10","Fished",7.416666666659086,0.7861650333525887,Inf,6.025340360853403,9.129267584900555,"2026-03-10","Bloom","Cape Elizabeth - Cape Elizabeth Sanctuary Zone","Species richness","Poisson (log link)","poisson","log","Poisson with a log link was specified for species-richness count metrics",NA,"richness"
"2017-01-12","No-take",9.583333333313153,0.8936503734355097,Inf,7.982549993556784,11.50513029690024,"2017-01-12","Pre-bloom","Cape Elizabeth - Cape Elizabeth Sanctuary Zone","Species richness","Poisson (log link)","poisson","log","Poisson with a log link was specified for species-richness count metrics",NA,"richness"
"2026-03-10","No-take",7.666666666666306,0.7993051920389821,Inf,6.249750682590979,9.404819610084761,"2026-03-10","Bloom","Cape Elizabeth - Cape Elizabeth Sanctuary Zone","Species richness","Poisson (log link)","poisson","log","Poisson with a log link was specified for species-richness count metrics",NA,"richness"
"2015-12-10","Not modelled by Status",8.931854132349908,0.6998557535918639,Inf,7.66029851822857,10.414479024771042,"2015-12-10","Pre-bloom","Carrickalinga - Carrickalinga Cliffs Sanctuary Zone","Species richness","Poisson (log link)","poisson","log","Poisson with a log link was specified for species-richness count metrics",NA,"richness"
"2016-12-06","Not modelled by Status",6.162719415202544,0.5145806765310228,Inf,5.232364005488923,7.258499322805725,"2016-12-06","Pre-bloom","Carrickalinga - Carrickalinga Cliffs Sanctuary Zone","Species richness","Poisson (log link)","poisson","log","Poisson with a log link was specified for species-richness count metrics",NA,"richness"
"2017-12-05","Not modelled by Status",10.118518103419172,0.6658682506404868,Inf,8.894099488362185,11.51149801541912,"2017-12-05","Pre-bloom","Carrickalinga - Carrickalinga Cliffs Sanctuary Zone","Species richness","Poisson (log link)","poisson","log","Poisson with a log link was specified for species-richness count metrics",NA,"richness"
"2018-12-11","Not modelled by Status",10.772562971536814,0.7023313844427043,Inf,9.4803383939015,12.2409251815713,"2018-12-11","Pre-bloom","Carrickalinga - Carrickalinga Cliffs Sanctuary Zone","Species richness","Poisson (log link)","poisson","log","Poisson with a log link was specified for species-richness count metrics",NA,"richness"
"2020-12-04","Not modelled by Status",11.409358802414436,0.7093057878966842,Inf,10.100504960223882,12.887817866023447,"2020-12-04","Pre-bloom","Carrickalinga - Carrickalinga Cliffs Sanctuary Zone","Species richness","Poisson (log link)","poisson","log","Poisson with a log link was specified for species-richness count metrics",NA,"richness"
"2025-02-06","Not modelled by Status",17.60693424017088,2.184712108175136,Inf,13.805894225030176,22.454476927373687,"2025-02-06","Pre-bloom","Carrickalinga - Carrickalinga Cliffs Sanctuary Zone","Species richness","Poisson (log link)","poisson","log","Poisson with a log link was specified for species-richness count metrics",NA,"richness"
"2025-02-20","Not modelled by Status",15.652530556408722,0.8563115451791605,Inf,14.061038979084877,17.424154302092262,"2025-02-20","Pre-bloom","Carrickalinga - Carrickalinga Cliffs Sanctuary Zone","Species richness","Poisson (log link)","poisson","log","Poisson with a log link was specified for species-richness count metrics",NA,"richness"
"2025-12-17","Not modelled by Status",12.491998930876484,0.7441556320811333,Inf,11.11540696593175,14.039075471308063,"2025-12-17","Bloom","Carrickalinga - Carrickalinga Cliffs Sanctuary Zone","Species richness","Poisson (log link)","poisson","log","Poisson with a log link was specified for species-richness count metrics",NA,"richness"
"2015-11-15","Fished",11.085371970298878,1.3738779086519386,Inf,8.694721188998404,14.13334240957345,"2015-11-15","Pre-bloom","Chinamans Hat - Chinamans Hat Sanctuary Zone","Species richness","Poisson (log link)","poisson","log","Poisson with a log link was specified for species-richness count metrics",NA,"richness"
"2025-12-04","Fished",9.273848138479293,1.2325544063173468,Inf,7.147098849946801,12.033450369336371,"2025-12-04","Bloom","Chinamans Hat - Chinamans Hat Sanctuary Zone","Species richness","Poisson (log link)","poisson","log","Poisson with a log link was specified for species-richness count metrics",NA,"richness"
"2015-11-15","No-take",9.421105595701407,1.2152552052636965,Inf,7.316493037022424,12.131116669725921,"2015-11-15","Pre-bloom","Chinamans Hat - Chinamans Hat Sanctuary Zone","Species richness","Poisson (log link)","poisson","log","Poisson with a log link was specified for species-richness count metrics",NA,"richness"
"2025-12-04","No-take",8.561968639370983,1.1627988412762655,Inf,6.561032090327672,11.173136477970049,"2025-12-04","Bloom","Chinamans Hat - Chinamans Hat Sanctuary Zone","Species richness","Poisson (log link)","poisson","log","Poisson with a log link was specified for species-richness count metrics",NA,"richness"
"2017-01-12","Fished",4.624999994355493,0.760345253437969,Inf,3.351005003101049,6.3833461686846915,"2017-01-12","Pre-bloom","Cuttlefish Coast - Fairway Bank Sanctuary Zone","Species richness","Poisson (log link)","poisson","log","Poisson with a log link was specified for species-richness count metrics",NA,"richness"
"2026-02-16","Fished",4.249999976464975,0.7288689249567669,Inf,3.0367502708961776,5.947970095882088,"2026-02-16","Bloom","Cuttlefish Coast - Fairway Bank Sanctuary Zone","Species richness","Poisson (log link)","poisson","log","Poisson with a log link was specified for species-richness count metrics",NA,"richness"
"2017-01-12","No-take",4.4999999930063534,0.7499999378538806,Inf,3.245978214867518,6.238489169245294,"2017-01-12","Pre-bloom","Cuttlefish Coast - Fairway Bank Sanctuary Zone","Species richness","Poisson (log link)","poisson","log","Poisson with a log link was specified for species-richness count metrics",NA,"richness"
"2026-02-16","No-take",4.499999981522673,0.6123723846030422,Inf,3.446503016142799,5.875520705728881,"2026-02-16","Bloom","Cuttlefish Coast - Fairway Bank Sanctuary Zone","Species richness","Poisson (log link)","poisson","log","Poisson with a log link was specified for species-richness count metrics",NA,"richness"
"2016-01-19","Not modelled by Status",12.000074040297285,1.4142178073813463,Inf,9.525092010894065,15.118150754650841,"2016-01-19","Pre-bloom","Dangerous Reef - Dangerous Reef Sanctuary Zone","Species richness","Poisson (log link)","poisson","log","Poisson with a log link was specified for species-richness count metrics",NA,"richness"
"2017-02-25","Not modelled by Status",15.500024438653394,1.136515942669986,Inf,13.42515510726393,17.895566619476917,"2017-02-25","Pre-bloom","Dangerous Reef - Dangerous Reef Sanctuary Zone","Species richness","Poisson (log link)","poisson","log","Poisson with a log link was specified for species-richness count metrics",NA,"richness"
"2019-02-16","Not modelled by Status",11.818154326264908,1.0365218217486238,Inf,9.951630954670813,14.034761971740943,"2019-02-16","Pre-bloom","Dangerous Reef - Dangerous Reef Sanctuary Zone","Species richness","Poisson (log link)","poisson","log","Poisson with a log link was specified for species-richness count metrics",NA,"richness"
"2020-04-10","Not modelled by Status",7.7499910204781886,0.8036370308797609,Inf,6.324637915249139,9.496569071990358,"2020-04-10","Pre-bloom","Dangerous Reef - Dangerous Reef Sanctuary Zone","Species richness","Poisson (log link)","poisson","log","Poisson with a log link was specified for species-richness count metrics",NA,"richness"
"2022-03-16","Not modelled by Status",15.500027966362104,1.136516072001884,Inf,13.425158382299221,17.89557039973345,"2022-03-16","Pre-bloom","Dangerous Reef - Dangerous Reef Sanctuary Zone","Species richness","Poisson (log link)","poisson","log","Poisson with a log link was specified for species-richness count metrics",NA,"richness"
"2025-11-10","Not modelled by Status",21.08332864343119,1.3254975521649615,Inf,18.63908524270321,23.8480988148783,"2025-11-10","Bloom","Dangerous Reef - Dangerous Reef Sanctuary Zone","Species richness","Poisson (log link)","poisson","log","Poisson with a log link was specified for species-richness count metrics",NA,"richness"
"2026-04-08","Not modelled by Status",20.833315522468382,1.3176150187064926,Inf,18.40448461573253,23.582678065742023,"2026-04-08","Bloom","Dangerous Reef - Dangerous Reef Sanctuary Zone","Species richness","Poisson (log link)","poisson","log","Poisson with a log link was specified for species-richness count metrics",NA,"richness"
"2020-10-13","Not modelled by Status",7.077433519546529,1.3734079283730274,Inf,4.838339021757623,10.352739855216795,"2020-10-13","Pre-bloom","Glenelg","Species richness","Poisson (log link)","poisson","log","Poisson with a log link was specified for species-richness count metrics",NA,"richness"
"2021-10-25","Not modelled by Status",6.670409959237676,1.2855794778387308,Inf,4.57195086648294,9.732031319602811,"2021-10-25","Pre-bloom","Glenelg","Species richness","Poisson (log link)","poisson","log","Poisson with a log link was specified for species-richness count metrics",NA,"richness"
"2022-12-02","Not modelled by Status",5.802410923132057,1.1309375075965091,Inf,3.9600650113956517,8.501873687426297,"2022-12-02","Pre-bloom","Glenelg","Species richness","Poisson (log link)","poisson","log","Poisson with a log link was specified for species-richness count metrics",NA,"richness"
"2023-11-23","Not modelled by Status",8.703669565562183,1.6186905578190156,Inf,6.04501917859946,12.531616801924596,"2023-11-23","Pre-bloom","Glenelg","Species richness","Poisson (log link)","poisson","log","Poisson with a log link was specified for species-richness count metrics",NA,"richness"
"2025-10-21","Not modelled by Status",1.4661643812525689,0.37715519201066827,Inf,0.8855643431623014,2.4274215752381014,"2025-10-21","Bloom","Glenelg","Species richness","Poisson (log link)","poisson","log","Poisson with a log link was specified for species-richness count metrics",NA,"richness"
"2026-03-20","Not modelled by Status",6.047814230364678,1.1530730439393622,Inf,4.162064527706548,8.787960090843729,"2026-03-20","Bloom","Glenelg","Species richness","Poisson (log link)","poisson","log","Poisson with a log link was specified for species-richness count metrics",NA,"richness"
"2014-09-03","Not modelled by Status",5.83333331393224,0.986013214897299,Inf,4.188297117072102,8.12448988223151,"2014-09-03","Pre-bloom","Middle/Long Spit - Middle Spit Sanctuary Zone","Species richness","Poisson (log link)","poisson","log","Poisson with a log link was specified for species-richness count metrics",NA,"richness"
"2015-01-07","Not modelled by Status",8.826086955924396,0.6194698125252034,Inf,7.691757264786286,10.12770011739355,"2015-01-07","Pre-bloom","Middle/Long Spit - Middle Spit Sanctuary Zone","Species richness","Poisson (log link)","poisson","log","Poisson with a log link was specified for species-richness count metrics",NA,"richness"
"2016-01-10","Not modelled by Status",7.9999999861225835,0.617213348848394,Inf,6.877306291415354,9.30596909110327,"2016-01-10","Pre-bloom","Middle/Long Spit - Middle Spit Sanctuary Zone","Species richness","Poisson (log link)","poisson","log","Poisson with a log link was specified for species-richness count metrics",NA,"richness"
"2016-03-11","Not modelled by Status",9.166666723906141,1.236032984928108,Inf,7.037776306483506,11.939535325917948,"2016-03-11","Pre-bloom","Middle/Long Spit - Middle Spit Sanctuary Zone","Species richness","Poisson (log link)","poisson","log","Poisson with a log link was specified for species-richness count metrics",NA,"richness"
"2026-01-26","Not modelled by Status",7.333333307736823,0.5527707521642451,Inf,6.3261531168651475,8.500865598556878,"2026-01-26","Bloom","Middle/Long Spit - Middle Spit Sanctuary Zone","Species richness","Poisson (log link)","poisson","log","Poisson with a log link was specified for species-richness count metrics",NA,"richness"
"2015-04-28","Not modelled by Status",12.312650129360389,2.894132891996037,Inf,7.767361914553767,19.5177403699938,"2015-04-28","Pre-bloom","O'Sullivan","Species richness","Poisson (log link)","poisson","log","Poisson with a log link was specified for species-richness count metrics",NA,"richness"
"2015-10-09","Not modelled by Status",13.24539351904679,3.083168887287447,Inf,8.393212126466082,20.902658818927645,"2015-10-09","Pre-bloom","O'Sullivan","Species richness","Poisson (log link)","poisson","log","Poisson with a log link was specified for species-richness count metrics",NA,"richness"
"2021-10-12","Not modelled by Status",6.003688695889539,1.0959198602551052,Inf,4.197965935283735,8.586129214198984,"2021-10-12","Pre-bloom","O'Sullivan","Species richness","Poisson (log link)","poisson","log","Poisson with a log link was specified for species-richness count metrics",NA,"richness"
"2022-12-01","Not modelled by Status",5.949085220488128,1.0598557993956499,Inf,4.195704339072339,8.435202316580604,"2022-12-01","Pre-bloom","O'Sullivan","Species richness","Poisson (log link)","poisson","log","Poisson with a log link was specified for species-richness count metrics",NA,"richness"
"2023-12-01","Not modelled by Status",5.253751440843266,0.9609889038098735,Inf,3.6708966745260714,7.519117711403908,"2023-12-01","Pre-bloom","O'Sullivan","Species richness","Poisson (log link)","poisson","log","Poisson with a log link was specified for species-richness count metrics",NA,"richness"
"2024-12-19","Not modelled by Status",4.094804125860721,0.7942230984805604,Inf,2.7998524377296397,5.988680190146893,"2024-12-19","Pre-bloom","O'Sullivan","Species richness","Poisson (log link)","poisson","log","Poisson with a log link was specified for species-richness count metrics",NA,"richness"
"2025-02-04","Not modelled by Status",6.556058928320749,1.3403982487453434,Inf,4.391502505676652,9.787517738189582,"2025-02-04","Pre-bloom","O'Sullivan","Species richness","Poisson (log link)","poisson","log","Poisson with a log link was specified for species-richness count metrics",NA,"richness"
"2025-11-13","Not modelled by Status",4.636152317692044,0.7793673483426363,Inf,3.3347645963847943,6.445404972855588,"2025-11-13","Bloom","O'Sullivan","Species richness","Poisson (log link)","poisson","log","Poisson with a log link was specified for species-richness count metrics",NA,"richness"
"2026-03-06","Not modelled by Status",3.949023366799091,0.6874320347708055,Inf,2.8074727292879524,5.5547415968953935,"2026-03-06","Bloom","O'Sullivan","Species richness","Poisson (log link)","poisson","log","Poisson with a log link was specified for species-richness count metrics",NA,"richness"
"2014-09-03","Fished",4.665368087268059,1.6341771701024865,Inf,2.3481643523237943,9.269223156445362,"2014-09-03","Pre-bloom","Offshore Ardrossan - Offshore Ardrossan Sanctuary Zone","Species richness","Poisson (log link)","poisson","log","Poisson with a log link was specified for species-richness count metrics",NA,"richness"
"2016-03-11","Fished",5.5984427717766785,1.9610127840046891,Inf,2.8177979511209243,11.12306915277244,"2016-03-11","Pre-bloom","Offshore Ardrossan - Offshore Ardrossan Sanctuary Zone","Species richness","Poisson (log link)","poisson","log","Poisson with a log link was specified for species-richness count metrics",NA,"richness"
"2016-11-03","Fished",4.113851377265097,0.955903638847717,Inf,2.6089245376691244,6.486877220813003,"2016-11-03","Pre-bloom","Offshore Ardrossan - Offshore Ardrossan Sanctuary Zone","Species richness","Poisson (log link)","poisson","log","Poisson with a log link was specified for species-richness count metrics",NA,"richness"
"2025-10-13","Fished",2.617143358642913,0.7305202195514877,Inf,1.5143721128540786,4.522956611225384,"2025-10-13","Bloom","Offshore Ardrossan - Offshore Ardrossan Sanctuary Zone","Species richness","Poisson (log link)","poisson","log","Poisson with a log link was specified for species-richness count metrics",NA,"richness"
"2014-09-03","No-take",5.797594861344112,0.953393270057264,Inf,4.200208823123729,8.002484541062902,"2014-09-03","Pre-bloom","Offshore Ardrossan - Offshore Ardrossan Sanctuary Zone","Species richness","Poisson (log link)","poisson","log","Poisson with a log link was specified for species-richness count metrics",NA,"richness"
"2016-03-11","No-take",5.549127191987493,0.9232629677147826,Inf,4.004994201153522,7.688603540046578,"2016-03-11","Pre-bloom","Offshore Ardrossan - Offshore Ardrossan Sanctuary Zone","Species richness","Poisson (log link)","poisson","log","Poisson with a log link was specified for species-richness count metrics",NA,"richness"
"2016-11-03","No-take",3.893833466927312,1.2945350271150697,Inf,2.0294990038216594,7.470779261094682,"2016-11-03","Pre-bloom","Offshore Ardrossan - Offshore Ardrossan Sanctuary Zone","Species richness","Poisson (log link)","poisson","log","Poisson with a log link was specified for species-richness count metrics",NA,"richness"
"2025-10-13","No-take",2.9816204775327573,0.7792956087382571,Inf,1.786392237078562,4.976544617424745,"2025-10-13","Bloom","Offshore Ardrossan - Offshore Ardrossan Sanctuary Zone","Species richness","Poisson (log link)","poisson","log","Poisson with a log link was specified for species-richness count metrics",NA,"richness"
"2017-02-03","No-take",12.91666669528423,1.0374915478574653,Inf,11.035202464290322,15.118914134738928,"2017-02-03","Pre-bloom","Orcades Bank - Orcades Bank Sanctuary Zone","Species richness","Poisson (log link)","poisson","log","Poisson with a log link was specified for species-richness count metrics","overall","richness"
"2017-02-03","Fished",8.562954748170895,1.0151995257285944,Inf,6.787465238608024,10.802883173845887,"2017-02-03","Pre-bloom","Port Gibbon - Port Gibbon Sanctuary Zone","Species richness","Poisson (log link)","poisson","log","Poisson with a log link was specified for species-richness count metrics",NA,"richness"
"2025-11-14","Fished",9.355272442864237,1.023093931967045,Inf,7.550381867192348,11.591615367231777,"2025-11-14","Bloom","Port Gibbon - Port Gibbon Sanctuary Zone","Species richness","Poisson (log link)","poisson","log","Poisson with a log link was specified for species-richness count metrics",NA,"richness"
"2017-02-03","No-take",6.826902654589541,0.8816368691699149,Inf,5.300272688841971,8.793245667030872,"2017-02-03","Pre-bloom","Port Gibbon - Port Gibbon Sanctuary Zone","Species richness","Poisson (log link)","poisson","log","Poisson with a log link was specified for species-richness count metrics",NA,"richness"
"2025-11-14","No-take",9.042725302261715,0.9934197692423196,Inf,7.291009389049979,11.215303194503086,"2025-11-14","Bloom","Port Gibbon - Port Gibbon Sanctuary Zone","Species richness","Poisson (log link)","poisson","log","Poisson with a log link was specified for species-richness count metrics",NA,"richness"
"2015-04-28","Not modelled by Status",4.399997931767683,0.9380828533167231,Inf,2.8971812511489787,6.682350920185617,"2015-04-28","Pre-bloom","Port Noarlunga - Port Noarlunga Reef Sanctuary Zone","Species richness","Poisson (log link)","poisson","log","Poisson with a log link was specified for species-richness count metrics",NA,"richness"
"2015-10-09","Not modelled by Status",10.333329941065438,1.3123343208980793,Inf,8.056336240690122,13.253879242479663,"2015-10-09","Pre-bloom","Port Noarlunga - Port Noarlunga Reef Sanctuary Zone","Species richness","Poisson (log link)","poisson","log","Poisson with a log link was specified for species-richness count metrics",NA,"richness"
"2021-10-12","Not modelled by Status",8.250001643808178,1.4361406850313472,Inf,5.865146883297934,11.60457333415775,"2021-10-12","Pre-bloom","Port Noarlunga - Port Noarlunga Reef Sanctuary Zone","Species richness","Poisson (log link)","poisson","log","Poisson with a log link was specified for species-richness count metrics",NA,"richness"
"2022-12-01","Not modelled by Status",13.500004066152592,1.8371174306609377,Inf,10.339512631461115,17.62656677178236,"2022-12-01","Pre-bloom","Port Noarlunga - Port Noarlunga Reef Sanctuary Zone","Species richness","Poisson (log link)","poisson","log","Poisson with a log link was specified for species-richness count metrics",NA,"richness"
"2023-12-01","Not modelled by Status",8.750000267093524,1.4790198450968446,Inf,6.282445926713566,12.186735161314417,"2023-12-01","Pre-bloom","Port Noarlunga - Port Noarlunga Reef Sanctuary Zone","Species richness","Poisson (log link)","poisson","log","Poisson with a log link was specified for species-richness count metrics",NA,"richness"
"2024-12-19","Not modelled by Status",9.500000746913853,1.5411034328996067,Inf,6.912585760034516,13.055897940991786,"2024-12-19","Pre-bloom","Port Noarlunga - Port Noarlunga Reef Sanctuary Zone","Species richness","Poisson (log link)","poisson","log","Poisson with a log link was specified for species-richness count metrics",NA,"richness"
"2025-02-04","Not modelled by Status",6.7499992962651545,1.2990379297065706,Inf,4.629029188976151,9.842774508332187,"2025-02-04","Pre-bloom","Port Noarlunga - Port Noarlunga Reef Sanctuary Zone","Species richness","Poisson (log link)","poisson","log","Poisson with a log link was specified for species-richness count metrics",NA,"richness"
"2025-11-13","Not modelled by Status",8.500003285803528,1.1902382022894848,Inf,6.459918959082393,11.184359481335294,"2025-11-13","Bloom","Port Noarlunga - Port Noarlunga Reef Sanctuary Zone","Species richness","Poisson (log link)","poisson","log","Poisson with a log link was specified for species-richness count metrics",NA,"richness"
"2015-12-10","Fished",8.480634682984018,0.8982327439480624,Inf,6.8908486265955915,10.437199904326436,"2015-12-10","Pre-bloom","Rapid Head - Rapid Head Sanctuary Zone","Species richness","Poisson (log link)","poisson","log","Poisson with a log link was specified for species-richness count metrics",NA,"richness"
"2016-12-06","Fished",7.399772108339127,0.8322745173412102,Inf,5.935825970757982,9.22476964875732,"2016-12-06","Pre-bloom","Rapid Head - Rapid Head Sanctuary Zone","Species richness","Poisson (log link)","poisson","log","Poisson with a log link was specified for species-richness count metrics",NA,"richness"
"2017-12-05","Fished",7.309763087625786,0.8987666335595098,Inf,5.744396797661677,9.301696640971395,"2017-12-05","Pre-bloom","Rapid Head - Rapid Head Sanctuary Zone","Species richness","Poisson (log link)","poisson","log","Poisson with a log link was specified for species-richness count metrics",NA,"richness"
"2018-12-11","Fished",8.950153868973338,0.961493210974538,Inf,7.250834541758759,11.047728894785688,"2018-12-11","Pre-bloom","Rapid Head - Rapid Head Sanctuary Zone","Species richness","Poisson (log link)","poisson","log","Poisson with a log link was specified for species-richness count metrics",NA,"richness"
"2021-01-21","Fished",9.312061689190493,0.9470325983699743,Inf,7.629200348617506,11.366131303525524,"2021-01-21","Pre-bloom","Rapid Head - Rapid Head Sanctuary Zone","Species richness","Poisson (log link)","poisson","log","Poisson with a log link was specified for species-richness count metrics",NA,"richness"
"2025-02-27","Fished",12.637875085476374,1.1298807243252282,Inf,10.606521015418227,15.05827277803274,"2025-02-27","Pre-bloom","Rapid Head - Rapid Head Sanctuary Zone","Species richness","Poisson (log link)","poisson","log","Poisson with a log link was specified for species-richness count metrics",NA,"richness"
"2025-12-10","Fished",9.062649768878424,0.9325516489292327,Inf,7.4074049853962345,11.08777243788822,"2025-12-10","Bloom","Rapid Head - Rapid Head Sanctuary Zone","Species richness","Poisson (log link)","poisson","log","Poisson with a log link was specified for species-richness count metrics",NA,"richness"
"2015-12-10","No-take",7.802116388093167,0.87088206547671,Inf,6.269028373562211,9.710120373687587,"2015-12-10","Pre-bloom","Rapid Head - Rapid Head Sanctuary Zone","Species richness","Poisson (log link)","poisson","log","Poisson with a log link was specified for species-richness count metrics",NA,"richness"
"2016-12-06","No-take",8.483473704759607,0.8984551795034748,Inf,6.893280079627728,10.440505139497308,"2016-12-06","Pre-bloom","Rapid Head - Rapid Head Sanctuary Zone","Species richness","Poisson (log link)","poisson","log","Poisson with a log link was specified for species-richness count metrics",NA,"richness"
"2017-12-05","No-take",9.731096200679731,0.9711239449862642,Inf,8.002308743906891,11.833364132443089,"2017-12-05","Pre-bloom","Rapid Head - Rapid Head Sanctuary Zone","Species richness","Poisson (log link)","poisson","log","Poisson with a log link was specified for species-richness count metrics",NA,"richness"
"2018-12-11","No-take",8.982515286239053,0.927920967303342,Inf,7.336117418953777,10.998403686813543,"2018-12-11","Pre-bloom","Rapid Head - Rapid Head Sanctuary Zone","Species richness","Poisson (log link)","poisson","log","Poisson with a log link was specified for species-richness count metrics",NA,"richness"
"2021-01-21","No-take",13.640106507700624,1.1820411673194062,Inf,11.509416027603097,16.165242884192054,"2021-01-21","Pre-bloom","Rapid Head - Rapid Head Sanctuary Zone","Species richness","Poisson (log link)","poisson","log","Poisson with a log link was specified for species-richness count metrics",NA,"richness"
"2025-02-27","No-take",13.448182364024404,1.2144590532340782,Inf,11.26664236118857,16.052130093262136,"2025-02-27","Pre-bloom","Rapid Head - Rapid Head Sanctuary Zone","Species richness","Poisson (log link)","poisson","log","Poisson with a log link was specified for species-richness count metrics",NA,"richness"
"2025-12-10","No-take",8.8161672771039,0.9181614986437147,Inf,7.188383976458755,10.812556161776921,"2025-12-10","Bloom","Rapid Head - Rapid Head Sanctuary Zone","Species richness","Poisson (log link)","poisson","log","Poisson with a log link was specified for species-richness count metrics",NA,"richness"
"2016-01-20","Fished",13.393462389365062,1.1838781460386751,Inf,11.262978396875976,15.926944761351283,"2016-01-20","Pre-bloom","Sponge Gardens - Sponge Gardens Sanctuary Zone","Species richness","Poisson (log link)","poisson","log","Poisson with a log link was specified for species-richness count metrics",NA,"richness"
"2016-12-06","Fished",9.317177911277515,0.9561161736937452,Inf,7.619653795672388,11.392880379906707,"2016-12-06","Pre-bloom","Sponge Gardens - Sponge Gardens Sanctuary Zone","Species richness","Poisson (log link)","poisson","log","Poisson with a log link was specified for species-richness count metrics",NA,"richness"
"2017-12-05","Fished",13.916644972074046,1.9825995113749815,Inf,10.526167589011372,18.399194734552367,"2017-12-05","Pre-bloom","Sponge Gardens - Sponge Gardens Sanctuary Zone","Species richness","Poisson (log link)","poisson","log","Poisson with a log link was specified for species-richness count metrics",NA,"richness"
"2018-01-17","Fished",9.252893145395008,1.1673138406580998,Inf,7.225914633573367,11.848469834158418,"2018-01-17","Pre-bloom","Sponge Gardens - Sponge Gardens Sanctuary Zone","Species richness","Poisson (log link)","poisson","log","Poisson with a log link was specified for species-richness count metrics",NA,"richness"
"2019-01-22","Fished",12.894296145346154,1.157160551111798,Inf,10.814565373193503,15.373976424055941,"2019-01-22","Pre-bloom","Sponge Gardens - Sponge Gardens Sanctuary Zone","Species richness","Poisson (log link)","poisson","log","Poisson with a log link was specified for species-richness count metrics",NA,"richness"
"2021-01-21","Fished",13.8925653835387,1.2103323521440377,Inf,11.711837346613066,16.479341987422,"2021-01-21","Pre-bloom","Sponge Gardens - Sponge Gardens Sanctuary Zone","Species richness","Poisson (log link)","poisson","log","Poisson with a log link was specified for species-richness count metrics",NA,"richness"
"2025-04-02","Fished",12.727969191229558,1.1481971422836488,Inf,10.665267515627193,15.189604901660267,"2025-04-02","Bloom","Sponge Gardens - Sponge Gardens Sanctuary Zone","Species richness","Poisson (log link)","poisson","log","Poisson with a log link was specified for species-richness count metrics",NA,"richness"
"2026-01-27","Fished",13.975767911124162,1.214718308442072,Inf,11.786710542625942,16.571382490410457,"2026-01-27","Bloom","Sponge Gardens - Sponge Gardens Sanctuary Zone","Species richness","Poisson (log link)","poisson","log","Poisson with a log link was specified for species-richness count metrics",NA,"richness"
"2016-01-20","No-take",17.412384220833722,1.4902342668141457,Inf,14.723409265367497,20.59245374419547,"2016-01-20","Pre-bloom","Sponge Gardens - Sponge Gardens Sanctuary Zone","Species richness","Poisson (log link)","poisson","log","Poisson with a log link was specified for species-richness count metrics",NA,"richness"
"2016-12-06","No-take",11.226211329169713,1.1076576421281812,Inf,9.252255796894278,13.621307449096081,"2016-12-06","Pre-bloom","Sponge Gardens - Sponge Gardens Sanctuary Zone","Species richness","Poisson (log link)","poisson","log","Poisson with a log link was specified for species-richness count metrics",NA,"richness"
"2017-12-05","No-take",15.099502946899818,2.0970471670132333,Inf,11.501280391054026,19.82344412894901,"2017-12-05","Pre-bloom","Sponge Gardens - Sponge Gardens Sanctuary Zone","Species richness","Poisson (log link)","poisson","log","Poisson with a log link was specified for species-richness count metrics",NA,"richness"
"2018-01-17","No-take",13.130204292305955,1.404541275221805,Inf,10.646778989153848,16.19290350004639,"2018-01-17","Pre-bloom","Sponge Gardens - Sponge Gardens Sanctuary Zone","Species richness","Poisson (log link)","poisson","log","Poisson with a log link was specified for species-richness count metrics",NA,"richness"
"2019-01-22","No-take",13.04338575642415,1.1648356861504066,Inf,10.94898946723808,15.53841224342727,"2019-01-22","Pre-bloom","Sponge Gardens - Sponge Gardens Sanctuary Zone","Species richness","Poisson (log link)","poisson","log","Poisson with a log link was specified for species-richness count metrics",NA,"richness"
"2021-01-21","No-take",13.126561363639867,1.1692937486936728,Inf,11.023696767983077,15.630565395616244,"2021-01-21","Pre-bloom","Sponge Gardens - Sponge Gardens Sanctuary Zone","Species richness","Poisson (log link)","poisson","log","Poisson with a log link was specified for species-richness count metrics",NA,"richness"
"2025-04-02","No-take",15.380792215837072,1.331002468891835,Inf,12.981311221679182,18.223796128674373,"2025-04-02","Bloom","Sponge Gardens - Sponge Gardens Sanctuary Zone","Species richness","Poisson (log link)","poisson","log","Poisson with a log link was specified for species-richness count metrics",NA,"richness"
"2026-01-27","No-take",14.391304541460146,1.2783720498225872,Inf,12.09172818831104,17.12820890278218,"2026-01-27","Bloom","Sponge Gardens - Sponge Gardens Sanctuary Zone","Species richness","Poisson (log link)","poisson","log","Poisson with a log link was specified for species-richness count metrics",NA,"richness"
"2016-04-19","Fished",9.940730019497328,1.085172200279257,Inf,8.025969640072383,12.312295928351425,"2016-04-19","Pre-bloom","The Pages - The Pages Sanctuary Zone","Species richness","Poisson (log link)","poisson","log","Poisson with a log link was specified for species-richness count metrics",NA,"richness"
"2017-06-02","Fished",11.266280502687753,1.1781939454778434,Inf,9.178346441509317,13.829187770816977,"2017-06-02","Pre-bloom","The Pages - The Pages Sanctuary Zone","Species richness","Poisson (log link)","poisson","log","Poisson with a log link was specified for species-richness count metrics",NA,"richness"
"2018-06-26","Fished",9.065185980616707,1.0567673626047913,Inf,7.213541373376409,11.392129414613063,"2018-06-26","Pre-bloom","The Pages - The Pages Sanctuary Zone","Species richness","Poisson (log link)","poisson","log","Poisson with a log link was specified for species-richness count metrics",NA,"richness"
"2019-06-06","Fished",10.437842751304341,1.120304071266114,Inf,8.457664224661869,12.881637105345389,"2019-06-06","Pre-bloom","The Pages - The Pages Sanctuary Zone","Species richness","Poisson (log link)","poisson","log","Poisson with a log link was specified for species-richness count metrics",NA,"richness"
"2021-05-20","Fished",9.85803302372501,1.0792964545735666,Inf,7.954215561396945,12.217523443604748,"2021-05-20","Pre-bloom","The Pages - The Pages Sanctuary Zone","Species richness","Poisson (log link)","poisson","log","Poisson with a log link was specified for species-richness count metrics",NA,"richness"
"2025-04-09","Fished",9.104238494525687,1.1894843270177766,Inf,7.047461124032131,11.761279290006257,"2025-04-09","Bloom","The Pages - The Pages Sanctuary Zone","Species richness","Poisson (log link)","poisson","log","Poisson with a log link was specified for species-richness count metrics",NA,"richness"
"2025-12-02","Fished",7.538448108493673,0.9100139992338455,Inf,5.950151170366511,9.550715310809725,"2025-12-02","Bloom","The Pages - The Pages Sanctuary Zone","Species richness","Poisson (log link)","poisson","log","Poisson with a log link was specified for species-richness count metrics",NA,"richness"
"2026-03-01","Fished",11.100597846680934,1.1666774709758758,Inf,9.034096629482264,13.639800149093515,"2026-03-01","Bloom","The Pages - The Pages Sanctuary Zone","Species richness","Poisson (log link)","poisson","log","Poisson with a log link was specified for species-richness count metrics",NA,"richness"
"2016-04-19","No-take",9.124319522507921,1.027034011145565,Inf,7.317945708021759,11.376581635138253,"2016-04-19","Pre-bloom","The Pages - The Pages Sanctuary Zone","Species richness","Poisson (log link)","poisson","log","Poisson with a log link was specified for species-richness count metrics",NA,"richness"
"2017-06-02","No-take",10.857054417799203,1.1883656789246713,Inf,8.760788937125213,13.454910451219387,"2017-06-02","Pre-bloom","The Pages - The Pages Sanctuary Zone","Species richness","Poisson (log link)","poisson","log","Poisson with a log link was specified for species-richness count metrics",NA,"richness"
"2018-06-26","No-take",11.778708321401398,1.2138978393978102,Inf,9.624407016702584,14.415222618897877,"2018-06-26","Pre-bloom","The Pages - The Pages Sanctuary Zone","Species richness","Poisson (log link)","poisson","log","Poisson with a log link was specified for species-richness count metrics",NA,"richness"
"2019-06-06","No-take",12.442249494865266,1.2594068335369888,Inf,10.20328753235754,15.172518857429974,"2019-06-06","Pre-bloom","The Pages - The Pages Sanctuary Zone","Species richness","Poisson (log link)","poisson","log","Poisson with a log link was specified for species-richness count metrics",NA,"richness"
"2021-05-20","No-take",8.156002016821297,0.9888878273571298,Inf,6.4309035892378414,10.343860388408766,"2021-05-20","Pre-bloom","The Pages - The Pages Sanctuary Zone","Species richness","Poisson (log link)","poisson","log","Poisson with a log link was specified for species-richness count metrics",NA,"richness"
"2025-04-09","No-take",5.907474418885066,0.9182805885254044,Inf,4.355999303519183,8.011538014156104,"2025-04-09","Bloom","The Pages - The Pages Sanctuary Zone","Species richness","Poisson (log link)","poisson","log","Poisson with a log link was specified for species-richness count metrics",NA,"richness"
"2025-12-02","No-take",6.138181079742941,0.8024921857711677,Inf,4.7506768905472505,7.9309260208125885,"2025-12-02","Bloom","The Pages - The Pages Sanctuary Zone","Species richness","Poisson (log link)","poisson","log","Poisson with a log link was specified for species-richness count metrics",NA,"richness"
"2026-03-01","No-take",13.105811554857123,1.3045375877210252,Inf,10.78291755895831,15.929111538901505,"2026-03-01","Bloom","The Pages - The Pages Sanctuary Zone","Species richness","Poisson (log link)","poisson","log","Poisson with a log link was specified for species-richness count metrics",NA,"richness"
"2017-11-28","Not modelled by Status",6.416523634401866,1.3536985662033663,Inf,4.243470640819939,9.702382562703999,"2017-11-28","Pre-bloom","Victor Harbor - Encounter Bay Sanctuary Zone","Species richness","Poisson (log link)","poisson","log","Poisson with a log link was specified for species-richness count metrics",NA,"richness"
"2018-11-27","Not modelled by Status",6.386746586676004,1.7114643688088056,Inf,3.7773058914185627,10.798842650018676,"2018-11-27","Pre-bloom","Victor Harbor - Encounter Bay Sanctuary Zone","Species richness","Poisson (log link)","poisson","log","Poisson with a log link was specified for species-richness count metrics",NA,"richness"
"2021-11-23","Not modelled by Status",7.9414764073810575,1.7461877999722317,Inf,5.16104140481237,12.219829794464275,"2021-11-23","Pre-bloom","Victor Harbor - Encounter Bay Sanctuary Zone","Species richness","Poisson (log link)","poisson","log","Poisson with a log link was specified for species-richness count metrics",NA,"richness"
"2025-10-30","Not modelled by Status",8.560614054663846,1.7012127031615034,Inf,5.7989508295319965,12.637477907158347,"2025-10-30","Bloom","Victor Harbor - Encounter Bay Sanctuary Zone","Species richness","Poisson (log link)","poisson","log","Poisson with a log link was specified for species-richness count metrics",NA,"richness"
"2026-01-23","Not modelled by Status",8.976177250425462,1.7787128997912212,Inf,6.0872049955875305,13.236248506409781,"2026-01-23","Bloom","Victor Harbor - Encounter Bay Sanctuary Zone","Species richness","Poisson (log link)","poisson","log","Poisson with a log link was specified for species-richness count metrics",NA,"richness"
"2017-04-12","Not modelled by Status",6.721222442746919,1.0356910356252453,Inf,4.96917578270234,9.091010883965518,"2017-04-12","Pre-bloom","Windara Reef - Windara Shell fish Reef Sanctuary Zone","Species richness","Poisson (log link)","poisson","log","Poisson with a log link was specified for species-richness count metrics",NA,"richness"
"2017-11-23","Not modelled by Status",7.45892059324475,1.119793184654782,Inf,5.557593245902298,10.010717581275234,"2017-11-23","Pre-bloom","Windara Reef - Windara Shell fish Reef Sanctuary Zone","Species richness","Poisson (log link)","poisson","log","Poisson with a log link was specified for species-richness count metrics",NA,"richness"
"2018-04-24","Not modelled by Status",6.393354336642834,0.998058599566348,Inf,4.708133402463737,8.681780268265149,"2018-04-24","Pre-bloom","Windara Reef - Windara Shell fish Reef Sanctuary Zone","Species richness","Poisson (log link)","poisson","log","Poisson with a log link was specified for species-richness count metrics",NA,"richness"
"2018-11-29","Not modelled by Status",7.049105664051429,1.0731623879945218,Inf,5.230537350735073,9.499959054107276,"2018-11-29","Pre-bloom","Windara Reef - Windara Shell fish Reef Sanctuary Zone","Species richness","Poisson (log link)","poisson","log","Poisson with a log link was specified for species-richness count metrics",NA,"richness"
"2019-10-22","Not modelled by Status",6.147440177848709,0.969714590506706,Inf,4.512563992904773,8.374622675633724,"2019-10-22","Pre-bloom","Windara Reef - Windara Shell fish Reef Sanctuary Zone","Species richness","Poisson (log link)","poisson","log","Poisson with a log link was specified for species-richness count metrics",NA,"richness"
"2020-10-28","Not modelled by Status",9.180218393930485,1.3137012395129257,Inf,6.9349759723648114,12.15237227873503,"2020-10-28","Pre-bloom","Windara Reef - Windara Shell fish Reef Sanctuary Zone","Species richness","Poisson (log link)","poisson","log","Poisson with a log link was specified for species-richness count metrics",NA,"richness"
"2025-10-24","Not modelled by Status",4.098314785907624,0.7279486520903408,Inf,2.8934344822220206,5.804929811816708,"2025-10-24","Bloom","Windara Reef - Windara Shell fish Reef Sanctuary Zone","Species richness","Poisson (log link)","poisson","log","Poisson with a log link was specified for species-richness count metrics",NA,"richness"
"2014-09-03","Not modelled by Status",0.5788814035085061,0.32317613600743983,Inf,0.19381322539440024,1.7290031608836731,"2014-09-03","Pre-bloom","Aldinga - Aldinga Reef Sanctuary Zone","Shark and ray richness","Poisson (log link)","poisson","log","Poisson with a log link was specified for species-richness count metrics",NA,"sharks_rays"
"2015-12-10","Not modelled by Status",0.15821198754073926,0.11010477396987281,Inf,0.04044464733998742,0.6188960628380354,"2015-12-10","Pre-bloom","Aldinga - Aldinga Reef Sanctuary Zone","Shark and ray richness","Poisson (log link)","poisson","log","Poisson with a log link was specified for species-richness count metrics",NA,"sharks_rays"
"2016-02-12","Not modelled by Status",0.44348192425191624,0.26743992096575364,Inf,0.1360073535266914,1.4460704663265482,"2016-02-12","Pre-bloom","Aldinga - Aldinga Reef Sanctuary Zone","Shark and ray richness","Poisson (log link)","poisson","log","Poisson with a log link was specified for species-richness count metrics",NA,"sharks_rays"
"2016-11-19","Not modelled by Status",0.8693656503270851,0.5088291854339131,Inf,0.2760606607664911,2.7377918746921144,"2016-11-19","Pre-bloom","Aldinga - Aldinga Reef Sanctuary Zone","Shark and ray richness","Poisson (log link)","poisson","log","Poisson with a log link was specified for species-richness count metrics",NA,"sharks_rays"
"2020-11-26","Not modelled by Status",0.38638491935580466,0.26809952946987287,Inf,0.09917449113498526,1.5053599388011003,"2020-11-26","Pre-bloom","Aldinga - Aldinga Reef Sanctuary Zone","Shark and ray richness","Poisson (log link)","poisson","log","Poisson with a log link was specified for species-richness count metrics",NA,"sharks_rays"
"2021-11-22","Not modelled by Status",0.43468379169285054,0.3266738572077091,Inf,0.09965013401167126,1.8961339152674215,"2021-11-22","Pre-bloom","Aldinga - Aldinga Reef Sanctuary Zone","Shark and ray richness","Poisson (log link)","poisson","log","Poisson with a log link was specified for species-richness count metrics",NA,"sharks_rays"
"2025-02-06","Not modelled by Status",0.5740806402245924,0.3098986783277456,Inf,0.19928726965715138,1.6537362474164006,"2025-02-06","Pre-bloom","Aldinga - Aldinga Reef Sanctuary Zone","Shark and ray richness","Poisson (log link)","poisson","log","Poisson with a log link was specified for species-richness count metrics",NA,"sharks_rays"
"2026-02-21","Not modelled by Status",0.25750293837710686,0.14747891663626114,Inf,0.0838061673124324,0.7912038624275274,"2026-02-21","Bloom","Aldinga - Aldinga Reef Sanctuary Zone","Shark and ray richness","Poisson (log link)","poisson","log","Poisson with a log link was specified for species-richness count metrics",NA,"sharks_rays"
"2017-04-05","Fished",0.5833333401386074,0.22047925896560294,Inf,0.27809481063479796,1.223603507525089,"2017-04-05","Pre-bloom","Bay of Shoals - Bay of Shoals Sanctuary Zone","Shark and ray richness","Poisson (log link)","poisson","log","Poisson with a log link was specified for species-richness count metrics",NA,"sharks_rays"
"2018-03-28","Fished",0.6666666583261326,0.23570223944392682,Inf,0.33339844262515606,1.333072913671126,"2018-03-28","Pre-bloom","Bay of Shoals - Bay of Shoals Sanctuary Zone","Shark and ray richness","Poisson (log link)","poisson","log","Poisson with a log link was specified for species-richness count metrics",NA,"sharks_rays"
"2026-03-24","Fished",0.41666666208599035,0.18633898164359775,Inf,0.17342826539414016,1.0010542797007465,"2026-03-24","Bloom","Bay of Shoals - Bay of Shoals Sanctuary Zone","Shark and ray richness","Poisson (log link)","poisson","log","Poisson with a log link was specified for species-richness count metrics",NA,"sharks_rays"
"2017-04-05","No-take",0.6666666756114643,0.23570224249957375,Inf,0.3333984542645675,1.3330729362594875,"2017-04-05","Pre-bloom","Bay of Shoals - Bay of Shoals Sanctuary Zone","Shark and ray richness","Poisson (log link)","poisson","log","Poisson with a log link was specified for species-richness count metrics",NA,"sharks_rays"
"2018-03-28","No-take",0.4166666662573645,0.1863389825763391,Inf,0.17342826789131485,1.0010542853303803,"2018-03-28","Pre-bloom","Bay of Shoals - Bay of Shoals Sanctuary Zone","Shark and ray richness","Poisson (log link)","poisson","log","Poisson with a log link was specified for species-richness count metrics",NA,"sharks_rays"
"2026-03-24","No-take",0.16666666820980586,0.11785112093005062,Inf,0.04168294767365663,0.6664062846426982,"2026-03-24","Bloom","Bay of Shoals - Bay of Shoals Sanctuary Zone","Shark and ray richness","Poisson (log link)","poisson","log","Poisson with a log link was specified for species-richness count metrics",NA,"sharks_rays"
"2021-10-11","Not modelled by Status",0.33333341143947476,0.11785113427588671,Inf,0.1666992767058136,0.666536564390523,"2021-10-11","Pre-bloom","Boston Bay","Shark and ray richness","Poisson (log link)","poisson","log","Poisson with a log link was specified for species-richness count metrics",NA,"sharks_rays"
"2022-05-10","Not modelled by Status",0.12499998780124134,0.07216877412676069,Inf,0.0403151748210896,0.3875711073969289,"2022-05-10","Pre-bloom","Boston Bay","Shark and ray richness","Poisson (log link)","poisson","log","Poisson with a log link was specified for species-richness count metrics",NA,"sharks_rays"
"2024-03-25","Not modelled by Status",0.17391301830622435,0.08695650822867215,Inf,0.06527266208697753,0.4633752779391453,"2024-03-25","Pre-bloom","Boston Bay","Shark and ray richness","Poisson (log link)","poisson","log","Poisson with a log link was specified for species-richness count metrics",NA,"sharks_rays"
"2024-11-14","Not modelled by Status",0.5416666406499051,0.15023128722268037,Inf,0.3145221761819398,0.9328523449590737,"2024-11-14","Pre-bloom","Boston Bay","Shark and ray richness","Poisson (log link)","poisson","log","Poisson with a log link was specified for species-richness count metrics",NA,"sharks_rays"
"2025-11-11","Not modelled by Status",0.31818178683623866,0.12026140736440753,Inf,0.1516880556165655,0.6674200487493458,"2025-11-11","Bloom","Boston Bay","Shark and ray richness","Poisson (log link)","poisson","log","Poisson with a log link was specified for species-richness count metrics",NA,"sharks_rays"
"2017-01-12","Fished",0.5833333333333167,0.22047925762915213,Inf,0.27809480623586313,1.223603498330549,"2017-01-12","Pre-bloom","Cape Elizabeth - Cape Elizabeth Sanctuary Zone","Shark and ray richness","Poisson (log link)","poisson","log","Poisson with a log link was specified for species-richness count metrics",NA,"sharks_rays"
"2017-01-12","No-take",0.9166666666666907,0.27638537633639837,Inf,0.5076501730174786,1.6552299643339052,"2017-01-12","Pre-bloom","Cape Elizabeth - Cape Elizabeth Sanctuary Zone","Shark and ray richness","Poisson (log link)","poisson","log","Poisson with a log link was specified for species-richness count metrics",NA,"sharks_rays"
"2015-12-10","Not modelled by Status",0.11468373801514173,0.0918696479609946,Inf,0.02385779051443421,0.5512815512890159,"2015-12-10","Pre-bloom","Carrickalinga - Carrickalinga Cliffs Sanctuary Zone","Shark and ray richness","Poisson (log link)","poisson","log","Poisson with a log link was specified for species-richness count metrics",NA,"sharks_rays"
"2016-12-06","Not modelled by Status",0.1718407695729596,0.0969595397167026,Inf,0.05686482875096801,0.5192884729636036,"2016-12-06","Pre-bloom","Carrickalinga - Carrickalinga Cliffs Sanctuary Zone","Shark and ray richness","Poisson (log link)","poisson","log","Poisson with a log link was specified for species-richness count metrics",NA,"sharks_rays"
"2017-12-05","Not modelled by Status",0.25776114192156335,0.13214175350278334,Inf,0.09437290228401211,0.7040241920795965,"2017-12-05","Pre-bloom","Carrickalinga - Carrickalinga Cliffs Sanctuary Zone","Shark and ray richness","Poisson (log link)","poisson","log","Poisson with a log link was specified for species-richness count metrics",NA,"sharks_rays"
"2018-12-11","Not modelled by Status",0.4202977023507997,0.19947937789575987,Inf,0.16579232924865592,1.0654905410998896,"2018-12-11","Pre-bloom","Carrickalinga - Carrickalinga Cliffs Sanctuary Zone","Shark and ray richness","Poisson (log link)","poisson","log","Poisson with a log link was specified for species-richness count metrics",NA,"sharks_rays"
"2020-12-04","Not modelled by Status",0.25776114192156396,0.1321417535027794,Inf,0.09437290228401539,0.7040241920795752,"2020-12-04","Pre-bloom","Carrickalinga - Carrickalinga Cliffs Sanctuary Zone","Shark and ray richness","Poisson (log link)","poisson","log","Poisson with a log link was specified for species-richness count metrics",NA,"sharks_rays"
"2025-02-06","Not modelled by Status",0.501795719577192,0.2874224715546559,Inf,0.1632935700815832,1.5420015868364598,"2025-02-06","Pre-bloom","Carrickalinga - Carrickalinga Cliffs Sanctuary Zone","Shark and ray richness","Poisson (log link)","poisson","log","Poisson with a log link was specified for species-richness count metrics",NA,"sharks_rays"
"2025-02-20","Not modelled by Status",0.3763035154578004,0.18047143636593654,Inf,0.14699767031859562,0.9633100676969414,"2025-02-20","Pre-bloom","Carrickalinga - Carrickalinga Cliffs Sanctuary Zone","Shark and ray richness","Poisson (log link)","poisson","log","Poisson with a log link was specified for species-richness count metrics",NA,"sharks_rays"
"2025-12-17","Not modelled by Status",0.14320033686509057,0.08492409593302462,Inf,0.04478618804107775,0.4578718880800275,"2025-12-17","Bloom","Carrickalinga - Carrickalinga Cliffs Sanctuary Zone","Shark and ray richness","Poisson (log link)","poisson","log","Poisson with a log link was specified for species-richness count metrics",NA,"sharks_rays"
"2015-11-15","Fished",1.0122861359493753,0.36313436932980625,Inf,0.5011345116602264,2.0448067279191675,"2015-11-15","Pre-bloom","Chinamans Hat - Chinamans Hat Sanctuary Zone","Shark and ray richness","Poisson (log link)","poisson","log","Poisson with a log link was specified for species-richness count metrics",NA,"sharks_rays"
"2025-12-04","Fished",0.7552675962599869,0.3067381496512615,Inf,0.3407225528273418,1.6741748887089327,"2025-12-04","Bloom","Chinamans Hat - Chinamans Hat Sanctuary Zone","Shark and ray richness","Poisson (log link)","poisson","log","Poisson with a log link was specified for species-richness count metrics",NA,"sharks_rays"
"2015-11-15","No-take",0.3891463429096843,0.19593770382796397,Inf,0.1450532500130917,1.0439950582721447,"2015-11-15","Pre-bloom","Chinamans Hat - Chinamans Hat Sanctuary Zone","Shark and ray richness","Poisson (log link)","poisson","log","Poisson with a log link was specified for species-richness count metrics",NA,"sharks_rays"
"2025-12-04","No-take",0.7884850862010313,0.31555448862590185,Inf,0.359865032699145,1.7276163968984728,"2025-12-04","Bloom","Chinamans Hat - Chinamans Hat Sanctuary Zone","Shark and ray richness","Poisson (log link)","poisson","log","Poisson with a log link was specified for species-richness count metrics",NA,"sharks_rays"
"2026-02-16","Fished",0.12500001286009746,0.12499999604177764,Inf,0.017607943216496846,0.8873837803148694,"2026-02-16","Bloom","Cuttlefish Coast - Fairway Bank Sanctuary Zone","Shark and ray richness","Poisson (log link)","poisson","log","Poisson with a log link was specified for species-richness count metrics",NA,"sharks_rays"
"2026-02-16","No-take",0.5000001291493475,0.20412415517882537,Inf,0.2246304434586063,1.1129396590245921,"2026-02-16","Bloom","Cuttlefish Coast - Fairway Bank Sanctuary Zone","Shark and ray richness","Poisson (log link)","poisson","log","Poisson with a log link was specified for species-richness count metrics",NA,"sharks_rays"
"2016-01-19","Not modelled by Status",0.6666669103382173,0.3333333664734403,Inf,0.25021206164178533,1.7762723604275783,"2016-01-19","Pre-bloom","Dangerous Reef - Dangerous Reef Sanctuary Zone","Shark and ray richness","Poisson (log link)","poisson","log","Poisson with a log link was specified for species-richness count metrics",NA,"sharks_rays"
"2017-02-25","Not modelled by Status",0.7499998534109812,0.2499999547351601,Inf,0.3902359957786925,1.4414348911972068,"2017-02-25","Pre-bloom","Dangerous Reef - Dangerous Reef Sanctuary Zone","Shark and ray richness","Poisson (log link)","poisson","log","Poisson with a log link was specified for species-richness count metrics",NA,"sharks_rays"
"2019-02-16","Not modelled by Status",0.3636371621665841,0.18181836629909437,Inf,0.1364796785775543,0.9688767374508873,"2019-02-16","Pre-bloom","Dangerous Reef - Dangerous Reef Sanctuary Zone","Shark and ray richness","Poisson (log link)","poisson","log","Poisson with a log link was specified for species-richness count metrics",NA,"sharks_rays"
"2020-04-10","Not modelled by Status",0.7499998534011977,0.2499999547335411,Inf,0.3902359957719273,1.4414348911845896,"2020-04-10","Pre-bloom","Dangerous Reef - Dangerous Reef Sanctuary Zone","Shark and ray richness","Poisson (log link)","poisson","log","Poisson with a log link was specified for species-richness count metrics",NA,"sharks_rays"
"2022-03-16","Not modelled by Status",0.7499998534170221,0.2499999547361778,Inf,0.3902359957828514,1.4414348912050654,"2022-03-16","Pre-bloom","Dangerous Reef - Dangerous Reef Sanctuary Zone","Shark and ray richness","Poisson (log link)","poisson","log","Poisson with a log link was specified for species-richness count metrics",NA,"sharks_rays"
"2025-11-10","Not modelled by Status",0.9166659901139889,0.2763852741699985,Inf,0.5076496878220943,1.6552291030387363,"2025-11-10","Bloom","Dangerous Reef - Dangerous Reef Sanctuary Zone","Shark and ray richness","Poisson (log link)","poisson","log","Poisson with a log link was specified for species-richness count metrics",NA,"sharks_rays"
"2026-04-08","Not modelled by Status",1.2500010565241892,0.32274872168488755,Inf,0.7535831825019988,2.0734308800839583,"2026-04-08","Bloom","Dangerous Reef - Dangerous Reef Sanctuary Zone","Shark and ray richness","Poisson (log link)","poisson","log","Poisson with a log link was specified for species-richness count metrics",NA,"sharks_rays"
"2020-10-13","Not modelled by Status",0.4277437780718245,0.17631282035832815,Inf,0.190688596879825,0.9594949182748749,"2020-10-13","Pre-bloom","Glenelg","Shark and ray richness","Poisson (log link)","poisson","log","Poisson with a log link was specified for species-richness count metrics",NA,"sharks_rays"
"2021-10-25","Not modelled by Status",0.8613287213846347,0.24657535171602793,Inf,0.4914651388994918,1.5095417915975744,"2021-10-25","Pre-bloom","Glenelg","Shark and ray richness","Poisson (log link)","poisson","log","Poisson with a log link was specified for species-richness count metrics",NA,"sharks_rays"
"2022-12-02","Not modelled by Status",0.4349698149440037,0.16711183649772593,Inf,0.2048492914307841,0.9235996795055972,"2022-12-02","Pre-bloom","Glenelg","Shark and ray richness","Poisson (log link)","poisson","log","Poisson with a log link was specified for species-richness count metrics",NA,"sharks_rays"
"2023-11-23","Not modelled by Status",0.4971073612485329,0.17905971462307155,Inf,0.24538306394779247,1.0070610604978654,"2023-11-23","Pre-bloom","Glenelg","Shark and ray richness","Poisson (log link)","poisson","log","Poisson with a log link was specified for species-richness count metrics",NA,"sharks_rays"
"2026-03-20","Not modelled by Status",0.10545901701697805,0.07480435703125982,Inf,0.026260808441053177,0.42350578410986806,"2026-03-20","Bloom","Glenelg","Shark and ray richness","Poisson (log link)","poisson","log","Poisson with a log link was specified for species-richness count metrics",NA,"sharks_rays"
"2014-09-03","Not modelled by Status",1.3333333315763818,0.4714044818720204,Inf,0.6667968949606843,2.66614584820074,"2014-09-03","Pre-bloom","Middle/Long Spit - Middle Spit Sanctuary Zone","Shark and ray richness","Poisson (log link)","poisson","log","Poisson with a log link was specified for species-richness count metrics",NA,"sharks_rays"
"2015-01-07","Not modelled by Status",1.0434782594960648,0.2129990904206292,Inf,0.6994112793472009,1.5568048588767647,"2015-01-07","Pre-bloom","Middle/Long Spit - Middle Spit Sanctuary Zone","Shark and ray richness","Poisson (log link)","poisson","log","Poisson with a log link was specified for species-richness count metrics",NA,"sharks_rays"
"2016-01-10","Not modelled by Status",1.6666666639275487,0.28171806171430686,Inf,1.1966563214003496,2.3212828269663737,"2016-01-10","Pre-bloom","Middle/Long Spit - Middle Spit Sanctuary Zone","Shark and ray richness","Poisson (log link)","poisson","log","Poisson with a log link was specified for species-richness count metrics",NA,"sharks_rays"
"2016-03-11","Not modelled by Status",2.166666661613894,0.6009251633324599,Inf,1.2580887770385014,3.7314095064099218,"2016-03-11","Pre-bloom","Middle/Long Spit - Middle Spit Sanctuary Zone","Shark and ray richness","Poisson (log link)","poisson","log","Poisson with a log link was specified for species-richness count metrics",NA,"sharks_rays"
"2026-01-26","Not modelled by Status",0.45833333404536164,0.13819268824260605,Inf,0.25382508705531154,0.8276149829561978,"2026-01-26","Bloom","Middle/Long Spit - Middle Spit Sanctuary Zone","Shark and ray richness","Poisson (log link)","poisson","log","Poisson with a log link was specified for species-richness count metrics",NA,"sharks_rays"
"2015-04-28","Not modelled by Status",0.16666664829473218,0.1666666436047421,Inf,0.023477247722448462,1.1831783683587163,"2015-04-28","Pre-bloom","O'Sullivan","Shark and ray richness","Poisson (log link)","poisson","log","Poisson with a log link was specified for species-richness count metrics",NA,"sharks_rays"
"2015-10-09","Not modelled by Status",0.9999998745592086,0.40824823118008025,Inf,0.44926064629129236,2.225878801923931,"2015-10-09","Pre-bloom","O'Sullivan","Shark and ray richness","Poisson (log link)","poisson","log","Poisson with a log link was specified for species-richness count metrics",NA,"sharks_rays"
"2021-10-12","Not modelled by Status",0.545454400908208,0.22268083769910493,Inf,0.24505121384863407,1.2141156079067936,"2021-10-12","Pre-bloom","O'Sullivan","Shark and ray richness","Poisson (log link)","poisson","log","Poisson with a log link was specified for species-richness count metrics",NA,"sharks_rays"
"2022-12-01","Not modelled by Status",0.4166667338410816,0.18633899765055076,Inf,0.17342830838089926,1.0010543763622137,"2022-12-01","Pre-bloom","O'Sullivan","Shark and ray richness","Poisson (log link)","poisson","log","Poisson with a log link was specified for species-richness count metrics",NA,"sharks_rays"
"2024-12-19","Not modelled by Status",0.33333341622454027,0.16666667352115533,Inf,0.12510600902716373,0.8881361274005433,"2024-12-19","Pre-bloom","O'Sullivan","Shark and ray richness","Poisson (log link)","poisson","log","Poisson with a log link was specified for species-richness count metrics",NA,"sharks_rays"
"2025-02-04","Not modelled by Status",1.199999804498425,0.48989786801717744,Inf,0.5391127474545765,2.6710545012990754,"2025-02-04","Pre-bloom","O'Sullivan","Shark and ray richness","Poisson (log link)","poisson","log","Poisson with a log link was specified for species-richness count metrics",NA,"sharks_rays"
"2014-09-03","Fished",0.5000000927858279,0.288675142218153,Inf,0.16126076772328218,1.5502846496106721,"2014-09-03","Pre-bloom","Offshore Ardrossan - Offshore Ardrossan Sanctuary Zone","Shark and ray richness","Poisson (log link)","poisson","log","Poisson with a log link was specified for species-richness count metrics",NA,"sharks_rays"
"2016-03-11","Fished",1.9999999368686856,0.6324555082203284,Inf,1.0761093903456087,3.7170939900357967,"2016-03-11","Pre-bloom","Offshore Ardrossan - Offshore Ardrossan Sanctuary Zone","Shark and ray richness","Poisson (log link)","poisson","log","Poisson with a log link was specified for species-richness count metrics",NA,"sharks_rays"
"2014-09-03","No-take",0.4166666575610605,0.18633898411503153,Inf,0.1734282598437196,1.0010542899960553,"2014-09-03","Pre-bloom","Offshore Ardrossan - Offshore Ardrossan Sanctuary Zone","Shark and ray richness","Poisson (log link)","poisson","log","Poisson with a log link was specified for species-richness count metrics",NA,"sharks_rays"
"2016-03-11","No-take",1.2500000278175756,0.32274860871675703,Inf,0.7535823819678508,2.0734296699768104,"2016-03-11","Pre-bloom","Offshore Ardrossan - Offshore Ardrossan Sanctuary Zone","Shark and ray richness","Poisson (log link)","poisson","log","Poisson with a log link was specified for species-richness count metrics",NA,"sharks_rays"
"2017-02-03","No-take",1.0833333368392286,0.3004625817363041,Inf,0.6290443938462291,1.8657047581829471,"2017-02-03","Pre-bloom","Orcades Bank - Orcades Bank Sanctuary Zone","Shark and ray richness","Poisson (log link)","poisson","log","Poisson with a log link was specified for species-richness count metrics","overall","sharks_rays"
"2017-02-03","Fished",1.5833333333339374,0.36324154887918975,Inf,1.009934816176705,2.482283415019653,"2017-02-03","Pre-bloom","Port Gibbon - Port Gibbon Sanctuary Zone","Shark and ray richness","Poisson (log link)","poisson","log","Poisson with a log link was specified for species-richness count metrics",NA,"sharks_rays"
"2025-11-14","Fished",0.2500000000144511,0.14433755528789474,Inf,0.0806303619783287,0.775142247581921,"2025-11-14","Bloom","Port Gibbon - Port Gibbon Sanctuary Zone","Shark and ray richness","Poisson (log link)","poisson","log","Poisson with a log link was specified for species-richness count metrics",NA,"sharks_rays"
"2017-02-03","No-take",0.16666666667727126,0.11785112037705615,Inf,0.04168294703024765,0.6664062826737137,"2017-02-03","Pre-bloom","Port Gibbon - Port Gibbon Sanctuary Zone","Shark and ray richness","Poisson (log link)","poisson","log","Poisson with a log link was specified for species-richness count metrics",NA,"sharks_rays"
"2025-11-14","No-take",0.24999999999246336,0.1443375552826017,Inf,0.0806303619665584,0.7751422475587258,"2025-11-14","Bloom","Port Gibbon - Port Gibbon Sanctuary Zone","Shark and ray richness","Poisson (log link)","poisson","log","Poisson with a log link was specified for species-richness count metrics",NA,"sharks_rays"
"2015-12-10","Fished",0.14941158291600865,0.11413210707075462,Inf,0.03343264864732271,0.6677251732268905,"2015-12-10","Pre-bloom","Rapid Head - Rapid Head Sanctuary Zone","Shark and ray richness","Poisson (log link)","poisson","log","Poisson with a log link was specified for species-richness count metrics",NA,"sharks_rays"
"2016-12-06","Fished",0.2241168266728777,0.14469738201102245,Inf,0.0632280866906259,0.794399366276688,"2016-12-06","Pre-bloom","Rapid Head - Rapid Head Sanctuary Zone","Shark and ray richness","Poisson (log link)","poisson","log","Poisson with a log link was specified for species-richness count metrics",NA,"sharks_rays"
"2018-12-11","Fished",0.15825753908387968,0.1213308639107083,Inf,0.035218925901516054,0.7111360734544033,"2018-12-11","Pre-bloom","Rapid Head - Rapid Head Sanctuary Zone","Shark and ray richness","Poisson (log link)","poisson","log","Poisson with a log link was specified for species-richness count metrics",NA,"sharks_rays"
"2025-02-27","Fished",0.8964671206721154,0.3661746397482531,Inf,0.40257712087685954,1.9962716626710015,"2025-02-27","Pre-bloom","Rapid Head - Rapid Head Sanctuary Zone","Shark and ray richness","Poisson (log link)","poisson","log","Poisson with a log link was specified for species-richness count metrics",NA,"sharks_rays"
"2025-12-10","Fished",0.14941057226947657,0.1141316575946833,Inf,0.03343228105098981,0.6677234817404589,"2025-12-10","Bloom","Rapid Head - Rapid Head Sanctuary Zone","Shark and ray richness","Poisson (log link)","poisson","log","Poisson with a log link was specified for species-richness count metrics",NA,"sharks_rays"
"2015-12-10","No-take",0.24619597443623573,0.15781621066921378,Inf,0.07008819652859212,0.8648026462470195,"2015-12-10","Pre-bloom","Rapid Head - Rapid Head Sanctuary Zone","Shark and ray richness","Poisson (log link)","poisson","log","Poisson with a log link was specified for species-richness count metrics",NA,"sharks_rays"
"2016-12-06","No-take",0.15031700123324038,0.1151847948757938,Inf,0.033477270865584274,0.674941543188414,"2016-12-06","Pre-bloom","Rapid Head - Rapid Head Sanctuary Zone","Shark and ray richness","Poisson (log link)","poisson","log","Poisson with a log link was specified for species-richness count metrics",NA,"sharks_rays"
"2018-12-11","No-take",0.07515785863954728,0.0783659807826915,Inf,0.009737314908508715,0.5801089692956518,"2018-12-11","Pre-bloom","Rapid Head - Rapid Head Sanctuary Zone","Shark and ray richness","Poisson (log link)","poisson","log","Poisson with a log link was specified for species-richness count metrics",NA,"sharks_rays"
"2025-02-27","No-take",0.3223297096923724,0.18828250038212035,Inf,0.10258594308441914,1.0127746416960022,"2025-02-27","Pre-bloom","Rapid Head - Rapid Head Sanctuary Zone","Shark and ray richness","Poisson (log link)","poisson","log","Poisson with a log link was specified for species-richness count metrics",NA,"sharks_rays"
"2025-12-10","No-take",0.07515905674387034,0.0783666554930479,Inf,0.009737616025160179,0.5801095253738348,"2025-12-10","Bloom","Rapid Head - Rapid Head Sanctuary Zone","Shark and ray richness","Poisson (log link)","poisson","log","Poisson with a log link was specified for species-richness count metrics",NA,"sharks_rays"
"2016-04-19","Fished",0.4166664876752385,0.18633894260760128,Inf,0.17342816101396172,1.0010540441447868,"2016-04-19","Pre-bloom","The Pages - The Pages Sanctuary Zone","Shark and ray richness","Poisson (log link)","poisson","log","Poisson with a log link was specified for species-richness count metrics",NA,"sharks_rays"
"2017-06-02","Fished",1.2499999927514132,0.32274858458235134,Inf,0.7535823786465444,2.073429562783604,"2017-06-02","Pre-bloom","The Pages - The Pages Sanctuary Zone","Shark and ray richness","Poisson (log link)","poisson","log","Poisson with a log link was specified for species-richness count metrics",NA,"sharks_rays"
"2018-06-26","Fished",0.45454540146096045,0.2032788782761689,Inf,0.18919444258192378,1.0920591491467309,"2018-06-26","Pre-bloom","The Pages - The Pages Sanctuary Zone","Shark and ray richness","Poisson (log link)","poisson","log","Poisson with a log link was specified for species-richness count metrics",NA,"sharks_rays"
"2019-06-06","Fished",0.5000000522650856,0.20412413893876183,Inf,0.22463039557935835,1.1129395539739737,"2019-06-06","Pre-bloom","The Pages - The Pages Sanctuary Zone","Shark and ray richness","Poisson (log link)","poisson","log","Poisson with a log link was specified for species-richness count metrics",NA,"sharks_rays"
"2021-05-20","Fished",0.500000131858247,0.20412415518564822,Inf,0.22463044564338736,1.1129396602593786,"2021-05-20","Pre-bloom","The Pages - The Pages Sanctuary Zone","Shark and ray richness","Poisson (log link)","poisson","log","Poisson with a log link was specified for species-richness count metrics",NA,"sharks_rays"
"2025-04-09","Fished",1.8750000664455084,0.4841228870083998,Inf,1.1303736261959227,3.1101444404730945,"2025-04-09","Bloom","The Pages - The Pages Sanctuary Zone","Shark and ray richness","Poisson (log link)","poisson","log","Poisson with a log link was specified for species-richness count metrics",NA,"sharks_rays"
"2026-03-01","Fished",0.41666669583512844,0.18633898915356029,Inf,0.17342828562770815,1.0010543250761745,"2026-03-01","Bloom","The Pages - The Pages Sanctuary Zone","Shark and ray richness","Poisson (log link)","poisson","log","Poisson with a log link was specified for species-richness count metrics",NA,"sharks_rays"
"2016-04-19","No-take",0.5833334165119173,0.2204792733321742,Inf,0.278094860592914,1.2236036081140595,"2016-04-19","Pre-bloom","The Pages - The Pages Sanctuary Zone","Shark and ray richness","Poisson (log link)","poisson","log","Poisson with a log link was specified for species-richness count metrics",NA,"sharks_rays"
"2017-06-02","No-take",1.1818181470209879,0.32777735674007985,Inf,0.6862302190812354,2.035314233899661,"2017-06-02","Pre-bloom","The Pages - The Pages Sanctuary Zone","Shark and ray richness","Poisson (log link)","poisson","log","Poisson with a log link was specified for species-richness count metrics",NA,"sharks_rays"
"2018-06-26","No-take",1.0000000206505641,0.28867511367920556,Inf,0.5679097329745202,1.7608432876532416,"2018-06-26","Pre-bloom","The Pages - The Pages Sanctuary Zone","Shark and ray richness","Poisson (log link)","poisson","log","Poisson with a log link was specified for species-richness count metrics",NA,"sharks_rays"
"2019-06-06","No-take",1.1666665722693839,0.31180474383874013,Inf,0.6909610754304631,1.9698807056574534,"2019-06-06","Pre-bloom","The Pages - The Pages Sanctuary Zone","Shark and ray richness","Poisson (log link)","poisson","log","Poisson with a log link was specified for species-richness count metrics",NA,"sharks_rays"
"2021-05-20","No-take",0.5454544839751665,0.2226808546504338,Inf,0.24505126610176492,1.2141157188106948,"2021-05-20","Pre-bloom","The Pages - The Pages Sanctuary Zone","Shark and ray richness","Poisson (log link)","poisson","log","Poisson with a log link was specified for species-richness count metrics",NA,"sharks_rays"
"2025-04-09","No-take",1.3750000338243165,0.4145780697401315,Inf,0.7614752836449503,2.4828449900133656,"2025-04-09","Bloom","The Pages - The Pages Sanctuary Zone","Shark and ray richness","Poisson (log link)","poisson","log","Poisson with a log link was specified for species-richness count metrics",NA,"sharks_rays"
"2026-03-01","No-take",0.4999999957059636,0.20412412739368038,Inf,0.22463036000371947,1.112939478447277,"2026-03-01","Bloom","The Pages - The Pages Sanctuary Zone","Shark and ray richness","Poisson (log link)","poisson","log","Poisson with a log link was specified for species-richness count metrics",NA,"sharks_rays"
"2017-11-28","Not modelled by Status",0.1473248591081362,0.09507155291719957,Inf,0.04158908616353273,0.5218824483396272,"2017-11-28","Pre-bloom","Victor Harbor - Encounter Bay Sanctuary Zone","Shark and ray richness","Poisson (log link)","poisson","log","Poisson with a log link was specified for species-richness count metrics",NA,"sharks_rays"
"2018-11-27","Not modelled by Status",0.2608014172414667,0.29052386510335215,Inf,0.029383296697863763,2.3148314477627228,"2018-11-27","Pre-bloom","Victor Harbor - Encounter Bay Sanctuary Zone","Shark and ray richness","Poisson (log link)","poisson","log","Poisson with a log link was specified for species-richness count metrics",NA,"sharks_rays"
"2021-11-23","Not modelled by Status",1.0627217428744011,0.6854793371502542,Inf,0.30017567607088647,3.762388470514521,"2021-11-23","Pre-bloom","Victor Harbor - Encounter Bay Sanctuary Zone","Shark and ray richness","Poisson (log link)","poisson","log","Poisson with a log link was specified for species-richness count metrics",NA,"sharks_rays"
"2026-01-23","Not modelled by Status",0.3901438692725612,0.1620064018009963,Inf,0.17288813062773348,0.8804088411292507,"2026-01-23","Bloom","Victor Harbor - Encounter Bay Sanctuary Zone","Shark and ray richness","Poisson (log link)","poisson","log","Poisson with a log link was specified for species-richness count metrics",NA,"sharks_rays"
"2017-04-12","Not modelled by Status",0.75461135429878,0.3155410101188673,Inf,0.33250111276824296,1.7125906475794075,"2017-04-12","Pre-bloom","Windara Reef - Windara Shell fish Reef Sanctuary Zone","Shark and ray richness","Poisson (log link)","poisson","log","Poisson with a log link was specified for species-richness count metrics",NA,"sharks_rays"
"2017-11-23","Not modelled by Status",1.0564642014093724,0.404058075634544,Inf,0.49923152923885766,2.2356693107128174,"2017-11-23","Pre-bloom","Windara Reef - Windara Shell fish Reef Sanctuary Zone","Shark and ray richness","Poisson (log link)","poisson","log","Poisson with a log link was specified for species-richness count metrics",NA,"sharks_rays"
"2018-04-24","Not modelled by Status",0.6036898845389921,0.2698767912061873,Inf,0.2513553636397309,1.4499053110203677,"2018-04-24","Pre-bloom","Windara Reef - Windara Shell fish Reef Sanctuary Zone","Shark and ray richness","Poisson (log link)","poisson","log","Poisson with a log link was specified for species-richness count metrics",NA,"sharks_rays"
"2018-11-29","Not modelled by Status",0.9055381206983346,0.3601522134449833,Inf,0.4153032821283106,1.974458963665324,"2018-11-29","Pre-bloom","Windara Reef - Windara Shell fish Reef Sanctuary Zone","Shark and ray richness","Poisson (log link)","poisson","log","Poisson with a log link was specified for species-richness count metrics",NA,"sharks_rays"
"2019-10-22","Not modelled by Status",0.7546064675474571,0.31553953979827914,Inf,0.33249846462607435,1.7125821062206399,"2019-10-22","Pre-bloom","Windara Reef - Windara Shell fish Reef Sanctuary Zone","Shark and ray richness","Poisson (log link)","poisson","log","Poisson with a log link was specified for species-richness count metrics",NA,"sharks_rays"
"2020-10-28","Not modelled by Status",0.6791486182233337,0.29287067199780814,Inf,0.29167513565729575,1.5813581250086457,"2020-10-28","Pre-bloom","Windara Reef - Windara Shell fish Reef Sanctuary Zone","Shark and ray richness","Poisson (log link)","poisson","log","Poisson with a log link was specified for species-richness count metrics",NA,"sharks_rays"
"2014-09-03","Not modelled by Status",4.694469735663456,1.3367737715515706,Inf,2.6865977119386386,8.20295722025221,"2014-09-03","Pre-bloom","Aldinga - Aldinga Reef Sanctuary Zone","Reef associated species richness","Poisson (log link)","poisson","log","Poisson with a log link was specified for species-richness count metrics",NA,"reef_associated_richness"
"2015-12-10","Not modelled by Status",2.977901107906627,0.8702587406350824,Inf,1.6794072065626824,5.280372130009988,"2015-12-10","Pre-bloom","Aldinga - Aldinga Reef Sanctuary Zone","Reef associated species richness","Poisson (log link)","poisson","log","Poisson with a log link was specified for species-richness count metrics",NA,"reef_associated_richness"
"2016-02-12","Not modelled by Status",6.580410578150844,1.8598065521287317,Inf,3.781636888449156,11.45054500322413,"2016-02-12","Pre-bloom","Aldinga - Aldinga Reef Sanctuary Zone","Reef associated species richness","Poisson (log link)","poisson","log","Poisson with a log link was specified for species-richness count metrics",NA,"reef_associated_richness"
"2016-11-19","Not modelled by Status",3.8467987541779207,1.1135944900901535,Inf,2.1811649656777177,6.784383981954756,"2016-11-19","Pre-bloom","Aldinga - Aldinga Reef Sanctuary Zone","Reef associated species richness","Poisson (log link)","poisson","log","Poisson with a log link was specified for species-richness count metrics",NA,"reef_associated_richness"
"2019-12-07","Not modelled by Status",6.743616230657046,1.8939404635210033,Inf,3.888959481173438,11.693708840766657,"2019-12-07","Pre-bloom","Aldinga - Aldinga Reef Sanctuary Zone","Reef associated species richness","Poisson (log link)","poisson","log","Poisson with a log link was specified for species-richness count metrics",NA,"reef_associated_richness"
"2020-11-26","Not modelled by Status",4.58835534645733,1.3127425245841169,Inf,2.618940759366592,8.03874799766581,"2020-11-26","Pre-bloom","Aldinga - Aldinga Reef Sanctuary Zone","Reef associated species richness","Poisson (log link)","poisson","log","Poisson with a log link was specified for species-richness count metrics",NA,"reef_associated_richness"
"2021-11-22","Not modelled by Status",4.727388456808178,1.3900440422399811,Inf,2.6566448194449888,8.412190240105966,"2021-11-22","Pre-bloom","Aldinga - Aldinga Reef Sanctuary Zone","Reef associated species richness","Poisson (log link)","poisson","log","Poisson with a log link was specified for species-richness count metrics",NA,"reef_associated_richness"
"2025-02-06","Not modelled by Status",2.937862587416565,0.844428953383085,Inf,1.6725182949141462,5.160503540551708,"2025-02-06","Pre-bloom","Aldinga - Aldinga Reef Sanctuary Zone","Reef associated species richness","Poisson (log link)","poisson","log","Poisson with a log link was specified for species-richness count metrics",NA,"reef_associated_richness"
"2026-02-21","Not modelled by Status",2.4172227617150552,0.688574653907928,Inf,1.3830624531353672,4.224658016351687,"2026-02-21","Bloom","Aldinga - Aldinga Reef Sanctuary Zone","Reef associated species richness","Poisson (log link)","poisson","log","Poisson with a log link was specified for species-richness count metrics",NA,"reef_associated_richness"
"2016-05-24","Fished",0.8051558345368809,0.2910554108448447,Inf,0.39644184767862845,1.6352358402241618,"2016-05-24","Pre-bloom","Bay of Shoals - Bay of Shoals Sanctuary Zone","Reef associated species richness","Poisson (log link)","poisson","log","Poisson with a log link was specified for species-richness count metrics",NA,"reef_associated_richness"
"2017-04-05","Fished",0.16103135525781986,0.1173071715146616,Inf,0.03862176974265998,0.6714114228568814,"2017-04-05","Pre-bloom","Bay of Shoals - Bay of Shoals Sanctuary Zone","Reef associated species richness","Poisson (log link)","poisson","log","Poisson with a log link was specified for species-richness count metrics",NA,"reef_associated_richness"
"2018-03-28","Fished",0.08051501958124792,0.08174089270117535,Inf,0.011008178888041299,0.5888956242536324,"2018-03-28","Pre-bloom","Bay of Shoals - Bay of Shoals Sanctuary Zone","Reef associated species richness","Poisson (log link)","poisson","log","Poisson with a log link was specified for species-richness count metrics",NA,"reef_associated_richness"
"2026-03-24","Fished",0.08051580236621371,0.08174130187760545,Inf,0.011008389222213883,0.5888958229777634,"2026-03-24","Bloom","Bay of Shoals - Bay of Shoals Sanctuary Zone","Reef associated species richness","Poisson (log link)","poisson","log","Poisson with a log link was specified for species-richness count metrics",NA,"reef_associated_richness"
"2016-05-24","No-take",0.3391986826690731,0.1829852014916856,Inf,0.11783173213321371,0.9764411015732097,"2016-05-24","Pre-bloom","Bay of Shoals - Bay of Shoals Sanctuary Zone","Reef associated species richness","Poisson (log link)","poisson","log","Poisson with a log link was specified for species-richness count metrics",NA,"reef_associated_richness"
"2017-04-05","No-take",0.5589194878242099,0.23522639774217524,Inf,0.24497020650363888,1.2752203556845052,"2017-04-05","Pre-bloom","Bay of Shoals - Bay of Shoals Sanctuary Zone","Reef associated species richness","Poisson (log link)","poisson","log","Poisson with a log link was specified for species-richness count metrics",NA,"reef_associated_richness"
"2018-03-28","No-take",0.31938225085718985,0.17028368128291096,Inf,0.11232573201031774,0.9081180272498485,"2018-03-28","Pre-bloom","Bay of Shoals - Bay of Shoals Sanctuary Zone","Reef associated species richness","Poisson (log link)","poisson","log","Poisson with a log link was specified for species-richness count metrics",NA,"reef_associated_richness"
"2026-03-24","No-take",0.39922876769471,0.19323048512049476,Inf,0.15460810645342818,1.0308877885587908,"2026-03-24","Bloom","Bay of Shoals - Bay of Shoals Sanctuary Zone","Reef associated species richness","Poisson (log link)","poisson","log","Poisson with a log link was specified for species-richness count metrics",NA,"reef_associated_richness"
"2021-10-11","Not modelled by Status",0.20833333102515544,0.09316949088001986,Inf,0.08671413263563994,0.5005271401192362,"2021-10-11","Pre-bloom","Boston Bay","Reef associated species richness","Poisson (log link)","poisson","log","Poisson with a log link was specified for species-richness count metrics",NA,"reef_associated_richness"
"2024-03-25","Not modelled by Status",0.7391304298823528,0.1792654473208637,Inf,0.45948823896030994,1.188961427204803,"2024-03-25","Pre-bloom","Boston Bay","Reef associated species richness","Poisson (log link)","poisson","log","Poisson with a log link was specified for species-richness count metrics",NA,"reef_associated_richness"
"2024-11-14","Not modelled by Status",0.4166666611146628,0.13176155764139957,Inf,0.2241894698757448,0.774394562691387,"2024-11-14","Pre-bloom","Boston Bay","Reef associated species richness","Poisson (log link)","poisson","log","Poisson with a log link was specified for species-richness count metrics",NA,"reef_associated_richness"
"2025-11-11","Not modelled by Status",0.2727272708941717,0.11134043335112408,Inf,0.12252565112270433,0.6070578985529674,"2025-11-11","Bloom","Boston Bay","Reef associated species richness","Poisson (log link)","poisson","log","Poisson with a log link was specified for species-richness count metrics",NA,"reef_associated_richness"
"2017-01-12","Fished",2.7463496333737583,0.4868246139251804,Inf,1.9403039618724958,3.887244708531816,"2017-01-12","Pre-bloom","Cape Elizabeth - Cape Elizabeth Sanctuary Zone","Reef associated species richness","Poisson (log link)","poisson","log","Poisson with a log link was specified for species-richness count metrics",NA,"reef_associated_richness"
"2026-03-10","Fished",1.6644547782574317,0.3763247291506327,Inf,1.0686110883792737,2.59253318535725,"2026-03-10","Bloom","Cape Elizabeth - Cape Elizabeth Sanctuary Zone","Reef associated species richness","Poisson (log link)","poisson","log","Poisson with a log link was specified for species-richness count metrics",NA,"reef_associated_richness"
"2017-01-12","No-take",2.9125492267970583,0.5023059231643812,Inf,2.077173678652911,4.083887200042656,"2017-01-12","Pre-bloom","Cape Elizabeth - Cape Elizabeth Sanctuary Zone","Reef associated species richness","Poisson (log link)","poisson","log","Poisson with a log link was specified for species-richness count metrics",NA,"reef_associated_richness"
"2026-03-10","No-take",2.3300397871091243,0.44750238381870483,Inf,1.5991286944757037,3.3950271971647243,"2026-03-10","Bloom","Cape Elizabeth - Cape Elizabeth Sanctuary Zone","Reef associated species richness","Poisson (log link)","poisson","log","Poisson with a log link was specified for species-richness count metrics",NA,"reef_associated_richness"
"2015-12-10","Not modelled by Status",5.219922226630457,0.6467543786377983,Inf,4.094484018587032,6.65470616770744,"2015-12-10","Pre-bloom","Carrickalinga - Carrickalinga Cliffs Sanctuary Zone","Reef associated species richness","Poisson (log link)","poisson","log","Poisson with a log link was specified for species-richness count metrics",NA,"reef_associated_richness"
"2016-12-06","Not modelled by Status",4.221053443119641,0.5238392667493794,Inf,3.3096755496685266,5.383395412114226,"2016-12-06","Pre-bloom","Carrickalinga - Carrickalinga Cliffs Sanctuary Zone","Reef associated species richness","Poisson (log link)","poisson","log","Poisson with a log link was specified for species-richness count metrics",NA,"reef_associated_richness"
"2017-12-05","Not modelled by Status",6.516001580510486,0.7132493662535064,Inf,5.257843277445855,8.075226734000422,"2017-12-05","Pre-bloom","Carrickalinga - Carrickalinga Cliffs Sanctuary Zone","Reef associated species richness","Poisson (log link)","poisson","log","Poisson with a log link was specified for species-richness count metrics",NA,"reef_associated_richness"
"2018-12-11","Not modelled by Status",6.761755245805624,0.7400906589498188,Inf,5.456238612712457,8.37964342278837,"2018-12-11","Pre-bloom","Carrickalinga - Carrickalinga Cliffs Sanctuary Zone","Reef associated species richness","Poisson (log link)","poisson","log","Poisson with a log link was specified for species-richness count metrics",NA,"reef_associated_richness"
"2020-12-04","Not modelled by Status",6.9258129164301545,0.7462416838697874,Inf,5.6073232273779166,8.55432843949339,"2020-12-04","Pre-bloom","Carrickalinga - Carrickalinga Cliffs Sanctuary Zone","Reef associated species richness","Poisson (log link)","poisson","log","Poisson with a log link was specified for species-richness count metrics",NA,"reef_associated_richness"
"2025-02-06","Not modelled by Status",9.811306195941732,2.1339325490260386,Inf,6.406086480460937,15.026604708526866,"2025-02-06","Pre-bloom","Carrickalinga - Carrickalinga Cliffs Sanctuary Zone","Reef associated species richness","Poisson (log link)","poisson","log","Poisson with a log link was specified for species-richness count metrics",NA,"reef_associated_richness"
"2025-02-20","Not modelled by Status",9.86274029176148,0.9893214383219018,Inf,8.102414130114179,12.005513974063499,"2025-02-20","Pre-bloom","Carrickalinga - Carrickalinga Cliffs Sanctuary Zone","Reef associated species richness","Poisson (log link)","poisson","log","Poisson with a log link was specified for species-richness count metrics",NA,"reef_associated_richness"
"2025-12-17","Not modelled by Status",6.311095924959605,0.6966819062766108,Inf,5.083240284126468,7.83553984225759,"2025-12-17","Bloom","Carrickalinga - Carrickalinga Cliffs Sanctuary Zone","Reef associated species richness","Poisson (log link)","poisson","log","Poisson with a log link was specified for species-richness count metrics",NA,"reef_associated_richness"
"2015-11-15","Fished",7.506844246598045,1.425057467314961,Inf,5.174519750327401,10.890423316891702,"2015-11-15","Pre-bloom","Chinamans Hat - Chinamans Hat Sanctuary Zone","Reef associated species richness","Poisson (log link)","poisson","log","Poisson with a log link was specified for species-richness count metrics",NA,"reef_associated_richness"
"2025-12-04","Fished",5.745940121061639,1.1600039037944332,Inf,3.8682855605467656,8.535002744254276,"2025-12-04","Bloom","Chinamans Hat - Chinamans Hat Sanctuary Zone","Reef associated species richness","Poisson (log link)","poisson","log","Poisson with a log link was specified for species-richness count metrics",NA,"reef_associated_richness"
"2015-11-15","No-take",6.399921943860274,1.2478000153037334,Inf,4.367319353264197,9.378522057676165,"2015-11-15","Pre-bloom","Chinamans Hat - Chinamans Hat Sanctuary Zone","Reef associated species richness","Poisson (log link)","poisson","log","Poisson with a log link was specified for species-richness count metrics",NA,"reef_associated_richness"
"2025-12-04","No-take",4.933989274112935,1.0262442001717895,Inf,3.282106665667969,7.417263555664177,"2025-12-04","Bloom","Chinamans Hat - Chinamans Hat Sanctuary Zone","Reef associated species richness","Poisson (log link)","poisson","log","Poisson with a log link was specified for species-richness count metrics",NA,"reef_associated_richness"
"2017-01-12","Fished",0.3750000000057216,0.21650633290559848,Inf,0.1209455429731136,1.1627133712199083,"2017-01-12","Pre-bloom","Cuttlefish Coast - Fairway Bank Sanctuary Zone","Reef associated species richness","Poisson (log link)","poisson","log","Poisson with a log link was specified for species-richness count metrics",NA,"reef_associated_richness"
"2026-02-16","Fished",0.625000000006205,0.2795084738965264,Inf,0.2601424022952339,1.5015814283303135,"2026-02-16","Bloom","Cuttlefish Coast - Fairway Bank Sanctuary Zone","Reef associated species richness","Poisson (log link)","poisson","log","Poisson with a log link was specified for species-richness count metrics",NA,"reef_associated_richness"
"2017-01-12","No-take",3.31149567020819e-10,6.433791792852032e-6,Inf,2.220446049250313e-16,NA,"2017-01-12","Pre-bloom","Cuttlefish Coast - Fairway Bank Sanctuary Zone","Reef associated species richness","Poisson (log link)","poisson","log","Poisson with a log link was specified for species-richness count metrics",NA,"reef_associated_richness"
"2026-02-16","No-take",0.5000000000014989,0.20412410830777447,Inf,0.22463038028348595,1.11293939709311,"2026-02-16","Bloom","Cuttlefish Coast - Fairway Bank Sanctuary Zone","Reef associated species richness","Poisson (log link)","poisson","log","Poisson with a log link was specified for species-richness count metrics",NA,"reef_associated_richness"
"2016-01-19","Not modelled by Status",7.166664933797673,1.0929061975114323,Inf,5.315083319137429,9.663270204701224,"2016-01-19","Pre-bloom","Dangerous Reef - Dangerous Reef Sanctuary Zone","Reef associated species richness","Poisson (log link)","poisson","log","Poisson with a log link was specified for species-richness count metrics",NA,"reef_associated_richness"
"2019-02-16","Not modelled by Status",6.000000746395626,0.7385489302676759,Inf,4.7138488484899375,7.6370732524188885,"2019-02-16","Pre-bloom","Dangerous Reef - Dangerous Reef Sanctuary Zone","Reef associated species richness","Poisson (log link)","poisson","log","Poisson with a log link was specified for species-richness count metrics",NA,"reef_associated_richness"
"2020-04-10","Not modelled by Status",5.0000027385089805,0.6454973473464374,Inf,3.882224399249225,6.439614204148531,"2020-04-10","Pre-bloom","Dangerous Reef - Dangerous Reef Sanctuary Zone","Reef associated species richness","Poisson (log link)","poisson","log","Poisson with a log link was specified for species-richness count metrics",NA,"reef_associated_richness"
"2022-03-16","Not modelled by Status",10.08333389984263,0.9166666160281239,Inf,8.437663449434853,12.049973685846123,"2022-03-16","Pre-bloom","Dangerous Reef - Dangerous Reef Sanctuary Zone","Reef associated species richness","Poisson (log link)","poisson","log","Poisson with a log link was specified for species-richness count metrics",NA,"reef_associated_richness"
"2025-11-10","Not modelled by Status",15.583329596249111,1.1395659626595431,Inf,13.502501446242182,17.984827646355647,"2025-11-10","Bloom","Dangerous Reef - Dangerous Reef Sanctuary Zone","Reef associated species richness","Poisson (log link)","poisson","log","Poisson with a log link was specified for species-richness count metrics",NA,"reef_associated_richness"
"2026-04-08","Not modelled by Status",15.24999947156905,1.1273123247317858,Inf,13.1931106276789,17.627570210390306,"2026-04-08","Bloom","Dangerous Reef - Dangerous Reef Sanctuary Zone","Reef associated species richness","Poisson (log link)","poisson","log","Poisson with a log link was specified for species-richness count metrics",NA,"reef_associated_richness"
"2020-10-13","Not modelled by Status",0.8516689389896924,0.5927129184373701,Inf,0.21771240272430645,3.331642903956835,"2020-10-13","Pre-bloom","Glenelg","Reef associated species richness","Poisson (log link)","poisson","log","Poisson with a log link was specified for species-richness count metrics",NA,"reef_associated_richness"
"2021-10-25","Not modelled by Status",0.7317850325552411,0.5087702433132638,Inf,0.1873223030984833,2.8587590746753477,"2021-10-25","Pre-bloom","Glenelg","Reef associated species richness","Poisson (log link)","poisson","log","Poisson with a log link was specified for species-richness count metrics",NA,"reef_associated_richness"
"2022-12-02","Not modelled by Status",0.5615022975453756,0.39528333262492243,Inf,0.1412951666963715,2.231391473044861,"2022-12-02","Pre-bloom","Glenelg","Reef associated species richness","Poisson (log link)","poisson","log","Poisson with a log link was specified for species-richness count metrics",NA,"reef_associated_richness"
"2023-11-23","Not modelled by Status",1.0569442715552462,0.7230663307829426,Inf,0.2765263062062818,4.039873126356729,"2023-11-23","Pre-bloom","Glenelg","Reef associated species richness","Poisson (log link)","poisson","log","Poisson with a log link was specified for species-richness count metrics",NA,"reef_associated_richness"
"2025-10-21","Not modelled by Status",0.1092004303965456,0.09558912246001587,Inf,0.019639072861023798,0.6071943458419021,"2025-10-21","Bloom","Glenelg","Reef associated species richness","Poisson (log link)","poisson","log","Poisson with a log link was specified for species-richness count metrics",NA,"reef_associated_richness"
"2026-03-20","Not modelled by Status",0.43794554658806484,0.31157193647613357,Inf,0.10860288753997423,1.766033170211272,"2026-03-20","Bloom","Glenelg","Reef associated species richness","Poisson (log link)","poisson","log","Poisson with a log link was specified for species-richness count metrics",NA,"reef_associated_richness"
"2015-01-07","Not modelled by Status",1.3071165385762153,0.2969017273657773,Inf,0.8374719258231298,2.0401324423384977,"2015-01-07","Pre-bloom","Middle/Long Spit - Middle Spit Sanctuary Zone","Reef associated species richness","Poisson (log link)","poisson","log","Poisson with a log link was specified for species-richness count metrics",NA,"reef_associated_richness"
"2016-01-10","Not modelled by Status",1.2379762347018173,0.29528449612678986,Inf,0.7756790505204149,1.9757980528908887,"2016-01-10","Pre-bloom","Middle/Long Spit - Middle Spit Sanctuary Zone","Reef associated species richness","Poisson (log link)","poisson","log","Poisson with a log link was specified for species-richness count metrics",NA,"reef_associated_richness"
"2016-03-11","Not modelled by Status",1.2764080452284112,0.5581930711020666,Inf,0.5416838306458718,3.0076908442720756,"2016-03-11","Pre-bloom","Middle/Long Spit - Middle Spit Sanctuary Zone","Reef associated species richness","Poisson (log link)","poisson","log","Poisson with a log link was specified for species-richness count metrics",NA,"reef_associated_richness"
"2026-01-26","Not modelled by Status",0.4412916939748173,0.1455477193587467,Inf,0.23119622468827122,0.8423076952650735,"2026-01-26","Bloom","Middle/Long Spit - Middle Spit Sanctuary Zone","Reef associated species richness","Poisson (log link)","poisson","log","Poisson with a log link was specified for species-richness count metrics",NA,"reef_associated_richness"
"2015-04-28","Not modelled by Status",3.623750219647269,3.3078479151831526,Inf,0.6055648343507974,21.684822019877473,"2015-04-28","Pre-bloom","O'Sullivan","Reef associated species richness","Poisson (log link)","poisson","log","Poisson with a log link was specified for species-richness count metrics",NA,"reef_associated_richness"
"2015-10-09","Not modelled by Status",3.4661940200171872,3.1677767794898353,Inf,0.578008679421807,20.786021753896918,"2015-10-09","Pre-bloom","O'Sullivan","Reef associated species richness","Poisson (log link)","poisson","log","Poisson with a log link was specified for species-richness count metrics",NA,"reef_associated_richness"
"2021-10-12","Not modelled by Status",0.7485127754709326,0.5759107835072316,Inf,0.16568340162360132,3.381578175923864,"2021-10-12","Pre-bloom","O'Sullivan","Reef associated species richness","Poisson (log link)","poisson","log","Poisson with a log link was specified for species-richness count metrics",NA,"reef_associated_richness"
"2022-12-01","Not modelled by Status",0.7268059732701782,0.5537782798650454,Inf,0.16325217541756623,3.2357726408855596,"2022-12-01","Pre-bloom","O'Sullivan","Reef associated species richness","Poisson (log link)","poisson","log","Poisson with a log link was specified for species-richness count metrics",NA,"reef_associated_richness"
"2023-12-01","Not modelled by Status",0.8415637389267941,0.6372403019349184,Inf,0.19078704115761053,3.712146917207924,"2023-12-01","Pre-bloom","O'Sullivan","Reef associated species richness","Poisson (log link)","poisson","log","Poisson with a log link was specified for species-richness count metrics",NA,"reef_associated_richness"
"2024-12-19","Not modelled by Status",0.6502989973266863,0.498120397505041,Inf,0.14491188449807635,2.91824778477508,"2024-12-19","Pre-bloom","O'Sullivan","Reef associated species richness","Poisson (log link)","poisson","log","Poisson with a log link was specified for species-richness count metrics",NA,"reef_associated_richness"
"2025-02-04","Not modelled by Status",0.7600068632647731,0.5774712741532871,Inf,0.17141718356611407,3.3696180289112054,"2025-02-04","Pre-bloom","O'Sullivan","Reef associated species richness","Poisson (log link)","poisson","log","Poisson with a log link was specified for species-richness count metrics",NA,"reef_associated_richness"
"2025-11-13","Not modelled by Status",0.4032163842083801,0.3062622796256756,Inf,0.09099333217301298,1.786762267205985,"2025-11-13","Bloom","O'Sullivan","Reef associated species richness","Poisson (log link)","poisson","log","Poisson with a log link was specified for species-richness count metrics",NA,"reef_associated_richness"
"2026-03-06","Not modelled by Status",0.33139912081829925,0.25377640182807015,Inf,0.07387958411371356,1.4865456891324853,"2026-03-06","Bloom","O'Sullivan","Reef associated species richness","Poisson (log link)","poisson","log","Poisson with a log link was specified for species-richness count metrics",NA,"reef_associated_richness"
"2014-09-03","Fished",0.46602464317424935,0.35647074972435583,Inf,0.10406610415534819,2.0869328184082416,"2014-09-03","Pre-bloom","Offshore Ardrossan - Offshore Ardrossan Sanctuary Zone","Reef associated species richness","Poisson (log link)","poisson","log","Poisson with a log link was specified for species-richness count metrics",NA,"reef_associated_richness"
"2016-03-11","Fished",7.492838149853635e-10,9.15449719421798e-6,Inf,2.220446049250313e-16,NA,"2016-03-11","Pre-bloom","Offshore Ardrossan - Offshore Ardrossan Sanctuary Zone","Reef associated species richness","Poisson (log link)","poisson","log","Poisson with a log link was specified for species-richness count metrics",NA,"reef_associated_richness"
"2016-11-03","Fished",0.879696997830771,0.5629796412693148,Inf,0.25095144640413913,3.083731212077635,"2016-11-03","Pre-bloom","Offshore Ardrossan - Offshore Ardrossan Sanctuary Zone","Reef associated species richness","Poisson (log link)","poisson","log","Poisson with a log link was specified for species-richness count metrics",NA,"reef_associated_richness"
"2025-10-13","Fished",0.27375307636222107,0.2398590614413081,Inf,0.049152627514185344,1.5246539322064174,"2025-10-13","Bloom","Offshore Ardrossan - Offshore Ardrossan Sanctuary Zone","Reef associated species richness","Poisson (log link)","poisson","log","Poisson with a log link was specified for species-richness count metrics",NA,"reef_associated_richness"
"2014-09-03","No-take",0.9559021131861366,0.5368508497267708,Inf,0.31795392386219157,2.8738404574298033,"2014-09-03","Pre-bloom","Offshore Ardrossan - Offshore Ardrossan Sanctuary Zone","Reef associated species richness","Poisson (log link)","poisson","log","Poisson with a log link was specified for species-richness count metrics",NA,"reef_associated_richness"
"2016-03-11","No-take",0.47795062321728865,0.29726923807154304,Inf,0.14124212914452494,1.6173417918392352,"2016-03-11","Pre-bloom","Offshore Ardrossan - Offshore Ardrossan Sanctuary Zone","Reef associated species richness","Poisson (log link)","poisson","log","Poisson with a log link was specified for species-richness count metrics",NA,"reef_associated_richness"
"2016-11-03","No-take",0.36057458391572356,0.3217463467611372,Inf,0.06272701868713085,2.07269583804835,"2016-11-03","Pre-bloom","Offshore Ardrossan - Offshore Ardrossan Sanctuary Zone","Reef associated species richness","Poisson (log link)","poisson","log","Poisson with a log link was specified for species-richness count metrics",NA,"reef_associated_richness"
"2025-10-13","No-take",0.13655642009678287,0.1523073603800501,Inf,0.01534368715639217,1.2153308184389333,"2025-10-13","Bloom","Offshore Ardrossan - Offshore Ardrossan Sanctuary Zone","Reef associated species richness","Poisson (log link)","poisson","log","Poisson with a log link was specified for species-richness count metrics",NA,"reef_associated_richness"
"2017-02-03","No-take",7.499999976992593,0.7905693479487735,Inf,6.100097107242981,9.221164625084441,"2017-02-03","Pre-bloom","Orcades Bank - Orcades Bank Sanctuary Zone","Reef associated species richness","Poisson (log link)","poisson","log","Poisson with a log link was specified for species-richness count metrics","overall","reef_associated_richness"
"2017-02-03","Fished",2.083333333332776,0.41666663236261803,Inf,1.4077270894660792,3.083181257399565,"2017-02-03","Pre-bloom","Port Gibbon - Port Gibbon Sanctuary Zone","Reef associated species richness","Poisson (log link)","poisson","log","Poisson with a log link was specified for species-richness count metrics",NA,"reef_associated_richness"
"2025-11-14","Fished",0.9999999999993331,0.28867511063788936,Inf,0.5679097179960836,1.7608432613677556,"2025-11-14","Bloom","Port Gibbon - Port Gibbon Sanctuary Zone","Reef associated species richness","Poisson (log link)","poisson","log","Poisson with a log link was specified for species-richness count metrics",NA,"reef_associated_richness"
"2017-02-03","No-take",2.2500000000000333,0.4330126662837243,Inf,1.5430099202283214,3.280925115018732,"2017-02-03","Pre-bloom","Port Gibbon - Port Gibbon Sanctuary Zone","Reef associated species richness","Poisson (log link)","poisson","log","Poisson with a log link was specified for species-richness count metrics",NA,"reef_associated_richness"
"2025-11-14","No-take",1.333333333332361,0.3333333057404544,Inf,0.816842580083675,2.1764019422115264,"2025-11-14","Bloom","Port Gibbon - Port Gibbon Sanctuary Zone","Reef associated species richness","Poisson (log link)","poisson","log","Poisson with a log link was specified for species-richness count metrics",NA,"reef_associated_richness"
"2015-04-28","Not modelled by Status",0.7999999900966983,0.399999964190858,Inf,0.30025430491271926,2.131526421713615,"2015-04-28","Pre-bloom","Port Noarlunga - Port Noarlunga Reef Sanctuary Zone","Reef associated species richness","Poisson (log link)","poisson","log","Poisson with a log link was specified for species-richness count metrics",NA,"reef_associated_richness"
"2015-10-09","Not modelled by Status",7.000000025492539,1.0801233616911896,Inf,5.1731468056632925,9.471991071904798,"2015-10-09","Pre-bloom","Port Noarlunga - Port Noarlunga Reef Sanctuary Zone","Reef associated species richness","Poisson (log link)","poisson","log","Poisson with a log link was specified for species-richness count metrics",NA,"reef_associated_richness"
"2021-10-12","Not modelled by Status",6.250000074560119,1.249999903289384,Inf,4.223181330316628,9.249543857278047,"2021-10-12","Pre-bloom","Port Noarlunga - Port Noarlunga Reef Sanctuary Zone","Reef associated species richness","Poisson (log link)","poisson","log","Poisson with a log link was specified for species-richness count metrics",NA,"reef_associated_richness"
"2022-12-01","Not modelled by Status",9.749999599699937,1.5612493374460354,Inf,7.123661503118579,13.34461107571334,"2022-12-01","Pre-bloom","Port Noarlunga - Port Noarlunga Reef Sanctuary Zone","Reef associated species richness","Poisson (log link)","poisson","log","Poisson with a log link was specified for species-richness count metrics",NA,"reef_associated_richness"
"2023-12-01","Not modelled by Status",6.750000340074597,1.2990380301472804,Inf,4.629030039804984,9.8427757433448555,"2023-12-01","Pre-bloom","Port Noarlunga - Port Noarlunga Reef Sanctuary Zone","Reef associated species richness","Poisson (log link)","poisson","log","Poisson with a log link was specified for species-richness count metrics",NA,"reef_associated_richness"
"2024-12-19","Not modelled by Status",7.2500002943755275,1.3462911169248466,Inf,5.038182350356154,10.432830853120977,"2024-12-19","Pre-bloom","Port Noarlunga - Port Noarlunga Reef Sanctuary Zone","Reef associated species richness","Poisson (log link)","poisson","log","Poisson with a log link was specified for species-richness count metrics",NA,"reef_associated_richness"
"2025-02-04","Not modelled by Status",3.5000002318536336,0.9354142997250071,Inf,2.0728836119371734,5.909642756800747,"2025-02-04","Pre-bloom","Port Noarlunga - Port Noarlunga Reef Sanctuary Zone","Reef associated species richness","Poisson (log link)","poisson","log","Poisson with a log link was specified for species-richness count metrics",NA,"reef_associated_richness"
"2025-11-13","Not modelled by Status",4.3333336750652265,0.8498365482886352,Inf,2.9504468491968563,6.364385362361576,"2025-11-13","Bloom","Port Noarlunga - Port Noarlunga Reef Sanctuary Zone","Reef associated species richness","Poisson (log link)","poisson","log","Poisson with a log link was specified for species-richness count metrics",NA,"reef_associated_richness"
"2015-12-10","Fished",6.576922742006541,0.901221976774649,Inf,5.027873841973306,8.603221583090887,"2015-12-10","Pre-bloom","Rapid Head - Rapid Head Sanctuary Zone","Reef associated species richness","Poisson (log link)","poisson","log","Poisson with a log link was specified for species-richness count metrics",NA,"reef_associated_richness"
"2016-12-06","Fished",5.014931583528017,0.7550761604677285,Inf,3.733389874164486,6.736381582192823,"2016-12-06","Pre-bloom","Rapid Head - Rapid Head Sanctuary Zone","Reef associated species richness","Poisson (log link)","poisson","log","Poisson with a log link was specified for species-richness count metrics",NA,"reef_associated_richness"
"2017-12-05","Fished",5.173071994421558,0.8260620367227014,Inf,3.78289597034762,7.074123652681236,"2017-12-05","Pre-bloom","Rapid Head - Rapid Head Sanctuary Zone","Reef associated species richness","Poisson (log link)","poisson","log","Poisson with a log link was specified for species-richness count metrics",NA,"reef_associated_richness"
"2018-12-11","Fished",5.340690913044866,0.8100238330622196,Inf,3.9673042571610004,7.189511461641973,"2018-12-11","Pre-bloom","Rapid Head - Rapid Head Sanctuary Zone","Reef associated species richness","Poisson (log link)","poisson","log","Poisson with a log link was specified for species-richness count metrics",NA,"reef_associated_richness"
"2021-01-21","Fished",6.330274051602582,0.87860210146636,Inf,4.822598513219236,8.309289993465244,"2021-01-21","Pre-bloom","Rapid Head - Rapid Head Sanctuary Zone","Reef associated species richness","Poisson (log link)","poisson","log","Poisson with a log link was specified for species-richness count metrics",NA,"reef_associated_richness"
"2025-02-27","Fished",7.6456960998398404,0.9977355588652373,Inf,5.920226510832747,9.874059505010992,"2025-02-27","Pre-bloom","Rapid Head - Rapid Head Sanctuary Zone","Reef associated species richness","Poisson (log link)","poisson","log","Poisson with a log link was specified for species-richness count metrics",NA,"reef_associated_richness"
"2025-12-10","Fished",6.165875389224251,0.8634418092632484,Inf,4.685934990991277,8.113219536449193,"2025-12-10","Bloom","Rapid Head - Rapid Head Sanctuary Zone","Reef associated species richness","Poisson (log link)","poisson","log","Poisson with a log link was specified for species-richness count metrics",NA,"reef_associated_richness"
"2015-12-10","No-take",4.476540211769337,0.7177770011832199,Inf,3.269333390372166,6.129510170667137,"2015-12-10","Pre-bloom","Rapid Head - Rapid Head Sanctuary Zone","Reef associated species richness","Poisson (log link)","poisson","log","Poisson with a log link was specified for species-richness count metrics",NA,"reef_associated_richness"
"2016-12-06","No-take",6.465776926476142,0.8925018467157324,Inf,4.933161484480557,8.474539378950274,"2016-12-06","Pre-bloom","Rapid Head - Rapid Head Sanctuary Zone","Reef associated species richness","Poisson (log link)","poisson","log","Poisson with a log link was specified for species-richness count metrics",NA,"reef_associated_richness"
"2017-12-05","No-take",7.294599284496644,0.9676533669285484,Inf,5.624535528034775,9.460546289761112,"2017-12-05","Pre-bloom","Rapid Head - Rapid Head Sanctuary Zone","Reef associated species richness","Poisson (log link)","poisson","log","Poisson with a log link was specified for species-richness count metrics",NA,"reef_associated_richness"
"2018-12-11","No-take",6.631474909028976,0.9076464801233374,Inf,5.071151947944686,8.671887555430937,"2018-12-11","Pre-bloom","Rapid Head - Rapid Head Sanctuary Zone","Reef associated species richness","Poisson (log link)","poisson","log","Poisson with a log link was specified for species-richness count metrics",NA,"reef_associated_richness"
"2021-01-21","No-take",9.864362932326664,1.1934073421169908,Inf,7.781964361316561,12.503996618688964,"2021-01-21","Pre-bloom","Rapid Head - Rapid Head Sanctuary Zone","Reef associated species richness","Poisson (log link)","poisson","log","Poisson with a log link was specified for species-richness count metrics",NA,"reef_associated_richness"
"2025-02-27","No-take",9.935715439685449,1.2288272571148326,Inf,7.796944181140268,12.661170710595838,"2025-02-27","Pre-bloom","Rapid Head - Rapid Head Sanctuary Zone","Reef associated species richness","Poisson (log link)","poisson","log","Poisson with a log link was specified for species-richness count metrics",NA,"reef_associated_richness"
"2025-12-10","No-take",6.382787542071148,0.8848919697071997,Inf,4.864096322361547,8.375651736156234,"2025-12-10","Bloom","Rapid Head - Rapid Head Sanctuary Zone","Reef associated species richness","Poisson (log link)","poisson","log","Poisson with a log link was specified for species-richness count metrics",NA,"reef_associated_richness"
"2016-01-20","Fished",10.812010899972321,1.0506570354976499,Inf,8.93698388104928,13.08042861630352,"2016-01-20","Pre-bloom","Sponge Gardens - Sponge Gardens Sanctuary Zone","Reef associated species richness","Poisson (log link)","poisson","log","Poisson with a log link was specified for species-richness count metrics",NA,"reef_associated_richness"
"2016-12-06","Fished",7.817969452230989,0.8701824918046822,Inf,6.285656023543602,9.723829322998736,"2016-12-06","Pre-bloom","Sponge Gardens - Sponge Gardens Sanctuary Zone","Reef associated species richness","Poisson (log link)","poisson","log","Poisson with a log link was specified for species-richness count metrics",NA,"reef_associated_richness"
"2017-12-05","Fished",12.352007553694614,1.875108999453897,Inf,9.173182574961618,16.63240531404851,"2017-12-05","Pre-bloom","Sponge Gardens - Sponge Gardens Sanctuary Zone","Reef associated species richness","Poisson (log link)","poisson","log","Poisson with a log link was specified for species-richness count metrics",NA,"reef_associated_richness"
"2018-01-17","Fished",7.806680256587961,1.0657356050151463,Inf,5.973981705577137,10.201614205096153,"2018-01-17","Pre-bloom","Sponge Gardens - Sponge Gardens Sanctuary Zone","Reef associated species richness","Poisson (log link)","poisson","log","Poisson with a log link was specified for species-richness count metrics",NA,"reef_associated_richness"
"2019-01-22","Fished",10.146663809264705,1.01199358403236,Inf,8.345019140598216,12.337273854456585,"2019-01-22","Pre-bloom","Sponge Gardens - Sponge Gardens Sanctuary Zone","Reef associated species richness","Poisson (log link)","poisson","log","Poisson with a log link was specified for species-richness count metrics",NA,"reef_associated_richness"
"2021-01-21","Fished",10.895209225968197,1.0554436796381383,Inf,9.011098699384764,13.173264219792332,"2021-01-21","Pre-bloom","Sponge Gardens - Sponge Gardens Sanctuary Zone","Reef associated species richness","Poisson (log link)","poisson","log","Poisson with a log link was specified for species-richness count metrics",NA,"reef_associated_richness"
"2025-04-02","Fished",8.233776641214467,0.8963730601761538,Inf,6.651700999420113,10.19214149633594,"2025-04-02","Bloom","Sponge Gardens - Sponge Gardens Sanctuary Zone","Reef associated species richness","Poisson (log link)","poisson","log","Poisson with a log link was specified for species-richness count metrics",NA,"reef_associated_richness"
"2026-01-27","Fished",10.396131367685616,1.0265723500707888,Inf,8.56681407874181,12.616072488647985,"2026-01-27","Bloom","Sponge Gardens - Sponge Gardens Sanctuary Zone","Reef associated species richness","Poisson (log link)","poisson","log","Poisson with a log link was specified for species-richness count metrics",NA,"reef_associated_richness"
"2016-01-20","No-take",14.969472630014959,1.3729674451751386,Inf,12.50651037844555,17.91747690122805,"2016-01-20","Pre-bloom","Sponge Gardens - Sponge Gardens Sanctuary Zone","Reef associated species richness","Poisson (log link)","poisson","log","Poisson with a log link was specified for species-richness count metrics",NA,"reef_associated_richness"
"2016-12-06","No-take",9.653124656588684,1.0211450319004016,Inf,7.84557011641278,11.877124830062224,"2016-12-06","Pre-bloom","Sponge Gardens - Sponge Gardens Sanctuary Zone","Reef associated species richness","Poisson (log link)","poisson","log","Poisson with a log link was specified for species-richness count metrics",NA,"reef_associated_richness"
"2017-12-05","No-take",13.205829057149773,1.9458169366472793,Inf,9.89338975230159,17.627317375835755,"2017-12-05","Pre-bloom","Sponge Gardens - Sponge Gardens Sanctuary Zone","Reef associated species richness","Poisson (log link)","poisson","log","Poisson with a log link was specified for species-richness count metrics",NA,"reef_associated_richness"
"2018-01-17","No-take",11.302962422293929,1.3077961900126152,Inf,9.009589295454015,14.180109140407897,"2018-01-17","Pre-bloom","Sponge Gardens - Sponge Gardens Sanctuary Zone","Reef associated species richness","Poisson (log link)","poisson","log","Poisson with a log link was specified for species-richness count metrics",NA,"reef_associated_richness"
"2019-01-22","No-take",11.296700518846945,1.0781431078656136,Inf,9.369447765824363,13.62038038976022,"2019-01-22","Pre-bloom","Sponge Gardens - Sponge Gardens Sanctuary Zone","Reef associated species richness","Poisson (log link)","poisson","log","Poisson with a log link was specified for species-richness count metrics",NA,"reef_associated_richness"
"2021-01-21","No-take",10.964454008096801,1.0591553577798634,Inf,9.07322722531883,13.249888789316149,"2021-01-21","Pre-bloom","Sponge Gardens - Sponge Gardens Sanctuary Zone","Reef associated species richness","Poisson (log link)","poisson","log","Poisson with a log link was specified for species-richness count metrics",NA,"reef_associated_richness"
"2025-04-02","No-take",12.580483617404543,1.189914125913792,Inf,10.451705817563445,15.14284565700496,"2025-04-02","Bloom","Sponge Gardens - Sponge Gardens Sanctuary Zone","Reef associated species richness","Poisson (log link)","poisson","log","Poisson with a log link was specified for species-richness count metrics",NA,"reef_associated_richness"
"2026-01-27","No-take",11.142758747611106,1.106885178887676,Inf,9.171432049264416,13.537806510535288,"2026-01-27","Bloom","Sponge Gardens - Sponge Gardens Sanctuary Zone","Reef associated species richness","Poisson (log link)","poisson","log","Poisson with a log link was specified for species-richness count metrics",NA,"reef_associated_richness"
"2016-04-19","Fished",6.03027533122338,1.9752942963261555,Inf,3.1733291486434303,11.459328316417045,"2016-04-19","Pre-bloom","The Pages - The Pages Sanctuary Zone","Reef associated species richness","Poisson (log link)","poisson","log","Poisson with a log link was specified for species-richness count metrics",NA,"reef_associated_richness"
"2017-06-02","Fished",6.532859163651289,2.130769661924151,Inf,3.447258058550898,12.380346387541124,"2017-06-02","Pre-bloom","The Pages - The Pages Sanctuary Zone","Reef associated species richness","Poisson (log link)","poisson","log","Poisson with a log link was specified for species-richness count metrics",NA,"reef_associated_richness"
"2018-06-26","Fished",5.548470369915252,1.8387051171737627,Inf,2.897970578500097,10.623131813077674,"2018-06-26","Pre-bloom","The Pages - The Pages Sanctuary Zone","Reef associated species richness","Poisson (log link)","poisson","log","Poisson with a log link was specified for species-richness count metrics",NA,"reef_associated_richness"
"2019-06-06","Fished",5.8149162712894205,1.9086601032612012,Inf,3.055970600649911,11.064652007750144,"2019-06-06","Pre-bloom","The Pages - The Pages Sanctuary Zone","Reef associated species richness","Poisson (log link)","poisson","log","Poisson with a log link was specified for species-richness count metrics",NA,"reef_associated_richness"
"2021-05-20","Fished",5.958527428621591,1.9530956896242653,Inf,3.1342290675186257,11.327841186076558,"2021-05-20","Pre-bloom","The Pages - The Pages Sanctuary Zone","Reef associated species richness","Poisson (log link)","poisson","log","Poisson with a log link was specified for species-richness count metrics",NA,"reef_associated_richness"
"2025-04-09","Fished",3.9384826525103933,1.349073259153681,Inf,2.0126187449027975,7.707195236758298,"2025-04-09","Bloom","The Pages - The Pages Sanctuary Zone","Reef associated species richness","Poisson (log link)","poisson","log","Poisson with a log link was specified for species-richness count metrics",NA,"reef_associated_richness"
"2025-12-02","Fished",4.1637875703279335,1.3974080848937216,Inf,2.156835135660837,8.038225381331914,"2025-12-02","Bloom","The Pages - The Pages Sanctuary Zone","Reef associated species richness","Poisson (log link)","poisson","log","Poisson with a log link was specified for species-richness count metrics",NA,"reef_associated_richness"
"2026-03-01","Fished",6.676406414815328,2.175169782674873,Inf,3.5255082875104105,12.643397485037294,"2026-03-01","Bloom","The Pages - The Pages Sanctuary Zone","Reef associated species richness","Poisson (log link)","poisson","log","Poisson with a log link was specified for species-richness count metrics",NA,"reef_associated_richness"
"2016-04-19","No-take",5.853981071035646,1.9241087638237615,Inf,3.0737967924187353,11.14878331077888,"2016-04-19","Pre-bloom","The Pages - The Pages Sanctuary Zone","Reef associated species richness","Poisson (log link)","poisson","log","Poisson with a log link was specified for species-richness count metrics",NA,"reef_associated_richness"
"2017-06-02","No-take",7.127951508569305,2.3305621149352636,Inf,3.755389894941712,13.52927236049455,"2017-06-02","Pre-bloom","The Pages - The Pages Sanctuary Zone","Reef associated species richness","Poisson (log link)","poisson","log","Poisson with a log link was specified for species-richness count metrics",NA,"reef_associated_richness"
"2018-06-26","No-take",7.982681388697361,2.581380675295945,Inf,4.235391044532602,15.045411742019542,"2018-06-26","Pre-bloom","The Pages - The Pages Sanctuary Zone","Reef associated species richness","Poisson (log link)","poisson","log","Poisson with a log link was specified for species-richness count metrics",NA,"reef_associated_richness"
"2019-06-06","No-take",7.830619273482782,2.534446196902905,Inf,4.152384162711796,14.767082187837527,"2019-06-06","Pre-bloom","The Pages - The Pages Sanctuary Zone","Reef associated species richness","Poisson (log link)","poisson","log","Poisson with a log link was specified for species-richness count metrics",NA,"reef_associated_richness"
"2021-05-20","No-take",5.525128036463767,1.8356260874260593,Inf,2.881016104516535,10.595928211390794,"2021-05-20","Pre-bloom","The Pages - The Pages Sanctuary Zone","Reef associated species richness","Poisson (log link)","poisson","log","Poisson with a log link was specified for species-richness count metrics",NA,"reef_associated_richness"
"2025-04-09","No-take",2.9916338970666074,1.0634339369621413,Inf,1.4905016072376231,6.004604980376316,"2025-04-09","Bloom","The Pages - The Pages Sanctuary Zone","Reef associated species richness","Poisson (log link)","poisson","log","Poisson with a log link was specified for species-richness count metrics",NA,"reef_associated_richness"
"2025-12-02","No-take",3.877292352448432,1.3128741988842545,Inf,1.996671665167399,7.529227888900158,"2025-12-02","Bloom","The Pages - The Pages Sanctuary Zone","Reef associated species richness","Poisson (log link)","poisson","log","Poisson with a log link was specified for species-richness count metrics",NA,"reef_associated_richness"
"2026-03-01","No-take",7.146479192236554,2.3232568890873355,Inf,3.7789754866737075,13.514817713206249,"2026-03-01","Bloom","The Pages - The Pages Sanctuary Zone","Reef associated species richness","Poisson (log link)","poisson","log","Poisson with a log link was specified for species-richness count metrics",NA,"reef_associated_richness"
"2017-11-28","Not modelled by Status",2.4010147524129186,1.896778213702819,Inf,0.51045083605561,11.293686745331193,"2017-11-28","Pre-bloom","Victor Harbor - Encounter Bay Sanctuary Zone","Reef associated species richness","Poisson (log link)","poisson","log","Poisson with a log link was specified for species-richness count metrics",NA,"reef_associated_richness"
"2018-11-27","Not modelled by Status",2.88213728690878,2.340872469929408,Inf,0.5866358552961589,14.159917546117796,"2018-11-27","Pre-bloom","Victor Harbor - Encounter Bay Sanctuary Zone","Reef associated species richness","Poisson (log link)","poisson","log","Poisson with a log link was specified for species-richness count metrics",NA,"reef_associated_richness"
"2021-11-23","Not modelled by Status",2.382805095555535,1.8856318798773877,Inf,0.5052316071086131,11.237935322175584,"2021-11-23","Pre-bloom","Victor Harbor - Encounter Bay Sanctuary Zone","Reef associated species richness","Poisson (log link)","poisson","log","Poisson with a log link was specified for species-richness count metrics",NA,"reef_associated_richness"
"2025-10-30","Not modelled by Status",3.0145114725722557,2.3632943902013257,Inf,0.6484824929667513,14.013145330564337,"2025-10-30","Bloom","Victor Harbor - Encounter Bay Sanctuary Zone","Reef associated species richness","Poisson (log link)","poisson","log","Poisson with a log link was specified for species-richness count metrics",NA,"reef_associated_richness"
"2026-01-23","Not modelled by Status",2.808038751167568,2.202327192580044,Inf,0.6036859405486905,13.06156247550168,"2026-01-23","Bloom","Victor Harbor - Encounter Bay Sanctuary Zone","Reef associated species richness","Poisson (log link)","poisson","log","Poisson with a log link was specified for species-richness count metrics",NA,"reef_associated_richness"
"2017-04-12","Not modelled by Status",0.24999970734446464,0.14433747080694695,Inf,0.08063021417595051,0.7751418535976027,"2017-04-12","Pre-bloom","Windara Reef - Windara Shell fish Reef Sanctuary Zone","Reef associated species richness","Poisson (log link)","poisson","log","Poisson with a log link was specified for species-richness count metrics",NA,"reef_associated_richness"
"2017-11-23","Not modelled by Status",0.500000024113836,0.20412413322626577,Inf,0.22463037784243775,1.1129395165296563,"2017-11-23","Pre-bloom","Windara Reef - Windara Shell fish Reef Sanctuary Zone","Reef associated species richness","Poisson (log link)","poisson","log","Poisson with a log link was specified for species-richness count metrics",NA,"reef_associated_richness"
"2018-04-24","Not modelled by Status",0.4166666586681208,0.18633898086701997,Inf,0.17342826335810152,1.0010542750300004,"2018-04-24","Pre-bloom","Windara Reef - Windara Shell fish Reef Sanctuary Zone","Reef associated species richness","Poisson (log link)","poisson","log","Poisson with a log link was specified for species-richness count metrics",NA,"reef_associated_richness"
"2018-11-29","Not modelled by Status",0.4166665768149474,0.18633896256410168,Inf,0.17342821435715566,1.0010541645614497,"2018-11-29","Pre-bloom","Windara Reef - Windara Shell fish Reef Sanctuary Zone","Reef associated species richness","Poisson (log link)","poisson","log","Poisson with a log link was specified for species-richness count metrics",NA,"reef_associated_richness"
"2019-10-22","Not modelled by Status",0.166666612702073,0.11785110130342799,Inf,0.04168292417232058,0.6664062164820131,"2019-10-22","Pre-bloom","Windara Reef - Windara Shell fish Reef Sanctuary Zone","Reef associated species richness","Poisson (log link)","poisson","log","Poisson with a log link was specified for species-richness count metrics",NA,"reef_associated_richness"
"2020-10-28","Not modelled by Status",0.6666666878996603,0.2357022446440138,Inf,0.33339846256633837,1.3330729522085578,"2020-10-28","Pre-bloom","Windara Reef - Windara Shell fish Reef Sanctuary Zone","Reef associated species richness","Poisson (log link)","poisson","log","Poisson with a log link was specified for species-richness count metrics",NA,"reef_associated_richness"
"2025-10-24","Not modelled by Status",0.7500001232156935,0.2499999998698624,Inf,0.39023618184923636,1.4414352409815028,"2025-10-24","Bloom","Windara Reef - Windara Shell fish Reef Sanctuary Zone","Reef associated species richness","Poisson (log link)","poisson","log","Poisson with a log link was specified for species-richness count metrics",NA,"reef_associated_richness"
"2014-09-03","Not modelled by Status",1.8729754474844846,0.2594144345714772,Inf,1.4277012410721799,2.4571226289929036,"2014-09-03","Pre-bloom","Aldinga - Aldinga Reef Sanctuary Zone","Shannon diversity","Tweedie (log link)","tweedie","log","Tweedie with a log link was specified for non-richness metrics",NA,"shannon_diversity"
"2015-12-10","Not modelled by Status",1.077797018613491,0.1617524380585739,Inf,0.8031400566923346,1.446380869254952,"2015-12-10","Pre-bloom","Aldinga - Aldinga Reef Sanctuary Zone","Shannon diversity","Tweedie (log link)","tweedie","log","Tweedie with a log link was specified for non-richness metrics",NA,"shannon_diversity"
"2016-02-12","Not modelled by Status",1.3588513514748768,0.22616222766692412,Inf,0.980620780903481,1.8829674338574323,"2016-02-12","Pre-bloom","Aldinga - Aldinga Reef Sanctuary Zone","Shannon diversity","Tweedie (log link)","tweedie","log","Tweedie with a log link was specified for non-richness metrics",NA,"shannon_diversity"
"2016-11-19","Not modelled by Status",1.9640827243405818,0.31553555438303865,Inf,1.433546526553298,2.690963199728208,"2016-11-19","Pre-bloom","Aldinga - Aldinga Reef Sanctuary Zone","Shannon diversity","Tweedie (log link)","tweedie","log","Tweedie with a log link was specified for non-richness metrics",NA,"shannon_diversity"
"2019-12-07","Not modelled by Status",1.5548929274845975,0.23228746080263094,Inf,1.1602147735998944,2.0838314344507514,"2019-12-07","Pre-bloom","Aldinga - Aldinga Reef Sanctuary Zone","Shannon diversity","Tweedie (log link)","tweedie","log","Tweedie with a log link was specified for non-richness metrics",NA,"shannon_diversity"
"2020-11-26","Not modelled by Status",1.4019363278449033,0.24419143541937727,Inf,0.9964710589964688,1.9723859008114126,"2020-11-26","Pre-bloom","Aldinga - Aldinga Reef Sanctuary Zone","Shannon diversity","Tweedie (log link)","tweedie","log","Tweedie with a log link was specified for non-richness metrics",NA,"shannon_diversity"
"2021-11-22","Not modelled by Status",1.665484943521979,0.3182797565045366,Inf,1.1451786486596929,2.422189848147176,"2021-11-22","Pre-bloom","Aldinga - Aldinga Reef Sanctuary Zone","Shannon diversity","Tweedie (log link)","tweedie","log","Tweedie with a log link was specified for non-richness metrics",NA,"shannon_diversity"
"2025-02-06","Not modelled by Status",1.3554950350773942,0.17745714682909175,Inf,1.0487242301938995,1.7520018487412596,"2025-02-06","Pre-bloom","Aldinga - Aldinga Reef Sanctuary Zone","Shannon diversity","Tweedie (log link)","tweedie","log","Tweedie with a log link was specified for non-richness metrics",NA,"shannon_diversity"
"2026-02-21","Not modelled by Status",1.313501964572462,0.15324342385275005,Inf,1.0450158794497373,1.650967650218084,"2026-02-21","Bloom","Aldinga - Aldinga Reef Sanctuary Zone","Shannon diversity","Tweedie (log link)","tweedie","log","Tweedie with a log link was specified for non-richness metrics",NA,"shannon_diversity"
"2016-05-24","Fished",0.8556917550014402,0.11095456762848552,Inf,0.6636590329214014,1.103290007753367,"2016-05-24","Pre-bloom","Bay of Shoals - Bay of Shoals Sanctuary Zone","Shannon diversity","Tweedie (log link)","tweedie","log","Tweedie with a log link was specified for non-richness metrics",NA,"shannon_diversity"
"2017-04-05","Fished",1.3573816089860364,0.14051628934617713,Inf,1.108116663970495,1.6627173765366094,"2017-04-05","Pre-bloom","Bay of Shoals - Bay of Shoals Sanctuary Zone","Shannon diversity","Tweedie (log link)","tweedie","log","Tweedie with a log link was specified for non-richness metrics",NA,"shannon_diversity"
"2018-03-28","Fished",1.5458166213935287,0.15018542999683773,Inf,1.2777873869108678,1.8700677839318716,"2018-03-28","Pre-bloom","Bay of Shoals - Bay of Shoals Sanctuary Zone","Shannon diversity","Tweedie (log link)","tweedie","log","Tweedie with a log link was specified for non-richness metrics",NA,"shannon_diversity"
"2026-03-24","Fished",0.8973869170201642,0.1136901228217087,Inf,0.700068996615008,1.1503198723736925,"2026-03-24","Bloom","Bay of Shoals - Bay of Shoals Sanctuary Zone","Shannon diversity","Tweedie (log link)","tweedie","log","Tweedie with a log link was specified for non-richness metrics",NA,"shannon_diversity"
"2016-05-24","No-take",0.7597186784342137,0.10439913941694062,Inf,0.5803396696120897,0.994542507748301,"2016-05-24","Pre-bloom","Bay of Shoals - Bay of Shoals Sanctuary Zone","Shannon diversity","Tweedie (log link)","tweedie","log","Tweedie with a log link was specified for non-richness metrics",NA,"shannon_diversity"
"2017-04-05","No-take",1.0882256003603858,0.12548469469313214,Inf,0.8680920777208844,1.3641812748583642,"2017-04-05","Pre-bloom","Bay of Shoals - Bay of Shoals Sanctuary Zone","Shannon diversity","Tweedie (log link)","tweedie","log","Tweedie with a log link was specified for non-richness metrics",NA,"shannon_diversity"
"2018-03-28","No-take",1.1972315987009192,0.13176943740903735,Inf,0.9649246835756032,1.4854667160306432,"2018-03-28","Pre-bloom","Bay of Shoals - Bay of Shoals Sanctuary Zone","Shannon diversity","Tweedie (log link)","tweedie","log","Tweedie with a log link was specified for non-richness metrics",NA,"shannon_diversity"
"2026-03-24","No-take",1.5013947151866602,0.14796032475659848,Inf,1.2376851356494505,1.821292044206052,"2026-03-24","Bloom","Bay of Shoals - Bay of Shoals Sanctuary Zone","Shannon diversity","Tweedie (log link)","tweedie","log","Tweedie with a log link was specified for non-richness metrics",NA,"shannon_diversity"
"2021-10-11","Not modelled by Status",1.7120814110131712,0.16879711744172632,Inf,1.4112467498087695,2.0770448246091946,"2021-10-11","Pre-bloom","Boston Bay","Shannon diversity","Tweedie (log link)","tweedie","log","Tweedie with a log link was specified for non-richness metrics",NA,"shannon_diversity"
"2022-05-10","Not modelled by Status",1.2847518064942258,0.13265630941047601,Inf,1.0493706444172417,1.5729306066178506,"2022-05-10","Pre-bloom","Boston Bay","Shannon diversity","Tweedie (log link)","tweedie","log","Tweedie with a log link was specified for non-richness metrics",NA,"shannon_diversity"
"2024-03-25","Not modelled by Status",0.4507725196915274,0.059419217606143396,Inf,0.348140939033648,0.583659781791447,"2024-03-25","Pre-bloom","Boston Bay","Shannon diversity","Tweedie (log link)","tweedie","log","Tweedie with a log link was specified for non-richness metrics",NA,"shannon_diversity"
"2024-11-14","Not modelled by Status",1.5624747638047167,0.1561981705165912,Inf,1.2844574380902762,1.9006681849702676,"2024-11-14","Pre-bloom","Boston Bay","Shannon diversity","Tweedie (log link)","tweedie","log","Tweedie with a log link was specified for non-richness metrics",NA,"shannon_diversity"
"2025-05-22","Not modelled by Status",1.4617153160805265,0.14768703898711566,Inf,1.1991130155188892,1.7818267649607844,"2025-05-22","Bloom","Boston Bay","Shannon diversity","Tweedie (log link)","tweedie","log","Tweedie with a log link was specified for non-richness metrics",NA,"shannon_diversity"
"2025-11-11","Not modelled by Status",1.4238414315290027,0.14696655149052987,Inf,1.1630597176260364,1.7430957253653367,"2025-11-11","Bloom","Boston Bay","Shannon diversity","Tweedie (log link)","tweedie","log","Tweedie with a log link was specified for non-richness metrics",NA,"shannon_diversity"
"2017-01-12","Fished",1.8989234881587305,0.09497720395340095,Inf,1.721604860474,2.0945052472076107,"2017-01-12","Pre-bloom","Cape Elizabeth - Cape Elizabeth Sanctuary Zone","Shannon diversity","Tweedie (log link)","tweedie","log","Tweedie with a log link was specified for non-richness metrics",NA,"shannon_diversity"
"2026-03-10","Fished",1.766041039352411,0.09124552414568107,Inf,1.5959600325530052,1.9542475306776577,"2026-03-10","Bloom","Cape Elizabeth - Cape Elizabeth Sanctuary Zone","Shannon diversity","Tweedie (log link)","tweedie","log","Tweedie with a log link was specified for non-richness metrics",NA,"shannon_diversity"
"2017-01-12","No-take",1.948250492433633,0.09635723466272085,Inf,1.768258602610442,2.146563842904207,"2017-01-12","Pre-bloom","Cape Elizabeth - Cape Elizabeth Sanctuary Zone","Shannon diversity","Tweedie (log link)","tweedie","log","Tweedie with a log link was specified for non-richness metrics",NA,"shannon_diversity"
"2026-03-10","No-take",1.840398054828233,0.09336297049736923,Inf,1.6662129550374296,2.032792381055192,"2026-03-10","Bloom","Cape Elizabeth - Cape Elizabeth Sanctuary Zone","Shannon diversity","Tweedie (log link)","tweedie","log","Tweedie with a log link was specified for non-richness metrics",NA,"shannon_diversity"
"2015-12-10","Not modelled by Status",1.6985258702990227,0.14436524816343324,Inf,1.4378870456059358,2.006409433127132,"2015-12-10","Pre-bloom","Carrickalinga - Carrickalinga Cliffs Sanctuary Zone","Shannon diversity","Tweedie (log link)","tweedie","log","Tweedie with a log link was specified for non-richness metrics",NA,"shannon_diversity"
"2016-12-06","Not modelled by Status",1.5345217205113826,0.12187950491658188,Inf,1.3133071009022597,1.7929979279815542,"2016-12-06","Pre-bloom","Carrickalinga - Carrickalinga Cliffs Sanctuary Zone","Shannon diversity","Tweedie (log link)","tweedie","log","Tweedie with a log link was specified for non-richness metrics",NA,"shannon_diversity"
"2017-12-05","Not modelled by Status",1.8170168190783749,0.13300798228263333,Inf,1.5741636984128036,2.0973359531429794,"2017-12-05","Pre-bloom","Carrickalinga - Carrickalinga Cliffs Sanctuary Zone","Shannon diversity","Tweedie (log link)","tweedie","log","Tweedie with a log link was specified for non-richness metrics",NA,"shannon_diversity"
"2018-12-11","Not modelled by Status",1.7487681320776658,0.13320542748280814,Inf,1.5062440793955938,2.030341577174902,"2018-12-11","Pre-bloom","Carrickalinga - Carrickalinga Cliffs Sanctuary Zone","Shannon diversity","Tweedie (log link)","tweedie","log","Tweedie with a log link was specified for non-richness metrics",NA,"shannon_diversity"
"2020-12-04","Not modelled by Status",1.7581228525003971,0.13076102203397996,Inf,1.519640281090329,2.034031344751121,"2020-12-04","Pre-bloom","Carrickalinga - Carrickalinga Cliffs Sanctuary Zone","Shannon diversity","Tweedie (log link)","tweedie","log","Tweedie with a log link was specified for non-richness metrics",NA,"shannon_diversity"
"2025-02-06","Not modelled by Status",2.4982623433164113,0.38411024307079134,Inf,1.8482681692594576,3.3768447889969897,"2025-02-06","Pre-bloom","Carrickalinga - Carrickalinga Cliffs Sanctuary Zone","Shannon diversity","Tweedie (log link)","tweedie","log","Tweedie with a log link was specified for non-richness metrics",NA,"shannon_diversity"
"2025-02-20","Not modelled by Status",1.9178713059991865,0.13971742568184203,Inf,1.6626820442945756,2.2122271416815504,"2025-02-20","Pre-bloom","Carrickalinga - Carrickalinga Cliffs Sanctuary Zone","Shannon diversity","Tweedie (log link)","tweedie","log","Tweedie with a log link was specified for non-richness metrics",NA,"shannon_diversity"
"2025-12-17","Not modelled by Status",1.7797682370602215,0.13159101480676968,Inf,1.539671334836416,2.057305936649779,"2025-12-17","Bloom","Carrickalinga - Carrickalinga Cliffs Sanctuary Zone","Shannon diversity","Tweedie (log link)","tweedie","log","Tweedie with a log link was specified for non-richness metrics",NA,"shannon_diversity"
"2015-11-15","Fished",2.0534681125814624,0.13798418527876566,Inf,1.8000762301954754,2.3425292877352017,"2015-11-15","Pre-bloom","Chinamans Hat - Chinamans Hat Sanctuary Zone","Shannon diversity","Tweedie (log link)","tweedie","log","Tweedie with a log link was specified for non-richness metrics",NA,"shannon_diversity"
"2025-12-04","Fished",1.9728705883628135,0.14127101648177226,Inf,1.7145365624818696,2.2701285254558066,"2025-12-04","Bloom","Chinamans Hat - Chinamans Hat Sanctuary Zone","Shannon diversity","Tweedie (log link)","tweedie","log","Tweedie with a log link was specified for non-richness metrics",NA,"shannon_diversity"
"2015-11-15","No-take",1.9376704019325837,0.13387328796874948,Inf,1.692273481668246,2.2186523792976547,"2015-11-15","Pre-bloom","Chinamans Hat - Chinamans Hat Sanctuary Zone","Shannon diversity","Tweedie (log link)","tweedie","log","Tweedie with a log link was specified for non-richness metrics",NA,"shannon_diversity"
"2025-12-04","No-take",1.7609575098146577,0.13340130328591673,Inf,1.5179802460059801,2.042827210388101,"2025-12-04","Bloom","Chinamans Hat - Chinamans Hat Sanctuary Zone","Shannon diversity","Tweedie (log link)","tweedie","log","Tweedie with a log link was specified for non-richness metrics",NA,"shannon_diversity"
"2017-01-12","Fished",0.4078782592576053,0.09201705407422263,Inf,0.26211994965526464,0.6346890978493399,"2017-01-12","Pre-bloom","Cuttlefish Coast - Fairway Bank Sanctuary Zone","Shannon diversity","Tweedie (log link)","tweedie","log","Tweedie with a log link was specified for non-richness metrics",NA,"shannon_diversity"
"2026-02-16","Fished",0.5643866298931266,0.10873221860657267,Inf,0.3868904524010553,0.8233138502780283,"2026-02-16","Bloom","Cuttlefish Coast - Fairway Bank Sanctuary Zone","Shannon diversity","Tweedie (log link)","tweedie","log","Tweedie with a log link was specified for non-richness metrics",NA,"shannon_diversity"
"2017-01-12","No-take",0.572957086511185,0.10957770795942752,Inf,0.393849499207782,0.8335159080910648,"2017-01-12","Pre-bloom","Cuttlefish Coast - Fairway Bank Sanctuary Zone","Shannon diversity","Tweedie (log link)","tweedie","log","Tweedie with a log link was specified for non-richness metrics",NA,"shannon_diversity"
"2026-02-16","No-take",0.5457687150207906,0.0872620543601272,Inf,0.39894353772906876,0.7466306936339713,"2026-02-16","Bloom","Cuttlefish Coast - Fairway Bank Sanctuary Zone","Shannon diversity","Tweedie (log link)","tweedie","log","Tweedie with a log link was specified for non-richness metrics",NA,"shannon_diversity"
"2016-01-19","Not modelled by Status",1.8350616649150537,0.22537133434625303,Inf,1.4424845274482312,2.334480023850143,"2016-01-19","Pre-bloom","Dangerous Reef - Dangerous Reef Sanctuary Zone","Shannon diversity","Tweedie (log link)","tweedie","log","Tweedie with a log link was specified for non-richness metrics",NA,"shannon_diversity"
"2017-02-25","Not modelled by Status",2.034133458144775,0.16786933312978305,Inf,1.7303461960920743,2.3912549609372205,"2017-02-25","Pre-bloom","Dangerous Reef - Dangerous Reef Sanctuary Zone","Shannon diversity","Tweedie (log link)","tweedie","log","Tweedie with a log link was specified for non-richness metrics",NA,"shannon_diversity"
"2019-02-16","Not modelled by Status",1.7766573155985643,0.16375114080691427,Inf,1.483030333101759,2.128419862099551,"2019-02-16","Pre-bloom","Dangerous Reef - Dangerous Reef Sanctuary Zone","Shannon diversity","Tweedie (log link)","tweedie","log","Tweedie with a log link was specified for non-richness metrics",NA,"shannon_diversity"
"2020-04-10","Not modelled by Status",1.6123704704724025,0.1559209778755181,Inf,1.33398558642507,1.9488505426946932,"2020-04-10","Pre-bloom","Dangerous Reef - Dangerous Reef Sanctuary Zone","Shannon diversity","Tweedie (log link)","tweedie","log","Tweedie with a log link was specified for non-richness metrics",NA,"shannon_diversity"
"2022-03-16","Not modelled by Status",2.03413353471708,0.1678693363524886,Inf,1.7303462663913824,2.3912550438183264,"2022-03-16","Pre-bloom","Dangerous Reef - Dangerous Reef Sanctuary Zone","Shannon diversity","Tweedie (log link)","tweedie","log","Tweedie with a log link was specified for non-richness metrics",NA,"shannon_diversity"
"2025-11-10","Not modelled by Status",2.457682385724775,0.1846947788654792,Inf,2.121084542690416,2.8476954065396827,"2025-11-10","Bloom","Dangerous Reef - Dangerous Reef Sanctuary Zone","Shannon diversity","Tweedie (log link)","tweedie","log","Tweedie with a log link was specified for non-richness metrics",NA,"shannon_diversity"
"2026-04-08","Not modelled by Status",2.30066183916061,0.1786384703464522,Inf,1.975877063767789,2.6788331092201676,"2026-04-08","Bloom","Dangerous Reef - Dangerous Reef Sanctuary Zone","Shannon diversity","Tweedie (log link)","tweedie","log","Tweedie with a log link was specified for non-richness metrics",NA,"shannon_diversity"
"2020-10-13","Not modelled by Status",1.141722371633116,0.22348197119232557,Inf,0.7779387429504725,1.675620330906358,"2020-10-13","Pre-bloom","Glenelg","Shannon diversity","Tweedie (log link)","tweedie","log","Tweedie with a log link was specified for non-richness metrics",NA,"shannon_diversity"
"2021-10-25","Not modelled by Status",1.3177303011512376,0.24435030890270543,Inf,0.9161907831657127,1.8952527993921806,"2021-10-25","Pre-bloom","Glenelg","Shannon diversity","Tweedie (log link)","tweedie","log","Tweedie with a log link was specified for non-richness metrics",NA,"shannon_diversity"
"2022-12-02","Not modelled by Status",1.1521828341635627,0.21682060940867037,Inf,0.7967832455846842,1.6661059211492755,"2022-12-02","Pre-bloom","Glenelg","Shannon diversity","Tweedie (log link)","tweedie","log","Tweedie with a log link was specified for non-richness metrics",NA,"shannon_diversity"
"2023-11-23","Not modelled by Status",1.432053615165302,0.25804046047855944,Inf,1.0059630593529882,2.0386211378646677,"2023-11-23","Pre-bloom","Glenelg","Shannon diversity","Tweedie (log link)","tweedie","log","Tweedie with a log link was specified for non-richness metrics",NA,"shannon_diversity"
"2025-10-21","Not modelled by Status",0.46552971258422965,0.11693120251521588,Inf,0.2845401843047051,0.7616425561413114,"2025-10-21","Bloom","Glenelg","Shannon diversity","Tweedie (log link)","tweedie","log","Tweedie with a log link was specified for non-richness metrics",NA,"shannon_diversity"
"2026-03-20","Not modelled by Status",0.9238733307521151,0.17571321805555096,Inf,0.6363862644701002,1.3412324855655486,"2026-03-20","Bloom","Glenelg","Shannon diversity","Tweedie (log link)","tweedie","log","Tweedie with a log link was specified for non-richness metrics",NA,"shannon_diversity"
"2014-09-03","Not modelled by Status",1.6452006382315114,0.14144367304452635,Inf,1.3900745275602717,1.9471510961271203,"2014-09-03","Pre-bloom","Middle/Long Spit - Middle Spit Sanctuary Zone","Shannon diversity","Tweedie (log link)","tweedie","log","Tweedie with a log link was specified for non-richness metrics",NA,"shannon_diversity"
"2015-01-07","Not modelled by Status",1.8043647167596013,0.0756773387977015,Inf,1.6619725888597912,1.9589565152338497,"2015-01-07","Pre-bloom","Middle/Long Spit - Middle Spit Sanctuary Zone","Shannon diversity","Tweedie (log link)","tweedie","log","Tweedie with a log link was specified for non-richness metrics",NA,"shannon_diversity"
"2016-01-10","Not modelled by Status",1.651005283534772,0.07573886566680157,Inf,1.5090377658069287,1.8063288461188076,"2016-01-10","Pre-bloom","Middle/Long Spit - Middle Spit Sanctuary Zone","Shannon diversity","Tweedie (log link)","tweedie","log","Tweedie with a log link was specified for non-richness metrics",NA,"shannon_diversity"
"2016-03-11","Not modelled by Status",1.925596783012405,0.1530938243834264,Inf,1.6477484189836187,2.2502967856190588,"2016-03-11","Pre-bloom","Middle/Long Spit - Middle Spit Sanctuary Zone","Shannon diversity","Tweedie (log link)","tweedie","log","Tweedie with a log link was specified for non-richness metrics",NA,"shannon_diversity"
"2026-01-26","Not modelled by Status",1.1642891021726924,0.059433748256975186,Inf,1.0534388742937575,1.286803768606783,"2026-01-26","Bloom","Middle/Long Spit - Middle Spit Sanctuary Zone","Shannon diversity","Tweedie (log link)","tweedie","log","Tweedie with a log link was specified for non-richness metrics",NA,"shannon_diversity"
"2015-04-28","Not modelled by Status",1.5951517942822344,0.4294245351950543,Inf,0.9411381970223125,2.7036510204903594,"2015-04-28","Pre-bloom","O'Sullivan","Shannon diversity","Tweedie (log link)","tweedie","log","Tweedie with a log link was specified for non-richness metrics",NA,"shannon_diversity"
"2015-10-09","Not modelled by Status",0.4600141179277295,0.1611882095897532,Inf,0.23147895019261785,0.9141781078441042,"2015-10-09","Pre-bloom","O'Sullivan","Shannon diversity","Tweedie (log link)","tweedie","log","Tweedie with a log link was specified for non-richness metrics",NA,"shannon_diversity"
"2021-10-12","Not modelled by Status",1.3538989756847613,0.2452200397828272,Inf,0.9493262033648953,1.9308878548416872,"2021-10-12","Pre-bloom","O'Sullivan","Shannon diversity","Tweedie (log link)","tweedie","log","Tweedie with a log link was specified for non-richness metrics",NA,"shannon_diversity"
"2022-12-01","Not modelled by Status",1.2615021348895739,0.22570425072988123,Inf,0.888369242662569,1.7913583225386522,"2022-12-01","Pre-bloom","O'Sullivan","Shannon diversity","Tweedie (log link)","tweedie","log","Tweedie with a log link was specified for non-richness metrics",NA,"shannon_diversity"
"2023-12-01","Not modelled by Status",1.2883874846313965,0.22958446484380438,Inf,0.9085868953409367,1.8269494300068492,"2023-12-01","Pre-bloom","O'Sullivan","Shannon diversity","Tweedie (log link)","tweedie","log","Tweedie with a log link was specified for non-richness metrics",NA,"shannon_diversity"
"2024-12-19","Not modelled by Status",0.9560439187670384,0.18055121692562226,Inf,0.6602772955735394,1.3842971441528766,"2024-12-19","Pre-bloom","O'Sullivan","Shannon diversity","Tweedie (log link)","tweedie","log","Tweedie with a log link was specified for non-richness metrics",NA,"shannon_diversity"
"2025-02-04","Not modelled by Status",1.4038082683458455,0.2992821075968172,Inf,0.9243524113751108,2.1319549016424237,"2025-02-04","Pre-bloom","O'Sullivan","Shannon diversity","Tweedie (log link)","tweedie","log","Tweedie with a log link was specified for non-richness metrics",NA,"shannon_diversity"
"2025-11-13","Not modelled by Status",0.7071990314734542,0.12547247318446253,Inf,0.49948219293344603,1.0012978984891099,"2025-11-13","Bloom","O'Sullivan","Shannon diversity","Tweedie (log link)","tweedie","log","Tweedie with a log link was specified for non-richness metrics",NA,"shannon_diversity"
"2026-03-06","Not modelled by Status",1.1058220935322984,0.17894619033014791,Inf,0.8052713422596894,1.5185471509674122,"2026-03-06","Bloom","O'Sullivan","Shannon diversity","Tweedie (log link)","tweedie","log","Tweedie with a log link was specified for non-richness metrics",NA,"shannon_diversity"
"2014-09-03","Fished",0.3171273089548678,0.08505014933703754,Inf,0.18747808152177872,0.5364346022138771,"2014-09-03","Pre-bloom","Offshore Ardrossan - Offshore Ardrossan Sanctuary Zone","Shannon diversity","Tweedie (log link)","tweedie","log","Tweedie with a log link was specified for non-richness metrics",NA,"shannon_diversity"
"2016-03-11","Fished",0.7387926975550045,0.14869883386171215,Inf,0.4979651196794954,1.096090124368354,"2016-03-11","Pre-bloom","Offshore Ardrossan - Offshore Ardrossan Sanctuary Zone","Shannon diversity","Tweedie (log link)","tweedie","log","Tweedie with a log link was specified for non-richness metrics",NA,"shannon_diversity"
"2016-11-03","Fished",0.2628605381618002,0.07098113186931693,Inf,0.15483620672681803,0.4462500340415772,"2016-11-03","Pre-bloom","Offshore Ardrossan - Offshore Ardrossan Sanctuary Zone","Shannon diversity","Tweedie (log link)","tweedie","log","Tweedie with a log link was specified for non-richness metrics",NA,"shannon_diversity"
"2025-10-13","Fished",0.13189528789002644,0.05236621367150113,Inf,0.06057282720030187,0.28719754007959297,"2025-10-13","Bloom","Offshore Ardrossan - Offshore Ardrossan Sanctuary Zone","Shannon diversity","Tweedie (log link)","tweedie","log","Tweedie with a log link was specified for non-richness metrics",NA,"shannon_diversity"
"2014-09-03","No-take",0.9161900118062443,0.10811088343610947,Inf,0.7270149498145125,1.1545899268614601,"2014-09-03","Pre-bloom","Offshore Ardrossan - Offshore Ardrossan Sanctuary Zone","Shannon diversity","Tweedie (log link)","tweedie","log","Tweedie with a log link was specified for non-richness metrics",NA,"shannon_diversity"
"2016-03-11","No-take",0.8418811445833644,0.10317203164717892,Inf,0.6621197492357512,1.0704466411447222,"2016-03-11","Pre-bloom","Offshore Ardrossan - Offshore Ardrossan Sanctuary Zone","Shannon diversity","Tweedie (log link)","tweedie","log","Tweedie with a log link was specified for non-richness metrics",NA,"shannon_diversity"
"2016-11-03","No-take",0.47418586290184944,0.15023622451896462,Inf,0.2548370476652233,0.8823372999963393,"2016-11-03","Pre-bloom","Offshore Ardrossan - Offshore Ardrossan Sanctuary Zone","Shannon diversity","Tweedie (log link)","tweedie","log","Tweedie with a log link was specified for non-richness metrics",NA,"shannon_diversity"
"2025-10-13","No-take",0.16975599529197297,0.060205629951378535,Inf,0.08471067436275546,0.34018260572646664,"2025-10-13","Bloom","Offshore Ardrossan - Offshore Ardrossan Sanctuary Zone","Shannon diversity","Tweedie (log link)","tweedie","log","Tweedie with a log link was specified for non-richness metrics",NA,"shannon_diversity"
"2017-02-03","No-take",2.1275252973437246,0.1360757213322241,Inf,1.8768613922762911,2.411666577758227,"2017-02-03","Pre-bloom","Orcades Bank - Orcades Bank Sanctuary Zone","Shannon diversity","Tweedie (log link)","tweedie","log","Tweedie with a log link was specified for non-richness metrics","overall","shannon_diversity"
"2017-02-03","Fished",1.9275379812895552,0.15564540804091986,Inf,1.6453938509847044,2.25806281401276,"2017-02-03","Pre-bloom","Port Gibbon - Port Gibbon Sanctuary Zone","Shannon diversity","Tweedie (log link)","tweedie","log","Tweedie with a log link was specified for non-richness metrics",NA,"shannon_diversity"
"2025-11-14","Fished",1.8865446379012265,0.14888880605452065,Inf,1.6161774395996906,2.2021410419362164,"2025-11-14","Bloom","Port Gibbon - Port Gibbon Sanctuary Zone","Shannon diversity","Tweedie (log link)","tweedie","log","Tweedie with a log link was specified for non-richness metrics",NA,"shannon_diversity"
"2017-02-03","No-take",1.378501310241871,0.12228153855400387,Inf,1.1585115683902298,1.6402649004006102,"2017-02-03","Pre-bloom","Port Gibbon - Port Gibbon Sanctuary Zone","Shannon diversity","Tweedie (log link)","tweedie","log","Tweedie with a log link was specified for non-richness metrics",NA,"shannon_diversity"
"2025-11-14","No-take",1.6019186137899544,0.1325766899092404,Inf,1.3620529638630912,1.8840260351760216,"2025-11-14","Bloom","Port Gibbon - Port Gibbon Sanctuary Zone","Shannon diversity","Tweedie (log link)","tweedie","log","Tweedie with a log link was specified for non-richness metrics",NA,"shannon_diversity"
"2015-04-28","Not modelled by Status",0.5090530176642318,0.12441549298750196,Inf,0.31530034840659205,0.8218670740537721,"2015-04-28","Pre-bloom","Port Noarlunga - Port Noarlunga Reef Sanctuary Zone","Shannon diversity","Tweedie (log link)","tweedie","log","Tweedie with a log link was specified for non-richness metrics",NA,"shannon_diversity"
"2015-10-09","Not modelled by Status",1.609348012037504,0.22146717833986898,Inf,1.2288916281414193,2.107591071937071,"2015-10-09","Pre-bloom","Port Noarlunga - Port Noarlunga Reef Sanctuary Zone","Shannon diversity","Tweedie (log link)","tweedie","log","Tweedie with a log link was specified for non-richness metrics",NA,"shannon_diversity"
"2021-10-12","Not modelled by Status",1.6258672294047918,0.27285264419975036,Inf,1.1701368086267527,2.2590899014233243,"2021-10-12","Pre-bloom","Port Noarlunga - Port Noarlunga Reef Sanctuary Zone","Shannon diversity","Tweedie (log link)","tweedie","log","Tweedie with a log link was specified for non-richness metrics",NA,"shannon_diversity"
"2022-12-01","Not modelled by Status",1.908016885694863,0.29939818890920367,Inf,1.4028626629528782,2.5950711585935253,"2022-12-01","Pre-bloom","Port Noarlunga - Port Noarlunga Reef Sanctuary Zone","Shannon diversity","Tweedie (log link)","tweedie","log","Tweedie with a log link was specified for non-richness metrics",NA,"shannon_diversity"
"2023-12-01","Not modelled by Status",1.2717046792435192,0.2366047282622873,Inf,0.8831154772320965,1.8312812230158981,"2023-12-01","Pre-bloom","Port Noarlunga - Port Noarlunga Reef Sanctuary Zone","Shannon diversity","Tweedie (log link)","tweedie","log","Tweedie with a log link was specified for non-richness metrics",NA,"shannon_diversity"
"2024-12-19","Not modelled by Status",1.882563107114129,0.2970743525187217,Inf,1.3817430057638573,2.564908117850744,"2024-12-19","Pre-bloom","Port Noarlunga - Port Noarlunga Reef Sanctuary Zone","Shannon diversity","Tweedie (log link)","tweedie","log","Tweedie with a log link was specified for non-richness metrics",NA,"shannon_diversity"
"2025-02-04","Not modelled by Status",1.5450480078587616,0.26489949823675507,Inf,1.104086026404842,2.162126219785168,"2025-02-04","Pre-bloom","Port Noarlunga - Port Noarlunga Reef Sanctuary Zone","Shannon diversity","Tweedie (log link)","tweedie","log","Tweedie with a log link was specified for non-richness metrics",NA,"shannon_diversity"
"2025-11-13","Not modelled by Status",1.6231684398255588,0.22256862646690315,Inf,1.2406433581970768,2.123636713676114,"2025-11-13","Bloom","Port Noarlunga - Port Noarlunga Reef Sanctuary Zone","Shannon diversity","Tweedie (log link)","tweedie","log","Tweedie with a log link was specified for non-richness metrics",NA,"shannon_diversity"
"2015-12-10","Fished",1.9081711005798505,0.10991705632991935,Inf,1.7044538625048915,2.1362367320034563,"2015-12-10","Pre-bloom","Rapid Head - Rapid Head Sanctuary Zone","Shannon diversity","Tweedie (log link)","tweedie","log","Tweedie with a log link was specified for non-richness metrics",NA,"shannon_diversity"
"2016-12-06","Fished",1.7338730022388873,0.10023225350656643,Inf,1.5481419140342862,1.9418863094138232,"2016-12-06","Pre-bloom","Rapid Head - Rapid Head Sanctuary Zone","Shannon diversity","Tweedie (log link)","tweedie","log","Tweedie with a log link was specified for non-richness metrics",NA,"shannon_diversity"
"2017-12-05","Fished",1.6839259022704316,0.10745961466492024,Inf,1.4859479935686208,1.9082810815790097,"2017-12-05","Pre-bloom","Rapid Head - Rapid Head Sanctuary Zone","Shannon diversity","Tweedie (log link)","tweedie","log","Tweedie with a log link was specified for non-richness metrics",NA,"shannon_diversity"
"2018-12-11","Fished",1.8625558911667675,0.10847310863741512,Inf,1.661637622675835,2.0877683559749376,"2018-12-11","Pre-bloom","Rapid Head - Rapid Head Sanctuary Zone","Shannon diversity","Tweedie (log link)","tweedie","log","Tweedie with a log link was specified for non-richness metrics",NA,"shannon_diversity"
"2021-01-21","Fished",1.9892853168002909,0.10807751387249424,Inf,1.7883455984301904,2.21280275753798,"2021-01-21","Pre-bloom","Rapid Head - Rapid Head Sanctuary Zone","Shannon diversity","Tweedie (log link)","tweedie","log","Tweedie with a log link was specified for non-richness metrics",NA,"shannon_diversity"
"2025-02-27","Fished",2.0931558370571417,0.11115958913440892,Inf,1.8862422517844128,2.322767053946336,"2025-02-27","Pre-bloom","Rapid Head - Rapid Head Sanctuary Zone","Shannon diversity","Tweedie (log link)","tweedie","log","Tweedie with a log link was specified for non-richness metrics",NA,"shannon_diversity"
"2025-12-10","Fished",1.7225772151443302,0.09987568524720947,Inf,1.537537467354042,1.9298861492076635,"2025-12-10","Bloom","Rapid Head - Rapid Head Sanctuary Zone","Shannon diversity","Tweedie (log link)","tweedie","log","Tweedie with a log link was specified for non-richness metrics",NA,"shannon_diversity"
"2015-12-10","No-take",1.7923465271497625,0.1057420471807759,Inf,1.5966294149294407,2.0120549222925246,"2015-12-10","Pre-bloom","Rapid Head - Rapid Head Sanctuary Zone","Shannon diversity","Tweedie (log link)","tweedie","log","Tweedie with a log link was specified for non-richness metrics",NA,"shannon_diversity"
"2016-12-06","No-take",1.7934536071473264,0.10209778495573879,Inf,1.6041054630813274,2.0051523512744764,"2016-12-06","Pre-bloom","Rapid Head - Rapid Head Sanctuary Zone","Shannon diversity","Tweedie (log link)","tweedie","log","Tweedie with a log link was specified for non-richness metrics",NA,"shannon_diversity"
"2017-12-05","No-take",1.8280801625276846,0.10317218292697884,Inf,1.636649157650191,2.0419019342088713,"2017-12-05","Pre-bloom","Rapid Head - Rapid Head Sanctuary Zone","Shannon diversity","Tweedie (log link)","tweedie","log","Tweedie with a log link was specified for non-richness metrics",NA,"shannon_diversity"
"2018-12-11","No-take",1.7789743923585675,0.10164621207569319,Inf,1.5905017029327986,1.9897808866421884,"2018-12-11","Pre-bloom","Rapid Head - Rapid Head Sanctuary Zone","Shannon diversity","Tweedie (log link)","tweedie","log","Tweedie with a log link was specified for non-richness metrics",NA,"shannon_diversity"
"2021-01-21","No-take",2.247592786009133,0.11564048515388035,Inf,2.0319949049107904,2.486065944118141,"2021-01-21","Pre-bloom","Rapid Head - Rapid Head Sanctuary Zone","Shannon diversity","Tweedie (log link)","tweedie","log","Tweedie with a log link was specified for non-richness metrics",NA,"shannon_diversity"
"2025-02-27","No-take",2.1526637166848834,0.11743531607270219,Inf,1.9343728006327843,2.3955884179180384,"2025-02-27","Pre-bloom","Rapid Head - Rapid Head Sanctuary Zone","Shannon diversity","Tweedie (log link)","tweedie","log","Tweedie with a log link was specified for non-richness metrics",NA,"shannon_diversity"
"2025-12-10","No-take",1.741203710323838,0.10046188130107131,Inf,1.5550271614061824,1.9496703569498477,"2025-12-10","Bloom","Rapid Head - Rapid Head Sanctuary Zone","Shannon diversity","Tweedie (log link)","tweedie","log","Tweedie with a log link was specified for non-richness metrics",NA,"shannon_diversity"
"2016-01-20","Fished",1.9693838585309509,0.12330333003738299,Inf,1.7419534935652117,2.226507651650496,"2016-01-20","Pre-bloom","Sponge Gardens - Sponge Gardens Sanctuary Zone","Shannon diversity","Tweedie (log link)","tweedie","log","Tweedie with a log link was specified for non-richness metrics",NA,"shannon_diversity"
"2016-12-06","Fished",1.8221283927045075,0.11818384910842673,Inf,1.604610989818406,2.069131958192343,"2016-12-06","Pre-bloom","Sponge Gardens - Sponge Gardens Sanctuary Zone","Shannon diversity","Tweedie (log link)","tweedie","log","Tweedie with a log link was specified for non-richness metrics",NA,"shannon_diversity"
"2017-12-05","Fished",2.002911509942107,0.21684785228223497,Inf,1.6199637866270156,2.476385305508205,"2017-12-05","Pre-bloom","Sponge Gardens - Sponge Gardens Sanctuary Zone","Shannon diversity","Tweedie (log link)","tweedie","log","Tweedie with a log link was specified for non-richness metrics",NA,"shannon_diversity"
"2018-01-17","Fished",1.8004153943887948,0.14572551657339364,Inf,1.5363017124655012,2.109934244068578,"2018-01-17","Pre-bloom","Sponge Gardens - Sponge Gardens Sanctuary Zone","Shannon diversity","Tweedie (log link)","tweedie","log","Tweedie with a log link was specified for non-richness metrics",NA,"shannon_diversity"
"2019-01-22","Fished",2.0801417352742617,0.1270581315734032,Inf,1.8454414855167682,2.3446907814680205,"2019-01-22","Pre-bloom","Sponge Gardens - Sponge Gardens Sanctuary Zone","Shannon diversity","Tweedie (log link)","tweedie","log","Tweedie with a log link was specified for non-richness metrics",NA,"shannon_diversity"
"2021-01-21","Fished",1.9781160976833065,0.12360213063432396,Inf,1.7501071698083281,2.2358306756393542,"2021-01-21","Pre-bloom","Sponge Gardens - Sponge Gardens Sanctuary Zone","Shannon diversity","Tweedie (log link)","tweedie","log","Tweedie with a log link was specified for non-richness metrics",NA,"shannon_diversity"
"2025-04-02","Fished",1.938434109735211,0.12223978850640656,Inf,1.7130630083229375,2.193455103244277,"2025-04-02","Bloom","Sponge Gardens - Sponge Gardens Sanctuary Zone","Shannon diversity","Tweedie (log link)","tweedie","log","Tweedie with a log link was specified for non-richness metrics",NA,"shannon_diversity"
"2026-01-27","Fished",1.9932340059972113,0.12411862099969104,Inf,1.7642250882822585,2.2519699039831664,"2026-01-27","Bloom","Sponge Gardens - Sponge Gardens Sanctuary Zone","Shannon diversity","Tweedie (log link)","tweedie","log","Tweedie with a log link was specified for non-richness metrics",NA,"shannon_diversity"
"2016-01-20","No-take",2.4034737780947615,0.1495523527553513,Inf,2.127525230839062,2.7152139576323022,"2016-01-20","Pre-bloom","Sponge Gardens - Sponge Gardens Sanctuary Zone","Shannon diversity","Tweedie (log link)","tweedie","log","Tweedie with a log link was specified for non-richness metrics",NA,"shannon_diversity"
"2016-12-06","No-take",2.015943583822107,0.1301981837358602,Inf,1.7762503220311763,2.287981869867433,"2016-12-06","Pre-bloom","Sponge Gardens - Sponge Gardens Sanctuary Zone","Shannon diversity","Tweedie (log link)","tweedie","log","Tweedie with a log link was specified for non-richness metrics",NA,"shannon_diversity"
"2017-12-05","No-take",2.195409801477228,0.23014595973208152,Inf,1.7876549469324776,2.696171431009573,"2017-12-05","Pre-bloom","Sponge Gardens - Sponge Gardens Sanctuary Zone","Shannon diversity","Tweedie (log link)","tweedie","log","Tweedie with a log link was specified for non-richness metrics",NA,"shannon_diversity"
"2018-01-17","No-take",2.049402437036333,0.15426042748666172,Inf,1.7683023190657559,2.375187943625763,"2018-01-17","Pre-bloom","Sponge Gardens - Sponge Gardens Sanctuary Zone","Shannon diversity","Tweedie (log link)","tweedie","log","Tweedie with a log link was specified for non-richness metrics",NA,"shannon_diversity"
"2019-01-22","No-take",1.967500549462223,0.12323788453049617,Inf,1.7401967162485532,2.2244947229180063,"2019-01-22","Pre-bloom","Sponge Gardens - Sponge Gardens Sanctuary Zone","Shannon diversity","Tweedie (log link)","tweedie","log","Tweedie with a log link was specified for non-richness metrics",NA,"shannon_diversity"
"2021-01-21","No-take",1.9452636680171873,0.12247438490961814,Inf,1.7194381983277267,2.2007483268592813,"2021-01-21","Pre-bloom","Sponge Gardens - Sponge Gardens Sanctuary Zone","Shannon diversity","Tweedie (log link)","tweedie","log","Tweedie with a log link was specified for non-richness metrics",NA,"shannon_diversity"
"2025-04-02","No-take",2.1611071914164284,0.13502544610312014,Inf,1.912024466829171,2.4426383520797676,"2025-04-02","Bloom","Sponge Gardens - Sponge Gardens Sanctuary Zone","Shannon diversity","Tweedie (log link)","tweedie","log","Tweedie with a log link was specified for non-richness metrics",NA,"shannon_diversity"
"2026-01-27","No-take",2.066633049986985,0.13176244256029082,Inf,1.8238674158159969,2.3417119721872317,"2026-01-27","Bloom","Sponge Gardens - Sponge Gardens Sanctuary Zone","Shannon diversity","Tweedie (log link)","tweedie","log","Tweedie with a log link was specified for non-richness metrics",NA,"shannon_diversity"
"2016-04-19","Fished",1.762856022405762,0.20980455971014064,Inf,1.396085244201683,2.2259825240895688,"2016-04-19","Pre-bloom","The Pages - The Pages Sanctuary Zone","Shannon diversity","Tweedie (log link)","tweedie","log","Tweedie with a log link was specified for non-richness metrics",NA,"shannon_diversity"
"2017-06-02","Fished",1.8952417730261057,0.22208520157443082,Inf,1.5063312195116758,2.384562791832447,"2017-06-02","Pre-bloom","The Pages - The Pages Sanctuary Zone","Shannon diversity","Tweedie (log link)","tweedie","log","Tweedie with a log link was specified for non-richness metrics",NA,"shannon_diversity"
"2018-06-26","Fished",1.8296521050757388,0.22105077008122506,Inf,1.443876262839204,2.318499799300938,"2018-06-26","Pre-bloom","The Pages - The Pages Sanctuary Zone","Shannon diversity","Tweedie (log link)","tweedie","log","Tweedie with a log link was specified for non-richness metrics",NA,"shannon_diversity"
"2019-06-06","Fished",1.9904730281486616,0.23087071854470903,Inf,1.585722712422422,2.498534481942809,"2019-06-06","Pre-bloom","The Pages - The Pages Sanctuary Zone","Shannon diversity","Tweedie (log link)","tweedie","log","Tweedie with a log link was specified for non-richness metrics",NA,"shannon_diversity"
"2021-05-20","Fished",1.8198646484802614,0.21512146447933772,Inf,1.4435132323427156,2.2943380528720225,"2021-05-20","Pre-bloom","The Pages - The Pages Sanctuary Zone","Shannon diversity","Tweedie (log link)","tweedie","log","Tweedie with a log link was specified for non-richness metrics",NA,"shannon_diversity"
"2025-04-09","Fished",1.7908162301055928,0.23455225640672805,Inf,1.3853670427409372,2.3149264209898766,"2025-04-09","Bloom","The Pages - The Pages Sanctuary Zone","Shannon diversity","Tweedie (log link)","tweedie","log","Tweedie with a log link was specified for non-richness metrics",NA,"shannon_diversity"
"2025-12-02","Fished",1.3739277199798903,0.17333032516263244,Inf,1.0729488598837391,1.759335836317196,"2025-12-02","Bloom","The Pages - The Pages Sanctuary Zone","Shannon diversity","Tweedie (log link)","tweedie","log","Tweedie with a log link was specified for non-richness metrics",NA,"shannon_diversity"
"2026-03-01","Fished",1.406063485756488,0.17640020611316803,Inf,1.0995523729024235,1.7980176067094258,"2026-03-01","Bloom","The Pages - The Pages Sanctuary Zone","Shannon diversity","Tweedie (log link)","tweedie","log","Tweedie with a log link was specified for non-richness metrics",NA,"shannon_diversity"
"2016-04-19","No-take",1.7111221765208942,0.2050366042270163,Inf,1.3529604574482161,2.1640980613017415,"2016-04-19","Pre-bloom","The Pages - The Pages Sanctuary Zone","Shannon diversity","Tweedie (log link)","tweedie","log","Tweedie with a log link was specified for non-richness metrics",NA,"shannon_diversity"
"2017-06-02","No-take",1.9095134487187015,0.22865090514409486,Inf,1.510070692722557,2.414616500015412,"2017-06-02","Pre-bloom","The Pages - The Pages Sanctuary Zone","Shannon diversity","Tweedie (log link)","tweedie","log","Tweedie with a log link was specified for non-richness metrics",NA,"shannon_diversity"
"2018-06-26","No-take",2.026948698232358,0.23426119507443335,Inf,1.6160938093698676,2.5422540458018386,"2018-06-26","Pre-bloom","The Pages - The Pages Sanctuary Zone","Shannon diversity","Tweedie (log link)","tweedie","log","Tweedie with a log link was specified for non-richness metrics",NA,"shannon_diversity"
"2019-06-06","No-take",2.1174506115929104,0.24256493705041654,Inf,1.6916236295734772,2.65046965184902,"2019-06-06","Pre-bloom","The Pages - The Pages Sanctuary Zone","Shannon diversity","Tweedie (log link)","tweedie","log","Tweedie with a log link was specified for non-richness metrics",NA,"shannon_diversity"
"2021-05-20","No-take",1.7813082807611977,0.2163779114577627,Inf,1.4039204206698783,2.260141774698593,"2021-05-20","Pre-bloom","The Pages - The Pages Sanctuary Zone","Shannon diversity","Tweedie (log link)","tweedie","log","Tweedie with a log link was specified for non-richness metrics",NA,"shannon_diversity"
"2025-04-09","No-take",1.2273244294274348,0.17804466172021838,Inf,0.9235870926322,1.6309509596722378,"2025-04-09","Bloom","The Pages - The Pages Sanctuary Zone","Shannon diversity","Tweedie (log link)","tweedie","log","Tweedie with a log link was specified for non-richness metrics",NA,"shannon_diversity"
"2025-12-02","No-take",1.0259213063097885,0.13964487093221337,Inf,0.7856903699736898,1.3396047183009614,"2025-12-02","Bloom","The Pages - The Pages Sanctuary Zone","Shannon diversity","Tweedie (log link)","tweedie","log","Tweedie with a log link was specified for non-richness metrics",NA,"shannon_diversity"
"2026-03-01","No-take",1.569592285054961,0.19186506348913263,Inf,1.2351992170979649,1.994512227017273,"2026-03-01","Bloom","The Pages - The Pages Sanctuary Zone","Shannon diversity","Tweedie (log link)","tweedie","log","Tweedie with a log link was specified for non-richness metrics",NA,"shannon_diversity"
"2017-11-28","Not modelled by Status",1.251610855272927,0.1761914784811769,Inf,0.9498262573645835,1.649280298255355,"2017-11-28","Pre-bloom","Victor Harbor - Encounter Bay Sanctuary Zone","Shannon diversity","Tweedie (log link)","tweedie","log","Tweedie with a log link was specified for non-richness metrics",NA,"shannon_diversity"
"2018-11-27","Not modelled by Status",1.3589019741013149,0.2703788270734096,Inf,0.9200803334363326,2.0070145052657318,"2018-11-27","Pre-bloom","Victor Harbor - Encounter Bay Sanctuary Zone","Shannon diversity","Tweedie (log link)","tweedie","log","Tweedie with a log link was specified for non-richness metrics",NA,"shannon_diversity"
"2021-11-23","Not modelled by Status",1.7080831290441691,0.2687762517527077,Inf,1.2547805268333174,2.325146042143576,"2021-11-23","Pre-bloom","Victor Harbor - Encounter Bay Sanctuary Zone","Shannon diversity","Tweedie (log link)","tweedie","log","Tweedie with a log link was specified for non-richness metrics",NA,"shannon_diversity"
"2025-10-30","Not modelled by Status",1.6251561648605024,0.20925285090414023,Inf,1.2626865982050024,2.091677035250593,"2025-10-30","Bloom","Victor Harbor - Encounter Bay Sanctuary Zone","Shannon diversity","Tweedie (log link)","tweedie","log","Tweedie with a log link was specified for non-richness metrics",NA,"shannon_diversity"
"2026-01-23","Not modelled by Status",1.4772403619037602,0.19248271754851176,Inf,1.1443018091324535,1.9070485333690121,"2026-01-23","Bloom","Victor Harbor - Encounter Bay Sanctuary Zone","Shannon diversity","Tweedie (log link)","tweedie","log","Tweedie with a log link was specified for non-richness metrics",NA,"shannon_diversity"
"2017-04-12","Not modelled by Status",1.4922998105493523,0.18190835204430061,Inf,1.1751581692844624,1.8950289269755045,"2017-04-12","Pre-bloom","Windara Reef - Windara Shell fish Reef Sanctuary Zone","Shannon diversity","Tweedie (log link)","tweedie","log","Tweedie with a log link was specified for non-richness metrics",NA,"shannon_diversity"
"2017-11-23","Not modelled by Status",1.5034392628983022,0.1829796583415708,Inf,1.1843726652039293,1.9084614865161542,"2017-11-23","Pre-bloom","Windara Reef - Windara Shell fish Reef Sanctuary Zone","Shannon diversity","Tweedie (log link)","tweedie","log","Tweedie with a log link was specified for non-richness metrics",NA,"shannon_diversity"
"2018-04-24","Not modelled by Status",1.3832002785526063,0.17142309495401203,Inf,1.0849101251439341,1.7635036914547915,"2018-04-24","Pre-bloom","Windara Reef - Windara Shell fish Reef Sanctuary Zone","Shannon diversity","Tweedie (log link)","tweedie","log","Tweedie with a log link was specified for non-richness metrics",NA,"shannon_diversity"
"2018-11-29","Not modelled by Status",1.5477561425200197,0.18721465294570738,Inf,1.2210747732342544,1.9618365142073755,"2018-11-29","Pre-bloom","Windara Reef - Windara Shell fish Reef Sanctuary Zone","Shannon diversity","Tweedie (log link)","tweedie","log","Tweedie with a log link was specified for non-richness metrics",NA,"shannon_diversity"
"2019-10-22","Not modelled by Status",1.3552423886264888,0.16874033079142342,Inf,1.0617797476453235,1.7298144327985014,"2019-10-22","Pre-bloom","Windara Reef - Windara Shell fish Reef Sanctuary Zone","Shannon diversity","Tweedie (log link)","tweedie","log","Tweedie with a log link was specified for non-richness metrics",NA,"shannon_diversity"
"2020-10-28","Not modelled by Status",1.511336876266553,0.18373312567987632,Inf,1.1909149933265408,1.9179699360261953,"2020-10-28","Pre-bloom","Windara Reef - Windara Shell fish Reef Sanctuary Zone","Shannon diversity","Tweedie (log link)","tweedie","log","Tweedie with a log link was specified for non-richness metrics",NA,"shannon_diversity"
"2025-10-24","Not modelled by Status",0.42381658802230643,0.07423844084470267,Inf,0.30066024774407324,0.5974201831821985,"2025-10-24","Bloom","Windara Reef - Windara Shell fish Reef Sanctuary Zone","Shannon diversity","Tweedie (log link)","tweedie","log","Tweedie with a log link was specified for non-richness metrics",NA,"shannon_diversity"
"2015-12-10","Fished",3.5000000033953076,1.4413252235926637,Inf,1.561482478071951,7.845108860198616,"2015-12-10","Pre-bloom","Aldinga - Aldinga Reef Sanctuary Zone","Abundance > 200 mm","Tweedie (log link)","tweedie","log","Tweedie with a log link was specified for non-richness metrics",NA,"large_fish"
"2026-02-21","Fished",1.2727272721312497,0.6384768005534784,Inf,0.4761253355478521,3.402118283335616,"2026-02-21","Bloom","Aldinga - Aldinga Reef Sanctuary Zone","Abundance > 200 mm","Tweedie (log link)","tweedie","log","Tweedie with a log link was specified for non-richness metrics",NA,"large_fish"
"2015-12-10","No-take",9.749999981959457,2.7980532937840796,Inf,5.5555485151728705,17.11127162125977,"2015-12-10","Pre-bloom","Aldinga - Aldinga Reef Sanctuary Zone","Abundance > 200 mm","Tweedie (log link)","tweedie","log","Tweedie with a log link was specified for non-richness metrics",NA,"large_fish"
"2026-02-21","No-take",16.166666678774288,3.169643566918768,Inf,11.008636872622086,23.741459957915634,"2026-02-21","Bloom","Aldinga - Aldinga Reef Sanctuary Zone","Abundance > 200 mm","Tweedie (log link)","tweedie","log","Tweedie with a log link was specified for non-richness metrics",NA,"large_fish"
"2017-01-12","Fished",1.6880716014167758,0.5559740930855622,Inf,0.8852047734547531,3.2191260338424432,"2017-01-12","Pre-bloom","Cape Elizabeth - Cape Elizabeth Sanctuary Zone","Abundance > 200 mm","Tweedie (log link)","tweedie","log","Tweedie with a log link was specified for non-richness metrics",NA,"large_fish"
"2026-03-10","Fished",3.503897755925973,0.935779812513042,Inf,2.0759769421998526,5.913986439065731,"2026-03-10","Bloom","Cape Elizabeth - Cape Elizabeth Sanctuary Zone","Abundance > 200 mm","Tweedie (log link)","tweedie","log","Tweedie with a log link was specified for non-richness metrics",NA,"large_fish"
"2017-01-12","No-take",2.684157916142051,0.7653606151629438,Inf,1.5349580463582164,4.693746344326248,"2017-01-12","Pre-bloom","Cape Elizabeth - Cape Elizabeth Sanctuary Zone","Abundance > 200 mm","Tweedie (log link)","tweedie","log","Tweedie with a log link was specified for non-richness metrics",NA,"large_fish"
"2026-03-10","No-take",2.8645106395453843,0.8078356073729539,Inf,1.6481572548550774,4.978542660233116,"2026-03-10","Bloom","Cape Elizabeth - Cape Elizabeth Sanctuary Zone","Abundance > 200 mm","Tweedie (log link)","tweedie","log","Tweedie with a log link was specified for non-richness metrics",NA,"large_fish"
"2015-12-10","Fished",3.289214736103223,1.1212284800847137,Inf,1.6862982782314528,6.415788784143941,"2015-12-10","Pre-bloom","Carrickalinga - Carrickalinga Cliffs Sanctuary Zone","Abundance > 200 mm","Tweedie (log link)","tweedie","log","Tweedie with a log link was specified for non-richness metrics",NA,"large_fish"
"2016-12-06","Fished",3.7629828772911154,0.953714275259164,Inf,2.2898040434523326,6.183952803855241,"2016-12-06","Pre-bloom","Carrickalinga - Carrickalinga Cliffs Sanctuary Zone","Abundance > 200 mm","Tweedie (log link)","tweedie","log","Tweedie with a log link was specified for non-richness metrics",NA,"large_fish"
"2017-12-05","Fished",4.947937028097728,1.2380800368538936,Inf,3.0299486558426296,8.080031582981432,"2017-12-05","Pre-bloom","Carrickalinga - Carrickalinga Cliffs Sanctuary Zone","Abundance > 200 mm","Tweedie (log link)","tweedie","log","Tweedie with a log link was specified for non-richness metrics",NA,"large_fish"
"2018-12-11","Fished",3.9835498319066627,1.1312868477232587,Inf,2.2831678582900645,6.950285852030231,"2018-12-11","Pre-bloom","Carrickalinga - Carrickalinga Cliffs Sanctuary Zone","Abundance > 200 mm","Tweedie (log link)","tweedie","log","Tweedie with a log link was specified for non-richness metrics",NA,"large_fish"
"2020-12-04","Fished",9.278312860584437,1.7315673676670362,Inf,6.435959759855718,13.37595211142471,"2020-12-04","Pre-bloom","Carrickalinga - Carrickalinga Cliffs Sanctuary Zone","Abundance > 200 mm","Tweedie (log link)","tweedie","log","Tweedie with a log link was specified for non-richness metrics",NA,"large_fish"
"2025-02-20","Fished",11.841459645373751,2.044863164029376,Inf,8.441390911639555,16.611026310802654,"2025-02-20","Pre-bloom","Carrickalinga - Carrickalinga Cliffs Sanctuary Zone","Abundance > 200 mm","Tweedie (log link)","tweedie","log","Tweedie with a log link was specified for non-richness metrics",NA,"large_fish"
"2025-12-17","Fished",9.122421917843688,1.711517499485677,Inf,6.315542206569646,13.176791307100771,"2025-12-17","Bloom","Carrickalinga - Carrickalinga Cliffs Sanctuary Zone","Abundance > 200 mm","Tweedie (log link)","tweedie","log","Tweedie with a log link was specified for non-richness metrics",NA,"large_fish"
"2015-12-10","No-take",13.572338905870259,2.4271958345236375,Inf,9.559406012632271,19.26985663464628,"2015-12-10","Pre-bloom","Carrickalinga - Carrickalinga Cliffs Sanctuary Zone","Abundance > 200 mm","Tweedie (log link)","tweedie","log","Tweedie with a log link was specified for non-richness metrics",NA,"large_fish"
"2016-12-06","No-take",9.389564663726912,1.7449239935883447,Inf,6.523206503436989,13.515427501468286,"2016-12-06","Pre-bloom","Carrickalinga - Carrickalinga Cliffs Sanctuary Zone","Abundance > 200 mm","Tweedie (log link)","tweedie","log","Tweedie with a log link was specified for non-richness metrics",NA,"large_fish"
"2017-12-05","No-take",16.693744318433165,3.288767923311424,Inf,11.346500580860877,24.560973436981538,"2017-12-05","Pre-bloom","Carrickalinga - Carrickalinga Cliffs Sanctuary Zone","Abundance > 200 mm","Tweedie (log link)","tweedie","log","Tweedie with a log link was specified for non-richness metrics",NA,"large_fish"
"2018-12-11","No-take",9.30137596174955,1.9594203301818407,Inf,6.155080976691115,14.055963700468153,"2018-12-11","Pre-bloom","Carrickalinga - Carrickalinga Cliffs Sanctuary Zone","Abundance > 200 mm","Tweedie (log link)","tweedie","log","Tweedie with a log link was specified for non-richness metrics",NA,"large_fish"
"2020-12-04","No-take",15.447502469850056,2.4596968940346513,Inf,11.306337451001479,21.105449363258387,"2020-12-04","Pre-bloom","Carrickalinga - Carrickalinga Cliffs Sanctuary Zone","Abundance > 200 mm","Tweedie (log link)","tweedie","log","Tweedie with a log link was specified for non-richness metrics",NA,"large_fish"
"2025-02-20","No-take",23.009187962568234,3.524464345901339,Inf,17.04187252570355,31.065995236045133,"2025-02-20","Pre-bloom","Carrickalinga - Carrickalinga Cliffs Sanctuary Zone","Abundance > 200 mm","Tweedie (log link)","tweedie","log","Tweedie with a log link was specified for non-richness metrics",NA,"large_fish"
"2025-12-17","No-take",11.828440278680436,2.122467047682539,Inf,8.321275701923843,16.81376803726893,"2025-12-17","Bloom","Carrickalinga - Carrickalinga Cliffs Sanctuary Zone","Abundance > 200 mm","Tweedie (log link)","tweedie","log","Tweedie with a log link was specified for non-richness metrics",NA,"large_fish"
"2015-11-15","Fished",10.157266602775476,2.5556204284910344,Inf,6.203119862343429,16.631963774577496,"2015-11-15","Pre-bloom","Chinamans Hat - Chinamans Hat Sanctuary Zone","Abundance > 200 mm","Tweedie (log link)","tweedie","log","Tweedie with a log link was specified for non-richness metrics",NA,"large_fish"
"2025-12-04","Fished",8.792186798674924,2.3071371878636566,Inf,5.256965163636138,14.704786183008485,"2025-12-04","Bloom","Chinamans Hat - Chinamans Hat Sanctuary Zone","Abundance > 200 mm","Tweedie (log link)","tweedie","log","Tweedie with a log link was specified for non-richness metrics",NA,"large_fish"
"2015-11-15","No-take",10.832051930025466,2.7070921647923143,Inf,6.637166416969826,17.67822917845965,"2015-11-15","Pre-bloom","Chinamans Hat - Chinamans Hat Sanctuary Zone","Abundance > 200 mm","Tweedie (log link)","tweedie","log","Tweedie with a log link was specified for non-richness metrics",NA,"large_fish"
"2025-12-04","No-take",10.20162789813436,2.656455213474112,Inf,6.12379522130878,16.994887649060008,"2025-12-04","Bloom","Chinamans Hat - Chinamans Hat Sanctuary Zone","Abundance > 200 mm","Tweedie (log link)","tweedie","log","Tweedie with a log link was specified for non-richness metrics",NA,"large_fish"
"2017-01-12","Fished",1.1428572484912924,0.5526756029804141,Inf,0.44295385918850755,2.9486653368861204,"2017-01-12","Pre-bloom","Cuttlefish Coast - Fairway Bank Sanctuary Zone","Abundance > 200 mm","Tweedie (log link)","tweedie","log","Tweedie with a log link was specified for non-richness metrics",NA,"large_fish"
"2026-02-16","Fished",7.142857023355145,1.6126336583677239,Inf,4.588780431398844,11.118511164096137,"2026-02-16","Bloom","Cuttlefish Coast - Fairway Bank Sanctuary Zone","Abundance > 200 mm","Tweedie (log link)","tweedie","log","Tweedie with a log link was specified for non-richness metrics",NA,"large_fish"
"2017-01-12","No-take",0.4285713227510052,0.3115725074367899,Inf,0.1030854307466423,1.781758851412947,"2017-01-12","Pre-bloom","Cuttlefish Coast - Fairway Bank Sanctuary Zone","Abundance > 200 mm","Tweedie (log link)","tweedie","log","Tweedie with a log link was specified for non-richness metrics",NA,"large_fish"
"2026-02-16","No-take",5.4166667152064,1.0478315297557133,Inf,3.7074110045914566,7.913953502130816,"2026-02-16","Bloom","Cuttlefish Coast - Fairway Bank Sanctuary Zone","Abundance > 200 mm","Tweedie (log link)","tweedie","log","Tweedie with a log link was specified for non-richness metrics",NA,"large_fish"
"2025-11-10","Not modelled by Status",36.0909090363834,2.6066520383379648,Inf,31.327094455381754,41.57914219997931,"2025-11-10","Bloom","Dangerous Reef - Dangerous Reef Sanctuary Zone","Abundance > 200 mm","Tweedie (log link)","tweedie","log","Tweedie with a log link was specified for non-richness metrics",NA,"large_fish"
"2026-04-08","Not modelled by Status",41.41666655394178,2.6742083449731022,Inf,36.49340698210797,47.00411417551118,"2026-04-08","Bloom","Dangerous Reef - Dangerous Reef Sanctuary Zone","Abundance > 200 mm","Tweedie (log link)","tweedie","log","Tweedie with a log link was specified for non-richness metrics",NA,"large_fish"
"2020-10-13","Not modelled by Status",1.3744975767686067,1.1414737585300945,Inf,0.2699292080250137,6.999033570193339,"2020-10-13","Pre-bloom","Glenelg","Abundance > 200 mm","Tweedie (log link)","tweedie","log","Tweedie with a log link was specified for non-richness metrics",NA,"large_fish"
"2021-10-25","Not modelled by Status",1.6854906492405122,1.354550982693154,Inf,0.34886305841211845,8.14324893443209,"2021-10-25","Pre-bloom","Glenelg","Abundance > 200 mm","Tweedie (log link)","tweedie","log","Tweedie with a log link was specified for non-richness metrics",NA,"large_fish"
"2022-12-02","Not modelled by Status",1.1532851038651086,0.9447869392612466,Inf,0.23153717498263557,5.744505308475429,"2022-12-02","Pre-bloom","Glenelg","Abundance > 200 mm","Tweedie (log link)","tweedie","log","Tweedie with a log link was specified for non-richness metrics",NA,"large_fish"
"2023-11-23","Not modelled by Status",1.815152714496932,1.4426331839365247,Inf,0.3822977313258848,8.618359741551767,"2023-11-23","Pre-bloom","Glenelg","Abundance > 200 mm","Tweedie (log link)","tweedie","log","Tweedie with a log link was specified for non-richness metrics",NA,"large_fish"
"2026-03-20","Not modelled by Status",0.6745903532753389,0.557078668784467,Inf,0.1336950799089121,3.403806221157817,"2026-03-20","Bloom","Glenelg","Abundance > 200 mm","Tweedie (log link)","tweedie","log","Tweedie with a log link was specified for non-richness metrics",NA,"large_fish"
"2021-10-12","Not modelled by Status",0.7984815387771943,0.8722594764797635,Inf,0.09384565852874974,6.793844038855295,"2021-10-12","Pre-bloom","O'Sullivan","Abundance > 200 mm","Tweedie (log link)","tweedie","log","Tweedie with a log link was specified for non-richness metrics",NA,"large_fish"
"2022-12-01","Not modelled by Status",0.5011339141028095,0.5455478314859805,Inf,0.059335272966569555,4.232477366464559,"2022-12-01","Pre-bloom","O'Sullivan","Abundance > 200 mm","Tweedie (log link)","tweedie","log","Tweedie with a log link was specified for non-richness metrics",NA,"large_fish"
"2023-12-01","Not modelled by Status",1.1221884449537431,1.1896977143572556,Inf,0.14049380302172665,8.963433823433155,"2023-12-01","Pre-bloom","O'Sullivan","Abundance > 200 mm","Tweedie (log link)","tweedie","log","Tweedie with a log link was specified for non-richness metrics",NA,"large_fish"
"2024-12-19","Not modelled by Status",0.26536593494295885,0.325564660790278,Inf,0.023963324655118218,2.9386189287849995,"2024-12-19","Pre-bloom","O'Sullivan","Abundance > 200 mm","Tweedie (log link)","tweedie","log","Tweedie with a log link was specified for non-richness metrics",NA,"large_fish"
"2025-11-13","Not modelled by Status",0.47027351257136085,0.4952108959638328,Inf,0.05970517386989888,3.7041543017380802,"2025-11-13","Bloom","O'Sullivan","Abundance > 200 mm","Tweedie (log link)","tweedie","log","Tweedie with a log link was specified for non-richness metrics",NA,"large_fish"
"2026-03-06","Not modelled by Status",0.4199749185608006,0.4451173433989353,Inf,0.052609401539968716,3.3526124049548733,"2026-03-06","Bloom","O'Sullivan","Abundance > 200 mm","Tweedie (log link)","tweedie","log","Tweedie with a log link was specified for non-richness metrics",NA,"large_fish"
"2021-10-12","Not modelled by Status",8.33333845872672,2.1750786979731647,Inf,4.996288598451386,13.899223093161263,"2021-10-12","Pre-bloom","Port Noarlunga - Port Noarlunga Reef Sanctuary Zone","Abundance > 200 mm","Tweedie (log link)","tweedie","log","Tweedie with a log link was specified for non-richness metrics",NA,"large_fish"
"2022-12-01","Not modelled by Status",7.999996713280193,1.8451260945552124,Inf,5.090588071616688,12.572211012188333,"2022-12-01","Pre-bloom","Port Noarlunga - Port Noarlunga Reef Sanctuary Zone","Abundance > 200 mm","Tweedie (log link)","tweedie","log","Tweedie with a log link was specified for non-richness metrics",NA,"large_fish"
"2023-12-01","Not modelled by Status",9.000001504835515,2.2615357367538387,Inf,5.499854568517399,14.727667082454653,"2023-12-01","Pre-bloom","Port Noarlunga - Port Noarlunga Reef Sanctuary Zone","Abundance > 200 mm","Tweedie (log link)","tweedie","log","Tweedie with a log link was specified for non-richness metrics",NA,"large_fish"
"2024-12-19","Not modelled by Status",9.249999585445547,1.9859156541207361,Inf,6.072872942827927,14.0892940024033,"2024-12-19","Pre-bloom","Port Noarlunga - Port Noarlunga Reef Sanctuary Zone","Abundance > 200 mm","Tweedie (log link)","tweedie","log","Tweedie with a log link was specified for non-richness metrics",NA,"large_fish"
"2025-11-13","Not modelled by Status",5.000004861602296,1.3007323935270914,Inf,3.0028494410102717,8.325441920136905,"2025-11-13","Bloom","Port Noarlunga - Port Noarlunga Reef Sanctuary Zone","Abundance > 200 mm","Tweedie (log link)","tweedie","log","Tweedie with a log link was specified for non-richness metrics",NA,"large_fish"
"2015-12-10","Fished",10.127005608494155,2.265563193450675,Inf,6.532124986909047,15.700287854259344,"2015-12-10","Pre-bloom","Rapid Head - Rapid Head Sanctuary Zone","Abundance > 200 mm","Tweedie (log link)","tweedie","log","Tweedie with a log link was specified for non-richness metrics",NA,"large_fish"
"2016-12-06","Fished",7.972818851556936,1.9003446409327163,Inf,4.997186116939392,12.720326790364494,"2016-12-06","Pre-bloom","Rapid Head - Rapid Head Sanctuary Zone","Abundance > 200 mm","Tweedie (log link)","tweedie","log","Tweedie with a log link was specified for non-richness metrics",NA,"large_fish"
"2017-12-05","Fished",7.5784140173053824,1.9003596606501971,Inf,4.635871770997458,12.388685851277012,"2017-12-05","Pre-bloom","Rapid Head - Rapid Head Sanctuary Zone","Abundance > 200 mm","Tweedie (log link)","tweedie","log","Tweedie with a log link was specified for non-richness metrics",NA,"large_fish"
"2018-12-11","Fished",8.382406136695993,2.1479779702742623,Inf,5.072822714958104,13.851209984794222,"2018-12-11","Pre-bloom","Rapid Head - Rapid Head Sanctuary Zone","Abundance > 200 mm","Tweedie (log link)","tweedie","log","Tweedie with a log link was specified for non-richness metrics",NA,"large_fish"
"2021-01-21","Fished",7.9985181568438115,1.8362339991320478,Inf,5.100323076617033,12.543576503744665,"2021-01-21","Pre-bloom","Rapid Head - Rapid Head Sanctuary Zone","Abundance > 200 mm","Tweedie (log link)","tweedie","log","Tweedie with a log link was specified for non-richness metrics",NA,"large_fish"
"2025-02-27","Fished",7.473908300843394,1.742271678156333,Inf,4.732829728989151,11.802517413054359,"2025-02-27","Pre-bloom","Rapid Head - Rapid Head Sanctuary Zone","Abundance > 200 mm","Tweedie (log link)","tweedie","log","Tweedie with a log link was specified for non-richness metrics",NA,"large_fish"
"2025-12-10","Fished",6.997677713129373,1.6146898202759743,Inf,4.451866555086262,10.999317425829423,"2025-12-10","Bloom","Rapid Head - Rapid Head Sanctuary Zone","Abundance > 200 mm","Tweedie (log link)","tweedie","log","Tweedie with a log link was specified for non-richness metrics",NA,"large_fish"
"2015-12-10","No-take",9.399407951996965,2.0465253831821935,Inf,6.134357543786045,14.402301988014873,"2015-12-10","Pre-bloom","Rapid Head - Rapid Head Sanctuary Zone","Abundance > 200 mm","Tweedie (log link)","tweedie","log","Tweedie with a log link was specified for non-richness metrics",NA,"large_fish"
"2016-12-06","No-take",10.372167947464765,2.416890309594404,Inf,6.569392413314346,16.376227992162057,"2016-12-06","Pre-bloom","Rapid Head - Rapid Head Sanctuary Zone","Abundance > 200 mm","Tweedie (log link)","tweedie","log","Tweedie with a log link was specified for non-richness metrics",NA,"large_fish"
"2017-12-05","No-take",10.959462947035815,2.337342250697643,Inf,7.2152627933765086,16.64663249656129,"2017-12-05","Pre-bloom","Rapid Head - Rapid Head Sanctuary Zone","Abundance > 200 mm","Tweedie (log link)","tweedie","log","Tweedie with a log link was specified for non-richness metrics",NA,"large_fish"
"2018-12-11","No-take",11.282069290478656,2.6536376801160846,Inf,7.11506699138481,17.88951356737514,"2018-12-11","Pre-bloom","Rapid Head - Rapid Head Sanctuary Zone","Abundance > 200 mm","Tweedie (log link)","tweedie","log","Tweedie with a log link was specified for non-richness metrics",NA,"large_fish"
"2021-01-21","No-take",8.619101387241926,1.8924487926928886,Inf,5.6049060546813,13.254264745705862,"2021-01-21","Pre-bloom","Rapid Head - Rapid Head Sanctuary Zone","Abundance > 200 mm","Tweedie (log link)","tweedie","log","Tweedie with a log link was specified for non-richness metrics",NA,"large_fish"
"2025-02-27","No-take",11.36421702918639,2.5606236816537495,Inf,7.30708094977776,17.674010945557928,"2025-02-27","Pre-bloom","Rapid Head - Rapid Head Sanctuary Zone","Abundance > 200 mm","Tweedie (log link)","tweedie","log","Tweedie with a log link was specified for non-richness metrics",NA,"large_fish"
"2025-12-10","No-take",6.206371433627848,1.5337924157448508,Inf,3.8236550148983572,10.073881200596684,"2025-12-10","Bloom","Rapid Head - Rapid Head Sanctuary Zone","Abundance > 200 mm","Tweedie (log link)","tweedie","log","Tweedie with a log link was specified for non-richness metrics",NA,"large_fish"
"2016-01-20","Fished",13.099999138066595,2.046166983181247,Inf,9.645328472497676,17.79203040172947,"2016-01-20","Pre-bloom","Sponge Gardens - Sponge Gardens Sanctuary Zone","Abundance > 200 mm","Tweedie (log link)","tweedie","log","Tweedie with a log link was specified for non-richness metrics",NA,"large_fish"
"2016-12-06","Fished",8.49999986230353,1.4418276322486814,Inf,6.095822873506715,11.852378121609872,"2016-12-06","Pre-bloom","Sponge Gardens - Sponge Gardens Sanctuary Zone","Abundance > 200 mm","Tweedie (log link)","tweedie","log","Tweedie with a log link was specified for non-richness metrics",NA,"large_fish"
"2017-12-05","Fished",13.000000310295983,4.554431711701806,Inf,6.542333130578346,25.83176440187722,"2017-12-05","Pre-bloom","Sponge Gardens - Sponge Gardens Sanctuary Zone","Abundance > 200 mm","Tweedie (log link)","tweedie","log","Tweedie with a log link was specified for non-richness metrics",NA,"large_fish"
"2018-01-17","Fished",8.499998897835326,1.765870858727205,Inf,5.656947400293576,12.771902609427167,"2018-01-17","Pre-bloom","Sponge Gardens - Sponge Gardens Sanctuary Zone","Abundance > 200 mm","Tweedie (log link)","tweedie","log","Tweedie with a log link was specified for non-richness metrics",NA,"large_fish"
"2019-01-22","Fished",8.916666281611219,1.4837241022816225,Inf,6.435220778337615,12.354966568553559,"2019-01-22","Pre-bloom","Sponge Gardens - Sponge Gardens Sanctuary Zone","Abundance > 200 mm","Tweedie (log link)","tweedie","log","Tweedie with a log link was specified for non-richness metrics",NA,"large_fish"
"2021-01-21","Fished",13.249999042800507,1.880658656373872,Inf,10.032271303767102,17.499773413054623,"2021-01-21","Pre-bloom","Sponge Gardens - Sponge Gardens Sanctuary Zone","Abundance > 200 mm","Tweedie (log link)","tweedie","log","Tweedie with a log link was specified for non-richness metrics",NA,"large_fish"
"2025-04-02","Fished",13.199998834500539,2.055501625628218,Inf,9.728030643287662,17.911124627371635,"2025-04-02","Bloom","Sponge Gardens - Sponge Gardens Sanctuary Zone","Abundance > 200 mm","Tweedie (log link)","tweedie","log","Tweedie with a log link was specified for non-richness metrics",NA,"large_fish"
"2026-01-27","Fished",17.19999833536098,2.4083670415641873,Inf,13.071999210796168,22.63157593308958,"2026-01-27","Bloom","Sponge Gardens - Sponge Gardens Sanctuary Zone","Abundance > 200 mm","Tweedie (log link)","tweedie","log","Tweedie with a log link was specified for non-richness metrics",NA,"large_fish"
"2016-01-20","No-take",20.800001355727808,2.6985044578500417,Inf,16.129914478665167,26.822216383758647,"2016-01-20","Pre-bloom","Sponge Gardens - Sponge Gardens Sanctuary Zone","Abundance > 200 mm","Tweedie (log link)","tweedie","log","Tweedie with a log link was specified for non-richness metrics",NA,"large_fish"
"2016-12-06","No-take",8.400000676560088,1.5682948549951152,Inf,5.825839293826416,12.111561580660435,"2016-12-06","Pre-bloom","Sponge Gardens - Sponge Gardens Sanctuary Zone","Abundance > 200 mm","Tweedie (log link)","tweedie","log","Tweedie with a log link was specified for non-richness metrics",NA,"large_fish"
"2017-12-05","No-take",9.999998496636854,2.7524504809114263,Inf,5.830568336168371,17.150981545386625,"2017-12-05","Pre-bloom","Sponge Gardens - Sponge Gardens Sanctuary Zone","Abundance > 200 mm","Tweedie (log link)","tweedie","log","Tweedie with a log link was specified for non-richness metrics",NA,"large_fish"
"2018-01-17","No-take",14.750001032900466,2.456028070321446,Inf,10.64285561126932,20.442119898741836,"2018-01-17","Pre-bloom","Sponge Gardens - Sponge Gardens Sanctuary Zone","Abundance > 200 mm","Tweedie (log link)","tweedie","log","Tweedie with a log link was specified for non-richness metrics",NA,"large_fish"
"2019-01-22","No-take",12.818183410595251,1.9257134252522539,Inf,9.548781770740229,17.206993508965926,"2019-01-22","Pre-bloom","Sponge Gardens - Sponge Gardens Sanctuary Zone","Abundance > 200 mm","Tweedie (log link)","tweedie","log","Tweedie with a log link was specified for non-richness metrics",NA,"large_fish"
"2021-01-21","No-take",11.416666559200124,1.7202774741440086,Inf,8.497265985769921,15.339083834992897,"2021-01-21","Pre-bloom","Sponge Gardens - Sponge Gardens Sanctuary Zone","Abundance > 200 mm","Tweedie (log link)","tweedie","log","Tweedie with a log link was specified for non-richness metrics",NA,"large_fish"
"2025-04-02","No-take",15.454544476994421,2.1538272886415744,Inf,11.760566634755266,20.3087956906397,"2025-04-02","Bloom","Sponge Gardens - Sponge Gardens Sanctuary Zone","Abundance > 200 mm","Tweedie (log link)","tweedie","log","Tweedie with a log link was specified for non-richness metrics",NA,"large_fish"
"2026-01-27","No-take",15.000000470806402,2.1156842296022265,Inf,11.377138133886065,19.776503675739363,"2026-01-27","Bloom","Sponge Gardens - Sponge Gardens Sanctuary Zone","Abundance > 200 mm","Tweedie (log link)","tweedie","log","Tweedie with a log link was specified for non-richness metrics",NA,"large_fish"
"2016-04-19","Fished",9.778628230358391,5.04478488772128,Inf,3.5574915623449863,26.878930952272267,"2016-04-19","Pre-bloom","The Pages - The Pages Sanctuary Zone","Abundance > 200 mm","Tweedie (log link)","tweedie","log","Tweedie with a log link was specified for non-richness metrics",NA,"large_fish"
"2017-06-02","Fished",7.537131180704551,3.945802289039799,Inf,2.7014017605535323,21.029210561967073,"2017-06-02","Pre-bloom","The Pages - The Pages Sanctuary Zone","Abundance > 200 mm","Tweedie (log link)","tweedie","log","Tweedie with a log link was specified for non-richness metrics",NA,"large_fish"
"2018-06-26","Fished",5.986508033540288,3.2548641437691535,Inf,2.0624115376093055,17.376880308372023,"2018-06-26","Pre-bloom","The Pages - The Pages Sanctuary Zone","Abundance > 200 mm","Tweedie (log link)","tweedie","log","Tweedie with a log link was specified for non-richness metrics",NA,"large_fish"
"2019-06-06","Fished",7.348491045657972,3.8826647408202337,Inf,2.6088881925611114,20.698595210821956,"2019-06-06","Pre-bloom","The Pages - The Pages Sanctuary Zone","Abundance > 200 mm","Tweedie (log link)","tweedie","log","Tweedie with a log link was specified for non-richness metrics",NA,"large_fish"
"2021-05-20","Fished",7.019899398148206,3.6846307929640165,Inf,2.5092796818816163,19.638698673544845,"2021-05-20","Pre-bloom","The Pages - The Pages Sanctuary Zone","Abundance > 200 mm","Tweedie (log link)","tweedie","log","Tweedie with a log link was specified for non-richness metrics",NA,"large_fish"
"2025-04-09","Fished",3.346737451396407,1.84023768451108,Inf,1.1391470846188858,9.832489342082297,"2025-04-09","Bloom","The Pages - The Pages Sanctuary Zone","Abundance > 200 mm","Tweedie (log link)","tweedie","log","Tweedie with a log link was specified for non-richness metrics",NA,"large_fish"
"2025-12-02","Fished",4.773979652035173,2.535818143279586,Inf,1.685557889653069,13.521269045667024,"2025-12-02","Bloom","The Pages - The Pages Sanctuary Zone","Abundance > 200 mm","Tweedie (log link)","tweedie","log","Tweedie with a log link was specified for non-richness metrics",NA,"large_fish"
"2026-03-01","Fished",8.407780562715294,4.378552850424948,Inf,3.029687277308308,23.332696585628327,"2026-03-01","Bloom","The Pages - The Pages Sanctuary Zone","Abundance > 200 mm","Tweedie (log link)","tweedie","log","Tweedie with a log link was specified for non-richness metrics",NA,"large_fish"
"2016-04-19","No-take",8.499525788230589,4.440656513948054,Inf,3.0526464720167996,23.665347195303802,"2016-04-19","Pre-bloom","The Pages - The Pages Sanctuary Zone","Abundance > 200 mm","Tweedie (log link)","tweedie","log","Tweedie with a log link was specified for non-richness metrics",NA,"large_fish"
"2017-06-02","No-take",6.904534987629491,3.657207955997418,Inf,2.444940485974008,19.498471913277722,"2017-06-02","Pre-bloom","The Pages - The Pages Sanctuary Zone","Abundance > 200 mm","Tweedie (log link)","tweedie","log","Tweedie with a log link was specified for non-richness metrics",NA,"large_fish"
"2018-06-26","No-take",8.659274120188238,4.496180003321007,Inf,3.12974996475561,23.95815293009099,"2018-06-26","Pre-bloom","The Pages - The Pages Sanctuary Zone","Abundance > 200 mm","Tweedie (log link)","tweedie","log","Tweedie with a log link was specified for non-richness metrics",NA,"large_fish"
"2019-06-06","No-take",7.186432787780552,3.793281523278446,Inf,2.5539697948490767,20.22138880320596,"2019-06-06","Pre-bloom","The Pages - The Pages Sanctuary Zone","Abundance > 200 mm","Tweedie (log link)","tweedie","log","Tweedie with a log link was specified for non-richness metrics",NA,"large_fish"
"2021-05-20","No-take",5.168652395107423,2.784507648999792,Inf,1.7980824138701008,14.857476707060254,"2021-05-20","Pre-bloom","The Pages - The Pages Sanctuary Zone","Abundance > 200 mm","Tweedie (log link)","tweedie","log","Tweedie with a log link was specified for non-richness metrics",NA,"large_fish"
"2025-04-09","No-take",3.1568258145860906,1.7692801922951906,Inf,1.052409339278696,9.469270987719815,"2025-04-09","Bloom","The Pages - The Pages Sanctuary Zone","Abundance > 200 mm","Tweedie (log link)","tweedie","log","Tweedie with a log link was specified for non-richness metrics",NA,"large_fish"
"2025-12-02","No-take",2.5090486068241695,1.389424772169129,Inf,0.8475063354154166,7.4280564620446965,"2025-12-02","Bloom","The Pages - The Pages Sanctuary Zone","Abundance > 200 mm","Tweedie (log link)","tweedie","log","Tweedie with a log link was specified for non-richness metrics",NA,"large_fish"
"2026-03-01","No-take",10.994126767503278,5.654321981624387,Inf,4.012217700344571,30.12568918420146,"2026-03-01","Bloom","The Pages - The Pages Sanctuary Zone","Abundance > 200 mm","Tweedie (log link)","tweedie","log","Tweedie with a log link was specified for non-richness metrics",NA,"large_fish"
"2025-10-30","Fished",2.81953228223681,1.956263696377764,Inf,0.7237551120174714,10.984049934259545,"2025-10-30","Bloom","Victor Harbor - Encounter Bay Sanctuary Zone","Abundance > 200 mm","Tweedie (log link)","tweedie","log","Tweedie with a log link was specified for non-richness metrics",NA,"large_fish"
"2026-01-23","Fished",4.8260323589065,3.317434809384999,Inf,1.2545001915279628,18.565631545137542,"2026-01-23","Bloom","Victor Harbor - Encounter Bay Sanctuary Zone","Abundance > 200 mm","Tweedie (log link)","tweedie","log","Tweedie with a log link was specified for non-richness metrics",NA,"large_fish"
"2025-10-30","No-take",6.136993812705212,7.126139268261454,Inf,0.6303178218599569,59.7519088799458,"2025-10-30","Bloom","Victor Harbor - Encounter Bay Sanctuary Zone","Abundance > 200 mm","Tweedie (log link)","tweedie","log","Tweedie with a log link was specified for non-richness metrics",NA,"large_fish"
"2026-01-23","No-take",5.646037489262563,6.573394461101858,Inf,0.5764120712401861,55.30373307687915,"2026-01-23","Bloom","Victor Harbor - Encounter Bay Sanctuary Zone","Abundance > 200 mm","Tweedie (log link)","tweedie","log","Tweedie with a log link was specified for non-richness metrics",NA,"large_fish"
