annotation_set_id,annotation_set_name,point_media_deployment_name,point_media_key,point_x,point_y,tag_names,level_1,level_2,level_3,level_4,level_5,level_6,species
19311,Adelaide_2022_RLS_Flinders_Historical_Baseline,923401335_GSV105_2022-03-23,GSV105_SJO5.1m230322MarinoRocks  (13).JPG,0.723586064119904,0.7271314593307158,,Biota,Macroalgae,Filamentous / filiform,Turfing Algae,Red turf,NA,NA
19311,Adelaide_2022_RLS_Flinders_Historical_Baseline,923401335_GSV105_2022-03-23,GSV105_SJO5.1m230322MarinoRocks  (13).JPG,0.723586064119904,0.7271314593307158,,Biota,Macroalgae,Erect coarse branching,Brown,NA,NA,Cystophora spp
19311,Adelaide_2022_RLS_Flinders_Historical_Baseline,923401345_GSV105_2022-03-23,GSV105_SJO5.2m230322MarinoRocks  (13).JPG,0.7357193872652963,0.4524019180697809,,Biota,Sponges,Massive forms,Simple,NA,NA,NA
19311,Adelaide_2022_RLS_Flinders_Historical_Baseline,923401345_GSV105_2022-03-23,GSV105_SJO5.2m230322MarinoRocks  (13).JPG,0.7357193872652963,0.4524019180697809,,Biota,Macroalgae,Filamentous / filiform,Turfing Algae,NA,NA,NA
19311,Adelaide_2022_RLS_Flinders_Historical_Baseline,923401345_GSV105_2022-03-23,GSV105_SJO5.2m230322MarinoRocks  (15).JPG,0.09445338848932894,0.14426605249557822,,Biota,Macroalgae,Erect coarse branching,Brown,NA,NA,Sargassum spp
19311,Adelaide_2022_RLS_Flinders_Historical_Baseline,923401345_GSV105_2022-03-23,GSV105_SJO5.2m230322MarinoRocks  (15).JPG,0.09445338848932894,0.14426605249557822,,Biota,Macroalgae,Filamentous / filiform,Turfing Algae,Red turf,NA,NA
19311,Adelaide_2022_RLS_Flinders_Historical_Baseline,923401345_GSV105_2022-03-23,GSV105_SJO5.2m230322MarinoRocks  (22).JPG,0.21958910162346168,0.44003735391446075,,Biota,Macroalgae,Erect coarse branching,Brown,NA,NA,Sargassum spp
19311,Adelaide_2022_RLS_Flinders_Historical_Baseline,923401345_GSV105_2022-03-23,GSV105_SJO5.2m230322MarinoRocks  (22).JPG,0.21958910162346168,0.44003735391446075,,Biota,Macroalgae,Filamentous / filiform,Turfing Algae,Red turf,NA,NA
19311,Adelaide_2022_RLS_Flinders_Historical_Baseline,923401345_GSV105_2022-03-23,GSV105_SJO5.2m230322MarinoRocks  (7).JPG,0.6722721811975624,0.42203694813134274,,Biota,Macroalgae,Erect fine branching,NA,NA,NA,NA
19311,Adelaide_2022_RLS_Flinders_Historical_Baseline,923401345_GSV105_2022-03-23,GSV105_SJO5.2m230322MarinoRocks  (7).JPG,0.6722721811975624,0.42203694813134274,,Biota,Macroalgae,Filamentous / filiform,NA,NA,NA,NA
19608,Adelaide_2021_RLS_Flinders_HistoricalBaseline,923400410_GSV115_2021-03-19,GSV115_SJO10.3m190321PortGawler (30).JPG,0.33158283380677417,0.21222134162393314,,Biota,Macroalgae,Filamentous / filiform,Turfing Algae,Green turf,NA,NA
19608,Adelaide_2021_RLS_Flinders_HistoricalBaseline,923400410_GSV115_2021-03-19,GSV115_SJO10.3m190321PortGawler (30).JPG,0.33158283380677417,0.21222134162393314,,Physical,Substrate,Consolidated (hard),Rock,NA,NA,NA
19608,Adelaide_2021_RLS_Flinders_HistoricalBaseline,923400410_GSV115_2021-03-19,GSV115_SJO10.3m190321PortGawler (30).JPG,0.3531992124615518,0.10527230718733929,,Biota,Macroalgae,Filamentous / filiform,Turfing Algae,Green turf,NA,NA
19608,Adelaide_2021_RLS_Flinders_HistoricalBaseline,923400410_GSV115_2021-03-19,GSV115_SJO10.3m190321PortGawler (30).JPG,0.3531992124615518,0.10527230718733929,,Physical,Substrate,Consolidated (hard),Rock,NA,NA,NA
19608,Adelaide_2021_RLS_Flinders_HistoricalBaseline,923400354_GSV116_2021-02-15,GSV116_DJM10.3m150221AldingaPinacles (20).JPG,0.6928311836136422,0.6889168137594367,Epiphyte,Biota,Macroalgae,Erect coarse branching,Brown,NA,NA,Sargassum spp
19608,Adelaide_2021_RLS_Flinders_HistoricalBaseline,923400354_GSV116_2021-02-15,GSV116_DJM10.3m150221AldingaPinacles (20).JPG,0.6928311836136422,0.6889168137594367,Epiphyte,Biota,Macroalgae,Filamentous / filiform,Red,NA,NA,NA
19608,Adelaide_2021_RLS_Flinders_HistoricalBaseline,923400354_GSV116_2021-02-15,GSV116_DJM10.3m150221AldingaPinacles (20).JPG,0.7654592771051019,0.7090489496258816,Epiphyte,Biota,Macroalgae,Erect coarse branching,Brown,NA,NA,Sargassum spp
19608,Adelaide_2021_RLS_Flinders_HistoricalBaseline,923400354_GSV116_2021-02-15,GSV116_DJM10.3m150221AldingaPinacles (20).JPG,0.7654592771051019,0.7090489496258816,Epiphyte,Biota,Macroalgae,Filamentous / filiform,Red,NA,NA,NA
19608,Adelaide_2021_RLS_Flinders_HistoricalBaseline,923400356_GSV116_2021-02-15,GSV116_DJM10.4m150221AldingaPinacles (20).JPG,0.6848649575189616,0.08565654085912792,,Biota,Macroalgae,Filamentous / filiform,Red,NA,NA,NA
19608,Adelaide_2021_RLS_Flinders_HistoricalBaseline,923400356_GSV116_2021-02-15,GSV116_DJM10.4m150221AldingaPinacles (20).JPG,0.6848649575189616,0.08565654085912792,,Biota,Macroalgae,Erect coarse branching,Brown,Sargassum (subgenus Arthrophycus),NA,Sargassum lacerifolium
19608,Adelaide_2021_RLS_Flinders_HistoricalBaseline,923400356_GSV116_2021-02-15,GSV116_DJM10.4m150221AldingaPinacles (8).JPG,0.395993555866445,0.45982885122571204,Epiphyte,Biota,Macroalgae,Filamentous / filiform,Red,NA,NA,NA
19608,Adelaide_2021_RLS_Flinders_HistoricalBaseline,923400356_GSV116_2021-02-15,GSV116_DJM10.4m150221AldingaPinacles (8).JPG,0.395993555866445,0.45982885122571204,Epiphyte,Biota,Worms,Polychaetes,Tube worms,NA,NA,NA
19311,Adelaide_2022_RLS_Flinders_Historical_Baseline,923401353_GSV124_2022-04-08,GSV124_SJO2.1m080422Horseshoeinner  (20).JPG,0.9733181279323797,0.9413479745493158,,Biota,Macroalgae,Filamentous / filiform,Turfing Algae,Green turf,NA,NA
19311,Adelaide_2022_RLS_Flinders_Historical_Baseline,923401353_GSV124_2022-04-08,GSV124_SJO2.1m080422Horseshoeinner  (20).JPG,0.9733181279323797,0.9413479745493158,,Biota,Macroalgae,Erect coarse branching,Brown,NA,NA,Cystophora spp
19606,Adelaide_2023_FlindersUni_HistoricalBaseline,923401828_GSV125_2023-04-21,GSV125_DJM11.2m210423Broken Bottom (18).JPG,0.22149447006462264,0.750974842907279,,Biota,Macroalgae,Filamentous / filiform,Turfing Algae,Red turf,NA,NA
19606,Adelaide_2023_FlindersUni_HistoricalBaseline,923401828_GSV125_2023-04-21,GSV125_DJM11.2m210423Broken Bottom (18).JPG,0.22149447006462264,0.750974842907279,,Biota,Sponges,Massive forms,Simple,NA,NA,NA
19606,Adelaide_2023_FlindersUni_HistoricalBaseline,923401828_GSV125_2023-04-21,GSV125_DJM11.2m210423Broken Bottom (18).JPG,0.2238603927621451,0.11334700114615966,,Biota,Macroalgae,Filamentous / filiform,Turfing Algae,Red turf,NA,NA
19606,Adelaide_2023_FlindersUni_HistoricalBaseline,923401828_GSV125_2023-04-21,GSV125_DJM11.2m210423Broken Bottom (18).JPG,0.2238603927621451,0.11334700114615966,,Biota,Sponges,Massive forms,Simple,NA,NA,NA
19606,Adelaide_2023_FlindersUni_HistoricalBaseline,923401828_GSV125_2023-04-21,GSV125_DJM11.2m210423Broken Bottom (18).JPG,0.23012451959532793,0.5641983967660247,,Biota,Sponges,Massive forms,Simple,NA,NA,NA
19606,Adelaide_2023_FlindersUni_HistoricalBaseline,923401828_GSV125_2023-04-21,GSV125_DJM11.2m210423Broken Bottom (18).JPG,0.23012451959532793,0.5641983967660247,,Biota,Macroalgae,Filamentous / filiform,Turfing Algae,Red turf,NA,NA
19606,Adelaide_2023_FlindersUni_HistoricalBaseline,923401828_GSV125_2023-04-21,GSV125_DJM11.2m210423Broken Bottom (6).JPG,0.4692015341823753,0.09006738608607313,,Biota,Macroalgae,Filamentous / filiform,Turfing Algae,NA,NA,NA
19606,Adelaide_2023_FlindersUni_HistoricalBaseline,923401828_GSV125_2023-04-21,GSV125_DJM11.2m210423Broken Bottom (6).JPG,0.4692015341823753,0.09006738608607313,,Biota,Macroalgae,Laminate,Brown,NA,NA,NA
19606,Adelaide_2023_FlindersUni_HistoricalBaseline,923401853_GSV125_2023-04-21,GSV125_SB_10.3m_210423BrokenBottom (11).JPG,0.6257997777667808,0.5991104084389556,,Biota,Seagrasses,Strap-like leaves,NA,NA,NA,NA
19606,Adelaide_2023_FlindersUni_HistoricalBaseline,923401853_GSV125_2023-04-21,GSV125_SB_10.3m_210423BrokenBottom (11).JPG,0.6257997777667808,0.5991104084389556,,Biota,Macroalgae,Filamentous / filiform,Red,NA,NA,NA
19606,Adelaide_2023_FlindersUni_HistoricalBaseline,923401853_GSV125_2023-04-21,GSV125_SB_10.3m_210423BrokenBottom (21).JPG,0.38704637579784196,0.5627961750372185,,Biota,Seagrasses,Strap-like leaves,NA,NA,NA,NA
19606,Adelaide_2023_FlindersUni_HistoricalBaseline,923401853_GSV125_2023-04-21,GSV125_SB_10.3m_210423BrokenBottom (21).JPG,0.38704637579784196,0.5627961750372185,,Biota,Macroalgae,Filamentous / filiform,Red,NA,NA,NA
19732,Adelaide_2026_RLS_Flinders_PostHAB,923406742_GSV127_2026-01-23,GSV127_MBD9.1m230126Semaphore (14).JPG,0.24284666035887081,0.7869623455768486,,Biota,Macroalgae,Filamentous / filiform,Red,NA,NA,NA
19732,Adelaide_2026_RLS_Flinders_PostHAB,923406742_GSV127_2026-01-23,GSV127_MBD9.1m230126Semaphore (14).JPG,0.24284666035887081,0.7869623455768486,,Biota,Macroalgae,Erect coarse branching,Brown,Brown Understory Algae,NA,NA
19732,Adelaide_2026_RLS_Flinders_PostHAB,923406742_GSV127_2026-01-23,GSV127_MBD9.1m230126Semaphore (14).JPG,0.32738973870460275,0.015224120115317707,,Biota,Macroalgae,Filamentous / filiform,Brown,NA,NA,NA
19732,Adelaide_2026_RLS_Flinders_PostHAB,923406742_GSV127_2026-01-23,GSV127_MBD9.1m230126Semaphore (14).JPG,0.32738973870460275,0.015224120115317707,,Biota,Seagrasses,Strap-like leaves,NA,NA,NA,Posidonia australis
19732,Adelaide_2026_RLS_Flinders_PostHAB,923406742_GSV127_2026-01-23,GSV127_MBD9.1m230126Semaphore (14).JPG,0.3514602577028899,0.06301899432921904,,Biota,Macroalgae,Filamentous / filiform,Brown,NA,NA,NA
19732,Adelaide_2026_RLS_Flinders_PostHAB,923406742_GSV127_2026-01-23,GSV127_MBD9.1m230126Semaphore (14).JPG,0.3514602577028899,0.06301899432921904,,Biota,Seagrasses,Strap-like leaves,NA,NA,NA,Posidonia australis
19732,Adelaide_2026_RLS_Flinders_PostHAB,923406742_GSV127_2026-01-23,GSV127_MBD9.1m230126Semaphore (15).JPG,0.1455905465704717,0.41990170851423264,,Biota,Seagrasses,Strap-like leaves,NA,NA,NA,Posidonia australis
19732,Adelaide_2026_RLS_Flinders_PostHAB,923406742_GSV127_2026-01-23,GSV127_MBD9.1m230126Semaphore (15).JPG,0.1455905465704717,0.41990170851423264,,Biota,Macroalgae,Filamentous / filiform,Brown,NA,NA,NA
19732,Adelaide_2026_RLS_Flinders_PostHAB,923406742_GSV127_2026-01-23,GSV127_MBD9.1m230126Semaphore (15).JPG,0.15493654559880543,0.2628356361543713,,Biota,Macroalgae,Filamentous / filiform,Brown,NA,NA,NA
19732,Adelaide_2026_RLS_Flinders_PostHAB,923406742_GSV127_2026-01-23,GSV127_MBD9.1m230126Semaphore (15).JPG,0.15493654559880543,0.2628356361543713,,Biota,Macroalgae,Erect coarse branching,Brown,NA,NA,Sargassum spp
19732,Adelaide_2026_RLS_Flinders_PostHAB,923406742_GSV127_2026-01-23,GSV127_MBD9.1m230126Semaphore (15).JPG,0.18775610449794433,0.17704382687576323,,Biota,Macroalgae,Filamentous / filiform,Brown,NA,NA,NA
19732,Adelaide_2026_RLS_Flinders_PostHAB,923406742_GSV127_2026-01-23,GSV127_MBD9.1m230126Semaphore (15).JPG,0.18775610449794433,0.17704382687576323,,Biota,Macroalgae,Erect coarse branching,Brown,NA,NA,Sargassum spp
19732,Adelaide_2026_RLS_Flinders_PostHAB,923406742_GSV127_2026-01-23,GSV127_MBD9.1m230126Semaphore (15).JPG,0.2207208903396116,0.8812859696160125,,Biota,Macroalgae,Erect coarse branching,Brown,Brown Understory Algae,NA,Dictyopteris australis
19732,Adelaide_2026_RLS_Flinders_PostHAB,923406742_GSV127_2026-01-23,GSV127_MBD9.1m230126Semaphore (15).JPG,0.2207208903396116,0.8812859696160125,,Biota,Macroalgae,Filamentous / filiform,Brown,NA,NA,NA
19732,Adelaide_2026_RLS_Flinders_PostHAB,923406742_GSV127_2026-01-23,GSV127_MBD9.1m230126Semaphore (15).JPG,0.5690008886806902,0.3084489811534778,,Biota,Macroalgae,Erect coarse branching,Brown,Brown Understory Algae,NA,Dictyopteris australis
19732,Adelaide_2026_RLS_Flinders_PostHAB,923406742_GSV127_2026-01-23,GSV127_MBD9.1m230126Semaphore (15).JPG,0.5690008886806902,0.3084489811534778,,Biota,Macroalgae,Filamentous / filiform,Brown,NA,NA,NA
19732,Adelaide_2026_RLS_Flinders_PostHAB,923406742_GSV127_2026-01-23,GSV127_MBD9.1m230126Semaphore (15).JPG,0.6020183825732449,0.42258932599540755,,Biota,Macroalgae,Erect coarse branching,Brown,Brown Understory Algae,NA,Dictyopteris australis
19732,Adelaide_2026_RLS_Flinders_PostHAB,923406742_GSV127_2026-01-23,GSV127_MBD9.1m230126Semaphore (15).JPG,0.6020183825732449,0.42258932599540755,,Biota,Macroalgae,Filamentous / filiform,Brown,NA,NA,NA
19732,Adelaide_2026_RLS_Flinders_PostHAB,923406742_GSV127_2026-01-23,GSV127_MBD9.1m230126Semaphore (15).JPG,0.6101832326272028,0.18623234791773255,,Biota,Macroalgae,Erect coarse branching,Brown,Brown Understory Algae,NA,Dictyopteris australis
19732,Adelaide_2026_RLS_Flinders_PostHAB,923406742_GSV127_2026-01-23,GSV127_MBD9.1m230126Semaphore (15).JPG,0.6101832326272028,0.18623234791773255,,Biota,Macroalgae,Filamentous / filiform,Brown,NA,NA,NA
19732,Adelaide_2026_RLS_Flinders_PostHAB,923406742_GSV127_2026-01-23,GSV127_MBD9.1m230126Semaphore (15).JPG,0.7604350947148534,0.19053545483894285,,Biota,Macroalgae,Erect coarse branching,Brown,Brown Understory Algae,NA,Dictyopteris australis
19732,Adelaide_2026_RLS_Flinders_PostHAB,923406742_GSV127_2026-01-23,GSV127_MBD9.1m230126Semaphore (15).JPG,0.7604350947148534,0.19053545483894285,,Biota,Macroalgae,Filamentous / filiform,Brown,NA,NA,NA
19732,Adelaide_2026_RLS_Flinders_PostHAB,923406742_GSV127_2026-01-23,GSV127_MBD9.1m230126Semaphore (15).JPG,0.8488246163606704,0.45612202175949823,,Biota,Macroalgae,Filamentous / filiform,Brown,NA,NA,NA
19732,Adelaide_2026_RLS_Flinders_PostHAB,923406742_GSV127_2026-01-23,GSV127_MBD9.1m230126Semaphore (15).JPG,0.8488246163606704,0.45612202175949823,,Biota,Seagrasses,Strap-like leaves,NA,NA,NA,Posidonia australis
19732,Adelaide_2026_RLS_Flinders_PostHAB,923406742_GSV127_2026-01-23,GSV127_MBD9.1m230126Semaphore (15).JPG,0.8865260022452431,0.06294538486533001,,Biota,Macroalgae,Filamentous / filiform,Brown,NA,NA,NA
19732,Adelaide_2026_RLS_Flinders_PostHAB,923406742_GSV127_2026-01-23,GSV127_MBD9.1m230126Semaphore (15).JPG,0.8865260022452431,0.06294538486533001,,Biota,Seagrasses,Strap-like leaves,NA,NA,NA,Posidonia australis
19732,Adelaide_2026_RLS_Flinders_PostHAB,923406747_GSV127_2026-01-23,GSV127_MBD9.2m230126Semaphore (19).JPG,0.2120910374126429,0.5824153977401924,,Biota,Macroalgae,Filamentous / filiform,Brown,NA,NA,NA
19732,Adelaide_2026_RLS_Flinders_PostHAB,923406747_GSV127_2026-01-23,GSV127_MBD9.2m230126Semaphore (19).JPG,0.2120910374126429,0.5824153977401924,,Biota,Seagrasses,Strap-like leaves,NA,NA,NA,Posidonia australis
19732,Adelaide_2026_RLS_Flinders_PostHAB,923406752_GSV127_2026-01-23,GSV127_MBD9.4m230126Semaphore (11).JPG,0.5561767271215873,0.5559496132053405,,Biota,Macroalgae,Filamentous / filiform,Brown,NA,NA,NA
19732,Adelaide_2026_RLS_Flinders_PostHAB,923406752_GSV127_2026-01-23,GSV127_MBD9.4m230126Semaphore (11).JPG,0.5561767271215873,0.5559496132053405,,Biota,Seagrasses,Strap-like leaves,NA,NA,NA,Posidonia australis
19732,Adelaide_2026_RLS_Flinders_PostHAB,923406752_GSV127_2026-01-23,GSV127_MBD9.4m230126Semaphore (11).JPG,0.5840319629629556,0.45969096389603864,,Biota,Macroalgae,Filamentous / filiform,Brown,NA,NA,NA
19732,Adelaide_2026_RLS_Flinders_PostHAB,923406752_GSV127_2026-01-23,GSV127_MBD9.4m230126Semaphore (11).JPG,0.5840319629629556,0.45969096389603864,,Biota,Seagrasses,Strap-like leaves,NA,NA,NA,Posidonia australis
19732,Adelaide_2026_RLS_Flinders_PostHAB,923406752_GSV127_2026-01-23,GSV127_MBD9.4m230126Semaphore (11).JPG,0.6058383934184206,0.6218699832507757,,Biota,Macroalgae,Filamentous / filiform,Brown,NA,NA,NA
19732,Adelaide_2026_RLS_Flinders_PostHAB,923406752_GSV127_2026-01-23,GSV127_MBD9.4m230126Semaphore (11).JPG,0.6058383934184206,0.6218699832507757,,Biota,Seagrasses,Strap-like leaves,NA,NA,NA,Posidonia australis
19732,Adelaide_2026_RLS_Flinders_PostHAB,923406752_GSV127_2026-01-23,GSV127_MBD9.4m230126Semaphore (11).JPG,0.84573985307841,0.5852802574270379,,Biota,Seagrasses,Strap-like leaves,NA,NA,NA,Posidonia australis
19732,Adelaide_2026_RLS_Flinders_PostHAB,923406752_GSV127_2026-01-23,GSV127_MBD9.4m230126Semaphore (11).JPG,0.84573985307841,0.5852802574270379,,Biota,Macroalgae,Filamentous / filiform,Brown,NA,NA,NA
19732,Adelaide_2026_RLS_Flinders_PostHAB,923406752_GSV127_2026-01-23,GSV127_MBD9.4m230126Semaphore (12).JPG,0.6711441492418753,0.8787508820665529,,Biota,Macroalgae,Filamentous / filiform,Brown,NA,NA,NA
19732,Adelaide_2026_RLS_Flinders_PostHAB,923406752_GSV127_2026-01-23,GSV127_MBD9.4m230126Semaphore (12).JPG,0.6711441492418753,0.8787508820665529,,Biota,Seagrasses,Strap-like leaves,NA,NA,NA,Posidonia australis
19732,Adelaide_2026_RLS_Flinders_PostHAB,923406752_GSV127_2026-01-23,GSV127_MBD9.4m230126Semaphore (12).JPG,0.6981359097221091,0.8691201682245125,,Biota,Macroalgae,Filamentous / filiform,Brown,NA,NA,NA
19732,Adelaide_2026_RLS_Flinders_PostHAB,923406752_GSV127_2026-01-23,GSV127_MBD9.4m230126Semaphore (12).JPG,0.6981359097221091,0.8691201682245125,,Biota,Seagrasses,Strap-like leaves,NA,NA,NA,Posidonia australis
19732,Adelaide_2026_RLS_Flinders_PostHAB,923406752_GSV127_2026-01-23,GSV127_MBD9.4m230126Semaphore (12).JPG,0.7492693035604961,0.7219232612996496,,Biota,Macroalgae,Filamentous / filiform,Brown,NA,NA,NA
19732,Adelaide_2026_RLS_Flinders_PostHAB,923406752_GSV127_2026-01-23,GSV127_MBD9.4m230126Semaphore (12).JPG,0.7492693035604961,0.7219232612996496,,Biota,Seagrasses,Strap-like leaves,NA,NA,NA,Posidonia australis
19732,Adelaide_2026_RLS_Flinders_PostHAB,923406752_GSV127_2026-01-23,GSV127_MBD9.4m230126Semaphore (2).JPG,0.6430257732947463,0.8583565256283979,,Biota,Macroalgae,Filamentous / filiform,Brown,NA,NA,NA
19732,Adelaide_2026_RLS_Flinders_PostHAB,923406752_GSV127_2026-01-23,GSV127_MBD9.4m230126Semaphore (2).JPG,0.6430257732947463,0.8583565256283979,,Biota,Seagrasses,Strap-like leaves,NA,NA,NA,Posidonia australis
19732,Adelaide_2026_RLS_Flinders_PostHAB,923406752_GSV127_2026-01-23,GSV127_MBD9.4m230126Semaphore (20).JPG,0.33373985454583666,0.23798341916652632,,Biota,Macroalgae,Filamentous / filiform,Red,NA,NA,NA
19732,Adelaide_2026_RLS_Flinders_PostHAB,923406752_GSV127_2026-01-23,GSV127_MBD9.4m230126Semaphore (20).JPG,0.33373985454583666,0.23798341916652632,,Biota,Macroalgae,Erect coarse branching,Brown,Brown Understory Algae,NA,Dictyopteris australis
19732,Adelaide_2026_RLS_Flinders_PostHAB,923406752_GSV127_2026-01-23,GSV127_MBD9.4m230126Semaphore (20).JPG,0.3788129838192975,0.3282484267629927,,Biota,Macroalgae,Filamentous / filiform,Brown,NA,NA,NA
19732,Adelaide_2026_RLS_Flinders_PostHAB,923406752_GSV127_2026-01-23,GSV127_MBD9.4m230126Semaphore (20).JPG,0.3788129838192975,0.3282484267629927,,Biota,Macroalgae,Erect coarse branching,Brown,Brown Understory Algae,NA,Dictyopteris australis
19732,Adelaide_2026_RLS_Flinders_PostHAB,923406752_GSV127_2026-01-23,GSV127_MBD9.4m230126Semaphore (20).JPG,0.4981223821465812,0.3205095743149945,,Biota,Macroalgae,Filamentous / filiform,Brown,NA,NA,NA
19732,Adelaide_2026_RLS_Flinders_PostHAB,923406752_GSV127_2026-01-23,GSV127_MBD9.4m230126Semaphore (20).JPG,0.4981223821465812,0.3205095743149945,,Biota,Macroalgae,Erect coarse branching,Brown,Brown Understory Algae,NA,Dictyopteris australis
19732,Adelaide_2026_RLS_Flinders_PostHAB,923406752_GSV127_2026-01-23,GSV127_MBD9.4m230126Semaphore (20).JPG,0.7612905711259725,0.19217001721825688,,Biota,Macroalgae,Filamentous / filiform,Brown,NA,NA,NA
19732,Adelaide_2026_RLS_Flinders_PostHAB,923406752_GSV127_2026-01-23,GSV127_MBD9.4m230126Semaphore (20).JPG,0.7612905711259725,0.19217001721825688,,Biota,Macroalgae,Erect coarse branching,Brown,Brown Understory Algae,NA,Dictyopteris australis
19732,Adelaide_2026_RLS_Flinders_PostHAB,923406752_GSV127_2026-01-23,GSV127_MBD9.4m230126Semaphore (5).JPG,0.2979498709890377,0.08102759524764402,,Biota,Macroalgae,Filamentous / filiform,Brown,NA,NA,NA
19732,Adelaide_2026_RLS_Flinders_PostHAB,923406752_GSV127_2026-01-23,GSV127_MBD9.4m230126Semaphore (5).JPG,0.2979498709890377,0.08102759524764402,,Biota,Macroalgae,Erect coarse branching,Brown,Brown Understory Algae,NA,Dictyopteris australis
19732,Adelaide_2026_RLS_Flinders_PostHAB,923406752_GSV127_2026-01-23,GSV127_MBD9.4m230126Semaphore (6).JPG,0.10828577636267839,0.18947058192776484,,Biota,Seagrasses,Strap-like leaves,NA,NA,NA,Posidonia australis
19732,Adelaide_2026_RLS_Flinders_PostHAB,923406752_GSV127_2026-01-23,GSV127_MBD9.4m230126Semaphore (6).JPG,0.10828577636267839,0.18947058192776484,,Biota,Macroalgae,Filamentous / filiform,Brown,NA,NA,NA
19732,Adelaide_2026_RLS_Flinders_PostHAB,923406752_GSV127_2026-01-23,GSV127_MBD9.4m230126Semaphore (6).JPG,0.12878814848962197,0.1317657017734199,,Biota,Macroalgae,Filamentous / filiform,Brown,NA,NA,NA
19732,Adelaide_2026_RLS_Flinders_PostHAB,923406752_GSV127_2026-01-23,GSV127_MBD9.4m230126Semaphore (6).JPG,0.12878814848962197,0.1317657017734199,,Biota,Macroalgae,Erect coarse branching,Brown,NA,NA,Sargassum spp
19732,Adelaide_2026_RLS_Flinders_PostHAB,923406752_GSV127_2026-01-23,GSV127_MBD9.4m230126Semaphore (6).JPG,0.315395260098583,0.5998145270621579,,Biota,Macroalgae,Filamentous / filiform,Brown,NA,NA,NA
19732,Adelaide_2026_RLS_Flinders_PostHAB,923406752_GSV127_2026-01-23,GSV127_MBD9.4m230126Semaphore (6).JPG,0.315395260098583,0.5998145270621579,,Biota,Macroalgae,Erect coarse branching,Brown,Brown Understory Algae,NA,NA
19732,Adelaide_2026_RLS_Flinders_PostHAB,923406752_GSV127_2026-01-23,GSV127_MBD9.4m230126Semaphore (6).JPG,0.5150301525803936,0.6187958439420304,,Biota,Macroalgae,Filamentous / filiform,Brown,NA,NA,NA
19732,Adelaide_2026_RLS_Flinders_PostHAB,923406752_GSV127_2026-01-23,GSV127_MBD9.4m230126Semaphore (6).JPG,0.5150301525803936,0.6187958439420304,,Biota,Seagrasses,Strap-like leaves,NA,NA,NA,Posidonia australis
19732,Adelaide_2026_RLS_Flinders_PostHAB,923406752_GSV127_2026-01-23,GSV127_MBD9.4m230126Semaphore (6).JPG,0.5476869361540976,0.6254176421913626,,Biota,Macroalgae,Filamentous / filiform,Brown,NA,NA,NA
19732,Adelaide_2026_RLS_Flinders_PostHAB,923406752_GSV127_2026-01-23,GSV127_MBD9.4m230126Semaphore (6).JPG,0.5476869361540976,0.6254176421913626,,Biota,Seagrasses,Strap-like leaves,NA,NA,NA,Posidonia australis
19732,Adelaide_2026_RLS_Flinders_PostHAB,923406752_GSV127_2026-01-23,GSV127_MBD9.4m230126Semaphore (6).JPG,0.5534967768232931,0.3348389653417204,,Biota,Macroalgae,Filamentous / filiform,Brown,NA,NA,NA
19732,Adelaide_2026_RLS_Flinders_PostHAB,923406752_GSV127_2026-01-23,GSV127_MBD9.4m230126Semaphore (6).JPG,0.5534967768232931,0.3348389653417204,,Biota,Seagrasses,Strap-like leaves,NA,NA,NA,Posidonia australis
19732,Adelaide_2026_RLS_Flinders_PostHAB,923406752_GSV127_2026-01-23,GSV127_MBD9.4m230126Semaphore (6).JPG,0.6937552836062288,0.48444426676787455,,Biota,Macroalgae,Filamentous / filiform,Brown,NA,NA,NA
19732,Adelaide_2026_RLS_Flinders_PostHAB,923406752_GSV127_2026-01-23,GSV127_MBD9.4m230126Semaphore (6).JPG,0.6937552836062288,0.48444426676787455,,Biota,Macroalgae,Erect coarse branching,Brown,Sargassum (subgenus Arthrophycus),NA,Sargassum paradoxum
19732,Adelaide_2026_RLS_Flinders_PostHAB,923406752_GSV127_2026-01-23,GSV127_MBD9.4m230126Semaphore (6).JPG,0.8052793670332776,0.2754434242923476,,Biota,Macroalgae,Filamentous / filiform,Brown,NA,NA,NA
19732,Adelaide_2026_RLS_Flinders_PostHAB,923406752_GSV127_2026-01-23,GSV127_MBD9.4m230126Semaphore (6).JPG,0.8052793670332776,0.2754434242923476,,Biota,Macroalgae,Erect coarse branching,Brown,Sargassum (subgenus Arthrophycus),NA,Sargassum paradoxum
19732,Adelaide_2026_RLS_Flinders_PostHAB,923406752_GSV127_2026-01-23,GSV127_MBD9.4m230126Semaphore (6).JPG,0.8356387530410141,0.352621361721257,,Biota,Macroalgae,Erect coarse branching,Brown,Sargassum (subgenus Arthrophycus),NA,Sargassum paradoxum
19732,Adelaide_2026_RLS_Flinders_PostHAB,923406752_GSV127_2026-01-23,GSV127_MBD9.4m230126Semaphore (6).JPG,0.8356387530410141,0.352621361721257,,Biota,Macroalgae,Filamentous / filiform,Brown,NA,NA,NA
19732,Adelaide_2026_RLS_Flinders_PostHAB,923406752_GSV127_2026-01-23,GSV127_MBD9.4m230126Semaphore (8).JPG,0.1421808691953567,0.6486598090055763,,Biota,Seagrasses,Strap-like leaves,NA,NA,NA,Posidonia australis
19732,Adelaide_2026_RLS_Flinders_PostHAB,923406752_GSV127_2026-01-23,GSV127_MBD9.4m230126Semaphore (8).JPG,0.1421808691953567,0.6486598090055763,,Biota,Macroalgae,Filamentous / filiform,Brown,NA,NA,NA
19732,Adelaide_2026_RLS_Flinders_PostHAB,923406752_GSV127_2026-01-23,GSV127_MBD9.4m230126Semaphore (8).JPG,0.26498927811183137,0.8220154560672089,,Biota,Seagrasses,Strap-like leaves,NA,NA,NA,Posidonia australis
19732,Adelaide_2026_RLS_Flinders_PostHAB,923406752_GSV127_2026-01-23,GSV127_MBD9.4m230126Semaphore (8).JPG,0.26498927811183137,0.8220154560672089,,Biota,Macroalgae,Filamentous / filiform,Brown,NA,NA,NA
19732,Adelaide_2026_RLS_Flinders_PostHAB,923406752_GSV127_2026-01-23,GSV127_MBD9.4m230126Semaphore (8).JPG,0.514896582178531,0.8609272155059368,,Biota,Macroalgae,Filamentous / filiform,Brown,NA,NA,NA
19732,Adelaide_2026_RLS_Flinders_PostHAB,923406752_GSV127_2026-01-23,GSV127_MBD9.4m230126Semaphore (8).JPG,0.514896582178531,0.8609272155059368,,Biota,Macroalgae,Erect coarse branching,Brown,Brown Understory Algae,NA,Dictyopteris australis
19732,Adelaide_2026_RLS_Flinders_PostHAB,923406752_GSV127_2026-01-23,GSV127_MBD9.4m230126Semaphore (8).JPG,0.6570062695732528,0.29733681411906043,,Biota,Seagrasses,Strap-like leaves,NA,NA,NA,Posidonia australis
19732,Adelaide_2026_RLS_Flinders_PostHAB,923406752_GSV127_2026-01-23,GSV127_MBD9.4m230126Semaphore (8).JPG,0.6570062695732528,0.29733681411906043,,Biota,Macroalgae,Filamentous / filiform,Brown,NA,NA,NA
19732,Adelaide_2026_RLS_Flinders_PostHAB,923406752_GSV127_2026-01-23,GSV127_MBD9.4m230126Semaphore (8).JPG,0.7793518171108208,0.4817456376185873,,Biota,Macroalgae,Filamentous / filiform,Brown,NA,NA,NA
19732,Adelaide_2026_RLS_Flinders_PostHAB,923406752_GSV127_2026-01-23,GSV127_MBD9.4m230126Semaphore (8).JPG,0.7793518171108208,0.4817456376185873,,Biota,Seagrasses,Strap-like leaves,NA,NA,NA,Posidonia australis
19732,Adelaide_2026_RLS_Flinders_PostHAB,923406752_GSV127_2026-01-23,GSV127_MBD9.4m230126Semaphore (8).JPG,0.8066213079954334,0.27451075467256697,,Biota,Seagrasses,Strap-like leaves,NA,NA,NA,Posidonia australis
19732,Adelaide_2026_RLS_Flinders_PostHAB,923406752_GSV127_2026-01-23,GSV127_MBD9.4m230126Semaphore (8).JPG,0.8066213079954334,0.27451075467256697,,Biota,Macroalgae,Filamentous / filiform,Brown,NA,NA,NA
19608,Adelaide_2021_RLS_Flinders_HistoricalBaseline,923400415_GSV127_2021-03-01,GSV127_SJO8.3m010321Semaphore (30).JPG,0.28500284584941865,0.8971968568585698,,Biota,Seagrasses,Strap-like leaves,NA,NA,NA,NA
19608,Adelaide_2021_RLS_Flinders_HistoricalBaseline,923400415_GSV127_2021-03-01,GSV127_SJO8.3m010321Semaphore (30).JPG,0.28500284584941865,0.8971968568585698,,Biota,Macroalgae,Filamentous / filiform,Red,NA,NA,NA
19608,Adelaide_2021_RLS_Flinders_HistoricalBaseline,923400417_GSV127_2021-03-01,GSV127_SJO8.4m010321Semaphore (24).JPG,0.14452835929306068,0.33822846721330957,,Biota,Seagrasses,Strap-like leaves,NA,NA,NA,NA
19608,Adelaide_2021_RLS_Flinders_HistoricalBaseline,923400417_GSV127_2021-03-01,GSV127_SJO8.4m010321Semaphore (24).JPG,0.14452835929306068,0.33822846721330957,,Biota,Macroalgae,Filamentous / filiform,Red,NA,NA,NA
19608,Adelaide_2021_RLS_Flinders_HistoricalBaseline,923400417_GSV127_2021-03-01,GSV127_SJO8.4m010321Semaphore (24).JPG,0.16796247111126034,0.6405391501513666,,Biota,Seagrasses,Strap-like leaves,NA,NA,NA,NA
19608,Adelaide_2021_RLS_Flinders_HistoricalBaseline,923400417_GSV127_2021-03-01,GSV127_SJO8.4m010321Semaphore (24).JPG,0.16796247111126034,0.6405391501513666,,Biota,Macroalgae,Filamentous / filiform,Red,NA,NA,NA
19608,Adelaide_2021_RLS_Flinders_HistoricalBaseline,923400417_GSV127_2021-03-01,GSV127_SJO8.4m010321Semaphore (24).JPG,0.32374299132379064,0.5476195132815229,,Biota,Seagrasses,Strap-like leaves,NA,NA,NA,NA
19608,Adelaide_2021_RLS_Flinders_HistoricalBaseline,923400417_GSV127_2021-03-01,GSV127_SJO8.4m010321Semaphore (24).JPG,0.32374299132379064,0.5476195132815229,,Biota,Macroalgae,Filamentous / filiform,Red,NA,NA,NA
19608,Adelaide_2021_RLS_Flinders_HistoricalBaseline,923400417_GSV127_2021-03-01,GSV127_SJO8.4m010321Semaphore (24).JPG,0.3302215957499248,0.17758767043735194,,Biota,Seagrasses,Strap-like leaves,NA,NA,NA,NA
19608,Adelaide_2021_RLS_Flinders_HistoricalBaseline,923400417_GSV127_2021-03-01,GSV127_SJO8.4m010321Semaphore (24).JPG,0.3302215957499248,0.17758767043735194,,Biota,Macroalgae,Filamentous / filiform,Red,NA,NA,NA
19608,Adelaide_2021_RLS_Flinders_HistoricalBaseline,923400417_GSV127_2021-03-01,GSV127_SJO8.4m010321Semaphore (24).JPG,0.42027334851936216,0.765375854214123,,Biota,Seagrasses,Strap-like leaves,NA,NA,NA,NA
19608,Adelaide_2021_RLS_Flinders_HistoricalBaseline,923400417_GSV127_2021-03-01,GSV127_SJO8.4m010321Semaphore (24).JPG,0.42027334851936216,0.765375854214123,,Biota,Macroalgae,Filamentous / filiform,Red,NA,NA,NA
19608,Adelaide_2021_RLS_Flinders_HistoricalBaseline,923400417_GSV127_2021-03-01,GSV127_SJO8.4m010321Semaphore (24).JPG,0.5971691274557108,0.530536764622781,,Biota,Seagrasses,Strap-like leaves,NA,NA,NA,NA
19608,Adelaide_2021_RLS_Flinders_HistoricalBaseline,923400417_GSV127_2021-03-01,GSV127_SJO8.4m010321Semaphore (24).JPG,0.5971691274557108,0.530536764622781,,Biota,Macroalgae,Filamentous / filiform,Red,NA,NA,NA
19608,Adelaide_2021_RLS_Flinders_HistoricalBaseline,923400417_GSV127_2021-03-01,GSV127_SJO8.4m010321Semaphore (24).JPG,0.6167425968109339,0.8041002277904328,,Biota,Seagrasses,Strap-like leaves,NA,NA,NA,NA
19608,Adelaide_2021_RLS_Flinders_HistoricalBaseline,923400417_GSV127_2021-03-01,GSV127_SJO8.4m010321Semaphore (24).JPG,0.6167425968109339,0.8041002277904328,,Biota,Macroalgae,Filamentous / filiform,Red,NA,NA,NA
19608,Adelaide_2021_RLS_Flinders_HistoricalBaseline,923400417_GSV127_2021-03-01,GSV127_SJO8.4m010321Semaphore (24).JPG,0.643480124048002,0.8751440476313443,,Biota,Seagrasses,Strap-like leaves,NA,NA,NA,NA
19608,Adelaide_2021_RLS_Flinders_HistoricalBaseline,923400417_GSV127_2021-03-01,GSV127_SJO8.4m010321Semaphore (24).JPG,0.643480124048002,0.8751440476313443,,Biota,Macroalgae,Filamentous / filiform,Red,NA,NA,NA
19608,Adelaide_2021_RLS_Flinders_HistoricalBaseline,923400417_GSV127_2021-03-01,GSV127_SJO8.4m010321Semaphore (24).JPG,0.6500180941285867,0.8962806583293758,,Biota,Seagrasses,Strap-like leaves,NA,NA,NA,NA
19608,Adelaide_2021_RLS_Flinders_HistoricalBaseline,923400417_GSV127_2021-03-01,GSV127_SJO8.4m010321Semaphore (24).JPG,0.6500180941285867,0.8962806583293758,,Biota,Macroalgae,Filamentous / filiform,Red,NA,NA,NA
19608,Adelaide_2021_RLS_Flinders_HistoricalBaseline,923400417_GSV127_2021-03-01,GSV127_SJO8.4m010321Semaphore (24).JPG,0.8183796272202207,0.7537172812133709,,Biota,Seagrasses,Strap-like leaves,NA,NA,NA,NA
19608,Adelaide_2021_RLS_Flinders_HistoricalBaseline,923400417_GSV127_2021-03-01,GSV127_SJO8.4m010321Semaphore (24).JPG,0.8183796272202207,0.7537172812133709,,Biota,Macroalgae,Filamentous / filiform,Red,NA,NA,NA
19608,Adelaide_2021_RLS_Flinders_HistoricalBaseline,923400417_GSV127_2021-03-01,GSV127_SJO8.4m010321Semaphore (31).JPG,0.6592555928671415,0.6781180926094598,,Biota,Macroalgae,Filamentous / filiform,Red,NA,NA,NA
19608,Adelaide_2021_RLS_Flinders_HistoricalBaseline,923400417_GSV127_2021-03-01,GSV127_SJO8.4m010321Semaphore (31).JPG,0.6592555928671415,0.6781180926094598,,Biota,Seagrasses,Strap-like leaves,NA,NA,NA,NA
19608,Adelaide_2021_RLS_Flinders_HistoricalBaseline,923400417_GSV127_2021-03-01,GSV127_SJO8.4m010321Semaphore (31).JPG,0.7578851494856355,0.20024507544372203,,Biota,Macroalgae,Filamentous / filiform,Red,NA,NA,NA
19608,Adelaide_2021_RLS_Flinders_HistoricalBaseline,923400417_GSV127_2021-03-01,GSV127_SJO8.4m010321Semaphore (31).JPG,0.7578851494856355,0.20024507544372203,,Biota,Seagrasses,Strap-like leaves,NA,NA,NA,NA
19608,Adelaide_2021_RLS_Flinders_HistoricalBaseline,923400417_GSV127_2021-03-01,GSV127_SJO8.4m010321Semaphore (31).JPG,0.9057797041584764,0.343469059473624,,Biota,Macroalgae,Filamentous / filiform,Red,NA,NA,NA
19608,Adelaide_2021_RLS_Flinders_HistoricalBaseline,923400417_GSV127_2021-03-01,GSV127_SJO8.4m010321Semaphore (31).JPG,0.9057797041584764,0.343469059473624,,Biota,Seagrasses,Strap-like leaves,NA,NA,NA,NA
19608,Adelaide_2021_RLS_Flinders_HistoricalBaseline,923400417_GSV127_2021-03-01,GSV127_SJO8.4m010321Semaphore (34).JPG,0.7661505501461303,0.7068481986913336,,Biota,Seagrasses,Strap-like leaves,NA,NA,NA,NA
19608,Adelaide_2021_RLS_Flinders_HistoricalBaseline,923400417_GSV127_2021-03-01,GSV127_SJO8.4m010321Semaphore (34).JPG,0.7661505501461303,0.7068481986913336,,Biota,Macroalgae,Filamentous / filiform,Red,NA,NA,NA
19732,Adelaide_2026_RLS_Flinders_PostHAB,923406753_GSV134_2026-01-29,GSV129_5.4m29012026PtWillunga (1).JPG,0.4999873432750078,0.29566973012410963,Dead,Biota,Macroalgae,Erect coarse branching,Brown,NA,NA,Cystophora spp
19732,Adelaide_2026_RLS_Flinders_PostHAB,923406753_GSV134_2026-01-29,GSV129_5.4m29012026PtWillunga (1).JPG,0.4999873432750078,0.29566973012410963,,Biota,Macroalgae,Filamentous / filiform,Brown,NA,NA,NA
19732,Adelaide_2026_RLS_Flinders_PostHAB,923406753_GSV134_2026-01-29,GSV129_5.4m29012026PtWillunga (1).JPG,0.5847262104619001,0.3089643286790475,Dead,Biota,Macroalgae,Erect coarse branching,Brown,NA,NA,Cystophora spp
19732,Adelaide_2026_RLS_Flinders_PostHAB,923406753_GSV134_2026-01-29,GSV129_5.4m29012026PtWillunga (1).JPG,0.5847262104619001,0.3089643286790475,,Biota,Macroalgae,Filamentous / filiform,Green,NA,NA,NA
19732,Adelaide_2026_RLS_Flinders_PostHAB,923406753_GSV134_2026-01-29,GSV129_5.4m29012026PtWillunga (17).JPG,0.404618302622342,0.5236275370414918,,Biota,Macroalgae,Filamentous / filiform,Green,NA,NA,NA
19732,Adelaide_2026_RLS_Flinders_PostHAB,923406753_GSV134_2026-01-29,GSV129_5.4m29012026PtWillunga (17).JPG,0.404618302622342,0.5236275370414918,,Biota,Macroalgae,Erect coarse branching,Brown,Sargassum (subgenus Arthrophycus),NA,Sargassum paradoxum
19732,Adelaide_2026_RLS_Flinders_PostHAB,923406753_GSV134_2026-01-29,GSV129_5.4m29012026PtWillunga (2).JPG,0.5268814642686743,0.25297965651948895,,Biota,Macroalgae,Erect coarse branching,Brown,NA,NA,Cystophora spp
19732,Adelaide_2026_RLS_Flinders_PostHAB,923406753_GSV134_2026-01-29,GSV129_5.4m29012026PtWillunga (2).JPG,0.5268814642686743,0.25297965651948895,,Biota,Macroalgae,Erect coarse branching,Brown,NA,NA,Cystophora retorta
19732,Adelaide_2026_RLS_Flinders_PostHAB,923406753_GSV134_2026-01-29,GSV129_5.4m29012026PtWillunga (3).JPG,0.3163730241964937,0.33366949066445856,,Biota,Macroalgae,Erect coarse branching,Brown,NA,NA,Cystophora brownii
19732,Adelaide_2026_RLS_Flinders_PostHAB,923406753_GSV134_2026-01-29,GSV129_5.4m29012026PtWillunga (3).JPG,0.3163730241964937,0.33366949066445856,,Biota,Macroalgae,Filamentous / filiform,Brown,NA,NA,NA
19732,Adelaide_2026_RLS_Flinders_PostHAB,923406753_GSV134_2026-01-29,GSV129_5.4m29012026PtWillunga (3).JPG,0.418794318449648,0.28439633868095393,,Biota,Macroalgae,Erect coarse branching,Brown,NA,NA,Cystophora brownii
19732,Adelaide_2026_RLS_Flinders_PostHAB,923406753_GSV134_2026-01-29,GSV129_5.4m29012026PtWillunga (3).JPG,0.418794318449648,0.28439633868095393,,Biota,Macroalgae,Filamentous / filiform,Brown,NA,NA,NA
19732,Adelaide_2026_RLS_Flinders_PostHAB,923406754_GSV134_2026-01-29,GSV129_MBD5.3m29012026Willunga (16).JPG,0.3660472650599561,0.8594812467172375,,Biota,Macroalgae,Erect coarse branching,Brown,NA,NA,Cystophora spp
19732,Adelaide_2026_RLS_Flinders_PostHAB,923406754_GSV134_2026-01-29,GSV129_MBD5.3m29012026Willunga (16).JPG,0.3660472650599561,0.8594812467172375,,Biota,Macroalgae,Filamentous / filiform,Green,NA,NA,NA
19732,Adelaide_2026_RLS_Flinders_PostHAB,923406754_GSV134_2026-01-29,GSV129_MBD5.3m29012026Willunga (16).JPG,0.3680387290078527,0.335560857925024,,Biota,Macroalgae,Erect coarse branching,Brown,NA,NA,Cystophora spp
19732,Adelaide_2026_RLS_Flinders_PostHAB,923406754_GSV134_2026-01-29,GSV129_MBD5.3m29012026Willunga (16).JPG,0.3680387290078527,0.335560857925024,,Biota,Macroalgae,Filamentous / filiform,Green,NA,NA,NA
19732,Adelaide_2026_RLS_Flinders_PostHAB,923406754_GSV134_2026-01-29,GSV129_MBD5.3m29012026Willunga (16).JPG,0.39226955967911414,0.07513138858526107,,Biota,Macroalgae,Filamentous / filiform,Green,NA,NA,NA
19732,Adelaide_2026_RLS_Flinders_PostHAB,923406754_GSV134_2026-01-29,GSV129_MBD5.3m29012026Willunga (16).JPG,0.39226955967911414,0.07513138858526107,,Biota,Macroalgae,Filamentous / filiform,Red,NA,NA,NA
19732,Adelaide_2026_RLS_Flinders_PostHAB,923406754_GSV134_2026-01-29,GSV129_MBD5.3m29012026Willunga (16).JPG,0.45909778348633745,0.10803317471932482,,Biota,Macroalgae,Filamentous / filiform,Green,NA,NA,NA
19732,Adelaide_2026_RLS_Flinders_PostHAB,923406754_GSV134_2026-01-29,GSV129_MBD5.3m29012026Willunga (16).JPG,0.45909778348633745,0.10803317471932482,,Biota,Macroalgae,Filamentous / filiform,Red,NA,NA,NA
19732,Adelaide_2026_RLS_Flinders_PostHAB,923406754_GSV134_2026-01-29,GSV129_MBD5.3m29012026Willunga (16).JPG,0.5231500298611349,0.6210680747633405,,Biota,Macroalgae,Filamentous / filiform,Green,NA,NA,NA
19732,Adelaide_2026_RLS_Flinders_PostHAB,923406754_GSV134_2026-01-29,GSV129_MBD5.3m29012026Willunga (16).JPG,0.5231500298611349,0.6210680747633405,,Biota,Macroalgae,Erect coarse branching,Brown,NA,NA,Cystophora spp
19732,Adelaide_2026_RLS_Flinders_PostHAB,923406754_GSV134_2026-01-29,GSV129_MBD5.3m29012026Willunga (16).JPG,0.5363087573105942,0.6072699373295124,,Biota,Macroalgae,Filamentous / filiform,Green,NA,NA,NA
19732,Adelaide_2026_RLS_Flinders_PostHAB,923406754_GSV134_2026-01-29,GSV129_MBD5.3m29012026Willunga (16).JPG,0.5363087573105942,0.6072699373295124,,Biota,Macroalgae,Erect coarse branching,Brown,NA,NA,Cystophora spp
19678,Encounter_2023_FlindersUni_HistoricalBaseline,923401841_GSV131_2023-05-15,GSV131_SimonBryars12.3m_150523Horseshoe Outer (8).JPG,0.27960095680988906,0.33719073105890784,Epiphyte,Biota,Macroalgae,Encrusting,Red,Calcareous,NA,NA
19678,Encounter_2023_FlindersUni_HistoricalBaseline,923401841_GSV131_2023-05-15,GSV131_SimonBryars12.3m_150523Horseshoe Outer (8).JPG,0.27960095680988906,0.33719073105890784,Epiphyte,Biota,Macroalgae,Erect fine branching,Red,NA,NA,NA
19678,Encounter_2023_FlindersUni_HistoricalBaseline,923401841_GSV131_2023-05-15,GSV131_SimonBryars12.3m_150523Horseshoe Outer (9).JPG,0.46509048104393313,0.30676223768542643,,Biota,Macroalgae,Erect coarse branching,Brown,NA,NA,Sargassum spp
19678,Encounter_2023_FlindersUni_HistoricalBaseline,923401841_GSV131_2023-05-15,GSV131_SimonBryars12.3m_150523Horseshoe Outer (9).JPG,0.46509048104393313,0.30676223768542643,,Biota,Macroalgae,Erect fine branching,Red,NA,NA,NA
19608,Adelaide_2021_RLS_Flinders_HistoricalBaseline,923400414_GSV134_2021-03-19,GSV134_SJO5.1m190321PortParham (25).JPG,0.49374416355618655,0.16168905602209074,,Biota,Macroalgae,Globose / saccate,Red,NA,NA,Botryocladia sonderi
19608,Adelaide_2021_RLS_Flinders_HistoricalBaseline,923400414_GSV134_2021-03-19,GSV134_SJO5.1m190321PortParham (25).JPG,0.49374416355618655,0.16168905602209074,,Biota,Macroalgae,Encrusting,Red,NA,NA,NA
19608,Adelaide_2021_RLS_Flinders_HistoricalBaseline,923400414_GSV134_2021-03-19,GSV134_SJO5.1m190321PortParham (25).JPG,0.5395578299912698,0.09306655657585663,,Biota,Macroalgae,Globose / saccate,Red,NA,NA,Botryocladia sonderi
19608,Adelaide_2021_RLS_Flinders_HistoricalBaseline,923400414_GSV134_2021-03-19,GSV134_SJO5.1m190321PortParham (25).JPG,0.5395578299912698,0.09306655657585663,,Biota,Macroalgae,Encrusting,Red,NA,NA,NA
19608,Adelaide_2021_RLS_Flinders_HistoricalBaseline,923400414_GSV134_2021-03-19,GSV134_SJO5.1m190321PortParham (43).JPG,0.3390361321208712,0.5903389482597499,,Biota,Macroalgae,Filamentous / filiform,Brown,NA,NA,NA
19608,Adelaide_2021_RLS_Flinders_HistoricalBaseline,923400414_GSV134_2021-03-19,GSV134_SJO5.1m190321PortParham (43).JPG,0.3390361321208712,0.5903389482597499,,Biota,Macroalgae,Globose / saccate,Red,NA,NA,Botryocladia sonderi
19608,Adelaide_2021_RLS_Flinders_HistoricalBaseline,923400418_GSV134_2021-03-19,GSV134_SJO5.3m190321PortParham (36).JPG,0.376904832484702,0.3706410547380754,,Biota,Macroalgae,Filamentous / filiform,Brown,NA,NA,NA
19608,Adelaide_2021_RLS_Flinders_HistoricalBaseline,923400418_GSV134_2021-03-19,GSV134_SJO5.3m190321PortParham (36).JPG,0.376904832484702,0.3706410547380754,,Biota,Macroalgae,Erect coarse branching,Brown,Sargassum (subgenus Arthrophycus),NA,Sargassum fallax
19608,Adelaide_2021_RLS_Flinders_HistoricalBaseline,923400418_GSV134_2021-03-19,GSV134_SJO5.3m190321PortParham (36).JPG,0.3779451505499943,0.08650879929259232,,Biota,Macroalgae,Filamentous / filiform,Brown,NA,NA,NA
19608,Adelaide_2021_RLS_Flinders_HistoricalBaseline,923400418_GSV134_2021-03-19,GSV134_SJO5.3m190321PortParham (36).JPG,0.3779451505499943,0.08650879929259232,,Biota,Macroalgae,Erect coarse branching,Brown,Sargassum (subgenus Arthrophycus),NA,Sargassum fallax
19608,Adelaide_2021_RLS_Flinders_HistoricalBaseline,923400418_GSV134_2021-03-19,GSV134_SJO5.3m190321PortParham (36).JPG,0.3918454034124552,0.20979478790270573,,Biota,Macroalgae,Filamentous / filiform,Brown,NA,NA,NA
19608,Adelaide_2021_RLS_Flinders_HistoricalBaseline,923400418_GSV134_2021-03-19,GSV134_SJO5.3m190321PortParham (36).JPG,0.3918454034124552,0.20979478790270573,,Biota,Macroalgae,Erect coarse branching,Brown,Sargassum (subgenus Arthrophycus),NA,Sargassum fallax
19311,Adelaide_2022_RLS_Flinders_Historical_Baseline,923401325_GSV135_2022-04-08,GSV135_SJO3.2m080422PtNoarlungainside  (8).JPG,NA,NA,,Biota,Macroalgae,Erect fine branching,Brown,Brown Understory Algae,NA,Dictyotaceae spp
19311,Adelaide_2022_RLS_Flinders_Historical_Baseline,923401325_GSV135_2022-04-08,GSV135_SJO3.2m080422PtNoarlungainside  (8).JPG,NA,NA,,Biota,Macroalgae,Erect fine branching,Brown,Brown Understory Algae,NA,Dictyotaceae spp
19311,Adelaide_2022_RLS_Flinders_Historical_Baseline,923401331_GSV137_2022-04-08,GSV137_SJO3.1m080422PortStanvacNorth  (14).JPG,0.7128140591721266,0.25417924914320233,,Biota,Macroalgae,Filamentous / filiform,Turfing Algae,Green turf,NA,NA
19311,Adelaide_2022_RLS_Flinders_Historical_Baseline,923401331_GSV137_2022-04-08,GSV137_SJO3.1m080422PortStanvacNorth  (14).JPG,0.7128140591721266,0.25417924914320233,,Biota,Macroalgae,Erect coarse branching,Brown,NA,NA,Cystophora spp
19311,Adelaide_2022_RLS_Flinders_Historical_Baseline,923401331_GSV137_2022-04-08,GSV137_SJO3.1m080422PortStanvacNorth  (14).JPG,0.7964188342567451,0.6353117614622075,,Biota,Macroalgae,Filamentous / filiform,Turfing Algae,Green turf,NA,NA
19311,Adelaide_2022_RLS_Flinders_Historical_Baseline,923401331_GSV137_2022-04-08,GSV137_SJO3.1m080422PortStanvacNorth  (14).JPG,0.7964188342567451,0.6353117614622075,,Biota,Macroalgae,Erect coarse branching,Brown,NA,NA,Cystophora spp
19311,Adelaide_2022_RLS_Flinders_Historical_Baseline,923401331_GSV137_2022-04-08,GSV137_SJO3.1m080422PortStanvacNorth  (19).JPG,0.26364145298429453,0.4816999462441893,,Biota,Macroalgae,Filamentous / filiform,Turfing Algae,Green turf,NA,NA
19311,Adelaide_2022_RLS_Flinders_Historical_Baseline,923401331_GSV137_2022-04-08,GSV137_SJO3.1m080422PortStanvacNorth  (19).JPG,0.26364145298429453,0.4816999462441893,,Biota,Macroalgae,Erect coarse branching,Brown,NA,NA,Cystophora spp
19311,Adelaide_2022_RLS_Flinders_Historical_Baseline,923401352_GSV137_2022-04-08,GSV137_SJO3.2m080422PortStanvacNorth  (10).JPG,0.06343273262825988,0.3465171148821008,,Biota,Macroalgae,Erect coarse branching,Brown,NA,NA,Cystophora subfarcinata
19311,Adelaide_2022_RLS_Flinders_Historical_Baseline,923401352_GSV137_2022-04-08,GSV137_SJO3.2m080422PortStanvacNorth  (10).JPG,0.06343273262825988,0.3465171148821008,,Biota,Macroalgae,Filamentous / filiform,Brown,NA,NA,NA
19311,Adelaide_2022_RLS_Flinders_Historical_Baseline,923401352_GSV137_2022-04-08,GSV137_SJO3.2m080422PortStanvacNorth  (10).JPG,0.08155982941993745,0.22456936898980218,,Biota,Macroalgae,Erect coarse branching,Brown,NA,NA,Cystophora subfarcinata
19311,Adelaide_2022_RLS_Flinders_Historical_Baseline,923401352_GSV137_2022-04-08,GSV137_SJO3.2m080422PortStanvacNorth  (10).JPG,0.08155982941993745,0.22456936898980218,,Biota,Macroalgae,Filamentous / filiform,Brown,NA,NA,NA
19311,Adelaide_2022_RLS_Flinders_Historical_Baseline,923401352_GSV137_2022-04-08,GSV137_SJO3.2m080422PortStanvacNorth  (10).JPG,0.14734820564807327,0.0025811120818494127,,Biota,Macroalgae,Erect coarse branching,Brown,NA,NA,Cystophora moniliformis
19311,Adelaide_2022_RLS_Flinders_Historical_Baseline,923401352_GSV137_2022-04-08,GSV137_SJO3.2m080422PortStanvacNorth  (10).JPG,0.14734820564807327,0.0025811120818494127,,Biota,Macroalgae,Filamentous / filiform,Turfing Algae,Red turf,NA,NA
19311,Adelaide_2022_RLS_Flinders_Historical_Baseline,923401352_GSV137_2022-04-08,GSV137_SJO3.2m080422PortStanvacNorth  (11).JPG,0.2221077529009643,0.4048100813755845,,Biota,Macroalgae,Erect coarse branching,Brown,NA,NA,Cystophora retorta
19311,Adelaide_2022_RLS_Flinders_Historical_Baseline,923401352_GSV137_2022-04-08,GSV137_SJO3.2m080422PortStanvacNorth  (11).JPG,0.2221077529009643,0.4048100813755845,,Biota,Macroalgae,Filamentous / filiform,Turfing Algae,Red turf,NA,NA
19311,Adelaide_2022_RLS_Flinders_Historical_Baseline,923401352_GSV137_2022-04-08,GSV137_SJO3.2m080422PortStanvacNorth  (11).JPG,0.3145501762623264,0.5057895898301775,,Biota,Macroalgae,Erect coarse branching,Brown,NA,NA,Cystophora retorta
19311,Adelaide_2022_RLS_Flinders_Historical_Baseline,923401352_GSV137_2022-04-08,GSV137_SJO3.2m080422PortStanvacNorth  (11).JPG,0.3145501762623264,0.5057895898301775,,Biota,Macroalgae,Filamentous / filiform,Turfing Algae,Red turf,NA,NA
19311,Adelaide_2022_RLS_Flinders_Historical_Baseline,923401352_GSV137_2022-04-08,GSV137_SJO3.2m080422PortStanvacNorth  (13).JPG,0.5277849325997223,0.37005805050575313,,Biota,Macroalgae,Erect coarse branching,Brown,NA,NA,Cystophora spp
19311,Adelaide_2022_RLS_Flinders_Historical_Baseline,923401352_GSV137_2022-04-08,GSV137_SJO3.2m080422PortStanvacNorth  (13).JPG,0.5277849325997223,0.37005805050575313,,Biota,Macroalgae,Filamentous / filiform,Brown,NA,NA,NA
19311,Adelaide_2022_RLS_Flinders_Historical_Baseline,923401352_GSV137_2022-04-08,GSV137_SJO3.2m080422PortStanvacNorth  (7).JPG,0.0553841256249995,0.5704202070683255,,Biota,Macroalgae,Erect coarse branching,Brown,NA,NA,Cystophora moniliformis
19311,Adelaide_2022_RLS_Flinders_Historical_Baseline,923401352_GSV137_2022-04-08,GSV137_SJO3.2m080422PortStanvacNorth  (7).JPG,0.0553841256249995,0.5704202070683255,,Biota,Macroalgae,Filamentous / filiform,Brown,NA,NA,NA
19311,Adelaide_2022_RLS_Flinders_Historical_Baseline,923401352_GSV137_2022-04-08,GSV137_SJO3.2m080422PortStanvacNorth  (7).JPG,0.09890864621397633,0.9551162576646984,,Biota,Macroalgae,Filamentous / filiform,Brown,NA,NA,NA
19311,Adelaide_2022_RLS_Flinders_Historical_Baseline,923401352_GSV137_2022-04-08,GSV137_SJO3.2m080422PortStanvacNorth  (7).JPG,0.09890864621397633,0.9551162576646984,,Biota,Macroalgae,Erect coarse branching,Brown,NA,NA,Cystophora moniliformis
19311,Adelaide_2022_RLS_Flinders_Historical_Baseline,923401352_GSV137_2022-04-08,GSV137_SJO3.2m080422PortStanvacNorth  (7).JPG,0.22159236726882714,0.31929892106883107,,Biota,Macroalgae,Filamentous / filiform,Brown,NA,NA,NA
19311,Adelaide_2022_RLS_Flinders_Historical_Baseline,923401352_GSV137_2022-04-08,GSV137_SJO3.2m080422PortStanvacNorth  (7).JPG,0.22159236726882714,0.31929892106883107,,Biota,Macroalgae,Erect coarse branching,Brown,NA,NA,Cystophora moniliformis
19311,Adelaide_2022_RLS_Flinders_Historical_Baseline,923401352_GSV137_2022-04-08,GSV137_SJO3.2m080422PortStanvacNorth  (7).JPG,0.8157539761825089,0.707510484814291,,Biota,Macroalgae,Filamentous / filiform,Brown,NA,NA,NA
19311,Adelaide_2022_RLS_Flinders_Historical_Baseline,923401352_GSV137_2022-04-08,GSV137_SJO3.2m080422PortStanvacNorth  (7).JPG,0.8157539761825089,0.707510484814291,,Biota,Macroalgae,Erect coarse branching,Brown,NA,NA,Cystophora moniliformis
19311,Adelaide_2022_RLS_Flinders_Historical_Baseline,923401352_GSV137_2022-04-08,GSV137_SJO3.2m080422PortStanvacNorth  (7).JPG,0.8306431972218598,0.6822465652938764,,Biota,Macroalgae,Filamentous / filiform,Brown,NA,NA,NA
19311,Adelaide_2022_RLS_Flinders_Historical_Baseline,923401352_GSV137_2022-04-08,GSV137_SJO3.2m080422PortStanvacNorth  (7).JPG,0.8306431972218598,0.6822465652938764,,Biota,Macroalgae,Erect coarse branching,Brown,NA,NA,Cystophora moniliformis
19311,Adelaide_2022_RLS_Flinders_Historical_Baseline,923401352_GSV137_2022-04-08,GSV137_SJO3.2m080422PortStanvacNorth  (9).JPG,0.5407445372427259,0.9054319325171766,,Biota,Macroalgae,Erect coarse branching,Brown,NA,NA,Cystophora subfarcinata
19311,Adelaide_2022_RLS_Flinders_Historical_Baseline,923401352_GSV137_2022-04-08,GSV137_SJO3.2m080422PortStanvacNorth  (9).JPG,0.5407445372427259,0.9054319325171766,,Biota,Macroalgae,Filamentous / filiform,Brown,NA,NA,NA
19311,Adelaide_2022_RLS_Flinders_Historical_Baseline,923401327_GSV139_2022-09-06,GSV139_SJO3.1m060922PortStanvacSouth  (13).JPG,0.9687611125501996,0.9857756884129413,,Biota,Macroalgae,Encrusting,Red,NA,NA,NA
19311,Adelaide_2022_RLS_Flinders_Historical_Baseline,923401327_GSV139_2022-09-06,GSV139_SJO3.1m060922PortStanvacSouth  (13).JPG,0.9687611125501996,0.9857756884129413,,Biota,Macroalgae,Erect coarse branching,Brown,NA,NA,Cystophora spp
19311,Adelaide_2022_RLS_Flinders_Historical_Baseline,923401327_GSV139_2022-09-06,GSV139_SJO3.1m060922PortStanvacSouth  (18).JPG,0.3908960674033173,0.22578152346118896,Bleached,Biota,Macroalgae,Encrusting,Red,NA,NA,NA
19311,Adelaide_2022_RLS_Flinders_Historical_Baseline,923401327_GSV139_2022-09-06,GSV139_SJO3.1m060922PortStanvacSouth  (18).JPG,0.3908960674033173,0.22578152346118896,,Biota,Macroalgae,Erect coarse branching,Brown,NA,NA,Cystophora spp
19311,Adelaide_2022_RLS_Flinders_Historical_Baseline,923401357_GSV140_2022-03-23,GSV140_SJO5.1m230322HallettCove  (1).JPG,0.45421488009484245,0.31428890597269965,,Biota,Macroalgae,Filamentous / filiform,Turfing Algae,Red turf,NA,NA
19311,Adelaide_2022_RLS_Flinders_Historical_Baseline,923401357_GSV140_2022-03-23,GSV140_SJO5.1m230322HallettCove  (1).JPG,0.45421488009484245,0.31428890597269965,,Biota,Macroalgae,Erect coarse branching,Brown,NA,NA,Sargassum spp
19311,Adelaide_2022_RLS_Flinders_Historical_Baseline,923401357_GSV140_2022-03-23,GSV140_SJO5.1m230322HallettCove  (1).JPG,0.7558486129202948,0.7266701935692828,,Biota,Macroalgae,Filamentous / filiform,Turfing Algae,Green turf,NA,NA
19311,Adelaide_2022_RLS_Flinders_Historical_Baseline,923401357_GSV140_2022-03-23,GSV140_SJO5.1m230322HallettCove  (1).JPG,0.7558486129202948,0.7266701935692828,,Biota,Macroalgae,Erect coarse branching,Brown,NA,NA,Sargassum spp
19311,Adelaide_2022_RLS_Flinders_Historical_Baseline,923401357_GSV140_2022-03-23,GSV140_SJO5.1m230322HallettCove  (10).JPG,0.3043361359304504,0.09764391240697556,,Biota,Macroalgae,Erect coarse branching,Brown,NA,NA,Sargassum spp
19311,Adelaide_2022_RLS_Flinders_Historical_Baseline,923401357_GSV140_2022-03-23,GSV140_SJO5.1m230322HallettCove  (10).JPG,0.3043361359304504,0.09764391240697556,,Biota,Macroalgae,Filamentous / filiform,Turfing Algae,Red turf,NA,NA
19311,Adelaide_2022_RLS_Flinders_Historical_Baseline,923401357_GSV140_2022-03-23,GSV140_SJO5.1m230322HallettCove  (13).JPG,0.9515232416523266,0.33119382360764593,,Biota,Macroalgae,Erect coarse branching,Brown,NA,NA,Caulocystis cephalornithos
19311,Adelaide_2022_RLS_Flinders_Historical_Baseline,923401357_GSV140_2022-03-23,GSV140_SJO5.1m230322HallettCove  (13).JPG,0.9515232416523266,0.33119382360764593,,Biota,Macroalgae,Filamentous / filiform,Turfing Algae,Red turf,NA,NA
19311,Adelaide_2022_RLS_Flinders_Historical_Baseline,923401357_GSV140_2022-03-23,GSV140_SJO5.1m230322HallettCove  (16).JPG,0.14075807004615348,0.9956258404568771,,Biota,Macroalgae,Erect coarse branching,Brown,NA,NA,Cystophora retorta
19311,Adelaide_2022_RLS_Flinders_Historical_Baseline,923401357_GSV140_2022-03-23,GSV140_SJO5.1m230322HallettCove  (16).JPG,0.14075807004615348,0.9956258404568771,,Biota,Macroalgae,Filamentous / filiform,Turfing Algae,Red turf,NA,NA
19311,Adelaide_2022_RLS_Flinders_Historical_Baseline,923401357_GSV140_2022-03-23,GSV140_SJO5.1m230322HallettCove  (16).JPG,0.5591506532287661,0.7032828733280926,,Biota,Macroalgae,Erect coarse branching,Brown,NA,NA,Sargassum spp
19311,Adelaide_2022_RLS_Flinders_Historical_Baseline,923401357_GSV140_2022-03-23,GSV140_SJO5.1m230322HallettCove  (16).JPG,0.5591506532287661,0.7032828733280926,,Biota,Macroalgae,Filamentous / filiform,Turfing Algae,Red turf,NA,NA
19311,Adelaide_2022_RLS_Flinders_Historical_Baseline,923401357_GSV140_2022-03-23,GSV140_SJO5.1m230322HallettCove  (9).JPG,0.22544609102887136,0.35621946260356974,,Biota,Macroalgae,Erect coarse branching,Brown,NA,NA,Sargassum spp
19311,Adelaide_2022_RLS_Flinders_Historical_Baseline,923401357_GSV140_2022-03-23,GSV140_SJO5.1m230322HallettCove  (9).JPG,0.22544609102887136,0.35621946260356974,,Biota,Macroalgae,Filamentous / filiform,Brown,NA,NA,NA
19731,RLS_Encounter_2026_FlindersUni_PostHAB,923406719_GSV14_2026-05-13,GSV14_MBD5_1m130526NewlandHead (11).JPG,0.880739181599228,0.4629457816346533,,Biota,Macroalgae,Erect coarse branching,Brown,NA,NA,Acrocarpia paniculata
19731,RLS_Encounter_2026_FlindersUni_PostHAB,923406719_GSV14_2026-05-13,GSV14_MBD5_1m130526NewlandHead (11).JPG,0.880739181599228,0.4629457816346533,,Biota,Bryozoa,Hard,Encrusting,NA,NA,NA
19736,Adelaide_2020_FlindersUni_HistoricalBaseline,912353679_GSV15_2020-03-18,GSV15_SJO5.4m180320FlatIrons (19).JPG,0.8941140172495038,0.12064762967590018,,Biota,Macroalgae,Encrusting,Red,Calcareous,NA,NA
19736,Adelaide_2020_FlindersUni_HistoricalBaseline,912353679_GSV15_2020-03-18,GSV15_SJO5.4m180320FlatIrons (19).JPG,0.8941140172495038,0.12064762967590018,,Biota,Macroalgae,Erect coarse branching,Brown,NA,NA,Acrocarpia paniculata
19731,RLS_Encounter_2026_FlindersUni_PostHAB,923406607_GSV18_2026-01-12,GSV18_DE5.3m12012026Morgans (14).JPG,0.47332989985953167,0.15153063352770302,,Biota,Macroalgae,Filamentous / filiform,Red,NA,NA,NA
19731,RLS_Encounter_2026_FlindersUni_PostHAB,923406607_GSV18_2026-01-12,GSV18_DE5.3m12012026Morgans (14).JPG,0.47332989985953167,0.15153063352770302,,Biota,Macroalgae,Erect coarse branching,Brown,NA,NA,Acrocarpia paniculata
19731,RLS_Encounter_2026_FlindersUni_PostHAB,923406607_GSV18_2026-01-12,GSV18_DE5.3m12012026Morgans (2).JPG,0.2950177963132872,0.1883129154242263,,Biota,Macroalgae,Filamentous / filiform,Red,NA,NA,NA
19731,RLS_Encounter_2026_FlindersUni_PostHAB,923406607_GSV18_2026-01-12,GSV18_DE5.3m12012026Morgans (2).JPG,0.2950177963132872,0.1883129154242263,,Biota,Macroalgae,Erect coarse branching,Brown,NA,NA,Cystophora spp
19731,RLS_Encounter_2026_FlindersUni_PostHAB,923406607_GSV18_2026-01-12,GSV18_DE5.3m12012026Morgans (2).JPG,0.29916525281983986,0.12044802615661698,,Biota,Macroalgae,Filamentous / filiform,Red,NA,NA,NA
19731,RLS_Encounter_2026_FlindersUni_PostHAB,923406607_GSV18_2026-01-12,GSV18_DE5.3m12012026Morgans (2).JPG,0.29916525281983986,0.12044802615661698,,Biota,Macroalgae,Erect coarse branching,Brown,NA,NA,Cystophora spp
19731,RLS_Encounter_2026_FlindersUni_PostHAB,923406607_GSV18_2026-01-12,GSV18_DE5.3m12012026Morgans (9).JPG,0.6472274921994243,0.7611571735482825,,Biota,Macroalgae,Filamentous / filiform,Brown,NA,NA,NA
19731,RLS_Encounter_2026_FlindersUni_PostHAB,923406607_GSV18_2026-01-12,GSV18_DE5.3m12012026Morgans (9).JPG,0.6472274921994243,0.7611571735482825,,Biota,Macroalgae,Erect coarse branching,Brown,NA,NA,Acrocarpia paniculata
19731,RLS_Encounter_2026_FlindersUni_PostHAB,923406598_GSV18_2026-01-12,GSV18_DE5.4m12012026Morgans (15).JPG,0.8653239612353613,0.8290427000489216,,Biota,Macroalgae,Filamentous / filiform,Red,NA,NA,NA
19731,RLS_Encounter_2026_FlindersUni_PostHAB,923406598_GSV18_2026-01-12,GSV18_DE5.4m12012026Morgans (15).JPG,0.8653239612353613,0.8290427000489216,,Biota,Macroalgae,Erect coarse branching,Brown,NA,NA,Acrocarpia paniculata
19731,RLS_Encounter_2026_FlindersUni_PostHAB,923406598_GSV18_2026-01-12,GSV18_DE5.4m12012026Morgans (19).JPG,0.4028628238328914,0.6777683592135418,Senescent,Biota,Macroalgae,Erect coarse branching,Brown,NA,NA,Cystophora spp
19731,RLS_Encounter_2026_FlindersUni_PostHAB,923406598_GSV18_2026-01-12,GSV18_DE5.4m12012026Morgans (19).JPG,0.4028628238328914,0.6777683592135418,,Biota,Bryozoa,Hard,Encrusting,NA,NA,NA
19731,RLS_Encounter_2026_FlindersUni_PostHAB,923406598_GSV18_2026-01-12,GSV18_DE5.4m12012026Morgans (20).JPG,0.6697226701413944,0.40381155906833555,,Biota,Macroalgae,Filamentous / filiform,Red,NA,NA,NA
19731,RLS_Encounter_2026_FlindersUni_PostHAB,923406598_GSV18_2026-01-12,GSV18_DE5.4m12012026Morgans (20).JPG,0.6697226701413944,0.40381155906833555,,Biota,Macroalgae,Erect coarse branching,Brown,NA,NA,Acrocarpia paniculata
19731,RLS_Encounter_2026_FlindersUni_PostHAB,923406598_GSV18_2026-01-12,GSV18_DE5.4m12012026Morgans (6).JPG,0.2814440118359891,0.7162320678644027,,Biota,Macroalgae,Filamentous / filiform,Red,NA,NA,NA
19731,RLS_Encounter_2026_FlindersUni_PostHAB,923406598_GSV18_2026-01-12,GSV18_DE5.4m12012026Morgans (6).JPG,0.2814440118359891,0.7162320678644027,,Biota,Macroalgae,Erect coarse branching,Brown,NA,NA,Acrocarpia paniculata
19731,RLS_Encounter_2026_FlindersUni_PostHAB,923406598_GSV18_2026-01-12,GSV18_DE5.4m12012026Morgans (6).JPG,0.29192783480408646,0.16564522096345968,,Biota,Macroalgae,Filamentous / filiform,Red,NA,NA,NA
19731,RLS_Encounter_2026_FlindersUni_PostHAB,923406598_GSV18_2026-01-12,GSV18_DE5.4m12012026Morgans (6).JPG,0.29192783480408646,0.16564522096345968,,Biota,Macroalgae,Erect coarse branching,Brown,NA,NA,Cystophora spp
19731,RLS_Encounter_2026_FlindersUni_PostHAB,923406543_GSV1_2026-01-16,GSV1_DE5.2m16012026CarickalingaToilet (17).JPG,0.6697987157001777,0.5050681417522853,Epiphyte,Biota,Macroalgae,Filamentous / filiform,Red,NA,NA,NA
19731,RLS_Encounter_2026_FlindersUni_PostHAB,923406543_GSV1_2026-01-16,GSV1_DE5.2m16012026CarickalingaToilet (17).JPG,0.6697987157001777,0.5050681417522853,Epiphyte,Biota,Macroalgae,Erect coarse branching,Brown,NA,NA,Cystophora expansa
19607,GulfStVincent_2021_FlindersUni_HistoricalBaseline,923400288_GSV1_2021-03-10,GSV1_DJM5.2m100321CarrickalingaToilet  (11).JPG,0.3669744184322149,0.3382080425918029,,Biota,Macroalgae,Erect coarse branching,Brown,NA,NA,Cystophora expansa
19607,GulfStVincent_2021_FlindersUni_HistoricalBaseline,923400288_GSV1_2021-03-10,GSV1_DJM5.2m100321CarrickalingaToilet  (11).JPG,0.3669744184322149,0.3382080425918029,,Biota,Macroalgae,Filamentous / filiform,Red,NA,NA,NA
19607,GulfStVincent_2021_FlindersUni_HistoricalBaseline,923400288_GSV1_2021-03-10,GSV1_DJM5.2m100321CarrickalingaToilet  (17).JPG,0.7316376082901449,0.48799765280562896,,Biota,Macroalgae,Erect coarse branching,Brown,NA,NA,Cystophora monilifera
19607,GulfStVincent_2021_FlindersUni_HistoricalBaseline,923400288_GSV1_2021-03-10,GSV1_DJM5.2m100321CarrickalingaToilet  (17).JPG,0.7316376082901449,0.48799765280562896,,Biota,Macroalgae,Filamentous / filiform,Red,NA,NA,NA
19607,GulfStVincent_2021_FlindersUni_HistoricalBaseline,923400288_GSV1_2021-03-10,GSV1_DJM5.2m100321CarrickalingaToilet  (20).JPG,0.6085774543295672,0.8720550833228594,,Biota,Macroalgae,Erect coarse branching,Brown,NA,NA,Cystophora expansa
19607,GulfStVincent_2021_FlindersUni_HistoricalBaseline,923400288_GSV1_2021-03-10,GSV1_DJM5.2m100321CarrickalingaToilet  (20).JPG,0.6085774543295672,0.8720550833228594,,Biota,Macroalgae,Filamentous / filiform,Red,NA,NA,NA
19607,GulfStVincent_2021_FlindersUni_HistoricalBaseline,923400291_GSV1_2021-03-10,GSV1_JH5.4m100321CarrickalingaToilet  (18).JPG,0.15421253845121646,0.3122020447454882,,Biota,Macroalgae,Erect coarse branching,Brown,NA,NA,Cystophora monilifera
19607,GulfStVincent_2021_FlindersUni_HistoricalBaseline,923400291_GSV1_2021-03-10,GSV1_JH5.4m100321CarrickalingaToilet  (18).JPG,0.15421253845121646,0.3122020447454882,,Biota,Macroalgae,Filamentous / filiform,Red,NA,NA,NA
19731,RLS_Encounter_2026_FlindersUni_PostHAB,923406582_GSV24_2026-01-13,GSV24_MBD5.1m13012026RippleRock (2).JPG,0.10029306841546895,0.6656494795337236,,Biota,Bryozoa,Hard,Encrusting,NA,NA,NA
19731,RLS_Encounter_2026_FlindersUni_PostHAB,923406582_GSV24_2026-01-13,GSV24_MBD5.1m13012026RippleRock (2).JPG,0.10029306841546895,0.6656494795337236,,Biota,Macroalgae,Erect coarse branching,Brown,NA,NA,Cystophora spp
19731,RLS_Encounter_2026_FlindersUni_PostHAB,923406582_GSV24_2026-01-13,GSV24_MBD5.1m13012026RippleRock (2).JPG,0.26823974444871324,0.6775378589000608,,Biota,Macroalgae,Erect coarse branching,Brown,NA,NA,Cystophora spp
19731,RLS_Encounter_2026_FlindersUni_PostHAB,923406582_GSV24_2026-01-13,GSV24_MBD5.1m13012026RippleRock (2).JPG,0.26823974444871324,0.6775378589000608,,Biota,Macroalgae,Erect coarse branching,Brown,NA,NA,Cystophora spp
19731,RLS_Encounter_2026_FlindersUni_PostHAB,923406582_GSV24_2026-01-13,GSV24_MBD5.1m13012026RippleRock (3).JPG,0.5733723448672292,0.1239985577518933,,Biota,Bryozoa,Hard,Encrusting,NA,NA,NA
19731,RLS_Encounter_2026_FlindersUni_PostHAB,923406582_GSV24_2026-01-13,GSV24_MBD5.1m13012026RippleRock (3).JPG,0.5733723448672292,0.1239985577518933,,Biota,Macroalgae,Erect coarse branching,Brown,NA,NA,Cystophora subfarcinata
19731,RLS_Encounter_2026_FlindersUni_PostHAB,923406538_GSV24_2026-01-13,GSV24_MBD5.2m13012026RippleRock (4).JPG,0.6825783961925862,0.4377624676672276,,Biota,Macroalgae,Filamentous / filiform,Turfing Algae,NA,NA,NA
19731,RLS_Encounter_2026_FlindersUni_PostHAB,923406538_GSV24_2026-01-13,GSV24_MBD5.2m13012026RippleRock (4).JPG,0.6825783961925862,0.4377624676672276,,Biota,Macroalgae,Erect coarse branching,Brown,Sargassum (subgenus Sargassum),NA,Sargassum spinuligerum
19731,RLS_Encounter_2026_FlindersUni_PostHAB,923406538_GSV24_2026-01-13,GSV24_MBD5.2m13012026RippleRock (4).JPG,0.7433642237156318,0.41256561494895594,,Biota,Macroalgae,Filamentous / filiform,Turfing Algae,NA,NA,NA
19731,RLS_Encounter_2026_FlindersUni_PostHAB,923406538_GSV24_2026-01-13,GSV24_MBD5.2m13012026RippleRock (4).JPG,0.7433642237156318,0.41256561494895594,,Biota,Macroalgae,Erect coarse branching,Brown,Sargassum (subgenus Sargassum),NA,Sargassum spinuligerum
19607,GulfStVincent_2021_FlindersUni_HistoricalBaseline,923400326_GSV24_2021-03-11,GSV24_SRB5.2m110321RippleRock  (11).JPG,0.8672527774234666,0.2835326053968411,,Biota,Macroalgae,Filamentous / filiform,Red,NA,NA,NA
19607,GulfStVincent_2021_FlindersUni_HistoricalBaseline,923400326_GSV24_2021-03-11,GSV24_SRB5.2m110321RippleRock  (11).JPG,0.8672527774234666,0.2835326053968411,,Biota,Macroalgae,Erect coarse branching,Brown,NA,NA,Cystophora expansa
19607,GulfStVincent_2021_FlindersUni_HistoricalBaseline,923400326_GSV24_2021-03-11,GSV24_SRB5.2m110321RippleRock  (11).JPG,0.8878168557897606,0.21347125130236866,,Biota,Macroalgae,Erect coarse branching,Brown,NA,NA,Cystophora expansa
19607,GulfStVincent_2021_FlindersUni_HistoricalBaseline,923400326_GSV24_2021-03-11,GSV24_SRB5.2m110321RippleRock  (11).JPG,0.8878168557897606,0.21347125130236866,,Biota,Macroalgae,Filamentous / filiform,Red,NA,NA,NA
19607,GulfStVincent_2021_FlindersUni_HistoricalBaseline,923400326_GSV24_2021-03-11,GSV24_SRB5.2m110321RippleRock  (12).JPG,0.20195813182539854,0.4949613364577619,,Biota,Macroalgae,Erect coarse branching,Brown,NA,NA,Cystophora expansa
19607,GulfStVincent_2021_FlindersUni_HistoricalBaseline,923400326_GSV24_2021-03-11,GSV24_SRB5.2m110321RippleRock  (12).JPG,0.20195813182539854,0.4949613364577619,,Biota,Macroalgae,Filamentous / filiform,Red,NA,NA,NA
19607,GulfStVincent_2021_FlindersUni_HistoricalBaseline,923400326_GSV24_2021-03-11,GSV24_SRB5.2m110321RippleRock  (12).JPG,0.2917397867887914,0.536293708338396,,Biota,Macroalgae,Erect coarse branching,Brown,NA,NA,Cystophora expansa
19607,GulfStVincent_2021_FlindersUni_HistoricalBaseline,923400326_GSV24_2021-03-11,GSV24_SRB5.2m110321RippleRock  (12).JPG,0.2917397867887914,0.536293708338396,,Biota,Macroalgae,Filamentous / filiform,Red,NA,NA,NA
19607,GulfStVincent_2021_FlindersUni_HistoricalBaseline,923400326_GSV24_2021-03-11,GSV24_SRB5.2m110321RippleRock  (12).JPG,0.33374988888670554,0.5235469723728727,,Biota,Macroalgae,Erect coarse branching,Brown,NA,NA,Cystophora expansa
19607,GulfStVincent_2021_FlindersUni_HistoricalBaseline,923400326_GSV24_2021-03-11,GSV24_SRB5.2m110321RippleRock  (12).JPG,0.33374988888670554,0.5235469723728727,,Biota,Macroalgae,Filamentous / filiform,Red,NA,NA,NA
19607,GulfStVincent_2021_FlindersUni_HistoricalBaseline,923400326_GSV24_2021-03-11,GSV24_SRB5.2m110321RippleRock  (12).JPG,0.3537338498331626,0.48868166453485823,,Biota,Macroalgae,Erect coarse branching,Brown,NA,NA,Cystophora expansa
19607,GulfStVincent_2021_FlindersUni_HistoricalBaseline,923400326_GSV24_2021-03-11,GSV24_SRB5.2m110321RippleRock  (12).JPG,0.3537338498331626,0.48868166453485823,,Biota,Macroalgae,Filamentous / filiform,Red,NA,NA,NA
19607,GulfStVincent_2021_FlindersUni_HistoricalBaseline,923400326_GSV24_2021-03-11,GSV24_SRB5.2m110321RippleRock  (13).JPG,0.45597665409121485,0.6888948707172864,,Biota,Macroalgae,Filamentous / filiform,Red,NA,NA,NA
19607,GulfStVincent_2021_FlindersUni_HistoricalBaseline,923400326_GSV24_2021-03-11,GSV24_SRB5.2m110321RippleRock  (13).JPG,0.45597665409121485,0.6888948707172864,,Biota,Macroalgae,Erect coarse branching,Brown,NA,NA,Cystophora expansa
19607,GulfStVincent_2021_FlindersUni_HistoricalBaseline,923400326_GSV24_2021-03-11,GSV24_SRB5.2m110321RippleRock  (13).JPG,0.5894936336018712,0.7108235331661178,,Biota,Macroalgae,Erect coarse branching,Brown,NA,NA,Cystophora expansa
19607,GulfStVincent_2021_FlindersUni_HistoricalBaseline,923400326_GSV24_2021-03-11,GSV24_SRB5.2m110321RippleRock  (13).JPG,0.5894936336018712,0.7108235331661178,,Biota,Macroalgae,Filamentous / filiform,Red,NA,NA,NA
19607,GulfStVincent_2021_FlindersUni_HistoricalBaseline,923400326_GSV24_2021-03-11,GSV24_SRB5.2m110321RippleRock  (13).JPG,0.6155097325070218,0.7891802601629486,,Biota,Macroalgae,Erect coarse branching,Brown,NA,NA,Cystophora expansa
19607,GulfStVincent_2021_FlindersUni_HistoricalBaseline,923400326_GSV24_2021-03-11,GSV24_SRB5.2m110321RippleRock  (13).JPG,0.6155097325070218,0.7891802601629486,,Biota,Macroalgae,Filamentous / filiform,Red,NA,NA,NA
19607,GulfStVincent_2021_FlindersUni_HistoricalBaseline,923400326_GSV24_2021-03-11,GSV24_SRB5.2m110321RippleRock  (19).JPG,0.15435419988229498,0.1861551625166996,,Biota,Macroalgae,Erect coarse branching,Brown,NA,NA,Cystophora monilifera
19607,GulfStVincent_2021_FlindersUni_HistoricalBaseline,923400326_GSV24_2021-03-11,GSV24_SRB5.2m110321RippleRock  (19).JPG,0.15435419988229498,0.1861551625166996,,Biota,Macroalgae,Filamentous / filiform,Red,NA,NA,NA
19731,RLS_Encounter_2026_FlindersUni_PostHAB,923406551_GSV24_2026-01-13,GSV24_SRB5.3m13012026RippleRock  (6).JPG,0.6930866332534865,0.8631117505677705,,Biota,Macroalgae,Erect coarse branching,Brown,NA,NA,Cystophora spp
19731,RLS_Encounter_2026_FlindersUni_PostHAB,923406551_GSV24_2026-01-13,GSV24_SRB5.3m13012026RippleRock  (6).JPG,0.6930866332534865,0.8631117505677705,Bleached,Biota,Macroalgae,Filamentous / filiform,NA,NA,NA,NA
19341,Bailee_project_annotations,923400347_GSV26_2021-03-20,GSV26_ACM5.3m200321SecondValleyBoatShed (4).JPG,0.6938184347174958,0.5055846164520247,,Biota,Macroalgae,Erect coarse branching,Brown,NA,NA,Sargassum spp
19341,Bailee_project_annotations,923400347_GSV26_2021-03-20,GSV26_ACM5.3m200321SecondValleyBoatShed (4).JPG,0.6938184347174958,0.5055846164520247,,Biota,Macroalgae,Filamentous / filiform,Turfing Algae,Red turf,NA,NA
19341,Bailee_project_annotations,923400347_GSV26_2021-03-20,GSV26_ACM5.3m200321SecondValleyBoatShed (6).JPG,0.6909154921920151,0.07051025308386827,,Biota,Macroalgae,Erect coarse branching,Brown,NA,NA,Cystophora expansa
19341,Bailee_project_annotations,923400347_GSV26_2021-03-20,GSV26_ACM5.3m200321SecondValleyBoatShed (6).JPG,0.6909154921920151,0.07051025308386827,,Biota,Macroalgae,Filamentous / filiform,Turfing Algae,Red turf,NA,NA
19341,Bailee_project_annotations,923400347_GSV26_2021-03-20,GSV26_ACM5.3m200321SecondValleyBoatShed (6).JPG,0.7195219769178678,0.04079995552670368,,Biota,Macroalgae,Erect coarse branching,Brown,NA,NA,Cystophora expansa
19341,Bailee_project_annotations,923400347_GSV26_2021-03-20,GSV26_ACM5.3m200321SecondValleyBoatShed (6).JPG,0.7195219769178678,0.04079995552670368,,Biota,Macroalgae,Filamentous / filiform,Turfing Algae,Red turf,NA,NA
19678,Encounter_2023_FlindersUni_HistoricalBaseline,923401854_GSV26_2023-02-17,GSV26_AL_5.3m170223_2ndValleyBoatShed (9).JPG,0.7770518743621898,0.8681701675319757,,Biota,Macroalgae,Encrusting,Red,Calcareous,NA,NA
19678,Encounter_2023_FlindersUni_HistoricalBaseline,923401854_GSV26_2023-02-17,GSV26_AL_5.3m170223_2ndValleyBoatShed (9).JPG,0.7770518743621898,0.8681701675319757,,Biota,Macroalgae,Large canopy-forming,Brown,NA,NA,Ecklonia radiata
19678,Encounter_2023_FlindersUni_HistoricalBaseline,923401854_GSV26_2023-02-17,GSV26_AL_5.3m170223_2ndValleyBoatShed (9).JPG,0.8483279578113344,0.1690910549976558,Unattached,Biota,Sponges,NA,NA,NA,NA,NA
19678,Encounter_2023_FlindersUni_HistoricalBaseline,923401854_GSV26_2023-02-17,GSV26_AL_5.3m170223_2ndValleyBoatShed (9).JPG,0.8483279578113344,0.1690910549976558,,Biota,Macroalgae,Erect coarse branching,Brown,NA,NA,Phyllotricha varians
19678,Encounter_2023_FlindersUni_HistoricalBaseline,923401830_GSV26_2023-02-17,GSV26_FM_5.1m17022023_2ndValleyBoatShed (11).JPG,0.48024091167681826,0.820965733847192,,Biota,Macroalgae,Erect coarse branching,Brown,NA,NA,Phyllotricha decipens
19678,Encounter_2023_FlindersUni_HistoricalBaseline,923401830_GSV26_2023-02-17,GSV26_FM_5.1m17022023_2ndValleyBoatShed (11).JPG,0.48024091167681826,0.820965733847192,,Biota,Macroalgae,Filamentous / filiform,Red,NA,NA,NA
19678,Encounter_2023_FlindersUni_HistoricalBaseline,923401830_GSV26_2023-02-17,GSV26_FM_5.1m17022023_2ndValleyBoatShed (17).JPG,0.18873472687373277,0.42885694539679786,,Biota,Macroalgae,Erect coarse branching,Brown,NA,NA,Cystophora monilifera
19678,Encounter_2023_FlindersUni_HistoricalBaseline,923401830_GSV26_2023-02-17,GSV26_FM_5.1m17022023_2ndValleyBoatShed (17).JPG,0.18873472687373277,0.42885694539679786,,Biota,Macroalgae,Filamentous / filiform,Red,NA,NA,NA
19678,Encounter_2023_FlindersUni_HistoricalBaseline,923401830_GSV26_2023-02-17,GSV26_FM_5.1m17022023_2ndValleyBoatShed (17).JPG,0.5325674734326261,0.7717537287976515,,Biota,Macroalgae,Erect coarse branching,Brown,NA,NA,Cystophora expansa
19678,Encounter_2023_FlindersUni_HistoricalBaseline,923401830_GSV26_2023-02-17,GSV26_FM_5.1m17022023_2ndValleyBoatShed (17).JPG,0.5325674734326261,0.7717537287976515,,Biota,Macroalgae,Filamentous / filiform,Red,NA,NA,NA
19731,RLS_Encounter_2026_FlindersUni_PostHAB,923406540_GSV26_2026-01-15,GSV26_SRB5.3m15012026SVBS (18).JPG,0.5005325506224982,0.5525417344949116,,Biota,Macroalgae,Filamentous / filiform,Red,NA,NA,NA
19731,RLS_Encounter_2026_FlindersUni_PostHAB,923406540_GSV26_2026-01-15,GSV26_SRB5.3m15012026SVBS (18).JPG,0.5005325506224982,0.5525417344949116,,Biota,Macroalgae,Erect coarse branching,Brown,NA,NA,Cystophora monilifera
19340,Layla_Project,923403144_GSV34_2024-02-19,GSV34_ATC5_1m190224SaltCreek (10).jpg,0.920633884367582,0.539844219981311,,Biota,Macroalgae,Erect coarse branching,Brown,NA,NA,Cystophora expansa
19340,Layla_Project,923403144_GSV34_2024-02-19,GSV34_ATC5_1m190224SaltCreek (10).jpg,0.920633884367582,0.539844219981311,,Biota,Macroalgae,Erect coarse branching,Brown,NA,NA,Phyllotricha decipens
19340,Layla_Project,923403144_GSV34_2024-02-19,GSV34_ATC5_1m190224SaltCreek (15).jpg,0.012776896544465344,0.8465939259188111,,Biota,Macroalgae,Erect coarse branching,Brown,NA,NA,Cystophora spp
19340,Layla_Project,923403144_GSV34_2024-02-19,GSV34_ATC5_1m190224SaltCreek (15).jpg,0.012776896544465344,0.8465939259188111,,Biota,Macroalgae,Erect fine branching,Brown,Brown Understory Algae,NA,Dictyotaceae spp
19340,Layla_Project,923403144_GSV34_2024-02-19,GSV34_ATC5_1m190224SaltCreek (15).jpg,0.16125842778194088,0.931178115192568,,Biota,Macroalgae,Erect coarse branching,Brown,NA,NA,Cystophora expansa
19340,Layla_Project,923403144_GSV34_2024-02-19,GSV34_ATC5_1m190224SaltCreek (15).jpg,0.16125842778194088,0.931178115192568,,Biota,Macroalgae,Erect fine branching,Brown,Brown Understory Algae,NA,Dictyotaceae spp
19340,Layla_Project,923403144_GSV34_2024-02-19,GSV34_ATC5_1m190224SaltCreek (15).jpg,0.3913108542136242,0.5974790157498541,,Biota,Macroalgae,Erect fine branching,Brown,Brown Understory Algae,NA,Dictyotaceae spp
19340,Layla_Project,923403144_GSV34_2024-02-19,GSV34_ATC5_1m190224SaltCreek (15).jpg,0.3913108542136242,0.5974790157498541,,Biota,Macroalgae,Erect coarse branching,Brown,NA,NA,Phyllotricha decipens
19340,Layla_Project,923403144_GSV34_2024-02-19,GSV34_ATC5_1m190224SaltCreek (17).jpg,0.9161710549843846,0.8397917104525622,,Biota,Macroalgae,Erect coarse branching,Brown,NA,NA,Phyllotricha decipens
19340,Layla_Project,923403144_GSV34_2024-02-19,GSV34_ATC5_1m190224SaltCreek (17).jpg,0.9161710549843846,0.8397917104525622,,Biota,Macroalgae,Erect coarse branching,Brown,NA,NA,Cystophora expansa
19340,Layla_Project,923403144_GSV34_2024-02-19,GSV34_ATC5_1m190224SaltCreek (19).jpg,0.21263945558810637,0.45796486205171083,,Biota,Macroalgae,Erect coarse branching,Brown,NA,NA,Phyllotricha decipens
19340,Layla_Project,923403144_GSV34_2024-02-19,GSV34_ATC5_1m190224SaltCreek (19).jpg,0.21263945558810637,0.45796486205171083,,Biota,Macroalgae,Erect coarse branching,Brown,NA,NA,Sargassopsis heteromorphum
19340,Layla_Project,923403144_GSV34_2024-02-19,GSV34_ATC5_1m190224SaltCreek (2).jpg,0.8271441266227316,0.5446310394158269,,Biota,Macroalgae,Erect coarse branching,Brown,NA,NA,Cystophora expansa
19340,Layla_Project,923403144_GSV34_2024-02-19,GSV34_ATC5_1m190224SaltCreek (2).jpg,0.8271441266227316,0.5446310394158269,,Physical,Substrate,Consolidated (hard),Cobbles,NA,NA,NA
19340,Layla_Project,923403144_GSV34_2024-02-19,GSV34_ATC5_1m190224SaltCreek (20).jpg,0.699401165457213,0.5704778370752153,,Biota,Macroalgae,Erect coarse branching,Brown,NA,NA,Sargassopsis heteromorphum
19340,Layla_Project,923403144_GSV34_2024-02-19,GSV34_ATC5_1m190224SaltCreek (20).jpg,0.699401165457213,0.5704778370752153,,Biota,Macroalgae,Erect fine branching,Brown,Brown Understory Algae,NA,Dictyotaceae spp
19340,Layla_Project,923403144_GSV34_2024-02-19,GSV34_ATC5_1m190224SaltCreek (22).jpg,0.12715031035429514,0.26712156648128105,,Biota,Macroalgae,Erect coarse branching,Brown,NA,NA,Cystophora expansa
19340,Layla_Project,923403144_GSV34_2024-02-19,GSV34_ATC5_1m190224SaltCreek (22).jpg,0.12715031035429514,0.26712156648128105,,Biota,Macroalgae,Erect coarse branching,Brown,NA,NA,Phyllotricha decipens
19340,Layla_Project,923403144_GSV34_2024-02-19,GSV34_ATC5_1m190224SaltCreek (25).jpg,0.6727078269299968,0.54658375297756,,Biota,Macroalgae,Erect coarse branching,Brown,NA,NA,Sargassopsis heteromorphum
19340,Layla_Project,923403144_GSV34_2024-02-19,GSV34_ATC5_1m190224SaltCreek (25).jpg,0.6727078269299968,0.54658375297756,,Biota,Macroalgae,Erect coarse branching,Brown,NA,NA,Phyllotricha decipens
19340,Layla_Project,923403144_GSV34_2024-02-19,GSV34_ATC5_1m190224SaltCreek (27).jpg,0.229652320810242,0.7347779757678363,,Physical,Substrate,Consolidated (hard),Cobbles,NA,NA,NA
19340,Layla_Project,923403144_GSV34_2024-02-19,GSV34_ATC5_1m190224SaltCreek (27).jpg,0.229652320810242,0.7347779757678363,,Biota,Macroalgae,Erect coarse branching,Brown,NA,NA,Caulocystis cephalornithos
19340,Layla_Project,923403144_GSV34_2024-02-19,GSV34_ATC5_1m190224SaltCreek (4).jpg,0.8855138218661501,0.48600906980215364,,Physical,Substrate,Consolidated (hard),Cobbles,NA,NA,NA
19340,Layla_Project,923403144_GSV34_2024-02-19,GSV34_ATC5_1m190224SaltCreek (4).jpg,0.8855138218661501,0.48600906980215364,,Biota,Macroalgae,Erect coarse branching,Brown,NA,NA,Scaberia agardhii
19340,Layla_Project,923403144_GSV34_2024-02-19,GSV34_ATC5_1m190224SaltCreek (5).jpg,0.16222102899561164,0.8884051763262204,,Biota,Macroalgae,Erect coarse branching,Brown,NA,NA,Phyllotricha decipens
19340,Layla_Project,923403144_GSV34_2024-02-19,GSV34_ATC5_1m190224SaltCreek (5).jpg,0.16222102899561164,0.8884051763262204,,Biota,Macroalgae,Erect coarse branching,Brown,NA,NA,Cystophora expansa
19340,Layla_Project,923403144_GSV34_2024-02-19,GSV34_ATC5_1m190224SaltCreek (6).jpg,0.24620599537464927,0.3802257337396714,,Biota,Macroalgae,Erect coarse branching,Brown,NA,NA,Cystophora expansa
19340,Layla_Project,923403144_GSV34_2024-02-19,GSV34_ATC5_1m190224SaltCreek (6).jpg,0.24620599537464927,0.3802257337396714,,Biota,Macroalgae,Erect fine branching,Brown,Brown Understory Algae,NA,Dictyotaceae spp
19340,Layla_Project,923403144_GSV34_2024-02-19,GSV34_ATC5_1m190224SaltCreek (7).jpg,0.5780037741974832,0.6484050766307942,,Biota,Macroalgae,Erect coarse branching,Brown,NA,NA,Phyllotricha decipens
19340,Layla_Project,923403144_GSV34_2024-02-19,GSV34_ATC5_1m190224SaltCreek (7).jpg,0.5780037741974832,0.6484050766307942,,Biota,Macroalgae,Erect fine branching,Brown,Brown Understory Algae,NA,Dictyotaceae spp
19340,Layla_Project,923403144_GSV34_2024-02-19,GSV34_ATC5_1m190224SaltCreek (8).jpg,0.49205244416670346,0.8199901190916574,,Biota,Macroalgae,Erect coarse branching,Brown,NA,NA,Phyllotricha decipens
19340,Layla_Project,923403144_GSV34_2024-02-19,GSV34_ATC5_1m190224SaltCreek (8).jpg,0.49205244416670346,0.8199901190916574,,Biota,Macroalgae,Erect fine branching,Brown,Brown Understory Algae,NA,Dictyotaceae spp
19340,Layla_Project,923403144_GSV34_2024-02-19,GSV34_ATC5_1m190224SaltCreek (9).jpg,0.6567422083390221,0.9645942429392762,,Biota,Macroalgae,Erect coarse branching,Brown,NA,NA,Cystophora expansa
19340,Layla_Project,923403144_GSV34_2024-02-19,GSV34_ATC5_1m190224SaltCreek (9).jpg,0.6567422083390221,0.9645942429392762,,Biota,Macroalgae,Erect fine branching,Brown,Brown Understory Algae,NA,Dictyotaceae spp
19340,Layla_Project,923403128_GSV34_2024-02-19,GSV34_ATC5_2m190224SaltCreek (10).jpg,0.2990682207949896,0.28962262778567605,,Biota,Macroalgae,Erect coarse branching,Brown,NA,NA,Cystophora expansa
19340,Layla_Project,923403128_GSV34_2024-02-19,GSV34_ATC5_2m190224SaltCreek (10).jpg,0.2990682207949896,0.28962262778567605,,Biota,Macroalgae,Erect fine branching,Brown,Brown Understory Algae,NA,Dictyotaceae spp
19340,Layla_Project,923403128_GSV34_2024-02-19,GSV34_ATC5_2m190224SaltCreek (10).jpg,0.537249550291684,0.1810623871824084,,Biota,Macroalgae,Erect coarse branching,Brown,NA,NA,Cystophora expansa
19340,Layla_Project,923403128_GSV34_2024-02-19,GSV34_ATC5_2m190224SaltCreek (10).jpg,0.537249550291684,0.1810623871824084,,Biota,Macroalgae,Erect coarse branching,Brown,NA,NA,Scaberia agardhii
19340,Layla_Project,923403128_GSV34_2024-02-19,GSV34_ATC5_2m190224SaltCreek (13).jpg,0.3289883233475175,0.982405660552,,Biota,Macroalgae,Erect coarse branching,Brown,NA,NA,Phyllotricha decipens
19340,Layla_Project,923403128_GSV34_2024-02-19,GSV34_ATC5_2m190224SaltCreek (13).jpg,0.3289883233475175,0.982405660552,,Biota,Macroalgae,Erect coarse branching,Brown,NA,NA,Scaberia agardhii
19340,Layla_Project,923403128_GSV34_2024-02-19,GSV34_ATC5_2m190224SaltCreek (14).jpg,0.8096114870827579,0.5949117839428826,,Biota,Macroalgae,Erect fine branching,Brown,Brown Understory Algae,NA,Dictyotaceae spp
19340,Layla_Project,923403128_GSV34_2024-02-19,GSV34_ATC5_2m190224SaltCreek (14).jpg,0.8096114870827579,0.5949117839428826,,Biota,Macroalgae,Erect coarse branching,Brown,NA,NA,Cystophora expansa
19340,Layla_Project,923403128_GSV34_2024-02-19,GSV34_ATC5_2m190224SaltCreek (17).jpg,0.5716054385075442,0.7108296969446106,,Biota,Macroalgae,Erect fine branching,Brown,Brown Understory Algae,NA,Dictyotaceae spp
19340,Layla_Project,923403128_GSV34_2024-02-19,GSV34_ATC5_2m190224SaltCreek (17).jpg,0.5716054385075442,0.7108296969446106,,Biota,Sponges,Crusts,Encrusting,NA,NA,NA
19340,Layla_Project,923403128_GSV34_2024-02-19,GSV34_ATC5_2m190224SaltCreek (19).jpg,0.13386384534905615,0.40989390393705993,,Biota,Sponges,Crusts,Encrusting,Encrusting Orange,NA,NA
19340,Layla_Project,923403128_GSV34_2024-02-19,GSV34_ATC5_2m190224SaltCreek (19).jpg,0.13386384534905615,0.40989390393705993,,Biota,Macroalgae,Erect coarse branching,Brown,NA,NA,Cystophora expansa
19340,Layla_Project,923403128_GSV34_2024-02-19,GSV34_ATC5_2m190224SaltCreek (19).jpg,0.9438756959585007,0.410189515350338,,Biota,Macroalgae,Erect coarse branching,Brown,NA,NA,Cystophora expansa
19340,Layla_Project,923403128_GSV34_2024-02-19,GSV34_ATC5_2m190224SaltCreek (19).jpg,0.9438756959585007,0.410189515350338,,Biota,Macroalgae,Erect coarse branching,Brown,NA,NA,Cystophora spp
19340,Layla_Project,923403128_GSV34_2024-02-19,GSV34_ATC5_2m190224SaltCreek (2).jpg,0.9303959266669003,0.6062674611036817,,Biota,Macroalgae,Erect coarse branching,Brown,NA,NA,Cystophora expansa
19340,Layla_Project,923403128_GSV34_2024-02-19,GSV34_ATC5_2m190224SaltCreek (2).jpg,0.9303959266669003,0.6062674611036817,,Biota,Macroalgae,Erect coarse branching,Brown,NA,NA,Phyllotricha decipens
19340,Layla_Project,923403128_GSV34_2024-02-19,GSV34_ATC5_2m190224SaltCreek (21).jpg,0.1397662823758612,0.2932199071170527,,Biota,Macroalgae,Erect coarse branching,Brown,NA,NA,Caulocystis spp
19340,Layla_Project,923403128_GSV34_2024-02-19,GSV34_ATC5_2m190224SaltCreek (21).jpg,0.1397662823758612,0.2932199071170527,,Biota,Macroalgae,Erect coarse branching,Brown,NA,NA,Cystophora spp
19340,Layla_Project,923403128_GSV34_2024-02-19,GSV34_ATC5_2m190224SaltCreek (23).jpg,0.7225788458316124,0.2238249070726881,,Biota,Macroalgae,Erect coarse branching,Brown,NA,NA,Phyllotricha decipens
19340,Layla_Project,923403128_GSV34_2024-02-19,GSV34_ATC5_2m190224SaltCreek (23).jpg,0.7225788458316124,0.2238249070726881,Bleached,Biota,Macroalgae,Erect coarse branching,Brown,NA,NA,Caulocystis spp
19340,Layla_Project,923403128_GSV34_2024-02-19,GSV34_ATC5_2m190224SaltCreek (24).jpg,0.5572033102572954,0.8070492576238611,,Biota,Macroalgae,Erect coarse branching,Brown,NA,NA,Cystophora expansa
19340,Layla_Project,923403128_GSV34_2024-02-19,GSV34_ATC5_2m190224SaltCreek (24).jpg,0.5572033102572954,0.8070492576238611,,Biota,Macroalgae,Erect coarse branching,Brown,NA,NA,Scaberia agardhii
19340,Layla_Project,923403128_GSV34_2024-02-19,GSV34_ATC5_2m190224SaltCreek (24).jpg,0.8851667489643392,0.5197405369717187,,Biota,Seagrasses,Strap-like leaves,NA,NA,NA,Amphibolis antarctica
19340,Layla_Project,923403128_GSV34_2024-02-19,GSV34_ATC5_2m190224SaltCreek (24).jpg,0.8851667489643392,0.5197405369717187,,Biota,Macroalgae,Erect coarse branching,Brown,NA,NA,Scaberia agardhii
19340,Layla_Project,923403128_GSV34_2024-02-19,GSV34_ATC5_2m190224SaltCreek (5).jpg,0.2790276997460487,0.777750531984607,,Biota,Macroalgae,Erect coarse branching,Brown,NA,NA,Cystophora expansa
19340,Layla_Project,923403128_GSV34_2024-02-19,GSV34_ATC5_2m190224SaltCreek (5).jpg,0.2790276997460487,0.777750531984607,,Biota,Macroalgae,Erect coarse branching,Brown,NA,NA,Phyllotricha decipens
19340,Layla_Project,923403128_GSV34_2024-02-19,GSV34_ATC5_2m190224SaltCreek (9).jpg,0.4867212995234711,0.05325659366927582,,Biota,Macroalgae,Erect coarse branching,Brown,NA,NA,Phyllotricha decipens
19340,Layla_Project,923403128_GSV34_2024-02-19,GSV34_ATC5_2m190224SaltCreek (9).jpg,0.4867212995234711,0.05325659366927582,,Biota,Macroalgae,Erect fine branching,Brown,Brown Understory Algae,NA,Dictyotaceae spp
19340,Layla_Project,923403128_GSV34_2024-02-19,GSV34_ATC5_2m190224SaltCreek (9).jpg,0.628722826354539,0.9485955160422171,,Biota,Macroalgae,Erect coarse branching,Red,NA,NA,Osmundaria prolifera
19340,Layla_Project,923403128_GSV34_2024-02-19,GSV34_ATC5_2m190224SaltCreek (9).jpg,0.628722826354539,0.9485955160422171,,Biota,Macroalgae,Erect coarse branching,Brown,NA,NA,Cystophora expansa
19678,Encounter_2023_FlindersUni_HistoricalBaseline,923401829_GSV4_2023-02-18,GSV34_FJ_5.1m180223_NedsWindmill (12).jpeg,0.34931226648262337,0.53336937196628,,Biota,Macroalgae,Filamentous / filiform,Red,NA,NA,NA
19678,Encounter_2023_FlindersUni_HistoricalBaseline,923401829_GSV4_2023-02-18,GSV34_FJ_5.1m180223_NedsWindmill (12).jpeg,0.34931226648262337,0.53336937196628,,Biota,Macroalgae,Erect coarse branching,Brown,NA,NA,Cystophora expansa
19678,Encounter_2023_FlindersUni_HistoricalBaseline,923401829_GSV4_2023-02-18,GSV34_FJ_5.1m180223_NedsWindmill (18).jpeg,0.1692528868447335,0.26171848826493804,,Biota,Macroalgae,Erect coarse branching,Brown,NA,NA,Cystophora expansa
19678,Encounter_2023_FlindersUni_HistoricalBaseline,923401829_GSV4_2023-02-18,GSV34_FJ_5.1m180223_NedsWindmill (18).jpeg,0.1692528868447335,0.26171848826493804,,Biota,Macroalgae,Filamentous / filiform,Red,NA,NA,NA
19678,Encounter_2023_FlindersUni_HistoricalBaseline,923401829_GSV4_2023-02-18,GSV34_FJ_5.1m180223_NedsWindmill (18).jpeg,0.18105577357473646,0.8103476158733883,,Biota,Macroalgae,Erect coarse branching,Brown,NA,NA,Cystophora expansa
19678,Encounter_2023_FlindersUni_HistoricalBaseline,923401829_GSV4_2023-02-18,GSV34_FJ_5.1m180223_NedsWindmill (18).jpeg,0.18105577357473646,0.8103476158733883,,Biota,Macroalgae,Filamentous / filiform,Red,NA,NA,NA
19678,Encounter_2023_FlindersUni_HistoricalBaseline,923401829_GSV4_2023-02-18,GSV34_FJ_5.1m180223_NedsWindmill (18).jpeg,0.22723954187481904,0.16969669264178017,,Biota,Macroalgae,Erect coarse branching,Brown,NA,NA,Cystophora expansa
19678,Encounter_2023_FlindersUni_HistoricalBaseline,923401829_GSV4_2023-02-18,GSV34_FJ_5.1m180223_NedsWindmill (18).jpeg,0.22723954187481904,0.16969669264178017,,Biota,Macroalgae,Filamentous / filiform,Red,NA,NA,NA
19678,Encounter_2023_FlindersUni_HistoricalBaseline,923401829_GSV4_2023-02-18,GSV34_FJ_5.1m180223_NedsWindmill (18).jpeg,0.23322222095495634,0.12063642573790956,,Biota,Macroalgae,Erect coarse branching,Brown,NA,NA,Cystophora expansa
19678,Encounter_2023_FlindersUni_HistoricalBaseline,923401829_GSV4_2023-02-18,GSV34_FJ_5.1m180223_NedsWindmill (18).jpeg,0.23322222095495634,0.12063642573790956,,Biota,Macroalgae,Filamentous / filiform,Red,NA,NA,NA
19678,Encounter_2023_FlindersUni_HistoricalBaseline,923401829_GSV4_2023-02-18,GSV34_FJ_5.1m180223_NedsWindmill (18).jpeg,0.2639105504378384,0.22630066279034536,,Biota,Macroalgae,Erect coarse branching,Brown,NA,NA,Cystophora expansa
19678,Encounter_2023_FlindersUni_HistoricalBaseline,923401829_GSV4_2023-02-18,GSV34_FJ_5.1m180223_NedsWindmill (18).jpeg,0.2639105504378384,0.22630066279034536,,Biota,Macroalgae,Filamentous / filiform,Red,NA,NA,NA
19678,Encounter_2023_FlindersUni_HistoricalBaseline,923401829_GSV4_2023-02-18,GSV34_FJ_5.1m180223_NedsWindmill (18).jpeg,0.30724539695911346,0.298259250852549,,Biota,Macroalgae,Erect coarse branching,Brown,NA,NA,Cystophora expansa
19678,Encounter_2023_FlindersUni_HistoricalBaseline,923401829_GSV4_2023-02-18,GSV34_FJ_5.1m180223_NedsWindmill (18).jpeg,0.30724539695911346,0.298259250852549,,Biota,Macroalgae,Filamentous / filiform,Red,NA,NA,NA
19678,Encounter_2023_FlindersUni_HistoricalBaseline,923401829_GSV4_2023-02-18,GSV34_FJ_5.1m180223_NedsWindmill (18).jpeg,0.3755768970276808,0.6548914616776971,,Biota,Macroalgae,Erect coarse branching,Brown,NA,NA,Cystophora expansa
19678,Encounter_2023_FlindersUni_HistoricalBaseline,923401829_GSV4_2023-02-18,GSV34_FJ_5.1m180223_NedsWindmill (18).jpeg,0.3755768970276808,0.6548914616776971,,Biota,Macroalgae,Filamentous / filiform,Red,NA,NA,NA
19678,Encounter_2023_FlindersUni_HistoricalBaseline,923401829_GSV4_2023-02-18,GSV34_FJ_5.1m180223_NedsWindmill (18).jpeg,0.5483042260410036,0.2587475703100667,,Biota,Macroalgae,Erect coarse branching,Brown,NA,NA,Cystophora expansa
19678,Encounter_2023_FlindersUni_HistoricalBaseline,923401829_GSV4_2023-02-18,GSV34_FJ_5.1m180223_NedsWindmill (18).jpeg,0.5483042260410036,0.2587475703100667,,Biota,Macroalgae,Filamentous / filiform,Red,NA,NA,NA
19678,Encounter_2023_FlindersUni_HistoricalBaseline,923401829_GSV4_2023-02-18,GSV34_FJ_5.1m180223_NedsWindmill (18).jpeg,0.5743570045622908,0.41413062070883533,,Biota,Macroalgae,Erect coarse branching,Brown,NA,NA,Cystophora expansa
19678,Encounter_2023_FlindersUni_HistoricalBaseline,923401829_GSV4_2023-02-18,GSV34_FJ_5.1m180223_NedsWindmill (18).jpeg,0.5743570045622908,0.41413062070883533,,Biota,Macroalgae,Filamentous / filiform,Red,NA,NA,NA
19678,Encounter_2023_FlindersUni_HistoricalBaseline,923401829_GSV4_2023-02-18,GSV34_FJ_5.1m180223_NedsWindmill (18).jpeg,0.6380623045471182,0.5165207234384742,,Biota,Macroalgae,Erect coarse branching,Brown,NA,NA,Cystophora expansa
19678,Encounter_2023_FlindersUni_HistoricalBaseline,923401829_GSV4_2023-02-18,GSV34_FJ_5.1m180223_NedsWindmill (18).jpeg,0.6380623045471182,0.5165207234384742,,Biota,Macroalgae,Filamentous / filiform,Red,NA,NA,NA
19678,Encounter_2023_FlindersUni_HistoricalBaseline,923401829_GSV4_2023-02-18,GSV34_FJ_5.1m180223_NedsWindmill (18).jpeg,0.6821477150904858,0.30132029673877025,,Biota,Macroalgae,Erect coarse branching,Brown,NA,NA,Cystophora expansa
19678,Encounter_2023_FlindersUni_HistoricalBaseline,923401829_GSV4_2023-02-18,GSV34_FJ_5.1m180223_NedsWindmill (18).jpeg,0.6821477150904858,0.30132029673877025,,Biota,Macroalgae,Filamentous / filiform,Red,NA,NA,NA
19678,Encounter_2023_FlindersUni_HistoricalBaseline,923401829_GSV4_2023-02-18,GSV34_FJ_5.1m180223_NedsWindmill (18).jpeg,0.8192889982198509,0.5060836632801794,,Biota,Macroalgae,Erect coarse branching,Brown,NA,NA,Cystophora expansa
19678,Encounter_2023_FlindersUni_HistoricalBaseline,923401829_GSV4_2023-02-18,GSV34_FJ_5.1m180223_NedsWindmill (18).jpeg,0.8192889982198509,0.5060836632801794,,Biota,Macroalgae,Filamentous / filiform,Red,NA,NA,NA
19678,Encounter_2023_FlindersUni_HistoricalBaseline,923401829_GSV4_2023-02-18,GSV34_FJ_5.1m180223_NedsWindmill (18).jpeg,0.8895886493007465,0.3327960121795044,,Biota,Macroalgae,Erect coarse branching,Brown,NA,NA,Cystophora expansa
19678,Encounter_2023_FlindersUni_HistoricalBaseline,923401829_GSV4_2023-02-18,GSV34_FJ_5.1m180223_NedsWindmill (18).jpeg,0.8895886493007465,0.3327960121795044,,Biota,Macroalgae,Filamentous / filiform,Red,NA,NA,NA
19678,Encounter_2023_FlindersUni_HistoricalBaseline,923401829_GSV4_2023-02-18,GSV34_FJ_5.1m180223_NedsWindmill (8).jpeg,0.2531005196967413,0.5337980122236001,,Biota,Macroalgae,Filamentous / filiform,Red,NA,NA,NA
19678,Encounter_2023_FlindersUni_HistoricalBaseline,923401829_GSV4_2023-02-18,GSV34_FJ_5.1m180223_NedsWindmill (8).jpeg,0.2531005196967413,0.5337980122236001,,Biota,Macroalgae,Erect coarse branching,Brown,NA,NA,Cystophora expansa
19678,Encounter_2023_FlindersUni_HistoricalBaseline,923401829_GSV4_2023-02-18,GSV34_FJ_5.1m180223_NedsWindmill (8).jpeg,0.6061519391672563,0.434209359710794,,Biota,Macroalgae,Filamentous / filiform,Red,NA,NA,NA
19678,Encounter_2023_FlindersUni_HistoricalBaseline,923401829_GSV4_2023-02-18,GSV34_FJ_5.1m180223_NedsWindmill (8).jpeg,0.6061519391672563,0.434209359710794,,Biota,Macroalgae,Erect coarse branching,Brown,NA,NA,Cystophora expansa
19678,Encounter_2023_FlindersUni_HistoricalBaseline,923401829_GSV4_2023-02-18,GSV34_FJ_5.1m180223_NedsWindmill (8).jpeg,0.8780429261225087,0.8600282677085804,,Biota,Macroalgae,Filamentous / filiform,Red,NA,NA,NA
19678,Encounter_2023_FlindersUni_HistoricalBaseline,923401829_GSV4_2023-02-18,GSV34_FJ_5.1m180223_NedsWindmill (8).jpeg,0.8780429261225087,0.8600282677085804,,Biota,Macroalgae,Erect coarse branching,Brown,NA,NA,Cystophora expansa
19341,Bailee_project_annotations,923400389_GSV3_2021-03-21,GSV3_ACM5.3m210321CarrickalingaHead  (14).JPG,0.8325099592668379,0.19651609346277021,,Biota,Macroalgae,Erect coarse branching,Brown,NA,NA,Cystophora subfarcinata
19341,Bailee_project_annotations,923400389_GSV3_2021-03-21,GSV3_ACM5.3m210321CarrickalingaHead  (14).JPG,0.8325099592668379,0.19651609346277021,,Biota,Macroalgae,Filamentous / filiform,Turfing Algae,Red turf,NA,NA
19341,Bailee_project_annotations,923400389_GSV3_2021-03-21,GSV3_ACM5.3m210321CarrickalingaHead  (15).JPG,0.2147773587629831,0.8166407507702721,,Biota,Macroalgae,Erect coarse branching,Brown,NA,NA,Cystophora moniliformis
19341,Bailee_project_annotations,923400389_GSV3_2021-03-21,GSV3_ACM5.3m210321CarrickalingaHead  (15).JPG,0.2147773587629831,0.8166407507702721,,Biota,Macroalgae,Filamentous / filiform,Turfing Algae,Red turf,NA,NA
19341,Bailee_project_annotations,923400389_GSV3_2021-03-21,GSV3_ACM5.3m210321CarrickalingaHead  (15).JPG,0.24194938684928602,0.9583420353471969,,Biota,Macroalgae,Erect coarse branching,Brown,NA,NA,Cystophora moniliformis
19341,Bailee_project_annotations,923400389_GSV3_2021-03-21,GSV3_ACM5.3m210321CarrickalingaHead  (15).JPG,0.24194938684928602,0.9583420353471969,,Biota,Macroalgae,Filamentous / filiform,Turfing Algae,Red turf,NA,NA
19340,Layla_Project,923403133_GSV3_2024-02-18,GSV3_ATC5_1m180224CarrickalingaHead (10).jpg,0.16065598277273585,0.1420213007812352,,Biota,Macroalgae,Erect coarse branching,Brown,NA,NA,Cystophora subfarcinata
19340,Layla_Project,923403133_GSV3_2024-02-18,GSV3_ATC5_1m180224CarrickalingaHead (10).jpg,0.16065598277273585,0.1420213007812352,,Biota,Macroalgae,Encrusting,Red,Non-calcareous,NA,NA
19340,Layla_Project,923403133_GSV3_2024-02-18,GSV3_ATC5_1m180224CarrickalingaHead (10).jpg,0.4612437764925289,0.2312727883464898,,Biota,Macroalgae,Erect coarse branching,Brown,NA,NA,Cystophora subfarcinata
19340,Layla_Project,923403133_GSV3_2024-02-18,GSV3_ATC5_1m180224CarrickalingaHead (10).jpg,0.4612437764925289,0.2312727883464898,,Biota,Macroalgae,Filamentous / filiform,Brown,NA,NA,NA
19340,Layla_Project,923403133_GSV3_2024-02-18,GSV3_ATC5_1m180224CarrickalingaHead (10).jpg,0.5373765882599715,0.5736114916022687,,Biota,Macroalgae,Erect coarse branching,Brown,NA,NA,Sargassum spp
19340,Layla_Project,923403133_GSV3_2024-02-18,GSV3_ATC5_1m180224CarrickalingaHead (10).jpg,0.5373765882599715,0.5736114916022687,,Biota,Macroalgae,Filamentous / filiform,Turfing Algae,Red turf,NA,NA
19340,Layla_Project,923403133_GSV3_2024-02-18,GSV3_ATC5_1m180224CarrickalingaHead (16).jpg,0.6935585713301858,0.6140278015869135,,Biota,Macroalgae,Erect coarse branching,Brown,NA,NA,Cystophora racemosa
19340,Layla_Project,923403133_GSV3_2024-02-18,GSV3_ATC5_1m180224CarrickalingaHead (16).jpg,0.6935585713301858,0.6140278015869135,,Biota,Macroalgae,Erect coarse branching,Brown,NA,NA,Sargassum spp
19340,Layla_Project,923403133_GSV3_2024-02-18,GSV3_ATC5_1m180224CarrickalingaHead (17).jpg,0.6818379177628903,0.9360925814942787,,Biota,Macroalgae,Erect coarse branching,Brown,NA,NA,Cystophora racemosa
19340,Layla_Project,923403133_GSV3_2024-02-18,GSV3_ATC5_1m180224CarrickalingaHead (17).jpg,0.6818379177628903,0.9360925814942787,,Biota,Macroalgae,Filamentous / filiform,Brown,NA,NA,NA
19340,Layla_Project,923403133_GSV3_2024-02-18,GSV3_ATC5_1m180224CarrickalingaHead (19).jpg,0.52764179153683,0.052057834245785584,,Biota,Macroalgae,Erect coarse branching,Brown,NA,NA,NA
19340,Layla_Project,923403133_GSV3_2024-02-18,GSV3_ATC5_1m180224CarrickalingaHead (19).jpg,0.52764179153683,0.052057834245785584,,Biota,Macroalgae,Filamentous / filiform,Red,NA,NA,NA
19340,Layla_Project,923403133_GSV3_2024-02-18,GSV3_ATC5_1m180224CarrickalingaHead (21).jpg,0.8374716223677356,0.7345731100434953,,Biota,Macroalgae,Filamentous / filiform,Brown,NA,NA,NA
19340,Layla_Project,923403133_GSV3_2024-02-18,GSV3_ATC5_1m180224CarrickalingaHead (21).jpg,0.8374716223677356,0.7345731100434953,,Biota,Macroalgae,Erect coarse branching,Brown,NA,NA,Cystophora racemosa
19340,Layla_Project,923403133_GSV3_2024-02-18,GSV3_ATC5_1m180224CarrickalingaHead (23).jpg,0.275148663606687,0.14726988169004285,,Biota,Macroalgae,Erect coarse branching,Brown,NA,NA,Cystophora racemosa
19340,Layla_Project,923403133_GSV3_2024-02-18,GSV3_ATC5_1m180224CarrickalingaHead (23).jpg,0.275148663606687,0.14726988169004285,,Biota,Macroalgae,Large canopy-forming,Brown,NA,NA,Ecklonia radiata
19340,Layla_Project,923403133_GSV3_2024-02-18,GSV3_ATC5_1m180224CarrickalingaHead (24).jpg,0.0510604989699488,0.6024610732833362,,Biota,Macroalgae,Erect coarse branching,Brown,NA,NA,Cystophora racemosa
19340,Layla_Project,923403133_GSV3_2024-02-18,GSV3_ATC5_1m180224CarrickalingaHead (24).jpg,0.0510604989699488,0.6024610732833362,Bleached,Biota,Macroalgae,Large canopy-forming,Brown,NA,NA,Ecklonia radiata
19529,Encounter_2024,923403133_GSV3_2024-02-18,GSV3_ATC5_1m180224CarrickalingaHead (24).jpg,0.21680240021927333,0.6023070884316424,,Biota,Macroalgae,Erect coarse branching,Brown,NA,NA,Cystophora racemosa
19529,Encounter_2024,923403133_GSV3_2024-02-18,GSV3_ATC5_1m180224CarrickalingaHead (24).jpg,0.21680240021927333,0.6023070884316424,,Biota,Macroalgae,Filamentous / filiform,Red,NA,NA,NA
19529,Encounter_2024,923403133_GSV3_2024-02-18,GSV3_ATC5_1m180224CarrickalingaHead (24).jpg,0.31052055541781254,0.6175757771445061,,Biota,Macroalgae,Erect coarse branching,Brown,NA,NA,Cystophora racemosa
19529,Encounter_2024,923403133_GSV3_2024-02-18,GSV3_ATC5_1m180224CarrickalingaHead (24).jpg,0.31052055541781254,0.6175757771445061,,Biota,Macroalgae,Filamentous / filiform,Red,NA,NA,NA
19340,Layla_Project,923403133_GSV3_2024-02-18,GSV3_ATC5_1m180224CarrickalingaHead (25).jpg,0.6074125321600596,0.42032704644345353,,Biota,Macroalgae,Filamentous / filiform,Brown,NA,NA,NA
19340,Layla_Project,923403133_GSV3_2024-02-18,GSV3_ATC5_1m180224CarrickalingaHead (25).jpg,0.6074125321600596,0.42032704644345353,,Biota,Macroalgae,Erect coarse branching,Brown,NA,NA,Cystophora subfarcinata
19340,Layla_Project,923403133_GSV3_2024-02-18,GSV3_ATC5_1m180224CarrickalingaHead (26).jpg,0.13132571370863888,0.6383433283745645,,Biota,Macroalgae,Erect fine branching,Brown,Brown Understory Algae,NA,Dictyotaceae spp
19340,Layla_Project,923403133_GSV3_2024-02-18,GSV3_ATC5_1m180224CarrickalingaHead (26).jpg,0.13132571370863888,0.6383433283745645,,Biota,Macroalgae,Filamentous / filiform,Turfing Algae,Red turf,NA,NA
19340,Layla_Project,923403133_GSV3_2024-02-18,GSV3_ATC5_1m180224CarrickalingaHead (26).jpg,0.1629921858757225,0.6207708720348375,,Biota,Macroalgae,Erect coarse branching,Brown,NA,NA,Cystophora racemosa
19340,Layla_Project,923403133_GSV3_2024-02-18,GSV3_ATC5_1m180224CarrickalingaHead (26).jpg,0.1629921858757225,0.6207708720348375,,Biota,Macroalgae,Filamentous / filiform,Turfing Algae,Red turf,NA,NA
19340,Layla_Project,923403133_GSV3_2024-02-18,GSV3_ATC5_1m180224CarrickalingaHead (3).jpg,0.13198230639187247,0.8349333526376908,,Biota,Macroalgae,Filamentous / filiform,Red,NA,NA,NA
19340,Layla_Project,923403133_GSV3_2024-02-18,GSV3_ATC5_1m180224CarrickalingaHead (3).jpg,0.13198230639187247,0.8349333526376908,,Biota,Macroalgae,Erect fine branching,Brown,Brown Understory Algae,NA,Dictyotaceae spp
19340,Layla_Project,923403133_GSV3_2024-02-18,GSV3_ATC5_1m180224CarrickalingaHead (3).jpg,0.7303481673465416,0.6285119709548156,,Biota,Macroalgae,Erect coarse branching,Brown,NA,NA,Cystophora subfarcinata
19340,Layla_Project,923403133_GSV3_2024-02-18,GSV3_ATC5_1m180224CarrickalingaHead (3).jpg,0.7303481673465416,0.6285119709548156,,Biota,Macroalgae,Filamentous / filiform,Turfing Algae,Red turf,NA,NA
19340,Layla_Project,923403133_GSV3_2024-02-18,GSV3_ATC5_1m180224CarrickalingaHead (5).jpg,0.18149089426730158,0.6898482671510788,,Biota,Macroalgae,Erect coarse branching,Brown,NA,NA,Cystophora spp
19340,Layla_Project,923403133_GSV3_2024-02-18,GSV3_ATC5_1m180224CarrickalingaHead (5).jpg,0.18149089426730158,0.6898482671510788,,Biota,Macroalgae,Erect fine branching,Brown,Brown Understory Algae,NA,Dictyotaceae spp
19340,Layla_Project,923403133_GSV3_2024-02-18,GSV3_ATC5_1m180224CarrickalingaHead (5).jpg,0.9384467740393755,0.960049191696625,,Biota,Matrix,Turf/Sediment/Silt matrix,NA,NA,NA,NA
19340,Layla_Project,923403133_GSV3_2024-02-18,GSV3_ATC5_1m180224CarrickalingaHead (5).jpg,0.9384467740393755,0.960049191696625,,Biota,Macroalgae,Erect coarse branching,Brown,NA,NA,Cystophora spp
19340,Layla_Project,923403133_GSV3_2024-02-18,GSV3_ATC5_1m180224CarrickalingaHead (7).jpg,0.16060794074163087,0.4968736730367648,,Biota,Macroalgae,Filamentous / filiform,Turfing Algae,NA,NA,NA
19340,Layla_Project,923403133_GSV3_2024-02-18,GSV3_ATC5_1m180224CarrickalingaHead (7).jpg,0.16060794074163087,0.4968736730367648,,Biota,Macroalgae,Erect coarse branching,Brown,NA,NA,Sargassum spp
19340,Layla_Project,923403149_GSV3_2024-02-18,GSV3_ATC5_2m180224CarrickalingaHead (13).jpg,0.71137987656995,0.10794680399060497,,Biota,Macroalgae,Large canopy-forming,Brown,NA,NA,Ecklonia radiata
19340,Layla_Project,923403149_GSV3_2024-02-18,GSV3_ATC5_2m180224CarrickalingaHead (13).jpg,0.71137987656995,0.10794680399060497,,Biota,Macroalgae,Erect coarse branching,Brown,NA,NA,Cystophora racemosa
19340,Layla_Project,923403149_GSV3_2024-02-18,GSV3_ATC5_2m180224CarrickalingaHead (15).jpg,0.5455858754483202,0.291587565093401,,Biota,Macroalgae,Large canopy-forming,Brown,NA,NA,Ecklonia radiata
19340,Layla_Project,923403149_GSV3_2024-02-18,GSV3_ATC5_2m180224CarrickalingaHead (15).jpg,0.5455858754483202,0.291587565093401,,Biota,Macroalgae,Erect coarse branching,Brown,NA,NA,Cystophora racemosa
19340,Layla_Project,923403149_GSV3_2024-02-18,GSV3_ATC5_2m180224CarrickalingaHead (2).jpg,0.5577241524229117,0.47389862274020034,,Biota,Macroalgae,Erect coarse branching,Brown,NA,NA,Cystophora spp
19340,Layla_Project,923403149_GSV3_2024-02-18,GSV3_ATC5_2m180224CarrickalingaHead (2).jpg,0.5577241524229117,0.47389862274020034,,Biota,Macroalgae,Filamentous / filiform,Brown,NA,NA,NA
19340,Layla_Project,923403149_GSV3_2024-02-18,GSV3_ATC5_2m180224CarrickalingaHead (2).jpg,0.6010352013766449,0.42155361750022335,,Biota,Macroalgae,Erect coarse branching,Brown,NA,NA,Cystophora spp
19340,Layla_Project,923403149_GSV3_2024-02-18,GSV3_ATC5_2m180224CarrickalingaHead (2).jpg,0.6010352013766449,0.42155361750022335,,Biota,Macroalgae,Filamentous / filiform,Brown,NA,NA,NA
19340,Layla_Project,923403149_GSV3_2024-02-18,GSV3_ATC5_2m180224CarrickalingaHead (20).jpg,0.07565638058903934,0.506793697275583,,Biota,Macroalgae,Filamentous / filiform,Turfing Algae,Red turf,NA,NA
19340,Layla_Project,923403149_GSV3_2024-02-18,GSV3_ATC5_2m180224CarrickalingaHead (20).jpg,0.07565638058903934,0.506793697275583,,Biota,Macroalgae,Erect coarse branching,Brown,NA,NA,Cystophora racemosa
19340,Layla_Project,923403149_GSV3_2024-02-18,GSV3_ATC5_2m180224CarrickalingaHead (20).jpg,0.07678931704056469,0.5959252948726755,,Biota,Macroalgae,Erect coarse branching,Brown,NA,NA,Cystophora subfarcinata
19340,Layla_Project,923403149_GSV3_2024-02-18,GSV3_ATC5_2m180224CarrickalingaHead (20).jpg,0.07678931704056469,0.5959252948726755,,Biota,Macroalgae,Encrusting,Red,Non-calcareous,NA,NA
19340,Layla_Project,923403149_GSV3_2024-02-18,GSV3_ATC5_2m180224CarrickalingaHead (21).jpg,0.366951570309645,0.7880623388067254,,Biota,Macroalgae,Erect coarse branching,Brown,NA,NA,Cystophora subfarcinata
19340,Layla_Project,923403149_GSV3_2024-02-18,GSV3_ATC5_2m180224CarrickalingaHead (21).jpg,0.366951570309645,0.7880623388067254,,Biota,Macroalgae,Erect coarse branching,Brown,NA,NA,Sargassum spp
19340,Layla_Project,923403149_GSV3_2024-02-18,GSV3_ATC5_2m180224CarrickalingaHead (22).jpg,0.9272827475068912,0.6974444934137582,,Biota,Macroalgae,Erect coarse branching,Brown,NA,NA,Cystophora racemosa
19340,Layla_Project,923403149_GSV3_2024-02-18,GSV3_ATC5_2m180224CarrickalingaHead (22).jpg,0.9272827475068912,0.6974444934137582,,Biota,Macroalgae,Filamentous / filiform,Brown,NA,NA,NA
19529,Encounter_2024,923403149_GSV3_2024-02-18,GSV3_ATC5_2m180224CarrickalingaHead (26).jpg,0.3236242152272738,0.5586367984575259,,Biota,Macroalgae,Erect coarse branching,Brown,NA,NA,Cystophora subfarcinata
19529,Encounter_2024,923403149_GSV3_2024-02-18,GSV3_ATC5_2m180224CarrickalingaHead (26).jpg,0.3236242152272738,0.5586367984575259,,Biota,Macroalgae,Filamentous / filiform,Red,NA,NA,NA
19340,Layla_Project,923403149_GSV3_2024-02-18,GSV3_ATC5_2m180224CarrickalingaHead (27).jpg,0.0709139604352177,0.2973621118469084,,Biota,Macroalgae,Erect coarse branching,Brown,NA,NA,Cystophora subfarcinata
19340,Layla_Project,923403149_GSV3_2024-02-18,GSV3_ATC5_2m180224CarrickalingaHead (27).jpg,0.0709139604352177,0.2973621118469084,,Biota,Macroalgae,Filamentous / filiform,Turfing Algae,Red turf,NA,NA
19340,Layla_Project,923403149_GSV3_2024-02-18,GSV3_ATC5_2m180224CarrickalingaHead (5).jpg,0.752442550991079,0.5187468978827063,,Biota,Macroalgae,Erect coarse branching,Brown,NA,NA,Cystophora racemosa
19340,Layla_Project,923403149_GSV3_2024-02-18,GSV3_ATC5_2m180224CarrickalingaHead (5).jpg,0.752442550991079,0.5187468978827063,,Biota,Macroalgae,Large canopy-forming,Brown,NA,NA,Ecklonia radiata
19340,Layla_Project,923403149_GSV3_2024-02-18,GSV3_ATC5_2m180224CarrickalingaHead (9).jpg,0.5166666666666667,0.25681818181818183,,Biota,Macroalgae,Filamentous / filiform,Brown,NA,NA,NA
19340,Layla_Project,923403149_GSV3_2024-02-18,GSV3_ATC5_2m180224CarrickalingaHead (9).jpg,0.5166666666666667,0.25681818181818183,,Biota,Macroalgae,Erect coarse branching,Brown,NA,NA,Cystophora racemosa
19340,Layla_Project,923403131_GSV3_2024-02-18,GSV3_FJ_5.3m_18022024_CarriHead10.JPG,0.6112908632988175,0.1508125735987761,,Biota,Matrix,Turf/Sediment/Silt matrix,NA,NA,NA,NA
19340,Layla_Project,923403131_GSV3_2024-02-18,GSV3_FJ_5.3m_18022024_CarriHead10.JPG,0.6112908632988175,0.1508125735987761,,Biota,Macroalgae,Large canopy-forming,Brown,NA,NA,Ecklonia radiata
19340,Layla_Project,923403131_GSV3_2024-02-18,GSV3_FJ_5.3m_18022024_CarriHead10.JPG,0.9323087389297525,0.7928974916328205,,Biota,Macroalgae,Erect fine branching,Brown,Brown Understory Algae,NA,Dictyotaceae spp
19340,Layla_Project,923403131_GSV3_2024-02-18,GSV3_FJ_5.3m_18022024_CarriHead10.JPG,0.9323087389297525,0.7928974916328205,,Biota,Macroalgae,Erect coarse branching,Brown,NA,NA,Cystophora racemosa
19340,Layla_Project,923403131_GSV3_2024-02-18,GSV3_FJ_5.3m_18022024_CarriHead12.JPG,0.8139764806419864,0.3290436563215061,,Biota,Macroalgae,Large canopy-forming,Brown,NA,NA,Ecklonia radiata
19340,Layla_Project,923403131_GSV3_2024-02-18,GSV3_FJ_5.3m_18022024_CarriHead12.JPG,0.8139764806419864,0.3290436563215061,,Biota,Macroalgae,Encrusting,Red,Calcareous,NA,NA
19340,Layla_Project,923403131_GSV3_2024-02-18,GSV3_FJ_5.3m_18022024_CarriHead17.JPG,0.17624603660671656,0.5234478038411425,,Biota,Macroalgae,Filamentous / filiform,Red,NA,NA,NA
19340,Layla_Project,923403131_GSV3_2024-02-18,GSV3_FJ_5.3m_18022024_CarriHead17.JPG,0.17624603660671656,0.5234478038411425,,Biota,Matrix,Turf/Sediment/Silt matrix,NA,NA,NA,NA
19340,Layla_Project,923403131_GSV3_2024-02-18,GSV3_FJ_5.3m_18022024_CarriHead17.JPG,0.5313981042654029,0.4982227488151659,,Biota,Macroalgae,Erect coarse branching,Brown,NA,NA,Cystophora subfarcinata
19340,Layla_Project,923403131_GSV3_2024-02-18,GSV3_FJ_5.3m_18022024_CarriHead17.JPG,0.5313981042654029,0.4982227488151659,,Biota,Macroalgae,Filamentous / filiform,Turfing Algae,Red turf,NA,NA
19340,Layla_Project,923403131_GSV3_2024-02-18,GSV3_FJ_5.3m_18022024_CarriHead17.JPG,0.5388397319553647,0.095906097138451,,Biota,Macroalgae,Filamentous / filiform,Red,NA,NA,NA
19340,Layla_Project,923403131_GSV3_2024-02-18,GSV3_FJ_5.3m_18022024_CarriHead17.JPG,0.5388397319553647,0.095906097138451,,Biota,Matrix,Turf/Sediment/Silt matrix,NA,NA,NA,NA
19340,Layla_Project,923403131_GSV3_2024-02-18,GSV3_FJ_5.3m_18022024_CarriHead17.JPG,0.7315326107523724,0.2389801599778978,,Biota,Macroalgae,Filamentous / filiform,Turfing Algae,Red turf,NA,NA
19340,Layla_Project,923403131_GSV3_2024-02-18,GSV3_FJ_5.3m_18022024_CarriHead17.JPG,0.7315326107523724,0.2389801599778978,,Biota,Matrix,Turf/Sediment/Silt matrix,NA,NA,NA,NA
19340,Layla_Project,923403131_GSV3_2024-02-18,GSV3_FJ_5.3m_18022024_CarriHead17.JPG,0.8809778779260385,0.2102426745564383,,Biota,Macroalgae,Erect coarse branching,Brown,NA,NA,Cystophora subfarcinata
19340,Layla_Project,923403131_GSV3_2024-02-18,GSV3_FJ_5.3m_18022024_CarriHead17.JPG,0.8809778779260385,0.2102426745564383,,Biota,Macroalgae,Filamentous / filiform,Turfing Algae,Red turf,NA,NA
19340,Layla_Project,923403131_GSV3_2024-02-18,GSV3_FJ_5.3m_18022024_CarriHead21.JPG,0.9681225154398518,0.30579169625722114,,Biota,Macroalgae,Erect coarse branching,Brown,NA,NA,Cystophora subfarcinata
19340,Layla_Project,923403131_GSV3_2024-02-18,GSV3_FJ_5.3m_18022024_CarriHead21.JPG,0.9681225154398518,0.30579169625722114,,Biota,Macroalgae,Encrusting,NA,NA,NA,NA
19340,Layla_Project,923403131_GSV3_2024-02-18,GSV3_FJ_5.3m_18022024_CarriHead5.JPG,0.1737599579282948,0.18397035080847424,,Biota,Macroalgae,Erect fine branching,Brown,Brown Understory Algae,NA,Dictyotaceae spp
19340,Layla_Project,923403131_GSV3_2024-02-18,GSV3_FJ_5.3m_18022024_CarriHead5.JPG,0.1737599579282948,0.18397035080847424,,Biota,Macroalgae,Erect coarse branching,Brown,NA,NA,Cystophora subfarcinata
19340,Layla_Project,923403131_GSV3_2024-02-18,GSV3_FJ_5.3m_18022024_CarriHead6.JPG,0.4109479559963167,0.6615035441717677,,Biota,Macroalgae,Large canopy-forming,Brown,NA,NA,Ecklonia radiata
19340,Layla_Project,923403131_GSV3_2024-02-18,GSV3_FJ_5.3m_18022024_CarriHead6.JPG,0.4109479559963167,0.6615035441717677,,Biota,Matrix,Encrusting/Turfing Algal Matrix,NA,NA,NA,NA
19340,Layla_Project,923403147_GSV3_2024-02-18,GSV3_FJ_5.4m_18022024_CarriHead10.JPG,0.406800890820452,0.6811748823552124,,Biota,Macroalgae,Large canopy-forming,Brown,NA,NA,Ecklonia radiata
19340,Layla_Project,923403147_GSV3_2024-02-18,GSV3_FJ_5.4m_18022024_CarriHead10.JPG,0.406800890820452,0.6811748823552124,,Biota,Macroalgae,Erect coarse branching,Brown,NA,NA,Cystophora subfarcinata
19340,Layla_Project,923403147_GSV3_2024-02-18,GSV3_FJ_5.4m_18022024_CarriHead11.JPG,0.24546204345320366,0.18275267886940372,,Biota,Macroalgae,Filamentous / filiform,Turfing Algae,Red turf,NA,NA
19340,Layla_Project,923403147_GSV3_2024-02-18,GSV3_FJ_5.4m_18022024_CarriHead11.JPG,0.24546204345320366,0.18275267886940372,,Biota,Macroalgae,Erect coarse branching,Brown,NA,NA,Cystophora subfarcinata
19340,Layla_Project,923403147_GSV3_2024-02-18,GSV3_FJ_5.4m_18022024_CarriHead11.JPG,0.39243902841571265,0.6201172430073086,,Biota,Macroalgae,Filamentous / filiform,Turfing Algae,Red turf,NA,NA
19340,Layla_Project,923403147_GSV3_2024-02-18,GSV3_FJ_5.4m_18022024_CarriHead11.JPG,0.39243902841571265,0.6201172430073086,,Biota,Macroalgae,Erect coarse branching,Brown,NA,NA,Cystophora racemosa
19340,Layla_Project,923403147_GSV3_2024-02-18,GSV3_FJ_5.4m_18022024_CarriHead11.JPG,0.5570953995887177,0.5397026258838633,,Biota,Macroalgae,Erect coarse branching,Brown,NA,NA,Cystophora subfarcinata
19340,Layla_Project,923403147_GSV3_2024-02-18,GSV3_FJ_5.4m_18022024_CarriHead11.JPG,0.5570953995887177,0.5397026258838633,,Biota,Macroalgae,Filamentous / filiform,Turfing Algae,Red turf,NA,NA
19340,Layla_Project,923403147_GSV3_2024-02-18,GSV3_FJ_5.4m_18022024_CarriHead12.JPG,0.2279844025939195,0.7616611798586447,,Biota,Macroalgae,Filamentous / filiform,Turfing Algae,Red turf,NA,NA
19340,Layla_Project,923403147_GSV3_2024-02-18,GSV3_FJ_5.4m_18022024_CarriHead12.JPG,0.2279844025939195,0.7616611798586447,,Biota,Macroalgae,Erect coarse branching,Brown,NA,NA,Cystophora subfarcinata
19340,Layla_Project,923403147_GSV3_2024-02-18,GSV3_FJ_5.4m_18022024_CarriHead12.JPG,0.6377115041627457,0.25061681846315687,,Physical,Substrate,Unconsolidated (soft),Sand / mud (<2mm),NA,NA,NA
19340,Layla_Project,923403147_GSV3_2024-02-18,GSV3_FJ_5.4m_18022024_CarriHead12.JPG,0.6377115041627457,0.25061681846315687,,Biota,Macroalgae,Filamentous / filiform,Turfing Algae,Red turf,NA,NA
19529,Encounter_2024,923403147_GSV3_2024-02-18,GSV3_FJ_5.4m_18022024_CarriHead12.JPG,0.704996592626313,0.11978693254218574,,Biota,Macroalgae,Filamentous / filiform,Red,NA,NA,NA
19529,Encounter_2024,923403147_GSV3_2024-02-18,GSV3_FJ_5.4m_18022024_CarriHead12.JPG,0.704996592626313,0.11978693254218574,,Biota,Macroalgae,Erect coarse branching,Brown,NA,NA,Cystophora spp
19529,Encounter_2024,923403147_GSV3_2024-02-18,GSV3_FJ_5.4m_18022024_CarriHead13.JPG,0.3879919107530383,0.6373959332149307,,Biota,Macroalgae,Erect coarse branching,Brown,NA,NA,Cystophora spp
19529,Encounter_2024,923403147_GSV3_2024-02-18,GSV3_FJ_5.4m_18022024_CarriHead13.JPG,0.3879919107530383,0.6373959332149307,,Biota,Macroalgae,Filamentous / filiform,Red,NA,NA,NA
19340,Layla_Project,923403147_GSV3_2024-02-18,GSV3_FJ_5.4m_18022024_CarriHead14.JPG,0.40817024276447544,0.8892106733711818,,Biota,Macroalgae,Erect coarse branching,Brown,NA,NA,Cystophora subfarcinata
19340,Layla_Project,923403147_GSV3_2024-02-18,GSV3_FJ_5.4m_18022024_CarriHead14.JPG,0.40817024276447544,0.8892106733711818,,Biota,Macroalgae,Filamentous / filiform,Turfing Algae,Red turf,NA,NA
19340,Layla_Project,923403147_GSV3_2024-02-18,GSV3_FJ_5.4m_18022024_CarriHead14.JPG,0.8708181536226453,0.6582413633905768,,Biota,Sponges,Crusts,Encrusting,NA,NA,NA
19340,Layla_Project,923403147_GSV3_2024-02-18,GSV3_FJ_5.4m_18022024_CarriHead14.JPG,0.8708181536226453,0.6582413633905768,,Biota,Macroalgae,Filamentous / filiform,Turfing Algae,Red turf,NA,NA
19340,Layla_Project,923403147_GSV3_2024-02-18,GSV3_FJ_5.4m_18022024_CarriHead15.JPG,0.46378696748798964,0.926780861185422,,Biota,Matrix,Turf/Sediment/Silt matrix,NA,NA,NA,NA
19340,Layla_Project,923403147_GSV3_2024-02-18,GSV3_FJ_5.4m_18022024_CarriHead15.JPG,0.46378696748798964,0.926780861185422,,Biota,Macroalgae,Erect fine branching,Brown,Brown Understory Algae,NA,Dictyotaceae spp
19340,Layla_Project,923403147_GSV3_2024-02-18,GSV3_FJ_5.4m_18022024_CarriHead15.JPG,0.6964906793000823,0.6381049847801388,,Biota,Macroalgae,Filamentous / filiform,Turfing Algae,Red turf,NA,NA
19340,Layla_Project,923403147_GSV3_2024-02-18,GSV3_FJ_5.4m_18022024_CarriHead15.JPG,0.6964906793000823,0.6381049847801388,,Biota,Macroalgae,Filamentous / filiform,Turfing Algae,Green turf,NA,NA
19340,Layla_Project,923403147_GSV3_2024-02-18,GSV3_FJ_5.4m_18022024_CarriHead16.JPG,0.12832910093998062,0.42455217898382025,,Biota,Macroalgae,Erect coarse branching,Brown,NA,NA,Cystophora subfarcinata
19340,Layla_Project,923403147_GSV3_2024-02-18,GSV3_FJ_5.4m_18022024_CarriHead16.JPG,0.12832910093998062,0.42455217898382025,,Biota,Macroalgae,Filamentous / filiform,Turfing Algae,Red turf,NA,NA
19340,Layla_Project,923403147_GSV3_2024-02-18,GSV3_FJ_5.4m_18022024_CarriHead16.JPG,0.6025152686496112,0.3768349231815412,,Biota,Macroalgae,Erect coarse branching,Brown,NA,NA,Cystophora subfarcinata
19340,Layla_Project,923403147_GSV3_2024-02-18,GSV3_FJ_5.4m_18022024_CarriHead16.JPG,0.6025152686496112,0.3768349231815412,,Biota,Macroalgae,Filamentous / filiform,Turfing Algae,Red turf,NA,NA
19529,Encounter_2024,923403147_GSV3_2024-02-18,GSV3_FJ_5.4m_18022024_CarriHead16.JPG,0.6824887611659808,0.6799012501673668,,Biota,Macroalgae,Erect coarse branching,Brown,NA,NA,Cystophora spp
19529,Encounter_2024,923403147_GSV3_2024-02-18,GSV3_FJ_5.4m_18022024_CarriHead16.JPG,0.6824887611659808,0.6799012501673668,,Biota,Macroalgae,Filamentous / filiform,Red,NA,NA,NA
19340,Layla_Project,923403147_GSV3_2024-02-18,GSV3_FJ_5.4m_18022024_CarriHead18.JPG,0.5626784848606037,0.31524787408431965,,Biota,Macroalgae,Large canopy-forming,Brown,NA,NA,Ecklonia radiata
19340,Layla_Project,923403147_GSV3_2024-02-18,GSV3_FJ_5.4m_18022024_CarriHead18.JPG,0.5626784848606037,0.31524787408431965,,Biota,Macroalgae,Erect coarse branching,Brown,NA,NA,Cystophora subfarcinata
19340,Layla_Project,923403147_GSV3_2024-02-18,GSV3_FJ_5.4m_18022024_CarriHead19.JPG,0.0972549314006047,0.3150907934457572,,Biota,Macroalgae,Erect coarse branching,Brown,NA,NA,Cystophora subfarcinata
19340,Layla_Project,923403147_GSV3_2024-02-18,GSV3_FJ_5.4m_18022024_CarriHead19.JPG,0.0972549314006047,0.3150907934457572,,Biota,Macroalgae,Laminate,Brown,NA,NA,Lobophora spp
19340,Layla_Project,923403147_GSV3_2024-02-18,GSV3_FJ_5.4m_18022024_CarriHead19.JPG,0.6494322584872829,0.316254083784152,,Biota,Macroalgae,Erect coarse branching,Brown,NA,NA,Cystophora subfarcinata
19340,Layla_Project,923403147_GSV3_2024-02-18,GSV3_FJ_5.4m_18022024_CarriHead19.JPG,0.6494322584872829,0.316254083784152,,Biota,Macroalgae,Filamentous / filiform,Turfing Algae,Red turf,NA,NA
19340,Layla_Project,923403147_GSV3_2024-02-18,GSV3_FJ_5.4m_18022024_CarriHead19.JPG,0.8158762676680729,0.49846356555230575,,Biota,Macroalgae,Erect coarse branching,Brown,NA,NA,Cystophora subfarcinata
19340,Layla_Project,923403147_GSV3_2024-02-18,GSV3_FJ_5.4m_18022024_CarriHead19.JPG,0.8158762676680729,0.49846356555230575,,Biota,Macroalgae,Filamentous / filiform,Turfing Algae,Red turf,NA,NA
19340,Layla_Project,923403147_GSV3_2024-02-18,GSV3_FJ_5.4m_18022024_CarriHead19.JPG,0.9371191466169008,0.33420492917429623,,Biota,Macroalgae,Erect coarse branching,Brown,NA,NA,Cystophora subfarcinata
19340,Layla_Project,923403147_GSV3_2024-02-18,GSV3_FJ_5.4m_18022024_CarriHead19.JPG,0.9371191466169008,0.33420492917429623,,Biota,Macroalgae,Filamentous / filiform,Red,NA,NA,NA
19340,Layla_Project,923403147_GSV3_2024-02-18,GSV3_FJ_5.4m_18022024_CarriHead2.JPG,0.23136086580195292,0.9074791688243935,,Biota,Macroalgae,Encrusting,Green,NA,NA,NA
19340,Layla_Project,923403147_GSV3_2024-02-18,GSV3_FJ_5.4m_18022024_CarriHead2.JPG,0.23136086580195292,0.9074791688243935,,Biota,Macroalgae,Encrusting,Red,Calcareous,NA,NA
19340,Layla_Project,923403147_GSV3_2024-02-18,GSV3_FJ_5.4m_18022024_CarriHead2.JPG,0.725462763184898,0.09229207064674927,,Biota,Macroalgae,Filamentous / filiform,Turfing Algae,Red turf,NA,NA
19340,Layla_Project,923403147_GSV3_2024-02-18,GSV3_FJ_5.4m_18022024_CarriHead2.JPG,0.725462763184898,0.09229207064674927,,Biota,Macroalgae,Erect coarse branching,Brown,NA,NA,Cystophora subfarcinata
19340,Layla_Project,923403147_GSV3_2024-02-18,GSV3_FJ_5.4m_18022024_CarriHead3.JPG,0.27015162867922027,0.41773383656437146,,Biota,Macroalgae,Erect coarse branching,Brown,NA,NA,Cystophora subfarcinata
19340,Layla_Project,923403147_GSV3_2024-02-18,GSV3_FJ_5.4m_18022024_CarriHead3.JPG,0.27015162867922027,0.41773383656437146,,Biota,Macroalgae,Large canopy-forming,Brown,NA,NA,Ecklonia radiata
19340,Layla_Project,923403147_GSV3_2024-02-18,GSV3_FJ_5.4m_18022024_CarriHead3.JPG,0.38308350977634253,0.4401789147789579,,Biota,Macroalgae,Encrusting,Green,NA,NA,NA
19340,Layla_Project,923403147_GSV3_2024-02-18,GSV3_FJ_5.4m_18022024_CarriHead3.JPG,0.38308350977634253,0.4401789147789579,,Biota,Macroalgae,Erect coarse branching,Brown,NA,NA,Cystophora subfarcinata
19340,Layla_Project,923403147_GSV3_2024-02-18,GSV3_FJ_5.4m_18022024_CarriHead3.JPG,0.8526657683996757,0.0781021782724729,,Biota,Macroalgae,Filamentous / filiform,Brown,NA,NA,NA
19340,Layla_Project,923403147_GSV3_2024-02-18,GSV3_FJ_5.4m_18022024_CarriHead3.JPG,0.8526657683996757,0.0781021782724729,,Biota,Macroalgae,Erect coarse branching,Brown,NA,NA,Cystophora subfarcinata
19340,Layla_Project,923403147_GSV3_2024-02-18,GSV3_FJ_5.4m_18022024_CarriHead4.JPG,0.29138440314308867,0.4750247086868198,,Biota,Macroalgae,Filamentous / filiform,Turfing Algae,Red turf,NA,NA
19340,Layla_Project,923403147_GSV3_2024-02-18,GSV3_FJ_5.4m_18022024_CarriHead4.JPG,0.29138440314308867,0.4750247086868198,,Biota,Macroalgae,Erect coarse branching,Brown,NA,NA,Cystophora subfarcinata
19340,Layla_Project,923403147_GSV3_2024-02-18,GSV3_FJ_5.4m_18022024_CarriHead4.JPG,0.5490365923375883,0.9580901722816516,,Biota,Macroalgae,Filamentous / filiform,Turfing Algae,Red turf,NA,NA
19340,Layla_Project,923403147_GSV3_2024-02-18,GSV3_FJ_5.4m_18022024_CarriHead4.JPG,0.5490365923375883,0.9580901722816516,,Biota,Macroalgae,Erect coarse branching,Brown,NA,NA,Cystophora subfarcinata
19340,Layla_Project,923403147_GSV3_2024-02-18,GSV3_FJ_5.4m_18022024_CarriHead5.JPG,0.1848392888647742,0.9112698586625034,,Biota,Macroalgae,Erect coarse branching,Brown,NA,NA,Cystophora subfarcinata
19340,Layla_Project,923403147_GSV3_2024-02-18,GSV3_FJ_5.4m_18022024_CarriHead5.JPG,0.1848392888647742,0.9112698586625034,,Biota,Matrix,Turf/Sediment/Silt matrix,NA,NA,NA,NA
19340,Layla_Project,923403147_GSV3_2024-02-18,GSV3_FJ_5.4m_18022024_CarriHead5.JPG,0.9089405245070075,0.18854653423280798,,Biota,Macroalgae,Erect coarse branching,Brown,NA,NA,Cystophora subfarcinata
19340,Layla_Project,923403147_GSV3_2024-02-18,GSV3_FJ_5.4m_18022024_CarriHead5.JPG,0.9089405245070075,0.18854653423280798,,Biota,Macroalgae,Filamentous / filiform,Red,NA,NA,NA
19340,Layla_Project,923403147_GSV3_2024-02-18,GSV3_FJ_5.4m_18022024_CarriHead5.JPG,0.9212895689336819,0.19764128915626356,,Biota,Macroalgae,Erect coarse branching,Brown,NA,NA,Cystophora subfarcinata
19340,Layla_Project,923403147_GSV3_2024-02-18,GSV3_FJ_5.4m_18022024_CarriHead5.JPG,0.9212895689336819,0.19764128915626356,,Biota,Macroalgae,Filamentous / filiform,Red,NA,NA,NA
19340,Layla_Project,923403147_GSV3_2024-02-18,GSV3_FJ_5.4m_18022024_CarriHead6.JPG,0.4017785490695961,0.6658787069617816,,Biota,Macroalgae,Filamentous / filiform,Turfing Algae,Red turf,NA,NA
19340,Layla_Project,923403147_GSV3_2024-02-18,GSV3_FJ_5.4m_18022024_CarriHead6.JPG,0.4017785490695961,0.6658787069617816,,Biota,Macroalgae,Erect coarse branching,Brown,NA,NA,Cystophora subfarcinata
19340,Layla_Project,923403147_GSV3_2024-02-18,GSV3_FJ_5.4m_18022024_CarriHead6.JPG,0.7393860522227348,0.307551315308489,,Biota,Macroalgae,Erect coarse branching,Brown,NA,NA,Cystophora subfarcinata
19340,Layla_Project,923403147_GSV3_2024-02-18,GSV3_FJ_5.4m_18022024_CarriHead6.JPG,0.7393860522227348,0.307551315308489,,Biota,Macroalgae,Filamentous / filiform,Turfing Algae,Red turf,NA,NA
19340,Layla_Project,923403147_GSV3_2024-02-18,GSV3_FJ_5.4m_18022024_CarriHead6.JPG,0.7467980923434911,0.3205613824165586,,Biota,Macroalgae,Erect coarse branching,Brown,NA,NA,Cystophora subfarcinata
19340,Layla_Project,923403147_GSV3_2024-02-18,GSV3_FJ_5.4m_18022024_CarriHead6.JPG,0.7467980923434911,0.3205613824165586,,Biota,Macroalgae,Filamentous / filiform,Turfing Algae,Red turf,NA,NA
19340,Layla_Project,923403147_GSV3_2024-02-18,GSV3_FJ_5.4m_18022024_CarriHead7.JPG,0.001301757907292811,0.6447112797158375,,Biota,Macroalgae,Encrusting,Green,NA,NA,NA
19340,Layla_Project,923403147_GSV3_2024-02-18,GSV3_FJ_5.4m_18022024_CarriHead7.JPG,0.001301757907292811,0.6447112797158375,,Biota,Macroalgae,Encrusting,Red,NA,NA,NA
19340,Layla_Project,923403147_GSV3_2024-02-18,GSV3_FJ_5.4m_18022024_CarriHead7.JPG,0.8700300854298151,0.15590211082755168,,Biota,Macroalgae,Erect coarse branching,Brown,NA,NA,Cystophora subfarcinata
19340,Layla_Project,923403147_GSV3_2024-02-18,GSV3_FJ_5.4m_18022024_CarriHead7.JPG,0.8700300854298151,0.15590211082755168,,Biota,Macroalgae,Filamentous / filiform,Turfing Algae,Red turf,NA,NA
19340,Layla_Project,923403147_GSV3_2024-02-18,GSV3_FJ_5.4m_18022024_CarriHead7.JPG,0.9069672804427571,0.10638932536849965,,Biota,Macroalgae,Erect coarse branching,Brown,NA,NA,Cystophora subfarcinata
19340,Layla_Project,923403147_GSV3_2024-02-18,GSV3_FJ_5.4m_18022024_CarriHead7.JPG,0.9069672804427571,0.10638932536849965,,Biota,Macroalgae,Filamentous / filiform,Turfing Algae,Red turf,NA,NA
19529,Encounter_2024,923403147_GSV3_2024-02-18,GSV3_FJ_5.4m_18022024_CarriHead8.JPG,0.13973332218170464,0.8484837041402448,,Biota,Macroalgae,Erect coarse branching,Brown,NA,NA,Cystophora moniliformis
19529,Encounter_2024,923403147_GSV3_2024-02-18,GSV3_FJ_5.4m_18022024_CarriHead8.JPG,0.13973332218170464,0.8484837041402448,,Biota,Macroalgae,Filamentous / filiform,Red,NA,NA,NA
19340,Layla_Project,923403147_GSV3_2024-02-18,GSV3_FJ_5.4m_18022024_CarriHead8.JPG,0.23815635379266942,0.8257507708351747,,Biota,Macroalgae,Erect coarse branching,Brown,NA,NA,Cystophora subfarcinata
19340,Layla_Project,923403147_GSV3_2024-02-18,GSV3_FJ_5.4m_18022024_CarriHead8.JPG,0.23815635379266942,0.8257507708351747,,Biota,Macroalgae,Filamentous / filiform,Turfing Algae,Red turf,NA,NA
19340,Layla_Project,923403147_GSV3_2024-02-18,GSV3_FJ_5.4m_18022024_CarriHead8.JPG,0.33159690737270364,0.28278548783120383,,Biota,Macroalgae,Erect coarse branching,Brown,NA,NA,Cystophora moniliformis
19340,Layla_Project,923403147_GSV3_2024-02-18,GSV3_FJ_5.4m_18022024_CarriHead8.JPG,0.33159690737270364,0.28278548783120383,,Biota,Macroalgae,Erect coarse branching,Brown,NA,NA,Cystophora subfarcinata
19340,Layla_Project,923403147_GSV3_2024-02-18,GSV3_FJ_5.4m_18022024_CarriHead8.JPG,0.5215611455765139,0.11381024197855749,,Biota,Macroalgae,Filamentous / filiform,Turfing Algae,Red turf,NA,NA
19340,Layla_Project,923403147_GSV3_2024-02-18,GSV3_FJ_5.4m_18022024_CarriHead8.JPG,0.5215611455765139,0.11381024197855749,,Biota,Macroalgae,Erect coarse branching,Brown,NA,NA,Cystophora subfarcinata
19731,RLS_Encounter_2026_FlindersUni_PostHAB,923406691_GSV40_2026-03-25,GSV40_MBD5_4m250326WhaleboneReef (21).JPG,0.1832795024340227,0.13092833696707606,,Biota,Macroalgae,Encrusting,Red,Calcareous,NA,NA
19731,RLS_Encounter_2026_FlindersUni_PostHAB,923406691_GSV40_2026-03-25,GSV40_MBD5_4m250326WhaleboneReef (21).JPG,0.1832795024340227,0.13092833696707606,,Biota,Seagrasses,Strap-like leaves,NA,NA,NA,Amphibolis antarctica
19342,VictorHarbour_2020_RLS_Flinders_Historical_Baseline,912353625_GSV40_2020-01-31,GSV40_SJO5.1m310120WhaleboneReef (17).JPG,0.7404544881769,0.47853082910431366,,Biota,Macroalgae,Filamentous / filiform,Red,NA,NA,NA
19342,VictorHarbour_2020_RLS_Flinders_Historical_Baseline,912353625_GSV40_2020-01-31,GSV40_SJO5.1m310120WhaleboneReef (17).JPG,0.7404544881769,0.47853082910431366,,Biota,Macroalgae,Erect coarse branching,Brown,NA,NA,Cystophora spp
19340,Layla_Project,923403142_GSV42_2024-02-19,GSV42BRD5_3m190224rapidheadsz2  (10).JPG,0.11835511347132444,0.7261792841998624,,Biota,Macroalgae,Erect coarse branching,Red,NA,NA,Osmundaria prolifera
19340,Layla_Project,923403142_GSV42_2024-02-19,GSV42BRD5_3m190224rapidheadsz2  (10).JPG,0.11835511347132444,0.7261792841998624,,Biota,Macroalgae,Erect fine branching,Brown,Brown Understory Algae,NA,Dictyotaceae spp
19340,Layla_Project,923403142_GSV42_2024-02-19,GSV42BRD5_3m190224rapidheadsz2  (13).JPG,0.6899502292357685,0.046504934866682945,,Biota,Macroalgae,Erect fine branching,Brown,Brown Understory Algae,NA,Dictyotaceae spp
19340,Layla_Project,923403142_GSV42_2024-02-19,GSV42BRD5_3m190224rapidheadsz2  (13).JPG,0.6899502292357685,0.046504934866682945,,Biota,Macroalgae,Erect coarse branching,Brown,NA,NA,Cystophora expansa
19340,Layla_Project,923403142_GSV42_2024-02-19,GSV42BRD5_3m190224rapidheadsz2  (18).JPG,0.38968645404671287,0.735641217428794,,Biota,Macroalgae,Erect fine branching,Brown,Brown Understory Algae,NA,Dictyotaceae spp
19340,Layla_Project,923403142_GSV42_2024-02-19,GSV42BRD5_3m190224rapidheadsz2  (18).JPG,0.38968645404671287,0.735641217428794,,Biota,Macroalgae,Erect coarse branching,Brown,NA,NA,Phyllotricha decipens
19340,Layla_Project,923403142_GSV42_2024-02-19,GSV42BRD5_3m190224rapidheadsz2  (18).JPG,0.443086356792432,0.64675582431471,,Biota,Macroalgae,Erect fine branching,Brown,Brown Understory Algae,NA,Dictyotaceae spp
19340,Layla_Project,923403142_GSV42_2024-02-19,GSV42BRD5_3m190224rapidheadsz2  (18).JPG,0.443086356792432,0.64675582431471,,Biota,Macroalgae,Erect coarse branching,Brown,NA,NA,Phyllotricha decipens
19340,Layla_Project,923403142_GSV42_2024-02-19,GSV42BRD5_3m190224rapidheadsz2  (19).JPG,0.1791794964543586,0.9407591305792685,,Biota,Macroalgae,Erect coarse branching,Brown,NA,NA,Phyllotricha decipens
19340,Layla_Project,923403142_GSV42_2024-02-19,GSV42BRD5_3m190224rapidheadsz2  (19).JPG,0.1791794964543586,0.9407591305792685,,Biota,Macroalgae,Erect fine branching,Brown,Brown Understory Algae,NA,Dictyotaceae spp
19340,Layla_Project,923403142_GSV42_2024-02-19,GSV42BRD5_3m190224rapidheadsz2  (8).JPG,0.19415015937709734,0.7515232088581383,,Biota,Macroalgae,Large canopy-forming,Brown,NA,NA,Ecklonia radiata
19340,Layla_Project,923403142_GSV42_2024-02-19,GSV42BRD5_3m190224rapidheadsz2  (8).JPG,0.19415015937709734,0.7515232088581383,,Biota,Macroalgae,Encrusting,Green,NA,NA,NA
19340,Layla_Project,923403127_GSV42_2024-02-19,GSV42BRD5_4m190224rapidheadsz2   (10).JPG,0.5258174178236238,0.2438171076822866,,Biota,Macroalgae,Erect coarse branching,Brown,NA,NA,Cystophora moniliformis
19340,Layla_Project,923403127_GSV42_2024-02-19,GSV42BRD5_4m190224rapidheadsz2   (10).JPG,0.5258174178236238,0.2438171076822866,,Biota,Macroalgae,Erect coarse branching,Brown,NA,NA,Cystophora expansa
19340,Layla_Project,923403127_GSV42_2024-02-19,GSV42BRD5_4m190224rapidheadsz2   (14).JPG,0.36667505465034245,0.44028705592437123,,Biota,Macroalgae,Erect coarse branching,Red,NA,NA,Osmundaria prolifera
19340,Layla_Project,923403127_GSV42_2024-02-19,GSV42BRD5_4m190224rapidheadsz2   (14).JPG,0.36667505465034245,0.44028705592437123,,Biota,Macroalgae,Erect coarse branching,Brown,NA,NA,Cystophora expansa
19340,Layla_Project,923403127_GSV42_2024-02-19,GSV42BRD5_4m190224rapidheadsz2   (25).JPG,0.43340659748839316,0.6602291366687875,,Biota,Macroalgae,Erect coarse branching,Brown,NA,NA,NA
19340,Layla_Project,923403127_GSV42_2024-02-19,GSV42BRD5_4m190224rapidheadsz2   (25).JPG,0.43340659748839316,0.6602291366687875,,Biota,Sponges,NA,NA,NA,NA,NA
19340,Layla_Project,923403127_GSV42_2024-02-19,GSV42BRD5_4m190224rapidheadsz2   (4).JPG,0.36415343769293007,0.724260800584633,,Biota,Macroalgae,Erect coarse branching,Brown,NA,NA,Phyllotricha decipens
19340,Layla_Project,923403127_GSV42_2024-02-19,GSV42BRD5_4m190224rapidheadsz2   (4).JPG,0.36415343769293007,0.724260800584633,,Biota,Macroalgae,Erect fine branching,Brown,Brown Understory Algae,NA,Dictyotaceae spp
19340,Layla_Project,923403127_GSV42_2024-02-19,GSV42BRD5_4m190224rapidheadsz2   (4).JPG,0.8238536996256245,0.6140450287081365,,Biota,Macroalgae,Erect coarse branching,Brown,NA,NA,Phyllotricha decipens
19340,Layla_Project,923403127_GSV42_2024-02-19,GSV42BRD5_4m190224rapidheadsz2   (4).JPG,0.8238536996256245,0.6140450287081365,,Biota,Macroalgae,Erect coarse branching,Brown,NA,NA,Sargassopsis heteromorphum
19340,Layla_Project,923403127_GSV42_2024-02-19,GSV42BRD5_4m190224rapidheadsz2   (6).JPG,0.8565168495312493,0.964980955834967,,Biota,Macroalgae,Erect coarse branching,Brown,NA,NA,Phyllotricha decipens
19340,Layla_Project,923403127_GSV42_2024-02-19,GSV42BRD5_4m190224rapidheadsz2   (6).JPG,0.8565168495312493,0.964980955834967,,Biota,Macroalgae,Erect coarse branching,Brown,NA,NA,Cystophora expansa
19340,Layla_Project,923403135_GSV42_2024-02-19,GSV42_ATC5_1m190224RapidHeadSZ2 (10).jpg,0.03793148053904383,0.19289543214933969,,Biota,Macroalgae,Erect coarse branching,Brown,Sargassum (subgenus Sargassum),NA,Sargassum linearifolium
19340,Layla_Project,923403135_GSV42_2024-02-19,GSV42_ATC5_1m190224RapidHeadSZ2 (10).jpg,0.03793148053904383,0.19289543214933969,,Biota,Macroalgae,Erect coarse branching,Brown,NA,NA,Cystophora spp
19340,Layla_Project,923403135_GSV42_2024-02-19,GSV42_ATC5_1m190224RapidHeadSZ2 (13).jpg,0.9162634549594215,0.5418845219395999,,Biota,Macroalgae,Erect coarse branching,Brown,NA,NA,Cystophora spp
19340,Layla_Project,923403135_GSV42_2024-02-19,GSV42_ATC5_1m190224RapidHeadSZ2 (13).jpg,0.9162634549594215,0.5418845219395999,,Biota,Macroalgae,Erect coarse branching,Brown,NA,NA,Phyllotricha decipens
19340,Layla_Project,923403135_GSV42_2024-02-19,GSV42_ATC5_1m190224RapidHeadSZ2 (14).jpg,0.8132566409062836,0.8582288517975869,,Biota,Macroalgae,Erect coarse branching,Brown,NA,NA,Phyllotricha decipens
19340,Layla_Project,923403135_GSV42_2024-02-19,GSV42_ATC5_1m190224RapidHeadSZ2 (14).jpg,0.8132566409062836,0.8582288517975869,,Biota,Macroalgae,Erect coarse branching,Brown,NA,NA,Cystophora moniliformis
19340,Layla_Project,923403135_GSV42_2024-02-19,GSV42_ATC5_1m190224RapidHeadSZ2 (21).jpg,0.5099466281943942,0.008579337196452319,,Biota,Macroalgae,Erect coarse branching,Red,NA,NA,Osmundaria prolifera
19340,Layla_Project,923403135_GSV42_2024-02-19,GSV42_ATC5_1m190224RapidHeadSZ2 (21).jpg,0.5099466281943942,0.008579337196452319,,Biota,Macroalgae,Erect coarse branching,Brown,NA,NA,Cystophora subfarcinata
19340,Layla_Project,923403135_GSV42_2024-02-19,GSV42_ATC5_1m190224RapidHeadSZ2 (22).jpg,0.9190629058766663,0.8735255014224306,,Biota,Macroalgae,Erect coarse branching,Brown,NA,NA,Scaberia agardhii
19340,Layla_Project,923403135_GSV42_2024-02-19,GSV42_ATC5_1m190224RapidHeadSZ2 (22).jpg,0.9190629058766663,0.8735255014224306,,Biota,Macroalgae,Erect coarse branching,Brown,NA,NA,Cystophora spp
19340,Layla_Project,923403135_GSV42_2024-02-19,GSV42_ATC5_1m190224RapidHeadSZ2 (23).jpg,0.23367778006225226,0.4266977814801931,,Biota,Macroalgae,Erect coarse branching,Brown,NA,NA,Phyllotricha decipens
19340,Layla_Project,923403135_GSV42_2024-02-19,GSV42_ATC5_1m190224RapidHeadSZ2 (23).jpg,0.23367778006225226,0.4266977814801931,,Biota,Macroalgae,Erect coarse branching,Brown,NA,NA,Cystophora subfarcinata
19340,Layla_Project,923403135_GSV42_2024-02-19,GSV42_ATC5_1m190224RapidHeadSZ2 (26).jpg,0.22144243142195774,0.802605632335603,,Biota,Macroalgae,Erect coarse branching,Brown,NA,NA,Cystophora subfarcinata
19340,Layla_Project,923403135_GSV42_2024-02-19,GSV42_ATC5_1m190224RapidHeadSZ2 (26).jpg,0.22144243142195774,0.802605632335603,,Biota,Macroalgae,Erect coarse branching,Brown,NA,NA,Phyllotricha decipens
19340,Layla_Project,923403135_GSV42_2024-02-19,GSV42_ATC5_1m190224RapidHeadSZ2 (26).jpg,0.9201459925378794,0.31075620328902986,,Biota,Macroalgae,Erect coarse branching,Brown,NA,NA,Cystophora spp
19340,Layla_Project,923403135_GSV42_2024-02-19,GSV42_ATC5_1m190224RapidHeadSZ2 (26).jpg,0.9201459925378794,0.31075620328902986,,Biota,Macroalgae,Erect coarse branching,Brown,NA,NA,Scaberia agardhii
19340,Layla_Project,923403135_GSV42_2024-02-19,GSV42_ATC5_1m190224RapidHeadSZ2 (3).jpg,0.07387048617258807,0.38766719408139816,,Biota,Macroalgae,Erect coarse branching,Brown,NA,NA,Phyllotricha decipens
19340,Layla_Project,923403135_GSV42_2024-02-19,GSV42_ATC5_1m190224RapidHeadSZ2 (3).jpg,0.07387048617258807,0.38766719408139816,,Biota,Macroalgae,Erect coarse branching,Brown,NA,NA,Cystophora expansa
19340,Layla_Project,923403135_GSV42_2024-02-19,GSV42_ATC5_1m190224RapidHeadSZ2 (9).jpg,0.25677872239714716,0.8960748824460445,,Biota,Macroalgae,Erect fine branching,Brown,Brown Understory Algae,NA,Dictyotaceae spp
19340,Layla_Project,923403135_GSV42_2024-02-19,GSV42_ATC5_1m190224RapidHeadSZ2 (9).jpg,0.25677872239714716,0.8960748824460445,,Biota,Macroalgae,Erect coarse branching,Brown,NA,NA,Phyllotricha decipens
19340,Layla_Project,923403125_GSV42_2024-02-19,GSV42_ATC5_2m190224RapidHeadSZ2 (15).jpg,0.842936927172081,0.7379303887073332,,Biota,Macroalgae,Erect coarse branching,Brown,NA,NA,Scaberia agardhii
19340,Layla_Project,923403125_GSV42_2024-02-19,GSV42_ATC5_2m190224RapidHeadSZ2 (15).jpg,0.842936927172081,0.7379303887073332,,Biota,Macroalgae,Erect coarse branching,Brown,NA,NA,Cystophora moniliformis
19340,Layla_Project,923403125_GSV42_2024-02-19,GSV42_ATC5_2m190224RapidHeadSZ2 (7).jpg,0.05273623271772421,0.23201802982983122,,Biota,Macroalgae,Erect fine branching,Brown,Brown Understory Algae,NA,Dictyotaceae spp
19340,Layla_Project,923403125_GSV42_2024-02-19,GSV42_ATC5_2m190224RapidHeadSZ2 (7).jpg,0.05273623271772421,0.23201802982983122,,Biota,Sponges,Crusts,Encrusting,NA,NA,NA
19340,Layla_Project,923403125_GSV42_2024-02-19,GSV42_ATC5_2m190224RapidHeadSZ2 (7).jpg,0.8218123624237702,0.09037691666920111,,Biota,Macroalgae,Erect fine branching,Brown,Brown Understory Algae,NA,Dictyotaceae spp
19340,Layla_Project,923403125_GSV42_2024-02-19,GSV42_ATC5_2m190224RapidHeadSZ2 (7).jpg,0.8218123624237702,0.09037691666920111,,Biota,Macroalgae,Erect coarse branching,Brown,NA,NA,Cystophora spp
19340,Layla_Project,923403125_GSV42_2024-02-19,GSV42_ATC5_2m190224RapidHeadSZ2 (9).jpg,0.2843101640929664,0.260125649391865,,Biota,Macroalgae,Erect coarse branching,Brown,NA,NA,Cystophora spp
19340,Layla_Project,923403125_GSV42_2024-02-19,GSV42_ATC5_2m190224RapidHeadSZ2 (9).jpg,0.2843101640929664,0.260125649391865,,Biota,Macroalgae,Erect fine branching,Brown,Brown Understory Algae,NA,Dictyotaceae spp
19341,Bailee_project_annotations,923400300_GSV42_2021-03-10,GSV42_DJM5.2m100321RapidHeadSZSite2  (13).JPG,0.7351874982375827,0.14845184357864427,,Biota,Macroalgae,Erect coarse branching,Brown,NA,NA,Caulocystis cephalornithos
19341,Bailee_project_annotations,923400300_GSV42_2021-03-10,GSV42_DJM5.2m100321RapidHeadSZSite2  (13).JPG,0.7351874982375827,0.14845184357864427,,Biota,Macroalgae,Filamentous / filiform,Turfing Algae,NA,NA,NA
19341,Bailee_project_annotations,923400300_GSV42_2021-03-10,GSV42_DJM5.2m100321RapidHeadSZSite2  (8).JPG,0.7835004134001735,0.44378176072782494,,Biota,Macroalgae,Erect coarse branching,Brown,NA,NA,Cystophora moniliformis
19341,Bailee_project_annotations,923400300_GSV42_2021-03-10,GSV42_DJM5.2m100321RapidHeadSZSite2  (8).JPG,0.7835004134001735,0.44378176072782494,,Biota,Macroalgae,Filamentous / filiform,Turfing Algae,Red turf,NA,NA
19341,Bailee_project_annotations,923400300_GSV42_2021-03-10,GSV42_DJM5.2m100321RapidHeadSZSite2  (9).JPG,0.23539387907203113,0.2651439247028,,Biota,Macroalgae,Erect coarse branching,Brown,NA,NA,Cystophora subfarcinata
19341,Bailee_project_annotations,923400300_GSV42_2021-03-10,GSV42_DJM5.2m100321RapidHeadSZSite2  (9).JPG,0.23539387907203113,0.2651439247028,,Biota,Macroalgae,Filamentous / filiform,Turfing Algae,NA,NA,NA
19341,Bailee_project_annotations,923400395_GSV45_2021-03-12,GSV45_DJB5.3m120321CarriNth  (21).JPG,0.08538568912409861,0.6930889874914049,,Biota,Macroalgae,Erect coarse branching,Brown,NA,NA,Cystophora expansa
19341,Bailee_project_annotations,923400395_GSV45_2021-03-12,GSV45_DJB5.3m120321CarriNth  (21).JPG,0.08538568912409861,0.6930889874914049,,Biota,Macroalgae,Filamentous / filiform,Turfing Algae,Red turf,NA,NA
19341,Bailee_project_annotations,923400395_GSV45_2021-03-12,GSV45_DJB5.3m120321CarriNth  (5).JPG,0.7640414239556119,0.2660989119481426,,Biota,Macroalgae,Erect coarse branching,Brown,NA,NA,Cystophora subfarcinata
19341,Bailee_project_annotations,923400395_GSV45_2021-03-12,GSV45_DJB5.3m120321CarriNth  (5).JPG,0.7640414239556119,0.2660989119481426,,Biota,Macroalgae,Filamentous / filiform,Turfing Algae,Red turf,NA,NA
19341,Bailee_project_annotations,923400394_GSV45_2021-03-12,GSV45_DJB5.4m120321CarriNth  (2).JPG,0.559360898430847,0.24217651049799382,,Biota,Macroalgae,Articulated calcareous,Red,Articulated Calcareous Red,NA,NA
19341,Bailee_project_annotations,923400394_GSV45_2021-03-12,GSV45_DJB5.4m120321CarriNth  (2).JPG,0.559360898430847,0.24217651049799382,,Biota,Macroalgae,Filamentous / filiform,Turfing Algae,NA,NA,NA
19341,Bailee_project_annotations,923400394_GSV45_2021-03-12,GSV45_DJB5.4m120321CarriNth  (3).JPG,0.11683529304909257,0.4281586535242764,,Biota,Macroalgae,Erect coarse branching,Brown,NA,NA,Cystophora subfarcinata
19341,Bailee_project_annotations,923400394_GSV45_2021-03-12,GSV45_DJB5.4m120321CarriNth  (3).JPG,0.11683529304909257,0.4281586535242764,,Biota,Macroalgae,Filamentous / filiform,Turfing Algae,Red turf,NA,NA
19341,Bailee_project_annotations,923400394_GSV45_2021-03-12,GSV45_DJB5.4m120321CarriNth  (3).JPG,0.6513569838622338,0.6280798933245447,,Biota,Macroalgae,Erect coarse branching,Brown,NA,NA,Cystophora expansa
19341,Bailee_project_annotations,923400394_GSV45_2021-03-12,GSV45_DJB5.4m120321CarriNth  (3).JPG,0.6513569838622338,0.6280798933245447,,Biota,Macroalgae,Filamentous / filiform,Turfing Algae,Red turf,NA,NA
19341,Bailee_project_annotations,923400394_GSV45_2021-03-12,GSV45_DJB5.4m120321CarriNth  (5).JPG,0.3939930000099726,0.3746964692496444,,Biota,Macroalgae,Articulated calcareous,Red,Articulated Calcareous Red,NA,NA
19341,Bailee_project_annotations,923400394_GSV45_2021-03-12,GSV45_DJB5.4m120321CarriNth  (5).JPG,0.3939930000099726,0.3746964692496444,,Biota,Macroalgae,Filamentous / filiform,Turfing Algae,Red turf,NA,NA
19341,Bailee_project_annotations,923400394_GSV45_2021-03-12,GSV45_DJB5.4m120321CarriNth  (5).JPG,0.4510847198236546,0.5357917549950821,,Biota,Macroalgae,Erect coarse branching,Brown,NA,NA,Scaberia agardhii
19341,Bailee_project_annotations,923400394_GSV45_2021-03-12,GSV45_DJB5.4m120321CarriNth  (5).JPG,0.4510847198236546,0.5357917549950821,,Biota,Macroalgae,Filamentous / filiform,Turfing Algae,Red turf,NA,NA
19341,Bailee_project_annotations,923400398_GSV45_2021-03-12,GSV45_SRB5.1m120321CarriNth  (12).JPG,0.2836102266321592,0.37135954378023994,,Biota,Macroalgae,Erect coarse branching,Brown,NA,NA,Cystophora subfarcinata
19341,Bailee_project_annotations,923400398_GSV45_2021-03-12,GSV45_SRB5.1m120321CarriNth  (12).JPG,0.2836102266321592,0.37135954378023994,,Biota,Macroalgae,Filamentous / filiform,Turfing Algae,Red turf,NA,NA
19341,Bailee_project_annotations,923400396_GSV45_2021-03-12,GSV45_SRB5.2m120321CarriNth  (12).JPG,0.5259166591493691,0.5210922216848883,,Biota,Macroalgae,Filamentous / filiform,Turfing Algae,NA,NA,NA
19341,Bailee_project_annotations,923400396_GSV45_2021-03-12,GSV45_SRB5.2m120321CarriNth  (12).JPG,0.5259166591493691,0.5210922216848883,,Biota,Macroalgae,Articulated calcareous,Red,NA,NA,NA
19340,Layla_Project,923403137_GSV46_2024-02-18,GSV46_ATC5_1m180224CarrickalingaNorth2 (10).jpg,0.28083504986372143,0.7002335454763411,,Biota,Matrix,Turf/Sediment/Silt matrix,NA,NA,NA,NA
19340,Layla_Project,923403137_GSV46_2024-02-18,GSV46_ATC5_1m180224CarrickalingaNorth2 (10).jpg,0.28083504986372143,0.7002335454763411,,Biota,Macroalgae,Erect fine branching,Brown,Brown Understory Algae,NA,Dictyotaceae spp
19529,Encounter_2024,923403137_GSV46_2024-02-18,GSV46_ATC5_1m180224CarrickalingaNorth2 (10).jpg,0.4432244451420061,0.22822783605591088,,Biota,Macroalgae,Filamentous / filiform,Turfing Algae,Red turf,NA,NA
19529,Encounter_2024,923403137_GSV46_2024-02-18,GSV46_ATC5_1m180224CarrickalingaNorth2 (10).jpg,0.4432244451420061,0.22822783605591088,Bleached,Biota,Macroalgae,Articulated calcareous,Red,NA,NA,NA
19340,Layla_Project,923403137_GSV46_2024-02-18,GSV46_ATC5_1m180224CarrickalingaNorth2 (12).jpg,0.030037508068619156,0.7345414199092088,,Biota,Macroalgae,Erect coarse branching,Brown,NA,NA,Cystophora spp
19340,Layla_Project,923403137_GSV46_2024-02-18,GSV46_ATC5_1m180224CarrickalingaNorth2 (12).jpg,0.030037508068619156,0.7345414199092088,,Biota,Matrix,Turf/Sediment/Silt matrix,NA,NA,NA,NA
19529,Encounter_2024,923403137_GSV46_2024-02-18,GSV46_ATC5_1m180224CarrickalingaNorth2 (12).jpg,0.49552763316941006,0.19424278359787267,"Bleached,Dead",Biota,Macroalgae,Articulated calcareous,Red,NA,NA,NA
19529,Encounter_2024,923403137_GSV46_2024-02-18,GSV46_ATC5_1m180224CarrickalingaNorth2 (12).jpg,0.49552763316941006,0.19424278359787267,,Biota,Macroalgae,Filamentous / filiform,Turfing Algae,NA,NA,NA
19529,Encounter_2024,923403137_GSV46_2024-02-18,GSV46_ATC5_1m180224CarrickalingaNorth2 (12).jpg,0.5836269029627242,0.18328029285875058,"Bleached,Dead",Biota,Macroalgae,Articulated calcareous,Red,NA,NA,NA
19529,Encounter_2024,923403137_GSV46_2024-02-18,GSV46_ATC5_1m180224CarrickalingaNorth2 (12).jpg,0.5836269029627242,0.18328029285875058,,Biota,Macroalgae,Filamentous / filiform,Turfing Algae,NA,NA,NA
19340,Layla_Project,923403137_GSV46_2024-02-18,GSV46_ATC5_1m180224CarrickalingaNorth2 (12).jpg,0.7778099345154236,0.3612696955154703,,Biota,Matrix,Turf/Sediment/Silt matrix,NA,NA,NA,NA
19340,Layla_Project,923403137_GSV46_2024-02-18,GSV46_ATC5_1m180224CarrickalingaNorth2 (12).jpg,0.7778099345154236,0.3612696955154703,,Biota,Macroalgae,Erect coarse branching,Brown,NA,NA,Cystophora expansa
19340,Layla_Project,923403137_GSV46_2024-02-18,GSV46_ATC5_1m180224CarrickalingaNorth2 (17).jpg,0.5126008148831188,0.6434909290483253,,Biota,Matrix,Turf/Sediment/Silt matrix,NA,NA,NA,NA
19340,Layla_Project,923403137_GSV46_2024-02-18,GSV46_ATC5_1m180224CarrickalingaNorth2 (17).jpg,0.5126008148831188,0.6434909290483253,,Biota,Macroalgae,Erect coarse branching,Red,NA,NA,NA
19340,Layla_Project,923403137_GSV46_2024-02-18,GSV46_ATC5_1m180224CarrickalingaNorth2 (19).jpg,0.22913761477728867,0.8675615640146475,,Biota,Macroalgae,Erect coarse branching,Brown,NA,NA,Sargassum spp
19340,Layla_Project,923403137_GSV46_2024-02-18,GSV46_ATC5_1m180224CarrickalingaNorth2 (19).jpg,0.22913761477728867,0.8675615640146475,,Biota,Matrix,Turf/Sediment/Silt matrix,NA,NA,NA,NA
19340,Layla_Project,923403137_GSV46_2024-02-18,GSV46_ATC5_1m180224CarrickalingaNorth2 (19).jpg,0.7470066149844827,0.03214780363024561,,Physical,Substrate,Unconsolidated (soft),Sand / mud (<2mm),Coarse sand (with shell fragments),NA,NA
19340,Layla_Project,923403137_GSV46_2024-02-18,GSV46_ATC5_1m180224CarrickalingaNorth2 (19).jpg,0.7470066149844827,0.03214780363024561,,Biota,Macroalgae,Filamentous / filiform,Brown,NA,NA,NA
19340,Layla_Project,923403137_GSV46_2024-02-18,GSV46_ATC5_1m180224CarrickalingaNorth2 (2).jpg,0.18841820822612676,0.5198054698397108,,Biota,Macroalgae,Erect fine branching,Brown,Brown Understory Algae,NA,Dictyotaceae spp
19340,Layla_Project,923403137_GSV46_2024-02-18,GSV46_ATC5_1m180224CarrickalingaNorth2 (2).jpg,0.18841820822612676,0.5198054698397108,,Biota,Matrix,Turf/Sediment/Silt matrix,NA,NA,NA,NA
19340,Layla_Project,923403137_GSV46_2024-02-18,GSV46_ATC5_1m180224CarrickalingaNorth2 (20).jpg,0.6912375407953818,0.5949455021679788,,Biota,Matrix,Turf/Sediment/Silt matrix,NA,NA,NA,NA
19340,Layla_Project,923403137_GSV46_2024-02-18,GSV46_ATC5_1m180224CarrickalingaNorth2 (20).jpg,0.6912375407953818,0.5949455021679788,,Biota,Macroalgae,Erect coarse branching,Red,NA,NA,NA
19529,Encounter_2024,923403137_GSV46_2024-02-18,GSV46_ATC5_1m180224CarrickalingaNorth2 (21).jpg,0.449829598041829,0.12510947386812915,Bleached,Biota,Macroalgae,Articulated calcareous,Red,NA,NA,NA
19529,Encounter_2024,923403137_GSV46_2024-02-18,GSV46_ATC5_1m180224CarrickalingaNorth2 (21).jpg,0.449829598041829,0.12510947386812915,,Biota,Macroalgae,Filamentous / filiform,Turfing Algae,NA,NA,NA
19340,Layla_Project,923403137_GSV46_2024-02-18,GSV46_ATC5_1m180224CarrickalingaNorth2 (24).jpg,0.2245024728939139,0.120118008358301,,Biota,Sponges,Massive forms,Simple,NA,NA,NA
19340,Layla_Project,923403137_GSV46_2024-02-18,GSV46_ATC5_1m180224CarrickalingaNorth2 (24).jpg,0.2245024728939139,0.120118008358301,,Biota,Macroalgae,Erect coarse branching,Brown,NA,NA,Cystophora spp
19340,Layla_Project,923403137_GSV46_2024-02-18,GSV46_ATC5_1m180224CarrickalingaNorth2 (5).jpg,0.040487173727349224,0.5085871860499955,,Biota,Macroalgae,Erect coarse branching,Brown,NA,NA,Cystophora spp
19340,Layla_Project,923403137_GSV46_2024-02-18,GSV46_ATC5_1m180224CarrickalingaNorth2 (5).jpg,0.040487173727349224,0.5085871860499955,,Biota,Macroalgae,Erect coarse branching,Brown,NA,NA,Cystophora moniliformis
19340,Layla_Project,923403137_GSV46_2024-02-18,GSV46_ATC5_1m180224CarrickalingaNorth2 (6).jpg,0.47222394977591764,0.5458757644207476,,Biota,Macroalgae,Erect coarse branching,Brown,NA,NA,Cystophora moniliformis
19340,Layla_Project,923403137_GSV46_2024-02-18,GSV46_ATC5_1m180224CarrickalingaNorth2 (6).jpg,0.47222394977591764,0.5458757644207476,,Biota,Macroalgae,Erect coarse branching,Brown,NA,NA,Cystophora expansa
19340,Layla_Project,923403137_GSV46_2024-02-18,GSV46_ATC5_1m180224CarrickalingaNorth2 (8).jpg,0.11614329798758105,0.4690133731788215,,Physical,Substrate,Unconsolidated (soft),Sand / mud (<2mm),Coarse sand (with shell fragments),NA,NA
19340,Layla_Project,923403137_GSV46_2024-02-18,GSV46_ATC5_1m180224CarrickalingaNorth2 (8).jpg,0.11614329798758105,0.4690133731788215,,Physical,Substrate,Consolidated (hard),Cobbles,NA,NA,NA
19340,Layla_Project,923403152_GSV46_2024-02-18,GSV46_ATC5_2m180224CarrickalingaNorth2 (14).jpg,0.4704564766748004,0.7633117621202334,,Biota,Matrix,Turf/Sediment/Silt matrix,NA,NA,NA,NA
19340,Layla_Project,923403152_GSV46_2024-02-18,GSV46_ATC5_2m180224CarrickalingaNorth2 (14).jpg,0.4704564766748004,0.7633117621202334,,Biota,Macroalgae,Erect fine branching,Brown,Brown Understory Algae,NA,Dictyotaceae spp
19340,Layla_Project,923403152_GSV46_2024-02-18,GSV46_ATC5_2m180224CarrickalingaNorth2 (14).jpg,0.6779360609306019,0.3943119220028465,,Biota,Macroalgae,Erect coarse branching,Brown,NA,NA,Cystophora expansa
19340,Layla_Project,923403152_GSV46_2024-02-18,GSV46_ATC5_2m180224CarrickalingaNorth2 (14).jpg,0.6779360609306019,0.3943119220028465,,Biota,Macroalgae,Filamentous / filiform,Brown,NA,NA,Hincksia spp
19340,Layla_Project,923403152_GSV46_2024-02-18,GSV46_ATC5_2m180224CarrickalingaNorth2 (14).jpg,0.8698912268877641,0.8415520606112772,,Biota,Macroalgae,Erect fine branching,Brown,Brown Understory Algae,NA,Dictyotaceae spp
19340,Layla_Project,923403152_GSV46_2024-02-18,GSV46_ATC5_2m180224CarrickalingaNorth2 (14).jpg,0.8698912268877641,0.8415520606112772,,Biota,Macroalgae,Erect coarse branching,Brown,NA,NA,Cystophora spp
19340,Layla_Project,923403152_GSV46_2024-02-18,GSV46_ATC5_2m180224CarrickalingaNorth2 (14).jpg,0.9297625674909286,0.8127239432132075,,Biota,Macroalgae,Erect coarse branching,Brown,NA,NA,Cystophora spp
19340,Layla_Project,923403152_GSV46_2024-02-18,GSV46_ATC5_2m180224CarrickalingaNorth2 (14).jpg,0.9297625674909286,0.8127239432132075,,Biota,Macroalgae,Erect coarse branching,Brown,NA,NA,Scaberia agardhii
19340,Layla_Project,923403152_GSV46_2024-02-18,GSV46_ATC5_2m180224CarrickalingaNorth2 (18).jpg,0.05090434404052391,0.7833040322771203,,Biota,Macroalgae,Erect coarse branching,Brown,NA,NA,Cystophora subfarcinata
19340,Layla_Project,923403152_GSV46_2024-02-18,GSV46_ATC5_2m180224CarrickalingaNorth2 (18).jpg,0.05090434404052391,0.7833040322771203,,Biota,Macroalgae,Erect coarse branching,Brown,NA,NA,Cystophora spp
19340,Layla_Project,923403152_GSV46_2024-02-18,GSV46_ATC5_2m180224CarrickalingaNorth2 (20).jpg,0.41408691993357627,0.5080740109147176,,Biota,Macroalgae,Erect coarse branching,Brown,NA,NA,Cystophora moniliformis
19340,Layla_Project,923403152_GSV46_2024-02-18,GSV46_ATC5_2m180224CarrickalingaNorth2 (20).jpg,0.41408691993357627,0.5080740109147176,,Biota,Macroalgae,Erect coarse branching,Brown,NA,NA,Scaberia agardhii
19340,Layla_Project,923403152_GSV46_2024-02-18,GSV46_ATC5_2m180224CarrickalingaNorth2 (21).jpg,0.7001594357290828,0.2059239066311741,,Biota,Matrix,Turf/Sediment/Silt matrix,NA,NA,NA,NA
19340,Layla_Project,923403152_GSV46_2024-02-18,GSV46_ATC5_2m180224CarrickalingaNorth2 (21).jpg,0.7001594357290828,0.2059239066311741,,Biota,Macroalgae,Erect coarse branching,Brown,NA,NA,Scaberia agardhii
19340,Layla_Project,923403152_GSV46_2024-02-18,GSV46_ATC5_2m180224CarrickalingaNorth2 (22).jpg,0.47854060490077266,0.7440668465296489,,Physical,Substrate,Consolidated (hard),Cobbles,NA,NA,NA
19340,Layla_Project,923403152_GSV46_2024-02-18,GSV46_ATC5_2m180224CarrickalingaNorth2 (22).jpg,0.47854060490077266,0.7440668465296489,,Biota,Macroalgae,Encrusting,Green,NA,NA,NA
19340,Layla_Project,923403152_GSV46_2024-02-18,GSV46_ATC5_2m180224CarrickalingaNorth2 (22).jpg,0.7758080351436945,0.6465534784633329,,Biota,Macroalgae,Erect coarse branching,Brown,NA,NA,Cystophora expansa
19340,Layla_Project,923403152_GSV46_2024-02-18,GSV46_ATC5_2m180224CarrickalingaNorth2 (22).jpg,0.7758080351436945,0.6465534784633329,,Biota,Matrix,Turf/Sediment/Silt matrix,NA,NA,NA,NA
19340,Layla_Project,923403152_GSV46_2024-02-18,GSV46_ATC5_2m180224CarrickalingaNorth2 (23).jpg,0.10012166235922759,0.9032366202120696,,Physical,Substrate,Consolidated (hard),Rock,NA,NA,NA
19340,Layla_Project,923403152_GSV46_2024-02-18,GSV46_ATC5_2m180224CarrickalingaNorth2 (23).jpg,0.10012166235922759,0.9032366202120696,,Biota,Matrix,Turf/Sediment/Silt matrix,NA,NA,NA,NA
19340,Layla_Project,923403152_GSV46_2024-02-18,GSV46_ATC5_2m180224CarrickalingaNorth2 (6).jpg,0.4994407190259277,0.006558299060575035,,Biota,Macroalgae,Erect coarse branching,Brown,NA,NA,NA
19340,Layla_Project,923403152_GSV46_2024-02-18,GSV46_ATC5_2m180224CarrickalingaNorth2 (6).jpg,0.4994407190259277,0.006558299060575035,,Biota,Matrix,Turf/Sediment/Silt matrix,NA,NA,NA,NA
19340,Layla_Project,923403152_GSV46_2024-02-18,GSV46_ATC5_2m180224CarrickalingaNorth2 (6).jpg,0.7680370651892166,0.6941388721126951,,Biota,Matrix,Turf/Sediment/Silt matrix,NA,NA,NA,NA
19340,Layla_Project,923403152_GSV46_2024-02-18,GSV46_ATC5_2m180224CarrickalingaNorth2 (6).jpg,0.7680370651892166,0.6941388721126951,,Biota,Macroalgae,Erect coarse branching,Brown,NA,NA,Cystophora brownii
19340,Layla_Project,923403152_GSV46_2024-02-18,GSV46_ATC5_2m180224CarrickalingaNorth2 (7).jpg,0.5529609505424727,0.8686902075023882,,Biota,Matrix,Turf/Sediment/Silt matrix,NA,NA,NA,NA
19340,Layla_Project,923403152_GSV46_2024-02-18,GSV46_ATC5_2m180224CarrickalingaNorth2 (7).jpg,0.5529609505424727,0.8686902075023882,,Biota,Sponges,Massive forms,Balls,NA,NA,NA
19340,Layla_Project,923403152_GSV46_2024-02-18,GSV46_ATC5_2m180224CarrickalingaNorth2 (7).jpg,0.6241293613027562,0.0828374679337821,,Biota,Macroalgae,Erect coarse branching,Brown,NA,NA,Cystophora spp
19340,Layla_Project,923403152_GSV46_2024-02-18,GSV46_ATC5_2m180224CarrickalingaNorth2 (7).jpg,0.6241293613027562,0.0828374679337821,,Biota,Macroalgae,Erect coarse branching,Brown,NA,NA,Scaberia agardhii
19340,Layla_Project,923403152_GSV46_2024-02-18,GSV46_ATC5_2m180224CarrickalingaNorth2 (7).jpg,0.7016648770686247,0.6024929713522122,,Biota,Macroalgae,Erect coarse branching,Brown,NA,NA,Scaberia agardhii
19340,Layla_Project,923403152_GSV46_2024-02-18,GSV46_ATC5_2m180224CarrickalingaNorth2 (7).jpg,0.7016648770686247,0.6024929713522122,,Biota,Macroalgae,Erect coarse branching,Brown,NA,NA,Cystophora moniliformis
19340,Layla_Project,923403152_GSV46_2024-02-18,GSV46_ATC5_2m180224CarrickalingaNorth2 (8).jpg,0.19442497956584004,0.4801839291085056,,Biota,Macroalgae,Erect coarse branching,Brown,NA,NA,Cystophora expansa
19340,Layla_Project,923403152_GSV46_2024-02-18,GSV46_ATC5_2m180224CarrickalingaNorth2 (8).jpg,0.19442497956584004,0.4801839291085056,,Biota,Macroalgae,Filamentous / filiform,Brown,NA,NA,NA
19340,Layla_Project,923403152_GSV46_2024-02-18,GSV46_ATC5_2m180224CarrickalingaNorth2 (8).jpg,0.6799787737020231,0.5898259623602049,,Biota,Matrix,Turf/Sediment/Silt matrix,NA,NA,NA,NA
19340,Layla_Project,923403152_GSV46_2024-02-18,GSV46_ATC5_2m180224CarrickalingaNorth2 (8).jpg,0.6799787737020231,0.5898259623602049,,Biota,Macroalgae,Encrusting,Green,NA,NA,NA
19340,Layla_Project,923403138_GSV46_2024-02-18,GSV46_FJ_5.3m_18022024_CarriN211.JPG,0.6254122122565503,0.3444170634143029,,Biota,Macroalgae,Erect coarse branching,Brown,NA,NA,Cystophora spp
19340,Layla_Project,923403138_GSV46_2024-02-18,GSV46_FJ_5.3m_18022024_CarriN211.JPG,0.6254122122565503,0.3444170634143029,,Biota,Macroalgae,Globose / saccate,Brown,NA,NA,NA
19340,Layla_Project,923403138_GSV46_2024-02-18,GSV46_FJ_5.3m_18022024_CarriN214.JPG,0.8512363708128491,0.539879572275408,,Biota,Matrix,Turf/Sediment/Silt matrix,NA,NA,NA,NA
19340,Layla_Project,923403138_GSV46_2024-02-18,GSV46_FJ_5.3m_18022024_CarriN214.JPG,0.8512363708128491,0.539879572275408,,Biota,Macroalgae,Erect coarse branching,Brown,NA,NA,Cystophora brownii
19340,Layla_Project,923403138_GSV46_2024-02-18,GSV46_FJ_5.3m_18022024_CarriN215.JPG,0.0657434074407185,0.22332648165264635,,Biota,Macroalgae,Erect coarse branching,Brown,NA,NA,Cystophora spp
19340,Layla_Project,923403138_GSV46_2024-02-18,GSV46_FJ_5.3m_18022024_CarriN215.JPG,0.0657434074407185,0.22332648165264635,,Biota,Sponges,Crusts,Encrusting,NA,NA,NA
19340,Layla_Project,923403138_GSV46_2024-02-18,GSV46_FJ_5.3m_18022024_CarriN217.JPG,0.8258640323682961,0.7439654987337517,,Physical,Substrate,Consolidated (hard),Cobbles,NA,NA,NA
19340,Layla_Project,923403138_GSV46_2024-02-18,GSV46_FJ_5.3m_18022024_CarriN217.JPG,0.8258640323682961,0.7439654987337517,,Biota,Macroalgae,Erect coarse branching,Brown,NA,NA,Scaberia agardhii
19340,Layla_Project,923403138_GSV46_2024-02-18,GSV46_FJ_5.3m_18022024_CarriN218.JPG,0.365968812288912,0.2776723631085649,,Biota,Macroalgae,Erect coarse branching,Brown,NA,NA,Cystophora expansa
19340,Layla_Project,923403138_GSV46_2024-02-18,GSV46_FJ_5.3m_18022024_CarriN218.JPG,0.365968812288912,0.2776723631085649,,Biota,Macroalgae,Erect coarse branching,Brown,NA,NA,Cystophora subfarcinata
19340,Layla_Project,923403138_GSV46_2024-02-18,GSV46_FJ_5.3m_18022024_CarriN219.JPG,0.6415873247607673,0.38160979432887265,,Biota,Macroalgae,Erect coarse branching,Brown,NA,NA,Cystophora spp
19340,Layla_Project,923403138_GSV46_2024-02-18,GSV46_FJ_5.3m_18022024_CarriN219.JPG,0.6415873247607673,0.38160979432887265,,Biota,Matrix,Turf/Sediment/Silt matrix,NA,NA,NA,NA
19340,Layla_Project,923403138_GSV46_2024-02-18,GSV46_FJ_5.3m_18022024_CarriN219.JPG,0.8990623821497035,0.5709129939016875,,Biota,Macroalgae,Erect coarse branching,Brown,NA,NA,Cystophora expansa
19340,Layla_Project,923403138_GSV46_2024-02-18,GSV46_FJ_5.3m_18022024_CarriN219.JPG,0.8990623821497035,0.5709129939016875,,Biota,Macroalgae,Filamentous / filiform,Turfing Algae,Red turf,NA,NA
19340,Layla_Project,923403138_GSV46_2024-02-18,GSV46_FJ_5.3m_18022024_CarriN22.JPG,0.7026404232168629,0.07975774463262453,,Biota,Macroalgae,Erect coarse branching,Brown,NA,NA,Cystophora expansa
19340,Layla_Project,923403138_GSV46_2024-02-18,GSV46_FJ_5.3m_18022024_CarriN22.JPG,0.7026404232168629,0.07975774463262453,,Biota,Macroalgae,Filamentous / filiform,Turfing Algae,Red turf,NA,NA
19340,Layla_Project,923403138_GSV46_2024-02-18,GSV46_FJ_5.3m_18022024_CarriN24.JPG,0.31378408084910314,0.17245228365452203,,Biota,Macroalgae,Erect fine branching,Brown,Brown Understory Algae,NA,Dictyotaceae spp
19340,Layla_Project,923403138_GSV46_2024-02-18,GSV46_FJ_5.3m_18022024_CarriN24.JPG,0.31378408084910314,0.17245228365452203,,Biota,Macroalgae,Erect coarse branching,Brown,NA,NA,Cystophora expansa
19340,Layla_Project,923403138_GSV46_2024-02-18,GSV46_FJ_5.3m_18022024_CarriN24.JPG,0.5796237266253207,0.7479516393994557,,Biota,Macroalgae,Erect coarse branching,Red,NA,NA,NA
19340,Layla_Project,923403138_GSV46_2024-02-18,GSV46_FJ_5.3m_18022024_CarriN24.JPG,0.5796237266253207,0.7479516393994557,,Biota,Matrix,Turf/Sediment/Silt matrix,NA,NA,NA,NA
19340,Layla_Project,923403138_GSV46_2024-02-18,GSV46_FJ_5.3m_18022024_CarriN24.JPG,0.7463076891864376,0.4811717779471636,,Biota,Macroalgae,Laminate,Brown,NA,NA,NA
19340,Layla_Project,923403138_GSV46_2024-02-18,GSV46_FJ_5.3m_18022024_CarriN24.JPG,0.7463076891864376,0.4811717779471636,,Biota,Macroalgae,Erect fine branching,Brown,Brown Understory Algae,NA,Dictyotaceae spp
19340,Layla_Project,923403138_GSV46_2024-02-18,GSV46_FJ_5.3m_18022024_CarriN25.JPG,0.8435284269513637,0.8430166440000294,,Biota,Macroalgae,Encrusting,Brown,NA,NA,NA
19340,Layla_Project,923403138_GSV46_2024-02-18,GSV46_FJ_5.3m_18022024_CarriN25.JPG,0.8435284269513637,0.8430166440000294,,Biota,Macroalgae,Encrusting,Green,NA,NA,NA
19340,Layla_Project,923403138_GSV46_2024-02-18,GSV46_FJ_5.3m_18022024_CarriN26.JPG,0.7340843393268419,0.8778107342498818,,Biota,Matrix,Turf/Sediment/Silt matrix,NA,NA,NA,NA
19340,Layla_Project,923403138_GSV46_2024-02-18,GSV46_FJ_5.3m_18022024_CarriN26.JPG,0.7340843393268419,0.8778107342498818,,Biota,Macroalgae,Globose / saccate,Red,NA,NA,NA
19340,Layla_Project,923403138_GSV46_2024-02-18,GSV46_FJ_5.3m_18022024_CarriN28.JPG,0.4594091976293626,0.2659542400114525,,Physical,Substrate,Consolidated (hard),Rock,NA,NA,NA
19340,Layla_Project,923403138_GSV46_2024-02-18,GSV46_FJ_5.3m_18022024_CarriN28.JPG,0.4594091976293626,0.2659542400114525,,Biota,Matrix,Turf/Sediment/Silt matrix,NA,NA,NA,NA
19529,Encounter_2024,923403153_GSV46_2024-02-18,GSV46_FJ_5.4m_18022024_CarriN21.JPG,0.8512061318831529,0.3284307816450155,,Biota,Macroalgae,Filamentous / filiform,Red,NA,NA,NA
19529,Encounter_2024,923403153_GSV46_2024-02-18,GSV46_FJ_5.4m_18022024_CarriN21.JPG,0.8512061318831529,0.3284307816450155,,Biota,Macroalgae,Erect coarse branching,Brown,NA,NA,Cystophora expansa
19529,Encounter_2024,923403153_GSV46_2024-02-18,GSV46_FJ_5.4m_18022024_CarriN21.JPG,0.8799614204386504,0.2511900719620619,,Biota,Macroalgae,Filamentous / filiform,Red,NA,NA,NA
19529,Encounter_2024,923403153_GSV46_2024-02-18,GSV46_FJ_5.4m_18022024_CarriN21.JPG,0.8799614204386504,0.2511900719620619,,Biota,Macroalgae,Erect coarse branching,Brown,NA,NA,Cystophora expansa
19340,Layla_Project,923403153_GSV46_2024-02-18,GSV46_FJ_5.4m_18022024_CarriN210.JPG,0.03931816749305461,0.8231342454947207,,Biota,Macroalgae,Filamentous / filiform,Turfing Algae,Red turf,NA,NA
19340,Layla_Project,923403153_GSV46_2024-02-18,GSV46_FJ_5.4m_18022024_CarriN210.JPG,0.03931816749305461,0.8231342454947207,,Biota,Macroalgae,Erect coarse branching,Brown,NA,NA,Cystophora expansa
19340,Layla_Project,923403153_GSV46_2024-02-18,GSV46_FJ_5.4m_18022024_CarriN210.JPG,0.41732851862237663,0.43825883803431276,,Biota,Macroalgae,Erect coarse branching,Brown,NA,NA,Cystophora subfarcinata
19340,Layla_Project,923403153_GSV46_2024-02-18,GSV46_FJ_5.4m_18022024_CarriN210.JPG,0.41732851862237663,0.43825883803431276,,Biota,Macroalgae,Erect fine branching,Brown,Brown Understory Algae,NA,Dictyotaceae spp
19340,Layla_Project,923403153_GSV46_2024-02-18,GSV46_FJ_5.4m_18022024_CarriN211.JPG,0.054157693249771155,0.897600981485295,,Biota,Macroalgae,Erect coarse branching,Brown,NA,NA,Cystophora expansa
19340,Layla_Project,923403153_GSV46_2024-02-18,GSV46_FJ_5.4m_18022024_CarriN211.JPG,0.054157693249771155,0.897600981485295,,Biota,Macroalgae,Filamentous / filiform,Turfing Algae,Red turf,NA,NA
19340,Layla_Project,923403153_GSV46_2024-02-18,GSV46_FJ_5.4m_18022024_CarriN211.JPG,0.2319830452904209,0.24599593636368178,,Biota,Macroalgae,Erect coarse branching,Brown,NA,NA,Cystophora expansa
19340,Layla_Project,923403153_GSV46_2024-02-18,GSV46_FJ_5.4m_18022024_CarriN211.JPG,0.2319830452904209,0.24599593636368178,,Biota,Macroalgae,Filamentous / filiform,Turfing Algae,Red turf,NA,NA
19340,Layla_Project,923403153_GSV46_2024-02-18,GSV46_FJ_5.4m_18022024_CarriN211.JPG,0.38076060829241765,0.08334781864541352,,Biota,Macroalgae,Erect coarse branching,Brown,NA,NA,Cystophora expansa
19340,Layla_Project,923403153_GSV46_2024-02-18,GSV46_FJ_5.4m_18022024_CarriN211.JPG,0.38076060829241765,0.08334781864541352,,Biota,Macroalgae,Filamentous / filiform,Turfing Algae,Red turf,NA,NA
19340,Layla_Project,923403153_GSV46_2024-02-18,GSV46_FJ_5.4m_18022024_CarriN211.JPG,0.3821589941818989,0.24183969396710958,,Biota,Macroalgae,Erect coarse branching,Brown,NA,NA,Cystophora expansa
19340,Layla_Project,923403153_GSV46_2024-02-18,GSV46_FJ_5.4m_18022024_CarriN211.JPG,0.3821589941818989,0.24183969396710958,,Biota,Macroalgae,Erect fine branching,Brown,Brown Understory Algae,NA,Dictyotaceae spp
19340,Layla_Project,923403153_GSV46_2024-02-18,GSV46_FJ_5.4m_18022024_CarriN211.JPG,0.6306234142900796,0.7485362403139473,,Biota,Macroalgae,Erect coarse branching,Brown,NA,NA,Cystophora expansa
19340,Layla_Project,923403153_GSV46_2024-02-18,GSV46_FJ_5.4m_18022024_CarriN211.JPG,0.6306234142900796,0.7485362403139473,,Biota,Macroalgae,Filamentous / filiform,Turfing Algae,Red turf,NA,NA
19340,Layla_Project,923403153_GSV46_2024-02-18,GSV46_FJ_5.4m_18022024_CarriN212.JPG,0.33254221343539137,0.24300997244301437,,Biota,Matrix,Turf/Sediment/Silt matrix,NA,NA,NA,NA
19340,Layla_Project,923403153_GSV46_2024-02-18,GSV46_FJ_5.4m_18022024_CarriN212.JPG,0.33254221343539137,0.24300997244301437,,Biota,Macroalgae,Erect coarse branching,Brown,NA,NA,Scaberia agardhii
19340,Layla_Project,923403153_GSV46_2024-02-18,GSV46_FJ_5.4m_18022024_CarriN212.JPG,0.38815077311901847,0.4954192823992384,,Biota,Macroalgae,Erect coarse branching,Brown,NA,NA,Cystophora expansa
19340,Layla_Project,923403153_GSV46_2024-02-18,GSV46_FJ_5.4m_18022024_CarriN212.JPG,0.38815077311901847,0.4954192823992384,,Biota,Macroalgae,Filamentous / filiform,Turfing Algae,Red turf,NA,NA
19340,Layla_Project,923403153_GSV46_2024-02-18,GSV46_FJ_5.4m_18022024_CarriN212.JPG,0.9217976673959882,0.7696654043473329,,Biota,Macroalgae,Filamentous / filiform,Turfing Algae,Red turf,NA,NA
19340,Layla_Project,923403153_GSV46_2024-02-18,GSV46_FJ_5.4m_18022024_CarriN212.JPG,0.9217976673959882,0.7696654043473329,,Biota,Macroalgae,Erect coarse branching,Brown,NA,NA,Cystophora expansa
19340,Layla_Project,923403153_GSV46_2024-02-18,GSV46_FJ_5.4m_18022024_CarriN213.JPG,0.1687221765955521,0.6022251807746068,,Biota,Macroalgae,Erect coarse branching,Brown,NA,NA,Cystophora expansa
19340,Layla_Project,923403153_GSV46_2024-02-18,GSV46_FJ_5.4m_18022024_CarriN213.JPG,0.1687221765955521,0.6022251807746068,,Biota,Macroalgae,Filamentous / filiform,Turfing Algae,Red turf,NA,NA
19340,Layla_Project,923403153_GSV46_2024-02-18,GSV46_FJ_5.4m_18022024_CarriN213.JPG,0.7841531039733366,0.5091515571079642,,Biota,Macroalgae,Erect coarse branching,Brown,NA,NA,Cystophora expansa
19340,Layla_Project,923403153_GSV46_2024-02-18,GSV46_FJ_5.4m_18022024_CarriN213.JPG,0.7841531039733366,0.5091515571079642,,Biota,Macroalgae,Filamentous / filiform,Turfing Algae,Red turf,NA,NA
19340,Layla_Project,923403153_GSV46_2024-02-18,GSV46_FJ_5.4m_18022024_CarriN213.JPG,0.8084222640682656,0.6120555129195488,,Biota,Macroalgae,Erect coarse branching,Brown,NA,NA,Cystophora expansa
19340,Layla_Project,923403153_GSV46_2024-02-18,GSV46_FJ_5.4m_18022024_CarriN213.JPG,0.8084222640682656,0.6120555129195488,,Biota,Macroalgae,Filamentous / filiform,Turfing Algae,Red turf,NA,NA
19340,Layla_Project,923403153_GSV46_2024-02-18,GSV46_FJ_5.4m_18022024_CarriN214.JPG,0.2593632032644341,0.5479619588167657,,Biota,Macroalgae,Erect coarse branching,Brown,NA,NA,Cystophora expansa
19340,Layla_Project,923403153_GSV46_2024-02-18,GSV46_FJ_5.4m_18022024_CarriN214.JPG,0.2593632032644341,0.5479619588167657,,Biota,Macroalgae,Filamentous / filiform,Turfing Algae,Red turf,NA,NA
19340,Layla_Project,923403153_GSV46_2024-02-18,GSV46_FJ_5.4m_18022024_CarriN214.JPG,0.2918417088240941,0.9514057799531129,,Biota,Macroalgae,Erect coarse branching,Brown,NA,NA,Cystophora moniliformis
19340,Layla_Project,923403153_GSV46_2024-02-18,GSV46_FJ_5.4m_18022024_CarriN214.JPG,0.2918417088240941,0.9514057799531129,,Physical,Substrate,Unconsolidated (soft),Sand / mud (<2mm),Coarse sand (with shell fragments),NA,NA
19340,Layla_Project,923403153_GSV46_2024-02-18,GSV46_FJ_5.4m_18022024_CarriN214.JPG,0.6821190247358907,0.940262712767031,,Biota,Macroalgae,Erect coarse branching,Brown,NA,NA,Cystophora moniliformis
19340,Layla_Project,923403153_GSV46_2024-02-18,GSV46_FJ_5.4m_18022024_CarriN214.JPG,0.6821190247358907,0.940262712767031,,Biota,Macroalgae,Erect coarse branching,Brown,NA,NA,Scaberia agardhii
19340,Layla_Project,923403153_GSV46_2024-02-18,GSV46_FJ_5.4m_18022024_CarriN214.JPG,0.9549602552210165,0.3841788943898746,,Biota,Macroalgae,Erect coarse branching,Brown,NA,NA,Cystophora expansa
19340,Layla_Project,923403153_GSV46_2024-02-18,GSV46_FJ_5.4m_18022024_CarriN214.JPG,0.9549602552210165,0.3841788943898746,,Biota,Macroalgae,Filamentous / filiform,Turfing Algae,Red turf,NA,NA
19340,Layla_Project,923403153_GSV46_2024-02-18,GSV46_FJ_5.4m_18022024_CarriN217.JPG,0.2597838550645686,0.2226077066083474,,Biota,Macroalgae,Erect coarse branching,Brown,NA,NA,Cystophora expansa
19340,Layla_Project,923403153_GSV46_2024-02-18,GSV46_FJ_5.4m_18022024_CarriN217.JPG,0.2597838550645686,0.2226077066083474,,Biota,Macroalgae,Filamentous / filiform,Turfing Algae,Red turf,NA,NA
19340,Layla_Project,923403153_GSV46_2024-02-18,GSV46_FJ_5.4m_18022024_CarriN217.JPG,0.7543103308683536,0.6725714908904624,,Biota,Matrix,Turf/Sediment/Silt matrix,NA,NA,NA,NA
19340,Layla_Project,923403153_GSV46_2024-02-18,GSV46_FJ_5.4m_18022024_CarriN217.JPG,0.7543103308683536,0.6725714908904624,,Biota,Macroalgae,Filamentous / filiform,Red,NA,NA,NA
19340,Layla_Project,923403153_GSV46_2024-02-18,GSV46_FJ_5.4m_18022024_CarriN218.JPG,0.14048710148727195,0.08416353689999612,,Biota,Macroalgae,Erect coarse branching,Brown,NA,NA,Caulocystis cephalornithos
19340,Layla_Project,923403153_GSV46_2024-02-18,GSV46_FJ_5.4m_18022024_CarriN218.JPG,0.14048710148727195,0.08416353689999612,,Biota,Macroalgae,Filamentous / filiform,Turfing Algae,Red turf,NA,NA
19340,Layla_Project,923403153_GSV46_2024-02-18,GSV46_FJ_5.4m_18022024_CarriN218.JPG,0.5017268411289221,0.571110365378191,,Biota,Macroalgae,Erect coarse branching,Brown,NA,NA,Cystophora subfarcinata
19340,Layla_Project,923403153_GSV46_2024-02-18,GSV46_FJ_5.4m_18022024_CarriN218.JPG,0.5017268411289221,0.571110365378191,,Biota,Macroalgae,Filamentous / filiform,Red,NA,NA,NA
19340,Layla_Project,923403153_GSV46_2024-02-18,GSV46_FJ_5.4m_18022024_CarriN218.JPG,0.5711613743960289,0.38738974645563484,,Physical,Substrate,Consolidated (hard),Rock,NA,NA,NA
19340,Layla_Project,923403153_GSV46_2024-02-18,GSV46_FJ_5.4m_18022024_CarriN218.JPG,0.5711613743960289,0.38738974645563484,,Physical,Substrate,Unconsolidated (soft),Sand / mud (<2mm),Coarse sand (with shell fragments),NA,NA
19340,Layla_Project,923403153_GSV46_2024-02-18,GSV46_FJ_5.4m_18022024_CarriN219.JPG,0.15847397309400435,0.3954825545898397,,Biota,Macroalgae,Erect coarse branching,Brown,NA,NA,Cystophora expansa
19340,Layla_Project,923403153_GSV46_2024-02-18,GSV46_FJ_5.4m_18022024_CarriN219.JPG,0.15847397309400435,0.3954825545898397,,Biota,Matrix,Turf/Sediment/Silt matrix,NA,NA,NA,NA
19340,Layla_Project,923403153_GSV46_2024-02-18,GSV46_FJ_5.4m_18022024_CarriN22.JPG,0.1619640391677034,0.790762035292974,,Biota,Macroalgae,Erect coarse branching,Brown,NA,NA,Cystophora expansa
19340,Layla_Project,923403153_GSV46_2024-02-18,GSV46_FJ_5.4m_18022024_CarriN22.JPG,0.1619640391677034,0.790762035292974,,Biota,Macroalgae,Filamentous / filiform,Turfing Algae,Red turf,NA,NA
19340,Layla_Project,923403153_GSV46_2024-02-18,GSV46_FJ_5.4m_18022024_CarriN220.JPG,0.3468323342357753,0.6181364470495,,Biota,Macroalgae,Filamentous / filiform,Turfing Algae,Red turf,NA,NA
19340,Layla_Project,923403153_GSV46_2024-02-18,GSV46_FJ_5.4m_18022024_CarriN220.JPG,0.3468323342357753,0.6181364470495,,Physical,Substrate,Consolidated (hard),Boulders,NA,NA,NA
19529,Encounter_2024,923403153_GSV46_2024-02-18,GSV46_FJ_5.4m_18022024_CarriN220.JPG,0.753454843117455,0.8723665913218277,Bleached,Biota,Macroalgae,Articulated calcareous,NA,NA,NA,NA
19529,Encounter_2024,923403153_GSV46_2024-02-18,GSV46_FJ_5.4m_18022024_CarriN220.JPG,0.753454843117455,0.8723665913218277,,Biota,Macroalgae,Filamentous / filiform,Turfing Algae,Red turf,NA,NA
19340,Layla_Project,923403153_GSV46_2024-02-18,GSV46_FJ_5.4m_18022024_CarriN24.JPG,0.1022811271865085,0.4543352832680695,,Biota,Macroalgae,Erect coarse branching,Brown,NA,NA,Cystophora expansa
19340,Layla_Project,923403153_GSV46_2024-02-18,GSV46_FJ_5.4m_18022024_CarriN24.JPG,0.1022811271865085,0.4543352832680695,,Biota,Macroalgae,Filamentous / filiform,Turfing Algae,Red turf,NA,NA
19340,Layla_Project,923403153_GSV46_2024-02-18,GSV46_FJ_5.4m_18022024_CarriN26.JPG,0.75783798506732,0.6015289630124807,,Biota,Macroalgae,Erect coarse branching,Brown,NA,NA,Cystophora expansa
19340,Layla_Project,923403153_GSV46_2024-02-18,GSV46_FJ_5.4m_18022024_CarriN26.JPG,0.75783798506732,0.6015289630124807,,Biota,Macroalgae,Filamentous / filiform,Turfing Algae,Red turf,NA,NA
19340,Layla_Project,923403153_GSV46_2024-02-18,GSV46_FJ_5.4m_18022024_CarriN26.JPG,0.9104482722161353,0.6972324321923918,,Biota,Macroalgae,Erect coarse branching,Brown,NA,NA,Cystophora expansa
19340,Layla_Project,923403153_GSV46_2024-02-18,GSV46_FJ_5.4m_18022024_CarriN26.JPG,0.9104482722161353,0.6972324321923918,,Biota,Macroalgae,Filamentous / filiform,Turfing Algae,Red turf,NA,NA
19340,Layla_Project,923403153_GSV46_2024-02-18,GSV46_FJ_5.4m_18022024_CarriN27.JPG,0.3953318735603486,0.1756249530489522,,Biota,Macroalgae,Erect coarse branching,Brown,NA,NA,Cystophora expansa
19340,Layla_Project,923403153_GSV46_2024-02-18,GSV46_FJ_5.4m_18022024_CarriN27.JPG,0.3953318735603486,0.1756249530489522,,Biota,Macroalgae,Filamentous / filiform,Turfing Algae,Red turf,NA,NA
19340,Layla_Project,923403153_GSV46_2024-02-18,GSV46_FJ_5.4m_18022024_CarriN27.JPG,0.7730053150592056,0.9009017704350338,,Biota,Macroalgae,Erect coarse branching,Brown,NA,NA,Cystophora expansa
19340,Layla_Project,923403153_GSV46_2024-02-18,GSV46_FJ_5.4m_18022024_CarriN27.JPG,0.7730053150592056,0.9009017704350338,,Biota,Macroalgae,Filamentous / filiform,Turfing Algae,Red turf,NA,NA
19340,Layla_Project,923403153_GSV46_2024-02-18,GSV46_FJ_5.4m_18022024_CarriN27.JPG,0.8588327271402428,0.08878425350069385,,Physical,Substrate,Consolidated (hard),Rock,NA,NA,NA
19340,Layla_Project,923403153_GSV46_2024-02-18,GSV46_FJ_5.4m_18022024_CarriN27.JPG,0.8588327271402428,0.08878425350069385,,Biota,Sponges,Erect forms,Laminar,NA,NA,NA
19340,Layla_Project,923403153_GSV46_2024-02-18,GSV46_FJ_5.4m_18022024_CarriN28.JPG,0.7611401515693818,0.36841653183484635,,Biota,Macroalgae,Erect fine branching,Brown,Brown Understory Algae,NA,Dictyotaceae spp
19340,Layla_Project,923403153_GSV46_2024-02-18,GSV46_FJ_5.4m_18022024_CarriN28.JPG,0.7611401515693818,0.36841653183484635,,Biota,Macroalgae,Filamentous / filiform,Turfing Algae,Red turf,NA,NA
19340,Layla_Project,923403153_GSV46_2024-02-18,GSV46_FJ_5.4m_18022024_CarriN28.JPG,0.7727616363506532,0.7695200442442441,,Biota,Macroalgae,Erect fine branching,Brown,Brown Understory Algae,NA,Dictyotaceae spp
19340,Layla_Project,923403153_GSV46_2024-02-18,GSV46_FJ_5.4m_18022024_CarriN28.JPG,0.7727616363506532,0.7695200442442441,,Biota,Macroalgae,Filamentous / filiform,Turfing Algae,Red turf,NA,NA
19340,Layla_Project,923403153_GSV46_2024-02-18,GSV46_FJ_5.4m_18022024_CarriN28.JPG,0.835850176566407,0.7160182490837317,,Biota,Macroalgae,Erect fine branching,Brown,Brown Understory Algae,NA,Dictyotaceae spp
19340,Layla_Project,923403153_GSV46_2024-02-18,GSV46_FJ_5.4m_18022024_CarriN28.JPG,0.835850176566407,0.7160182490837317,,Biota,Macroalgae,Filamentous / filiform,Turfing Algae,Red turf,NA,NA
19340,Layla_Project,923403153_GSV46_2024-02-18,GSV46_FJ_5.4m_18022024_CarriN29.JPG,0.17818958970068832,0.9354340646261441,,Biota,Macroalgae,Erect coarse branching,Brown,NA,NA,Cystophora expansa
19340,Layla_Project,923403153_GSV46_2024-02-18,GSV46_FJ_5.4m_18022024_CarriN29.JPG,0.17818958970068832,0.9354340646261441,,Biota,Macroalgae,Filamentous / filiform,Turfing Algae,Red turf,NA,NA
19340,Layla_Project,923403153_GSV46_2024-02-18,GSV46_FJ_5.4m_18022024_CarriN29.JPG,0.213753412226511,0.9830311687060189,,Biota,Macroalgae,Erect coarse branching,Brown,NA,NA,Cystophora expansa
19340,Layla_Project,923403153_GSV46_2024-02-18,GSV46_FJ_5.4m_18022024_CarriN29.JPG,0.213753412226511,0.9830311687060189,,Biota,Macroalgae,Filamentous / filiform,Turfing Algae,Red turf,NA,NA
19340,Layla_Project,923403153_GSV46_2024-02-18,GSV46_FJ_5.4m_18022024_CarriN29.JPG,0.3620351440341434,0.1783173731784896,,Biota,Macroalgae,Erect coarse branching,Brown,NA,NA,Scaberia agardhii
19340,Layla_Project,923403153_GSV46_2024-02-18,GSV46_FJ_5.4m_18022024_CarriN29.JPG,0.3620351440341434,0.1783173731784896,,Biota,Macroalgae,Erect fine branching,Brown,Brown Understory Algae,NA,Zonaria spp
19340,Layla_Project,923403153_GSV46_2024-02-18,GSV46_FJ_5.4m_18022024_CarriN29.JPG,0.4201872349582888,0.7781400458518555,,Biota,Macroalgae,Erect coarse branching,Brown,NA,NA,Cystophora expansa
19340,Layla_Project,923403153_GSV46_2024-02-18,GSV46_FJ_5.4m_18022024_CarriN29.JPG,0.4201872349582888,0.7781400458518555,,Biota,Macroalgae,Filamentous / filiform,Turfing Algae,Red turf,NA,NA
19340,Layla_Project,923403153_GSV46_2024-02-18,GSV46_FJ_5.4m_18022024_CarriN29.JPG,0.9542393330301013,0.4340453096592837,,Biota,Macroalgae,Filamentous / filiform,Turfing Algae,Red turf,NA,NA
19340,Layla_Project,923403153_GSV46_2024-02-18,GSV46_FJ_5.4m_18022024_CarriN29.JPG,0.9542393330301013,0.4340453096592837,,Biota,Macroalgae,Erect coarse branching,Brown,NA,NA,Cystophora expansa
19341,Bailee_project_annotations,923400371_GSV47_2021-03-11,GSV47_JH5.3m110321CarriNth  (11).JPG,0.1761538506995599,0.7976143012003655,,Biota,Macroalgae,Erect coarse branching,Brown,NA,NA,Cystophora expansa
19341,Bailee_project_annotations,923400371_GSV47_2021-03-11,GSV47_JH5.3m110321CarriNth  (11).JPG,0.1761538506995599,0.7976143012003655,,Biota,Macroalgae,Filamentous / filiform,Turfing Algae,Red turf,NA,NA
19341,Bailee_project_annotations,923400371_GSV47_2021-03-11,GSV47_JH5.3m110321CarriNth  (17).JPG,0.8069299046579087,0.371128260910079,,Biota,Macroalgae,Erect fine branching,Green,NA,NA,Caulerpa brownii
19341,Bailee_project_annotations,923400371_GSV47_2021-03-11,GSV47_JH5.3m110321CarriNth  (17).JPG,0.8069299046579087,0.371128260910079,,Biota,Macroalgae,Filamentous / filiform,Turfing Algae,Red turf,NA,NA
19678,Encounter_2023_FlindersUni_HistoricalBaseline,923401856_GSV4_2023-02-18,GSV4_AL_5.3m180223_RapidHead(12).JPG,0.25465512858155204,0.20003305893501225,,Biota,Macroalgae,Filamentous / filiform,Red,NA,NA,NA
19678,Encounter_2023_FlindersUni_HistoricalBaseline,923401856_GSV4_2023-02-18,GSV4_AL_5.3m180223_RapidHead(12).JPG,0.25465512858155204,0.20003305893501225,,Biota,Macroalgae,Erect coarse branching,Brown,NA,NA,Cystophora spp
19678,Encounter_2023_FlindersUni_HistoricalBaseline,923401844_GSV4_2023-02-18,GSV4_FJ_5.2m180223_NedsWindmill (14).jpeg,0.6575212779445088,0.4144911240231728,,Biota,Macroalgae,Filamentous / filiform,Red,NA,NA,NA
19678,Encounter_2023_FlindersUni_HistoricalBaseline,923401844_GSV4_2023-02-18,GSV4_FJ_5.2m180223_NedsWindmill (14).jpeg,0.6575212779445088,0.4144911240231728,,Biota,Macroalgae,Erect coarse branching,Brown,NA,NA,Cystophora expansa
19678,Encounter_2023_FlindersUni_HistoricalBaseline,923401844_GSV4_2023-02-18,GSV4_FJ_5.2m180223_NedsWindmill (16).jpeg,0.27044102149403015,0.1849385793986051,,Biota,Macroalgae,Filamentous / filiform,Red,NA,NA,NA
19678,Encounter_2023_FlindersUni_HistoricalBaseline,923401844_GSV4_2023-02-18,GSV4_FJ_5.2m180223_NedsWindmill (16).jpeg,0.27044102149403015,0.1849385793986051,,Biota,Macroalgae,Erect coarse branching,Brown,NA,NA,Cystophora expansa
19731,RLS_Encounter_2026_FlindersUni_PostHAB,923406647_GSV55_2026-02-10,GSV55_5.3mMBD100226PancakeRock (1).JPG,0.792495283536424,0.3442385355677534,Senescent,Biota,Macroalgae,Erect coarse branching,Brown,NA,NA,Scaberia agardhii
19731,RLS_Encounter_2026_FlindersUni_PostHAB,923406647_GSV55_2026-02-10,GSV55_5.3mMBD100226PancakeRock (1).JPG,0.792495283536424,0.3442385355677534,,Biota,Bryozoa,Hard,Encrusting,NA,NA,NA
19731,RLS_Encounter_2026_FlindersUni_PostHAB,923406627_GSV55_2026-02-10,GSV55_MBD5.4m100226PancakeRock (21).JPG,0.4383246436869077,0.8597406423649553,Epiphyte,Biota,Macroalgae,Large canopy-forming,Brown,NA,NA,Ecklonia radiata
19731,RLS_Encounter_2026_FlindersUni_PostHAB,923406627_GSV55_2026-02-10,GSV55_MBD5.4m100226PancakeRock (21).JPG,0.4383246436869077,0.8597406423649553,Epiphyte,Biota,Macroalgae,Encrusting,Red,Calcareous,NA,NA
19731,RLS_Encounter_2026_FlindersUni_PostHAB,923406627_GSV55_2026-02-10,GSV55_MBD5.4m100226PancakeRock (5).JPG,0.695382912051895,0.42454796399889283,Senescent,Biota,Macroalgae,Erect coarse branching,Red,Foliose,NA,Pterocladia spp
19731,RLS_Encounter_2026_FlindersUni_PostHAB,923406627_GSV55_2026-02-10,GSV55_MBD5.4m100226PancakeRock (5).JPG,0.695382912051895,0.42454796399889283,,Biota,Macroalgae,Filamentous / filiform,Turfing Algae,NA,NA,NA
19607,GulfStVincent_2021_FlindersUni_HistoricalBaseline,923400365_GSV57_2021-03-22,GSV57_ACM5.4m220321GrassyKnoll (8).JPG,0.33778414549724606,0.15256716242111107,,Biota,Macroalgae,Erect coarse branching,Brown,NA,NA,Acrocarpia paniculata
19607,GulfStVincent_2021_FlindersUni_HistoricalBaseline,923400365_GSV57_2021-03-22,GSV57_ACM5.4m220321GrassyKnoll (8).JPG,0.33778414549724606,0.15256716242111107,,Biota,Macroalgae,Encrusting,Red,NA,NA,NA
19607,GulfStVincent_2021_FlindersUni_HistoricalBaseline,923400358_GSV57_2021-03-22,GSV57_DJB5.1m220321GrassyKnoll  (16).JPG,0.4688632105670733,0.1992687222725349,,Biota,Macroalgae,Filamentous / filiform,Red,NA,NA,NA
19607,GulfStVincent_2021_FlindersUni_HistoricalBaseline,923400358_GSV57_2021-03-22,GSV57_DJB5.1m220321GrassyKnoll  (16).JPG,0.4688632105670733,0.1992687222725349,,Biota,Macroalgae,Erect coarse branching,Brown,NA,NA,Caulocystis uvifera
19607,GulfStVincent_2021_FlindersUni_HistoricalBaseline,923400358_GSV57_2021-03-22,GSV57_DJB5.1m220321GrassyKnoll  (16).JPG,0.691907910459205,0.3318921014670546,"Bleached,Dead",Biota,Macroalgae,Filamentous / filiform,Red,NA,NA,NA
19607,GulfStVincent_2021_FlindersUni_HistoricalBaseline,923400358_GSV57_2021-03-22,GSV57_DJB5.1m220321GrassyKnoll  (16).JPG,0.691907910459205,0.3318921014670546,,Biota,Macroalgae,Erect coarse branching,Brown,NA,NA,Caulocystis uvifera
19731,RLS_Encounter_2026_FlindersUni_PostHAB,923406583_GSV57_2026-02-10,GSV57_GER5.1m100226GrassyKnoll (12).JPG,0.2485872723136983,0.1390196490892313,Senescent,Biota,Bryozoa,Hard,Encrusting,NA,NA,NA
19731,RLS_Encounter_2026_FlindersUni_PostHAB,923406583_GSV57_2026-02-10,GSV57_GER5.1m100226GrassyKnoll (12).JPG,0.2485872723136983,0.1390196490892313,Senescent,Biota,Macroalgae,Erect coarse branching,Brown,NA,NA,Cystophora spp
19731,RLS_Encounter_2026_FlindersUni_PostHAB,923406583_GSV57_2026-02-10,GSV57_GER5.1m100226GrassyKnoll (12).JPG,0.27298015127492115,0.1984412941489132,Senescent,Biota,Bryozoa,Hard,Encrusting,NA,NA,NA
19731,RLS_Encounter_2026_FlindersUni_PostHAB,923406583_GSV57_2026-02-10,GSV57_GER5.1m100226GrassyKnoll (12).JPG,0.27298015127492115,0.1984412941489132,Senescent,Biota,Macroalgae,Erect coarse branching,Brown,NA,NA,Cystophora spp
19731,RLS_Encounter_2026_FlindersUni_PostHAB,923406583_GSV57_2026-02-10,GSV57_GER5.1m100226GrassyKnoll (12).JPG,0.41968710351261895,0.4485820568081621,Senescent,Biota,Macroalgae,Erect coarse branching,Brown,NA,NA,Cystophora spp
19731,RLS_Encounter_2026_FlindersUni_PostHAB,923406583_GSV57_2026-02-10,GSV57_GER5.1m100226GrassyKnoll (12).JPG,0.41968710351261895,0.4485820568081621,Senescent,Biota,Bryozoa,Hard,Encrusting,NA,NA,NA
19731,RLS_Encounter_2026_FlindersUni_PostHAB,923406583_GSV57_2026-02-10,GSV57_GER5.1m100226GrassyKnoll (12).JPG,0.42454708153766163,0.2883209592095529,Senescent,Biota,Bryozoa,Hard,Encrusting,NA,NA,NA
19731,RLS_Encounter_2026_FlindersUni_PostHAB,923406583_GSV57_2026-02-10,GSV57_GER5.1m100226GrassyKnoll (12).JPG,0.42454708153766163,0.2883209592095529,Senescent,Biota,Macroalgae,Erect coarse branching,Brown,NA,NA,Cystophora spp
19731,RLS_Encounter_2026_FlindersUni_PostHAB,923406583_GSV57_2026-02-10,GSV57_GER5.1m100226GrassyKnoll (12).JPG,0.4497313987172288,0.7740290318010893,Senescent,Biota,Bryozoa,Hard,Encrusting,NA,NA,NA
19731,RLS_Encounter_2026_FlindersUni_PostHAB,923406583_GSV57_2026-02-10,GSV57_GER5.1m100226GrassyKnoll (12).JPG,0.4497313987172288,0.7740290318010893,Senescent,Biota,Macroalgae,Erect coarse branching,Brown,NA,NA,Cystophora spp
19731,RLS_Encounter_2026_FlindersUni_PostHAB,923406583_GSV57_2026-02-10,GSV57_GER5.1m100226GrassyKnoll (12).JPG,0.4695349968445468,0.5064974020623034,Senescent,Biota,Bryozoa,Hard,Encrusting,NA,NA,NA
19731,RLS_Encounter_2026_FlindersUni_PostHAB,923406583_GSV57_2026-02-10,GSV57_GER5.1m100226GrassyKnoll (12).JPG,0.4695349968445468,0.5064974020623034,Senescent,Biota,Macroalgae,Erect coarse branching,Brown,NA,NA,Cystophora spp
19731,RLS_Encounter_2026_FlindersUni_PostHAB,923406583_GSV57_2026-02-10,GSV57_GER5.1m100226GrassyKnoll (12).JPG,0.5262452055865491,0.4164481655783442,Senescent,Biota,Bryozoa,Hard,Encrusting,NA,NA,NA
19731,RLS_Encounter_2026_FlindersUni_PostHAB,923406583_GSV57_2026-02-10,GSV57_GER5.1m100226GrassyKnoll (12).JPG,0.5262452055865491,0.4164481655783442,Senescent,Biota,Macroalgae,Erect coarse branching,Brown,NA,NA,Cystophora spp
19731,RLS_Encounter_2026_FlindersUni_PostHAB,923406583_GSV57_2026-02-10,GSV57_GER5.1m100226GrassyKnoll (12).JPG,0.5663522555731734,0.7258360206380946,Senescent,Biota,Bryozoa,Hard,Encrusting,NA,NA,NA
19731,RLS_Encounter_2026_FlindersUni_PostHAB,923406583_GSV57_2026-02-10,GSV57_GER5.1m100226GrassyKnoll (12).JPG,0.5663522555731734,0.7258360206380946,Senescent,Biota,Macroalgae,Erect coarse branching,Brown,NA,NA,Cystophora spp
19731,RLS_Encounter_2026_FlindersUni_PostHAB,923406583_GSV57_2026-02-10,GSV57_GER5.1m100226GrassyKnoll (12).JPG,0.5678747123387863,0.6559527910805204,Senescent,Biota,Bryozoa,Hard,Encrusting,NA,NA,NA
19731,RLS_Encounter_2026_FlindersUni_PostHAB,923406583_GSV57_2026-02-10,GSV57_GER5.1m100226GrassyKnoll (12).JPG,0.5678747123387863,0.6559527910805204,Senescent,Biota,Macroalgae,Erect coarse branching,Brown,NA,NA,Cystophora spp
19731,RLS_Encounter_2026_FlindersUni_PostHAB,923406583_GSV57_2026-02-10,GSV57_GER5.1m100226GrassyKnoll (12).JPG,0.6030505966890132,0.6474208056798268,Senescent,Biota,Bryozoa,Hard,Encrusting,NA,NA,NA
19731,RLS_Encounter_2026_FlindersUni_PostHAB,923406583_GSV57_2026-02-10,GSV57_GER5.1m100226GrassyKnoll (12).JPG,0.6030505966890132,0.6474208056798268,Senescent,Biota,Macroalgae,Erect coarse branching,Brown,NA,NA,Cystophora spp
19731,RLS_Encounter_2026_FlindersUni_PostHAB,923406583_GSV57_2026-02-10,GSV57_GER5.1m100226GrassyKnoll (12).JPG,0.6138161958279361,0.3098446499559784,Senescent,Biota,Bryozoa,Hard,Encrusting,NA,NA,NA
19731,RLS_Encounter_2026_FlindersUni_PostHAB,923406583_GSV57_2026-02-10,GSV57_GER5.1m100226GrassyKnoll (12).JPG,0.6138161958279361,0.3098446499559784,Senescent,Biota,Macroalgae,Erect coarse branching,Brown,NA,NA,Cystophora spp
19731,RLS_Encounter_2026_FlindersUni_PostHAB,923406583_GSV57_2026-02-10,GSV57_GER5.1m100226GrassyKnoll (12).JPG,0.6565191854935557,0.4566629437231019,Senescent,Biota,Bryozoa,Hard,Encrusting,NA,NA,NA
19731,RLS_Encounter_2026_FlindersUni_PostHAB,923406583_GSV57_2026-02-10,GSV57_GER5.1m100226GrassyKnoll (12).JPG,0.6565191854935557,0.4566629437231019,Senescent,Biota,Macroalgae,Erect coarse branching,Brown,NA,NA,Cystophora spp
19731,RLS_Encounter_2026_FlindersUni_PostHAB,923406583_GSV57_2026-02-10,GSV57_GER5.1m100226GrassyKnoll (12).JPG,0.7142200686298084,0.31094946528224005,Senescent,Biota,Bryozoa,Hard,Encrusting,NA,NA,NA
19731,RLS_Encounter_2026_FlindersUni_PostHAB,923406583_GSV57_2026-02-10,GSV57_GER5.1m100226GrassyKnoll (12).JPG,0.7142200686298084,0.31094946528224005,Senescent,Biota,Macroalgae,Erect coarse branching,Brown,NA,NA,Cystophora spp
19731,RLS_Encounter_2026_FlindersUni_PostHAB,923406583_GSV57_2026-02-10,GSV57_GER5.1m100226GrassyKnoll (12).JPG,0.7429619748895248,0.7630996427867401,Senescent,Biota,Bryozoa,Hard,Encrusting,NA,NA,NA
19731,RLS_Encounter_2026_FlindersUni_PostHAB,923406583_GSV57_2026-02-10,GSV57_GER5.1m100226GrassyKnoll (12).JPG,0.7429619748895248,0.7630996427867401,Senescent,Biota,Macroalgae,Erect coarse branching,Brown,NA,NA,Cystophora spp
19731,RLS_Encounter_2026_FlindersUni_PostHAB,923406606_GSV57_2026-02-10,GSV57_MBD5.3m100226GrassyKnoll (7).JPG,0.43538688082586385,0.14179781792954957,Bleached,Biota,Bryozoa,Hard,Encrusting,NA,NA,NA
19731,RLS_Encounter_2026_FlindersUni_PostHAB,923406606_GSV57_2026-02-10,GSV57_MBD5.3m100226GrassyKnoll (7).JPG,0.43538688082586385,0.14179781792954957,Senescent,Biota,Macroalgae,Erect coarse branching,Brown,NA,NA,Cystophora expansa
19609,KangarooIsland_2021_RLS_FlindersUni_HistoricalBaseline,923400306_GSV58_2021-02-23,GSV58_DJB5.3m230221PenneshawPub  (2).JPG,0.14172796312619243,0.7112434641121164,Flagged For Review (deprecated),Biota,Macroalgae,Filamentous / filiform,Red,NA,NA,NA
19609,KangarooIsland_2021_RLS_FlindersUni_HistoricalBaseline,923400306_GSV58_2021-02-23,GSV58_DJB5.3m230221PenneshawPub  (2).JPG,0.14172796312619243,0.7112434641121164,,Biota,Macroalgae,Erect coarse branching,Brown,NA,NA,Sargassum spp
19609,KangarooIsland_2021_RLS_FlindersUni_HistoricalBaseline,923400306_GSV58_2021-02-23,GSV58_DJB5.3m230221PenneshawPub  (2).JPG,0.15399855027477874,0.6115229325516093,Flagged For Review (deprecated),Biota,Bryozoa,Hard,Encrusting,NA,NA,NA
19609,KangarooIsland_2021_RLS_FlindersUni_HistoricalBaseline,923400306_GSV58_2021-02-23,GSV58_DJB5.3m230221PenneshawPub  (2).JPG,0.15399855027477874,0.6115229325516093,,Biota,Macroalgae,Erect coarse branching,Brown,NA,NA,Sargassum spp
19609,KangarooIsland_2021_RLS_FlindersUni_HistoricalBaseline,923400306_GSV58_2021-02-23,GSV58_DJB5.3m230221PenneshawPub  (2).JPG,0.373971144335909,0.4038656946367275,Flagged For Review (deprecated),Biota,Macroalgae,Filamentous / filiform,Red,NA,NA,NA
19609,KangarooIsland_2021_RLS_FlindersUni_HistoricalBaseline,923400306_GSV58_2021-02-23,GSV58_DJB5.3m230221PenneshawPub  (2).JPG,0.373971144335909,0.4038656946367275,,Biota,Macroalgae,Erect coarse branching,Brown,NA,NA,Sargassum spp
19609,KangarooIsland_2021_RLS_FlindersUni_HistoricalBaseline,923400306_GSV58_2021-02-23,GSV58_DJB5.3m230221PenneshawPub  (2).JPG,0.7262672374321678,0.5801650253744404,Flagged For Review (deprecated),Biota,Sponges,NA,NA,NA,NA,NA
19609,KangarooIsland_2021_RLS_FlindersUni_HistoricalBaseline,923400306_GSV58_2021-02-23,GSV58_DJB5.3m230221PenneshawPub  (2).JPG,0.7262672374321678,0.5801650253744404,,Biota,Macroalgae,Erect coarse branching,Brown,NA,NA,Sargassum spp
19609,KangarooIsland_2021_RLS_FlindersUni_HistoricalBaseline,923400306_GSV58_2021-02-23,GSV58_DJB5.3m230221PenneshawPub  (2).JPG,0.7990633248579119,0.4819202684545081,Flagged For Review (deprecated),Biota,Bryozoa,Hard,Encrusting,NA,NA,NA
19609,KangarooIsland_2021_RLS_FlindersUni_HistoricalBaseline,923400306_GSV58_2021-02-23,GSV58_DJB5.3m230221PenneshawPub  (2).JPG,0.7990633248579119,0.4819202684545081,,Biota,Macroalgae,Erect coarse branching,Brown,NA,NA,Sargassum spp
19609,KangarooIsland_2021_RLS_FlindersUni_HistoricalBaseline,923400306_GSV58_2021-02-23,GSV58_DJB5.3m230221PenneshawPub  (6).JPG,0.15923852640024955,0.8123085731641252,Flagged For Review (deprecated),Biota,Macroalgae,Filamentous / filiform,Red,NA,NA,NA
19609,KangarooIsland_2021_RLS_FlindersUni_HistoricalBaseline,923400306_GSV58_2021-02-23,GSV58_DJB5.3m230221PenneshawPub  (6).JPG,0.15923852640024955,0.8123085731641252,,Biota,Macroalgae,Erect coarse branching,Brown,NA,NA,Sargassum spp
19609,KangarooIsland_2021_RLS_FlindersUni_HistoricalBaseline,923400306_GSV58_2021-02-23,GSV58_DJB5.3m230221PenneshawPub  (6).JPG,0.1619637332730535,0.5080324684549613,Flagged For Review (deprecated),Biota,Macroalgae,Filamentous / filiform,Red,NA,NA,NA
19609,KangarooIsland_2021_RLS_FlindersUni_HistoricalBaseline,923400306_GSV58_2021-02-23,GSV58_DJB5.3m230221PenneshawPub  (6).JPG,0.1619637332730535,0.5080324684549613,,Biota,Macroalgae,Erect coarse branching,Brown,NA,NA,Sargassum spp
19609,KangarooIsland_2021_RLS_FlindersUni_HistoricalBaseline,923400310_GSV58_2021-02-23,GSV58_DJB5.4m230221PenneshawPub  (14).JPG,0.38518033198950996,0.16213008409075919,,Biota,Macroalgae,Erect coarse branching,Brown,NA,NA,Phyllotica verruculosa
19609,KangarooIsland_2021_RLS_FlindersUni_HistoricalBaseline,923400310_GSV58_2021-02-23,GSV58_DJB5.4m230221PenneshawPub  (14).JPG,0.38518033198950996,0.16213008409075919,,Biota,Macroalgae,Filamentous / filiform,Red,NA,NA,NA
19609,KangarooIsland_2021_RLS_FlindersUni_HistoricalBaseline,923400310_GSV58_2021-02-23,GSV58_DJB5.4m230221PenneshawPub  (17).JPG,0.5991523090666228,0.5456244699144678,,Biota,Bryozoa,Hard,Branching,NA,NA,NA
19609,KangarooIsland_2021_RLS_FlindersUni_HistoricalBaseline,923400310_GSV58_2021-02-23,GSV58_DJB5.4m230221PenneshawPub  (17).JPG,0.5991523090666228,0.5456244699144678,,Biota,Macroalgae,Filamentous / filiform,Red,NA,NA,NA
19609,KangarooIsland_2021_RLS_FlindersUni_HistoricalBaseline,923400310_GSV58_2021-02-23,GSV58_DJB5.4m230221PenneshawPub  (20).JPG,0.62485596369535,0.7536856630902301,,Biota,Macroalgae,Erect coarse branching,Brown,NA,NA,Phyllotricha verruculosum
19609,KangarooIsland_2021_RLS_FlindersUni_HistoricalBaseline,923400310_GSV58_2021-02-23,GSV58_DJB5.4m230221PenneshawPub  (20).JPG,0.62485596369535,0.7536856630902301,,Biota,Macroalgae,Filamentous / filiform,Red,NA,NA,NA
19609,KangarooIsland_2021_RLS_FlindersUni_HistoricalBaseline,923400310_GSV58_2021-02-23,GSV58_DJB5.4m230221PenneshawPub  (4).JPG,0.15936188295137757,0.18094913658178408,Epiphyte,Biota,Macroalgae,Erect coarse branching,Brown,NA,NA,Phyllotica verruculosa
19609,KangarooIsland_2021_RLS_FlindersUni_HistoricalBaseline,923400310_GSV58_2021-02-23,GSV58_DJB5.4m230221PenneshawPub  (4).JPG,0.15936188295137757,0.18094913658178408,Epiphyte,Biota,Macroalgae,Filamentous / filiform,Red,NA,NA,NA
19609,KangarooIsland_2021_RLS_FlindersUni_HistoricalBaseline,923400310_GSV58_2021-02-23,GSV58_DJB5.4m230221PenneshawPub  (4).JPG,0.5710933527044587,0.34698200836348425,Epiphyte,Biota,Macroalgae,Erect coarse branching,Brown,NA,NA,Phyllotica verruculosa
19609,KangarooIsland_2021_RLS_FlindersUni_HistoricalBaseline,923400310_GSV58_2021-02-23,GSV58_DJB5.4m230221PenneshawPub  (4).JPG,0.5710933527044587,0.34698200836348425,Epiphyte,Biota,Macroalgae,Filamentous / filiform,Red,NA,NA,NA
19609,KangarooIsland_2021_RLS_FlindersUni_HistoricalBaseline,923400310_GSV58_2021-02-23,GSV58_DJB5.4m230221PenneshawPub  (4).JPG,0.7424739036108069,0.2782572465813245,Epiphyte,Biota,Macroalgae,Erect coarse branching,Brown,NA,NA,Phyllotica verruculosa
19609,KangarooIsland_2021_RLS_FlindersUni_HistoricalBaseline,923400310_GSV58_2021-02-23,GSV58_DJB5.4m230221PenneshawPub  (4).JPG,0.7424739036108069,0.2782572465813245,Epiphyte,Biota,Macroalgae,Filamentous / filiform,Red,NA,NA,NA
19609,KangarooIsland_2021_RLS_FlindersUni_HistoricalBaseline,923400310_GSV58_2021-02-23,GSV58_DJB5.4m230221PenneshawPub  (4).JPG,0.7649246768025255,0.2925676820898704,Epiphyte,Biota,Macroalgae,Erect coarse branching,Brown,NA,NA,Phyllotica verruculosa
19609,KangarooIsland_2021_RLS_FlindersUni_HistoricalBaseline,923400310_GSV58_2021-02-23,GSV58_DJB5.4m230221PenneshawPub  (4).JPG,0.7649246768025255,0.2925676820898704,Epiphyte,Biota,Macroalgae,Filamentous / filiform,Red,NA,NA,NA
19609,KangarooIsland_2021_RLS_FlindersUni_HistoricalBaseline,923400310_GSV58_2021-02-23,GSV58_DJB5.4m230221PenneshawPub  (4).JPG,0.8245959447349829,0.31042385674994133,Epiphyte,Biota,Macroalgae,Erect coarse branching,Brown,NA,NA,Phyllotica verruculosa
19609,KangarooIsland_2021_RLS_FlindersUni_HistoricalBaseline,923400310_GSV58_2021-02-23,GSV58_DJB5.4m230221PenneshawPub  (4).JPG,0.8245959447349829,0.31042385674994133,Epiphyte,Biota,Macroalgae,Filamentous / filiform,Red,NA,NA,NA
19731,RLS_Encounter_2026_FlindersUni_PostHAB,923406813_GSV58_2026-03-23,GSV58_JWH5.3m230326PenneshawPub (13).JPG,0.5373899799575433,0.7790495484111001,,Biota,Macroalgae,Filamentous / filiform,Red,NA,NA,NA
19731,RLS_Encounter_2026_FlindersUni_PostHAB,923406813_GSV58_2026-03-23,GSV58_JWH5.3m230326PenneshawPub (13).JPG,0.5373899799575433,0.7790495484111001,,Biota,Macroalgae,Erect coarse branching,Brown,NA,NA,Cystophora expansa
19731,RLS_Encounter_2026_FlindersUni_PostHAB,923406813_GSV58_2026-03-23,GSV58_JWH5.3m230326PenneshawPub (13).JPG,0.6832078593829927,0.8719396684145023,,Biota,Macroalgae,Filamentous / filiform,Red,NA,NA,NA
19731,RLS_Encounter_2026_FlindersUni_PostHAB,923406813_GSV58_2026-03-23,GSV58_JWH5.3m230326PenneshawPub (13).JPG,0.6832078593829927,0.8719396684145023,,Biota,Macroalgae,Erect coarse branching,Brown,NA,NA,Cystophora expansa
19609,KangarooIsland_2021_RLS_FlindersUni_HistoricalBaseline,923400308_GSV58_2021-02-23,GSV58_SRB5.2m230221PenneshawPub  (14).JPG,0.3593900889905344,0.18552162278179976,,Biota,Macroalgae,Erect coarse branching,Brown,NA,NA,Phyllotica verruculosa
19609,KangarooIsland_2021_RLS_FlindersUni_HistoricalBaseline,923400308_GSV58_2021-02-23,GSV58_SRB5.2m230221PenneshawPub  (14).JPG,0.3593900889905344,0.18552162278179976,Flagged For Review (deprecated),Biota,Bryozoa,Hard,Encrusting,NA,NA,NA
19731,RLS_Encounter_2026_FlindersUni_PostHAB,923406809_GSV59_2026-03-23,GSV59_JWH5.1m230326PuzzleRock (1).JPG,0.5078671755061794,0.5075251512691413,Senescent,Biota,Macroalgae,Erect coarse branching,Brown,NA,NA,Cystophora subfarcinata
19731,RLS_Encounter_2026_FlindersUni_PostHAB,923406809_GSV59_2026-03-23,GSV59_JWH5.1m230326PuzzleRock (1).JPG,0.5078671755061794,0.5075251512691413,Bleached,Biota,Macroalgae,Filamentous / filiform,Red,NA,NA,NA
19731,RLS_Encounter_2026_FlindersUni_PostHAB,923406809_GSV59_2026-03-23,GSV59_JWH5.1m230326PuzzleRock (1).JPG,0.6092074611973228,0.2821330004332915,Senescent,Biota,Macroalgae,Erect coarse branching,Brown,NA,NA,Cystophora subfarcinata
19731,RLS_Encounter_2026_FlindersUni_PostHAB,923406809_GSV59_2026-03-23,GSV59_JWH5.1m230326PuzzleRock (1).JPG,0.6092074611973228,0.2821330004332915,Bleached,Biota,Macroalgae,Filamentous / filiform,Red,NA,NA,NA
19731,RLS_Encounter_2026_FlindersUni_PostHAB,923406809_GSV59_2026-03-23,GSV59_JWH5.1m230326PuzzleRock (1).JPG,0.6245192559668623,0.4564825517058534,Senescent,Biota,Macroalgae,Erect coarse branching,Brown,NA,NA,Cystophora subfarcinata
19731,RLS_Encounter_2026_FlindersUni_PostHAB,923406809_GSV59_2026-03-23,GSV59_JWH5.1m230326PuzzleRock (1).JPG,0.6245192559668623,0.4564825517058534,Bleached,Biota,Macroalgae,Filamentous / filiform,Red,NA,NA,NA
19731,RLS_Encounter_2026_FlindersUni_PostHAB,923406809_GSV59_2026-03-23,GSV59_JWH5.1m230326PuzzleRock (1).JPG,0.72087242528612006,0.6196279664695589,Bleached,Biota,Macroalgae,Filamentous / filiform,Red,NA,NA,NA
19731,RLS_Encounter_2026_FlindersUni_PostHAB,923406809_GSV59_2026-03-23,GSV59_JWH5.1m230326PuzzleRock (1).JPG,0.72087242528612006,0.6196279664695589,,Biota,Macroalgae,Erect coarse branching,Brown,NA,NA,Cystophora monilifera
19731,RLS_Encounter_2026_FlindersUni_PostHAB,923406809_GSV59_2026-03-23,GSV59_JWH5.1m230326PuzzleRock (1).JPG,0.7226364938877633,0.251268454665158,Senescent,Biota,Macroalgae,Erect coarse branching,Brown,NA,NA,Cystophora monilifera
19731,RLS_Encounter_2026_FlindersUni_PostHAB,923406809_GSV59_2026-03-23,GSV59_JWH5.1m230326PuzzleRock (1).JPG,0.7226364938877633,0.251268454665158,Bleached,Biota,Macroalgae,Filamentous / filiform,Red,NA,NA,NA
19731,RLS_Encounter_2026_FlindersUni_PostHAB,923406809_GSV59_2026-03-23,GSV59_JWH5.1m230326PuzzleRock (1).JPG,0.7625334765280166,0.7845963059170604,Bleached,Biota,Macroalgae,Filamentous / filiform,Red,NA,NA,NA
19731,RLS_Encounter_2026_FlindersUni_PostHAB,923406809_GSV59_2026-03-23,GSV59_JWH5.1m230326PuzzleRock (1).JPG,0.7625334765280166,0.7845963059170604,Senescent,Biota,Macroalgae,Erect coarse branching,Brown,NA,NA,Cystophora subfarcinata
19731,RLS_Encounter_2026_FlindersUni_PostHAB,923406809_GSV59_2026-03-23,GSV59_JWH5.1m230326PuzzleRock (1).JPG,0.8101276898057049,0.5589613296779772,,Biota,Macroalgae,Erect coarse branching,Brown,NA,NA,Cystophora monilifera
19731,RLS_Encounter_2026_FlindersUni_PostHAB,923406809_GSV59_2026-03-23,GSV59_JWH5.1m230326PuzzleRock (1).JPG,0.8101276898057049,0.5589613296779772,Bleached,Biota,Macroalgae,Filamentous / filiform,Red,NA,NA,NA
19731,RLS_Encounter_2026_FlindersUni_PostHAB,923406815_GSV59_2026-03-23,GSV59_JWH5.2m230326PuzzleRock (2).JPG,0.7092295959962788,0.8235886693325123,"Dead,Unattached",Biota,Macroalgae,Erect coarse branching,Brown,NA,NA,Cystophora expansa
19731,RLS_Encounter_2026_FlindersUni_PostHAB,923406815_GSV59_2026-03-23,GSV59_JWH5.2m230326PuzzleRock (2).JPG,0.7092295959962788,0.8235886693325123,,Biota,Macroalgae,Filamentous / filiform,Turfing Algae,Green turf,NA,NA
19731,RLS_Encounter_2026_FlindersUni_PostHAB,923406815_GSV59_2026-03-23,GSV59_JWH5.2m230326PuzzleRock (2).JPG,0.7607878687612701,0.8279090087513826,"Dead,Unattached",Biota,Macroalgae,Erect coarse branching,Brown,NA,NA,Cystophora expansa
19731,RLS_Encounter_2026_FlindersUni_PostHAB,923406815_GSV59_2026-03-23,GSV59_JWH5.2m230326PuzzleRock (2).JPG,0.7607878687612701,0.8279090087513826,,Biota,Macroalgae,Filamentous / filiform,Turfing Algae,Green turf,NA,NA
19731,RLS_Encounter_2026_FlindersUni_PostHAB,923406814_GSV59_2026-03-23,GSV59_JWH5.4m230326PuzzleRock (16).JPG,0.2186825147378973,0.3740627833052702,,Biota,Bryozoa,Hard,Encrusting,NA,NA,NA
19731,RLS_Encounter_2026_FlindersUni_PostHAB,923406814_GSV59_2026-03-23,GSV59_JWH5.4m230326PuzzleRock (16).JPG,0.2186825147378973,0.3740627833052702,,Biota,Macroalgae,Erect coarse branching,Brown,NA,NA,Cystophora moniliformis
19605,Encounter_2022_RLS_FlindersUni_Historical_Baseline,923401048_GSV5_2022-02-11,GSV5_FJ_5.1_11.2.22_RAPIDHEADSZ211.JPG,0.5678068789328967,0.6328122022031792,,Biota,Macroalgae,Erect coarse branching,Brown,NA,NA,Phyllotricha varians
19605,Encounter_2022_RLS_FlindersUni_Historical_Baseline,923401048_GSV5_2022-02-11,GSV5_FJ_5.1_11.2.22_RAPIDHEADSZ211.JPG,0.5678068789328967,0.6328122022031792,,Biota,Macroalgae,Encrusting,Red,NA,NA,NA
19605,Encounter_2022_RLS_FlindersUni_Historical_Baseline,923401048_GSV5_2022-02-11,GSV5_FJ_5.1_11.2.22_RAPIDHEADSZ25.JPG,0.2552566932687206,0.48317457056845736,Epiphyte,Biota,Macroalgae,Erect coarse branching,Brown,NA,NA,Sargassum spp
19605,Encounter_2022_RLS_FlindersUni_Historical_Baseline,923401048_GSV5_2022-02-11,GSV5_FJ_5.1_11.2.22_RAPIDHEADSZ25.JPG,0.2552566932687206,0.48317457056845736,Epiphyte,Biota,Macroalgae,Encrusting,Red,NA,NA,NA
19605,Encounter_2022_RLS_FlindersUni_Historical_Baseline,923401048_GSV5_2022-02-11,GSV5_FJ_5.1_11.2.22_RAPIDHEADSZ25.JPG,0.3774957058941592,0.35830733089034594,Epiphyte,Biota,Macroalgae,Erect coarse branching,Brown,NA,NA,Sargassum spp
19605,Encounter_2022_RLS_FlindersUni_Historical_Baseline,923401048_GSV5_2022-02-11,GSV5_FJ_5.1_11.2.22_RAPIDHEADSZ25.JPG,0.3774957058941592,0.35830733089034594,Epiphyte,Biota,Macroalgae,Encrusting,Red,NA,NA,NA
19605,Encounter_2022_RLS_FlindersUni_Historical_Baseline,923401048_GSV5_2022-02-11,GSV5_FJ_5.1_11.2.22_RAPIDHEADSZ25.JPG,0.4983622280923032,0.14555105852342134,Epiphyte,Biota,Macroalgae,Erect coarse branching,Brown,NA,NA,Sargassum spp
19605,Encounter_2022_RLS_FlindersUni_Historical_Baseline,923401048_GSV5_2022-02-11,GSV5_FJ_5.1_11.2.22_RAPIDHEADSZ25.JPG,0.4983622280923032,0.14555105852342134,Epiphyte,Biota,Macroalgae,Encrusting,Red,NA,NA,NA
19605,Encounter_2022_RLS_FlindersUni_Historical_Baseline,923401048_GSV5_2022-02-11,GSV5_FJ_5.1_11.2.22_RAPIDHEADSZ27.JPG,0.2041317448641537,0.6691647615245736,,Biota,Macroalgae,Erect coarse branching,Brown,NA,NA,Sargassum spp
19605,Encounter_2022_RLS_FlindersUni_Historical_Baseline,923401048_GSV5_2022-02-11,GSV5_FJ_5.1_11.2.22_RAPIDHEADSZ27.JPG,0.2041317448641537,0.6691647615245736,,Biota,Macroalgae,Encrusting,Red,NA,NA,NA
19605,Encounter_2022_RLS_FlindersUni_Historical_Baseline,923401048_GSV5_2022-02-11,GSV5_FJ_5.1_11.2.22_RAPIDHEADSZ27.JPG,0.48674869864572573,0.2176999526739233,,Biota,Macroalgae,Laminate,Brown,NA,NA,Lobophora spp
19605,Encounter_2022_RLS_FlindersUni_Historical_Baseline,923401048_GSV5_2022-02-11,GSV5_FJ_5.1_11.2.22_RAPIDHEADSZ27.JPG,0.48674869864572573,0.2176999526739233,,Biota,Macroalgae,Encrusting,Red,NA,NA,NA
19731,RLS_Encounter_2026_FlindersUni_PostHAB,923406600_GSV7_2026-01-13,GSV7_SRB5.3m13012026MypongaSouth  (3).JPG,0.45826080294641713,0.12810540842507107,,Biota,Macroalgae,Erect coarse branching,Brown,NA,NA,Cystophora spp
19731,RLS_Encounter_2026_FlindersUni_PostHAB,923406600_GSV7_2026-01-13,GSV7_SRB5.3m13012026MypongaSouth  (3).JPG,0.45826080294641713,0.12810540842507107,,Biota,Macroalgae,Encrusting,Red,Calcareous,NA,NA
19341,Bailee_project_annotations,923400382_GSV95_2021-03-20,GSV95_ACM5.1m200321LassetersRf  (1).JPG,0.6937754576395287,0.24449892220110025,,Biota,Macroalgae,Filamentous / filiform,Turfing Algae,NA,NA,NA
19341,Bailee_project_annotations,923400382_GSV95_2021-03-20,GSV95_ACM5.1m200321LassetersRf  (1).JPG,0.6937754576395287,0.24449892220110025,,Biota,Macroalgae,Erect fine branching,Brown,Brown Understory Algae,NA,Dictyotaceae spp
19341,Bailee_project_annotations,923400383_GSV95_2021-03-20,GSV95_ACM5.2m200321LassetersRf  (15).JPG,0.7230746431934495,0.4351554528990187,,Biota,Macroalgae,Erect coarse branching,Brown,NA,NA,Cystophora monilifera
19341,Bailee_project_annotations,923400383_GSV95_2021-03-20,GSV95_ACM5.2m200321LassetersRf  (15).JPG,0.7230746431934495,0.4351554528990187,,Biota,Macroalgae,Filamentous / filiform,Turfing Algae,Red turf,NA,NA
19341,Bailee_project_annotations,923400383_GSV95_2021-03-20,GSV95_ACM5.2m200321LassetersRf  (20).JPG,0.1874775235053605,0.6830125271598269,,Biota,Macroalgae,Erect coarse branching,Brown,NA,NA,Cystophora expansa
19341,Bailee_project_annotations,923400383_GSV95_2021-03-20,GSV95_ACM5.2m200321LassetersRf  (20).JPG,0.1874775235053605,0.6830125271598269,,Biota,Macroalgae,Filamentous / filiform,Turfing Algae,Red turf,NA,NA
19341,Bailee_project_annotations,923400383_GSV95_2021-03-20,GSV95_ACM5.2m200321LassetersRf  (20).JPG,0.5809520220179855,0.742646463986374,,Biota,Macroalgae,Erect coarse branching,Brown,NA,NA,Caulocystis cephalornithos
19341,Bailee_project_annotations,923400383_GSV95_2021-03-20,GSV95_ACM5.2m200321LassetersRf  (20).JPG,0.5809520220179855,0.742646463986374,,Biota,Macroalgae,Filamentous / filiform,Turfing Algae,Red turf,NA,NA
19341,Bailee_project_annotations,923400383_GSV95_2021-03-20,GSV95_ACM5.2m200321LassetersRf  (20).JPG,0.7625496985286387,0.7646017699115044,,Biota,Macroalgae,Erect coarse branching,Brown,NA,NA,Cystophora spp
19341,Bailee_project_annotations,923400383_GSV95_2021-03-20,GSV95_ACM5.2m200321LassetersRf  (20).JPG,0.7625496985286387,0.7646017699115044,,Biota,Macroalgae,Filamentous / filiform,Turfing Algae,Red turf,NA,NA
19341,Bailee_project_annotations,923400383_GSV95_2021-03-20,GSV95_ACM5.2m200321LassetersRf  (20).JPG,0.7726655846254276,0.9612662352949616,,Biota,Macroalgae,Erect coarse branching,Brown,NA,NA,Caulocystis cephalornithos
19341,Bailee_project_annotations,923400383_GSV95_2021-03-20,GSV95_ACM5.2m200321LassetersRf  (20).JPG,0.7726655846254276,0.9612662352949616,,Biota,Macroalgae,Filamentous / filiform,Turfing Algae,Red turf,NA,NA
19340,Layla_Project,923403155_GSV95_2024-02-20,GSV95_ATC5_3m200224LassetersReef (1).jpg,0.2636807001775877,0.529664695599611,,Biota,Macroalgae,Large canopy-forming,Brown,NA,NA,Ecklonia radiata
19340,Layla_Project,923403155_GSV95_2024-02-20,GSV95_ATC5_3m200224LassetersReef (1).jpg,0.2636807001775877,0.529664695599611,,Biota,Macroalgae,Erect coarse branching,Brown,NA,NA,Sargassum spp
19340,Layla_Project,923403155_GSV95_2024-02-20,GSV95_ATC5_3m200224LassetersReef (1).jpg,0.2826331250668187,0.034117142187555016,,Biota,Macroalgae,Erect coarse branching,Brown,NA,NA,Sargassum spp
19340,Layla_Project,923403155_GSV95_2024-02-20,GSV95_ATC5_3m200224LassetersReef (1).jpg,0.2826331250668187,0.034117142187555016,,Biota,Macroalgae,Large canopy-forming,Brown,NA,NA,Ecklonia radiata
19340,Layla_Project,923403155_GSV95_2024-02-20,GSV95_ATC5_3m200224LassetersReef (1).jpg,0.6418224798598897,0.7828687825731933,,Biota,Macroalgae,Large canopy-forming,Brown,NA,NA,Ecklonia radiata
19340,Layla_Project,923403155_GSV95_2024-02-20,GSV95_ATC5_3m200224LassetersReef (1).jpg,0.6418224798598897,0.7828687825731933,,Biota,Sponges,Crusts,Encrusting,NA,NA,NA
19340,Layla_Project,923403155_GSV95_2024-02-20,GSV95_ATC5_3m200224LassetersReef (15).jpg,0.5274708541306968,0.572863929697502,,Biota,Macroalgae,Erect coarse branching,Brown,NA,NA,Phyllotricha decipens
19340,Layla_Project,923403155_GSV95_2024-02-20,GSV95_ATC5_3m200224LassetersReef (15).jpg,0.5274708541306968,0.572863929697502,,Biota,Macroalgae,Erect coarse branching,Brown,NA,NA,Sargassopsis heteromorphum
19340,Layla_Project,923403155_GSV95_2024-02-20,GSV95_ATC5_3m200224LassetersReef (15).jpg,0.5274708541306968,0.572863929697502,,Biota,Macroalgae,Large canopy-forming,Brown,NA,NA,Ecklonia radiata
19340,Layla_Project,923403155_GSV95_2024-02-20,GSV95_ATC5_3m200224LassetersReef (15).jpg,0.5823775865553052,0.19880552534263995,,Biota,Macroalgae,Erect coarse branching,Brown,Sargassum (subgenus Arthrophycus),NA,Sargassum lacerifolium
19340,Layla_Project,923403155_GSV95_2024-02-20,GSV95_ATC5_3m200224LassetersReef (15).jpg,0.5823775865553052,0.19880552534263995,,Biota,Macroalgae,Large canopy-forming,Brown,NA,NA,Ecklonia radiata
19340,Layla_Project,923403155_GSV95_2024-02-20,GSV95_ATC5_3m200224LassetersReef (15).jpg,0.5948413914204579,0.7704424120813332,,Biota,Sponges,Crusts,Encrusting,Encrusting White,NA,NA
19340,Layla_Project,923403155_GSV95_2024-02-20,GSV95_ATC5_3m200224LassetersReef (15).jpg,0.5948413914204579,0.7704424120813332,,Biota,Echinoderms,NA,NA,NA,NA,NA
19340,Layla_Project,923403155_GSV95_2024-02-20,GSV95_ATC5_3m200224LassetersReef (15).jpg,0.8499344227699317,0.0682993290431001,,Biota,Macroalgae,Erect coarse branching,Brown,NA,NA,Cystophora monilifera
19340,Layla_Project,923403155_GSV95_2024-02-20,GSV95_ATC5_3m200224LassetersReef (15).jpg,0.8499344227699317,0.0682993290431001,,Biota,Macroalgae,Large canopy-forming,Brown,NA,NA,Ecklonia radiata
19340,Layla_Project,923403155_GSV95_2024-02-20,GSV95_ATC5_3m200224LassetersReef (16).jpg,0.47194136900736006,0.6431382252210888,,Biota,Macroalgae,Large canopy-forming,Brown,NA,NA,Ecklonia radiata
19340,Layla_Project,923403155_GSV95_2024-02-20,GSV95_ATC5_3m200224LassetersReef (16).jpg,0.47194136900736006,0.6431382252210888,,Biota,Macroalgae,Erect coarse branching,Brown,NA,NA,Phyllotricha decipens
19340,Layla_Project,923403155_GSV95_2024-02-20,GSV95_ATC5_3m200224LassetersReef (18).jpg,0.40915622718272593,0.38385786867413596,,Biota,Macroalgae,Erect coarse branching,Brown,NA,NA,Sargassum spp
19340,Layla_Project,923403155_GSV95_2024-02-20,GSV95_ATC5_3m200224LassetersReef (18).jpg,0.40915622718272593,0.38385786867413596,,Biota,Macroalgae,Erect coarse branching,Brown,NA,NA,Cystophora expansa
19340,Layla_Project,923403155_GSV95_2024-02-20,GSV95_ATC5_3m200224LassetersReef (19).jpg,0.3491067988770429,0.35725167948833614,,Biota,Macroalgae,Erect coarse branching,Brown,NA,NA,Cystophora spp
19340,Layla_Project,923403155_GSV95_2024-02-20,GSV95_ATC5_3m200224LassetersReef (19).jpg,0.3491067988770429,0.35725167948833614,Bleached,Biota,Macroalgae,Erect coarse branching,Brown,NA,NA,Sargassum spp
19340,Layla_Project,923403155_GSV95_2024-02-20,GSV95_ATC5_3m200224LassetersReef (2).jpg,0.2309081397473628,0.5836402112201569,,Biota,Macroalgae,Erect coarse branching,Brown,NA,NA,Sargassum spp
19340,Layla_Project,923403155_GSV95_2024-02-20,GSV95_ATC5_3m200224LassetersReef (2).jpg,0.2309081397473628,0.5836402112201569,,Biota,Macroalgae,Large canopy-forming,Brown,NA,NA,Ecklonia radiata
19340,Layla_Project,923403155_GSV95_2024-02-20,GSV95_ATC5_3m200224LassetersReef (2).jpg,0.31879604877028356,0.8192167169946372,Bleached,Biota,Macroalgae,Large canopy-forming,Brown,NA,NA,Ecklonia radiata
19340,Layla_Project,923403155_GSV95_2024-02-20,GSV95_ATC5_3m200224LassetersReef (2).jpg,0.31879604877028356,0.8192167169946372,,Biota,Macroalgae,Erect coarse branching,Brown,NA,NA,Sargassum spp
19340,Layla_Project,923403155_GSV95_2024-02-20,GSV95_ATC5_3m200224LassetersReef (2).jpg,0.9925983878424056,0.748187885718917,Bleached,Biota,Macroalgae,Large canopy-forming,Brown,NA,NA,Ecklonia radiata
19340,Layla_Project,923403155_GSV95_2024-02-20,GSV95_ATC5_3m200224LassetersReef (2).jpg,0.9925983878424056,0.748187885718917,,Biota,Macroalgae,Erect coarse branching,Brown,NA,NA,Sargassum spp
19340,Layla_Project,923403155_GSV95_2024-02-20,GSV95_ATC5_3m200224LassetersReef (20).jpg,0.4606341399642683,0.8837067914137929,Bleached,Biota,Macroalgae,Erect coarse branching,Brown,NA,NA,Sargassum spp
19340,Layla_Project,923403155_GSV95_2024-02-20,GSV95_ATC5_3m200224LassetersReef (20).jpg,0.4606341399642683,0.8837067914137929,,Biota,Macroalgae,Erect coarse branching,Brown,NA,NA,Cystophora monilifera
19340,Layla_Project,923403155_GSV95_2024-02-20,GSV95_ATC5_3m200224LassetersReef (21).jpg,0.03400694669282367,0.15133360384917938,,Biota,Macroalgae,Erect coarse branching,Brown,NA,NA,Cystophora spp
19340,Layla_Project,923403155_GSV95_2024-02-20,GSV95_ATC5_3m200224LassetersReef (21).jpg,0.03400694669282367,0.15133360384917938,,Biota,Macroalgae,Erect coarse branching,Brown,NA,NA,Sargassum spp
19340,Layla_Project,923403155_GSV95_2024-02-20,GSV95_ATC5_3m200224LassetersReef (22).jpg,0.7061098664352254,0.40931792760301255,Bleached,Biota,Macroalgae,Large canopy-forming,Brown,NA,NA,Ecklonia radiata
19340,Layla_Project,923403155_GSV95_2024-02-20,GSV95_ATC5_3m200224LassetersReef (22).jpg,0.7061098664352254,0.40931792760301255,,Biota,Macroalgae,Laminate,Brown,NA,NA,NA
19340,Layla_Project,923403155_GSV95_2024-02-20,GSV95_ATC5_3m200224LassetersReef (23).jpg,0.604190099054814,0.4533078059556037,,Biota,Macroalgae,Erect coarse branching,Brown,Sargassum (subgenus Arthrophycus),NA,Sargassum lacerifolium
19340,Layla_Project,923403155_GSV95_2024-02-20,GSV95_ATC5_3m200224LassetersReef (23).jpg,0.604190099054814,0.4533078059556037,,Biota,Macroalgae,Erect coarse branching,Brown,NA,NA,Cystophora expansa
19340,Layla_Project,923403155_GSV95_2024-02-20,GSV95_ATC5_3m200224LassetersReef (24).jpg,0.29094640184985354,0.7547355606810143,,Biota,Macroalgae,Erect coarse branching,Brown,NA,NA,Cystophora monilifera
19340,Layla_Project,923403155_GSV95_2024-02-20,GSV95_ATC5_3m200224LassetersReef (24).jpg,0.29094640184985354,0.7547355606810143,,Biota,Macroalgae,Erect coarse branching,Brown,NA,NA,Cystophora expansa
19340,Layla_Project,923403155_GSV95_2024-02-20,GSV95_ATC5_3m200224LassetersReef (3).jpg,0.07352784806310841,0.739627508259604,,Biota,Macroalgae,Large canopy-forming,Brown,NA,NA,Ecklonia radiata
19340,Layla_Project,923403155_GSV95_2024-02-20,GSV95_ATC5_3m200224LassetersReef (3).jpg,0.07352784806310841,0.739627508259604,,Biota,Macroalgae,Erect coarse branching,Brown,NA,NA,Sargassum spp
19340,Layla_Project,923403155_GSV95_2024-02-20,GSV95_ATC5_3m200224LassetersReef (5).jpg,0.48513448438213125,0.9068831787195316,,Biota,Macroalgae,Erect coarse branching,Brown,NA,NA,Sargassum spp
19340,Layla_Project,923403155_GSV95_2024-02-20,GSV95_ATC5_3m200224LassetersReef (5).jpg,0.48513448438213125,0.9068831787195316,,Biota,Macroalgae,Erect coarse branching,Brown,Sargassum (subgenus Arthrophycus),NA,Sargassum lacerifolium
19340,Layla_Project,923403136_GSV95_2024-02-20,GSV95_ATC5_4m200224LassetersReef (10).jpg,0.7226528289103611,0.4513317736087905,Bleached,Biota,Macroalgae,Erect coarse branching,Brown,NA,NA,Sargassum spp
19340,Layla_Project,923403136_GSV95_2024-02-20,GSV95_ATC5_4m200224LassetersReef (10).jpg,0.7226528289103611,0.4513317736087905,,Biota,Sponges,Crusts,Encrusting,NA,NA,NA
19340,Layla_Project,923403136_GSV95_2024-02-20,GSV95_ATC5_4m200224LassetersReef (14).jpg,0.9513476255393368,0.4960815412935503,,Biota,Macroalgae,Laminate,Brown,NA,NA,Lobophora variegata
19340,Layla_Project,923403136_GSV95_2024-02-20,GSV95_ATC5_4m200224LassetersReef (14).jpg,0.9513476255393368,0.4960815412935503,,Biota,Macroalgae,Erect coarse branching,Brown,NA,NA,Sargassum spp
19340,Layla_Project,923403136_GSV95_2024-02-20,GSV95_ATC5_4m200224LassetersReef (15).jpg,0.22157370140897092,0.3183962399329229,,Biota,Macroalgae,Large canopy-forming,Brown,NA,NA,Ecklonia radiata
19340,Layla_Project,923403136_GSV95_2024-02-20,GSV95_ATC5_4m200224LassetersReef (15).jpg,0.22157370140897092,0.3183962399329229,,Biota,Macroalgae,Encrusting,Brown,NA,NA,NA
19340,Layla_Project,923403136_GSV95_2024-02-20,GSV95_ATC5_4m200224LassetersReef (17).jpg,0.8549464764163159,0.7965352385298533,,Biota,Macroalgae,Encrusting,NA,NA,NA,NA
19340,Layla_Project,923403136_GSV95_2024-02-20,GSV95_ATC5_4m200224LassetersReef (17).jpg,0.8549464764163159,0.7965352385298533,,Biota,Macroalgae,Large canopy-forming,Brown,NA,NA,Ecklonia radiata
19340,Layla_Project,923403136_GSV95_2024-02-20,GSV95_ATC5_4m200224LassetersReef (21).jpg,0.5198942387842203,0.04347110291183143,,Biota,Macroalgae,Erect coarse branching,Brown,Sargassum (subgenus Arthrophycus),NA,Sargassum lacerifolium
19340,Layla_Project,923403136_GSV95_2024-02-20,GSV95_ATC5_4m200224LassetersReef (21).jpg,0.5198942387842203,0.04347110291183143,Bleached,Biota,Macroalgae,Large canopy-forming,Brown,NA,NA,Ecklonia radiata
19340,Layla_Project,923403136_GSV95_2024-02-20,GSV95_ATC5_4m200224LassetersReef (22).jpg,0.929294918975206,0.20433862903125966,,Biota,Macroalgae,Erect coarse branching,Brown,NA,NA,Sargassum spp
19340,Layla_Project,923403136_GSV95_2024-02-20,GSV95_ATC5_4m200224LassetersReef (22).jpg,0.929294918975206,0.20433862903125966,,Biota,Macroalgae,Large canopy-forming,Brown,NA,NA,Ecklonia radiata
19340,Layla_Project,923403136_GSV95_2024-02-20,GSV95_ATC5_4m200224LassetersReef (25).jpg,0.6741200857014358,0.3055408054674049,,Biota,Macroalgae,Erect coarse branching,Brown,NA,NA,Sargassum spp
19340,Layla_Project,923403136_GSV95_2024-02-20,GSV95_ATC5_4m200224LassetersReef (25).jpg,0.6741200857014358,0.3055408054674049,,Biota,Macroalgae,Erect coarse branching,Brown,NA,NA,Cystophora monilifera
19340,Layla_Project,923403136_GSV95_2024-02-20,GSV95_ATC5_4m200224LassetersReef (26).jpg,0.23507656554642664,0.04426183059441935,Bleached,Biota,Macroalgae,Erect coarse branching,Brown,NA,NA,Sargassum spp
19340,Layla_Project,923403136_GSV95_2024-02-20,GSV95_ATC5_4m200224LassetersReef (26).jpg,0.23507656554642664,0.04426183059441935,,Biota,Macroalgae,Erect coarse branching,Brown,NA,NA,Phyllotricha decipens
19340,Layla_Project,923403136_GSV95_2024-02-20,GSV95_ATC5_4m200224LassetersReef (26).jpg,0.7631990726633445,0.8471095732989333,Bleached,Biota,Macroalgae,Erect coarse branching,Brown,NA,NA,Sargassum spp
19340,Layla_Project,923403136_GSV95_2024-02-20,GSV95_ATC5_4m200224LassetersReef (26).jpg,0.7631990726633445,0.8471095732989333,,Biota,Macroalgae,Erect coarse branching,Brown,NA,NA,Cystophora monilifera
19340,Layla_Project,923403136_GSV95_2024-02-20,GSV95_ATC5_4m200224LassetersReef (27).jpg,0.3244762308951189,0.9988630266077001,,Biota,Macroalgae,Erect coarse branching,Brown,NA,NA,Cystophora monilifera
19340,Layla_Project,923403136_GSV95_2024-02-20,GSV95_ATC5_4m200224LassetersReef (27).jpg,0.3244762308951189,0.9988630266077001,,Biota,Macroalgae,Large canopy-forming,Brown,NA,NA,Ecklonia radiata
19340,Layla_Project,923403136_GSV95_2024-02-20,GSV95_ATC5_4m200224LassetersReef (28).jpg,0.12128193014453947,0.21586748621034002,,Biota,Macroalgae,Erect coarse branching,Brown,NA,NA,Sargassum spp
19340,Layla_Project,923403136_GSV95_2024-02-20,GSV95_ATC5_4m200224LassetersReef (28).jpg,0.12128193014453947,0.21586748621034002,,Biota,Macroalgae,Erect coarse branching,Brown,NA,NA,Cystophora expansa
19340,Layla_Project,923403136_GSV95_2024-02-20,GSV95_ATC5_4m200224LassetersReef (28).jpg,0.7863187900749121,0.39230412179301666,,Biota,Macroalgae,Erect coarse branching,Brown,Sargassum (subgenus Arthrophycus),NA,Sargassum paradoxum
19340,Layla_Project,923403136_GSV95_2024-02-20,GSV95_ATC5_4m200224LassetersReef (28).jpg,0.7863187900749121,0.39230412179301666,,Biota,Macroalgae,Laminate,Brown,NA,NA,Lobophora variegata
19340,Layla_Project,923403136_GSV95_2024-02-20,GSV95_ATC5_4m200224LassetersReef (28).jpg,0.972099133040346,0.43699723086758346,,Biota,Macroalgae,Erect coarse branching,Brown,Sargassum (subgenus Arthrophycus),NA,Sargassum lacerifolium
19340,Layla_Project,923403136_GSV95_2024-02-20,GSV95_ATC5_4m200224LassetersReef (28).jpg,0.972099133040346,0.43699723086758346,,Biota,Macroalgae,Erect coarse branching,Brown,NA,NA,Phyllotricha decipens
19340,Layla_Project,923403136_GSV95_2024-02-20,GSV95_ATC5_4m200224LassetersReef (6).jpg,0.566584592577378,0.06561327120722693,,Biota,Macroalgae,Large canopy-forming,Brown,NA,NA,Ecklonia radiata
19340,Layla_Project,923403136_GSV95_2024-02-20,GSV95_ATC5_4m200224LassetersReef (6).jpg,0.566584592577378,0.06561327120722693,,Biota,Macroalgae,Erect coarse branching,Brown,NA,NA,Sargassum spp
19340,Layla_Project,923403136_GSV95_2024-02-20,GSV95_ATC5_4m200224LassetersReef (6).jpg,0.926368200831847,0.34613709625057454,,Biota,Macroalgae,Laminate,Brown,NA,NA,Lobophora variegata
19340,Layla_Project,923403136_GSV95_2024-02-20,GSV95_ATC5_4m200224LassetersReef (6).jpg,0.926368200831847,0.34613709625057454,,Biota,Macroalgae,Large canopy-forming,Brown,NA,NA,Ecklonia radiata
19340,Layla_Project,923403136_GSV95_2024-02-20,GSV95_ATC5_4m200224LassetersReef (7).jpg,0.03375496305028369,0.2876522646235906,,Biota,Macroalgae,Erect coarse branching,Brown,NA,NA,Sargassum spp
19340,Layla_Project,923403136_GSV95_2024-02-20,GSV95_ATC5_4m200224LassetersReef (7).jpg,0.03375496305028369,0.2876522646235906,,Biota,Macroalgae,Erect coarse branching,Brown,NA,NA,Phyllotricha decipens
19340,Layla_Project,923403136_GSV95_2024-02-20,GSV95_ATC5_4m200224LassetersReef (9).jpg,0.7353164214701731,0.947567234715664,,Biota,Macroalgae,Erect coarse branching,Brown,NA,NA,Sargassum spp
19340,Layla_Project,923403136_GSV95_2024-02-20,GSV95_ATC5_4m200224LassetersReef (9).jpg,0.7353164214701731,0.947567234715664,,Biota,Macroalgae,Erect coarse branching,Brown,NA,NA,Cystophora expansa
19731,RLS_Encounter_2026_FlindersUni_PostHAB,923406592_GSV95_2026-01-15,GSV95_JWH5.4m150126lassetersReef (2).JPG,0.7870560093803779,0.26067927020882364,,Biota,Macroalgae,Filamentous / filiform,Brown,NA,NA,NA
19731,RLS_Encounter_2026_FlindersUni_PostHAB,923406592_GSV95_2026-01-15,GSV95_JWH5.4m150126lassetersReef (2).JPG,0.7870560093803779,0.26067927020882364,,Biota,Macroalgae,Erect coarse branching,Brown,NA,NA,Cystophora expansa
19678,Encounter_2023_FlindersUni_HistoricalBaseline,923403605_GSV95_2023-12-20,GSV95_Lasseters Reef_SB_5m201223 (11).JPG,0.5791932689971927,0.2767535809257988,,Biota,Macroalgae,Filamentous / filiform,Brown,NA,NA,NA
19678,Encounter_2023_FlindersUni_HistoricalBaseline,923403605_GSV95_2023-12-20,GSV95_Lasseters Reef_SB_5m201223 (11).JPG,0.5791932689971927,0.2767535809257988,,Biota,Macroalgae,Erect coarse branching,Brown,NA,NA,Cystophora monilifera
19678,Encounter_2023_FlindersUni_HistoricalBaseline,923403605_GSV95_2023-12-20,GSV95_Lasseters Reef_SB_5m201223 (13).JPG,0.3913502275653002,0.7357723577235772,,Biota,Macroalgae,Filamentous / filiform,Brown,NA,NA,NA
19678,Encounter_2023_FlindersUni_HistoricalBaseline,923403605_GSV95_2023-12-20,GSV95_Lasseters Reef_SB_5m201223 (13).JPG,0.3913502275653002,0.7357723577235772,Senescent,Biota,Macroalgae,Erect coarse branching,Brown,NA,NA,Cystophora monilifera
19678,Encounter_2023_FlindersUni_HistoricalBaseline,923403605_GSV95_2023-12-20,GSV95_Lasseters Reef_SB_5m201223 (14).JPG,0.3750343159817129,0.5569960994507435,,Biota,Macroalgae,Encrusting,Red,Calcareous,NA,NA
19678,Encounter_2023_FlindersUni_HistoricalBaseline,923403605_GSV95_2023-12-20,GSV95_Lasseters Reef_SB_5m201223 (14).JPG,0.3750343159817129,0.5569960994507435,,Biota,Macroalgae,Erect coarse branching,Brown,NA,NA,Cystophora monilifera
19678,Encounter_2023_FlindersUni_HistoricalBaseline,923403605_GSV95_2023-12-20,GSV95_Lasseters Reef_SB_5m201223 (14).JPG,0.8043170038657985,0.29548353289936014,,Biota,Macroalgae,Filamentous / filiform,Red,NA,NA,NA
19678,Encounter_2023_FlindersUni_HistoricalBaseline,923403605_GSV95_2023-12-20,GSV95_Lasseters Reef_SB_5m201223 (14).JPG,0.8043170038657985,0.29548353289936014,,Biota,Macroalgae,Erect coarse branching,Brown,NA,NA,Cystophora monilifera
19678,Encounter_2023_FlindersUni_HistoricalBaseline,923403605_GSV95_2023-12-20,GSV95_Lasseters Reef_SB_5m201223 (20).JPG,0.13292504058966356,0.452679586167274,,Biota,Macroalgae,Filamentous / filiform,Brown,NA,NA,NA
19678,Encounter_2023_FlindersUni_HistoricalBaseline,923403605_GSV95_2023-12-20,GSV95_Lasseters Reef_SB_5m201223 (20).JPG,0.13292504058966356,0.452679586167274,,Biota,Macroalgae,Erect coarse branching,Brown,NA,NA,Cystophora monilifera
19678,Encounter_2023_FlindersUni_HistoricalBaseline,923403605_GSV95_2023-12-20,GSV95_Lasseters Reef_SB_5m201223 (20).JPG,0.20522206564862114,0.6733318124093746,,Biota,Macroalgae,Filamentous / filiform,Brown,NA,NA,NA
19678,Encounter_2023_FlindersUni_HistoricalBaseline,923403605_GSV95_2023-12-20,GSV95_Lasseters Reef_SB_5m201223 (20).JPG,0.20522206564862114,0.6733318124093746,,Biota,Macroalgae,Erect coarse branching,Brown,NA,NA,Cystophora monilifera
19678,Encounter_2023_FlindersUni_HistoricalBaseline,923403605_GSV95_2023-12-20,GSV95_Lasseters Reef_SB_5m201223 (20).JPG,0.25866672451724226,0.8403517012499934,,Biota,Macroalgae,Filamentous / filiform,Brown,NA,NA,NA
19678,Encounter_2023_FlindersUni_HistoricalBaseline,923403605_GSV95_2023-12-20,GSV95_Lasseters Reef_SB_5m201223 (20).JPG,0.25866672451724226,0.8403517012499934,,Biota,Macroalgae,Erect coarse branching,Brown,NA,NA,Cystophora monilifera
19678,Encounter_2023_FlindersUni_HistoricalBaseline,923403605_GSV95_2023-12-20,GSV95_Lasseters Reef_SB_5m201223 (20).JPG,0.2704669944429863,0.8901705827543157,,Biota,Macroalgae,Filamentous / filiform,Brown,NA,NA,NA
19678,Encounter_2023_FlindersUni_HistoricalBaseline,923403605_GSV95_2023-12-20,GSV95_Lasseters Reef_SB_5m201223 (20).JPG,0.2704669944429863,0.8901705827543157,,Biota,Macroalgae,Erect coarse branching,Brown,NA,NA,Cystophora monilifera
19678,Encounter_2023_FlindersUni_HistoricalBaseline,923403605_GSV95_2023-12-20,GSV95_Lasseters Reef_SB_5m201223 (20).JPG,0.2962038861018855,0.20121951219512196,,Biota,Macroalgae,Filamentous / filiform,Brown,NA,NA,NA
19678,Encounter_2023_FlindersUni_HistoricalBaseline,923403605_GSV95_2023-12-20,GSV95_Lasseters Reef_SB_5m201223 (20).JPG,0.2962038861018855,0.20121951219512196,,Biota,Macroalgae,Erect coarse branching,Brown,NA,NA,Cystophora monilifera
19678,Encounter_2023_FlindersUni_HistoricalBaseline,923403605_GSV95_2023-12-20,GSV95_Lasseters Reef_SB_5m201223 (20).JPG,0.2964875519975356,0.6880014131101004,,Biota,Macroalgae,Filamentous / filiform,Brown,NA,NA,NA
19678,Encounter_2023_FlindersUni_HistoricalBaseline,923403605_GSV95_2023-12-20,GSV95_Lasseters Reef_SB_5m201223 (20).JPG,0.2964875519975356,0.6880014131101004,,Biota,Macroalgae,Erect coarse branching,Brown,NA,NA,Cystophora monilifera
19678,Encounter_2023_FlindersUni_HistoricalBaseline,923403605_GSV95_2023-12-20,GSV95_Lasseters Reef_SB_5m201223 (20).JPG,0.3902430225375453,0.43869978069631765,,Biota,Macroalgae,Filamentous / filiform,Brown,NA,NA,NA
19678,Encounter_2023_FlindersUni_HistoricalBaseline,923403605_GSV95_2023-12-20,GSV95_Lasseters Reef_SB_5m201223 (20).JPG,0.3902430225375453,0.43869978069631765,,Biota,Macroalgae,Erect coarse branching,Brown,NA,NA,Cystophora monilifera
19678,Encounter_2023_FlindersUni_HistoricalBaseline,923403605_GSV95_2023-12-20,GSV95_Lasseters Reef_SB_5m201223 (20).JPG,0.586300449673382,0.813272365896988,,Biota,Macroalgae,Filamentous / filiform,Brown,NA,NA,NA
19678,Encounter_2023_FlindersUni_HistoricalBaseline,923403605_GSV95_2023-12-20,GSV95_Lasseters Reef_SB_5m201223 (20).JPG,0.586300449673382,0.813272365896988,,Biota,Macroalgae,Erect coarse branching,Brown,NA,NA,Cystophora spp
19678,Encounter_2023_FlindersUni_HistoricalBaseline,923403605_GSV95_2023-12-20,GSV95_Lasseters Reef_SB_5m201223 (20).JPG,0.7009418209308979,0.3957128216959004,,Biota,Macroalgae,Filamentous / filiform,Brown,NA,NA,NA
19678,Encounter_2023_FlindersUni_HistoricalBaseline,923403605_GSV95_2023-12-20,GSV95_Lasseters Reef_SB_5m201223 (20).JPG,0.7009418209308979,0.3957128216959004,,Biota,Macroalgae,Erect coarse branching,Brown,NA,NA,Cystophora spp
19678,Encounter_2023_FlindersUni_HistoricalBaseline,923403605_GSV95_2023-12-20,GSV95_Lasseters Reef_SB_5m201223 (20).JPG,0.7070234105206906,0.6688211894271041,,Biota,Macroalgae,Filamentous / filiform,Brown,NA,NA,NA
19678,Encounter_2023_FlindersUni_HistoricalBaseline,923403605_GSV95_2023-12-20,GSV95_Lasseters Reef_SB_5m201223 (20).JPG,0.7070234105206906,0.6688211894271041,,Biota,Macroalgae,Erect coarse branching,Brown,NA,NA,Cystophora spp
19678,Encounter_2023_FlindersUni_HistoricalBaseline,923403605_GSV95_2023-12-20,GSV95_Lasseters Reef_SB_5m201223 (20).JPG,0.7969463059803117,0.5989170540670224,,Biota,Macroalgae,Filamentous / filiform,Brown,NA,NA,NA
19678,Encounter_2023_FlindersUni_HistoricalBaseline,923403605_GSV95_2023-12-20,GSV95_Lasseters Reef_SB_5m201223 (20).JPG,0.7969463059803117,0.5989170540670224,,Biota,Macroalgae,Erect coarse branching,Brown,NA,NA,Cystophora spp
19678,Encounter_2023_FlindersUni_HistoricalBaseline,923403605_GSV95_2023-12-20,GSV95_Lasseters Reef_SB_5m201223 (6).JPG,0.3316719986962262,0.69729130468617,,Biota,Macroalgae,Erect coarse branching,Brown,NA,NA,Sargassum spp
19678,Encounter_2023_FlindersUni_HistoricalBaseline,923403605_GSV95_2023-12-20,GSV95_Lasseters Reef_SB_5m201223 (6).JPG,0.3316719986962262,0.69729130468617,,Biota,Macroalgae,Filamentous / filiform,Turfing Algae,NA,NA,NA
19678,Encounter_2023_FlindersUni_HistoricalBaseline,923403605_GSV95_2023-12-20,GSV95_Lasseters Reef_SB_5m201223 (6).JPG,0.3663511045214135,0.8507787470310166,,Biota,Macroalgae,Erect coarse branching,Brown,NA,NA,Sargassum spp
19678,Encounter_2023_FlindersUni_HistoricalBaseline,923403605_GSV95_2023-12-20,GSV95_Lasseters Reef_SB_5m201223 (6).JPG,0.3663511045214135,0.8507787470310166,,Biota,Macroalgae,Filamentous / filiform,Turfing Algae,NA,NA,NA
19678,Encounter_2023_FlindersUni_HistoricalBaseline,923403605_GSV95_2023-12-20,GSV95_Lasseters Reef_SB_5m201223 (7).JPG,0.31350484515045374,0.6296710436325521,,Biota,Macroalgae,Erect coarse branching,Brown,NA,NA,Sargassum spp
19678,Encounter_2023_FlindersUni_HistoricalBaseline,923403605_GSV95_2023-12-20,GSV95_Lasseters Reef_SB_5m201223 (7).JPG,0.31350484515045374,0.6296710436325521,,Biota,Macroalgae,Filamentous / filiform,Brown,NA,NA,NA
19678,Encounter_2023_FlindersUni_HistoricalBaseline,923403605_GSV95_2023-12-20,GSV95_Lasseters Reef_SB_5m201223 (8).JPG,0.11592998616097622,0.5198117660159473,,Biota,Seagrasses,Strap-like leaves,NA,NA,NA,NA
19678,Encounter_2023_FlindersUni_HistoricalBaseline,923403605_GSV95_2023-12-20,GSV95_Lasseters Reef_SB_5m201223 (8).JPG,0.11592998616097622,0.5198117660159473,,Biota,Macroalgae,Filamentous / filiform,Red,NA,NA,NA
19678,Encounter_2023_FlindersUni_HistoricalBaseline,923403605_GSV95_2023-12-20,GSV95_Lasseters Reef_SB_5m201223 (8).JPG,0.17122537239366498,0.17708183016130913,,Biota,Macroalgae,Filamentous / filiform,Red,NA,NA,NA
19678,Encounter_2023_FlindersUni_HistoricalBaseline,923403605_GSV95_2023-12-20,GSV95_Lasseters Reef_SB_5m201223 (8).JPG,0.17122537239366498,0.17708183016130913,,Biota,Seagrasses,Strap-like leaves,NA,NA,NA,NA
19678,Encounter_2023_FlindersUni_HistoricalBaseline,923403605_GSV95_2023-12-20,GSV95_Lasseters Reef_SB_5m201223 (8).JPG,0.20579131135234024,0.13802018251876183,,Biota,Seagrasses,Strap-like leaves,NA,NA,NA,NA
19678,Encounter_2023_FlindersUni_HistoricalBaseline,923403605_GSV95_2023-12-20,GSV95_Lasseters Reef_SB_5m201223 (8).JPG,0.20579131135234024,0.13802018251876183,,Biota,Macroalgae,Filamentous / filiform,Red,NA,NA,NA
19678,Encounter_2023_FlindersUni_HistoricalBaseline,923403605_GSV95_2023-12-20,GSV95_Lasseters Reef_SB_5m201223 (8).JPG,0.2732397941798451,0.818966967212713,,Biota,Macroalgae,Filamentous / filiform,Red,NA,NA,NA
19678,Encounter_2023_FlindersUni_HistoricalBaseline,923403605_GSV95_2023-12-20,GSV95_Lasseters Reef_SB_5m201223 (8).JPG,0.2732397941798451,0.818966967212713,,Biota,Seagrasses,Strap-like leaves,NA,NA,NA,NA
19678,Encounter_2023_FlindersUni_HistoricalBaseline,923403605_GSV95_2023-12-20,GSV95_Lasseters Reef_SB_5m201223 (8).JPG,0.287566600606208,0.6486949787240345,,Biota,Macroalgae,Filamentous / filiform,Red,NA,NA,NA
19678,Encounter_2023_FlindersUni_HistoricalBaseline,923403605_GSV95_2023-12-20,GSV95_Lasseters Reef_SB_5m201223 (8).JPG,0.287566600606208,0.6486949787240345,,Biota,Seagrasses,Strap-like leaves,NA,NA,NA,NA
19678,Encounter_2023_FlindersUni_HistoricalBaseline,923403605_GSV95_2023-12-20,GSV95_Lasseters Reef_SB_5m201223 (8).JPG,0.5675872328102091,0.7315196503255086,,Biota,Macroalgae,Erect coarse branching,Brown,NA,NA,Cystophora monilifera
19678,Encounter_2023_FlindersUni_HistoricalBaseline,923403605_GSV95_2023-12-20,GSV95_Lasseters Reef_SB_5m201223 (8).JPG,0.5675872328102091,0.7315196503255086,Bleached,Biota,Macroalgae,Filamentous / filiform,Red,NA,NA,NA
19678,Encounter_2023_FlindersUni_HistoricalBaseline,923403605_GSV95_2023-12-20,GSV95_Lasseters Reef_SB_5m201223 (8).JPG,0.6528913213042513,0.6296391477202248,,Biota,Macroalgae,Erect coarse branching,Brown,NA,NA,Cystophora monilifera
19678,Encounter_2023_FlindersUni_HistoricalBaseline,923403605_GSV95_2023-12-20,GSV95_Lasseters Reef_SB_5m201223 (8).JPG,0.6528913213042513,0.6296391477202248,Bleached,Biota,Macroalgae,Filamentous / filiform,Red,NA,NA,NA
19678,Encounter_2023_FlindersUni_HistoricalBaseline,923403605_GSV95_2023-12-20,GSV95_Lasseters Reef_SB_5m201223 (8).JPG,0.6723149316441923,0.5227441147887901,Bleached,Biota,Macroalgae,Filamentous / filiform,Red,NA,NA,NA
19678,Encounter_2023_FlindersUni_HistoricalBaseline,923403605_GSV95_2023-12-20,GSV95_Lasseters Reef_SB_5m201223 (8).JPG,0.6723149316441923,0.5227441147887901,,Biota,Macroalgae,Erect coarse branching,Brown,NA,NA,Cystophora monilifera
19678,Encounter_2023_FlindersUni_HistoricalBaseline,923403586_GSV95_2023-12-20,GSV95_Lasseters Reef_SB_6m201223 (19).JPG,0.5039970736361321,0.2457378363730295,,Biota,Macroalgae,Filamentous / filiform,Brown,NA,NA,NA
19678,Encounter_2023_FlindersUni_HistoricalBaseline,923403586_GSV95_2023-12-20,GSV95_Lasseters Reef_SB_6m201223 (19).JPG,0.5039970736361321,0.2457378363730295,,Biota,Macroalgae,Erect coarse branching,Brown,NA,NA,Cystophora expansa
19678,Encounter_2023_FlindersUni_HistoricalBaseline,923403586_GSV95_2023-12-20,GSV95_Lasseters Reef_SB_6m201223 (19).JPG,0.6420250062451778,0.8019691527825027,,Biota,Macroalgae,Filamentous / filiform,Brown,NA,NA,NA
19678,Encounter_2023_FlindersUni_HistoricalBaseline,923403586_GSV95_2023-12-20,GSV95_Lasseters Reef_SB_6m201223 (19).JPG,0.6420250062451778,0.8019691527825027,,Biota,Macroalgae,Erect coarse branching,Brown,NA,NA,Cystophora expansa
19678,Encounter_2023_FlindersUni_HistoricalBaseline,923403586_GSV95_2023-12-20,GSV95_Lasseters Reef_SB_6m201223 (19).JPG,0.688745631737844,0.6538901100825663,,Biota,Macroalgae,Filamentous / filiform,Brown,NA,NA,NA
19678,Encounter_2023_FlindersUni_HistoricalBaseline,923403586_GSV95_2023-12-20,GSV95_Lasseters Reef_SB_6m201223 (19).JPG,0.688745631737844,0.6538901100825663,,Biota,Macroalgae,Erect coarse branching,Brown,NA,NA,Cystophora expansa
19678,Encounter_2023_FlindersUni_HistoricalBaseline,923403586_GSV95_2023-12-20,GSV95_Lasseters Reef_SB_6m201223 (19).JPG,0.8053148563365043,0.6784778450510479,,Biota,Macroalgae,Filamentous / filiform,Brown,NA,NA,NA
19678,Encounter_2023_FlindersUni_HistoricalBaseline,923403586_GSV95_2023-12-20,GSV95_Lasseters Reef_SB_6m201223 (19).JPG,0.8053148563365043,0.6784778450510479,,Biota,Macroalgae,Erect coarse branching,Brown,NA,NA,Cystophora expansa
19731,RLS_Encounter_2026_FlindersUni_PostHAB,923406630_GSV95_2026-01-15,GSV95_MBD5.1m15012026LassestersReef (19).JPG,0.40122914452461766,0.38531028625712294,,Biota,Macroalgae,Encrusting,Red,Calcareous,NA,NA
19731,RLS_Encounter_2026_FlindersUni_PostHAB,923406630_GSV95_2026-01-15,GSV95_MBD5.1m15012026LassestersReef (19).JPG,0.40122914452461766,0.38531028625712294,,Biota,Macroalgae,Erect coarse branching,Brown,Sargassum (subgenus Sargassum),NA,Sargassum spinuligerum
