survey_id,location,mpa,site_code,site_name,latitude,longitude,depth,survey_date,sampling_event,program,period,start_year_month,period_split,sampling_event_start_date,block,transect,id
5000297,Yorke Peninsula,Southern Spencer Gulf MP,SSG46,Point Turton,-34.92926,137.34562,1.9,2008-10-04,4,RLS,Pre-bloom,2008-10,Pre-bloom,2008-10-04,1,Transect_5000297_2008-10-04_1.9,5000297 1
5000298,Yorke Peninsula,Southern Spencer Gulf MP,SSG46,Point Turton,-34.92926,137.34562,3,2008-10-04,4,RLS,Pre-bloom,2008-10,Pre-bloom,2008-10-04,2,Transect_5000298_2008-10-04_3,5000298 2
5000299,Yorke Peninsula,Southern Spencer Gulf MP,SSG46,Point Turton,-34.92926,137.34562,4,2008-10-04,4,RLS,Pre-bloom,2008-10,Pre-bloom,2008-10-04,1,Transect_5000299_2008-10-04_4,5000299 1
5000299,Yorke Peninsula,Southern Spencer Gulf MP,SSG46,Point Turton,-34.92926,137.34562,4,2008-10-04,4,RLS,Pre-bloom,2008-10,Pre-bloom,2008-10-04,2,Transect_5000299_2008-10-04_4,5000299 2
5000351,Encounter,Encounter Marine Park,GSV95,Lasseters Reef,-35.508379999999995,138.21873,5.5,2008-02-07,6,RLS,Pre-bloom,2008-02,Pre-bloom,2008-02-05,1,Transect_5000351_2008-02-07_5.5,5000351 1
5000355,Encounter,Encounter Marine Park,GSV26,2nd Valley Boat Shed,-35.50945,138.21448999999998,3.5,2008-02-06,6,RLS,Pre-bloom,2008-02,Pre-bloom,2008-02-05,2,Transect_5000355_2008-02-06_3.5,5000355 2
5000356,Encounter,Encounter Marine Park,GSV26,2nd Valley Boat Shed,-35.50945,138.21448999999998,4,2008-02-06,6,RLS,Pre-bloom,2008-02,Pre-bloom,2008-02-05,2,Transect_5000356_2008-02-06_4,5000356 2
5000360,Encounter,Encounter Marine Park,GSV4,Rapid Head,-35.52045,138.16443,4.9,2008-02-06,6,RLS,Pre-bloom,2008-02,Pre-bloom,2008-02-05,1,Transect_5000360_2008-02-06_4.9,5000360 1
5000361,Encounter,Encounter Marine Park,GSV4,Rapid Head,-35.52045,138.16443,5,2008-02-06,6,RLS,Pre-bloom,2008-02,Pre-bloom,2008-02-05,1,Transect_5000361_2008-02-06_5,5000361 1
5000366,Encounter,Encounter Marine Park,GSV93,Aldinga Reef,-35.26825,138.43202,6,2008-02-08,6,RLS,Pre-bloom,2008-02,Pre-bloom,2008-02-05,2,Transect_5000366_2008-02-08_6,5000366 2
5002346,Encounter,Encounter Marine Park,GSV93,Aldinga Reef,-35.26825,138.43202,6.1,2011-02-02,7,RLS,Pre-bloom,2011-01,Pre-bloom,2011-01-31,2,Transect_5002346_2011-02-02_6.1,5002346 2
5002351,Encounter,Encounter Marine Park,GSV26,2nd Valley Boat Shed,-35.50945,138.21448999999998,5,2011-02-01,7,RLS,Pre-bloom,2011-01,Pre-bloom,2011-01-31,2,Transect_5002351_2011-02-01_5,5002351 2
5002355,Encounter,Encounter Marine Park,GSV26,2nd Valley Boat Shed,-35.50945,138.21448999999998,5.4,2011-02-01,7,RLS,Pre-bloom,2011-01,Pre-bloom,2011-01-31,1,Transect_5002355_2011-02-01_5.4,5002355 1
5002355,Encounter,Encounter Marine Park,GSV26,2nd Valley Boat Shed,-35.50945,138.21448999999998,5.4,2011-02-01,7,RLS,Pre-bloom,2011-01,Pre-bloom,2011-01-31,2,Transect_5002355_2011-02-01_5.4,5002355 2
5002356,Encounter,Encounter Marine Park,GSV95,Lasseters Reef,-35.508379999999995,138.21873,5,2011-02-01,7,RLS,Pre-bloom,2011-01,Pre-bloom,2011-01-31,1,Transect_5002356_2011-02-01_5,5002356 1
5002357,Encounter,Encounter Marine Park,GSV95,Lasseters Reef,-35.508379999999995,138.21873,5,2011-02-02,7,RLS,Pre-bloom,2011-01,Pre-bloom,2011-01-31,2,Transect_5002357_2011-02-02_5,5002357 2
5002358,Encounter,Encounter Marine Park,GSV95,Lasseters Reef,-35.508379999999995,138.21873,5.1,2011-02-02,7,RLS,Pre-bloom,2011-01,Pre-bloom,2011-01-31,2,Transect_5002358_2011-02-02_5.1,5002358 2
5002359,Encounter,Encounter Marine Park,GSV95,Lasseters Reef,-35.508379999999995,138.21873,5.2,2011-02-02,7,RLS,Pre-bloom,2011-01,Pre-bloom,2011-01-31,2,Transect_5002359_2011-02-02_5.2,5002359 2
5002362,Encounter,Encounter Marine Park,GSV4,Rapid Head,-35.52045,138.16443,5.2,2011-01-31,7,RLS,Pre-bloom,2011-01,Pre-bloom,2011-01-31,2,Transect_5002362_2011-01-31_5.2,5002362 2
812301011,Encounter,Encounter Marine Park,GSV1,Carrickalinga (toilet),-35.42445,138.31902,5.1,2005-03-08,1,ATRC,Pre-bloom,2005-03,Pre-bloom,2005-03-08,1,Transect_812301011_2005-03-08_5.1,812301011 1
812301012,Encounter,Encounter Marine Park,GSV1,Carrickalinga (toilet),-35.42445,138.31902,5.2,2005-03-08,1,ATRC,Pre-bloom,2005-03,Pre-bloom,2005-03-08,1,Transect_812301012_2005-03-08_5.2,812301012 1
812301013,Encounter,Encounter Marine Park,GSV1,Carrickalinga (toilet),-35.42445,138.31902,5.3,2005-03-08,1,ATRC,Pre-bloom,2005-03,Pre-bloom,2005-03-08,1,Transect_812301013_2005-03-08_5.3,812301013 1
812301014,Encounter,Encounter Marine Park,GSV1,Carrickalinga (toilet),-35.42445,138.31902,5.4,2005-03-08,1,ATRC,Pre-bloom,2005-03,Pre-bloom,2005-03-08,1,Transect_812301014_2005-03-08_5.4,812301014 1
812301021,Encounter,Encounter Marine Park,GSV1,Carrickalinga (toilet),-35.42445,138.31902,5.1,2006-02-23,2,ATRC,Pre-bloom,2006-02,Pre-bloom,2006-02-23,1,Transect_812301021_2006-02-23_5.1,812301021 1
812301022,Encounter,Encounter Marine Park,GSV1,Carrickalinga (toilet),-35.42445,138.31902,5.2,2006-02-23,2,ATRC,Pre-bloom,2006-02,Pre-bloom,2006-02-23,1,Transect_812301022_2006-02-23_5.2,812301022 1
812301041,Encounter,Encounter Marine Park,GSV2,Haycock Point,-35.41506,138.32132,5.1,2005-03-08,1,ATRC,Pre-bloom,2005-03,Pre-bloom,2005-03-08,1,Transect_812301041_2005-03-08_5.1,812301041 1
812301051,Encounter,Encounter Marine Park,GSV2,Haycock Point,-35.41506,138.32132,5.1,2006-02-23,2,ATRC,Pre-bloom,2006-02,Pre-bloom,2006-02-23,1,Transect_812301051_2006-02-23_5.1,812301051 1
812301071,Encounter,Encounter Marine Park,GSV3,Carrickalinga Head,-35.398,138.33591,5.1,2005-03-08,1,ATRC,Pre-bloom,2005-03,Pre-bloom,2005-03-08,1,Transect_812301071_2005-03-08_5.1,812301071 1
812301072,Encounter,Encounter Marine Park,GSV3,Carrickalinga Head,-35.398,138.33591,5.2,2005-03-08,1,ATRC,Pre-bloom,2005-03,Pre-bloom,2005-03-08,1,Transect_812301072_2005-03-08_5.2,812301072 1
812301073,Encounter,Encounter Marine Park,GSV3,Carrickalinga Head,-35.398,138.33591,5.3,2005-03-08,1,ATRC,Pre-bloom,2005-03,Pre-bloom,2005-03-08,1,Transect_812301073_2005-03-08_5.3,812301073 1
812301101,Encounter,Encounter Marine Park,GSV4,Rapid Head,-35.52045,138.16443,5.1,2005-03-09,1,ATRC,Pre-bloom,2005-03,Pre-bloom,2005-03-08,1,Transect_812301101_2005-03-09_5.1,812301101 1
812301103,Encounter,Encounter Marine Park,GSV4,Rapid Head,-35.52045,138.16443,5.3,2005-03-09,1,ATRC,Pre-bloom,2005-03,Pre-bloom,2005-03-08,1,Transect_812301103_2005-03-09_5.3,812301103 1
812301104,Encounter,Encounter Marine Park,GSV4,Rapid Head,-35.52045,138.16443,5.4,2005-03-09,1,ATRC,Pre-bloom,2005-03,Pre-bloom,2005-03-08,1,Transect_812301104_2005-03-09_5.4,812301104 1
812301111,Encounter,Encounter Marine Park,GSV4,Rapid Head,-35.52045,138.16443,5.1,2006-02-28,2,ATRC,Pre-bloom,2006-02,Pre-bloom,2006-02-23,1,Transect_812301111_2006-02-28_5.1,812301111 1
812301112,Encounter,Encounter Marine Park,GSV4,Rapid Head,-35.52045,138.16443,5.2,2006-02-28,2,ATRC,Pre-bloom,2006-02,Pre-bloom,2006-02-23,1,Transect_812301112_2006-02-28_5.2,812301112 1
812301121,Encounter,Encounter Marine Park,GSV4,Rapid Head,-35.52045,138.16443,5.1,2007-02-21,3,ATRC,Pre-bloom,2007-02,Pre-bloom,2007-02-19,1,Transect_812301121_2007-02-21_5.1,812301121 1
812301122,Encounter,Encounter Marine Park,GSV4,Rapid Head,-35.52045,138.16443,5.2,2007-02-21,3,ATRC,Pre-bloom,2007-02,Pre-bloom,2007-02-19,1,Transect_812301122_2007-02-21_5.2,812301122 1
812301123,Encounter,Encounter Marine Park,GSV4,Rapid Head,-35.52045,138.16443,5.3,2007-02-21,3,ATRC,Pre-bloom,2007-02,Pre-bloom,2007-02-19,1,Transect_812301123_2007-02-21_5.3,812301123 1
812301132,Encounter,Encounter Marine Park,GSV5,Rapid Head South,-35.53145,138.1519,5.2,2005-03-09,1,ATRC,Pre-bloom,2005-03,Pre-bloom,2005-03-08,1,Transect_812301132_2005-03-09_5.2,812301132 1
812301133,Encounter,Encounter Marine Park,GSV5,Rapid Head South,-35.53145,138.1519,5.3,2005-03-09,1,ATRC,Pre-bloom,2005-03,Pre-bloom,2005-03-08,1,Transect_812301133_2005-03-09_5.3,812301133 1
812301134,Encounter,Encounter Marine Park,GSV5,Rapid Head South,-35.53145,138.1519,5.4,2005-03-09,1,ATRC,Pre-bloom,2005-03,Pre-bloom,2005-03-08,1,Transect_812301134_2005-03-09_5.4,812301134 1
812301171,Encounter,Encounter Marine Park,GSV7,Myponga South,-35.3882,138.3492,5.1,2005-03-11,1,ATRC,Pre-bloom,2005-03,Pre-bloom,2005-03-08,1,Transect_812301171_2005-03-11_5.1,812301171 1
812301172,Encounter,Encounter Marine Park,GSV7,Myponga South,-35.3882,138.3492,5.2,2005-03-11,1,ATRC,Pre-bloom,2005-03,Pre-bloom,2005-03-08,1,Transect_812301172_2005-03-11_5.2,812301172 1
812301181,Encounter,Encounter Marine Park,GSV7,Myponga South,-35.3882,138.3492,5.1,2006-03-20,2,ATRC,Pre-bloom,2006-02,Pre-bloom,2006-02-23,1,Transect_812301181_2006-03-20_5.1,812301181 1
812301183,Encounter,Encounter Marine Park,GSV7,Myponga South,-35.3882,138.3492,5.3,2006-03-20,2,ATRC,Pre-bloom,2006-02,Pre-bloom,2006-02-23,1,Transect_812301183_2006-03-20_5.3,812301183 1
812301241,Encounter,Encounter Marine Park,GSV9,Dodd's Beach,-35.40416,138.33043,5.1,2006-02-27,2,ATRC,Pre-bloom,2006-02,Pre-bloom,2006-02-23,1,Transect_812301241_2006-02-27_5.1,812301241 1
812301242,Encounter,Encounter Marine Park,GSV9,Dodd's Beach,-35.40416,138.33043,5.2,2006-02-27,2,ATRC,Pre-bloom,2006-02,Pre-bloom,2006-02-23,1,Transect_812301242_2006-02-27_5.2,812301242 1
812301243,Encounter,Encounter Marine Park,GSV9,Dodd's Beach,-35.40416,138.33043,5.3,2006-02-27,2,ATRC,Pre-bloom,2006-02,Pre-bloom,2006-02-23,1,Transect_812301243_2006-02-27_5.3,812301243 1
812301244,Encounter,Encounter Marine Park,GSV9,Dodd's Beach,-35.40416,138.33043,5.4,2006-02-27,2,ATRC,Pre-bloom,2006-02,Pre-bloom,2006-02-23,1,Transect_812301244_2006-02-27_5.4,812301244 1
812301252,Encounter,Encounter Marine Park,GSV9,Dodd's Beach,-35.40416,138.33043,5.2,2007-02-25,3,ATRC,Pre-bloom,2007-02,Pre-bloom,2007-02-19,1,Transect_812301252_2007-02-25_5.2,812301252 1
812301253,Encounter,Encounter Marine Park,GSV9,Dodd's Beach,-35.40416,138.33043,5.3,2007-02-25,3,ATRC,Pre-bloom,2007-02,Pre-bloom,2007-02-19,1,Transect_812301253_2007-02-25_5.3,812301253 1
812301254,Encounter,Encounter Marine Park,GSV9,Dodd's Beach,-35.40416,138.33043,5.4,2007-02-25,3,ATRC,Pre-bloom,2007-02,Pre-bloom,2007-02-19,1,Transect_812301254_2007-02-25_5.4,812301254 1
812301301,Encounter,Encounter Marine Park,GSV11,Outside Granite island,-35.56754,138.63158,5.1,2005-03-12,1,ATRC,Pre-bloom,2005-03,Pre-bloom,2005-03-08,1,Transect_812301301_2005-03-12_5.1,812301301 1
812301302,Encounter,Encounter Marine Park,GSV11,Outside Granite island,-35.56754,138.63158,5.2,2005-03-12,1,ATRC,Pre-bloom,2005-03,Pre-bloom,2005-03-08,1,Transect_812301302_2005-03-12_5.2,812301302 1
812301303,Encounter,Encounter Marine Park,GSV11,Outside Granite island,-35.56754,138.63158,5.3,2005-03-12,1,ATRC,Pre-bloom,2005-03,Pre-bloom,2005-03-08,1,Transect_812301303_2005-03-12_5.3,812301303 1
812301304,Encounter,Encounter Marine Park,GSV11,Outside Granite island,-35.56754,138.63158,5.4,2005-03-12,1,ATRC,Pre-bloom,2005-03,Pre-bloom,2005-03-08,1,Transect_812301304_2005-03-12_5.4,812301304 1
812301311,Encounter,Encounter Marine Park,GSV11,Outside Granite island,-35.56754,138.63158,5.1,2006-02-24,2,ATRC,Pre-bloom,2006-02,Pre-bloom,2006-02-23,1,Transect_812301311_2006-02-24_5.1,812301311 1
812301312,Encounter,Encounter Marine Park,GSV11,Outside Granite island,-35.56754,138.63158,5.2,2006-02-24,2,ATRC,Pre-bloom,2006-02,Pre-bloom,2006-02-23,1,Transect_812301312_2006-02-24_5.2,812301312 1
812301313,Encounter,Encounter Marine Park,GSV11,Outside Granite island,-35.56754,138.63158,5.3,2006-02-24,2,ATRC,Pre-bloom,2006-02,Pre-bloom,2006-02-23,1,Transect_812301313_2006-02-24_5.3,812301313 1
812301314,Encounter,Encounter Marine Park,GSV11,Outside Granite island,-35.56754,138.63158,5.4,2006-02-24,2,ATRC,Pre-bloom,2006-02,Pre-bloom,2006-02-23,1,Transect_812301314_2006-02-24_5.4,812301314 1
812301321,Encounter,Encounter Marine Park,GSV11,Outside Granite island,-35.56754,138.63158,5.1,2007-04-10,3,ATRC,Pre-bloom,2007-02,Pre-bloom,2007-02-19,1,Transect_812301321_2007-04-10_5.1,812301321 1
812301322,Encounter,Encounter Marine Park,GSV11,Outside Granite island,-35.56754,138.63158,5.2,2007-04-10,3,ATRC,Pre-bloom,2007-02,Pre-bloom,2007-02-19,1,Transect_812301322_2007-04-10_5.2,812301322 1
812301323,Encounter,Encounter Marine Park,GSV11,Outside Granite island,-35.56754,138.63158,5.3,2007-04-10,3,ATRC,Pre-bloom,2007-02,Pre-bloom,2007-02-19,1,Transect_812301323_2007-04-10_5.3,812301323 1
812301324,Encounter,Encounter Marine Park,GSV11,Outside Granite island,-35.56754,138.63158,5.4,2007-04-10,3,ATRC,Pre-bloom,2007-02,Pre-bloom,2007-02-19,1,Transect_812301324_2007-04-10_5.4,812301324 1
812301331,Encounter,Encounter Marine Park,GSV11,Outside Granite island,-35.56754,138.63158,5.1,2007-09-24,4,ATRC,Pre-bloom,2007-09,Pre-bloom,2007-09-24,1,Transect_812301331_2007-09-24_5.1,812301331 1
812301332,Encounter,Encounter Marine Park,GSV11,Outside Granite island,-35.56754,138.63158,5.2,2007-09-24,4,ATRC,Pre-bloom,2007-09,Pre-bloom,2007-09-24,1,Transect_812301332_2007-09-24_5.2,812301332 1
812301333,Encounter,Encounter Marine Park,GSV11,Outside Granite island,-35.56754,138.63158,5.3,2007-09-24,4,ATRC,Pre-bloom,2007-09,Pre-bloom,2007-09-24,1,Transect_812301333_2007-09-24_5.3,812301333 1
812301334,Encounter,Encounter Marine Park,GSV11,Outside Granite island,-35.56754,138.63158,5.4,2007-09-24,4,ATRC,Pre-bloom,2007-09,Pre-bloom,2007-09-24,1,Transect_812301334_2007-09-24_5.4,812301334 1
812301382,Encounter,Encounter Marine Park,GSV14,Newland Head,-35.64094,138.52662,5.2,2005-03-13,1,ATRC,Pre-bloom,2005-03,Pre-bloom,2005-03-08,1,Transect_812301382_2005-03-13_5.2,812301382 1
812301383,Encounter,Encounter Marine Park,GSV14,Newland Head,-35.64094,138.52662,5.3,2005-03-13,1,ATRC,Pre-bloom,2005-03,Pre-bloom,2005-03-08,1,Transect_812301383_2005-03-13_5.3,812301383 1
812301384,Encounter,Encounter Marine Park,GSV14,Newland Head,-35.64094,138.52662,5.4,2005-03-13,1,ATRC,Pre-bloom,2005-03,Pre-bloom,2005-03-08,1,Transect_812301384_2005-03-13_5.4,812301384 1
812301391,Encounter,Encounter Marine Park,GSV14,Newland Head,-35.64094,138.52662,5.1,2007-11-09,5,ATRC,Pre-bloom,2007-11,Pre-bloom,2007-11-09,1,Transect_812301391_2007-11-09_5.1,812301391 1
812301392,Encounter,Encounter Marine Park,GSV14,Newland Head,-35.64094,138.52662,5.2,2007-11-09,5,ATRC,Pre-bloom,2007-11,Pre-bloom,2007-11-09,1,Transect_812301392_2007-11-09_5.2,812301392 1
812301393,Encounter,Encounter Marine Park,GSV14,Newland Head,-35.64094,138.52662,5.3,2007-11-09,5,ATRC,Pre-bloom,2007-11,Pre-bloom,2007-11-09,1,Transect_812301393_2007-11-09_5.3,812301393 1
812301394,Encounter,Encounter Marine Park,GSV14,Newland Head,-35.64094,138.52662,5.4,2007-11-09,5,ATRC,Pre-bloom,2007-11,Pre-bloom,2007-11-09,1,Transect_812301394_2007-11-09_5.4,812301394 1
812301401,Encounter,Encounter Marine Park,GSV15,Flat Irons,-35.61781,138.55721,6.1,2005-03-13,1,ATRC,Pre-bloom,2005-03,Pre-bloom,2005-03-08,1,Transect_812301401_2005-03-13_6.1,812301401 1
812301403,Encounter,Encounter Marine Park,GSV15,Flat Irons,-35.61781,138.55721,6.3,2005-03-13,1,ATRC,Pre-bloom,2005-03,Pre-bloom,2005-03-08,1,Transect_812301403_2005-03-13_6.3,812301403 1
812301404,Encounter,Encounter Marine Park,GSV15,Flat Irons,-35.61781,138.55721,6.4,2005-03-13,1,ATRC,Pre-bloom,2005-03,Pre-bloom,2005-03-08,1,Transect_812301404_2005-03-13_6.4,812301404 1
812301411,Encounter,Encounter Marine Park,GSV15,Flat Irons,-35.61781,138.55721,6.1,2007-04-10,3,ATRC,Pre-bloom,2007-02,Pre-bloom,2007-02-19,1,Transect_812301411_2007-04-10_6.1,812301411 1
812301412,Encounter,Encounter Marine Park,GSV15,Flat Irons,-35.61781,138.55721,6.2,2007-04-10,3,ATRC,Pre-bloom,2007-02,Pre-bloom,2007-02-19,1,Transect_812301412_2007-04-10_6.2,812301412 1
812301413,Encounter,Encounter Marine Park,GSV15,Flat Irons,-35.61781,138.55721,6.3,2007-04-10,3,ATRC,Pre-bloom,2007-02,Pre-bloom,2007-02-19,1,Transect_812301413_2007-04-10_6.3,812301413 1
812301414,Encounter,Encounter Marine Park,GSV15,Flat Irons,-35.61781,138.55721,6.4,2007-04-10,3,ATRC,Pre-bloom,2007-02,Pre-bloom,2007-02-19,1,Transect_812301414_2007-04-10_6.4,812301414 1
812301421,Encounter,Encounter Marine Park,GSV15,Flat Irons,-35.61781,138.55721,6.1,2007-11-09,5,ATRC,Pre-bloom,2007-11,Pre-bloom,2007-11-09,1,Transect_812301421_2007-11-09_6.1,812301421 1
812301422,Encounter,Encounter Marine Park,GSV15,Flat Irons,-35.61781,138.55721,6.2,2007-11-09,5,ATRC,Pre-bloom,2007-11,Pre-bloom,2007-11-09,1,Transect_812301422_2007-11-09_6.2,812301422 1
812301423,Encounter,Encounter Marine Park,GSV15,Flat Irons,-35.61781,138.55721,6.3,2007-11-09,5,ATRC,Pre-bloom,2007-11,Pre-bloom,2007-11-09,1,Transect_812301423_2007-11-09_6.3,812301423 1
812301424,Encounter,Encounter Marine Park,GSV15,Flat Irons,-35.61781,138.55721,6.4,2007-11-09,5,ATRC,Pre-bloom,2007-11,Pre-bloom,2007-11-09,1,Transect_812301424_2007-11-09_6.4,812301424 1
812301451,Encounter,Encounter Marine Park,GSV17,The Bluff,-35.58887,138.60553000000002,5.1,2005-03-13,1,ATRC,Pre-bloom,2005-03,Pre-bloom,2005-03-08,1,Transect_812301451_2005-03-13_5.1,812301451 1
812301452,Encounter,Encounter Marine Park,GSV17,The Bluff,-35.58887,138.60553000000002,5.2,2005-03-13,1,ATRC,Pre-bloom,2005-03,Pre-bloom,2005-03-08,1,Transect_812301452_2005-03-13_5.2,812301452 1
812301462,Encounter,Encounter Marine Park,GSV17,The Bluff,-35.58887,138.60553000000002,5.2,2006-03-24,2,ATRC,Pre-bloom,2006-02,Pre-bloom,2006-02-23,1,Transect_812301462_2006-03-24_5.2,812301462 1
812301463,Encounter,Encounter Marine Park,GSV17,The Bluff,-35.58887,138.60553000000002,5.3,2006-03-24,2,ATRC,Pre-bloom,2006-02,Pre-bloom,2006-02-23,1,Transect_812301463_2006-03-24_5.3,812301463 1
812301473,Encounter,Encounter Marine Park,GSV17,The Bluff,-35.58887,138.60553000000002,5.3,2007-02-20,3,ATRC,Pre-bloom,2007-02,Pre-bloom,2007-02-19,1,Transect_812301473_2007-02-20_5.3,812301473 1
812301474,Encounter,Encounter Marine Park,GSV17,The Bluff,-35.58887,138.60553000000002,5.4,2007-02-20,3,ATRC,Pre-bloom,2007-02,Pre-bloom,2007-02-19,1,Transect_812301474_2007-02-20_5.4,812301474 1
812301481,Encounter,Encounter Marine Park,GSV17,The Bluff,-35.58887,138.60553000000002,5.1,2007-11-14,5,ATRC,Pre-bloom,2007-11,Pre-bloom,2007-11-09,1,Transect_812301481_2007-11-14_5.1,812301481 1
812301483,Encounter,Encounter Marine Park,GSV17,The Bluff,-35.58887,138.60553000000002,5.3,2007-11-14,5,ATRC,Pre-bloom,2007-11,Pre-bloom,2007-11-09,1,Transect_812301483_2007-11-14_5.3,812301483 1
812301491,Encounter,Encounter Marine Park,GSV18,Morgans,-35.58845,138.10838,5.1,2005-03-14,1,ATRC,Pre-bloom,2005-03,Pre-bloom,2005-03-08,1,Transect_812301491_2005-03-14_5.1,812301491 1
812301492,Encounter,Encounter Marine Park,GSV18,Morgans,-35.58845,138.10838,5.2,2005-03-14,1,ATRC,Pre-bloom,2005-03,Pre-bloom,2005-03-08,1,Transect_812301492_2005-03-14_5.2,812301492 1
812301493,Encounter,Encounter Marine Park,GSV18,Morgans,-35.58845,138.10838,5.3,2005-03-14,1,ATRC,Pre-bloom,2005-03,Pre-bloom,2005-03-08,1,Transect_812301493_2005-03-14_5.3,812301493 1
812301494,Encounter,Encounter Marine Park,GSV18,Morgans,-35.58845,138.10838,5.4,2005-03-14,1,ATRC,Pre-bloom,2005-03,Pre-bloom,2005-03-08,1,Transect_812301494_2005-03-14_5.4,812301494 1
812301502,Encounter,Encounter Marine Park,GSV18,Morgans,-35.58845,138.10838,5.2,2006-03-10,2,ATRC,Pre-bloom,2006-02,Pre-bloom,2006-02-23,1,Transect_812301502_2006-03-10_5.2,812301502 1
812301513,Encounter,Encounter Marine Park,GSV18,Morgans,-35.58845,138.10838,5.3,2007-02-24,3,ATRC,Pre-bloom,2007-02,Pre-bloom,2007-02-19,1,Transect_812301513_2007-02-24_5.3,812301513 1
812301514,Encounter,Encounter Marine Park,GSV18,Morgans,-35.58845,138.10838,5.4,2007-02-24,3,ATRC,Pre-bloom,2007-02,Pre-bloom,2007-02-19,1,Transect_812301514_2007-02-24_5.4,812301514 1
812301622,Encounter,Encounter Marine Park,GSV21,Cable Hut,-35.73268,138.0191,5.2,2005-03-15,1,ATRC,Pre-bloom,2005-03,Pre-bloom,2005-03-08,1,Transect_812301622_2005-03-15_5.2,812301622 1
812301623,Encounter,Encounter Marine Park,GSV21,Cable Hut,-35.73268,138.0191,5.3,2005-03-15,1,ATRC,Pre-bloom,2005-03,Pre-bloom,2005-03-08,1,Transect_812301623_2005-03-15_5.3,812301623 1
812301624,Encounter,Encounter Marine Park,GSV21,Cable Hut,-35.73268,138.0191,5.4,2005-03-15,1,ATRC,Pre-bloom,2005-03,Pre-bloom,2005-03-08,1,Transect_812301624_2005-03-15_5.4,812301624 1
812301632,Encounter,Encounter Marine Park,GSV21,Cable Hut,-35.73268,138.0191,5.2,2006-03-07,2,ATRC,Pre-bloom,2006-02,Pre-bloom,2006-02-23,1,Transect_812301632_2006-03-07_5.2,812301632 1
812301672,Encounter,Encounter Marine Park,GSV21,Cable Hut,-35.73268,138.0191,10.2,2007-02-27,3,ATRC,Pre-bloom,2007-02,Pre-bloom,2007-02-19,1,Transect_812301672_2007-02-27_10.2,812301672 1
812301753,Encounter,Encounter Marine Park,GSV24,Ripple Rock,-35.3841,138.35586999999998,5.3,2005-03-17,1,ATRC,Pre-bloom,2005-03,Pre-bloom,2005-03-08,1,Transect_812301753_2005-03-17_5.3,812301753 1
812301754,Encounter,Encounter Marine Park,GSV24,Ripple Rock,-35.3841,138.35586999999998,5.4,2005-03-17,1,ATRC,Pre-bloom,2005-03,Pre-bloom,2005-03-08,1,Transect_812301754_2005-03-17_5.4,812301754 1
812301822,Encounter,Encounter Marine Park,GSV26,2nd Valley Boat Shed,-35.50945,138.21448999999998,5.2,2006-02-28,2,ATRC,Pre-bloom,2006-02,Pre-bloom,2006-02-23,1,Transect_812301822_2006-02-28_5.2,812301822 1
812301831,Encounter,Encounter Marine Park,GSV26,2nd Valley Boat Shed,-35.50945,138.21448999999998,5.1,2007-02-19,3,ATRC,Pre-bloom,2007-02,Pre-bloom,2007-02-19,1,Transect_812301831_2007-02-19_5.1,812301831 1
812301833,Encounter,Encounter Marine Park,GSV26,2nd Valley Boat Shed,-35.50945,138.21448999999998,5.3,2007-02-19,3,ATRC,Pre-bloom,2007-02,Pre-bloom,2007-02-19,1,Transect_812301833_2007-02-19_5.3,812301833 1
812301921,Encounter,Encounter Marine Park,GSV30,Porpoise Head,-35.66193,138.21451000000002,5.1,2007-02-23,3,ATRC,Pre-bloom,2007-02,Pre-bloom,2007-02-19,1,Transect_812301921_2007-02-23_5.1,812301921 1
812301922,Encounter,Encounter Marine Park,GSV30,Porpoise Head,-35.66193,138.21451000000002,5.2,2007-02-23,3,ATRC,Pre-bloom,2007-02,Pre-bloom,2007-02-19,1,Transect_812301922_2007-02-23_5.2,812301922 1
812301923,Encounter,Encounter Marine Park,GSV30,Porpoise Head,-35.66193,138.21451000000002,5.3,2007-02-23,3,ATRC,Pre-bloom,2007-02,Pre-bloom,2007-02-19,1,Transect_812301923_2007-02-23_5.3,812301923 1
812301924,Encounter,Encounter Marine Park,GSV30,Porpoise Head,-35.66193,138.21451000000002,5.4,2007-02-23,3,ATRC,Pre-bloom,2007-02,Pre-bloom,2007-02-19,1,Transect_812301924_2007-02-23_5.4,812301924 1
812301964,Encounter,Encounter Marine Park,GSV34,Nev's Windmills,-35.5526,138.12984,5.4,2007-02-24,3,ATRC,Pre-bloom,2007-02,Pre-bloom,2007-02-19,1,Transect_812301964_2007-02-24_5.4,812301964 1
812302011,Encounter,Encounter Marine Park,GSV39,Fishery Beach,-35.63411,138.11183,5.1,2007-03-22,3,ATRC,Pre-bloom,2007-02,Pre-bloom,2007-02-19,1,Transect_812302011_2007-03-22_5.1,812302011 1
812302012,Encounter,Encounter Marine Park,GSV39,Fishery Beach,-35.63411,138.11183,5.2,2007-03-22,3,ATRC,Pre-bloom,2007-02,Pre-bloom,2007-02-19,1,Transect_812302012_2007-03-22_5.2,812302012 1
812302013,Encounter,Encounter Marine Park,GSV39,Fishery Beach,-35.63411,138.11183,5.3,2007-03-22,3,ATRC,Pre-bloom,2007-02,Pre-bloom,2007-02-19,1,Transect_812302013_2007-03-22_5.3,812302013 1
812302021,Encounter,Encounter Marine Park,GSV40,Whalebone Reef,-35.5714,138.61166,5.1,2007-09-24,4,ATRC,Pre-bloom,2007-09,Pre-bloom,2007-09-24,1,Transect_812302021_2007-09-24_5.1,812302021 1
812302022,Encounter,Encounter Marine Park,GSV40,Whalebone Reef,-35.5714,138.61166,5.2,2007-09-24,4,ATRC,Pre-bloom,2007-09,Pre-bloom,2007-09-24,1,Transect_812302022_2007-09-24_5.2,812302022 1
812302023,Encounter,Encounter Marine Park,GSV40,Whalebone Reef,-35.5714,138.61166,5.3,2007-09-24,4,ATRC,Pre-bloom,2007-09,Pre-bloom,2007-09-24,1,Transect_812302023_2007-09-24_5.3,812302023 1
812302024,Encounter,Encounter Marine Park,GSV40,Whalebone Reef,-35.5714,138.61166,5.4,2007-09-24,4,ATRC,Pre-bloom,2007-09,Pre-bloom,2007-09-24,1,Transect_812302024_2007-09-24_5.4,812302024 1
812319682,Yorke Peninsula,Southern Spencer Gulf MP,SSG62,Corny Point Outside,-34.8951,137.00183,5.2,2004-02-11,1,ATRC,Pre-bloom,2004-02,Pre-bloom,2004-02-10,1,Transect_812319682_2004-02-11_5.2,812319682 1
812319683,Yorke Peninsula,Southern Spencer Gulf MP,SSG62,Corny Point Outside,-34.8951,137.00183,5.3,2004-02-11,1,ATRC,Pre-bloom,2004-02,Pre-bloom,2004-02-10,1,Transect_812319683_2004-02-11_5.3,812319683 1
812319684,Yorke Peninsula,Southern Spencer Gulf MP,SSG62,Corny Point Outside,-34.8951,137.00183,5.4,2004-02-11,1,ATRC,Pre-bloom,2004-02,Pre-bloom,2004-02-10,1,Transect_812319684_2004-02-11_5.4,812319684 1
812319692,Yorke Peninsula,Southern Spencer Gulf MP,SSG62,Corny Point Outside,-34.8951,137.00183,10.2,2004-02-10,1,ATRC,Pre-bloom,2004-02,Pre-bloom,2004-02-10,1,Transect_812319692_2004-02-10_10.2,812319692 1
812319693,Yorke Peninsula,Southern Spencer Gulf MP,SSG62,Corny Point Outside,-34.8951,137.00183,10.3,2004-02-10,1,ATRC,Pre-bloom,2004-02,Pre-bloom,2004-02-10,1,Transect_812319693_2004-02-10_10.3,812319693 1
812319694,Yorke Peninsula,Southern Spencer Gulf MP,SSG62,Corny Point Outside,-34.8951,137.00183,10.4,2004-02-10,1,ATRC,Pre-bloom,2004-02,Pre-bloom,2004-02-10,1,Transect_812319694_2004-02-10_10.4,812319694 1
812319721,Yorke Peninsula,Lower Yorke Peninsula MP,GSV190,Troubridge Lighthouse,-35.16912,137.63817,6.1,2006-04-27,3,ATRC,Pre-bloom,2006-04,Pre-bloom,2006-04-05,1,Transect_812319721_2006-04-27_6.1,812319721 1
812319723,Yorke Peninsula,Lower Yorke Peninsula MP,GSV190,Troubridge Lighthouse,-35.16912,137.63817,6.3,2006-04-27,3,ATRC,Pre-bloom,2006-04,Pre-bloom,2006-04-05,1,Transect_812319723_2006-04-27_6.3,812319723 1
812319724,Yorke Peninsula,Lower Yorke Peninsula MP,GSV190,Troubridge Lighthouse,-35.16912,137.63817,6.4,2006-04-27,3,ATRC,Pre-bloom,2006-04,Pre-bloom,2006-04-05,1,Transect_812319724_2006-04-27_6.4,812319724 1
812319732,Yorke Peninsula,Lower Yorke Peninsula MP,GSV189,Troubridge Point,-35.16955,137.67406,6.2,2005-04-12,2,ATRC,Pre-bloom,2005-04,Pre-bloom,2005-04-11,1,Transect_812319732_2005-04-12_6.2,812319732 1
812319733,Yorke Peninsula,Lower Yorke Peninsula MP,GSV189,Troubridge Point,-35.16955,137.67406,6.3,2005-04-12,2,ATRC,Pre-bloom,2005-04,Pre-bloom,2005-04-11,1,Transect_812319733_2005-04-12_6.3,812319733 1
812319744,Yorke Peninsula,Lower Yorke Peninsula MP,GSV189,Troubridge Point,-35.16955,137.67406,6.4,2006-04-27,3,ATRC,Pre-bloom,2006-04,Pre-bloom,2006-04-05,1,Transect_812319744_2006-04-27_6.4,812319744 1
812319831,Yorke Peninsula,NA,GSV194,Port Julia,-34.6629,137.88554,2.1,2006-04-20,3,ATRC,Pre-bloom,2006-04,Pre-bloom,2006-04-05,1,Transect_812319831_2006-04-20_2.1,812319831 1
812319931,Yorke Peninsula,Lower Yorke Peninsula MP,GSV191,Edithburgh,-35.08315,137.74876,2.1,2005-04-11,2,ATRC,Pre-bloom,2005-04,Pre-bloom,2005-04-11,1,Transect_812319931_2005-04-11_2.1,812319931 1
812319933,Yorke Peninsula,Lower Yorke Peninsula MP,GSV191,Edithburgh,-35.08315,137.74876,2.3,2005-04-11,2,ATRC,Pre-bloom,2005-04,Pre-bloom,2005-04-11,1,Transect_812319933_2005-04-11_2.3,812319933 1
812319934,Yorke Peninsula,Lower Yorke Peninsula MP,GSV191,Edithburgh,-35.08315,137.74876,2.4,2005-04-11,2,ATRC,Pre-bloom,2005-04,Pre-bloom,2005-04-11,1,Transect_812319934_2005-04-11_2.4,812319934 1
812319941,Yorke Peninsula,Lower Yorke Peninsula MP,GSV191,Edithburgh,-35.08315,137.74876,2.1,2006-04-05,3,ATRC,Pre-bloom,2006-04,Pre-bloom,2006-04-05,1,Transect_812319941_2006-04-05_2.1,812319941 1
812319942,Yorke Peninsula,Lower Yorke Peninsula MP,GSV191,Edithburgh,-35.08315,137.74876,2.2,2006-04-05,3,ATRC,Pre-bloom,2006-04,Pre-bloom,2006-04-05,1,Transect_812319942_2006-04-05_2.2,812319942 1
812319944,Yorke Peninsula,Lower Yorke Peninsula MP,GSV191,Edithburgh,-35.08315,137.74876,2.4,2006-04-05,3,ATRC,Pre-bloom,2006-04,Pre-bloom,2006-04-05,1,Transect_812319944_2006-04-05_2.4,812319944 1
812320451,Yorke Peninsula,Lower Yorke Peninsula MP,GSV191,Edithburgh,-35.08315,137.74876,2.1,2005-04-12,2,ATRC,Pre-bloom,2005-04,Pre-bloom,2005-04-11,1,Transect_812320451_2005-04-12_2.1,812320451 1
812320452,Yorke Peninsula,Lower Yorke Peninsula MP,GSV191,Edithburgh,-35.08315,137.74876,2.2,2005-04-12,2,ATRC,Pre-bloom,2005-04,Pre-bloom,2005-04-11,1,Transect_812320452_2005-04-12_2.2,812320452 1
812324301,Encounter,Encounter Marine Park,GSV34,Nev's Windmills,-35.5526,138.12984,5.1,2012-01-31,8,ATRC,Pre-bloom,2012-01,Pre-bloom,2012-01-31,1,Transect_812324301_2012-01-31_5.1,812324301 1
812324302,Encounter,Encounter Marine Park,GSV34,Nev's Windmills,-35.5526,138.12984,5.2,2012-01-31,8,ATRC,Pre-bloom,2012-01,Pre-bloom,2012-01-31,1,Transect_812324302_2012-01-31_5.2,812324302 1
812324303,Encounter,Encounter Marine Park,GSV34,Nev's Windmills,-35.5526,138.12984,5.3,2012-01-31,8,ATRC,Pre-bloom,2012-01,Pre-bloom,2012-01-31,1,Transect_812324303_2012-01-31_5.3,812324303 1
812324304,Encounter,Encounter Marine Park,GSV34,Nev's Windmills,-35.5526,138.12984,5.4,2012-01-31,8,ATRC,Pre-bloom,2012-01,Pre-bloom,2012-01-31,1,Transect_812324304_2012-01-31_5.4,812324304 1
812324361,Encounter,Encounter Marine Park,GSV3,Carrickalinga Head,-35.398,138.33591,5.1,2012-02-06,8,ATRC,Pre-bloom,2012-01,Pre-bloom,2012-01-31,1,Transect_812324361_2012-02-06_5.1,812324361 1
812324362,Encounter,Encounter Marine Park,GSV3,Carrickalinga Head,-35.398,138.33591,5.2,2012-02-06,8,ATRC,Pre-bloom,2012-01,Pre-bloom,2012-01-31,1,Transect_812324362_2012-02-06_5.2,812324362 1
812324363,Encounter,Encounter Marine Park,GSV3,Carrickalinga Head,-35.398,138.33591,5.3,2012-02-06,8,ATRC,Pre-bloom,2012-01,Pre-bloom,2012-01-31,1,Transect_812324363_2012-02-06_5.3,812324363 1
812324364,Encounter,Encounter Marine Park,GSV3,Carrickalinga Head,-35.398,138.33591,5.4,2012-02-06,8,ATRC,Pre-bloom,2012-01,Pre-bloom,2012-01-31,1,Transect_812324364_2012-02-06_5.4,812324364 1
812324371,Encounter,Encounter Marine Park,GSV15,Flat Irons,-35.61781,138.55721,6.1,2012-02-08,8,ATRC,Pre-bloom,2012-01,Pre-bloom,2012-01-31,1,Transect_812324371_2012-02-08_6.1,812324371 1
812324391,Encounter,Encounter Marine Park,GSV40,Whalebone Reef,-35.5714,138.61166,5.1,2012-02-08,8,ATRC,Pre-bloom,2012-01,Pre-bloom,2012-01-31,1,Transect_812324391_2012-02-08_5.1,812324391 1
812324392,Encounter,Encounter Marine Park,GSV40,Whalebone Reef,-35.5714,138.61166,5.2,2012-02-08,8,ATRC,Pre-bloom,2012-01,Pre-bloom,2012-01-31,1,Transect_812324392_2012-02-08_5.2,812324392 1
812324394,Encounter,Encounter Marine Park,GSV40,Whalebone Reef,-35.5714,138.61166,5.4,2012-02-08,8,ATRC,Pre-bloom,2012-01,Pre-bloom,2012-01-31,1,Transect_812324394_2012-02-08_5.4,812324394 1
812325211,Encounter,Encounter Marine Park,GSV45,Carrickalinga North Site,-35.3777,138.36288000000002,5.1,2013-02-28,10,ATRC,Pre-bloom,2013-02,Pre-bloom,2013-02-24,1,Transect_812325211_2013-02-28_5.1,812325211 1
812325243,Encounter,Encounter Marine Park,GSV42,Rapid Head SZ Site2,-35.52262,138.16308999999998,5.3,2013-02-24,10,ATRC,Pre-bloom,2013-02,Pre-bloom,2013-02-24,1,Transect_812325243_2013-02-24_5.3,812325243 1
812325244,Encounter,Encounter Marine Park,GSV42,Rapid Head SZ Site2,-35.52262,138.16308999999998,5.4,2013-02-24,10,ATRC,Pre-bloom,2013-02,Pre-bloom,2013-02-24,1,Transect_812325244_2013-02-24_5.4,812325244 1
812325263,Encounter,Encounter Marine Park,GSV41,Rapid Head East,-35.519459999999995,138.17719,5.3,2013-02-26,10,ATRC,Pre-bloom,2013-02,Pre-bloom,2013-02-24,1,Transect_812325263_2013-02-26_5.3,812325263 1
812325264,Encounter,Encounter Marine Park,GSV41,Rapid Head East,-35.519459999999995,138.17719,5.4,2013-02-26,10,ATRC,Pre-bloom,2013-02,Pre-bloom,2013-02-24,1,Transect_812325264_2013-02-26_5.4,812325264 1
812327101,Encounter,Encounter Marine Park,GSV42,Rapid Head SZ Site2,-35.52262,138.16308999999998,5.1,2016-03-10,14,ATRC,Pre-bloom,2016-02,Pre-bloom,2016-02-09,1,Transect_812327101_2016-03-10_5.1,812327101 1
812327102,Encounter,Encounter Marine Park,GSV42,Rapid Head SZ Site2,-35.52262,138.16308999999998,5.2,2016-03-10,14,ATRC,Pre-bloom,2016-02,Pre-bloom,2016-02-09,1,Transect_812327102_2016-03-10_5.2,812327102 1
812327123,Encounter,Encounter Marine Park,GSV4,Rapid Head,-35.52045,138.16443,5.3,2016-03-10,14,ATRC,Pre-bloom,2016-02,Pre-bloom,2016-02-09,1,Transect_812327123_2016-03-10_5.3,812327123 1
812327124,Encounter,Encounter Marine Park,GSV4,Rapid Head,-35.52045,138.16443,5.4,2016-03-10,14,ATRC,Pre-bloom,2016-02,Pre-bloom,2016-02-09,2,Transect_812327124_2016-03-10_5.4,812327124 2
812327144,Encounter,Encounter Marine Park,GSV26,2nd Valley Boat Shed,-35.50945,138.21448999999998,5.4,2016-03-10,14,ATRC,Pre-bloom,2016-02,Pre-bloom,2016-02-09,1,Transect_812327144_2016-03-10_5.4,812327144 1
812327161,Encounter,Encounter Marine Park,GSV182,Aldinga SZ3,-35.280359999999995,138.43153999999998,5.1,2016-03-11,14,ATRC,Pre-bloom,2016-02,Pre-bloom,2016-02-09,1,Transect_812327161_2016-03-11_5.1,812327161 1
812327162,Encounter,Encounter Marine Park,GSV182,Aldinga SZ3,-35.280359999999995,138.43153999999998,5.2,2016-03-11,14,ATRC,Pre-bloom,2016-02,Pre-bloom,2016-02-09,2,Transect_812327162_2016-03-11_5.2,812327162 2
812327323,Encounter,Encounter Marine Park,GSV58,Penneshaw Pub,-35.71625,137.93896999999998,5.3,2016-03-16,14,ATRC,Pre-bloom,2016-02,Pre-bloom,2016-02-09,1,Transect_812327323_2016-03-16_5.3,812327323 1
812327323,Encounter,Encounter Marine Park,GSV58,Penneshaw Pub,-35.71625,137.93896999999998,5.3,2016-03-16,14,ATRC,Pre-bloom,2016-02,Pre-bloom,2016-02-09,2,Transect_812327323_2016-03-16_5.3,812327323 2
812327324,Encounter,Encounter Marine Park,GSV58,Penneshaw Pub,-35.71625,137.93896999999998,5.4,2016-03-16,14,ATRC,Pre-bloom,2016-02,Pre-bloom,2016-02-09,2,Transect_812327324_2016-03-16_5.4,812327324 2
812327342,Encounter,Encounter Marine Park,GSV59,Puzzle Rock,-35.7215,137.98051999999998,5.2,2016-03-16,14,ATRC,Pre-bloom,2016-02,Pre-bloom,2016-02-09,2,Transect_812327342_2016-03-16_5.2,812327342 2
812327383,Encounter,Encounter Marine Park,GSV57,Grassy Knoll,-35.72388,137.98821999999998,5.3,2016-03-17,14,ATRC,Pre-bloom,2016-02,Pre-bloom,2016-02-09,2,Transect_812327383_2016-03-17_5.3,812327383 2
812327384,Encounter,Encounter Marine Park,GSV57,Grassy Knoll,-35.72388,137.98821999999998,5.4,2016-03-17,14,ATRC,Pre-bloom,2016-02,Pre-bloom,2016-02-09,2,Transect_812327384_2016-03-17_5.4,812327384 2
812327401,Encounter,Encounter Marine Park,GSV21,Cable Hut,-35.73268,138.0191,5.1,2016-03-17,14,ATRC,Pre-bloom,2016-02,Pre-bloom,2016-02-09,2,Transect_812327401_2016-03-17_5.1,812327401 2
812327402,Encounter,Encounter Marine Park,GSV21,Cable Hut,-35.73268,138.0191,5.2,2016-03-17,14,ATRC,Pre-bloom,2016-02,Pre-bloom,2016-02-09,1,Transect_812327402_2016-03-17_5.2,812327402 1
812327421,Encounter,Encounter Marine Park,GSV55,Pancake Rock,-35.740829999999995,138.03985,5.1,2016-03-17,14,ATRC,Pre-bloom,2016-02,Pre-bloom,2016-02-09,1,Transect_812327421_2016-03-17_5.1,812327421 1
812327423,Encounter,Encounter Marine Park,GSV55,Pancake Rock,-35.740829999999995,138.03985,5.3,2016-03-17,14,ATRC,Pre-bloom,2016-02,Pre-bloom,2016-02-09,2,Transect_812327423_2016-03-17_5.3,812327423 2
812327424,Encounter,Encounter Marine Park,GSV55,Pancake Rock,-35.740829999999995,138.03985,5.4,2016-03-17,14,ATRC,Pre-bloom,2016-02,Pre-bloom,2016-02-09,2,Transect_812327424_2016-03-17_5.4,812327424 2
912340327,Encounter,Encounter Marine Park,GSV95,Lasseters Reef,-35.508379999999995,138.21873,5,2012-02-01,8,RLS,Pre-bloom,2012-01,Pre-bloom,2012-01-31,1,Transect_912340327_2012-02-01_5,912340327 1
912340329,Encounter,Encounter Marine Park,GSV4,Rapid Head,-35.52045,138.16443,5,2012-02-01,8,RLS,Pre-bloom,2012-01,Pre-bloom,2012-01-31,1,Transect_912340329_2012-02-01_5,912340329 1
912340331,Encounter,Encounter Marine Park,GSV4,Rapid Head,-35.52045,138.16443,5.2,2012-02-01,8,RLS,Pre-bloom,2012-01,Pre-bloom,2012-01-31,1,Transect_912340331_2012-02-01_5.2,912340331 1
912340332,Encounter,Encounter Marine Park,GSV4,Rapid Head,-35.52045,138.16443,5.3,2012-02-01,8,RLS,Pre-bloom,2012-01,Pre-bloom,2012-01-31,2,Transect_912340332_2012-02-01_5.3,912340332 2
912340334,Encounter,Encounter Marine Park,GSV93,Aldinga Reef,-35.26825,138.43202,9,2012-02-02,8,RLS,Pre-bloom,2012-01,Pre-bloom,2012-01-31,2,Transect_912340334_2012-02-02_9,912340334 2
912340344,Encounter,Encounter Marine Park,GSV2,Haycock Point,-35.41506,138.32132,5.3,2012-02-03,8,RLS,Pre-bloom,2012-01,Pre-bloom,2012-01-31,2,Transect_912340344_2012-02-03_5.3,912340344 2
912344063,Encounter,Encounter Marine Park,GSV2,Haycock Point,-35.41506,138.32132,7,2014-01-18,12,RLS,Pre-bloom,2014-01,Pre-bloom,2014-01-18,2,Transect_912344063_2014-01-18_7,912344063 2
912344068,Encounter,Encounter Marine Park,GSV26,2nd Valley Boat Shed,-35.50945,138.21448999999998,5.2,2014-01-22,12,RLS,Pre-bloom,2014-01,Pre-bloom,2014-01-18,1,Transect_912344068_2014-01-22_5.2,912344068 1
912344073,Encounter,Encounter Marine Park,GSV95,Lasseters Reef,-35.508379999999995,138.21873,5.1,2014-02-02,12,RLS,Pre-bloom,2014-01,Pre-bloom,2014-01-18,2,Transect_912344073_2014-02-02_5.1,912344073 2
912344082,Encounter,Encounter Marine Park,GSV2,Haycock Point,-35.41506,138.32132,7.3,2014-02-05,12,RLS,Pre-bloom,2014-01,Pre-bloom,2014-01-18,1,Transect_912344082_2014-02-05_7.3,912344082 1
912344082,Encounter,Encounter Marine Park,GSV2,Haycock Point,-35.41506,138.32132,7.3,2014-02-05,12,RLS,Pre-bloom,2014-01,Pre-bloom,2014-01-18,2,Transect_912344082_2014-02-05_7.3,912344082 2
912345011,Encounter,Encounter Marine Park,GSV2,Haycock Point,-35.41506,138.32132,8,2014-02-05,12,RLS,Pre-bloom,2014-01,Pre-bloom,2014-01-18,1,Transect_912345011_2014-02-05_8,912345011 1
912345018,Encounter,Encounter Marine Park,GSV4,Rapid Head,-35.52045,138.16443,6.3,2014-02-05,12,RLS,Pre-bloom,2014-01,Pre-bloom,2014-01-18,2,Transect_912345018_2014-02-05_6.3,912345018 2
912345022,Encounter,Encounter Marine Park,GSV95,Lasseters Reef,-35.508379999999995,138.21873,7.1,2014-02-05,12,RLS,Pre-bloom,2014-01,Pre-bloom,2014-01-18,1,Transect_912345022_2014-02-05_7.1,912345022 1
912345022,Encounter,Encounter Marine Park,GSV95,Lasseters Reef,-35.508379999999995,138.21873,7.1,2014-02-05,12,RLS,Pre-bloom,2014-01,Pre-bloom,2014-01-18,2,Transect_912345022_2014-02-05_7.1,912345022 2
912345023,Encounter,Encounter Marine Park,GSV95,Lasseters Reef,-35.508379999999995,138.21873,6.1,2014-02-05,12,RLS,Pre-bloom,2014-01,Pre-bloom,2014-01-18,1,Transect_912345023_2014-02-05_6.1,912345023 1
912345023,Encounter,Encounter Marine Park,GSV95,Lasseters Reef,-35.508379999999995,138.21873,6.1,2014-02-05,12,RLS,Pre-bloom,2014-01,Pre-bloom,2014-01-18,2,Transect_912345023_2014-02-05_6.1,912345023 2
912345024,Encounter,Encounter Marine Park,GSV95,Lasseters Reef,-35.508379999999995,138.21873,8,2014-02-05,12,RLS,Pre-bloom,2014-01,Pre-bloom,2014-01-18,2,Transect_912345024_2014-02-05_8,912345024 2
912345025,Encounter,Encounter Marine Park,GSV95,Lasseters Reef,-35.508379999999995,138.21873,8.5,2014-02-05,12,RLS,Pre-bloom,2014-01,Pre-bloom,2014-01-18,1,Transect_912345025_2014-02-05_8.5,912345025 1
912345025,Encounter,Encounter Marine Park,GSV95,Lasseters Reef,-35.508379999999995,138.21873,8.5,2014-02-05,12,RLS,Pre-bloom,2014-01,Pre-bloom,2014-01-18,2,Transect_912345025_2014-02-05_8.5,912345025 2
912345613,Encounter,Encounter Marine Park,GSV1,Carrickalinga (toilet),-35.42445,138.31902,5.2,2012-11-23,9,RLS,Pre-bloom,2012-10,Pre-bloom,2012-10-29,1,Transect_912345613_2012-11-23_5.2,912345613 1
912345614,Encounter,Encounter Marine Park,GSV1,Carrickalinga (toilet),-35.42445,138.31902,5.3,2012-11-23,9,RLS,Pre-bloom,2012-10,Pre-bloom,2012-10-29,1,Transect_912345614_2012-11-23_5.3,912345614 1
912345615,Encounter,Encounter Marine Park,GSV1,Carrickalinga (toilet),-35.42445,138.31902,5.4,2012-11-23,9,RLS,Pre-bloom,2012-10,Pre-bloom,2012-10-29,1,Transect_912345615_2012-11-23_5.4,912345615 1
912345617,Encounter,Encounter Marine Park,GSV26,2nd Valley Boat Shed,-35.50945,138.21448999999998,5.2,2012-11-02,9,RLS,Pre-bloom,2012-10,Pre-bloom,2012-10-29,1,Transect_912345617_2012-11-02_5.2,912345617 1
912345619,Encounter,Encounter Marine Park,GSV26,2nd Valley Boat Shed,-35.50945,138.21448999999998,5.4,2012-11-02,9,RLS,Pre-bloom,2012-10,Pre-bloom,2012-10-29,1,Transect_912345619_2012-11-02_5.4,912345619 1
912345619,Encounter,Encounter Marine Park,GSV26,2nd Valley Boat Shed,-35.50945,138.21448999999998,5.4,2012-11-02,9,RLS,Pre-bloom,2012-10,Pre-bloom,2012-10-29,2,Transect_912345619_2012-11-02_5.4,912345619 2
912345622,Encounter,Encounter Marine Park,GSV106,Normanville Beach,-35.44665,138.30497,2.4,2012-11-30,9,RLS,Pre-bloom,2012-10,Pre-bloom,2012-10-29,1,Transect_912345622_2012-11-30_2.4,912345622 1
912345623,Encounter,Encounter Marine Park,GSV106,Normanville Beach,-35.44665,138.30497,2.3,2012-11-30,9,RLS,Pre-bloom,2012-10,Pre-bloom,2012-10-29,1,Transect_912345623_2012-11-30_2.3,912345623 1
912345623,Encounter,Encounter Marine Park,GSV106,Normanville Beach,-35.44665,138.30497,2.3,2012-11-30,9,RLS,Pre-bloom,2012-10,Pre-bloom,2012-10-29,2,Transect_912345623_2012-11-30_2.3,912345623 2
912345624,Encounter,Encounter Marine Park,COO18,Pullen Island,-35.53778,138.69255,5.3,2012-10-29,9,RLS,Pre-bloom,2012-10,Pre-bloom,2012-10-29,1,Transect_912345624_2012-10-29_5.3,912345624 1
912345624,Encounter,Encounter Marine Park,COO18,Pullen Island,-35.53778,138.69255,5.3,2012-10-29,9,RLS,Pre-bloom,2012-10,Pre-bloom,2012-10-29,2,Transect_912345624_2012-10-29_5.3,912345624 2
912345625,Encounter,Encounter Marine Park,COO18,Pullen Island,-35.53778,138.69255,5.4,2012-10-29,9,RLS,Pre-bloom,2012-10,Pre-bloom,2012-10-29,1,Transect_912345625_2012-10-29_5.4,912345625 1
912345625,Encounter,Encounter Marine Park,COO18,Pullen Island,-35.53778,138.69255,5.4,2012-10-29,9,RLS,Pre-bloom,2012-10,Pre-bloom,2012-10-29,2,Transect_912345625_2012-10-29_5.4,912345625 2
912345626,Encounter,Encounter Marine Park,COO18,Pullen Island,-35.53778,138.69255,5.1,2012-10-29,9,RLS,Pre-bloom,2012-10,Pre-bloom,2012-10-29,2,Transect_912345626_2012-10-29_5.1,912345626 2
912345627,Encounter,Encounter Marine Park,COO18,Pullen Island,-35.53778,138.69255,5.2,2012-10-29,9,RLS,Pre-bloom,2012-10,Pre-bloom,2012-10-29,2,Transect_912345627_2012-10-29_5.2,912345627 2
912345628,Encounter,Encounter Marine Park,COO18,Pullen Island,-35.53778,138.69255,5.3,2013-03-12,10,RLS,Pre-bloom,2013-02,Pre-bloom,2013-02-24,1,Transect_912345628_2013-03-12_5.3,912345628 1
912345628,Encounter,Encounter Marine Park,COO18,Pullen Island,-35.53778,138.69255,5.3,2013-03-12,10,RLS,Pre-bloom,2013-02,Pre-bloom,2013-02-24,2,Transect_912345628_2013-03-12_5.3,912345628 2
912345629,Encounter,Encounter Marine Park,COO18,Pullen Island,-35.53778,138.69255,5.4,2013-03-12,10,RLS,Pre-bloom,2013-02,Pre-bloom,2013-02-24,1,Transect_912345629_2013-03-12_5.4,912345629 1
912345630,Encounter,Encounter Marine Park,COO18,Pullen Island,-35.53778,138.69255,5.1,2013-03-12,10,RLS,Pre-bloom,2013-02,Pre-bloom,2013-02-24,1,Transect_912345630_2013-03-12_5.1,912345630 1
912345630,Encounter,Encounter Marine Park,COO18,Pullen Island,-35.53778,138.69255,5.1,2013-03-12,10,RLS,Pre-bloom,2013-02,Pre-bloom,2013-02-24,2,Transect_912345630_2013-03-12_5.1,912345630 2
912345631,Encounter,Encounter Marine Park,COO18,Pullen Island,-35.53778,138.69255,5.2,2013-03-12,10,RLS,Pre-bloom,2013-02,Pre-bloom,2013-02-24,1,Transect_912345631_2013-03-12_5.2,912345631 1
912345632,Encounter,Encounter Marine Park,GSV107,Olivers Reef,-35.54715,138.63821000000002,5.2,2013-03-05,10,RLS,Pre-bloom,2013-02,Pre-bloom,2013-02-24,1,Transect_912345632_2013-03-05_5.2,912345632 1
912345632,Encounter,Encounter Marine Park,GSV107,Olivers Reef,-35.54715,138.63821000000002,5.2,2013-03-05,10,RLS,Pre-bloom,2013-02,Pre-bloom,2013-02-24,2,Transect_912345632_2013-03-05_5.2,912345632 2
912345633,Encounter,Encounter Marine Park,GSV107,Olivers Reef,-35.54715,138.63821000000002,5.3,2013-03-05,10,RLS,Pre-bloom,2013-02,Pre-bloom,2013-02-24,1,Transect_912345633_2013-03-05_5.3,912345633 1
912345634,Encounter,Encounter Marine Park,GSV107,Olivers Reef,-35.54715,138.63821000000002,5.4,2013-03-05,10,RLS,Pre-bloom,2013-02,Pre-bloom,2013-02-24,1,Transect_912345634_2013-03-05_5.4,912345634 1
912345634,Encounter,Encounter Marine Park,GSV107,Olivers Reef,-35.54715,138.63821000000002,5.4,2013-03-05,10,RLS,Pre-bloom,2013-02,Pre-bloom,2013-02-24,2,Transect_912345634_2013-03-05_5.4,912345634 2
912345635,Encounter,Encounter Marine Park,GSV107,Olivers Reef,-35.54715,138.63821000000002,5.1,2013-03-04,10,RLS,Pre-bloom,2013-02,Pre-bloom,2013-02-24,2,Transect_912345635_2013-03-04_5.1,912345635 2
912345637,Encounter,Encounter Marine Park,GSV40,Whalebone Reef,-35.5714,138.61166,5.2,2013-03-05,10,RLS,Pre-bloom,2013-02,Pre-bloom,2013-02-24,1,Transect_912345637_2013-03-05_5.2,912345637 1
912345638,Encounter,Encounter Marine Park,GSV40,Whalebone Reef,-35.5714,138.61166,5.3,2013-03-06,10,RLS,Pre-bloom,2013-02,Pre-bloom,2013-02-24,1,Transect_912345638_2013-03-06_5.3,912345638 1
912345638,Encounter,Encounter Marine Park,GSV40,Whalebone Reef,-35.5714,138.61166,5.3,2013-03-06,10,RLS,Pre-bloom,2013-02,Pre-bloom,2013-02-24,2,Transect_912345638_2013-03-06_5.3,912345638 2
912345639,Encounter,Encounter Marine Park,GSV40,Whalebone Reef,-35.5714,138.61166,5.4,2013-03-06,10,RLS,Pre-bloom,2013-02,Pre-bloom,2013-02-24,1,Transect_912345639_2013-03-06_5.4,912345639 1
912345639,Encounter,Encounter Marine Park,GSV40,Whalebone Reef,-35.5714,138.61166,5.4,2013-03-06,10,RLS,Pre-bloom,2013-02,Pre-bloom,2013-02-24,2,Transect_912345639_2013-03-06_5.4,912345639 2
912345640,Encounter,Encounter Marine Park,GSV17,The Bluff,-35.58887,138.60553000000002,5.1,2013-03-06,10,RLS,Pre-bloom,2013-02,Pre-bloom,2013-02-24,2,Transect_912345640_2013-03-06_5.1,912345640 2
912345641,Encounter,Encounter Marine Park,GSV17,The Bluff,-35.58887,138.60553000000002,5.2,2013-03-06,10,RLS,Pre-bloom,2013-02,Pre-bloom,2013-02-24,1,Transect_912345641_2013-03-06_5.2,912345641 1
912345646,Encounter,Encounter Marine Park,GSV17,The Bluff,-35.58887,138.60553000000002,5.3,2013-03-26,10,RLS,Pre-bloom,2013-02,Pre-bloom,2013-02-24,1,Transect_912345646_2013-03-26_5.3,912345646 1
912345649,Encounter,Encounter Marine Park,GSV26,2nd Valley Boat Shed,-35.50945,138.21448999999998,5.2,2013-04-04,10,RLS,Pre-bloom,2013-02,Pre-bloom,2013-02-24,2,Transect_912345649_2013-04-04_5.2,912345649 2
912345650,Encounter,Encounter Marine Park,GSV26,2nd Valley Boat Shed,-35.50945,138.21448999999998,5.3,2013-04-04,10,RLS,Pre-bloom,2013-02,Pre-bloom,2013-02-24,2,Transect_912345650_2013-04-04_5.3,912345650 2
912345651,Encounter,Encounter Marine Park,GSV26,2nd Valley Boat Shed,-35.50945,138.21448999999998,5.4,2013-04-04,10,RLS,Pre-bloom,2013-02,Pre-bloom,2013-02-24,1,Transect_912345651_2013-04-04_5.4,912345651 1
912345651,Encounter,Encounter Marine Park,GSV26,2nd Valley Boat Shed,-35.50945,138.21448999999998,5.4,2013-04-04,10,RLS,Pre-bloom,2013-02,Pre-bloom,2013-02-24,2,Transect_912345651_2013-04-04_5.4,912345651 2
912345652,Encounter,Encounter Marine Park,GSV106,Normanville Beach,-35.44665,138.30497,2.1,2013-04-08,10,RLS,Pre-bloom,2013-02,Pre-bloom,2013-02-24,2,Transect_912345652_2013-04-08_2.1,912345652 2
912345653,Encounter,Encounter Marine Park,GSV106,Normanville Beach,-35.44665,138.30497,2.2,2013-04-08,10,RLS,Pre-bloom,2013-02,Pre-bloom,2013-02-24,2,Transect_912345653_2013-04-08_2.2,912345653 2
912345654,Encounter,Encounter Marine Park,GSV106,Normanville Beach,-35.44665,138.30497,2.3,2013-04-08,10,RLS,Pre-bloom,2013-02,Pre-bloom,2013-02-24,1,Transect_912345654_2013-04-08_2.3,912345654 1
912345654,Encounter,Encounter Marine Park,GSV106,Normanville Beach,-35.44665,138.30497,2.3,2013-04-08,10,RLS,Pre-bloom,2013-02,Pre-bloom,2013-02-24,2,Transect_912345654_2013-04-08_2.3,912345654 2
912345655,Encounter,Encounter Marine Park,GSV106,Normanville Beach,-35.44665,138.30497,2.4,2013-04-08,10,RLS,Pre-bloom,2013-02,Pre-bloom,2013-02-24,1,Transect_912345655_2013-04-08_2.4,912345655 1
912345656,Encounter,Encounter Marine Park,GSV1,Carrickalinga (toilet),-35.42445,138.31902,5.1,2013-04-12,10,RLS,Pre-bloom,2013-02,Pre-bloom,2013-02-24,1,Transect_912345656_2013-04-12_5.1,912345656 1
912345657,Encounter,Encounter Marine Park,GSV1,Carrickalinga (toilet),-35.42445,138.31902,5.3,2013-04-12,10,RLS,Pre-bloom,2013-02,Pre-bloom,2013-02-24,1,Transect_912345657_2013-04-12_5.3,912345657 1
912345657,Encounter,Encounter Marine Park,GSV1,Carrickalinga (toilet),-35.42445,138.31902,5.3,2013-04-12,10,RLS,Pre-bloom,2013-02,Pre-bloom,2013-02-24,2,Transect_912345657_2013-04-12_5.3,912345657 2
912345658,Encounter,Encounter Marine Park,GSV1,Carrickalinga (toilet),-35.42445,138.31902,5.4,2013-04-12,10,RLS,Pre-bloom,2013-02,Pre-bloom,2013-02-24,1,Transect_912345658_2013-04-12_5.4,912345658 1
912345660,Encounter,Encounter Marine Park,GSV107,Olivers Reef,-35.54715,138.63821000000002,5.3,2013-11-02,11,RLS,Pre-bloom,2013-11,Pre-bloom,2013-11-01,1,Transect_912345660_2013-11-02_5.3,912345660 1
912345660,Encounter,Encounter Marine Park,GSV107,Olivers Reef,-35.54715,138.63821000000002,5.3,2013-11-02,11,RLS,Pre-bloom,2013-11,Pre-bloom,2013-11-01,2,Transect_912345660_2013-11-02_5.3,912345660 2
912345661,Encounter,Encounter Marine Park,GSV107,Olivers Reef,-35.54715,138.63821000000002,5.4,2013-11-02,11,RLS,Pre-bloom,2013-11,Pre-bloom,2013-11-01,1,Transect_912345661_2013-11-02_5.4,912345661 1
912345662,Encounter,Encounter Marine Park,GSV107,Olivers Reef,-35.54715,138.63821000000002,5.1,2013-11-02,11,RLS,Pre-bloom,2013-11,Pre-bloom,2013-11-01,1,Transect_912345662_2013-11-02_5.1,912345662 1
912345662,Encounter,Encounter Marine Park,GSV107,Olivers Reef,-35.54715,138.63821000000002,5.1,2013-11-02,11,RLS,Pre-bloom,2013-11,Pre-bloom,2013-11-01,2,Transect_912345662_2013-11-02_5.1,912345662 2
912345663,Encounter,Encounter Marine Park,GSV107,Olivers Reef,-35.54715,138.63821000000002,5.2,2013-11-02,11,RLS,Pre-bloom,2013-11,Pre-bloom,2013-11-01,1,Transect_912345663_2013-11-02_5.2,912345663 1
912345664,Encounter,Encounter Marine Park,GSV40,Whalebone Reef,-35.5714,138.61166,5.1,2013-11-02,11,RLS,Pre-bloom,2013-11,Pre-bloom,2013-11-01,1,Transect_912345664_2013-11-02_5.1,912345664 1
912345664,Encounter,Encounter Marine Park,GSV40,Whalebone Reef,-35.5714,138.61166,5.1,2013-11-02,11,RLS,Pre-bloom,2013-11,Pre-bloom,2013-11-01,2,Transect_912345664_2013-11-02_5.1,912345664 2
912345665,Encounter,Encounter Marine Park,GSV40,Whalebone Reef,-35.5714,138.61166,5.2,2013-11-02,11,RLS,Pre-bloom,2013-11,Pre-bloom,2013-11-01,1,Transect_912345665_2013-11-02_5.2,912345665 1
912345666,Encounter,Encounter Marine Park,GSV40,Whalebone Reef,-35.5714,138.61166,5.3,2013-11-01,11,RLS,Pre-bloom,2013-11,Pre-bloom,2013-11-01,1,Transect_912345666_2013-11-01_5.3,912345666 1
912345666,Encounter,Encounter Marine Park,GSV40,Whalebone Reef,-35.5714,138.61166,5.3,2013-11-01,11,RLS,Pre-bloom,2013-11,Pre-bloom,2013-11-01,2,Transect_912345666_2013-11-01_5.3,912345666 2
912345667,Encounter,Encounter Marine Park,GSV40,Whalebone Reef,-35.5714,138.61166,5.4,2013-11-01,11,RLS,Pre-bloom,2013-11,Pre-bloom,2013-11-01,1,Transect_912345667_2013-11-01_5.4,912345667 1
912345667,Encounter,Encounter Marine Park,GSV40,Whalebone Reef,-35.5714,138.61166,5.4,2013-11-01,11,RLS,Pre-bloom,2013-11,Pre-bloom,2013-11-01,2,Transect_912345667_2013-11-01_5.4,912345667 2
912345672,Encounter,Encounter Marine Park,COO18,Pullen Island,-35.53778,138.69255,5.4,2013-11-18,11,RLS,Pre-bloom,2013-11,Pre-bloom,2013-11-01,2,Transect_912345672_2013-11-18_5.4,912345672 2
912345673,Encounter,Encounter Marine Park,COO18,Pullen Island,-35.53778,138.69255,5.3,2013-11-18,11,RLS,Pre-bloom,2013-11,Pre-bloom,2013-11-01,2,Transect_912345673_2013-11-18_5.3,912345673 2
912345674,Encounter,Encounter Marine Park,COO18,Pullen Island,-35.53778,138.69255,5.2,2013-11-18,11,RLS,Pre-bloom,2013-11,Pre-bloom,2013-11-01,1,Transect_912345674_2013-11-18_5.2,912345674 1
912345674,Encounter,Encounter Marine Park,COO18,Pullen Island,-35.53778,138.69255,5.2,2013-11-18,11,RLS,Pre-bloom,2013-11,Pre-bloom,2013-11-01,2,Transect_912345674_2013-11-18_5.2,912345674 2
912345675,Encounter,Encounter Marine Park,COO18,Pullen Island,-35.53778,138.69255,5.1,2013-11-18,11,RLS,Pre-bloom,2013-11,Pre-bloom,2013-11-01,1,Transect_912345675_2013-11-18_5.1,912345675 1
912345675,Encounter,Encounter Marine Park,COO18,Pullen Island,-35.53778,138.69255,5.1,2013-11-18,11,RLS,Pre-bloom,2013-11,Pre-bloom,2013-11-01,2,Transect_912345675_2013-11-18_5.1,912345675 2
912345676,Encounter,Encounter Marine Park,GSV17,The Bluff,-35.58887,138.60553000000002,5.1,2013-11-18,11,RLS,Pre-bloom,2013-11,Pre-bloom,2013-11-01,2,Transect_912345676_2013-11-18_5.1,912345676 2
912345677,Encounter,Encounter Marine Park,GSV17,The Bluff,-35.58887,138.60553000000002,5.2,2013-11-18,11,RLS,Pre-bloom,2013-11,Pre-bloom,2013-11-01,1,Transect_912345677_2013-11-18_5.2,912345677 1
912345677,Encounter,Encounter Marine Park,GSV17,The Bluff,-35.58887,138.60553000000002,5.2,2013-11-18,11,RLS,Pre-bloom,2013-11,Pre-bloom,2013-11-01,2,Transect_912345677_2013-11-18_5.2,912345677 2
912345678,Encounter,Encounter Marine Park,GSV17,The Bluff,-35.58887,138.60553000000002,5.3,2013-11-18,11,RLS,Pre-bloom,2013-11,Pre-bloom,2013-11-01,2,Transect_912345678_2013-11-18_5.3,912345678 2
912345679,Encounter,Encounter Marine Park,GSV17,The Bluff,-35.58887,138.60553000000002,5.4,2013-11-18,11,RLS,Pre-bloom,2013-11,Pre-bloom,2013-11-01,1,Transect_912345679_2013-11-18_5.4,912345679 1
912345679,Encounter,Encounter Marine Park,GSV17,The Bluff,-35.58887,138.60553000000002,5.4,2013-11-18,11,RLS,Pre-bloom,2013-11,Pre-bloom,2013-11-01,2,Transect_912345679_2013-11-18_5.4,912345679 2
912346262,Encounter,Encounter Marine Park,GSV9,Dodd's Beach,-35.40416,138.33043,5.2,2016-02-09,14,RLS,Pre-bloom,2016-02,Pre-bloom,2016-02-09,1,Transect_912346262_2016-02-09_5.2,912346262 1
912346263,Encounter,Encounter Marine Park,GSV9,Dodd's Beach,-35.40416,138.33043,5.3,2016-02-09,14,RLS,Pre-bloom,2016-02,Pre-bloom,2016-02-09,1,Transect_912346263_2016-02-09_5.3,912346263 1
912346264,Encounter,Encounter Marine Park,GSV1,Carrickalinga (toilet),-35.42445,138.31902,5.2,2016-02-09,14,RLS,Pre-bloom,2016-02,Pre-bloom,2016-02-09,1,Transect_912346264_2016-02-09_5.2,912346264 1
912346264,Encounter,Encounter Marine Park,GSV1,Carrickalinga (toilet),-35.42445,138.31902,5.2,2016-02-09,14,RLS,Pre-bloom,2016-02,Pre-bloom,2016-02-09,2,Transect_912346264_2016-02-09_5.2,912346264 2
912346265,Encounter,Encounter Marine Park,GSV1,Carrickalinga (toilet),-35.42445,138.31902,5.3,2016-02-09,14,RLS,Pre-bloom,2016-02,Pre-bloom,2016-02-09,1,Transect_912346265_2016-02-09_5.3,912346265 1
912346265,Encounter,Encounter Marine Park,GSV1,Carrickalinga (toilet),-35.42445,138.31902,5.3,2016-02-09,14,RLS,Pre-bloom,2016-02,Pre-bloom,2016-02-09,2,Transect_912346265_2016-02-09_5.3,912346265 2
912346268,Encounter,Encounter Marine Park,GSV18,Morgans,-35.58845,138.10838,5.2,2016-02-10,14,RLS,Pre-bloom,2016-02,Pre-bloom,2016-02-09,1,Transect_912346268_2016-02-10_5.2,912346268 1
912346269,Encounter,Encounter Marine Park,GSV18,Morgans,-35.58845,138.10838,5.3,2016-02-10,14,RLS,Pre-bloom,2016-02,Pre-bloom,2016-02-09,1,Transect_912346269_2016-02-10_5.3,912346269 1
912346290,Encounter,Encounter Marine Park,GSV43,Rapid Head SZ,-35.5186,138.17102,4.2,2012-02-10,8,RLS,Pre-bloom,2012-01,Pre-bloom,2012-01-31,2,Transect_912346290_2012-02-10_4.2,912346290 2
912346292,Encounter,Encounter Marine Park,GSV43,Rapid Head SZ,-35.5186,138.17102,4.1,2012-02-10,8,RLS,Pre-bloom,2012-01,Pre-bloom,2012-01-31,2,Transect_912346292_2012-02-10_4.1,912346292 2
912346294,Encounter,Encounter Marine Park,GSV5,Rapid Head South,-35.53145,138.1519,6,2016-02-09,14,RLS,Pre-bloom,2016-02,Pre-bloom,2016-02-09,2,Transect_912346294_2016-02-09_6,912346294 2
912346301,Encounter,Encounter Marine Park,GSV41,Rapid Head East,-35.519459999999995,138.17719,4,2016-02-09,14,RLS,Pre-bloom,2016-02,Pre-bloom,2016-02-09,1,Transect_912346301_2016-02-09_4,912346301 1
912346301,Encounter,Encounter Marine Park,GSV41,Rapid Head East,-35.519459999999995,138.17719,4,2016-02-09,14,RLS,Pre-bloom,2016-02,Pre-bloom,2016-02-09,2,Transect_912346301_2016-02-09_4,912346301 2
912346302,Encounter,Encounter Marine Park,GSV34,Nev's Windmills,-35.5526,138.12984,4.2,2016-02-10,14,RLS,Pre-bloom,2016-02,Pre-bloom,2016-02-09,2,Transect_912346302_2016-02-10_4.2,912346302 2
912346303,Encounter,Encounter Marine Park,GSV34,Nev's Windmills,-35.5526,138.12984,4.3,2016-02-10,14,RLS,Pre-bloom,2016-02,Pre-bloom,2016-02-09,2,Transect_912346303_2016-02-10_4.3,912346303 2
912346304,Encounter,Encounter Marine Park,GSV34,Nev's Windmills,-35.5526,138.12984,4.1,2016-02-10,14,RLS,Pre-bloom,2016-02,Pre-bloom,2016-02-09,1,Transect_912346304_2016-02-10_4.1,912346304 1
912346305,Encounter,Encounter Marine Park,GSV34,Nev's Windmills,-35.5526,138.12984,4,2016-02-10,14,RLS,Pre-bloom,2016-02,Pre-bloom,2016-02-09,1,Transect_912346305_2016-02-10_4,912346305 1
912346308,Encounter,Encounter Marine Park,GSV24,Ripple Rock,-35.3841,138.35586999999998,5.2,2016-02-12,14,RLS,Pre-bloom,2016-02,Pre-bloom,2016-02-09,2,Transect_912346308_2016-02-12_5.2,912346308 2
912346351,Adelaide,NA,GSV109,Outer Harbor breakwater south inside,-34.788509999999995,138.46726,6.5,2015-12-07,3,RLS,Pre-bloom,2015-12,Pre-bloom,2015-12-07,1,Transect_912346351_2015-12-07_6.5,912346351 1
912346351,Adelaide,NA,GSV109,Outer Harbor breakwater south inside,-34.788509999999995,138.46726,6.5,2015-12-07,3,RLS,Pre-bloom,2015-12,Pre-bloom,2015-12-07,2,Transect_912346351_2015-12-07_6.5,912346351 2
912347009,Encounter,Encounter Marine Park,GSV4,Rapid Head,-35.52045,138.16443,5.3,2017-03-24,16,RLS,Pre-bloom,2017-02,Pre-bloom,2017-02-14,2,Transect_912347009_2017-03-24_5.3,912347009 2
912347011,Encounter,Encounter Marine Park,GSV26,2nd Valley Boat Shed,-35.50945,138.21448999999998,5.3,2017-03-24,16,RLS,Pre-bloom,2017-02,Pre-bloom,2017-02-14,2,Transect_912347011_2017-03-24_5.3,912347011 2
912347019,Encounter,Encounter Marine Park,GSV4,Rapid Head,-35.52045,138.16443,5.1,2017-03-24,16,RLS,Pre-bloom,2017-02,Pre-bloom,2017-02-14,2,Transect_912347019_2017-03-24_5.1,912347019 2
912347022,Encounter,Encounter Marine Park,GSV41,Rapid Head East,-35.519459999999995,138.17719,5.1,2017-03-25,16,RLS,Pre-bloom,2017-02,Pre-bloom,2017-02-14,1,Transect_912347022_2017-03-25_5.1,912347022 1
912349725,Encounter,Encounter Marine Park,GSV124,Horseshoe inner,-35.13793,138.46292,4.1,2015-08-26,13,RLS,Pre-bloom,2015-08,Pre-bloom,2015-08-26,1,Transect_912349725_2015-08-26_4.1,912349725 1
912349725,Encounter,Encounter Marine Park,GSV124,Horseshoe inner,-35.13793,138.46292,4.1,2015-08-26,13,RLS,Pre-bloom,2015-08,Pre-bloom,2015-08-26,2,Transect_912349725_2015-08-26_4.1,912349725 2
912349727,Encounter,Encounter Marine Park,GSV124,Horseshoe inner,-35.13793,138.46292,4.3,2015-08-26,13,RLS,Pre-bloom,2015-08,Pre-bloom,2015-08-26,1,Transect_912349727_2015-08-26_4.3,912349727 1
912349727,Encounter,Encounter Marine Park,GSV124,Horseshoe inner,-35.13793,138.46292,4.3,2015-08-26,13,RLS,Pre-bloom,2015-08,Pre-bloom,2015-08-26,2,Transect_912349727_2015-08-26_4.3,912349727 2
912349728,Encounter,Encounter Marine Park,GSV124,Horseshoe inner,-35.13793,138.46292,4.2,2015-08-26,13,RLS,Pre-bloom,2015-08,Pre-bloom,2015-08-26,1,Transect_912349728_2015-08-26_4.2,912349728 1
912349728,Encounter,Encounter Marine Park,GSV124,Horseshoe inner,-35.13793,138.46292,4.2,2015-08-26,13,RLS,Pre-bloom,2015-08,Pre-bloom,2015-08-26,2,Transect_912349728_2015-08-26_4.2,912349728 2
912349729,Adelaide,NA,GSV125,Broken Bottom,-34.96335,138.48029,10.3,2015-08-27,1,RLS,Pre-bloom,2015-08,Pre-bloom,2015-08-27,1,Transect_912349729_2015-08-27_10.3,912349729 1
912349730,Adelaide,NA,GSV125,Broken Bottom,-34.96335,138.48029,10.2,2015-08-27,1,RLS,Pre-bloom,2015-08,Pre-bloom,2015-08-27,2,Transect_912349730_2015-08-27_10.2,912349730 2
912349732,Adelaide,NA,GSV125,Broken Bottom,-34.96335,138.48029,10,2015-08-27,1,RLS,Pre-bloom,2015-08,Pre-bloom,2015-08-27,2,Transect_912349732_2015-08-27_10,912349732 2
912349736,Adelaide,NA,GSV127,Semaphore,-34.8471,138.44595,8.2,2015-08-31,1,RLS,Pre-bloom,2015-08,Pre-bloom,2015-08-27,1,Transect_912349736_2015-08-31_8.2,912349736 1
912349736,Adelaide,NA,GSV127,Semaphore,-34.8471,138.44595,8.2,2015-08-31,1,RLS,Pre-bloom,2015-08,Pre-bloom,2015-08-27,2,Transect_912349736_2015-08-31_8.2,912349736 2
912349737,Adelaide,NA,GSV127,Semaphore,-34.8471,138.44595,8,2015-08-31,1,RLS,Pre-bloom,2015-08,Pre-bloom,2015-08-27,1,Transect_912349737_2015-08-31_8,912349737 1
912349737,Adelaide,NA,GSV127,Semaphore,-34.8471,138.44595,8,2015-08-31,1,RLS,Pre-bloom,2015-08,Pre-bloom,2015-08-27,2,Transect_912349737_2015-08-31_8,912349737 2
912349738,Adelaide,NA,GSV127,Semaphore,-34.8471,138.44595,8.1,2015-08-31,1,RLS,Pre-bloom,2015-08,Pre-bloom,2015-08-27,2,Transect_912349738_2015-08-31_8.1,912349738 2
912349739,Encounter,Encounter Marine Park,GSV128,Southport,-35.16775,138.46227,4,2015-09-04,13,RLS,Pre-bloom,2015-08,Pre-bloom,2015-08-26,2,Transect_912349739_2015-09-04_4,912349739 2
912349740,Encounter,Encounter Marine Park,GSV128,Southport,-35.16775,138.46227,4.1,2015-09-04,13,RLS,Pre-bloom,2015-08,Pre-bloom,2015-08-26,2,Transect_912349740_2015-09-04_4.1,912349740 2
912349741,Encounter,Encounter Marine Park,GSV128,Southport,-35.16775,138.46227,4.2,2015-09-04,13,RLS,Pre-bloom,2015-08,Pre-bloom,2015-08-26,1,Transect_912349741_2015-09-04_4.2,912349741 1
912349741,Encounter,Encounter Marine Park,GSV128,Southport,-35.16775,138.46227,4.2,2015-09-04,13,RLS,Pre-bloom,2015-08,Pre-bloom,2015-08-26,2,Transect_912349741_2015-09-04_4.2,912349741 2
912349748,Encounter,Encounter Marine Park,GSV131,Horseshoe outer,-35.1394,138.45799,11.1,2015-09-10,13,RLS,Pre-bloom,2015-08,Pre-bloom,2015-08-26,1,Transect_912349748_2015-09-10_11.1,912349748 1
912349757,Encounter,Encounter Marine Park,GSV131,Horseshoe outer,-35.1394,138.45799,11.3,2015-09-18,13,RLS,Pre-bloom,2015-08,Pre-bloom,2015-08-26,1,Transect_912349757_2015-09-18_11.3,912349757 1
912349757,Encounter,Encounter Marine Park,GSV131,Horseshoe outer,-35.1394,138.45799,11.3,2015-09-18,13,RLS,Pre-bloom,2015-08,Pre-bloom,2015-08-26,2,Transect_912349757_2015-09-18_11.3,912349757 2
912349758,Encounter,Encounter Marine Park,GSV131,Horseshoe outer,-35.1394,138.45799,11.2,2015-09-18,13,RLS,Pre-bloom,2015-08,Pre-bloom,2015-08-26,1,Transect_912349758_2015-09-18_11.2,912349758 1
912349762,Adelaide,Upper Gulf St Vincent MP,GSV134,Port Parham,-34.44449,138.19702,4,2015-10-30,2,RLS,Pre-bloom,2015-10,Pre-bloom,2015-10-30,1,Transect_912349762_2015-10-30_4,912349762 1
912349763,Adelaide,Upper Gulf St Vincent MP,GSV134,Port Parham,-34.44449,138.19702,4.1,2015-10-30,2,RLS,Pre-bloom,2015-10,Pre-bloom,2015-10-30,1,Transect_912349763_2015-10-30_4.1,912349763 1
912349764,Adelaide,Upper Gulf St Vincent MP,GSV134,Port Parham,-34.44449,138.19702,4.3,2015-10-30,2,RLS,Pre-bloom,2015-10,Pre-bloom,2015-10-30,1,Transect_912349764_2015-10-30_4.3,912349764 1
912349764,Adelaide,Upper Gulf St Vincent MP,GSV134,Port Parham,-34.44449,138.19702,4.3,2015-10-30,2,RLS,Pre-bloom,2015-10,Pre-bloom,2015-10-30,2,Transect_912349764_2015-10-30_4.3,912349764 2
912349776,Encounter,Encounter Marine Park,GSV138,Moana outside,-35.2065,138.4622,5,2016-03-26,14,RLS,Pre-bloom,2016-02,Pre-bloom,2016-02-09,1,Transect_912349776_2016-03-26_5,912349776 1
912349776,Encounter,Encounter Marine Park,GSV138,Moana outside,-35.2065,138.4622,5,2016-03-26,14,RLS,Pre-bloom,2016-02,Pre-bloom,2016-02-09,2,Transect_912349776_2016-03-26_5,912349776 2
912349792,Adelaide,NA,GSV127,Semaphore,-34.8471,138.44595,8,2016-02-19,4,RLS,Pre-bloom,2016-02,Pre-bloom,2016-02-18,1,Transect_912349792_2016-02-19_8,912349792 1
912349794,Adelaide,NA,GSV127,Semaphore,-34.8471,138.44595,8.3,2016-02-19,4,RLS,Pre-bloom,2016-02,Pre-bloom,2016-02-18,1,Transect_912349794_2016-02-19_8.3,912349794 1
912349826,Encounter,Encounter Marine Park,GSV138,Moana outside,-35.2065,138.4622,5,2016-11-17,15,RLS,Pre-bloom,2016-11,Pre-bloom,2016-11-16,1,Transect_912349826_2016-11-17_5,912349826 1
912349826,Encounter,Encounter Marine Park,GSV138,Moana outside,-35.2065,138.4622,5,2016-11-17,15,RLS,Pre-bloom,2016-11,Pre-bloom,2016-11-16,2,Transect_912349826_2016-11-17_5,912349826 2
912349827,Encounter,Encounter Marine Park,GSV138,Moana outside,-35.2065,138.4622,5.1,2016-11-17,15,RLS,Pre-bloom,2016-11,Pre-bloom,2016-11-16,1,Transect_912349827_2016-11-17_5.1,912349827 1
912349830,Encounter,Encounter Marine Park,GSV53,Moana inside,-35.2091,138.46428999999998,5.1,2016-11-17,15,RLS,Pre-bloom,2016-11,Pre-bloom,2016-11-16,2,Transect_912349830_2016-11-17_5.1,912349830 2
912349848,Encounter,Encounter Marine Park,GSV34,Nev's Windmills,-35.5526,138.12984,5.2,2017-02-20,16,RLS,Pre-bloom,2017-02,Pre-bloom,2017-02-14,1,Transect_912349848_2017-02-20_5.2,912349848 1
912349849,Encounter,Encounter Marine Park,GSV34,Nev's Windmills,-35.5526,138.12984,5.3,2017-02-20,16,RLS,Pre-bloom,2017-02,Pre-bloom,2017-02-14,1,Transect_912349849_2017-02-20_5.3,912349849 1
912349850,Encounter,Encounter Marine Park,GSV34,Nev's Windmills,-35.5526,138.12984,5.1,2017-02-20,16,RLS,Pre-bloom,2017-02,Pre-bloom,2017-02-14,2,Transect_912349850_2017-02-20_5.1,912349850 2
912349851,Encounter,Encounter Marine Park,GSV34,Nev's Windmills,-35.5526,138.12984,5,2017-02-20,16,RLS,Pre-bloom,2017-02,Pre-bloom,2017-02-14,1,Transect_912349851_2017-02-20_5,912349851 1
912349852,Encounter,Encounter Marine Park,GSV18,Morgans,-35.58845,138.10838,5.2,2017-02-20,16,RLS,Pre-bloom,2017-02,Pre-bloom,2017-02-14,1,Transect_912349852_2017-02-20_5.2,912349852 1
912349852,Encounter,Encounter Marine Park,GSV18,Morgans,-35.58845,138.10838,5.2,2017-02-20,16,RLS,Pre-bloom,2017-02,Pre-bloom,2017-02-14,2,Transect_912349852_2017-02-20_5.2,912349852 2
912349853,Encounter,Encounter Marine Park,GSV18,Morgans,-35.58845,138.10838,5.3,2017-02-20,16,RLS,Pre-bloom,2017-02,Pre-bloom,2017-02-14,1,Transect_912349853_2017-02-20_5.3,912349853 1
912349853,Encounter,Encounter Marine Park,GSV18,Morgans,-35.58845,138.10838,5.3,2017-02-20,16,RLS,Pre-bloom,2017-02,Pre-bloom,2017-02-14,2,Transect_912349853_2017-02-20_5.3,912349853 2
912349854,Encounter,Encounter Marine Park,GSV18,Morgans,-35.58845,138.10838,5.1,2017-02-20,16,RLS,Pre-bloom,2017-02,Pre-bloom,2017-02-14,1,Transect_912349854_2017-02-20_5.1,912349854 1
912349855,Encounter,Encounter Marine Park,GSV18,Morgans,-35.58845,138.10838,5,2017-02-20,16,RLS,Pre-bloom,2017-02,Pre-bloom,2017-02-14,2,Transect_912349855_2017-02-20_5,912349855 2
912349868,Encounter,Encounter Marine Park,GSV42,Rapid Head SZ Site2,-35.52262,138.16308999999998,5,2017-05-03,16,RLS,Pre-bloom,2017-02,Pre-bloom,2017-02-14,2,Transect_912349868_2017-05-03_5,912349868 2
912349869,Encounter,Encounter Marine Park,GSV42,Rapid Head SZ Site2,-35.52262,138.16308999999998,5.1,2017-05-03,16,RLS,Pre-bloom,2017-02,Pre-bloom,2017-02-14,1,Transect_912349869_2017-05-03_5.1,912349869 1
912349869,Encounter,Encounter Marine Park,GSV42,Rapid Head SZ Site2,-35.52262,138.16308999999998,5.1,2017-05-03,16,RLS,Pre-bloom,2017-02,Pre-bloom,2017-02-14,2,Transect_912349869_2017-05-03_5.1,912349869 2
912349870,Encounter,Encounter Marine Park,GSV42,Rapid Head SZ Site2,-35.52262,138.16308999999998,5.2,2017-05-03,16,RLS,Pre-bloom,2017-02,Pre-bloom,2017-02-14,1,Transect_912349870_2017-05-03_5.2,912349870 1
912349871,Encounter,Encounter Marine Park,GSV42,Rapid Head SZ Site2,-35.52262,138.16308999999998,5.3,2017-05-03,16,RLS,Pre-bloom,2017-02,Pre-bloom,2017-02-14,1,Transect_912349871_2017-05-03_5.3,912349871 1
912349871,Encounter,Encounter Marine Park,GSV42,Rapid Head SZ Site2,-35.52262,138.16308999999998,5.3,2017-05-03,16,RLS,Pre-bloom,2017-02,Pre-bloom,2017-02-14,2,Transect_912349871_2017-05-03_5.3,912349871 2
912349934,Encounter,Encounter Marine Park,GSV21,Cable Hut,-35.73268,138.0191,5.3,2017-03-08,16,RLS,Pre-bloom,2017-02,Pre-bloom,2017-02-14,2,Transect_912349934_2017-03-08_5.3,912349934 2
912349935,Encounter,Encounter Marine Park,GSV21,Cable Hut,-35.73268,138.0191,5.2,2017-03-08,16,RLS,Pre-bloom,2017-02,Pre-bloom,2017-02-14,1,Transect_912349935_2017-03-08_5.2,912349935 1
912349935,Encounter,Encounter Marine Park,GSV21,Cable Hut,-35.73268,138.0191,5.2,2017-03-08,16,RLS,Pre-bloom,2017-02,Pre-bloom,2017-02-14,2,Transect_912349935_2017-03-08_5.2,912349935 2
912349938,Encounter,Encounter Marine Park,GSV57,Grassy Knoll,-35.72388,137.98821999999998,5.3,2017-03-08,16,RLS,Pre-bloom,2017-02,Pre-bloom,2017-02-14,1,Transect_912349938_2017-03-08_5.3,912349938 1
912349939,Encounter,Encounter Marine Park,GSV57,Grassy Knoll,-35.72388,137.98821999999998,5.2,2017-03-08,16,RLS,Pre-bloom,2017-02,Pre-bloom,2017-02-14,2,Transect_912349939_2017-03-08_5.2,912349939 2
912349940,Encounter,Encounter Marine Park,GSV58,Penneshaw Pub,-35.71625,137.93896999999998,5.3,2017-03-09,16,RLS,Pre-bloom,2017-02,Pre-bloom,2017-02-14,1,Transect_912349940_2017-03-09_5.3,912349940 1
912349941,Encounter,Encounter Marine Park,GSV58,Penneshaw Pub,-35.71625,137.93896999999998,5.2,2017-03-09,16,RLS,Pre-bloom,2017-02,Pre-bloom,2017-02-14,1,Transect_912349941_2017-03-09_5.2,912349941 1
912349941,Encounter,Encounter Marine Park,GSV58,Penneshaw Pub,-35.71625,137.93896999999998,5.2,2017-03-09,16,RLS,Pre-bloom,2017-02,Pre-bloom,2017-02-14,2,Transect_912349941_2017-03-09_5.2,912349941 2
912349952,Encounter,Encounter Marine Park,GSV55,Pancake Rock,-35.740829999999995,138.03985,5,2017-03-08,16,RLS,Pre-bloom,2017-02,Pre-bloom,2017-02-14,2,Transect_912349952_2017-03-08_5,912349952 2
912349953,Encounter,Encounter Marine Park,GSV55,Pancake Rock,-35.740829999999995,138.03985,5.1,2017-03-08,16,RLS,Pre-bloom,2017-02,Pre-bloom,2017-02-14,2,Transect_912349953_2017-03-08_5.1,912349953 2
912349954,Encounter,Encounter Marine Park,GSV57,Grassy Knoll,-35.72388,137.98821999999998,5,2017-03-08,16,RLS,Pre-bloom,2017-02,Pre-bloom,2017-02-14,1,Transect_912349954_2017-03-08_5,912349954 1
912349955,Encounter,Encounter Marine Park,GSV57,Grassy Knoll,-35.72388,137.98821999999998,5.1,2017-03-08,16,RLS,Pre-bloom,2017-02,Pre-bloom,2017-02-14,2,Transect_912349955_2017-03-08_5.1,912349955 2
912350450,Adelaide,NA,GSV127,Semaphore,-34.8471,138.44595,8,2017-02-16,6,RLS,Pre-bloom,2017-02,Pre-bloom,2017-02-16,1,Transect_912350450_2017-02-16_8,912350450 1
912350452,Adelaide,NA,GSV127,Semaphore,-34.8471,138.44595,8.3,2017-02-16,6,RLS,Pre-bloom,2017-02,Pre-bloom,2017-02-16,1,Transect_912350452_2017-02-16_8.3,912350452 1
912350453,Adelaide,NA,GSV127,Semaphore,-34.8471,138.44595,8.2,2017-02-16,6,RLS,Pre-bloom,2017-02,Pre-bloom,2017-02-16,1,Transect_912350453_2017-02-16_8.2,912350453 1
912350476,Encounter,Encounter Marine Park,GSV113,Yankalilla Mouth,-35.4655,138.29465,2.3,2017-03-15,16,RLS,Pre-bloom,2017-02,Pre-bloom,2017-02-14,1,Transect_912350476_2017-03-15_2.3,912350476 1
912350479,Encounter,Encounter Marine Park,GSV106,Normanville Beach,-35.44665,138.30497,2.1,2017-03-15,16,RLS,Pre-bloom,2017-02,Pre-bloom,2017-02-14,1,Transect_912350479_2017-03-15_2.1,912350479 1
912350480,Encounter,Encounter Marine Park,GSV106,Normanville Beach,-35.44665,138.30497,2.3,2017-03-15,16,RLS,Pre-bloom,2017-02,Pre-bloom,2017-02-14,2,Transect_912350480_2017-03-15_2.3,912350480 2
912350481,Encounter,Encounter Marine Park,GSV106,Normanville Beach,-35.44665,138.30497,2.2,2017-03-15,16,RLS,Pre-bloom,2017-02,Pre-bloom,2017-02-14,1,Transect_912350481_2017-03-15_2.2,912350481 1
912350481,Encounter,Encounter Marine Park,GSV106,Normanville Beach,-35.44665,138.30497,2.2,2017-03-15,16,RLS,Pre-bloom,2017-02,Pre-bloom,2017-02-14,2,Transect_912350481_2017-03-15_2.2,912350481 2
912350508,Encounter,Encounter Marine Park,GSV138,Moana outside,-35.2065,138.4622,5.1,2017-03-23,16,RLS,Pre-bloom,2017-02,Pre-bloom,2017-02-14,1,Transect_912350508_2017-03-23_5.1,912350508 1
912350508,Encounter,Encounter Marine Park,GSV138,Moana outside,-35.2065,138.4622,5.1,2017-03-23,16,RLS,Pre-bloom,2017-02,Pre-bloom,2017-02-14,2,Transect_912350508_2017-03-23_5.1,912350508 2
912350509,Encounter,Encounter Marine Park,GSV138,Moana outside,-35.2065,138.4622,5.3,2017-03-23,16,RLS,Pre-bloom,2017-02,Pre-bloom,2017-02-14,1,Transect_912350509_2017-03-23_5.3,912350509 1
912350523,Encounter,Encounter Marine Park,GSV118,Backstairs Deep,-35.64782,138.25916999999998,10,2017-04-06,16,RLS,Pre-bloom,2017-02,Pre-bloom,2017-02-14,1,Transect_912350523_2017-04-06_10,912350523 1
912350523,Encounter,Encounter Marine Park,GSV118,Backstairs Deep,-35.64782,138.25916999999998,10,2017-04-06,16,RLS,Pre-bloom,2017-02,Pre-bloom,2017-02-14,2,Transect_912350523_2017-04-06_10,912350523 2
912350524,Encounter,Encounter Marine Park,GSV118,Backstairs Deep,-35.64782,138.25916999999998,10.1,2017-04-06,16,RLS,Pre-bloom,2017-02,Pre-bloom,2017-02-14,1,Transect_912350524_2017-04-06_10.1,912350524 1
912350524,Encounter,Encounter Marine Park,GSV118,Backstairs Deep,-35.64782,138.25916999999998,10.1,2017-04-06,16,RLS,Pre-bloom,2017-02,Pre-bloom,2017-02-14,2,Transect_912350524_2017-04-06_10.1,912350524 2
912350525,Encounter,Encounter Marine Park,GSV118,Backstairs Deep,-35.64782,138.25916999999998,10.3,2017-04-06,16,RLS,Pre-bloom,2017-02,Pre-bloom,2017-02-14,1,Transect_912350525_2017-04-06_10.3,912350525 1
912350525,Encounter,Encounter Marine Park,GSV118,Backstairs Deep,-35.64782,138.25916999999998,10.3,2017-04-06,16,RLS,Pre-bloom,2017-02,Pre-bloom,2017-02-14,2,Transect_912350525_2017-04-06_10.3,912350525 2
912350526,Encounter,Encounter Marine Park,GSV118,Backstairs Deep,-35.64782,138.25916999999998,10.2,2017-04-06,16,RLS,Pre-bloom,2017-02,Pre-bloom,2017-02-14,1,Transect_912350526_2017-04-06_10.2,912350526 1
912350527,Encounter,Encounter Marine Park,GSV119,Deep Creek,-35.65469,138.24448,5,2017-04-06,16,RLS,Pre-bloom,2017-02,Pre-bloom,2017-02-14,2,Transect_912350527_2017-04-06_5,912350527 2
912350529,Encounter,Encounter Marine Park,GSV119,Deep Creek,-35.65469,138.24448,5.3,2017-04-06,16,RLS,Pre-bloom,2017-02,Pre-bloom,2017-02-14,1,Transect_912350529_2017-04-06_5.3,912350529 1
912350529,Encounter,Encounter Marine Park,GSV119,Deep Creek,-35.65469,138.24448,5.3,2017-04-06,16,RLS,Pre-bloom,2017-02,Pre-bloom,2017-02-14,2,Transect_912350529_2017-04-06_5.3,912350529 2
912350530,Encounter,Encounter Marine Park,GSV119,Deep Creek,-35.65469,138.24448,5.2,2017-04-06,16,RLS,Pre-bloom,2017-02,Pre-bloom,2017-02-14,1,Transect_912350530_2017-04-06_5.2,912350530 1
912350531,Encounter,Encounter Marine Park,GSV39,Fishery Beach,-35.63411,138.11183,5,2017-04-12,16,RLS,Pre-bloom,2017-02,Pre-bloom,2017-02-14,1,Transect_912350531_2017-04-12_5,912350531 1
912350532,Encounter,Encounter Marine Park,GSV39,Fishery Beach,-35.63411,138.11183,5.1,2017-04-12,16,RLS,Pre-bloom,2017-02,Pre-bloom,2017-02-14,1,Transect_912350532_2017-04-12_5.1,912350532 1
912350532,Encounter,Encounter Marine Park,GSV39,Fishery Beach,-35.63411,138.11183,5.1,2017-04-12,16,RLS,Pre-bloom,2017-02,Pre-bloom,2017-02-14,2,Transect_912350532_2017-04-12_5.1,912350532 2
912350533,Encounter,Encounter Marine Park,GSV39,Fishery Beach,-35.63411,138.11183,5.3,2017-04-12,16,RLS,Pre-bloom,2017-02,Pre-bloom,2017-02-14,1,Transect_912350533_2017-04-12_5.3,912350533 1
912350534,Encounter,Encounter Marine Park,GSV39,Fishery Beach,-35.63411,138.11183,5.2,2017-04-12,16,RLS,Pre-bloom,2017-02,Pre-bloom,2017-02-14,1,Transect_912350534_2017-04-12_5.2,912350534 1
912350536,Encounter,Encounter Marine Park,GSV40,Whalebone Reef,-35.5714,138.61166,5.1,2017-04-15,16,RLS,Pre-bloom,2017-02,Pre-bloom,2017-02-14,1,Transect_912350536_2017-04-15_5.1,912350536 1
912350537,Encounter,Encounter Marine Park,GSV40,Whalebone Reef,-35.5714,138.61166,5.3,2017-04-15,16,RLS,Pre-bloom,2017-02,Pre-bloom,2017-02-14,2,Transect_912350537_2017-04-15_5.3,912350537 2
912350538,Encounter,Encounter Marine Park,GSV40,Whalebone Reef,-35.5714,138.61166,5.2,2017-04-15,16,RLS,Pre-bloom,2017-02,Pre-bloom,2017-02-14,1,Transect_912350538_2017-04-15_5.2,912350538 1
912350538,Encounter,Encounter Marine Park,GSV40,Whalebone Reef,-35.5714,138.61166,5.2,2017-04-15,16,RLS,Pre-bloom,2017-02,Pre-bloom,2017-02-14,2,Transect_912350538_2017-04-15_5.2,912350538 2
912350540,Encounter,Encounter Marine Park,GSV17,The Bluff,-35.58887,138.60553000000002,5,2017-04-15,16,RLS,Pre-bloom,2017-02,Pre-bloom,2017-02-14,2,Transect_912350540_2017-04-15_5,912350540 2
912350541,Encounter,Encounter Marine Park,GSV17,The Bluff,-35.58887,138.60553000000002,5.3,2017-04-15,16,RLS,Pre-bloom,2017-02,Pre-bloom,2017-02-14,1,Transect_912350541_2017-04-15_5.3,912350541 1
912350543,Encounter,Encounter Marine Park,GSV11,Outside Granite island,-35.56754,138.63158,5,2017-04-14,16,RLS,Pre-bloom,2017-02,Pre-bloom,2017-02-14,1,Transect_912350543_2017-04-14_5,912350543 1
912350543,Encounter,Encounter Marine Park,GSV11,Outside Granite island,-35.56754,138.63158,5,2017-04-14,16,RLS,Pre-bloom,2017-02,Pre-bloom,2017-02-14,2,Transect_912350543_2017-04-14_5,912350543 2
912350544,Encounter,Encounter Marine Park,GSV11,Outside Granite island,-35.56754,138.63158,5.1,2017-04-14,16,RLS,Pre-bloom,2017-02,Pre-bloom,2017-02-14,2,Transect_912350544_2017-04-14_5.1,912350544 2
912350547,Encounter,Encounter Marine Park,GSV107,Olivers Reef,-35.54715,138.63821000000002,5,2017-04-14,16,RLS,Pre-bloom,2017-02,Pre-bloom,2017-02-14,1,Transect_912350547_2017-04-14_5,912350547 1
912350547,Encounter,Encounter Marine Park,GSV107,Olivers Reef,-35.54715,138.63821000000002,5,2017-04-14,16,RLS,Pre-bloom,2017-02,Pre-bloom,2017-02-14,2,Transect_912350547_2017-04-14_5,912350547 2
912350548,Encounter,Encounter Marine Park,GSV107,Olivers Reef,-35.54715,138.63821000000002,5.1,2017-04-14,16,RLS,Pre-bloom,2017-02,Pre-bloom,2017-02-14,1,Transect_912350548_2017-04-14_5.1,912350548 1
912350548,Encounter,Encounter Marine Park,GSV107,Olivers Reef,-35.54715,138.63821000000002,5.1,2017-04-14,16,RLS,Pre-bloom,2017-02,Pre-bloom,2017-02-14,2,Transect_912350548_2017-04-14_5.1,912350548 2
912350549,Encounter,Encounter Marine Park,GSV107,Olivers Reef,-35.54715,138.63821000000002,5.3,2017-04-14,16,RLS,Pre-bloom,2017-02,Pre-bloom,2017-02-14,1,Transect_912350549_2017-04-14_5.3,912350549 1
912350549,Encounter,Encounter Marine Park,GSV107,Olivers Reef,-35.54715,138.63821000000002,5.3,2017-04-14,16,RLS,Pre-bloom,2017-02,Pre-bloom,2017-02-14,2,Transect_912350549_2017-04-14_5.3,912350549 2
912350550,Encounter,Encounter Marine Park,GSV107,Olivers Reef,-35.54715,138.63821000000002,5.2,2017-04-14,16,RLS,Pre-bloom,2017-02,Pre-bloom,2017-02-14,1,Transect_912350550_2017-04-14_5.2,912350550 1
912350550,Encounter,Encounter Marine Park,GSV107,Olivers Reef,-35.54715,138.63821000000002,5.2,2017-04-14,16,RLS,Pre-bloom,2017-02,Pre-bloom,2017-02-14,2,Transect_912350550_2017-04-14_5.2,912350550 2
912350559,Encounter,Encounter Marine Park,GSV14,Newland Head,-35.64094,138.52662,5,2017-05-10,16,RLS,Pre-bloom,2017-02,Pre-bloom,2017-02-14,1,Transect_912350559_2017-05-10_5,912350559 1
912350559,Encounter,Encounter Marine Park,GSV14,Newland Head,-35.64094,138.52662,5,2017-05-10,16,RLS,Pre-bloom,2017-02,Pre-bloom,2017-02-14,2,Transect_912350559_2017-05-10_5,912350559 2
912350560,Encounter,Encounter Marine Park,GSV14,Newland Head,-35.64094,138.52662,5.1,2017-05-10,16,RLS,Pre-bloom,2017-02,Pre-bloom,2017-02-14,1,Transect_912350560_2017-05-10_5.1,912350560 1
912350561,Encounter,Encounter Marine Park,GSV14,Newland Head,-35.64094,138.52662,5.3,2017-05-10,16,RLS,Pre-bloom,2017-02,Pre-bloom,2017-02-14,1,Transect_912350561_2017-05-10_5.3,912350561 1
912350562,Encounter,Encounter Marine Park,GSV14,Newland Head,-35.64094,138.52662,5.2,2017-05-10,16,RLS,Pre-bloom,2017-02,Pre-bloom,2017-02-14,1,Transect_912350562_2017-05-10_5.2,912350562 1
912350562,Encounter,Encounter Marine Park,GSV14,Newland Head,-35.64094,138.52662,5.2,2017-05-10,16,RLS,Pre-bloom,2017-02,Pre-bloom,2017-02-14,2,Transect_912350562_2017-05-10_5.2,912350562 2
912350563,Encounter,Encounter Marine Park,GSV121,Encounter Deep,-35.577290000000005,138.61845,10,2017-05-09,16,RLS,Pre-bloom,2017-02,Pre-bloom,2017-02-14,1,Transect_912350563_2017-05-09_10,912350563 1
912350563,Encounter,Encounter Marine Park,GSV121,Encounter Deep,-35.577290000000005,138.61845,10,2017-05-09,16,RLS,Pre-bloom,2017-02,Pre-bloom,2017-02-14,2,Transect_912350563_2017-05-09_10,912350563 2
912350564,Encounter,Encounter Marine Park,GSV121,Encounter Deep,-35.577290000000005,138.61845,10.1,2017-05-09,16,RLS,Pre-bloom,2017-02,Pre-bloom,2017-02-14,1,Transect_912350564_2017-05-09_10.1,912350564 1
912350564,Encounter,Encounter Marine Park,GSV121,Encounter Deep,-35.577290000000005,138.61845,10.1,2017-05-09,16,RLS,Pre-bloom,2017-02,Pre-bloom,2017-02-14,2,Transect_912350564_2017-05-09_10.1,912350564 2
912350565,Encounter,Encounter Marine Park,GSV121,Encounter Deep,-35.577290000000005,138.61845,10.3,2017-05-09,16,RLS,Pre-bloom,2017-02,Pre-bloom,2017-02-14,1,Transect_912350565_2017-05-09_10.3,912350565 1
912350565,Encounter,Encounter Marine Park,GSV121,Encounter Deep,-35.577290000000005,138.61845,10.3,2017-05-09,16,RLS,Pre-bloom,2017-02,Pre-bloom,2017-02-14,2,Transect_912350565_2017-05-09_10.3,912350565 2
912350566,Encounter,Encounter Marine Park,GSV121,Encounter Deep,-35.577290000000005,138.61845,10.2,2017-05-09,16,RLS,Pre-bloom,2017-02,Pre-bloom,2017-02-14,1,Transect_912350566_2017-05-09_10.2,912350566 1
912350566,Encounter,Encounter Marine Park,GSV121,Encounter Deep,-35.577290000000005,138.61845,10.2,2017-05-09,16,RLS,Pre-bloom,2017-02,Pre-bloom,2017-02-14,2,Transect_912350566_2017-05-09_10.2,912350566 2
912350567,Encounter,Encounter Marine Park,GSV15,Flat Irons,-35.61781,138.55721,5.3,2017-05-09,16,RLS,Pre-bloom,2017-02,Pre-bloom,2017-02-14,2,Transect_912350567_2017-05-09_5.3,912350567 2
912350568,Encounter,Encounter Marine Park,GSV15,Flat Irons,-35.61781,138.55721,5.2,2017-05-09,16,RLS,Pre-bloom,2017-02,Pre-bloom,2017-02-14,2,Transect_912350568_2017-05-09_5.2,912350568 2
912350569,Encounter,Encounter Marine Park,GSV15,Flat Irons,-35.61781,138.55721,5,2017-05-09,16,RLS,Pre-bloom,2017-02,Pre-bloom,2017-02-14,1,Transect_912350569_2017-05-09_5,912350569 1
912350569,Encounter,Encounter Marine Park,GSV15,Flat Irons,-35.61781,138.55721,5,2017-05-09,16,RLS,Pre-bloom,2017-02,Pre-bloom,2017-02-14,2,Transect_912350569_2017-05-09_5,912350569 2
912350570,Encounter,Encounter Marine Park,GSV15,Flat Irons,-35.61781,138.55721,5.1,2017-05-09,16,RLS,Pre-bloom,2017-02,Pre-bloom,2017-02-14,1,Transect_912350570_2017-05-09_5.1,912350570 1
912350571,Encounter,Encounter Marine Park,GSV30,Porpoise Head,-35.66193,138.21451000000002,5,2017-06-01,17,RLS,Pre-bloom,2017-06,Pre-bloom,2017-06-01,1,Transect_912350571_2017-06-01_5,912350571 1
912350571,Encounter,Encounter Marine Park,GSV30,Porpoise Head,-35.66193,138.21451000000002,5,2017-06-01,17,RLS,Pre-bloom,2017-06,Pre-bloom,2017-06-01,2,Transect_912350571_2017-06-01_5,912350571 2
912350573,Encounter,Encounter Marine Park,GSV30,Porpoise Head,-35.66193,138.21451000000002,5.2,2017-06-01,17,RLS,Pre-bloom,2017-06,Pre-bloom,2017-06-01,1,Transect_912350573_2017-06-01_5.2,912350573 1
912350573,Encounter,Encounter Marine Park,GSV30,Porpoise Head,-35.66193,138.21451000000002,5.2,2017-06-01,17,RLS,Pre-bloom,2017-06,Pre-bloom,2017-06-01,2,Transect_912350573_2017-06-01_5.2,912350573 2
912350575,Encounter,Encounter Marine Park,COO19,Port Elliot Deep,-35.53933,138.68851,10,2017-06-13,17,RLS,Pre-bloom,2017-06,Pre-bloom,2017-06-01,1,Transect_912350575_2017-06-13_10,912350575 1
912350575,Encounter,Encounter Marine Park,COO19,Port Elliot Deep,-35.53933,138.68851,10,2017-06-13,17,RLS,Pre-bloom,2017-06,Pre-bloom,2017-06-01,2,Transect_912350575_2017-06-13_10,912350575 2
912350576,Encounter,Encounter Marine Park,COO19,Port Elliot Deep,-35.53933,138.68851,10.1,2017-06-13,17,RLS,Pre-bloom,2017-06,Pre-bloom,2017-06-01,1,Transect_912350576_2017-06-13_10.1,912350576 1
912350576,Encounter,Encounter Marine Park,COO19,Port Elliot Deep,-35.53933,138.68851,10.1,2017-06-13,17,RLS,Pre-bloom,2017-06,Pre-bloom,2017-06-01,2,Transect_912350576_2017-06-13_10.1,912350576 2
912350577,Encounter,Encounter Marine Park,COO19,Port Elliot Deep,-35.53933,138.68851,10.2,2017-06-13,17,RLS,Pre-bloom,2017-06,Pre-bloom,2017-06-01,1,Transect_912350577_2017-06-13_10.2,912350577 1
912350577,Encounter,Encounter Marine Park,COO19,Port Elliot Deep,-35.53933,138.68851,10.2,2017-06-13,17,RLS,Pre-bloom,2017-06,Pre-bloom,2017-06-01,2,Transect_912350577_2017-06-13_10.2,912350577 2
912350578,Encounter,Encounter Marine Park,COO19,Port Elliot Deep,-35.53933,138.68851,10.3,2017-06-13,17,RLS,Pre-bloom,2017-06,Pre-bloom,2017-06-01,1,Transect_912350578_2017-06-13_10.3,912350578 1
912350578,Encounter,Encounter Marine Park,COO19,Port Elliot Deep,-35.53933,138.68851,10.3,2017-06-13,17,RLS,Pre-bloom,2017-06,Pre-bloom,2017-06-01,2,Transect_912350578_2017-06-13_10.3,912350578 2
912350896,Encounter,Encounter Marine Park,GSV58,Penneshaw Pub,-35.71625,137.93896999999998,5,2018-02-12,18,RLS,Pre-bloom,2018-01,Pre-bloom,2018-01-20,1,Transect_912350896_2018-02-12_5,912350896 1
912350904,Encounter,Encounter Marine Park,GSV57,Grassy Knoll,-35.72388,137.98821999999998,5.3,2018-02-11,18,RLS,Pre-bloom,2018-01,Pre-bloom,2018-01-20,1,Transect_912350904_2018-02-11_5.3,912350904 1
912350905,Encounter,Encounter Marine Park,GSV57,Grassy Knoll,-35.72388,137.98821999999998,5.2,2018-02-11,18,RLS,Pre-bloom,2018-01,Pre-bloom,2018-01-20,1,Transect_912350905_2018-02-11_5.2,912350905 1
912350907,Encounter,Encounter Marine Park,GSV21,Cable Hut,-35.73268,138.0191,5.2,2018-02-11,18,RLS,Pre-bloom,2018-01,Pre-bloom,2018-01-20,1,Transect_912350907_2018-02-11_5.2,912350907 1
912350907,Encounter,Encounter Marine Park,GSV21,Cable Hut,-35.73268,138.0191,5.2,2018-02-11,18,RLS,Pre-bloom,2018-01,Pre-bloom,2018-01-20,2,Transect_912350907_2018-02-11_5.2,912350907 2
912350909,Encounter,Encounter Marine Park,GSV59,Puzzle Rock,-35.7215,137.98051999999998,5.2,2018-02-11,18,RLS,Pre-bloom,2018-01,Pre-bloom,2018-01-20,1,Transect_912350909_2018-02-11_5.2,912350909 1
912350911,Encounter,Encounter Marine Park,GSV55,Pancake Rock,-35.740829999999995,138.03985,5.2,2018-02-12,18,RLS,Pre-bloom,2018-01,Pre-bloom,2018-01-20,1,Transect_912350911_2018-02-12_5.2,912350911 1
912350912,Encounter,Encounter Marine Park,GSV58,Penneshaw Pub,-35.71625,137.93896999999998,5.3,2018-02-12,18,RLS,Pre-bloom,2018-01,Pre-bloom,2018-01-20,2,Transect_912350912_2018-02-12_5.3,912350912 2
912350917,Encounter,Encounter Marine Park,GSV4,Rapid Head,-35.52045,138.16443,5,2018-02-13,18,RLS,Pre-bloom,2018-01,Pre-bloom,2018-01-20,1,Transect_912350917_2018-02-13_5,912350917 1
912350918,Encounter,Encounter Marine Park,GSV4,Rapid Head,-35.52045,138.16443,5.1,2018-02-13,18,RLS,Pre-bloom,2018-01,Pre-bloom,2018-01-20,2,Transect_912350918_2018-02-13_5.1,912350918 2
912350920,Encounter,Encounter Marine Park,GSV4,Rapid Head,-35.52045,138.16443,5.2,2018-02-13,18,RLS,Pre-bloom,2018-01,Pre-bloom,2018-01-20,2,Transect_912350920_2018-02-13_5.2,912350920 2
912350921,Encounter,Encounter Marine Park,GSV43,Rapid Head SZ,-35.5186,138.17102,5.2,2018-02-13,18,RLS,Pre-bloom,2018-01,Pre-bloom,2018-01-20,1,Transect_912350921_2018-02-13_5.2,912350921 1
912350921,Encounter,Encounter Marine Park,GSV43,Rapid Head SZ,-35.5186,138.17102,5.2,2018-02-13,18,RLS,Pre-bloom,2018-01,Pre-bloom,2018-01-20,2,Transect_912350921_2018-02-13_5.2,912350921 2
912350925,Encounter,Encounter Marine Park,GSV43,Rapid Head SZ,-35.5186,138.17102,5,2018-02-13,18,RLS,Pre-bloom,2018-01,Pre-bloom,2018-01-20,1,Transect_912350925_2018-02-13_5,912350925 1
912350925,Encounter,Encounter Marine Park,GSV43,Rapid Head SZ,-35.5186,138.17102,5,2018-02-13,18,RLS,Pre-bloom,2018-01,Pre-bloom,2018-01-20,2,Transect_912350925_2018-02-13_5,912350925 2
912350929,Encounter,Encounter Marine Park,GSV1,Carrickalinga (toilet),-35.42445,138.31902,5.3,2018-03-07,18,RLS,Pre-bloom,2018-01,Pre-bloom,2018-01-20,1,Transect_912350929_2018-03-07_5.3,912350929 1
912350935,Encounter,Encounter Marine Park,GSV4,Rapid Head,-35.52045,138.16443,5,2018-03-15,18,RLS,Pre-bloom,2018-01,Pre-bloom,2018-01-20,1,Transect_912350935_2018-03-15_5,912350935 1
912350943,Encounter,Encounter Marine Park,GSV46,Carrickalinga North Site 2,-35.37312,138.37358,5.3,2018-04-30,19,RLS,Pre-bloom,2018-04,Pre-bloom,2018-04-10,1,Transect_912350943_2018-04-30_5.3,912350943 1
912350943,Encounter,Encounter Marine Park,GSV46,Carrickalinga North Site 2,-35.37312,138.37358,5.3,2018-04-30,19,RLS,Pre-bloom,2018-04,Pre-bloom,2018-04-10,2,Transect_912350943_2018-04-30_5.3,912350943 2
912350944,Encounter,Encounter Marine Park,GSV46,Carrickalinga North Site 2,-35.37312,138.37358,5.2,2018-04-30,19,RLS,Pre-bloom,2018-04,Pre-bloom,2018-04-10,2,Transect_912350944_2018-04-30_5.2,912350944 2
912350949,Encounter,Encounter Marine Park,GSV42,Rapid Head SZ Site2,-35.52262,138.16308999999998,5,2018-05-16,19,RLS,Pre-bloom,2018-04,Pre-bloom,2018-04-10,1,Transect_912350949_2018-05-16_5,912350949 1
912350949,Encounter,Encounter Marine Park,GSV42,Rapid Head SZ Site2,-35.52262,138.16308999999998,5,2018-05-16,19,RLS,Pre-bloom,2018-04,Pre-bloom,2018-04-10,2,Transect_912350949_2018-05-16_5,912350949 2
912350951,Encounter,Encounter Marine Park,GSV42,Rapid Head SZ Site2,-35.52262,138.16308999999998,5.3,2018-05-16,19,RLS,Pre-bloom,2018-04,Pre-bloom,2018-04-10,2,Transect_912350951_2018-05-16_5.3,912350951 2
912350952,Encounter,Encounter Marine Park,GSV42,Rapid Head SZ Site2,-35.52262,138.16308999999998,5.2,2018-05-16,19,RLS,Pre-bloom,2018-04,Pre-bloom,2018-04-10,1,Transect_912350952_2018-05-16_5.2,912350952 1
912350952,Encounter,Encounter Marine Park,GSV42,Rapid Head SZ Site2,-35.52262,138.16308999999998,5.2,2018-05-16,19,RLS,Pre-bloom,2018-04,Pre-bloom,2018-04-10,2,Transect_912350952_2018-05-16_5.2,912350952 2
912350953,Encounter,Encounter Marine Park,GSV41,Rapid Head East,-35.519459999999995,138.17719,5,2018-05-16,19,RLS,Pre-bloom,2018-04,Pre-bloom,2018-04-10,1,Transect_912350953_2018-05-16_5,912350953 1
912350956,Encounter,Encounter Marine Park,GSV41,Rapid Head East,-35.519459999999995,138.17719,5.2,2018-05-16,19,RLS,Pre-bloom,2018-04,Pre-bloom,2018-04-10,1,Transect_912350956_2018-05-16_5.2,912350956 1
912350965,Encounter,Encounter Marine Park,GSV26,2nd Valley Boat Shed,-35.50945,138.21448999999998,5,2018-03-14,18,RLS,Pre-bloom,2018-01,Pre-bloom,2018-01-20,2,Transect_912350965_2018-03-14_5,912350965 2
912350967,Encounter,Encounter Marine Park,GSV18,Morgans,-35.58845,138.10838,5.2,2018-03-14,18,RLS,Pre-bloom,2018-01,Pre-bloom,2018-01-20,1,Transect_912350967_2018-03-14_5.2,912350967 1
912350968,Encounter,Encounter Marine Park,GSV18,Morgans,-35.58845,138.10838,5.3,2018-03-14,18,RLS,Pre-bloom,2018-01,Pre-bloom,2018-01-20,1,Transect_912350968_2018-03-14_5.3,912350968 1
912350968,Encounter,Encounter Marine Park,GSV18,Morgans,-35.58845,138.10838,5.3,2018-03-14,18,RLS,Pre-bloom,2018-01,Pre-bloom,2018-01-20,2,Transect_912350968_2018-03-14_5.3,912350968 2
912350978,Encounter,Encounter Marine Park,GSV9,Dodd's Beach,-35.40416,138.33043,5.1,2018-03-07,18,RLS,Pre-bloom,2018-01,Pre-bloom,2018-01-20,2,Transect_912350978_2018-03-07_5.1,912350978 2
912350979,Encounter,Encounter Marine Park,GSV1,Carrickalinga (toilet),-35.42445,138.31902,5,2018-03-07,18,RLS,Pre-bloom,2018-01,Pre-bloom,2018-01-20,2,Transect_912350979_2018-03-07_5,912350979 2
912350995,Encounter,Encounter Marine Park,GSV106,Normanville Beach,-35.44665,138.30497,2,2018-02-20,18,RLS,Pre-bloom,2018-01,Pre-bloom,2018-01-20,1,Transect_912350995_2018-02-20_2,912350995 1
912350996,Encounter,Encounter Marine Park,GSV106,Normanville Beach,-35.44665,138.30497,2.1,2018-02-20,18,RLS,Pre-bloom,2018-01,Pre-bloom,2018-01-20,2,Transect_912350996_2018-02-20_2.1,912350996 2
912350998,Encounter,Encounter Marine Park,GSV106,Normanville Beach,-35.44665,138.30497,2.2,2018-02-20,18,RLS,Pre-bloom,2018-01,Pre-bloom,2018-01-20,2,Transect_912350998_2018-02-20_2.2,912350998 2
912351003,Encounter,Encounter Marine Park,GSV11,Outside Granite island,-35.56754,138.63158,5,2018-01-27,18,RLS,Pre-bloom,2018-01,Pre-bloom,2018-01-20,1,Transect_912351003_2018-01-27_5,912351003 1
912351003,Encounter,Encounter Marine Park,GSV11,Outside Granite island,-35.56754,138.63158,5,2018-01-27,18,RLS,Pre-bloom,2018-01,Pre-bloom,2018-01-20,2,Transect_912351003_2018-01-27_5,912351003 2
912351004,Encounter,Encounter Marine Park,GSV11,Outside Granite island,-35.56754,138.63158,5.1,2018-01-27,18,RLS,Pre-bloom,2018-01,Pre-bloom,2018-01-20,1,Transect_912351004_2018-01-27_5.1,912351004 1
912351005,Encounter,Encounter Marine Park,GSV11,Outside Granite island,-35.56754,138.63158,5.3,2018-01-27,18,RLS,Pre-bloom,2018-01,Pre-bloom,2018-01-20,1,Transect_912351005_2018-01-27_5.3,912351005 1
912351005,Encounter,Encounter Marine Park,GSV11,Outside Granite island,-35.56754,138.63158,5.3,2018-01-27,18,RLS,Pre-bloom,2018-01,Pre-bloom,2018-01-20,2,Transect_912351005_2018-01-27_5.3,912351005 2
912351006,Encounter,Encounter Marine Park,GSV11,Outside Granite island,-35.56754,138.63158,5.2,2018-01-27,18,RLS,Pre-bloom,2018-01,Pre-bloom,2018-01-20,1,Transect_912351006_2018-01-27_5.2,912351006 1
912351006,Encounter,Encounter Marine Park,GSV11,Outside Granite island,-35.56754,138.63158,5.2,2018-01-27,18,RLS,Pre-bloom,2018-01,Pre-bloom,2018-01-20,2,Transect_912351006_2018-01-27_5.2,912351006 2
912351007,Encounter,Encounter Marine Park,GSV107,Olivers Reef,-35.54715,138.63821000000002,5,2018-01-27,18,RLS,Pre-bloom,2018-01,Pre-bloom,2018-01-20,2,Transect_912351007_2018-01-27_5,912351007 2
912351008,Encounter,Encounter Marine Park,GSV107,Olivers Reef,-35.54715,138.63821000000002,5.1,2018-01-27,18,RLS,Pre-bloom,2018-01,Pre-bloom,2018-01-20,1,Transect_912351008_2018-01-27_5.1,912351008 1
912351008,Encounter,Encounter Marine Park,GSV107,Olivers Reef,-35.54715,138.63821000000002,5.1,2018-01-27,18,RLS,Pre-bloom,2018-01,Pre-bloom,2018-01-20,2,Transect_912351008_2018-01-27_5.1,912351008 2
912351009,Encounter,Encounter Marine Park,GSV107,Olivers Reef,-35.54715,138.63821000000002,5.3,2018-01-27,18,RLS,Pre-bloom,2018-01,Pre-bloom,2018-01-20,2,Transect_912351009_2018-01-27_5.3,912351009 2
912351010,Encounter,Encounter Marine Park,GSV107,Olivers Reef,-35.54715,138.63821000000002,5.2,2018-01-27,18,RLS,Pre-bloom,2018-01,Pre-bloom,2018-01-20,1,Transect_912351010_2018-01-27_5.2,912351010 1
912351010,Encounter,Encounter Marine Park,GSV107,Olivers Reef,-35.54715,138.63821000000002,5.2,2018-01-27,18,RLS,Pre-bloom,2018-01,Pre-bloom,2018-01-20,2,Transect_912351010_2018-01-27_5.2,912351010 2
912351011,Encounter,Encounter Marine Park,GSV40,Whalebone Reef,-35.5714,138.61166,5,2018-01-27,18,RLS,Pre-bloom,2018-01,Pre-bloom,2018-01-20,2,Transect_912351011_2018-01-27_5,912351011 2
912351012,Encounter,Encounter Marine Park,GSV40,Whalebone Reef,-35.5714,138.61166,5.1,2018-01-27,18,RLS,Pre-bloom,2018-01,Pre-bloom,2018-01-20,2,Transect_912351012_2018-01-27_5.1,912351012 2
912351013,Encounter,Encounter Marine Park,GSV40,Whalebone Reef,-35.5714,138.61166,5.3,2018-01-27,18,RLS,Pre-bloom,2018-01,Pre-bloom,2018-01-20,1,Transect_912351013_2018-01-27_5.3,912351013 1
912351016,Encounter,Encounter Marine Park,GSV15,Flat Irons,-35.61781,138.55721,5.1,2018-01-28,18,RLS,Pre-bloom,2018-01,Pre-bloom,2018-01-20,2,Transect_912351016_2018-01-28_5.1,912351016 2
912351017,Encounter,Encounter Marine Park,GSV15,Flat Irons,-35.61781,138.55721,5.3,2018-01-28,18,RLS,Pre-bloom,2018-01,Pre-bloom,2018-01-20,2,Transect_912351017_2018-01-28_5.3,912351017 2
912351018,Encounter,Encounter Marine Park,GSV15,Flat Irons,-35.61781,138.55721,5.2,2018-01-28,18,RLS,Pre-bloom,2018-01,Pre-bloom,2018-01-20,2,Transect_912351018_2018-01-28_5.2,912351018 2
912351019,Encounter,Encounter Marine Park,GSV14,Newland Head,-35.64094,138.52662,5.3,2018-01-28,18,RLS,Pre-bloom,2018-01,Pre-bloom,2018-01-20,1,Transect_912351019_2018-01-28_5.3,912351019 1
912351020,Encounter,Encounter Marine Park,GSV14,Newland Head,-35.64094,138.52662,5.2,2018-01-28,18,RLS,Pre-bloom,2018-01,Pre-bloom,2018-01-20,2,Transect_912351020_2018-01-28_5.2,912351020 2
912351021,Encounter,Encounter Marine Park,GSV14,Newland Head,-35.64094,138.52662,5,2018-01-28,18,RLS,Pre-bloom,2018-01,Pre-bloom,2018-01-20,1,Transect_912351021_2018-01-28_5,912351021 1
912351023,Encounter,Encounter Marine Park,GSV118,Backstairs Deep,-35.64782,138.25916999999998,10,2018-02-07,18,RLS,Pre-bloom,2018-01,Pre-bloom,2018-01-20,1,Transect_912351023_2018-02-07_10,912351023 1
912351023,Encounter,Encounter Marine Park,GSV118,Backstairs Deep,-35.64782,138.25916999999998,10,2018-02-07,18,RLS,Pre-bloom,2018-01,Pre-bloom,2018-01-20,2,Transect_912351023_2018-02-07_10,912351023 2
912351032,Encounter,Encounter Marine Park,GSV138,Moana outside,-35.2065,138.4622,5.1,2018-01-20,18,RLS,Pre-bloom,2018-01,Pre-bloom,2018-01-20,2,Transect_912351032_2018-01-20_5.1,912351032 2
912351047,Encounter,Encounter Marine Park,GSV113,Yankalilla Mouth,-35.4655,138.29465,2,2018-02-06,18,RLS,Pre-bloom,2018-01,Pre-bloom,2018-01-20,2,Transect_912351047_2018-02-06_2,912351047 2
912351048,Encounter,Encounter Marine Park,GSV113,Yankalilla Mouth,-35.4655,138.29465,2.1,2018-02-06,18,RLS,Pre-bloom,2018-01,Pre-bloom,2018-01-20,1,Transect_912351048_2018-02-06_2.1,912351048 1
912351049,Encounter,Encounter Marine Park,GSV113,Yankalilla Mouth,-35.4655,138.29465,2.3,2018-02-06,18,RLS,Pre-bloom,2018-01,Pre-bloom,2018-01-20,2,Transect_912351049_2018-02-06_2.3,912351049 2
912351052,Encounter,Encounter Marine Park,GSV110,Lady Bay,-35.47356,138.28116,2.1,2018-02-06,18,RLS,Pre-bloom,2018-01,Pre-bloom,2018-01-20,2,Transect_912351052_2018-02-06_2.1,912351052 2
912351059,Encounter,Encounter Marine Park,GSV121,Encounter Deep,-35.577290000000005,138.61845,10,2018-02-08,18,RLS,Pre-bloom,2018-01,Pre-bloom,2018-01-20,1,Transect_912351059_2018-02-08_10,912351059 1
912351059,Encounter,Encounter Marine Park,GSV121,Encounter Deep,-35.577290000000005,138.61845,10,2018-02-08,18,RLS,Pre-bloom,2018-01,Pre-bloom,2018-01-20,2,Transect_912351059_2018-02-08_10,912351059 2
912351060,Encounter,Encounter Marine Park,GSV121,Encounter Deep,-35.577290000000005,138.61845,10.1,2018-02-08,18,RLS,Pre-bloom,2018-01,Pre-bloom,2018-01-20,1,Transect_912351060_2018-02-08_10.1,912351060 1
912351060,Encounter,Encounter Marine Park,GSV121,Encounter Deep,-35.577290000000005,138.61845,10.1,2018-02-08,18,RLS,Pre-bloom,2018-01,Pre-bloom,2018-01-20,2,Transect_912351060_2018-02-08_10.1,912351060 2
912351061,Encounter,Encounter Marine Park,GSV121,Encounter Deep,-35.577290000000005,138.61845,10.3,2018-02-08,18,RLS,Pre-bloom,2018-01,Pre-bloom,2018-01-20,1,Transect_912351061_2018-02-08_10.3,912351061 1
912351061,Encounter,Encounter Marine Park,GSV121,Encounter Deep,-35.577290000000005,138.61845,10.3,2018-02-08,18,RLS,Pre-bloom,2018-01,Pre-bloom,2018-01-20,2,Transect_912351061_2018-02-08_10.3,912351061 2
912351062,Encounter,Encounter Marine Park,GSV121,Encounter Deep,-35.577290000000005,138.61845,10.2,2018-02-08,18,RLS,Pre-bloom,2018-01,Pre-bloom,2018-01-20,1,Transect_912351062_2018-02-08_10.2,912351062 1
912351062,Encounter,Encounter Marine Park,GSV121,Encounter Deep,-35.577290000000005,138.61845,10.2,2018-02-08,18,RLS,Pre-bloom,2018-01,Pre-bloom,2018-01-20,2,Transect_912351062_2018-02-08_10.2,912351062 2
912351071,Encounter,Encounter Marine Park,GSV30,Porpoise Head,-35.66193,138.21451000000002,5,2018-02-09,18,RLS,Pre-bloom,2018-01,Pre-bloom,2018-01-20,2,Transect_912351071_2018-02-09_5,912351071 2
912351072,Encounter,Encounter Marine Park,GSV30,Porpoise Head,-35.66193,138.21451000000002,5.1,2018-02-09,18,RLS,Pre-bloom,2018-01,Pre-bloom,2018-01-20,2,Transect_912351072_2018-02-09_5.1,912351072 2
912351073,Encounter,Encounter Marine Park,GSV30,Porpoise Head,-35.66193,138.21451000000002,5.3,2018-02-09,18,RLS,Pre-bloom,2018-01,Pre-bloom,2018-01-20,1,Transect_912351073_2018-02-09_5.3,912351073 1
912351073,Encounter,Encounter Marine Park,GSV30,Porpoise Head,-35.66193,138.21451000000002,5.3,2018-02-09,18,RLS,Pre-bloom,2018-01,Pre-bloom,2018-01-20,2,Transect_912351073_2018-02-09_5.3,912351073 2
912351075,Encounter,Encounter Marine Park,GSV39,Fishery Beach,-35.63411,138.11183,5,2018-02-09,18,RLS,Pre-bloom,2018-01,Pre-bloom,2018-01-20,2,Transect_912351075_2018-02-09_5,912351075 2
912351076,Encounter,Encounter Marine Park,GSV39,Fishery Beach,-35.63411,138.11183,5.1,2018-02-09,18,RLS,Pre-bloom,2018-01,Pre-bloom,2018-01-20,1,Transect_912351076_2018-02-09_5.1,912351076 1
912351078,Encounter,Encounter Marine Park,GSV39,Fishery Beach,-35.63411,138.11183,5.2,2018-02-09,18,RLS,Pre-bloom,2018-01,Pre-bloom,2018-01-20,1,Transect_912351078_2018-02-09_5.2,912351078 1
912351078,Encounter,Encounter Marine Park,GSV39,Fishery Beach,-35.63411,138.11183,5.2,2018-02-09,18,RLS,Pre-bloom,2018-01,Pre-bloom,2018-01-20,2,Transect_912351078_2018-02-09_5.2,912351078 2
912351106,Adelaide,NA,GSV127,Semaphore,-34.8471,138.44595,8.3,2018-01-25,8,RLS,Pre-bloom,2018-01,Pre-bloom,2018-01-25,1,Transect_912351106_2018-01-25_8.3,912351106 1
912351116,Encounter,Encounter Marine Park,COO19,Port Elliot Deep,-35.53933,138.68851,10,2018-04-10,19,RLS,Pre-bloom,2018-04,Pre-bloom,2018-04-10,2,Transect_912351116_2018-04-10_10,912351116 2
912351117,Encounter,Encounter Marine Park,COO19,Port Elliot Deep,-35.53933,138.68851,10.1,2018-04-10,19,RLS,Pre-bloom,2018-04,Pre-bloom,2018-04-10,1,Transect_912351117_2018-04-10_10.1,912351117 1
912351117,Encounter,Encounter Marine Park,COO19,Port Elliot Deep,-35.53933,138.68851,10.1,2018-04-10,19,RLS,Pre-bloom,2018-04,Pre-bloom,2018-04-10,2,Transect_912351117_2018-04-10_10.1,912351117 2
912351118,Encounter,Encounter Marine Park,COO19,Port Elliot Deep,-35.53933,138.68851,10.3,2018-04-10,19,RLS,Pre-bloom,2018-04,Pre-bloom,2018-04-10,1,Transect_912351118_2018-04-10_10.3,912351118 1
912351118,Encounter,Encounter Marine Park,COO19,Port Elliot Deep,-35.53933,138.68851,10.3,2018-04-10,19,RLS,Pre-bloom,2018-04,Pre-bloom,2018-04-10,2,Transect_912351118_2018-04-10_10.3,912351118 2
912351119,Encounter,Encounter Marine Park,COO19,Port Elliot Deep,-35.53933,138.68851,10.2,2018-04-10,19,RLS,Pre-bloom,2018-04,Pre-bloom,2018-04-10,2,Transect_912351119_2018-04-10_10.2,912351119 2
912351126,Encounter,Encounter Marine Park,GSV3,Carrickalinga Head,-35.398,138.33591,5.3,2018-05-16,19,RLS,Pre-bloom,2018-04,Pre-bloom,2018-04-10,1,Transect_912351126_2018-05-16_5.3,912351126 1
912351126,Encounter,Encounter Marine Park,GSV3,Carrickalinga Head,-35.398,138.33591,5.3,2018-05-16,19,RLS,Pre-bloom,2018-04,Pre-bloom,2018-04-10,2,Transect_912351126_2018-05-16_5.3,912351126 2
912351127,Encounter,Encounter Marine Park,GSV3,Carrickalinga Head,-35.398,138.33591,5.2,2018-05-16,19,RLS,Pre-bloom,2018-04,Pre-bloom,2018-04-10,1,Transect_912351127_2018-05-16_5.2,912351127 1
912352546,Encounter,Encounter Marine Park,GSV57,Grassy Knoll,-35.72388,137.98821999999998,5.2,2019-02-15,20,RLS,Pre-bloom,2019-02,Pre-bloom,2019-02-14,1,Transect_912352546_2019-02-15_5.2,912352546 1
912352546,Encounter,Encounter Marine Park,GSV57,Grassy Knoll,-35.72388,137.98821999999998,5.2,2019-02-15,20,RLS,Pre-bloom,2019-02,Pre-bloom,2019-02-14,2,Transect_912352546_2019-02-15_5.2,912352546 2
912352551,Encounter,Encounter Marine Park,GSV58,Penneshaw Pub,-35.71625,137.93896999999998,5.1,2019-02-16,20,RLS,Pre-bloom,2019-02,Pre-bloom,2019-02-14,1,Transect_912352551_2019-02-16_5.1,912352551 1
912352552,Encounter,Encounter Marine Park,GSV58,Penneshaw Pub,-35.71625,137.93896999999998,5.2,2019-02-16,20,RLS,Pre-bloom,2019-02,Pre-bloom,2019-02-14,1,Transect_912352552_2019-02-16_5.2,912352552 1
912352555,Encounter,Encounter Marine Park,GSV34,Nev's Windmills,-35.5526,138.12984,5.1,2019-02-17,20,RLS,Pre-bloom,2019-02,Pre-bloom,2019-02-14,1,Transect_912352555_2019-02-17_5.1,912352555 1
912352556,Encounter,Encounter Marine Park,GSV34,Nev's Windmills,-35.5526,138.12984,5.2,2019-02-17,20,RLS,Pre-bloom,2019-02,Pre-bloom,2019-02-14,1,Transect_912352556_2019-02-17_5.2,912352556 1
912352557,Encounter,Encounter Marine Park,GSV42,Rapid Head SZ Site2,-35.52262,138.16308999999998,5.1,2019-02-17,20,RLS,Pre-bloom,2019-02,Pre-bloom,2019-02-14,1,Transect_912352557_2019-02-17_5.1,912352557 1
912352557,Encounter,Encounter Marine Park,GSV42,Rapid Head SZ Site2,-35.52262,138.16308999999998,5.1,2019-02-17,20,RLS,Pre-bloom,2019-02,Pre-bloom,2019-02-14,2,Transect_912352557_2019-02-17_5.1,912352557 2
912352558,Encounter,Encounter Marine Park,GSV42,Rapid Head SZ Site2,-35.52262,138.16308999999998,5.2,2019-02-17,20,RLS,Pre-bloom,2019-02,Pre-bloom,2019-02-14,1,Transect_912352558_2019-02-17_5.2,912352558 1
912352559,Encounter,Encounter Marine Park,GSV43,Rapid Head SZ,-35.5186,138.17102,5.1,2019-02-17,20,RLS,Pre-bloom,2019-02,Pre-bloom,2019-02-14,1,Transect_912352559_2019-02-17_5.1,912352559 1
912352560,Encounter,Encounter Marine Park,GSV43,Rapid Head SZ,-35.5186,138.17102,5.2,2019-02-17,20,RLS,Pre-bloom,2019-02,Pre-bloom,2019-02-14,1,Transect_912352560_2019-02-17_5.2,912352560 1
912352560,Encounter,Encounter Marine Park,GSV43,Rapid Head SZ,-35.5186,138.17102,5.2,2019-02-17,20,RLS,Pre-bloom,2019-02,Pre-bloom,2019-02-14,2,Transect_912352560_2019-02-17_5.2,912352560 2
912352561,Encounter,Encounter Marine Park,GSV46,Carrickalinga North Site 2,-35.37312,138.37358,5.1,2019-02-19,20,RLS,Pre-bloom,2019-02,Pre-bloom,2019-02-14,1,Transect_912352561_2019-02-19_5.1,912352561 1
912352562,Encounter,Encounter Marine Park,GSV46,Carrickalinga North Site 2,-35.37312,138.37358,5.2,2019-02-19,20,RLS,Pre-bloom,2019-02,Pre-bloom,2019-02-14,1,Transect_912352562_2019-02-19_5.2,912352562 1
912352562,Encounter,Encounter Marine Park,GSV46,Carrickalinga North Site 2,-35.37312,138.37358,5.2,2019-02-19,20,RLS,Pre-bloom,2019-02,Pre-bloom,2019-02-14,2,Transect_912352562_2019-02-19_5.2,912352562 2
912352563,Encounter,Encounter Marine Park,GSV7,Myponga South,-35.3882,138.3492,5.1,2019-02-19,20,RLS,Pre-bloom,2019-02,Pre-bloom,2019-02-14,1,Transect_912352563_2019-02-19_5.1,912352563 1
912352563,Encounter,Encounter Marine Park,GSV7,Myponga South,-35.3882,138.3492,5.1,2019-02-19,20,RLS,Pre-bloom,2019-02,Pre-bloom,2019-02-14,2,Transect_912352563_2019-02-19_5.1,912352563 2
912352564,Encounter,Encounter Marine Park,GSV7,Myponga South,-35.3882,138.3492,5.2,2019-02-19,20,RLS,Pre-bloom,2019-02,Pre-bloom,2019-02-14,1,Transect_912352564_2019-02-19_5.2,912352564 1
912352565,Encounter,Encounter Marine Park,GSV4,Rapid Head,-35.52045,138.16443,5.1,2019-02-20,20,RLS,Pre-bloom,2019-02,Pre-bloom,2019-02-14,1,Transect_912352565_2019-02-20_5.1,912352565 1
912352566,Encounter,Encounter Marine Park,GSV4,Rapid Head,-35.52045,138.16443,5.2,2019-02-20,20,RLS,Pre-bloom,2019-02,Pre-bloom,2019-02-14,1,Transect_912352566_2019-02-20_5.2,912352566 1
912352567,Encounter,Encounter Marine Park,GSV5,Rapid Head South,-35.53145,138.1519,5.1,2019-02-20,20,RLS,Pre-bloom,2019-02,Pre-bloom,2019-02-14,1,Transect_912352567_2019-02-20_5.1,912352567 1
912352567,Encounter,Encounter Marine Park,GSV5,Rapid Head South,-35.53145,138.1519,5.1,2019-02-20,20,RLS,Pre-bloom,2019-02,Pre-bloom,2019-02-14,2,Transect_912352567_2019-02-20_5.1,912352567 2
912352568,Encounter,Encounter Marine Park,GSV5,Rapid Head South,-35.53145,138.1519,5.2,2019-02-20,20,RLS,Pre-bloom,2019-02,Pre-bloom,2019-02-14,1,Transect_912352568_2019-02-20_5.2,912352568 1
912352570,Encounter,Encounter Marine Park,GSV41,Rapid Head East,-35.519459999999995,138.17719,5.2,2019-02-18,20,RLS,Pre-bloom,2019-02,Pre-bloom,2019-02-14,1,Transect_912352570_2019-02-18_5.2,912352570 1
912352571,Encounter,Encounter Marine Park,GSV26,2nd Valley Boat Shed,-35.50945,138.21448999999998,5.1,2019-02-18,20,RLS,Pre-bloom,2019-02,Pre-bloom,2019-02-14,1,Transect_912352571_2019-02-18_5.1,912352571 1
912352571,Encounter,Encounter Marine Park,GSV26,2nd Valley Boat Shed,-35.50945,138.21448999999998,5.1,2019-02-18,20,RLS,Pre-bloom,2019-02,Pre-bloom,2019-02-14,2,Transect_912352571_2019-02-18_5.1,912352571 2
912352579,Encounter,Encounter Marine Park,GSV21,Cable Hut,-35.73268,138.0191,5.4,2019-02-16,20,RLS,Pre-bloom,2019-02,Pre-bloom,2019-02-14,1,Transect_912352579_2019-02-16_5.4,912352579 1
912352580,Encounter,Encounter Marine Park,GSV21,Cable Hut,-35.73268,138.0191,5.3,2019-02-16,20,RLS,Pre-bloom,2019-02,Pre-bloom,2019-02-14,2,Transect_912352580_2019-02-16_5.3,912352580 2
912352581,Encounter,Encounter Marine Park,GSV58,Penneshaw Pub,-35.71625,137.93896999999998,5.4,2019-02-16,20,RLS,Pre-bloom,2019-02,Pre-bloom,2019-02-14,2,Transect_912352581_2019-02-16_5.4,912352581 2
912352582,Encounter,Encounter Marine Park,GSV58,Penneshaw Pub,-35.71625,137.93896999999998,5.3,2019-02-16,20,RLS,Pre-bloom,2019-02,Pre-bloom,2019-02-14,2,Transect_912352582_2019-02-16_5.3,912352582 2
912352583,Encounter,Encounter Marine Park,GSV18,Morgans,-35.58845,138.10838,5.4,2019-02-16,20,RLS,Pre-bloom,2019-02,Pre-bloom,2019-02-14,1,Transect_912352583_2019-02-16_5.4,912352583 1
912352584,Encounter,Encounter Marine Park,GSV18,Morgans,-35.58845,138.10838,5.3,2019-02-16,20,RLS,Pre-bloom,2019-02,Pre-bloom,2019-02-14,1,Transect_912352584_2019-02-16_5.3,912352584 1
912352587,Encounter,Encounter Marine Park,GSV42,Rapid Head SZ Site2,-35.52262,138.16308999999998,5.4,2019-02-17,20,RLS,Pre-bloom,2019-02,Pre-bloom,2019-02-14,2,Transect_912352587_2019-02-17_5.4,912352587 2
912352588,Encounter,Encounter Marine Park,GSV42,Rapid Head SZ Site2,-35.52262,138.16308999999998,5.3,2019-02-17,20,RLS,Pre-bloom,2019-02,Pre-bloom,2019-02-14,1,Transect_912352588_2019-02-17_5.3,912352588 1
912352592,Encounter,Encounter Marine Park,GSV41,Rapid Head East,-35.519459999999995,138.17719,5.3,2019-02-18,20,RLS,Pre-bloom,2019-02,Pre-bloom,2019-02-14,2,Transect_912352592_2019-02-18_5.3,912352592 2
912352598,Encounter,Encounter Marine Park,GSV57,Grassy Knoll,-35.72388,137.98821999999998,5.3,2019-02-15,20,RLS,Pre-bloom,2019-02,Pre-bloom,2019-02-14,1,Transect_912352598_2019-02-15_5.3,912352598 1
912352598,Encounter,Encounter Marine Park,GSV57,Grassy Knoll,-35.72388,137.98821999999998,5.3,2019-02-15,20,RLS,Pre-bloom,2019-02,Pre-bloom,2019-02-14,2,Transect_912352598_2019-02-15_5.3,912352598 2
912352604,Encounter,Encounter Marine Park,GSV9,Dodd's Beach,-35.40416,138.33043,5.2,2019-02-28,20,RLS,Pre-bloom,2019-02,Pre-bloom,2019-02-14,1,Transect_912352604_2019-02-28_5.2,912352604 1
912352605,Encounter,Encounter Marine Park,GSV45,Carrickalinga North Site,-35.3777,138.36288000000002,5.1,2019-02-28,20,RLS,Pre-bloom,2019-02,Pre-bloom,2019-02-14,1,Transect_912352605_2019-02-28_5.1,912352605 1
912352605,Encounter,Encounter Marine Park,GSV45,Carrickalinga North Site,-35.3777,138.36288000000002,5.1,2019-02-28,20,RLS,Pre-bloom,2019-02,Pre-bloom,2019-02-14,2,Transect_912352605_2019-02-28_5.1,912352605 2
912352607,Encounter,Encounter Marine Park,GSV46,Carrickalinga North Site 2,-35.37312,138.37358,5.4,2019-02-19,20,RLS,Pre-bloom,2019-02,Pre-bloom,2019-02-14,2,Transect_912352607_2019-02-19_5.4,912352607 2
912352608,Encounter,Encounter Marine Park,GSV46,Carrickalinga North Site 2,-35.37312,138.37358,5.3,2019-02-19,20,RLS,Pre-bloom,2019-02,Pre-bloom,2019-02-14,1,Transect_912352608_2019-02-19_5.3,912352608 1
912352610,Encounter,Encounter Marine Park,GSV7,Myponga South,-35.3882,138.3492,5.3,2019-02-19,20,RLS,Pre-bloom,2019-02,Pre-bloom,2019-02-14,2,Transect_912352610_2019-02-19_5.3,912352610 2
912352612,Encounter,Encounter Marine Park,GSV4,Rapid Head,-35.52045,138.16443,5.3,2019-02-20,20,RLS,Pre-bloom,2019-02,Pre-bloom,2019-02-14,2,Transect_912352612_2019-02-20_5.3,912352612 2
912352613,Encounter,Encounter Marine Park,GSV5,Rapid Head South,-35.53145,138.1519,5.4,2019-02-20,20,RLS,Pre-bloom,2019-02,Pre-bloom,2019-02-14,2,Transect_912352613_2019-02-20_5.4,912352613 2
912352614,Encounter,Encounter Marine Park,GSV5,Rapid Head South,-35.53145,138.1519,5.3,2019-02-20,20,RLS,Pre-bloom,2019-02,Pre-bloom,2019-02-14,2,Transect_912352614_2019-02-20_5.3,912352614 2
912352621,Encounter,Encounter Marine Park,GSV3,Carrickalinga Head,-35.398,138.33591,5.4,2019-04-15,21,RLS,Pre-bloom,2019-04,Pre-bloom,2019-04-15,2,Transect_912352621_2019-04-15_5.4,912352621 2
912352628,Encounter,Encounter Marine Park,GSV47,Carrickalinga Nth,-35.371190000000006,138.37876,5.2,2019-04-15,21,RLS,Pre-bloom,2019-04,Pre-bloom,2019-04-15,2,Transect_912352628_2019-04-15_5.2,912352628 2
912352629,Encounter,Encounter Marine Park,GSV24,Ripple Rock,-35.3841,138.35586999999998,5.1,2019-04-15,21,RLS,Pre-bloom,2019-04,Pre-bloom,2019-04-15,1,Transect_912352629_2019-04-15_5.1,912352629 1
912352629,Encounter,Encounter Marine Park,GSV24,Ripple Rock,-35.3841,138.35586999999998,5.1,2019-04-15,21,RLS,Pre-bloom,2019-04,Pre-bloom,2019-04-15,2,Transect_912352629_2019-04-15_5.1,912352629 2
912352630,Encounter,Encounter Marine Park,GSV24,Ripple Rock,-35.3841,138.35586999999998,5.2,2019-04-15,21,RLS,Pre-bloom,2019-04,Pre-bloom,2019-04-15,1,Transect_912352630_2019-04-15_5.2,912352630 1
912352632,Encounter,Encounter Marine Park,GSV3,Carrickalinga Head,-35.398,138.33591,5.2,2019-04-15,21,RLS,Pre-bloom,2019-04,Pre-bloom,2019-04-15,2,Transect_912352632_2019-04-15_5.2,912352632 2
912353055,Encounter,Encounter Marine Park,GSV107,Olivers Reef,-35.54715,138.63821000000002,5.1,2013-03-05,10,RLS,Pre-bloom,2013-02,Pre-bloom,2013-02-24,2,Transect_912353055_2013-03-05_5.1,912353055 2
912353169,Encounter,Encounter Marine Park,GSV131,Horseshoe outer,-35.1394,138.45799,11.1,2019-09-13,22,RLS,Pre-bloom,2019-09,Pre-bloom,2019-09-10,1,Transect_912353169_2019-09-13_11.1,912353169 1
912353175,Adelaide,NA,GSV140,Hallett Cove,-35.0736,138.49428999999998,5.1,2019-09-10,10,RLS,Pre-bloom,2019-09,Pre-bloom,2019-09-10,2,Transect_912353175_2019-09-10_5.1,912353175 2
912353178,Encounter,Encounter Marine Park,GSV53,Moana inside,-35.2091,138.46428999999998,5.2,2019-09-26,22,RLS,Pre-bloom,2019-09,Pre-bloom,2019-09-10,2,Transect_912353178_2019-09-26_5.2,912353178 2
912353179,Encounter,Encounter Marine Park,GSV136,Noarlunga North Outside,-35.14748,138.46303,5.1,2019-09-26,22,RLS,Pre-bloom,2019-09,Pre-bloom,2019-09-10,2,Transect_912353179_2019-09-26_5.1,912353179 2
912353181,Encounter,Encounter Marine Park,GSV138,Moana outside,-35.2065,138.4622,5.1,2019-09-26,22,RLS,Pre-bloom,2019-09,Pre-bloom,2019-09-10,2,Transect_912353181_2019-09-26_5.1,912353181 2
912353191,Encounter,Encounter Marine Park,GSV95,Lasseters Reef,-35.508379999999995,138.21873,5.1,2019-03-24,20,RLS,Pre-bloom,2019-02,Pre-bloom,2019-02-14,1,Transect_912353191_2019-03-24_5.1,912353191 1
912353193,Encounter,Encounter Marine Park,GSV95,Lasseters Reef,-35.508379999999995,138.21873,5.4,2019-03-24,20,RLS,Pre-bloom,2019-02,Pre-bloom,2019-02-14,2,Transect_912353193_2019-03-24_5.4,912353193 2
912353431,Encounter,Encounter Marine Park,GSV7,Myponga South,-35.3882,138.3492,5.1,2020-03-22,24,RLS,Pre-bloom,2020-03,Pre-bloom,2020-03-17,2,Transect_912353431_2020-03-22_5.1,912353431 2
912353444,Encounter,Encounter Marine Park,GSV18,Morgans,-35.58845,138.10838,5.2,2020-03-21,24,RLS,Pre-bloom,2020-03,Pre-bloom,2020-03-17,1,Transect_912353444_2020-03-21_5.2,912353444 1
912353446,Encounter,Encounter Marine Park,GSV18,Morgans,-35.58845,138.10838,5.3,2020-03-21,24,RLS,Pre-bloom,2020-03,Pre-bloom,2020-03-17,1,Transect_912353446_2020-03-21_5.3,912353446 1
912353447,Encounter,Encounter Marine Park,GSV5,Rapid Head South,-35.53145,138.1519,5.1,2020-03-21,24,RLS,Pre-bloom,2020-03,Pre-bloom,2020-03-17,2,Transect_912353447_2020-03-21_5.1,912353447 2
912353450,Encounter,Encounter Marine Park,GSV5,Rapid Head South,-35.53145,138.1519,5.3,2020-03-21,24,RLS,Pre-bloom,2020-03,Pre-bloom,2020-03-17,1,Transect_912353450_2020-03-21_5.3,912353450 1
912353451,Encounter,Encounter Marine Park,GSV34,Nev's Windmills,-35.5526,138.12984,5.1,2020-03-21,24,RLS,Pre-bloom,2020-03,Pre-bloom,2020-03-17,1,Transect_912353451_2020-03-21_5.1,912353451 1
912353454,Encounter,Encounter Marine Park,GSV34,Nev's Windmills,-35.5526,138.12984,5.3,2020-03-21,24,RLS,Pre-bloom,2020-03,Pre-bloom,2020-03-17,1,Transect_912353454_2020-03-21_5.3,912353454 1
912353457,Encounter,Encounter Marine Park,GSV45,Carrickalinga North Site,-35.3777,138.36288000000002,5.2,2020-03-22,24,RLS,Pre-bloom,2020-03,Pre-bloom,2020-03-17,1,Transect_912353457_2020-03-22_5.2,912353457 1
912353625,Encounter,Encounter Marine Park,GSV40,Whalebone Reef,-35.5714,138.61166,5.1,2020-01-31,23,RLS,Pre-bloom,2020-01,Pre-bloom,2020-01-31,2,Transect_912353625_2020-01-31_5.1,912353625 2
912353629,Encounter,Encounter Marine Park,COO18,Pullen Island,-35.53778,138.69255,5.1,2020-01-31,23,RLS,Pre-bloom,2020-01,Pre-bloom,2020-01-31,1,Transect_912353629_2020-01-31_5.1,912353629 1
912353629,Encounter,Encounter Marine Park,COO18,Pullen Island,-35.53778,138.69255,5.1,2020-01-31,23,RLS,Pre-bloom,2020-01,Pre-bloom,2020-01-31,2,Transect_912353629_2020-01-31_5.1,912353629 2
912353630,Encounter,Encounter Marine Park,COO18,Pullen Island,-35.53778,138.69255,5.2,2020-01-31,23,RLS,Pre-bloom,2020-01,Pre-bloom,2020-01-31,1,Transect_912353630_2020-01-31_5.2,912353630 1
912353632,Encounter,Encounter Marine Park,COO18,Pullen Island,-35.53778,138.69255,5.3,2020-01-31,23,RLS,Pre-bloom,2020-01,Pre-bloom,2020-01-31,2,Transect_912353632_2020-01-31_5.3,912353632 2
912353646,Adelaide,NA,GSV127,Semaphore,-34.8471,138.44595,8.2,2020-02-13,11,RLS,Pre-bloom,2020-02,Pre-bloom,2020-02-13,1,Transect_912353646_2020-02-13_8.2,912353646 1
912353648,Adelaide,NA,GSV127,Semaphore,-34.8471,138.44595,8.3,2020-02-13,11,RLS,Pre-bloom,2020-02,Pre-bloom,2020-02-13,1,Transect_912353648_2020-02-13_8.3,912353648 1
912353673,Encounter,Encounter Marine Park,GSV121,Encounter Deep,-35.577290000000005,138.61845,10.1,2020-03-18,24,RLS,Pre-bloom,2020-03,Pre-bloom,2020-03-17,1,Transect_912353673_2020-03-18_10.1,912353673 1
912353673,Encounter,Encounter Marine Park,GSV121,Encounter Deep,-35.577290000000005,138.61845,10.1,2020-03-18,24,RLS,Pre-bloom,2020-03,Pre-bloom,2020-03-17,2,Transect_912353673_2020-03-18_10.1,912353673 2
912353674,Encounter,Encounter Marine Park,GSV121,Encounter Deep,-35.577290000000005,138.61845,10.2,2020-03-18,24,RLS,Pre-bloom,2020-03,Pre-bloom,2020-03-17,1,Transect_912353674_2020-03-18_10.2,912353674 1
912353674,Encounter,Encounter Marine Park,GSV121,Encounter Deep,-35.577290000000005,138.61845,10.2,2020-03-18,24,RLS,Pre-bloom,2020-03,Pre-bloom,2020-03-17,2,Transect_912353674_2020-03-18_10.2,912353674 2
912353675,Encounter,Encounter Marine Park,GSV121,Encounter Deep,-35.577290000000005,138.61845,10.3,2020-03-18,24,RLS,Pre-bloom,2020-03,Pre-bloom,2020-03-17,1,Transect_912353675_2020-03-18_10.3,912353675 1
912353675,Encounter,Encounter Marine Park,GSV121,Encounter Deep,-35.577290000000005,138.61845,10.3,2020-03-18,24,RLS,Pre-bloom,2020-03,Pre-bloom,2020-03-17,2,Transect_912353675_2020-03-18_10.3,912353675 2
912353676,Encounter,Encounter Marine Park,GSV121,Encounter Deep,-35.577290000000005,138.61845,10.4,2020-03-18,24,RLS,Pre-bloom,2020-03,Pre-bloom,2020-03-17,1,Transect_912353676_2020-03-18_10.4,912353676 1
912353676,Encounter,Encounter Marine Park,GSV121,Encounter Deep,-35.577290000000005,138.61845,10.4,2020-03-18,24,RLS,Pre-bloom,2020-03,Pre-bloom,2020-03-17,2,Transect_912353676_2020-03-18_10.4,912353676 2
912353677,Encounter,Encounter Marine Park,GSV15,Flat Irons,-35.61781,138.55721,5.1,2020-03-18,24,RLS,Pre-bloom,2020-03,Pre-bloom,2020-03-17,1,Transect_912353677_2020-03-18_5.1,912353677 1
912353677,Encounter,Encounter Marine Park,GSV15,Flat Irons,-35.61781,138.55721,5.1,2020-03-18,24,RLS,Pre-bloom,2020-03,Pre-bloom,2020-03-17,2,Transect_912353677_2020-03-18_5.1,912353677 2
912353678,Encounter,Encounter Marine Park,GSV15,Flat Irons,-35.61781,138.55721,5.2,2020-03-18,24,RLS,Pre-bloom,2020-03,Pre-bloom,2020-03-17,2,Transect_912353678_2020-03-18_5.2,912353678 2
912353679,Encounter,Encounter Marine Park,GSV15,Flat Irons,-35.61781,138.55721,5.4,2020-03-18,24,RLS,Pre-bloom,2020-03,Pre-bloom,2020-03-17,2,Transect_912353679_2020-03-18_5.4,912353679 2
912353680,Encounter,Encounter Marine Park,GSV15,Flat Irons,-35.61781,138.55721,5.3,2020-03-18,24,RLS,Pre-bloom,2020-03,Pre-bloom,2020-03-17,1,Transect_912353680_2020-03-18_5.3,912353680 1
912353680,Encounter,Encounter Marine Park,GSV15,Flat Irons,-35.61781,138.55721,5.3,2020-03-18,24,RLS,Pre-bloom,2020-03,Pre-bloom,2020-03-17,2,Transect_912353680_2020-03-18_5.3,912353680 2
912353685,Encounter,Encounter Marine Park,GSV17,The Bluff,-35.58887,138.60553000000002,5.1,2020-03-18,24,RLS,Pre-bloom,2020-03,Pre-bloom,2020-03-17,2,Transect_912353685_2020-03-18_5.1,912353685 2
912353687,Encounter,Encounter Marine Park,GSV17,The Bluff,-35.58887,138.60553000000002,5.4,2020-03-18,24,RLS,Pre-bloom,2020-03,Pre-bloom,2020-03-17,2,Transect_912353687_2020-03-18_5.4,912353687 2
912353688,Encounter,Encounter Marine Park,GSV17,The Bluff,-35.58887,138.60553000000002,5.3,2020-03-18,24,RLS,Pre-bloom,2020-03,Pre-bloom,2020-03-17,2,Transect_912353688_2020-03-18_5.3,912353688 2
912353697,Encounter,Encounter Marine Park,GSV119,Deep Creek,-35.65469,138.24448,5.1,2020-03-27,24,RLS,Pre-bloom,2020-03,Pre-bloom,2020-03-17,1,Transect_912353697_2020-03-27_5.1,912353697 1
912353699,Encounter,Encounter Marine Park,GSV119,Deep Creek,-35.65469,138.24448,5.4,2020-03-27,24,RLS,Pre-bloom,2020-03,Pre-bloom,2020-03-17,1,Transect_912353699_2020-03-27_5.4,912353699 1
912353699,Encounter,Encounter Marine Park,GSV119,Deep Creek,-35.65469,138.24448,5.4,2020-03-27,24,RLS,Pre-bloom,2020-03,Pre-bloom,2020-03-17,2,Transect_912353699_2020-03-27_5.4,912353699 2
912353700,Encounter,Encounter Marine Park,GSV119,Deep Creek,-35.65469,138.24448,5.3,2020-03-27,24,RLS,Pre-bloom,2020-03,Pre-bloom,2020-03-17,1,Transect_912353700_2020-03-27_5.3,912353700 1
912353701,Encounter,Encounter Marine Park,GSV118,Backstairs Deep,-35.64782,138.25916999999998,10.1,2020-03-27,24,RLS,Pre-bloom,2020-03,Pre-bloom,2020-03-17,2,Transect_912353701_2020-03-27_10.1,912353701 2
912353703,Encounter,Encounter Marine Park,GSV118,Backstairs Deep,-35.64782,138.25916999999998,10.4,2020-03-27,24,RLS,Pre-bloom,2020-03,Pre-bloom,2020-03-17,2,Transect_912353703_2020-03-27_10.4,912353703 2
912353704,Encounter,Encounter Marine Park,GSV118,Backstairs Deep,-35.64782,138.25916999999998,10.3,2020-03-27,24,RLS,Pre-bloom,2020-03,Pre-bloom,2020-03-17,1,Transect_912353704_2020-03-27_10.3,912353704 1
912353704,Encounter,Encounter Marine Park,GSV118,Backstairs Deep,-35.64782,138.25916999999998,10.3,2020-03-27,24,RLS,Pre-bloom,2020-03,Pre-bloom,2020-03-17,2,Transect_912353704_2020-03-27_10.3,912353704 2
912353708,Encounter,Encounter Marine Park,GSV47,Carrickalinga Nth,-35.371190000000006,138.37876,5.3,2020-04-27,25,RLS,Pre-bloom,2020-04,Pre-bloom,2020-04-27,1,Transect_912353708_2020-04-27_5.3,912353708 1
912353709,Encounter,Encounter Marine Park,GSV46,Carrickalinga North Site 2,-35.37312,138.37358,5.1,2020-04-27,25,RLS,Pre-bloom,2020-04,Pre-bloom,2020-04-27,2,Transect_912353709_2020-04-27_5.1,912353709 2
912353710,Encounter,Encounter Marine Park,GSV46,Carrickalinga North Site 2,-35.37312,138.37358,5.2,2020-04-27,25,RLS,Pre-bloom,2020-04,Pre-bloom,2020-04-27,1,Transect_912353710_2020-04-27_5.2,912353710 1
912353711,Encounter,Encounter Marine Park,GSV46,Carrickalinga North Site 2,-35.37312,138.37358,5.4,2020-04-27,25,RLS,Pre-bloom,2020-04,Pre-bloom,2020-04-27,1,Transect_912353711_2020-04-27_5.4,912353711 1
912353712,Encounter,Encounter Marine Park,GSV46,Carrickalinga North Site 2,-35.37312,138.37358,5.3,2020-04-27,25,RLS,Pre-bloom,2020-04,Pre-bloom,2020-04-27,1,Transect_912353712_2020-04-27_5.3,912353712 1
912353712,Encounter,Encounter Marine Park,GSV46,Carrickalinga North Site 2,-35.37312,138.37358,5.3,2020-04-27,25,RLS,Pre-bloom,2020-04,Pre-bloom,2020-04-27,2,Transect_912353712_2020-04-27_5.3,912353712 2
912353906,Encounter,Encounter Marine Park,GSV43,Rapid Head SZ,-35.5186,138.17102,5.4,2020-02-06,23,RLS,Pre-bloom,2020-01,Pre-bloom,2020-01-31,2,Transect_912353906_2020-02-06_5.4,912353906 2
912353907,Encounter,Encounter Marine Park,GSV43,Rapid Head SZ,-35.5186,138.17102,5.3,2020-02-06,23,RLS,Pre-bloom,2020-01,Pre-bloom,2020-01-31,2,Transect_912353907_2020-02-06_5.3,912353907 2
912353920,Encounter,Encounter Marine Park,GSV4,Rapid Head,-35.52045,138.16443,5.4,2020-02-06,23,RLS,Pre-bloom,2020-01,Pre-bloom,2020-01-31,1,Transect_912353920_2020-02-06_5.4,912353920 1
912353921,Encounter,Encounter Marine Park,GSV4,Rapid Head,-35.52045,138.16443,5.3,2020-02-06,23,RLS,Pre-bloom,2020-01,Pre-bloom,2020-01-31,2,Transect_912353921_2020-02-06_5.3,912353921 2
912353923,Encounter,Encounter Marine Park,GSV43,Rapid Head SZ,-35.5186,138.17102,5.2,2020-02-06,23,RLS,Pre-bloom,2020-01,Pre-bloom,2020-01-31,1,Transect_912353923_2020-02-06_5.2,912353923 1
912353923,Encounter,Encounter Marine Park,GSV43,Rapid Head SZ,-35.5186,138.17102,5.2,2020-02-06,23,RLS,Pre-bloom,2020-01,Pre-bloom,2020-01-31,2,Transect_912353923_2020-02-06_5.2,912353923 2
912353924,Encounter,Encounter Marine Park,GSV4,Rapid Head,-35.52045,138.16443,5.1,2020-02-06,23,RLS,Pre-bloom,2020-01,Pre-bloom,2020-01-31,1,Transect_912353924_2020-02-06_5.1,912353924 1
912353924,Encounter,Encounter Marine Park,GSV4,Rapid Head,-35.52045,138.16443,5.1,2020-02-06,23,RLS,Pre-bloom,2020-01,Pre-bloom,2020-01-31,2,Transect_912353924_2020-02-06_5.1,912353924 2
912353931,Encounter,Encounter Marine Park,GSV41,Rapid Head East,-35.519459999999995,138.17719,5.2,2020-02-08,23,RLS,Pre-bloom,2020-01,Pre-bloom,2020-01-31,2,Transect_912353931_2020-02-08_5.2,912353931 2
912353934,Encounter,Encounter Marine Park,GSV9,Dodd's Beach,-35.40416,138.33043,5.1,2020-02-09,23,RLS,Pre-bloom,2020-01,Pre-bloom,2020-01-31,1,Transect_912353934_2020-02-09_5.1,912353934 1
923400290,Encounter,Encounter Marine Park,GSV1,Carrickalinga (toilet),-35.42445,138.31902,5.3,2021-03-10,28,RLS,Pre-bloom,2021-02,Pre-bloom,2021-02-03,1,Transect_923400290_2021-03-10_5.3,923400290 1
923400291,Encounter,Encounter Marine Park,GSV1,Carrickalinga (toilet),-35.42445,138.31902,5.4,2021-03-10,28,RLS,Pre-bloom,2021-02,Pre-bloom,2021-02-03,1,Transect_923400291_2021-03-10_5.4,923400291 1
923400297,Encounter,Encounter Marine Park,GSV42,Rapid Head SZ Site2,-35.52262,138.16308999999998,5.4,2021-03-10,28,RLS,Pre-bloom,2021-02,Pre-bloom,2021-02-03,1,Transect_923400297_2021-03-10_5.4,923400297 1
923400297,Encounter,Encounter Marine Park,GSV42,Rapid Head SZ Site2,-35.52262,138.16308999999998,5.4,2021-03-10,28,RLS,Pre-bloom,2021-02,Pre-bloom,2021-02-03,2,Transect_923400297_2021-03-10_5.4,923400297 2
923400298,Encounter,Encounter Marine Park,GSV42,Rapid Head SZ Site2,-35.52262,138.16308999999998,5.3,2021-03-10,28,RLS,Pre-bloom,2021-02,Pre-bloom,2021-02-03,1,Transect_923400298_2021-03-10_5.3,923400298 1
923400300,Encounter,Encounter Marine Park,GSV42,Rapid Head SZ Site2,-35.52262,138.16308999999998,5.2,2021-03-10,28,RLS,Pre-bloom,2021-02,Pre-bloom,2021-02-03,1,Transect_923400300_2021-03-10_5.2,923400300 1
923400301,Encounter,Encounter Marine Park,GSV43,Rapid Head SZ,-35.5186,138.17102,5.4,2021-03-23,28,RLS,Pre-bloom,2021-02,Pre-bloom,2021-02-03,1,Transect_923400301_2021-03-23_5.4,923400301 1
923400306,Encounter,Encounter Marine Park,GSV58,Penneshaw Pub,-35.71625,137.93896999999998,5.3,2021-02-23,28,RLS,Pre-bloom,2021-02,Pre-bloom,2021-02-03,1,Transect_923400306_2021-02-23_5.3,923400306 1
923400308,Encounter,Encounter Marine Park,GSV58,Penneshaw Pub,-35.71625,137.93896999999998,5.2,2021-02-23,28,RLS,Pre-bloom,2021-02,Pre-bloom,2021-02-03,2,Transect_923400308_2021-02-23_5.2,923400308 2
923400310,Encounter,Encounter Marine Park,GSV58,Penneshaw Pub,-35.71625,137.93896999999998,5.4,2021-02-23,28,RLS,Pre-bloom,2021-02,Pre-bloom,2021-02-03,1,Transect_923400310_2021-02-23_5.4,923400310 1
923400311,Encounter,Encounter Marine Park,GSV124,Horseshoe inner,-35.13793,138.46292,3.4,2021-02-03,28,RLS,Pre-bloom,2021-02,Pre-bloom,2021-02-03,1,Transect_923400311_2021-02-03_3.4,923400311 1
923400314,Encounter,Encounter Marine Park,GSV124,Horseshoe inner,-35.13793,138.46292,3.2,2021-02-03,28,RLS,Pre-bloom,2021-02,Pre-bloom,2021-02-03,1,Transect_923400314_2021-02-03_3.2,923400314 1
923400320,Encounter,Encounter Marine Park,GSV41,Rapid Head East,-35.519459999999995,138.17719,6.1,2020-12-13,26,RLS,Pre-bloom,2020-12,Pre-bloom,2020-12-13,2,Transect_923400320_2020-12-13_6.1,923400320 2
923400321,Encounter,Encounter Marine Park,GSV7,Myponga South,-35.3882,138.3492,5.2,2021-03-11,28,RLS,Pre-bloom,2021-02,Pre-bloom,2021-02-03,2,Transect_923400321_2021-03-11_5.2,923400321 2
923400322,Encounter,Encounter Marine Park,GSV7,Myponga South,-35.3882,138.3492,5.3,2021-03-11,28,RLS,Pre-bloom,2021-02,Pre-bloom,2021-02-03,1,Transect_923400322_2021-03-11_5.3,923400322 1
923400325,Encounter,Encounter Marine Park,GSV24,Ripple Rock,-35.3841,138.35586999999998,5.1,2021-03-11,28,RLS,Pre-bloom,2021-02,Pre-bloom,2021-02-03,2,Transect_923400325_2021-03-11_5.1,923400325 2
923400334,Encounter,Encounter Marine Park,GSV4,Rapid Head,-35.52045,138.16443,6.3,2021-01-09,27,RLS,Pre-bloom,2021-01,Pre-bloom,2021-01-09,1,Transect_923400334_2021-01-09_6.3,923400334 1
923400335,Encounter,Encounter Marine Park,GSV4,Rapid Head,-35.52045,138.16443,6.4,2021-01-09,27,RLS,Pre-bloom,2021-01,Pre-bloom,2021-01-09,1,Transect_923400335_2021-01-09_6.4,923400335 1
923400335,Encounter,Encounter Marine Park,GSV4,Rapid Head,-35.52045,138.16443,6.4,2021-01-09,27,RLS,Pre-bloom,2021-01,Pre-bloom,2021-01-09,2,Transect_923400335_2021-01-09_6.4,923400335 2
923400336,Encounter,Encounter Marine Park,GSV59,Puzzle Rock,-35.7215,137.98051999999998,5.1,2021-02-22,28,RLS,Pre-bloom,2021-02,Pre-bloom,2021-02-03,1,Transect_923400336_2021-02-22_5.1,923400336 1
923400346,Encounter,Encounter Marine Park,GSV26,2nd Valley Boat Shed,-35.50945,138.21448999999998,5.4,2021-03-20,28,RLS,Pre-bloom,2021-02,Pre-bloom,2021-02-03,1,Transect_923400346_2021-03-20_5.4,923400346 1
923400347,Encounter,Encounter Marine Park,GSV26,2nd Valley Boat Shed,-35.50945,138.21448999999998,5.3,2021-03-20,28,RLS,Pre-bloom,2021-02,Pre-bloom,2021-02-03,1,Transect_923400347_2021-03-20_5.3,923400347 1
923400349,Encounter,Encounter Marine Park,GSV34,Nev's Windmills,-35.5526,138.12984,5.2,2021-01-09,27,RLS,Pre-bloom,2021-01,Pre-bloom,2021-01-09,1,Transect_923400349_2021-01-09_5.2,923400349 1
923400351,Encounter,Encounter Marine Park,GSV34,Nev's Windmills,-35.5526,138.12984,5.4,2021-01-09,27,RLS,Pre-bloom,2021-01,Pre-bloom,2021-01-09,1,Transect_923400351_2021-01-09_5.4,923400351 1
923400352,Encounter,Encounter Marine Park,GSV18,Morgans,-35.58845,138.10838,5.2,2021-02-24,28,RLS,Pre-bloom,2021-02,Pre-bloom,2021-02-03,1,Transect_923400352_2021-02-24_5.2,923400352 1
923400352,Encounter,Encounter Marine Park,GSV18,Morgans,-35.58845,138.10838,5.2,2021-02-24,28,RLS,Pre-bloom,2021-02,Pre-bloom,2021-02-03,2,Transect_923400352_2021-02-24_5.2,923400352 2
923400353,Encounter,Encounter Marine Park,GSV18,Morgans,-35.58845,138.10838,5.1,2021-02-24,28,RLS,Pre-bloom,2021-02,Pre-bloom,2021-02-03,1,Transect_923400353_2021-02-24_5.1,923400353 1
923400354,Encounter,Encounter Marine Park,GSV116,Aldinga Pinacles,-35.26681,138.43364,10.3,2021-02-15,28,RLS,Pre-bloom,2021-02,Pre-bloom,2021-02-03,1,Transect_923400354_2021-02-15_10.3,923400354 1
923400355,Encounter,Encounter Marine Park,GSV18,Morgans,-35.58845,138.10838,5.4,2021-02-24,28,RLS,Pre-bloom,2021-02,Pre-bloom,2021-02-03,2,Transect_923400355_2021-02-24_5.4,923400355 2
923400357,Encounter,Encounter Marine Park,GSV18,Morgans,-35.58845,138.10838,5.3,2021-02-24,28,RLS,Pre-bloom,2021-02,Pre-bloom,2021-02-03,1,Transect_923400357_2021-02-24_5.3,923400357 1
923400357,Encounter,Encounter Marine Park,GSV18,Morgans,-35.58845,138.10838,5.3,2021-02-24,28,RLS,Pre-bloom,2021-02,Pre-bloom,2021-02-03,2,Transect_923400357_2021-02-24_5.3,923400357 2
923400363,Encounter,Encounter Marine Park,GSV57,Grassy Knoll,-35.72388,137.98821999999998,5.3,2021-03-22,28,RLS,Pre-bloom,2021-02,Pre-bloom,2021-02-03,1,Transect_923400363_2021-03-22_5.3,923400363 1
923400365,Encounter,Encounter Marine Park,GSV57,Grassy Knoll,-35.72388,137.98821999999998,5.4,2021-03-22,28,RLS,Pre-bloom,2021-02,Pre-bloom,2021-02-03,2,Transect_923400365_2021-03-22_5.4,923400365 2
923400367,Encounter,Encounter Marine Park,GSV9,Dodd's Beach,-35.40416,138.33043,5.2,2021-03-12,28,RLS,Pre-bloom,2021-02,Pre-bloom,2021-02-03,2,Transect_923400367_2021-03-12_5.2,923400367 2
923400368,Encounter,Encounter Marine Park,GSV9,Dodd's Beach,-35.40416,138.33043,5.1,2021-03-12,28,RLS,Pre-bloom,2021-02,Pre-bloom,2021-02-03,2,Transect_923400368_2021-03-12_5.1,923400368 2
923400370,Encounter,Encounter Marine Park,GSV9,Dodd's Beach,-35.40416,138.33043,5.3,2021-03-12,28,RLS,Pre-bloom,2021-02,Pre-bloom,2021-02-03,2,Transect_923400370_2021-03-12_5.3,923400370 2
923400373,Encounter,Encounter Marine Park,GSV47,Carrickalinga Nth,-35.371190000000006,138.37876,5.1,2021-03-11,28,RLS,Pre-bloom,2021-02,Pre-bloom,2021-02-03,2,Transect_923400373_2021-03-11_5.1,923400373 2
923400378,Encounter,Encounter Marine Park,GSV138,Moana outside,-35.2065,138.4622,5.1,2021-02-15,28,RLS,Pre-bloom,2021-02,Pre-bloom,2021-02-03,2,Transect_923400378_2021-02-15_5.1,923400378 2
923400380,Encounter,Encounter Marine Park,GSV138,Moana outside,-35.2065,138.4622,5.2,2021-02-15,28,RLS,Pre-bloom,2021-02,Pre-bloom,2021-02-03,2,Transect_923400380_2021-02-15_5.2,923400380 2
923400381,Encounter,Encounter Marine Park,GSV138,Moana outside,-35.2065,138.4622,5.3,2021-02-15,28,RLS,Pre-bloom,2021-02,Pre-bloom,2021-02-03,1,Transect_923400381_2021-02-15_5.3,923400381 1
923400381,Encounter,Encounter Marine Park,GSV138,Moana outside,-35.2065,138.4622,5.3,2021-02-15,28,RLS,Pre-bloom,2021-02,Pre-bloom,2021-02-03,2,Transect_923400381_2021-02-15_5.3,923400381 2
923400390,Encounter,Encounter Marine Park,GSV3,Carrickalinga Head,-35.398,138.33591,5.4,2021-03-21,28,RLS,Pre-bloom,2021-02,Pre-bloom,2021-02-03,1,Transect_923400390_2021-03-21_5.4,923400390 1
923400390,Encounter,Encounter Marine Park,GSV3,Carrickalinga Head,-35.398,138.33591,5.4,2021-03-21,28,RLS,Pre-bloom,2021-02,Pre-bloom,2021-02-03,2,Transect_923400390_2021-03-21_5.4,923400390 2
923400391,Encounter,Encounter Marine Park,GSV116,Aldinga Pinacles,-35.26681,138.43364,12.1,2021-02-15,28,RLS,Pre-bloom,2021-02,Pre-bloom,2021-02-03,1,Transect_923400391_2021-02-15_12.1,923400391 1
923400391,Encounter,Encounter Marine Park,GSV116,Aldinga Pinacles,-35.26681,138.43364,12.1,2021-02-15,28,RLS,Pre-bloom,2021-02,Pre-bloom,2021-02-03,2,Transect_923400391_2021-02-15_12.1,923400391 2
923400394,Encounter,Encounter Marine Park,GSV45,Carrickalinga North Site,-35.3777,138.36288000000002,5.4,2021-03-12,28,RLS,Pre-bloom,2021-02,Pre-bloom,2021-02-03,1,Transect_923400394_2021-03-12_5.4,923400394 1
923400403,Encounter,Encounter Marine Park,GSV21,Cable Hut,-35.73268,138.0191,5.1,2021-02-23,28,RLS,Pre-bloom,2021-02,Pre-bloom,2021-02-03,2,Transect_923400403_2021-02-23_5.1,923400403 2
923400406,Adelaide,NA,GSV115,Port Gawler,-34.61942,138.31052,10.4,2021-03-19,12,RLS,Pre-bloom,2021-03,Pre-bloom,2021-03-01,1,Transect_923400406_2021-03-19_10.4,923400406 1
923401038,Encounter,Encounter Marine Park,GSV43,Rapid Head SZ,-35.5186,138.17102,5.4,2021-12-12,29,RLS,Pre-bloom,2021-12,Pre-bloom,2021-12-12,2,Transect_923401038_2021-12-12_5.4,923401038 2
923401039,Encounter,Encounter Marine Park,GSV18,Morgans,-35.58845,138.10838,5.4,2022-02-11,30,RLS,Pre-bloom,2022-01,Pre-bloom,2022-01-30,1,Transect_923401039_2022-02-11_5.4,923401039 1
923401039,Encounter,Encounter Marine Park,GSV18,Morgans,-35.58845,138.10838,5.4,2022-02-11,30,RLS,Pre-bloom,2022-01,Pre-bloom,2022-01-30,2,Transect_923401039_2022-02-11_5.4,923401039 2
923401040,Encounter,Encounter Marine Park,GSV4,Rapid Head,-35.52045,138.16443,5.3,2022-01-30,30,RLS,Pre-bloom,2022-01,Pre-bloom,2022-01-30,1,Transect_923401040_2022-01-30_5.3,923401040 1
923401040,Encounter,Encounter Marine Park,GSV4,Rapid Head,-35.52045,138.16443,5.3,2022-01-30,30,RLS,Pre-bloom,2022-01,Pre-bloom,2022-01-30,2,Transect_923401040_2022-01-30_5.3,923401040 2
923401041,Encounter,Encounter Marine Park,GSV26,2nd Valley Boat Shed,-35.50945,138.21448999999998,5.3,2022-02-14,30,RLS,Pre-bloom,2022-01,Pre-bloom,2022-01-30,2,Transect_923401041_2022-02-14_5.3,923401041 2
923401044,Encounter,Encounter Marine Park,GSV26,2nd Valley Boat Shed,-35.50945,138.21448999999998,5.1,2022-02-14,30,RLS,Pre-bloom,2022-01,Pre-bloom,2022-01-30,1,Transect_923401044_2022-02-14_5.1,923401044 1
923401051,Encounter,Encounter Marine Park,GSV93,Aldinga Reef,-35.26825,138.43202,5.3,2022-02-13,30,RLS,Pre-bloom,2022-01,Pre-bloom,2022-01-30,1,Transect_923401051_2022-02-13_5.3,923401051 1
923401052,Encounter,Encounter Marine Park,GSV41,Rapid Head East,-35.519459999999995,138.17719,5.1,2022-02-14,30,RLS,Pre-bloom,2022-01,Pre-bloom,2022-01-30,1,Transect_923401052_2022-02-14_5.1,923401052 1
923401055,Encounter,Encounter Marine Park,GSV116,Aldinga Pinacles,-35.26681,138.43364,5.1,2022-02-13,30,RLS,Pre-bloom,2022-01,Pre-bloom,2022-01-30,2,Transect_923401055_2022-02-13_5.1,923401055 2
923401056,Encounter,Encounter Marine Park,GSV34,Nev's Windmills,-35.5526,138.12984,5.3,2022-01-30,30,RLS,Pre-bloom,2022-01,Pre-bloom,2022-01-30,1,Transect_923401056_2022-01-30_5.3,923401056 1
923401056,Encounter,Encounter Marine Park,GSV34,Nev's Windmills,-35.5526,138.12984,5.3,2022-01-30,30,RLS,Pre-bloom,2022-01,Pre-bloom,2022-01-30,2,Transect_923401056_2022-01-30_5.3,923401056 2
923401058,Encounter,Encounter Marine Park,GSV42,Rapid Head SZ Site2,-35.52262,138.16308999999998,5.4,2022-02-12,30,RLS,Pre-bloom,2022-01,Pre-bloom,2022-01-30,1,Transect_923401058_2022-02-12_5.4,923401058 1
923401059,Encounter,Encounter Marine Park,GSV34,Nev's Windmills,-35.5526,138.12984,5.1,2022-01-30,30,RLS,Pre-bloom,2022-01,Pre-bloom,2022-01-30,1,Transect_923401059_2022-01-30_5.1,923401059 1
923401061,Encounter,Encounter Marine Park,GSV4,Rapid Head,-35.52045,138.16443,5.2,2022-01-30,30,RLS,Pre-bloom,2022-01,Pre-bloom,2022-01-30,1,Transect_923401061_2022-01-30_5.2,923401061 1
923401063,Encounter,Encounter Marine Park,GSV95,Lasseters Reef,-35.508379999999995,138.21873,5.3,2022-02-12,30,RLS,Pre-bloom,2022-01,Pre-bloom,2022-01-30,2,Transect_923401063_2022-02-12_5.3,923401063 2
923401064,Encounter,Encounter Marine Park,GSV18,Morgans,-35.58845,138.10838,5.3,2022-02-11,30,RLS,Pre-bloom,2022-01,Pre-bloom,2022-01-30,2,Transect_923401064_2022-02-11_5.3,923401064 2
923401065,Encounter,Encounter Marine Park,GSV4,Rapid Head,-35.52045,138.16443,5.4,2022-01-30,30,RLS,Pre-bloom,2022-01,Pre-bloom,2022-01-30,2,Transect_923401065_2022-01-30_5.4,923401065 2
923401071,Adelaide,NA,GSV125,Broken Bottom,-34.96335,138.48029,10.3,2022-04-05,13,RLS,Pre-bloom,2022-03,Pre-bloom,2022-03-23,1,Transect_923401071_2022-04-05_10.3,923401071 1
923401075,Encounter,Encounter Marine Park,GSV5,Rapid Head South,-35.53145,138.1519,5.4,2022-02-11,30,RLS,Pre-bloom,2022-01,Pre-bloom,2022-01-30,1,Transect_923401075_2022-02-11_5.4,923401075 1
923401077,Encounter,Encounter Marine Park,GSV93,Aldinga Reef,-35.26825,138.43202,5.4,2022-02-13,30,RLS,Pre-bloom,2022-01,Pre-bloom,2022-01-30,1,Transect_923401077_2022-02-13_5.4,923401077 1
923401081,Encounter,Encounter Marine Park,GSV34,Nev's Windmills,-35.5526,138.12984,5.4,2022-01-30,30,RLS,Pre-bloom,2022-01,Pre-bloom,2022-01-30,1,Transect_923401081_2022-01-30_5.4,923401081 1
923401338,Encounter,Encounter Marine Park,GSV131,Horseshoe outer,-35.1394,138.45799,12.2,2022-09-01,32,RLS,Pre-bloom,2022-08,Pre-bloom,2022-08-31,2,Transect_923401338_2022-09-01_12.2,923401338 2
923401340,Encounter,Encounter Marine Park,GSV53,Moana inside,-35.2091,138.46428999999998,6.2,2022-09-01,32,RLS,Pre-bloom,2022-08,Pre-bloom,2022-08-31,1,Transect_923401340_2022-09-01_6.2,923401340 1
923401341,Encounter,Encounter Marine Park,GSV131,Horseshoe outer,-35.1394,138.45799,12.2,2022-03-23,31,RLS,Pre-bloom,2022-03,Pre-bloom,2022-03-23,1,Transect_923401341_2022-03-23_12.2,923401341 1
923401358,Encounter,Encounter Marine Park,GSV131,Horseshoe outer,-35.1394,138.45799,12.1,2022-09-01,32,RLS,Pre-bloom,2022-08,Pre-bloom,2022-08-31,1,Transect_923401358_2022-09-01_12.1,923401358 1
923401811,Encounter,Encounter Marine Park,GSV131,Horseshoe outer,-35.1394,138.45799,12.1,2023-05-15,36,RLS,Pre-bloom,2023-05,Pre-bloom,2023-05-15,2,Transect_923401811_2023-05-15_12.1,923401811 2
923401815,Adelaide,NA,GSV125,Broken Bottom,-34.96335,138.48029,10.4,2023-04-21,15,RLS,Pre-bloom,2023-04,Pre-bloom,2023-04-21,1,Transect_923401815_2023-04-21_10.4,923401815 1
923401817,Encounter,Encounter Marine Park,GSV4,Rapid Head,-35.52045,138.16443,5.4,2023-02-18,35,RLS,Pre-bloom,2023-02,Pre-bloom,2023-02-17,2,Transect_923401817_2023-02-18_5.4,923401817 2
923401818,Encounter,Encounter Marine Park,GSV18,Morgans,-35.58845,138.10838,5.1,2023-02-19,35,RLS,Pre-bloom,2023-02,Pre-bloom,2023-02-17,2,Transect_923401818_2023-02-19_5.1,923401818 2
923401819,Encounter,Encounter Marine Park,GSV5,Rapid Head South,-35.53145,138.1519,5.2,2023-02-17,35,RLS,Pre-bloom,2023-02,Pre-bloom,2023-02-17,2,Transect_923401819_2023-02-17_5.2,923401819 2
923401823,Encounter,Encounter Marine Park,GSV34,Nev's Windmills,-35.5526,138.12984,5.2,2023-02-18,35,RLS,Pre-bloom,2023-02,Pre-bloom,2023-02-17,1,Transect_923401823_2023-02-18_5.2,923401823 1
923401823,Encounter,Encounter Marine Park,GSV34,Nev's Windmills,-35.5526,138.12984,5.2,2023-02-18,35,RLS,Pre-bloom,2023-02,Pre-bloom,2023-02-17,2,Transect_923401823_2023-02-18_5.2,923401823 2
923401828,Adelaide,NA,GSV125,Broken Bottom,-34.96335,138.48029,11.2,2023-04-21,15,RLS,Pre-bloom,2023-04,Pre-bloom,2023-04-21,1,Transect_923401828_2023-04-21_11.2,923401828 1
923401828,Adelaide,NA,GSV125,Broken Bottom,-34.96335,138.48029,11.2,2023-04-21,15,RLS,Pre-bloom,2023-04,Pre-bloom,2023-04-21,2,Transect_923401828_2023-04-21_11.2,923401828 2
923401829,Encounter,Encounter Marine Park,GSV4,Rapid Head,-35.52045,138.16443,5.1,2023-02-18,35,RLS,Pre-bloom,2023-02,Pre-bloom,2023-02-17,1,Transect_923401829_2023-02-18_5.1,923401829 1
923401829,Encounter,Encounter Marine Park,GSV4,Rapid Head,-35.52045,138.16443,5.1,2023-02-18,35,RLS,Pre-bloom,2023-02,Pre-bloom,2023-02-17,2,Transect_923401829_2023-02-18_5.1,923401829 2
923401830,Encounter,Encounter Marine Park,GSV26,2nd Valley Boat Shed,-35.50945,138.21448999999998,5.1,2023-02-17,35,RLS,Pre-bloom,2023-02,Pre-bloom,2023-02-17,1,Transect_923401830_2023-02-17_5.1,923401830 1
923401830,Encounter,Encounter Marine Park,GSV26,2nd Valley Boat Shed,-35.50945,138.21448999999998,5.1,2023-02-17,35,RLS,Pre-bloom,2023-02,Pre-bloom,2023-02-17,2,Transect_923401830_2023-02-17_5.1,923401830 2
923401831,Encounter,Encounter Marine Park,GSV41,Rapid Head East,-35.519459999999995,138.17719,5.4,2023-01-15,34,RLS,Pre-bloom,2023-01,Pre-bloom,2023-01-15,2,Transect_923401831_2023-01-15_5.4,923401831 2
923401832,Encounter,Encounter Marine Park,GSV18,Morgans,-35.58845,138.10838,5.4,2023-02-19,35,RLS,Pre-bloom,2023-02,Pre-bloom,2023-02-17,1,Transect_923401832_2023-02-19_5.4,923401832 1
923401832,Encounter,Encounter Marine Park,GSV18,Morgans,-35.58845,138.10838,5.4,2023-02-19,35,RLS,Pre-bloom,2023-02,Pre-bloom,2023-02-17,2,Transect_923401832_2023-02-19_5.4,923401832 2
923401833,Encounter,Encounter Marine Park,GSV5,Rapid Head South,-35.53145,138.1519,5.3,2023-02-17,35,RLS,Pre-bloom,2023-02,Pre-bloom,2023-02-17,2,Transect_923401833_2023-02-17_5.3,923401833 2
923401841,Encounter,Encounter Marine Park,GSV131,Horseshoe outer,-35.1394,138.45799,12.3,2023-05-15,36,RLS,Pre-bloom,2023-05,Pre-bloom,2023-05-15,1,Transect_923401841_2023-05-15_12.3,923401841 1
923401843,Encounter,Encounter Marine Park,GSV26,2nd Valley Boat Shed,-35.50945,138.21448999999998,5.4,2023-02-17,35,RLS,Pre-bloom,2023-02,Pre-bloom,2023-02-17,2,Transect_923401843_2023-02-17_5.4,923401843 2
923401844,Encounter,Encounter Marine Park,GSV4,Rapid Head,-35.52045,138.16443,5.2,2023-02-18,35,RLS,Pre-bloom,2023-02,Pre-bloom,2023-02-17,1,Transect_923401844_2023-02-18_5.2,923401844 1
923401844,Encounter,Encounter Marine Park,GSV4,Rapid Head,-35.52045,138.16443,5.2,2023-02-18,35,RLS,Pre-bloom,2023-02,Pre-bloom,2023-02-17,2,Transect_923401844_2023-02-18_5.2,923401844 2
923401845,Encounter,Encounter Marine Park,GSV18,Morgans,-35.58845,138.10838,5.3,2023-02-19,35,RLS,Pre-bloom,2023-02,Pre-bloom,2023-02-17,1,Transect_923401845_2023-02-19_5.3,923401845 1
923401845,Encounter,Encounter Marine Park,GSV18,Morgans,-35.58845,138.10838,5.3,2023-02-19,35,RLS,Pre-bloom,2023-02,Pre-bloom,2023-02-17,2,Transect_923401845_2023-02-19_5.3,923401845 2
923401849,Encounter,Encounter Marine Park,GSV3,Carrickalinga Head,-35.398,138.33591,5.2,2023-02-20,35,RLS,Pre-bloom,2023-02,Pre-bloom,2023-02-17,1,Transect_923401849_2023-02-20_5.2,923401849 1
923401852,Encounter,Encounter Marine Park,GSV42,Rapid Head SZ Site2,-35.52262,138.16308999999998,5.3,2022-12-03,33,RLS,Pre-bloom,2022-12,Pre-bloom,2022-12-03,2,Transect_923401852_2022-12-03_5.3,923401852 2
923401854,Encounter,Encounter Marine Park,GSV26,2nd Valley Boat Shed,-35.50945,138.21448999999998,5.3,2023-02-17,35,RLS,Pre-bloom,2023-02,Pre-bloom,2023-02-17,2,Transect_923401854_2023-02-17_5.3,923401854 2
923401856,Encounter,Encounter Marine Park,GSV4,Rapid Head,-35.52045,138.16443,5.3,2023-02-18,35,RLS,Pre-bloom,2023-02,Pre-bloom,2023-02-17,2,Transect_923401856_2023-02-18_5.3,923401856 2
923403125,Encounter,Encounter Marine Park,GSV42,Rapid Head SZ Site2,-35.52262,138.16308999999998,5.2,2024-02-19,38,RLS,Pre-bloom,2024-02,Pre-bloom,2024-02-17,1,Transect_923403125_2024-02-19_5.2,923403125 1
923403125,Encounter,Encounter Marine Park,GSV42,Rapid Head SZ Site2,-35.52262,138.16308999999998,5.2,2024-02-19,38,RLS,Pre-bloom,2024-02,Pre-bloom,2024-02-17,2,Transect_923403125_2024-02-19_5.2,923403125 2
923403127,Encounter,Encounter Marine Park,GSV42,Rapid Head SZ Site2,-35.52262,138.16308999999998,5.4,2024-02-19,38,RLS,Pre-bloom,2024-02,Pre-bloom,2024-02-17,2,Transect_923403127_2024-02-19_5.4,923403127 2
923403128,Encounter,Encounter Marine Park,GSV34,Nev's Windmills,-35.5526,138.12984,5.2,2024-02-19,38,RLS,Pre-bloom,2024-02,Pre-bloom,2024-02-17,1,Transect_923403128_2024-02-19_5.2,923403128 1
923403128,Encounter,Encounter Marine Park,GSV34,Nev's Windmills,-35.5526,138.12984,5.2,2024-02-19,38,RLS,Pre-bloom,2024-02,Pre-bloom,2024-02-17,2,Transect_923403128_2024-02-19_5.2,923403128 2
923403134,Encounter,Encounter Marine Park,GSV41,Rapid Head East,-35.519459999999995,138.17719,5.1,2024-02-17,38,RLS,Pre-bloom,2024-02,Pre-bloom,2024-02-17,1,Transect_923403134_2024-02-17_5.1,923403134 1
923403134,Encounter,Encounter Marine Park,GSV41,Rapid Head East,-35.519459999999995,138.17719,5.1,2024-02-17,38,RLS,Pre-bloom,2024-02,Pre-bloom,2024-02-17,2,Transect_923403134_2024-02-17_5.1,923403134 2
923403135,Encounter,Encounter Marine Park,GSV42,Rapid Head SZ Site2,-35.52262,138.16308999999998,5.1,2024-02-19,38,RLS,Pre-bloom,2024-02,Pre-bloom,2024-02-17,1,Transect_923403135_2024-02-19_5.1,923403135 1
923403143,Encounter,Encounter Marine Park,GSV43,Rapid Head SZ,-35.5186,138.17102,5.2,2024-02-17,38,RLS,Pre-bloom,2024-02,Pre-bloom,2024-02-17,2,Transect_923403143_2024-02-17_5.2,923403143 2
923403145,Encounter,Encounter Marine Park,GSV34,Nev's Windmills,-35.5526,138.12984,5.3,2024-02-19,38,RLS,Pre-bloom,2024-02,Pre-bloom,2024-02-17,2,Transect_923403145_2024-02-19_5.3,923403145 2
923403146,Encounter,Encounter Marine Park,GSV26,2nd Valley Boat Shed,-35.50945,138.21448999999998,5.2,2024-02-20,38,RLS,Pre-bloom,2024-02,Pre-bloom,2024-02-17,2,Transect_923403146_2024-02-20_5.2,923403146 2
923403147,Encounter,Encounter Marine Park,GSV3,Carrickalinga Head,-35.398,138.33591,5.4,2024-02-18,38,RLS,Pre-bloom,2024-02,Pre-bloom,2024-02-17,2,Transect_923403147_2024-02-18_5.4,923403147 2
923403152,Encounter,Encounter Marine Park,GSV46,Carrickalinga North Site 2,-35.37312,138.37358,5.2,2024-02-18,38,RLS,Pre-bloom,2024-02,Pre-bloom,2024-02-17,2,Transect_923403152_2024-02-18_5.2,923403152 2
923403528,Encounter,Encounter Marine Park,GSV3,Carrickalinga Head,-35.398,138.33591,5.1,2023-12-21,37,RLS,Pre-bloom,2023-12,Pre-bloom,2023-12-20,1,Transect_923403528_2023-12-21_5.1,923403528 1
923403543,Encounter,Encounter Marine Park,GSV3,Carrickalinga Head,-35.398,138.33591,5,2023-12-21,37,RLS,Pre-bloom,2023-12,Pre-bloom,2023-12-20,1,Transect_923403543_2023-12-21_5,923403543 1
923403543,Encounter,Encounter Marine Park,GSV3,Carrickalinga Head,-35.398,138.33591,5,2023-12-21,37,RLS,Pre-bloom,2023-12,Pre-bloom,2023-12-20,2,Transect_923403543_2023-12-21_5,923403543 2
923403586,Encounter,Encounter Marine Park,GSV95,Lasseters Reef,-35.508379999999995,138.21873,6,2023-12-20,37,RLS,Pre-bloom,2023-12,Pre-bloom,2023-12-20,1,Transect_923403586_2023-12-20_6,923403586 1
923403586,Encounter,Encounter Marine Park,GSV95,Lasseters Reef,-35.508379999999995,138.21873,6,2023-12-20,37,RLS,Pre-bloom,2023-12,Pre-bloom,2023-12-20,2,Transect_923403586_2023-12-20_6,923403586 2
923403605,Encounter,Encounter Marine Park,GSV95,Lasseters Reef,-35.508379999999995,138.21873,5,2023-12-20,37,RLS,Pre-bloom,2023-12,Pre-bloom,2023-12-20,1,Transect_923403605_2023-12-20_5,923403605 1
923403605,Encounter,Encounter Marine Park,GSV95,Lasseters Reef,-35.508379999999995,138.21873,5,2023-12-20,37,RLS,Pre-bloom,2023-12,Pre-bloom,2023-12-20,2,Transect_923403605_2023-12-20_5,923403605 2
923403614,Encounter,Encounter Marine Park,GSV26,2nd Valley Boat Shed,-35.50945,138.21448999999998,6,2023-12-21,37,RLS,Pre-bloom,2023-12,Pre-bloom,2023-12-20,1,Transect_923403614_2023-12-21_6,923403614 1
923403614,Encounter,Encounter Marine Park,GSV26,2nd Valley Boat Shed,-35.50945,138.21448999999998,6,2023-12-21,37,RLS,Pre-bloom,2023-12,Pre-bloom,2023-12-20,2,Transect_923403614_2023-12-21_6,923403614 2
923403615,Encounter,Encounter Marine Park,GSV26,2nd Valley Boat Shed,-35.50945,138.21448999999998,5,2023-12-21,37,RLS,Pre-bloom,2023-12,Pre-bloom,2023-12-20,2,Transect_923403615_2023-12-21_5,923403615 2
923405656,Encounter,Encounter Marine Park,GSV17,The Bluff,-35.58887,138.60553000000002,4.2,2025-06-20,40,RLS,Bloom,2025-06,Bloom 2025-06,2025-06-20,1,Transect_923405656_2025-06-20_4.2,923405656 1
923405657,Encounter,Encounter Marine Park,GSV17,The Bluff,-35.58887,138.60553000000002,5.1,2025-06-20,40,RLS,Bloom,2025-06,Bloom 2025-06,2025-06-20,2,Transect_923405657_2025-06-20_5.1,923405657 2
923405661,Encounter,Encounter Marine Park,GSV107,Olivers Reef,-35.54715,138.63821000000002,5.1,2025-06-21,40,RLS,Bloom,2025-06,Bloom 2025-06,2025-06-20,1,Transect_923405661_2025-06-21_5.1,923405661 1
923405661,Encounter,Encounter Marine Park,GSV107,Olivers Reef,-35.54715,138.63821000000002,5.1,2025-06-21,40,RLS,Bloom,2025-06,Bloom 2025-06,2025-06-20,2,Transect_923405661_2025-06-21_5.1,923405661 2
923405663,Encounter,Encounter Marine Park,GSV40,Whalebone Reef,-35.5714,138.61166,5.2,2025-06-20,40,RLS,Bloom,2025-06,Bloom 2025-06,2025-06-20,1,Transect_923405663_2025-06-20_5.2,923405663 1
923405663,Encounter,Encounter Marine Park,GSV40,Whalebone Reef,-35.5714,138.61166,5.2,2025-06-20,40,RLS,Bloom,2025-06,Bloom 2025-06,2025-06-20,2,Transect_923405663_2025-06-20_5.2,923405663 2
923405664,Encounter,Encounter Marine Park,GSV11,Outside Granite island,-35.56754,138.63158,5.1,2025-06-20,40,RLS,Bloom,2025-06,Bloom 2025-06,2025-06-20,2,Transect_923405664_2025-06-20_5.1,923405664 2
923405670,Yorke Peninsula,Lower Yorke Peninsula MP,GSV189,Troubridge Point,-35.16955,137.67406,7.1,2025-06-17,5,RLS,Bloom,2025-06,Bloom 2025-06,2025-06-17,2,Transect_923405670_2025-06-17_7.1,923405670 2
923405672,Encounter,Encounter Marine Park,GSV14,Newland Head,-35.64094,138.52662,5.1,2025-06-21,40,RLS,Bloom,2025-06,Bloom 2025-06,2025-06-20,1,Transect_923405672_2025-06-21_5.1,923405672 1
923405672,Encounter,Encounter Marine Park,GSV14,Newland Head,-35.64094,138.52662,5.1,2025-06-21,40,RLS,Bloom,2025-06,Bloom 2025-06,2025-06-20,2,Transect_923405672_2025-06-21_5.1,923405672 2
923405674,Encounter,Encounter Marine Park,GSV40,Whalebone Reef,-35.5714,138.61166,5.1,2025-06-20,40,RLS,Bloom,2025-06,Bloom 2025-06,2025-06-20,1,Transect_923405674_2025-06-20_5.1,923405674 1
923405674,Encounter,Encounter Marine Park,GSV40,Whalebone Reef,-35.5714,138.61166,5.1,2025-06-20,40,RLS,Bloom,2025-06,Bloom 2025-06,2025-06-20,2,Transect_923405674_2025-06-20_5.1,923405674 2
923405675,Encounter,Encounter Marine Park,GSV11,Outside Granite island,-35.56754,138.63158,5.2,2025-06-20,40,RLS,Bloom,2025-06,Bloom 2025-06,2025-06-20,1,Transect_923405675_2025-06-20_5.2,923405675 1
923405675,Encounter,Encounter Marine Park,GSV11,Outside Granite island,-35.56754,138.63158,5.2,2025-06-20,40,RLS,Bloom,2025-06,Bloom 2025-06,2025-06-20,2,Transect_923405675_2025-06-20_5.2,923405675 2
923405678,Encounter,Encounter Marine Park,GSV14,Newland Head,-35.64094,138.52662,5.2,2025-06-21,40,RLS,Bloom,2025-06,Bloom 2025-06,2025-06-20,1,Transect_923405678_2025-06-21_5.2,923405678 1
923405678,Encounter,Encounter Marine Park,GSV14,Newland Head,-35.64094,138.52662,5.2,2025-06-21,40,RLS,Bloom,2025-06,Bloom 2025-06,2025-06-20,2,Transect_923405678_2025-06-21_5.2,923405678 2
923405679,Encounter,Encounter Marine Park,GSV107,Olivers Reef,-35.54715,138.63821000000002,5.2,2025-06-21,40,RLS,Bloom,2025-06,Bloom 2025-06,2025-06-20,1,Transect_923405679_2025-06-21_5.2,923405679 1
923405679,Encounter,Encounter Marine Park,GSV107,Olivers Reef,-35.54715,138.63821000000002,5.2,2025-06-21,40,RLS,Bloom,2025-06,Bloom 2025-06,2025-06-20,2,Transect_923405679_2025-06-21_5.2,923405679 2
923405681,Encounter,Encounter Marine Park,GSV15,Flat Irons,-35.61781,138.55721,5.2,2025-06-20,40,RLS,Bloom,2025-06,Bloom 2025-06,2025-06-20,1,Transect_923405681_2025-06-20_5.2,923405681 1
923405681,Encounter,Encounter Marine Park,GSV15,Flat Irons,-35.61781,138.55721,5.2,2025-06-20,40,RLS,Bloom,2025-06,Bloom 2025-06,2025-06-20,2,Transect_923405681_2025-06-20_5.2,923405681 2
923405682,Encounter,Encounter Marine Park,GSV15,Flat Irons,-35.61781,138.55721,6.1,2025-06-20,40,RLS,Bloom,2025-06,Bloom 2025-06,2025-06-20,1,Transect_923405682_2025-06-20_6.1,923405682 1
923406535,Encounter,Encounter Marine Park,GSV2,Haycock Point,-35.41506,138.32132,5.1,2026-02-11,42,RLS,Bloom,2026-01,Bloom 2026-01,2026-01-12,2,Transect_923406535_2026-02-11_5.1,923406535 2
923406536,Encounter,Encounter Marine Park,GSV1,Carrickalinga (toilet),-35.42445,138.31902,5.3,2026-02-09,42,RLS,Bloom,2026-01,Bloom 2026-01,2026-01-12,1,Transect_923406536_2026-02-09_5.3,923406536 1
923406537,Encounter,Encounter Marine Park,GSV4,Rapid Head,-35.52045,138.16443,5.3,2026-01-15,42,RLS,Bloom,2026-01,Bloom 2026-01,2026-01-12,2,Transect_923406537_2026-01-15_5.3,923406537 2
923406538,Encounter,Encounter Marine Park,GSV24,Ripple Rock,-35.3841,138.35586999999998,5.2,2026-01-13,42,RLS,Bloom,2026-01,Bloom 2026-01,2026-01-12,2,Transect_923406538_2026-01-13_5.2,923406538 2
923406539,Encounter,Encounter Marine Park,GSV93,Aldinga Reef,-35.26825,138.43202,5.2,2026-01-30,42,RLS,Bloom,2026-01,Bloom 2026-01,2026-01-12,2,Transect_923406539_2026-01-30_5.2,923406539 2
923406540,Encounter,Encounter Marine Park,GSV26,2nd Valley Boat Shed,-35.50945,138.21448999999998,5.3,2026-01-15,42,RLS,Bloom,2026-01,Bloom 2026-01,2026-01-12,1,Transect_923406540_2026-01-15_5.3,923406540 1
923406541,Encounter,Encounter Marine Park,GSV42,Rapid Head SZ Site2,-35.52262,138.16308999999998,5.4,2026-02-12,42,RLS,Bloom,2026-01,Bloom 2026-01,2026-01-12,1,Transect_923406541_2026-02-12_5.4,923406541 1
923406541,Encounter,Encounter Marine Park,GSV42,Rapid Head SZ Site2,-35.52262,138.16308999999998,5.4,2026-02-12,42,RLS,Bloom,2026-01,Bloom 2026-01,2026-01-12,2,Transect_923406541_2026-02-12_5.4,923406541 2
923406542,Encounter,Encounter Marine Park,GSV47,Carrickalinga Nth,-35.371190000000006,138.37876,5.1,2026-01-14,42,RLS,Bloom,2026-01,Bloom 2026-01,2026-01-12,1,Transect_923406542_2026-01-14_5.1,923406542 1
923406542,Encounter,Encounter Marine Park,GSV47,Carrickalinga Nth,-35.371190000000006,138.37876,5.1,2026-01-14,42,RLS,Bloom,2026-01,Bloom 2026-01,2026-01-12,2,Transect_923406542_2026-01-14_5.1,923406542 2
923406544,Encounter,Encounter Marine Park,GSV183,Aldinga SZ1,-35.26631,138.43649,5.4,2026-01-29,42,RLS,Bloom,2026-01,Bloom 2026-01,2026-01-12,1,Transect_923406544_2026-01-29_5.4,923406544 1
923406544,Encounter,Encounter Marine Park,GSV183,Aldinga SZ1,-35.26631,138.43649,5.4,2026-01-29,42,RLS,Bloom,2026-01,Bloom 2026-01,2026-01-12,2,Transect_923406544_2026-01-29_5.4,923406544 2
923406545,Encounter,Encounter Marine Park,GSV129,Willunga,-35.25666,138.4585,5.3,2026-01-29,42,RLS,Bloom,2026-01,Bloom 2026-01,2026-01-12,1,Transect_923406545_2026-01-29_5.3,923406545 1
923406546,Encounter,Encounter Marine Park,GSV55,Pancake Rock,-35.740829999999995,138.03985,5.2,2026-02-10,42,RLS,Bloom,2026-01,Bloom 2026-01,2026-01-12,2,Transect_923406546_2026-02-10_5.2,923406546 2
923406547,Encounter,Encounter Marine Park,GSV3,Carrickalinga Head,-35.398,138.33591,5.2,2026-02-09,42,RLS,Bloom,2026-01,Bloom 2026-01,2026-01-12,1,Transect_923406547_2026-02-09_5.2,923406547 1
923406548,Encounter,Encounter Marine Park,GSV43,Rapid Head SZ,-35.5186,138.17102,5.4,2026-02-12,42,RLS,Bloom,2026-01,Bloom 2026-01,2026-01-12,1,Transect_923406548_2026-02-12_5.4,923406548 1
923406549,Encounter,Encounter Marine Park,GSV9,Dodd's Beach,-35.40416,138.33043,5.3,2026-01-14,42,RLS,Bloom,2026-01,Bloom 2026-01,2026-01-12,1,Transect_923406549_2026-01-14_5.3,923406549 1
923406550,Encounter,Encounter Marine Park,GSV116,Aldinga Pinacles,-35.26681,138.43364,10.4,2026-02-09,42,RLS,Bloom,2026-01,Bloom 2026-01,2026-01-12,1,Transect_923406550_2026-02-09_10.4,923406550 1
923406550,Encounter,Encounter Marine Park,GSV116,Aldinga Pinacles,-35.26681,138.43364,10.4,2026-02-09,42,RLS,Bloom,2026-01,Bloom 2026-01,2026-01-12,2,Transect_923406550_2026-02-09_10.4,923406550 2
923406551,Encounter,Encounter Marine Park,GSV24,Ripple Rock,-35.3841,138.35586999999998,5.3,2026-01-13,42,RLS,Bloom,2026-01,Bloom 2026-01,2026-01-12,1,Transect_923406551_2026-01-13_5.3,923406551 1
923406551,Encounter,Encounter Marine Park,GSV24,Ripple Rock,-35.3841,138.35586999999998,5.3,2026-01-13,42,RLS,Bloom,2026-01,Bloom 2026-01,2026-01-12,2,Transect_923406551_2026-01-13_5.3,923406551 2
923406557,Encounter,Encounter Marine Park,GSV45,Carrickalinga North Site,-35.3777,138.36288000000002,5.4,2026-01-16,42,RLS,Bloom,2026-01,Bloom 2026-01,2026-01-12,2,Transect_923406557_2026-01-16_5.4,923406557 2
923406558,Encounter,Encounter Marine Park,GSV93,Aldinga Reef,-35.26825,138.43202,5.3,2026-01-30,42,RLS,Bloom,2026-01,Bloom 2026-01,2026-01-12,1,Transect_923406558_2026-01-30_5.3,923406558 1
923406559,Encounter,Encounter Marine Park,GSV1,Carrickalinga (toilet),-35.42445,138.31902,5.1,2026-01-16,42,RLS,Bloom,2026-01,Bloom 2026-01,2026-01-12,1,Transect_923406559_2026-01-16_5.1,923406559 1
923406560,Encounter,Encounter Marine Park,GSV129,Willunga,-35.25666,138.4585,5.2,2026-01-29,42,RLS,Bloom,2026-01,Bloom 2026-01,2026-01-12,1,Transect_923406560_2026-01-29_5.2,923406560 1
923406560,Encounter,Encounter Marine Park,GSV129,Willunga,-35.25666,138.4585,5.2,2026-01-29,42,RLS,Bloom,2026-01,Bloom 2026-01,2026-01-12,2,Transect_923406560_2026-01-29_5.2,923406560 2
923406562,Encounter,Encounter Marine Park,GSV3,Carrickalinga Head,-35.398,138.33591,5.1,2026-02-09,42,RLS,Bloom,2026-01,Bloom 2026-01,2026-01-12,1,Transect_923406562_2026-02-09_5.1,923406562 1
923406563,Encounter,Encounter Marine Park,GSV9,Dodd's Beach,-35.40416,138.33043,5.4,2026-01-14,42,RLS,Bloom,2026-01,Bloom 2026-01,2026-01-12,1,Transect_923406563_2026-01-14_5.4,923406563 1
923406563,Encounter,Encounter Marine Park,GSV9,Dodd's Beach,-35.40416,138.33043,5.4,2026-01-14,42,RLS,Bloom,2026-01,Bloom 2026-01,2026-01-12,2,Transect_923406563_2026-01-14_5.4,923406563 2
923406565,Encounter,Encounter Marine Park,GSV41,Rapid Head East,-35.519459999999995,138.17719,5.4,2026-02-12,42,RLS,Bloom,2026-01,Bloom 2026-01,2026-01-12,1,Transect_923406565_2026-02-12_5.4,923406565 1
923406569,Encounter,Encounter Marine Park,GSV46,Carrickalinga North Site 2,-35.37312,138.37358,5.3,2026-01-13,42,RLS,Bloom,2026-01,Bloom 2026-01,2026-01-12,1,Transect_923406569_2026-01-13_5.3,923406569 1
923406569,Encounter,Encounter Marine Park,GSV46,Carrickalinga North Site 2,-35.37312,138.37358,5.3,2026-01-13,42,RLS,Bloom,2026-01,Bloom 2026-01,2026-01-12,2,Transect_923406569_2026-01-13_5.3,923406569 2
923406571,Encounter,Encounter Marine Park,GSV93,Aldinga Reef,-35.26825,138.43202,5.4,2026-01-30,42,RLS,Bloom,2026-01,Bloom 2026-01,2026-01-12,1,Transect_923406571_2026-01-30_5.4,923406571 1
923406571,Encounter,Encounter Marine Park,GSV93,Aldinga Reef,-35.26825,138.43202,5.4,2026-01-30,42,RLS,Bloom,2026-01,Bloom 2026-01,2026-01-12,2,Transect_923406571_2026-01-30_5.4,923406571 2
923406572,Encounter,Encounter Marine Park,GSV45,Carrickalinga North Site,-35.3777,138.36288000000002,5.3,2026-01-16,42,RLS,Bloom,2026-01,Bloom 2026-01,2026-01-12,1,Transect_923406572_2026-01-16_5.3,923406572 1
923406572,Encounter,Encounter Marine Park,GSV45,Carrickalinga North Site,-35.3777,138.36288000000002,5.3,2026-01-16,42,RLS,Bloom,2026-01,Bloom 2026-01,2026-01-12,2,Transect_923406572_2026-01-16_5.3,923406572 2
923406573,Encounter,Encounter Marine Park,GSV26,2nd Valley Boat Shed,-35.50945,138.21448999999998,5.2,2026-02-11,42,RLS,Bloom,2026-01,Bloom 2026-01,2026-01-12,1,Transect_923406573_2026-02-11_5.2,923406573 1
923406573,Encounter,Encounter Marine Park,GSV26,2nd Valley Boat Shed,-35.50945,138.21448999999998,5.2,2026-02-11,42,RLS,Bloom,2026-01,Bloom 2026-01,2026-01-12,2,Transect_923406573_2026-02-11_5.2,923406573 2
923406576,Encounter,Encounter Marine Park,GSV41,Rapid Head East,-35.519459999999995,138.17719,5.3,2026-02-12,42,RLS,Bloom,2026-01,Bloom 2026-01,2026-01-12,1,Transect_923406576_2026-02-12_5.3,923406576 1
923406577,Encounter,Encounter Marine Park,GSV26,2nd Valley Boat Shed,-35.50945,138.21448999999998,5.1,2026-02-11,42,RLS,Bloom,2026-01,Bloom 2026-01,2026-01-12,2,Transect_923406577_2026-02-11_5.1,923406577 2
923406578,Encounter,Encounter Marine Park,GSV116,Aldinga Pinacles,-35.26681,138.43364,10.2,2026-02-09,42,RLS,Bloom,2026-01,Bloom 2026-01,2026-01-12,2,Transect_923406578_2026-02-09_10.2,923406578 2
923406579,Encounter,Encounter Marine Park,GSV43,Rapid Head SZ,-35.5186,138.17102,5.2,2026-02-12,42,RLS,Bloom,2026-01,Bloom 2026-01,2026-01-12,2,Transect_923406579_2026-02-12_5.2,923406579 2
923406580,Encounter,Encounter Marine Park,GSV46,Carrickalinga North Site 2,-35.37312,138.37358,5.2,2026-01-13,42,RLS,Bloom,2026-01,Bloom 2026-01,2026-01-12,1,Transect_923406580_2026-01-13_5.2,923406580 1
923406580,Encounter,Encounter Marine Park,GSV46,Carrickalinga North Site 2,-35.37312,138.37358,5.2,2026-01-13,42,RLS,Bloom,2026-01,Bloom 2026-01,2026-01-12,2,Transect_923406580_2026-01-13_5.2,923406580 2
923406581,Encounter,Encounter Marine Park,GSV46,Carrickalinga North Site 2,-35.37312,138.37358,5.4,2026-01-13,42,RLS,Bloom,2026-01,Bloom 2026-01,2026-01-12,1,Transect_923406581_2026-01-13_5.4,923406581 1
923406581,Encounter,Encounter Marine Park,GSV46,Carrickalinga North Site 2,-35.37312,138.37358,5.4,2026-01-13,42,RLS,Bloom,2026-01,Bloom 2026-01,2026-01-12,2,Transect_923406581_2026-01-13_5.4,923406581 2
923406582,Encounter,Encounter Marine Park,GSV24,Ripple Rock,-35.3841,138.35586999999998,5.1,2026-01-13,42,RLS,Bloom,2026-01,Bloom 2026-01,2026-01-12,1,Transect_923406582_2026-01-13_5.1,923406582 1
923406582,Encounter,Encounter Marine Park,GSV24,Ripple Rock,-35.3841,138.35586999999998,5.1,2026-01-13,42,RLS,Bloom,2026-01,Bloom 2026-01,2026-01-12,2,Transect_923406582_2026-01-13_5.1,923406582 2
923406584,Encounter,Encounter Marine Park,GSV34,Nev's Windmills,-35.5526,138.12984,5.4,2026-01-12,42,RLS,Bloom,2026-01,Bloom 2026-01,2026-01-12,1,Transect_923406584_2026-01-12_5.4,923406584 1
923406584,Encounter,Encounter Marine Park,GSV34,Nev's Windmills,-35.5526,138.12984,5.4,2026-01-12,42,RLS,Bloom,2026-01,Bloom 2026-01,2026-01-12,2,Transect_923406584_2026-01-12_5.4,923406584 2
923406586,Encounter,Encounter Marine Park,GSV129,Willunga,-35.25666,138.4585,5.4,2026-01-29,42,RLS,Bloom,2026-01,Bloom 2026-01,2026-01-12,1,Transect_923406586_2026-01-29_5.4,923406586 1
923406587,Encounter,Encounter Marine Park,GSV26,2nd Valley Boat Shed,-35.50945,138.21448999999998,5.3,2026-02-11,42,RLS,Bloom,2026-01,Bloom 2026-01,2026-01-12,2,Transect_923406587_2026-02-11_5.3,923406587 2
923406588,Encounter,Encounter Marine Park,GSV3,Carrickalinga Head,-35.398,138.33591,5.2,2026-01-14,42,RLS,Bloom,2026-01,Bloom 2026-01,2026-01-12,2,Transect_923406588_2026-01-14_5.2,923406588 2
923406589,Encounter,Encounter Marine Park,GSV41,Rapid Head East,-35.519459999999995,138.17719,5.2,2026-02-12,42,RLS,Bloom,2026-01,Bloom 2026-01,2026-01-12,1,Transect_923406589_2026-02-12_5.2,923406589 1
923406589,Encounter,Encounter Marine Park,GSV41,Rapid Head East,-35.519459999999995,138.17719,5.2,2026-02-12,42,RLS,Bloom,2026-01,Bloom 2026-01,2026-01-12,2,Transect_923406589_2026-02-12_5.2,923406589 2
923406590,Encounter,Encounter Marine Park,GSV43,Rapid Head SZ,-35.5186,138.17102,5.3,2026-02-12,42,RLS,Bloom,2026-01,Bloom 2026-01,2026-01-12,2,Transect_923406590_2026-02-12_5.3,923406590 2
923406591,Encounter,Encounter Marine Park,GSV116,Aldinga Pinacles,-35.26681,138.43364,10.3,2026-02-09,42,RLS,Bloom,2026-01,Bloom 2026-01,2026-01-12,1,Transect_923406591_2026-02-09_10.3,923406591 1
923406593,Encounter,Encounter Marine Park,GSV95,Lasseters Reef,-35.508379999999995,138.21873,5.3,2026-02-11,42,RLS,Bloom,2026-01,Bloom 2026-01,2026-01-12,1,Transect_923406593_2026-02-11_5.3,923406593 1
923406594,Encounter,Encounter Marine Park,GSV34,Nev's Windmills,-35.5526,138.12984,5.3,2026-01-12,42,RLS,Bloom,2026-01,Bloom 2026-01,2026-01-12,1,Transect_923406594_2026-01-12_5.3,923406594 1
923406594,Encounter,Encounter Marine Park,GSV34,Nev's Windmills,-35.5526,138.12984,5.3,2026-01-12,42,RLS,Bloom,2026-01,Bloom 2026-01,2026-01-12,2,Transect_923406594_2026-01-12_5.3,923406594 2
923406597,Encounter,Encounter Marine Park,GSV45,Carrickalinga North Site,-35.3777,138.36288000000002,5.1,2026-01-16,42,RLS,Bloom,2026-01,Bloom 2026-01,2026-01-12,1,Transect_923406597_2026-01-16_5.1,923406597 1
923406597,Encounter,Encounter Marine Park,GSV45,Carrickalinga North Site,-35.3777,138.36288000000002,5.1,2026-01-16,42,RLS,Bloom,2026-01,Bloom 2026-01,2026-01-12,2,Transect_923406597_2026-01-16_5.1,923406597 2
923406598,Encounter,Encounter Marine Park,GSV18,Morgans,-35.58845,138.10838,5.4,2026-01-12,42,RLS,Bloom,2026-01,Bloom 2026-01,2026-01-12,1,Transect_923406598_2026-01-12_5.4,923406598 1
923406598,Encounter,Encounter Marine Park,GSV18,Morgans,-35.58845,138.10838,5.4,2026-01-12,42,RLS,Bloom,2026-01,Bloom 2026-01,2026-01-12,2,Transect_923406598_2026-01-12_5.4,923406598 2
923406600,Encounter,Encounter Marine Park,GSV7,Myponga South,-35.3882,138.3492,5.3,2026-01-13,42,RLS,Bloom,2026-01,Bloom 2026-01,2026-01-12,1,Transect_923406600_2026-01-13_5.3,923406600 1
923406600,Encounter,Encounter Marine Park,GSV7,Myponga South,-35.3882,138.3492,5.3,2026-01-13,42,RLS,Bloom,2026-01,Bloom 2026-01,2026-01-12,2,Transect_923406600_2026-01-13_5.3,923406600 2
923406601,Encounter,Encounter Marine Park,GSV41,Rapid Head East,-35.519459999999995,138.17719,5.1,2026-02-12,42,RLS,Bloom,2026-01,Bloom 2026-01,2026-01-12,1,Transect_923406601_2026-02-12_5.1,923406601 1
923406601,Encounter,Encounter Marine Park,GSV41,Rapid Head East,-35.519459999999995,138.17719,5.1,2026-02-12,42,RLS,Bloom,2026-01,Bloom 2026-01,2026-01-12,2,Transect_923406601_2026-02-12_5.1,923406601 2
923406602,Encounter,Encounter Marine Park,GSV3,Carrickalinga Head,-35.398,138.33591,5.3,2026-01-14,42,RLS,Bloom,2026-01,Bloom 2026-01,2026-01-12,2,Transect_923406602_2026-01-14_5.3,923406602 2
923406603,Encounter,Encounter Marine Park,GSV182,Aldinga SZ3,-35.280359999999995,138.43153999999998,5.1,2026-01-30,42,RLS,Bloom,2026-01,Bloom 2026-01,2026-01-12,1,Transect_923406603_2026-01-30_5.1,923406603 1
923406603,Encounter,Encounter Marine Park,GSV182,Aldinga SZ3,-35.280359999999995,138.43153999999998,5.1,2026-01-30,42,RLS,Bloom,2026-01,Bloom 2026-01,2026-01-12,2,Transect_923406603_2026-01-30_5.1,923406603 2
923406604,Encounter,Encounter Marine Park,GSV34,Nev's Windmills,-35.5526,138.12984,5.2,2026-01-12,42,RLS,Bloom,2026-01,Bloom 2026-01,2026-01-12,1,Transect_923406604_2026-01-12_5.2,923406604 1
923406605,Encounter,Encounter Marine Park,GSV21,Cable Hut,-35.73268,138.0191,5.3,2026-02-10,42,RLS,Bloom,2026-01,Bloom 2026-01,2026-01-12,1,Transect_923406605_2026-02-10_5.3,923406605 1
923406605,Encounter,Encounter Marine Park,GSV21,Cable Hut,-35.73268,138.0191,5.3,2026-02-10,42,RLS,Bloom,2026-01,Bloom 2026-01,2026-01-12,2,Transect_923406605_2026-02-10_5.3,923406605 2
923406606,Encounter,Encounter Marine Park,GSV57,Grassy Knoll,-35.72388,137.98821999999998,5.3,2026-02-10,42,RLS,Bloom,2026-01,Bloom 2026-01,2026-01-12,1,Transect_923406606_2026-02-10_5.3,923406606 1
923406606,Encounter,Encounter Marine Park,GSV57,Grassy Knoll,-35.72388,137.98821999999998,5.3,2026-02-10,42,RLS,Bloom,2026-01,Bloom 2026-01,2026-01-12,2,Transect_923406606_2026-02-10_5.3,923406606 2
923406607,Encounter,Encounter Marine Park,GSV18,Morgans,-35.58845,138.10838,5.3,2026-01-12,42,RLS,Bloom,2026-01,Bloom 2026-01,2026-01-12,2,Transect_923406607_2026-01-12_5.3,923406607 2
923406609,Encounter,Encounter Marine Park,GSV42,Rapid Head SZ Site2,-35.52262,138.16308999999998,5.1,2026-02-12,42,RLS,Bloom,2026-01,Bloom 2026-01,2026-01-12,2,Transect_923406609_2026-02-12_5.1,923406609 2
923406610,Encounter,Encounter Marine Park,GSV7,Myponga South,-35.3882,138.3492,5.4,2026-01-13,42,RLS,Bloom,2026-01,Bloom 2026-01,2026-01-12,1,Transect_923406610_2026-01-13_5.4,923406610 1
923406610,Encounter,Encounter Marine Park,GSV7,Myponga South,-35.3882,138.3492,5.4,2026-01-13,42,RLS,Bloom,2026-01,Bloom 2026-01,2026-01-12,2,Transect_923406610_2026-01-13_5.4,923406610 2
923406611,Encounter,Encounter Marine Park,GSV183,Aldinga SZ1,-35.26631,138.43649,5.1,2026-01-29,42,RLS,Bloom,2026-01,Bloom 2026-01,2026-01-12,1,Transect_923406611_2026-01-29_5.1,923406611 1
923406612,Encounter,Encounter Marine Park,GSV3,Carrickalinga Head,-35.398,138.33591,5.4,2026-01-14,42,RLS,Bloom,2026-01,Bloom 2026-01,2026-01-12,1,Transect_923406612_2026-01-14_5.4,923406612 1
923406612,Encounter,Encounter Marine Park,GSV3,Carrickalinga Head,-35.398,138.33591,5.4,2026-01-14,42,RLS,Bloom,2026-01,Bloom 2026-01,2026-01-12,2,Transect_923406612_2026-01-14_5.4,923406612 2
923406613,Encounter,Encounter Marine Park,GSV116,Aldinga Pinacles,-35.26681,138.43364,10.1,2026-02-09,42,RLS,Bloom,2026-01,Bloom 2026-01,2026-01-12,1,Transect_923406613_2026-02-09_10.1,923406613 1
923406614,Encounter,Encounter Marine Park,GSV182,Aldinga SZ3,-35.280359999999995,138.43153999999998,5.2,2026-01-30,42,RLS,Bloom,2026-01,Bloom 2026-01,2026-01-12,1,Transect_923406614_2026-01-30_5.2,923406614 1
923406614,Encounter,Encounter Marine Park,GSV182,Aldinga SZ3,-35.280359999999995,138.43153999999998,5.2,2026-01-30,42,RLS,Bloom,2026-01,Bloom 2026-01,2026-01-12,2,Transect_923406614_2026-01-30_5.2,923406614 2
923406616,Encounter,Encounter Marine Park,GSV46,Carrickalinga North Site 2,-35.37312,138.37358,5.1,2026-01-13,42,RLS,Bloom,2026-01,Bloom 2026-01,2026-01-12,1,Transect_923406616_2026-01-13_5.1,923406616 1
923406616,Encounter,Encounter Marine Park,GSV46,Carrickalinga North Site 2,-35.37312,138.37358,5.1,2026-01-13,42,RLS,Bloom,2026-01,Bloom 2026-01,2026-01-12,2,Transect_923406616_2026-01-13_5.1,923406616 2
923406617,Encounter,Encounter Marine Park,GSV2,Haycock Point,-35.41506,138.32132,5.4,2026-02-11,42,RLS,Bloom,2026-01,Bloom 2026-01,2026-01-12,2,Transect_923406617_2026-02-11_5.4,923406617 2
923406619,Encounter,Encounter Marine Park,GSV18,Morgans,-35.58845,138.10838,5.2,2026-01-12,42,RLS,Bloom,2026-01,Bloom 2026-01,2026-01-12,1,Transect_923406619_2026-01-12_5.2,923406619 1
923406619,Encounter,Encounter Marine Park,GSV18,Morgans,-35.58845,138.10838,5.2,2026-01-12,42,RLS,Bloom,2026-01,Bloom 2026-01,2026-01-12,2,Transect_923406619_2026-01-12_5.2,923406619 2
923406621,Encounter,Encounter Marine Park,GSV1,Carrickalinga (toilet),-35.42445,138.31902,5.4,2026-01-16,42,RLS,Bloom,2026-01,Bloom 2026-01,2026-01-12,1,Transect_923406621_2026-01-16_5.4,923406621 1
923406622,Encounter,Encounter Marine Park,GSV129,Willunga,-35.25666,138.4585,5.1,2026-01-29,42,RLS,Bloom,2026-01,Bloom 2026-01,2026-01-12,1,Transect_923406622_2026-01-29_5.1,923406622 1
923406622,Encounter,Encounter Marine Park,GSV129,Willunga,-35.25666,138.4585,5.1,2026-01-29,42,RLS,Bloom,2026-01,Bloom 2026-01,2026-01-12,2,Transect_923406622_2026-01-29_5.1,923406622 2
923406623,Encounter,Encounter Marine Park,GSV47,Carrickalinga Nth,-35.371190000000006,138.37876,5.3,2026-01-14,42,RLS,Bloom,2026-01,Bloom 2026-01,2026-01-12,2,Transect_923406623_2026-01-14_5.3,923406623 2
923406624,Encounter,Encounter Marine Park,GSV1,Carrickalinga (toilet),-35.42445,138.31902,5.1,2026-02-09,42,RLS,Bloom,2026-01,Bloom 2026-01,2026-01-12,2,Transect_923406624_2026-02-09_5.1,923406624 2
923406626,Encounter,Encounter Marine Park,GSV183,Aldinga SZ1,-35.26631,138.43649,5.2,2026-01-29,42,RLS,Bloom,2026-01,Bloom 2026-01,2026-01-12,1,Transect_923406626_2026-01-29_5.2,923406626 1
923406629,Encounter,Encounter Marine Park,GSV5,Rapid Head South,-35.53145,138.1519,5.1,2026-01-12,42,RLS,Bloom,2026-01,Bloom 2026-01,2026-01-12,1,Transect_923406629_2026-01-12_5.1,923406629 1
923406629,Encounter,Encounter Marine Park,GSV5,Rapid Head South,-35.53145,138.1519,5.1,2026-01-12,42,RLS,Bloom,2026-01,Bloom 2026-01,2026-01-12,2,Transect_923406629_2026-01-12_5.1,923406629 2
923406631,Encounter,Encounter Marine Park,GSV182,Aldinga SZ3,-35.280359999999995,138.43153999999998,5.3,2026-01-30,42,RLS,Bloom,2026-01,Bloom 2026-01,2026-01-12,1,Transect_923406631_2026-01-30_5.3,923406631 1
923406632,Encounter,Encounter Marine Park,GSV3,Carrickalinga Head,-35.398,138.33591,5.4,2026-02-09,42,RLS,Bloom,2026-01,Bloom 2026-01,2026-01-12,1,Transect_923406632_2026-02-09_5.4,923406632 1
923406633,Encounter,Encounter Marine Park,GSV2,Haycock Point,-35.41506,138.32132,5.3,2026-02-11,42,RLS,Bloom,2026-01,Bloom 2026-01,2026-01-12,2,Transect_923406633_2026-02-11_5.3,923406633 2
923406634,Encounter,Encounter Marine Park,GSV7,Myponga South,-35.3882,138.3492,5.1,2026-01-13,42,RLS,Bloom,2026-01,Bloom 2026-01,2026-01-12,1,Transect_923406634_2026-01-13_5.1,923406634 1
923406635,Encounter,Encounter Marine Park,GSV18,Morgans,-35.58845,138.10838,5.1,2026-01-12,42,RLS,Bloom,2026-01,Bloom 2026-01,2026-01-12,1,Transect_923406635_2026-01-12_5.1,923406635 1
923406635,Encounter,Encounter Marine Park,GSV18,Morgans,-35.58845,138.10838,5.1,2026-01-12,42,RLS,Bloom,2026-01,Bloom 2026-01,2026-01-12,2,Transect_923406635_2026-01-12_5.1,923406635 2
923406636,Encounter,Encounter Marine Park,GSV95,Lasseters Reef,-35.508379999999995,138.21873,5.2,2026-02-11,42,RLS,Bloom,2026-01,Bloom 2026-01,2026-01-12,1,Transect_923406636_2026-02-11_5.2,923406636 1
923406636,Encounter,Encounter Marine Park,GSV95,Lasseters Reef,-35.508379999999995,138.21873,5.2,2026-02-11,42,RLS,Bloom,2026-01,Bloom 2026-01,2026-01-12,2,Transect_923406636_2026-02-11_5.2,923406636 2
923406638,Encounter,Encounter Marine Park,GSV1,Carrickalinga (toilet),-35.42445,138.31902,5.2,2026-02-09,42,RLS,Bloom,2026-01,Bloom 2026-01,2026-01-12,1,Transect_923406638_2026-02-09_5.2,923406638 1
923406638,Encounter,Encounter Marine Park,GSV1,Carrickalinga (toilet),-35.42445,138.31902,5.2,2026-02-09,42,RLS,Bloom,2026-01,Bloom 2026-01,2026-01-12,2,Transect_923406638_2026-02-09_5.2,923406638 2
923406639,Encounter,Encounter Marine Park,GSV93,Aldinga Reef,-35.26825,138.43202,5.1,2026-01-30,42,RLS,Bloom,2026-01,Bloom 2026-01,2026-01-12,1,Transect_923406639_2026-01-30_5.1,923406639 1
923406639,Encounter,Encounter Marine Park,GSV93,Aldinga Reef,-35.26825,138.43202,5.1,2026-01-30,42,RLS,Bloom,2026-01,Bloom 2026-01,2026-01-12,2,Transect_923406639_2026-01-30_5.1,923406639 2
923406641,Encounter,Encounter Marine Park,GSV26,2nd Valley Boat Shed,-35.50945,138.21448999999998,5.4,2026-01-15,42,RLS,Bloom,2026-01,Bloom 2026-01,2026-01-12,1,Transect_923406641_2026-01-15_5.4,923406641 1
923406642,Encounter,Encounter Marine Park,GSV1,Carrickalinga (toilet),-35.42445,138.31902,5.3,2026-01-16,42,RLS,Bloom,2026-01,Bloom 2026-01,2026-01-12,1,Transect_923406642_2026-01-16_5.3,923406642 1
923406644,Encounter,Encounter Marine Park,GSV47,Carrickalinga Nth,-35.371190000000006,138.37876,5.2,2026-01-14,42,RLS,Bloom,2026-01,Bloom 2026-01,2026-01-12,1,Transect_923406644_2026-01-14_5.2,923406644 1
923406645,Encounter,Encounter Marine Park,GSV7,Myponga South,-35.3882,138.3492,5.2,2026-01-13,42,RLS,Bloom,2026-01,Bloom 2026-01,2026-01-12,1,Transect_923406645_2026-01-13_5.2,923406645 1
923406645,Encounter,Encounter Marine Park,GSV7,Myponga South,-35.3882,138.3492,5.2,2026-01-13,42,RLS,Bloom,2026-01,Bloom 2026-01,2026-01-12,2,Transect_923406645_2026-01-13_5.2,923406645 2
923406646,Encounter,Encounter Marine Park,GSV183,Aldinga SZ1,-35.26631,138.43649,5.3,2026-01-29,42,RLS,Bloom,2026-01,Bloom 2026-01,2026-01-12,1,Transect_923406646_2026-01-29_5.3,923406646 1
923406647,Encounter,Encounter Marine Park,GSV55,Pancake Rock,-35.740829999999995,138.03985,5.3,2026-02-10,42,RLS,Bloom,2026-01,Bloom 2026-01,2026-01-12,1,Transect_923406647_2026-02-10_5.3,923406647 1
923406647,Encounter,Encounter Marine Park,GSV55,Pancake Rock,-35.740829999999995,138.03985,5.3,2026-02-10,42,RLS,Bloom,2026-01,Bloom 2026-01,2026-01-12,2,Transect_923406647_2026-02-10_5.3,923406647 2
923406648,Encounter,Encounter Marine Park,GSV3,Carrickalinga Head,-35.398,138.33591,5.3,2026-02-09,42,RLS,Bloom,2026-01,Bloom 2026-01,2026-01-12,1,Transect_923406648_2026-02-09_5.3,923406648 1
923406649,Encounter,Encounter Marine Park,GSV9,Dodd's Beach,-35.40416,138.33043,5.2,2026-01-14,42,RLS,Bloom,2026-01,Bloom 2026-01,2026-01-12,1,Transect_923406649_2026-01-14_5.2,923406649 1
923406649,Encounter,Encounter Marine Park,GSV9,Dodd's Beach,-35.40416,138.33043,5.2,2026-01-14,42,RLS,Bloom,2026-01,Bloom 2026-01,2026-01-12,2,Transect_923406649_2026-01-14_5.2,923406649 2
923406650,Encounter,Encounter Marine Park,GSV5,Rapid Head South,-35.53145,138.1519,5.2,2026-01-12,42,RLS,Bloom,2026-01,Bloom 2026-01,2026-01-12,1,Transect_923406650_2026-01-12_5.2,923406650 1
923406651,Encounter,Encounter Marine Park,GSV182,Aldinga SZ3,-35.280359999999995,138.43153999999998,5.4,2026-01-30,42,RLS,Bloom,2026-01,Bloom 2026-01,2026-01-12,1,Transect_923406651_2026-01-30_5.4,923406651 1
923406652,Encounter,Encounter Marine Park,GSV2,Haycock Point,-35.41506,138.32132,5.2,2026-02-11,42,RLS,Bloom,2026-01,Bloom 2026-01,2026-01-12,1,Transect_923406652_2026-02-11_5.2,923406652 1
923406652,Encounter,Encounter Marine Park,GSV2,Haycock Point,-35.41506,138.32132,5.2,2026-02-11,42,RLS,Bloom,2026-01,Bloom 2026-01,2026-01-12,2,Transect_923406652_2026-02-11_5.2,923406652 2
923406653,Yorke Peninsula,Lower Yorke Peninsula MP,GSV189,Troubridge Point,-35.16955,137.67406,5.4,2026-04-08,7,RLS,Bloom,2026-03,Bloom 2026-03,2026-03-18,2,Transect_923406653_2026-04-08_5.4,923406653 2
923406654,Yorke Peninsula,Lower Yorke Peninsula MP,GSV189,Troubridge Point,-35.16955,137.67406,5.1,2026-04-08,7,RLS,Bloom,2026-03,Bloom 2026-03,2026-03-18,2,Transect_923406654_2026-04-08_5.1,923406654 2
923406658,Yorke Peninsula,Lower Yorke Peninsula MP,GSV189,Troubridge Point,-35.16955,137.67406,5.2,2026-04-08,7,RLS,Bloom,2026-03,Bloom 2026-03,2026-03-18,1,Transect_923406658_2026-04-08_5.2,923406658 1
923406658,Yorke Peninsula,Lower Yorke Peninsula MP,GSV189,Troubridge Point,-35.16955,137.67406,5.2,2026-04-08,7,RLS,Bloom,2026-03,Bloom 2026-03,2026-03-18,2,Transect_923406658_2026-04-08_5.2,923406658 2
923406661,Yorke Peninsula,Lower Yorke Peninsula MP,GSV190,Troubridge Lighthouse,-35.16912,137.63817,5.1,2026-04-08,7,RLS,Bloom,2026-03,Bloom 2026-03,2026-03-18,1,Transect_923406661_2026-04-08_5.1,923406661 1
923406661,Yorke Peninsula,Lower Yorke Peninsula MP,GSV190,Troubridge Lighthouse,-35.16912,137.63817,5.1,2026-04-08,7,RLS,Bloom,2026-03,Bloom 2026-03,2026-03-18,2,Transect_923406661_2026-04-08_5.1,923406661 2
923406663,Yorke Peninsula,Lower Yorke Peninsula MP,GSV190,Troubridge Lighthouse,-35.16912,137.63817,5.2,2026-04-08,7,RLS,Bloom,2026-03,Bloom 2026-03,2026-03-18,2,Transect_923406663_2026-04-08_5.2,923406663 2
923406664,Yorke Peninsula,Lower Yorke Peninsula MP,GSV190,Troubridge Lighthouse,-35.16912,137.63817,5.4,2026-04-08,7,RLS,Bloom,2026-03,Bloom 2026-03,2026-03-18,2,Transect_923406664_2026-04-08_5.4,923406664 2
923406665,Encounter,Encounter Marine Park,GSV119,Deep Creek,-35.65469,138.24448,5.2,2026-05-14,44,RLS,Bloom,2026-05,Bloom 2026-05,2026-05-11,2,Transect_923406665_2026-05-14_5.2,923406665 2
923406666,Encounter,Encounter Marine Park,GSV119,Deep Creek,-35.65469,138.24448,5.1,2026-05-14,44,RLS,Bloom,2026-05,Bloom 2026-05,2026-05-11,1,Transect_923406666_2026-05-14_5.1,923406666 1
923406666,Encounter,Encounter Marine Park,GSV119,Deep Creek,-35.65469,138.24448,5.1,2026-05-14,44,RLS,Bloom,2026-05,Bloom 2026-05,2026-05-11,2,Transect_923406666_2026-05-14_5.1,923406666 2
923406667,Encounter,Encounter Marine Park,GSV119,Deep Creek,-35.65469,138.24448,5.4,2026-05-14,44,RLS,Bloom,2026-05,Bloom 2026-05,2026-05-11,1,Transect_923406667_2026-05-14_5.4,923406667 1
923406667,Encounter,Encounter Marine Park,GSV119,Deep Creek,-35.65469,138.24448,5.4,2026-05-14,44,RLS,Bloom,2026-05,Bloom 2026-05,2026-05-11,2,Transect_923406667_2026-05-14_5.4,923406667 2
923406668,Encounter,Encounter Marine Park,GSV118,Backstairs Deep,-35.64782,138.25916999999998,10.4,2026-05-11,44,RLS,Bloom,2026-05,Bloom 2026-05,2026-05-11,1,Transect_923406668_2026-05-11_10.4,923406668 1
923406668,Encounter,Encounter Marine Park,GSV118,Backstairs Deep,-35.64782,138.25916999999998,10.4,2026-05-11,44,RLS,Bloom,2026-05,Bloom 2026-05,2026-05-11,2,Transect_923406668_2026-05-11_10.4,923406668 2
923406669,Encounter,Encounter Marine Park,GSV119,Deep Creek,-35.65469,138.24448,5.3,2026-05-14,44,RLS,Bloom,2026-05,Bloom 2026-05,2026-05-11,1,Transect_923406669_2026-05-14_5.3,923406669 1
923406669,Encounter,Encounter Marine Park,GSV119,Deep Creek,-35.65469,138.24448,5.3,2026-05-14,44,RLS,Bloom,2026-05,Bloom 2026-05,2026-05-11,2,Transect_923406669_2026-05-14_5.3,923406669 2
923406670,Encounter,Encounter Marine Park,GSV118,Backstairs Deep,-35.64782,138.25916999999998,10.3,2026-05-11,44,RLS,Bloom,2026-05,Bloom 2026-05,2026-05-11,1,Transect_923406670_2026-05-11_10.3,923406670 1
923406670,Encounter,Encounter Marine Park,GSV118,Backstairs Deep,-35.64782,138.25916999999998,10.3,2026-05-11,44,RLS,Bloom,2026-05,Bloom 2026-05,2026-05-11,2,Transect_923406670_2026-05-11_10.3,923406670 2
923406671,Encounter,Encounter Marine Park,GSV118,Backstairs Deep,-35.64782,138.25916999999998,10.2,2026-05-11,44,RLS,Bloom,2026-05,Bloom 2026-05,2026-05-11,1,Transect_923406671_2026-05-11_10.2,923406671 1
923406671,Encounter,Encounter Marine Park,GSV118,Backstairs Deep,-35.64782,138.25916999999998,10.2,2026-05-11,44,RLS,Bloom,2026-05,Bloom 2026-05,2026-05-11,2,Transect_923406671_2026-05-11_10.2,923406671 2
923406672,Encounter,Encounter Marine Park,GSV118,Backstairs Deep,-35.64782,138.25916999999998,10.1,2026-05-11,44,RLS,Bloom,2026-05,Bloom 2026-05,2026-05-11,1,Transect_923406672_2026-05-11_10.1,923406672 1
923406672,Encounter,Encounter Marine Park,GSV118,Backstairs Deep,-35.64782,138.25916999999998,10.1,2026-05-11,44,RLS,Bloom,2026-05,Bloom 2026-05,2026-05-11,2,Transect_923406672_2026-05-11_10.1,923406672 2
923406673,Encounter,Encounter Marine Park,GSV39,Fishery Beach,-35.63411,138.11183,5.2,2026-05-11,44,RLS,Bloom,2026-05,Bloom 2026-05,2026-05-11,1,Transect_923406673_2026-05-11_5.2,923406673 1
923406673,Encounter,Encounter Marine Park,GSV39,Fishery Beach,-35.63411,138.11183,5.2,2026-05-11,44,RLS,Bloom,2026-05,Bloom 2026-05,2026-05-11,2,Transect_923406673_2026-05-11_5.2,923406673 2
923406674,Encounter,Encounter Marine Park,GSV39,Fishery Beach,-35.63411,138.11183,5.1,2026-05-11,44,RLS,Bloom,2026-05,Bloom 2026-05,2026-05-11,1,Transect_923406674_2026-05-11_5.1,923406674 1
923406674,Encounter,Encounter Marine Park,GSV39,Fishery Beach,-35.63411,138.11183,5.1,2026-05-11,44,RLS,Bloom,2026-05,Bloom 2026-05,2026-05-11,2,Transect_923406674_2026-05-11_5.1,923406674 2
923406675,Encounter,Encounter Marine Park,GSV39,Fishery Beach,-35.63411,138.11183,5.4,2026-05-11,44,RLS,Bloom,2026-05,Bloom 2026-05,2026-05-11,1,Transect_923406675_2026-05-11_5.4,923406675 1
923406675,Encounter,Encounter Marine Park,GSV39,Fishery Beach,-35.63411,138.11183,5.4,2026-05-11,44,RLS,Bloom,2026-05,Bloom 2026-05,2026-05-11,2,Transect_923406675_2026-05-11_5.4,923406675 2
923406676,Encounter,Encounter Marine Park,GSV39,Fishery Beach,-35.63411,138.11183,5.3,2026-05-11,44,RLS,Bloom,2026-05,Bloom 2026-05,2026-05-11,1,Transect_923406676_2026-05-11_5.3,923406676 1
923406676,Encounter,Encounter Marine Park,GSV39,Fishery Beach,-35.63411,138.11183,5.3,2026-05-11,44,RLS,Bloom,2026-05,Bloom 2026-05,2026-05-11,2,Transect_923406676_2026-05-11_5.3,923406676 2
923406677,Encounter,Encounter Marine Park,GSV30,Porpoise Head,-35.66193,138.21451000000002,5.2,2026-05-14,44,RLS,Bloom,2026-05,Bloom 2026-05,2026-05-11,1,Transect_923406677_2026-05-14_5.2,923406677 1
923406677,Encounter,Encounter Marine Park,GSV30,Porpoise Head,-35.66193,138.21451000000002,5.2,2026-05-14,44,RLS,Bloom,2026-05,Bloom 2026-05,2026-05-11,2,Transect_923406677_2026-05-14_5.2,923406677 2
923406678,Encounter,Encounter Marine Park,GSV30,Porpoise Head,-35.66193,138.21451000000002,5.1,2026-05-14,44,RLS,Bloom,2026-05,Bloom 2026-05,2026-05-11,1,Transect_923406678_2026-05-14_5.1,923406678 1
923406678,Encounter,Encounter Marine Park,GSV30,Porpoise Head,-35.66193,138.21451000000002,5.1,2026-05-14,44,RLS,Bloom,2026-05,Bloom 2026-05,2026-05-11,2,Transect_923406678_2026-05-14_5.1,923406678 2
923406680,Encounter,Encounter Marine Park,GSV117,Cape Jervis South,-35.60447,138.0933,4.2,2026-05-14,44,RLS,Bloom,2026-05,Bloom 2026-05,2026-05-11,1,Transect_923406680_2026-05-14_4.2,923406680 1
923406680,Encounter,Encounter Marine Park,GSV117,Cape Jervis South,-35.60447,138.0933,4.2,2026-05-14,44,RLS,Bloom,2026-05,Bloom 2026-05,2026-05-11,2,Transect_923406680_2026-05-14_4.2,923406680 2
923406682,Encounter,Encounter Marine Park,GSV117,Cape Jervis South,-35.60447,138.0933,4.1,2026-05-14,44,RLS,Bloom,2026-05,Bloom 2026-05,2026-05-11,1,Transect_923406682_2026-05-14_4.1,923406682 1
923406683,Encounter,Encounter Marine Park,GSV30,Porpoise Head,-35.66193,138.21451000000002,5.4,2026-05-14,44,RLS,Bloom,2026-05,Bloom 2026-05,2026-05-11,1,Transect_923406683_2026-05-14_5.4,923406683 1
923406683,Encounter,Encounter Marine Park,GSV30,Porpoise Head,-35.66193,138.21451000000002,5.4,2026-05-14,44,RLS,Bloom,2026-05,Bloom 2026-05,2026-05-11,2,Transect_923406683_2026-05-14_5.4,923406683 2
923406684,Encounter,Encounter Marine Park,GSV30,Porpoise Head,-35.66193,138.21451000000002,5.3,2026-05-14,44,RLS,Bloom,2026-05,Bloom 2026-05,2026-05-11,1,Transect_923406684_2026-05-14_5.3,923406684 1
923406685,Encounter,Encounter Marine Park,COO19,Port Elliot Deep,-35.53933,138.68851,10.1,2026-02-16,42,RLS,Bloom,2026-01,Bloom 2026-01,2026-01-12,1,Transect_923406685_2026-02-16_10.1,923406685 1
923406686,Encounter,Encounter Marine Park,COO19,Port Elliot Deep,-35.53933,138.68851,10.3,2026-02-16,42,RLS,Bloom,2026-01,Bloom 2026-01,2026-01-12,2,Transect_923406686_2026-02-16_10.3,923406686 2
923406687,Encounter,Encounter Marine Park,GSV17,The Bluff,-35.58887,138.60553000000002,5.3,2026-03-25,43,RLS,Bloom,2026-03,Bloom 2026-03,2026-03-23,1,Transect_923406687_2026-03-25_5.3,923406687 1
923406687,Encounter,Encounter Marine Park,GSV17,The Bluff,-35.58887,138.60553000000002,5.3,2026-03-25,43,RLS,Bloom,2026-03,Bloom 2026-03,2026-03-23,2,Transect_923406687_2026-03-25_5.3,923406687 2
923406688,Encounter,Encounter Marine Park,GSV107,Olivers Reef,-35.54715,138.63821000000002,4.3,2026-03-25,43,RLS,Bloom,2026-03,Bloom 2026-03,2026-03-23,1,Transect_923406688_2026-03-25_4.3,923406688 1
923406688,Encounter,Encounter Marine Park,GSV107,Olivers Reef,-35.54715,138.63821000000002,4.3,2026-03-25,43,RLS,Bloom,2026-03,Bloom 2026-03,2026-03-23,2,Transect_923406688_2026-03-25_4.3,923406688 2
923406689,Encounter,Encounter Marine Park,GSV17,The Bluff,-35.58887,138.60553000000002,5.1,2026-03-25,43,RLS,Bloom,2026-03,Bloom 2026-03,2026-03-23,2,Transect_923406689_2026-03-25_5.1,923406689 2
923406690,Encounter,Encounter Marine Park,GSV40,Whalebone Reef,-35.5714,138.61166,5.2,2026-03-25,43,RLS,Bloom,2026-03,Bloom 2026-03,2026-03-23,1,Transect_923406690_2026-03-25_5.2,923406690 1
923406691,Encounter,Encounter Marine Park,GSV40,Whalebone Reef,-35.5714,138.61166,5.4,2026-03-25,43,RLS,Bloom,2026-03,Bloom 2026-03,2026-03-23,1,Transect_923406691_2026-03-25_5.4,923406691 1
923406691,Encounter,Encounter Marine Park,GSV40,Whalebone Reef,-35.5714,138.61166,5.4,2026-03-25,43,RLS,Bloom,2026-03,Bloom 2026-03,2026-03-23,2,Transect_923406691_2026-03-25_5.4,923406691 2
923406692,Encounter,Encounter Marine Park,COO18,Pullen Island,-35.53778,138.69255,5.1,2026-05-29,44,RLS,Bloom,2026-05,Bloom 2026-05,2026-05-11,1,Transect_923406692_2026-05-29_5.1,923406692 1
923406693,Encounter,Encounter Marine Park,GSV121,Encounter Deep,-35.577290000000005,138.61845,10.1,2026-05-29,44,RLS,Bloom,2026-05,Bloom 2026-05,2026-05-11,1,Transect_923406693_2026-05-29_10.1,923406693 1
923406694,Encounter,Encounter Marine Park,GSV15,Flat Irons,-35.61781,138.55721,5.1,2026-05-13,44,RLS,Bloom,2026-05,Bloom 2026-05,2026-05-11,1,Transect_923406694_2026-05-13_5.1,923406694 1
923406695,Encounter,Encounter Marine Park,GSV107,Olivers Reef,-35.54715,138.63821000000002,4.1,2026-03-25,43,RLS,Bloom,2026-03,Bloom 2026-03,2026-03-23,1,Transect_923406695_2026-03-25_4.1,923406695 1
923406695,Encounter,Encounter Marine Park,GSV107,Olivers Reef,-35.54715,138.63821000000002,4.1,2026-03-25,43,RLS,Bloom,2026-03,Bloom 2026-03,2026-03-23,2,Transect_923406695_2026-03-25_4.1,923406695 2
923406696,Encounter,Encounter Marine Park,GSV121,Encounter Deep,-35.577290000000005,138.61845,10.3,2026-05-29,44,RLS,Bloom,2026-05,Bloom 2026-05,2026-05-11,1,Transect_923406696_2026-05-29_10.3,923406696 1
923406697,Encounter,Encounter Marine Park,GSV15,Flat Irons,-35.61781,138.55721,5.3,2026-05-13,44,RLS,Bloom,2026-05,Bloom 2026-05,2026-05-11,1,Transect_923406697_2026-05-13_5.3,923406697 1
923406697,Encounter,Encounter Marine Park,GSV15,Flat Irons,-35.61781,138.55721,5.3,2026-05-13,44,RLS,Bloom,2026-05,Bloom 2026-05,2026-05-11,2,Transect_923406697_2026-05-13_5.3,923406697 2
923406698,Encounter,Encounter Marine Park,GSV11,Outside Granite island,-35.56754,138.63158,5.3,2026-05-29,44,RLS,Bloom,2026-05,Bloom 2026-05,2026-05-11,1,Transect_923406698_2026-05-29_5.3,923406698 1
923406699,Encounter,Encounter Marine Park,COO18,Pullen Island,-35.53778,138.69255,5.2,2026-05-29,44,RLS,Bloom,2026-05,Bloom 2026-05,2026-05-11,1,Transect_923406699_2026-05-29_5.2,923406699 1
923406699,Encounter,Encounter Marine Park,COO18,Pullen Island,-35.53778,138.69255,5.2,2026-05-29,44,RLS,Bloom,2026-05,Bloom 2026-05,2026-05-11,2,Transect_923406699_2026-05-29_5.2,923406699 2
923406700,Encounter,Encounter Marine Park,COO18,Pullen Island,-35.53778,138.69255,5.4,2026-05-29,44,RLS,Bloom,2026-05,Bloom 2026-05,2026-05-11,1,Transect_923406700_2026-05-29_5.4,923406700 1
923406700,Encounter,Encounter Marine Park,COO18,Pullen Island,-35.53778,138.69255,5.4,2026-05-29,44,RLS,Bloom,2026-05,Bloom 2026-05,2026-05-11,2,Transect_923406700_2026-05-29_5.4,923406700 2
923406701,Encounter,Encounter Marine Park,GSV14,Newland Head,-35.64094,138.52662,5.2,2026-05-13,44,RLS,Bloom,2026-05,Bloom 2026-05,2026-05-11,2,Transect_923406701_2026-05-13_5.2,923406701 2
923406702,Encounter,Encounter Marine Park,GSV14,Newland Head,-35.64094,138.52662,5.4,2026-05-13,44,RLS,Bloom,2026-05,Bloom 2026-05,2026-05-11,1,Transect_923406702_2026-05-13_5.4,923406702 1
923406703,Encounter,Encounter Marine Park,GSV17,The Bluff,-35.58887,138.60553000000002,5.4,2026-03-25,43,RLS,Bloom,2026-03,Bloom 2026-03,2026-03-23,1,Transect_923406703_2026-03-25_5.4,923406703 1
923406704,Encounter,Encounter Marine Park,COO19,Port Elliot Deep,-35.53933,138.68851,10.2,2026-02-16,42,RLS,Bloom,2026-01,Bloom 2026-01,2026-01-12,1,Transect_923406704_2026-02-16_10.2,923406704 1
923406704,Encounter,Encounter Marine Park,COO19,Port Elliot Deep,-35.53933,138.68851,10.2,2026-02-16,42,RLS,Bloom,2026-01,Bloom 2026-01,2026-01-12,2,Transect_923406704_2026-02-16_10.2,923406704 2
923406705,Encounter,Encounter Marine Park,GSV17,The Bluff,-35.58887,138.60553000000002,5.2,2026-03-25,43,RLS,Bloom,2026-03,Bloom 2026-03,2026-03-23,2,Transect_923406705_2026-03-25_5.2,923406705 2
923406706,Encounter,Encounter Marine Park,GSV107,Olivers Reef,-35.54715,138.63821000000002,4.4,2026-03-25,43,RLS,Bloom,2026-03,Bloom 2026-03,2026-03-23,1,Transect_923406706_2026-03-25_4.4,923406706 1
923406706,Encounter,Encounter Marine Park,GSV107,Olivers Reef,-35.54715,138.63821000000002,4.4,2026-03-25,43,RLS,Bloom,2026-03,Bloom 2026-03,2026-03-23,2,Transect_923406706_2026-03-25_4.4,923406706 2
923406707,Encounter,Encounter Marine Park,COO19,Port Elliot Deep,-35.53933,138.68851,10.4,2026-02-16,42,RLS,Bloom,2026-01,Bloom 2026-01,2026-01-12,1,Transect_923406707_2026-02-16_10.4,923406707 1
923406708,Encounter,Encounter Marine Park,GSV40,Whalebone Reef,-35.5714,138.61166,5.1,2026-03-25,43,RLS,Bloom,2026-03,Bloom 2026-03,2026-03-23,1,Transect_923406708_2026-03-25_5.1,923406708 1
923406708,Encounter,Encounter Marine Park,GSV40,Whalebone Reef,-35.5714,138.61166,5.1,2026-03-25,43,RLS,Bloom,2026-03,Bloom 2026-03,2026-03-23,2,Transect_923406708_2026-03-25_5.1,923406708 2
923406709,Encounter,Encounter Marine Park,GSV40,Whalebone Reef,-35.5714,138.61166,5.3,2026-03-25,43,RLS,Bloom,2026-03,Bloom 2026-03,2026-03-23,1,Transect_923406709_2026-03-25_5.3,923406709 1
923406709,Encounter,Encounter Marine Park,GSV40,Whalebone Reef,-35.5714,138.61166,5.3,2026-03-25,43,RLS,Bloom,2026-03,Bloom 2026-03,2026-03-23,2,Transect_923406709_2026-03-25_5.3,923406709 2
923406710,Encounter,Encounter Marine Park,GSV121,Encounter Deep,-35.577290000000005,138.61845,10.4,2026-05-29,44,RLS,Bloom,2026-05,Bloom 2026-05,2026-05-11,1,Transect_923406710_2026-05-29_10.4,923406710 1
923406710,Encounter,Encounter Marine Park,GSV121,Encounter Deep,-35.577290000000005,138.61845,10.4,2026-05-29,44,RLS,Bloom,2026-05,Bloom 2026-05,2026-05-11,2,Transect_923406710_2026-05-29_10.4,923406710 2
923406711,Encounter,Encounter Marine Park,GSV15,Flat Irons,-35.61781,138.55721,5.2,2026-05-13,44,RLS,Bloom,2026-05,Bloom 2026-05,2026-05-11,1,Transect_923406711_2026-05-13_5.2,923406711 1
923406711,Encounter,Encounter Marine Park,GSV15,Flat Irons,-35.61781,138.55721,5.2,2026-05-13,44,RLS,Bloom,2026-05,Bloom 2026-05,2026-05-11,2,Transect_923406711_2026-05-13_5.2,923406711 2
923406712,Encounter,Encounter Marine Park,GSV107,Olivers Reef,-35.54715,138.63821000000002,4.2,2026-03-25,43,RLS,Bloom,2026-03,Bloom 2026-03,2026-03-23,1,Transect_923406712_2026-03-25_4.2,923406712 1
923406712,Encounter,Encounter Marine Park,GSV107,Olivers Reef,-35.54715,138.63821000000002,4.2,2026-03-25,43,RLS,Bloom,2026-03,Bloom 2026-03,2026-03-23,2,Transect_923406712_2026-03-25_4.2,923406712 2
923406713,Encounter,Encounter Marine Park,GSV15,Flat Irons,-35.61781,138.55721,5.4,2026-05-13,44,RLS,Bloom,2026-05,Bloom 2026-05,2026-05-11,1,Transect_923406713_2026-05-13_5.4,923406713 1
923406713,Encounter,Encounter Marine Park,GSV15,Flat Irons,-35.61781,138.55721,5.4,2026-05-13,44,RLS,Bloom,2026-05,Bloom 2026-05,2026-05-11,2,Transect_923406713_2026-05-13_5.4,923406713 2
923406714,Encounter,Encounter Marine Park,GSV11,Outside Granite island,-35.56754,138.63158,5.1,2026-05-29,44,RLS,Bloom,2026-05,Bloom 2026-05,2026-05-11,1,Transect_923406714_2026-05-29_5.1,923406714 1
923406714,Encounter,Encounter Marine Park,GSV11,Outside Granite island,-35.56754,138.63158,5.1,2026-05-29,44,RLS,Bloom,2026-05,Bloom 2026-05,2026-05-11,2,Transect_923406714_2026-05-29_5.1,923406714 2
923406715,Encounter,Encounter Marine Park,GSV121,Encounter Deep,-35.577290000000005,138.61845,10.2,2026-05-29,44,RLS,Bloom,2026-05,Bloom 2026-05,2026-05-11,1,Transect_923406715_2026-05-29_10.2,923406715 1
923406715,Encounter,Encounter Marine Park,GSV121,Encounter Deep,-35.577290000000005,138.61845,10.2,2026-05-29,44,RLS,Bloom,2026-05,Bloom 2026-05,2026-05-11,2,Transect_923406715_2026-05-29_10.2,923406715 2
923406716,Encounter,Encounter Marine Park,GSV11,Outside Granite island,-35.56754,138.63158,5.2,2026-05-29,44,RLS,Bloom,2026-05,Bloom 2026-05,2026-05-11,1,Transect_923406716_2026-05-29_5.2,923406716 1
923406717,Encounter,Encounter Marine Park,GSV11,Outside Granite island,-35.56754,138.63158,5.4,2026-05-29,44,RLS,Bloom,2026-05,Bloom 2026-05,2026-05-11,1,Transect_923406717_2026-05-29_5.4,923406717 1
923406717,Encounter,Encounter Marine Park,GSV11,Outside Granite island,-35.56754,138.63158,5.4,2026-05-29,44,RLS,Bloom,2026-05,Bloom 2026-05,2026-05-11,2,Transect_923406717_2026-05-29_5.4,923406717 2
923406718,Encounter,Encounter Marine Park,COO18,Pullen Island,-35.53778,138.69255,5.3,2026-05-29,44,RLS,Bloom,2026-05,Bloom 2026-05,2026-05-11,1,Transect_923406718_2026-05-29_5.3,923406718 1
923406718,Encounter,Encounter Marine Park,COO18,Pullen Island,-35.53778,138.69255,5.3,2026-05-29,44,RLS,Bloom,2026-05,Bloom 2026-05,2026-05-11,2,Transect_923406718_2026-05-29_5.3,923406718 2
923406719,Encounter,Encounter Marine Park,GSV14,Newland Head,-35.64094,138.52662,5.1,2026-05-13,44,RLS,Bloom,2026-05,Bloom 2026-05,2026-05-11,1,Transect_923406719_2026-05-13_5.1,923406719 1
923406719,Encounter,Encounter Marine Park,GSV14,Newland Head,-35.64094,138.52662,5.1,2026-05-13,44,RLS,Bloom,2026-05,Bloom 2026-05,2026-05-11,2,Transect_923406719_2026-05-13_5.1,923406719 2
923406720,Encounter,Encounter Marine Park,GSV14,Newland Head,-35.64094,138.52662,5.3,2026-05-13,44,RLS,Bloom,2026-05,Bloom 2026-05,2026-05-11,1,Transect_923406720_2026-05-13_5.3,923406720 1
923406720,Encounter,Encounter Marine Park,GSV14,Newland Head,-35.64094,138.52662,5.3,2026-05-13,44,RLS,Bloom,2026-05,Bloom 2026-05,2026-05-11,2,Transect_923406720_2026-05-13_5.3,923406720 2
923406721,Encounter,Encounter Marine Park,GSV110,Lady Bay,-35.47356,138.28116,1.4,2026-02-08,42,RLS,Bloom,2026-01,Bloom 2026-01,2026-01-12,1,Transect_923406721_2026-02-08_1.4,923406721 1
923406722,Encounter,Encounter Marine Park,GSV114,South Shores,-35.45609,138.29939,1.1,2026-02-03,42,RLS,Bloom,2026-01,Bloom 2026-01,2026-01-12,1,Transect_923406722_2026-02-03_1.1,923406722 1
923406722,Encounter,Encounter Marine Park,GSV114,South Shores,-35.45609,138.29939,1.1,2026-02-03,42,RLS,Bloom,2026-01,Bloom 2026-01,2026-01-12,2,Transect_923406722_2026-02-03_1.1,923406722 2
923406723,Encounter,Encounter Marine Park,GSV114,South Shores,-35.45609,138.29939,1.2,2026-02-03,42,RLS,Bloom,2026-01,Bloom 2026-01,2026-01-12,1,Transect_923406723_2026-02-03_1.2,923406723 1
923406723,Encounter,Encounter Marine Park,GSV114,South Shores,-35.45609,138.29939,1.2,2026-02-03,42,RLS,Bloom,2026-01,Bloom 2026-01,2026-01-12,2,Transect_923406723_2026-02-03_1.2,923406723 2
923406724,Encounter,Encounter Marine Park,GSV113,Yankalilla Mouth,-35.4655,138.29465,1.4,2026-02-08,42,RLS,Bloom,2026-01,Bloom 2026-01,2026-01-12,1,Transect_923406724_2026-02-08_1.4,923406724 1
923406724,Encounter,Encounter Marine Park,GSV113,Yankalilla Mouth,-35.4655,138.29465,1.4,2026-02-08,42,RLS,Bloom,2026-01,Bloom 2026-01,2026-01-12,2,Transect_923406724_2026-02-08_1.4,923406724 2
923406725,Encounter,Encounter Marine Park,GSV113,Yankalilla Mouth,-35.4655,138.29465,1.3,2026-02-08,42,RLS,Bloom,2026-01,Bloom 2026-01,2026-01-12,2,Transect_923406725_2026-02-08_1.3,923406725 2
923406727,Encounter,Encounter Marine Park,GSV106,Normanville Beach,-35.44665,138.30497,1.4,2026-02-03,42,RLS,Bloom,2026-01,Bloom 2026-01,2026-01-12,2,Transect_923406727_2026-02-03_1.4,923406727 2
923406729,Encounter,Encounter Marine Park,GSV106,Normanville Beach,-35.44665,138.30497,1.3,2026-02-03,42,RLS,Bloom,2026-01,Bloom 2026-01,2026-01-12,1,Transect_923406729_2026-02-03_1.3,923406729 1
923406729,Encounter,Encounter Marine Park,GSV106,Normanville Beach,-35.44665,138.30497,1.3,2026-02-03,42,RLS,Bloom,2026-01,Bloom 2026-01,2026-01-12,2,Transect_923406729_2026-02-03_1.3,923406729 2
923406730,Encounter,Encounter Marine Park,GSV114,South Shores,-35.45609,138.29939,1.3,2026-02-03,42,RLS,Bloom,2026-01,Bloom 2026-01,2026-01-12,1,Transect_923406730_2026-02-03_1.3,923406730 1
923406730,Encounter,Encounter Marine Park,GSV114,South Shores,-35.45609,138.29939,1.3,2026-02-03,42,RLS,Bloom,2026-01,Bloom 2026-01,2026-01-12,2,Transect_923406730_2026-02-03_1.3,923406730 2
923406732,Encounter,Encounter Marine Park,GSV106,Normanville Beach,-35.44665,138.30497,1.2,2026-02-03,42,RLS,Bloom,2026-01,Bloom 2026-01,2026-01-12,2,Transect_923406732_2026-02-03_1.2,923406732 2
923406733,Encounter,Encounter Marine Park,GSV114,South Shores,-35.45609,138.29939,1.4,2026-02-03,42,RLS,Bloom,2026-01,Bloom 2026-01,2026-01-12,1,Transect_923406733_2026-02-03_1.4,923406733 1
923406733,Encounter,Encounter Marine Park,GSV114,South Shores,-35.45609,138.29939,1.4,2026-02-03,42,RLS,Bloom,2026-01,Bloom 2026-01,2026-01-12,2,Transect_923406733_2026-02-03_1.4,923406733 2
923406734,Encounter,Encounter Marine Park,GSV106,Normanville Beach,-35.44665,138.30497,1.1,2026-02-03,42,RLS,Bloom,2026-01,Bloom 2026-01,2026-01-12,1,Transect_923406734_2026-02-03_1.1,923406734 1
923406734,Encounter,Encounter Marine Park,GSV106,Normanville Beach,-35.44665,138.30497,1.1,2026-02-03,42,RLS,Bloom,2026-01,Bloom 2026-01,2026-01-12,2,Transect_923406734_2026-02-03_1.1,923406734 2
923406735,Encounter,Encounter Marine Park,GSV113,Yankalilla Mouth,-35.4655,138.29465,1.2,2026-02-08,42,RLS,Bloom,2026-01,Bloom 2026-01,2026-01-12,1,Transect_923406735_2026-02-08_1.2,923406735 1
923406735,Encounter,Encounter Marine Park,GSV113,Yankalilla Mouth,-35.4655,138.29465,1.2,2026-02-08,42,RLS,Bloom,2026-01,Bloom 2026-01,2026-01-12,2,Transect_923406735_2026-02-08_1.2,923406735 2
923406736,Encounter,Encounter Marine Park,GSV111,Myponga,-35.37082,138.38177,5.3,2026-02-13,42,RLS,Bloom,2026-01,Bloom 2026-01,2026-01-12,2,Transect_923406736_2026-02-13_5.3,923406736 2
923406737,Encounter,Encounter Marine Park,GSV111,Myponga,-35.37082,138.38177,5.4,2026-02-13,42,RLS,Bloom,2026-01,Bloom 2026-01,2026-01-12,1,Transect_923406737_2026-02-13_5.4,923406737 1
923406738,Encounter,Encounter Marine Park,GSV113,Yankalilla Mouth,-35.4655,138.29465,1.1,2026-02-08,42,RLS,Bloom,2026-01,Bloom 2026-01,2026-01-12,1,Transect_923406738_2026-02-08_1.1,923406738 1
923406738,Encounter,Encounter Marine Park,GSV113,Yankalilla Mouth,-35.4655,138.29465,1.1,2026-02-08,42,RLS,Bloom,2026-01,Bloom 2026-01,2026-01-12,2,Transect_923406738_2026-02-08_1.1,923406738 2
923406739,Encounter,Encounter Marine Park,GSV111,Myponga,-35.37082,138.38177,5.1,2026-02-13,42,RLS,Bloom,2026-01,Bloom 2026-01,2026-01-12,1,Transect_923406739_2026-02-13_5.1,923406739 1
923406739,Encounter,Encounter Marine Park,GSV111,Myponga,-35.37082,138.38177,5.1,2026-02-13,42,RLS,Bloom,2026-01,Bloom 2026-01,2026-01-12,2,Transect_923406739_2026-02-13_5.1,923406739 2
923406742,Adelaide,NA,GSV127,Semaphore,-34.8471,138.44595,9.1,2026-01-23,19,RLS,Bloom,2026-01,Bloom 2026-01,2026-01-23,1,Transect_923406742_2026-01-23_9.1,923406742 1
923406742,Adelaide,NA,GSV127,Semaphore,-34.8471,138.44595,9.1,2026-01-23,19,RLS,Bloom,2026-01,Bloom 2026-01,2026-01-23,2,Transect_923406742_2026-01-23_9.1,923406742 2
923406743,Yorke Peninsula,NA,GSV194,Port Julia,-34.6629,137.88554,1.4,2025-11-26,6,RLS,Bloom,2025-11,Bloom 2025-11,2025-11-26,1,Transect_923406743_2025-11-26_1.4,923406743 1
923406744,Yorke Peninsula,NA,GSV194,Port Julia,-34.6629,137.88554,1.1,2025-11-26,6,RLS,Bloom,2025-11,Bloom 2025-11,2025-11-26,1,Transect_923406744_2025-11-26_1.1,923406744 1
923406745,Adelaide,NA,GSV127,Semaphore,-34.8471,138.44595,9.3,2026-01-23,19,RLS,Bloom,2026-01,Bloom 2026-01,2026-01-23,2,Transect_923406745_2026-01-23_9.3,923406745 2
923406747,Adelaide,NA,GSV127,Semaphore,-34.8471,138.44595,9.2,2026-01-23,19,RLS,Bloom,2026-01,Bloom 2026-01,2026-01-23,2,Transect_923406747_2026-01-23_9.2,923406747 2
923406748,Adelaide,NA,GSV109,Outer Harbor breakwater south inside,-34.788509999999995,138.46726,5.1,2025-12-18,18,RLS,Bloom,2025-12,Bloom 2025-12,2025-12-18,1,Transect_923406748_2025-12-18_5.1,923406748 1
923406752,Adelaide,NA,GSV127,Semaphore,-34.8471,138.44595,9.4,2026-01-23,19,RLS,Bloom,2026-01,Bloom 2026-01,2026-01-23,1,Transect_923406752_2026-01-23_9.4,923406752 1
923406752,Adelaide,NA,GSV127,Semaphore,-34.8471,138.44595,9.4,2026-01-23,19,RLS,Bloom,2026-01,Bloom 2026-01,2026-01-23,2,Transect_923406752_2026-01-23_9.4,923406752 2
923406753,Adelaide,Upper Gulf St Vincent MP,GSV134,Port Parham,-34.44449,138.19702,4.4,2026-01-29,19,RLS,Bloom,2026-01,Bloom 2026-01,2026-01-23,1,Transect_923406753_2026-01-29_4.4,923406753 1
923406753,Adelaide,Upper Gulf St Vincent MP,GSV134,Port Parham,-34.44449,138.19702,4.4,2026-01-29,19,RLS,Bloom,2026-01,Bloom 2026-01,2026-01-23,2,Transect_923406753_2026-01-29_4.4,923406753 2
923406754,Adelaide,Upper Gulf St Vincent MP,GSV134,Port Parham,-34.44449,138.19702,4.3,2026-01-29,19,RLS,Bloom,2026-01,Bloom 2026-01,2026-01-23,1,Transect_923406754_2026-01-29_4.3,923406754 1
923406755,Adelaide,Upper Gulf St Vincent MP,GSV134,Port Parham,-34.44449,138.19702,4.2,2026-01-29,19,RLS,Bloom,2026-01,Bloom 2026-01,2026-01-23,2,Transect_923406755_2026-01-29_4.2,923406755 2
923406756,Adelaide,NA,GSV125,Broken Bottom,-34.96335,138.48029,10.4,2026-01-23,19,RLS,Bloom,2026-01,Bloom 2026-01,2026-01-23,1,Transect_923406756_2026-01-23_10.4,923406756 1
923406757,Adelaide,Upper Gulf St Vincent MP,GSV134,Port Parham,-34.44449,138.19702,4.1,2026-01-29,19,RLS,Bloom,2026-01,Bloom 2026-01,2026-01-23,1,Transect_923406757_2026-01-29_4.1,923406757 1
923406757,Adelaide,Upper Gulf St Vincent MP,GSV134,Port Parham,-34.44449,138.19702,4.1,2026-01-29,19,RLS,Bloom,2026-01,Bloom 2026-01,2026-01-23,2,Transect_923406757_2026-01-29_4.1,923406757 2
923406758,Adelaide,NA,GSV125,Broken Bottom,-34.96335,138.48029,10.3,2026-01-23,19,RLS,Bloom,2026-01,Bloom 2026-01,2026-01-23,1,Transect_923406758_2026-01-23_10.3,923406758 1
923406758,Adelaide,NA,GSV125,Broken Bottom,-34.96335,138.48029,10.3,2026-01-23,19,RLS,Bloom,2026-01,Bloom 2026-01,2026-01-23,2,Transect_923406758_2026-01-23_10.3,923406758 2
923406759,Adelaide,NA,GSV115,Port Gawler,-34.61942,138.31052,10.2,2026-01-29,19,RLS,Bloom,2026-01,Bloom 2026-01,2026-01-23,1,Transect_923406759_2026-01-29_10.2,923406759 1
923406760,Adelaide,NA,GSV125,Broken Bottom,-34.96335,138.48029,10.2,2026-01-23,19,RLS,Bloom,2026-01,Bloom 2026-01,2026-01-23,1,Transect_923406760_2026-01-23_10.2,923406760 1
923406760,Adelaide,NA,GSV125,Broken Bottom,-34.96335,138.48029,10.2,2026-01-23,19,RLS,Bloom,2026-01,Bloom 2026-01,2026-01-23,2,Transect_923406760_2026-01-23_10.2,923406760 2
923406761,Adelaide,NA,GSV115,Port Gawler,-34.61942,138.31052,10.1,2026-01-29,19,RLS,Bloom,2026-01,Bloom 2026-01,2026-01-23,1,Transect_923406761_2026-01-29_10.1,923406761 1
923406761,Adelaide,NA,GSV115,Port Gawler,-34.61942,138.31052,10.1,2026-01-29,19,RLS,Bloom,2026-01,Bloom 2026-01,2026-01-23,2,Transect_923406761_2026-01-29_10.1,923406761 2
923406762,Adelaide,NA,GSV125,Broken Bottom,-34.96335,138.48029,10.1,2026-01-23,19,RLS,Bloom,2026-01,Bloom 2026-01,2026-01-23,1,Transect_923406762_2026-01-23_10.1,923406762 1
923406763,Adelaide,NA,GSV115,Port Gawler,-34.61942,138.31052,10.4,2026-01-29,19,RLS,Bloom,2026-01,Bloom 2026-01,2026-01-23,2,Transect_923406763_2026-01-29_10.4,923406763 2
923406764,Adelaide,NA,GSV115,Port Gawler,-34.61942,138.31052,10.3,2026-01-29,19,RLS,Bloom,2026-01,Bloom 2026-01,2026-01-23,2,Transect_923406764_2026-01-29_10.3,923406764 2
923406770,Yorke Peninsula,Southern Spencer Gulf MP,SSG46,Point Turton,-34.92926,137.34562,4.1,2026-03-18,7,RLS,Bloom,2026-03,Bloom 2026-03,2026-03-18,1,Transect_923406770_2026-03-18_4.1,923406770 1
923406771,Yorke Peninsula,Southern Spencer Gulf MP,SSG46,Point Turton,-34.92926,137.34562,4.3,2026-03-18,7,RLS,Bloom,2026-03,Bloom 2026-03,2026-03-18,1,Transect_923406771_2026-03-18_4.3,923406771 1
923406772,Yorke Peninsula,Southern Spencer Gulf MP,SSG46,Point Turton,-34.92926,137.34562,4.2,2026-03-18,7,RLS,Bloom,2026-03,Bloom 2026-03,2026-03-18,1,Transect_923406772_2026-03-18_4.2,923406772 1
923406773,Yorke Peninsula,Southern Spencer Gulf MP,SSG62,Corny Point Outside,-34.8951,137.00183,5.3,2026-03-18,7,RLS,Bloom,2026-03,Bloom 2026-03,2026-03-18,1,Transect_923406773_2026-03-18_5.3,923406773 1
923406773,Yorke Peninsula,Southern Spencer Gulf MP,SSG62,Corny Point Outside,-34.8951,137.00183,5.3,2026-03-18,7,RLS,Bloom,2026-03,Bloom 2026-03,2026-03-18,2,Transect_923406773_2026-03-18_5.3,923406773 2
923406774,Yorke Peninsula,Southern Spencer Gulf MP,SSG62,Corny Point Outside,-34.8951,137.00183,5.4,2026-03-18,7,RLS,Bloom,2026-03,Bloom 2026-03,2026-03-18,1,Transect_923406774_2026-03-18_5.4,923406774 1
923406774,Yorke Peninsula,Southern Spencer Gulf MP,SSG62,Corny Point Outside,-34.8951,137.00183,5.4,2026-03-18,7,RLS,Bloom,2026-03,Bloom 2026-03,2026-03-18,2,Transect_923406774_2026-03-18_5.4,923406774 2
923406775,Yorke Peninsula,Southern Spencer Gulf MP,SSG62,Corny Point Outside,-34.8951,137.00183,5.1,2026-03-18,7,RLS,Bloom,2026-03,Bloom 2026-03,2026-03-18,1,Transect_923406775_2026-03-18_5.1,923406775 1
923406775,Yorke Peninsula,Southern Spencer Gulf MP,SSG62,Corny Point Outside,-34.8951,137.00183,5.1,2026-03-18,7,RLS,Bloom,2026-03,Bloom 2026-03,2026-03-18,2,Transect_923406775_2026-03-18_5.1,923406775 2
923406776,Yorke Peninsula,Southern Spencer Gulf MP,SSG62,Corny Point Outside,-34.8951,137.00183,5.2,2026-03-18,7,RLS,Bloom,2026-03,Bloom 2026-03,2026-03-18,1,Transect_923406776_2026-03-18_5.2,923406776 1
923406776,Yorke Peninsula,Southern Spencer Gulf MP,SSG62,Corny Point Outside,-34.8951,137.00183,5.2,2026-03-18,7,RLS,Bloom,2026-03,Bloom 2026-03,2026-03-18,2,Transect_923406776_2026-03-18_5.2,923406776 2
923406777,Encounter,Encounter Marine Park,GSV136,Noarlunga North Outside,-35.14748,138.46303,5.1,2025-03-07,39,RLS,Pre-bloom,2025-03,Pre-bloom,2025-03-06,1,Transect_923406777_2025-03-07_5.1,923406777 1
923406778,Encounter,Encounter Marine Park,GSV136,Noarlunga North Outside,-35.14748,138.46303,5.1,2025-11-13,41,RLS,Bloom,2025-11,Bloom 2025-11,2025-11-13,1,Transect_923406778_2025-11-13_5.1,923406778 1
923406778,Encounter,Encounter Marine Park,GSV136,Noarlunga North Outside,-35.14748,138.46303,5.1,2025-11-13,41,RLS,Bloom,2025-11,Bloom 2025-11,2025-11-13,2,Transect_923406778_2025-11-13_5.1,923406778 2
923406780,Encounter,Encounter Marine Park,GSV138,Moana outside,-35.2065,138.4622,6.1,2025-11-15,41,RLS,Bloom,2025-11,Bloom 2025-11,2025-11-13,1,Transect_923406780_2025-11-15_6.1,923406780 1
923406782,Encounter,Encounter Marine Park,GSV124,Horseshoe inner,-35.13793,138.46292,2.1,2025-11-13,41,RLS,Bloom,2025-11,Bloom 2025-11,2025-11-13,2,Transect_923406782_2025-11-13_2.1,923406782 2
923406783,Encounter,Encounter Marine Park,GSV53,Moana inside,-35.2091,138.46428999999998,6.2,2025-11-15,41,RLS,Bloom,2025-11,Bloom 2025-11,2025-11-13,1,Transect_923406783_2025-11-15_6.2,923406783 1
923406784,Encounter,Encounter Marine Park,GSV135,Pt Noarlunga inside,-35.14741,138.46365,3.2,2025-11-13,41,RLS,Bloom,2025-11,Bloom 2025-11,2025-11-13,1,Transect_923406784_2025-11-13_3.2,923406784 1
923406784,Encounter,Encounter Marine Park,GSV135,Pt Noarlunga inside,-35.14741,138.46365,3.2,2025-11-13,41,RLS,Bloom,2025-11,Bloom 2025-11,2025-11-13,2,Transect_923406784_2025-11-13_3.2,923406784 2
923406786,Adelaide,NA,GSV140,Hallett Cove,-35.0736,138.49428999999998,5.2,2025-11-14,17,RLS,Bloom,2025-11,Bloom 2025-11,2025-11-14,1,Transect_923406786_2025-11-14_5.2,923406786 1
923406786,Adelaide,NA,GSV140,Hallett Cove,-35.0736,138.49428999999998,5.2,2025-11-14,17,RLS,Bloom,2025-11,Bloom 2025-11,2025-11-14,2,Transect_923406786_2025-11-14_5.2,923406786 2
923406787,Encounter,Encounter Marine Park,GSV53,Moana inside,-35.2091,138.46428999999998,6.1,2025-03-11,39,RLS,Pre-bloom,2025-03,Pre-bloom,2025-03-06,1,Transect_923406787_2025-03-11_6.1,923406787 1
923406787,Encounter,Encounter Marine Park,GSV53,Moana inside,-35.2091,138.46428999999998,6.1,2025-03-11,39,RLS,Pre-bloom,2025-03,Pre-bloom,2025-03-06,2,Transect_923406787_2025-03-11_6.1,923406787 2
923406791,Encounter,Encounter Marine Park,GSV131,Horseshoe outer,-35.1394,138.45799,12.1,2025-11-14,41,RLS,Bloom,2025-11,Bloom 2025-11,2025-11-13,1,Transect_923406791_2025-11-14_12.1,923406791 1
923406791,Encounter,Encounter Marine Park,GSV131,Horseshoe outer,-35.1394,138.45799,12.1,2025-11-14,41,RLS,Bloom,2025-11,Bloom 2025-11,2025-11-13,2,Transect_923406791_2025-11-14_12.1,923406791 2
923406792,Adelaide,NA,GSV105,Marino Rocks,-35.0525,138.5027,5.1,2025-11-14,17,RLS,Bloom,2025-11,Bloom 2025-11,2025-11-14,1,Transect_923406792_2025-11-14_5.1,923406792 1
923406792,Adelaide,NA,GSV105,Marino Rocks,-35.0525,138.5027,5.1,2025-11-14,17,RLS,Bloom,2025-11,Bloom 2025-11,2025-11-14,2,Transect_923406792_2025-11-14_5.1,923406792 2
923406793,Encounter,Encounter Marine Park,GSV131,Horseshoe outer,-35.1394,138.45799,12.2,2025-03-07,39,RLS,Pre-bloom,2025-03,Pre-bloom,2025-03-06,1,Transect_923406793_2025-03-07_12.2,923406793 1
923406793,Encounter,Encounter Marine Park,GSV131,Horseshoe outer,-35.1394,138.45799,12.2,2025-03-07,39,RLS,Pre-bloom,2025-03,Pre-bloom,2025-03-06,2,Transect_923406793_2025-03-07_12.2,923406793 2
923406794,Encounter,Encounter Marine Park,GSV136,Noarlunga North Outside,-35.14748,138.46303,5.2,2025-03-07,39,RLS,Pre-bloom,2025-03,Pre-bloom,2025-03-06,2,Transect_923406794_2025-03-07_5.2,923406794 2
923406795,Encounter,Encounter Marine Park,GSV136,Noarlunga North Outside,-35.14748,138.46303,5.2,2025-11-13,41,RLS,Bloom,2025-11,Bloom 2025-11,2025-11-13,1,Transect_923406795_2025-11-13_5.2,923406795 1
923406795,Encounter,Encounter Marine Park,GSV136,Noarlunga North Outside,-35.14748,138.46303,5.2,2025-11-13,41,RLS,Bloom,2025-11,Bloom 2025-11,2025-11-13,2,Transect_923406795_2025-11-13_5.2,923406795 2
923406796,Encounter,Encounter Marine Park,GSV138,Moana outside,-35.2065,138.4622,6.2,2025-11-15,41,RLS,Bloom,2025-11,Bloom 2025-11,2025-11-13,1,Transect_923406796_2025-11-15_6.2,923406796 1
923406798,Encounter,Encounter Marine Park,GSV124,Horseshoe inner,-35.13793,138.46292,2.2,2025-11-13,41,RLS,Bloom,2025-11,Bloom 2025-11,2025-11-13,1,Transect_923406798_2025-11-13_2.2,923406798 1
923406798,Encounter,Encounter Marine Park,GSV124,Horseshoe inner,-35.13793,138.46292,2.2,2025-11-13,41,RLS,Bloom,2025-11,Bloom 2025-11,2025-11-13,2,Transect_923406798_2025-11-13_2.2,923406798 2
923406799,Adelaide,NA,GSV105,Marino Rocks,-35.0525,138.5027,5.2,2025-11-14,17,RLS,Bloom,2025-11,Bloom 2025-11,2025-11-14,1,Transect_923406799_2025-11-14_5.2,923406799 1
923406799,Adelaide,NA,GSV105,Marino Rocks,-35.0525,138.5027,5.2,2025-11-14,17,RLS,Bloom,2025-11,Bloom 2025-11,2025-11-14,2,Transect_923406799_2025-11-14_5.2,923406799 2
923406800,Encounter,Encounter Marine Park,GSV53,Moana inside,-35.2091,138.46428999999998,6.1,2025-11-15,41,RLS,Bloom,2025-11,Bloom 2025-11,2025-11-13,1,Transect_923406800_2025-11-15_6.1,923406800 1
923406801,Encounter,Encounter Marine Park,GSV135,Pt Noarlunga inside,-35.14741,138.46365,3.1,2025-11-13,41,RLS,Bloom,2025-11,Bloom 2025-11,2025-11-13,1,Transect_923406801_2025-11-13_3.1,923406801 1
923406801,Encounter,Encounter Marine Park,GSV135,Pt Noarlunga inside,-35.14741,138.46365,3.1,2025-11-13,41,RLS,Bloom,2025-11,Bloom 2025-11,2025-11-13,2,Transect_923406801_2025-11-13_3.1,923406801 2
923406803,Encounter,Encounter Marine Park,GSV53,Moana inside,-35.2091,138.46428999999998,6.2,2025-03-11,39,RLS,Pre-bloom,2025-03,Pre-bloom,2025-03-06,1,Transect_923406803_2025-03-11_6.2,923406803 1
923406803,Encounter,Encounter Marine Park,GSV53,Moana inside,-35.2091,138.46428999999998,6.2,2025-03-11,39,RLS,Pre-bloom,2025-03,Pre-bloom,2025-03-06,2,Transect_923406803_2025-03-11_6.2,923406803 2
923406804,Adelaide,NA,GSV140,Hallett Cove,-35.0736,138.49428999999998,5.1,2025-11-14,17,RLS,Bloom,2025-11,Bloom 2025-11,2025-11-14,1,Transect_923406804_2025-11-14_5.1,923406804 1
923406804,Adelaide,NA,GSV140,Hallett Cove,-35.0736,138.49428999999998,5.1,2025-11-14,17,RLS,Bloom,2025-11,Bloom 2025-11,2025-11-14,2,Transect_923406804_2025-11-14_5.1,923406804 2
923406808,Encounter,Encounter Marine Park,GSV131,Horseshoe outer,-35.1394,138.45799,12.2,2025-11-14,41,RLS,Bloom,2025-11,Bloom 2025-11,2025-11-13,1,Transect_923406808_2025-11-14_12.2,923406808 1
923406809,Encounter,Encounter Marine Park,GSV59,Puzzle Rock,-35.7215,137.98051999999998,5.1,2026-03-23,43,RLS,Bloom,2026-03,Bloom 2026-03,2026-03-23,1,Transect_923406809_2026-03-23_5.1,923406809 1
923406810,Encounter,Encounter Marine Park,GSV58,Penneshaw Pub,-35.71625,137.93896999999998,5.2,2026-03-23,43,RLS,Bloom,2026-03,Bloom 2026-03,2026-03-23,1,Transect_923406810_2026-03-23_5.2,923406810 1
923406811,Encounter,Encounter Marine Park,GSV58,Penneshaw Pub,-35.71625,137.93896999999998,5.1,2026-03-23,43,RLS,Bloom,2026-03,Bloom 2026-03,2026-03-23,2,Transect_923406811_2026-03-23_5.1,923406811 2
923406814,Encounter,Encounter Marine Park,GSV59,Puzzle Rock,-35.7215,137.98051999999998,5.4,2026-03-23,43,RLS,Bloom,2026-03,Bloom 2026-03,2026-03-23,2,Transect_923406814_2026-03-23_5.4,923406814 2
923406817,Encounter,Encounter Marine Park,GSV112,Noarlunga South Outside,-35.15692,138.46545,5.1,2026-02-27,42,RLS,Bloom,2026-01,Bloom 2026-01,2026-01-12,2,Transect_923406817_2026-02-27_5.1,923406817 2
923406818,Encounter,Encounter Marine Park,GSV185,Gull Rock,-35.2462,138.45956,5.1,2026-02-27,42,RLS,Bloom,2026-01,Bloom 2026-01,2026-01-12,2,Transect_923406818_2026-02-27_5.1,923406818 2
923406819,Encounter,Encounter Marine Park,GSV112,Noarlunga South Outside,-35.15692,138.46545,5.2,2026-02-27,42,RLS,Bloom,2026-01,Bloom 2026-01,2026-01-12,2,Transect_923406819_2026-02-27_5.2,923406819 2
923406821,Encounter,Encounter Marine Park,GSV128,Southport,-35.16775,138.46227,5.4,2026-02-27,42,RLS,Bloom,2026-01,Bloom 2026-01,2026-01-12,1,Transect_923406821_2026-02-27_5.4,923406821 1
923406823,Encounter,Encounter Marine Park,GSV112,Noarlunga South Outside,-35.15692,138.46545,5.4,2026-02-27,42,RLS,Bloom,2026-01,Bloom 2026-01,2026-01-12,2,Transect_923406823_2026-02-27_5.4,923406823 2
923406825,Encounter,Encounter Marine Park,GSV128,Southport,-35.16775,138.46227,5.3,2026-02-27,42,RLS,Bloom,2026-01,Bloom 2026-01,2026-01-12,2,Transect_923406825_2026-02-27_5.3,923406825 2
923406826,Encounter,Encounter Marine Park,GSV185,Gull Rock,-35.2462,138.45956,5.3,2026-02-27,42,RLS,Bloom,2026-01,Bloom 2026-01,2026-01-12,1,Transect_923406826_2026-02-27_5.3,923406826 1
923406827,Encounter,Encounter Marine Park,GSV185,Gull Rock,-35.2462,138.45956,5.4,2026-02-27,42,RLS,Bloom,2026-01,Bloom 2026-01,2026-01-12,2,Transect_923406827_2026-02-27_5.4,923406827 2
