dataset,dataset_label,location,ordination,id,site_name,status,period,sampling_event,sampling_event_start_date,survey_date,axis1,axis2
BRUV,BRUVs,Aldinga - Aldinga Reef Sanctuary Zone,pco,Aldinga Reef SZ_2014-09_GSVwinter.BRUVS_monoBRUVS_1,Aldinga Reef SZ,No-take,Pre-bloom,2014-09_GSVwinter.BRUVS_monoBRUVS_1,2014-09-03,2014-09-03,0.5180259988254653,-0.04324373429008783
BRUV,BRUVs,Aldinga - Aldinga Reef Sanctuary Zone,pco,Aldinga Reef SZ_2015-201706_SA_MPA_StereoBRUVS_2,Aldinga Reef SZ,No-take,Pre-bloom,2015-201706_SA_MPA_StereoBRUVS_2,2015-12-10,2015-12-10,0.36161065064781905,-0.9241266027653369
BRUV,BRUVs,Aldinga - Aldinga Reef Sanctuary Zone,pco,Aldinga Reef SZ_2016-02_GSVsummer.BRUVS_MonoBRUVS_1,Aldinga Reef SZ,No-take,Pre-bloom,2016-02_GSVsummer.BRUVS_MonoBRUVS_1,2016-02-12,2016-02-12,1.6193808649364738,-0.70766718312151
BRUV,BRUVs,Aldinga - Aldinga Reef Sanctuary Zone,pco,Aldinga Reef SZ_2016-11_GSV_monoBRUVs_1,Aldinga Reef SZ,No-take,Pre-bloom,2016-11_GSV_monoBRUVs_1,2016-11-19,2016-11-19,0.5112059898349731,-0.29520230236421763
BRUV,BRUVs,Aldinga - Aldinga Reef Sanctuary Zone,pco,Aldinga Reef SZ_2019-12_Aldinga_BRUVS_1,Aldinga Reef SZ,No-take,Pre-bloom,2019-12_Aldinga_BRUVS_1,2019-12-07,2019-12-07,1.0588621215752039,-0.3125753796989273
BRUV,BRUVs,Aldinga - Aldinga Reef Sanctuary Zone,pco,Aldinga Reef SZ_2020-11_Aldinga_BRUVS_1,Aldinga Reef SZ,No-take,Pre-bloom,2020-11_Aldinga_BRUVS_1,2020-11-26,2020-11-26,1.0033387788239225,0.09625429205041294
BRUV,BRUVs,Aldinga - Aldinga Reef Sanctuary Zone,pco,Aldinga Reef SZ_2021-11_Aldinga_BRUVS_1,Aldinga Reef SZ,No-take,Pre-bloom,2021-11_Aldinga_BRUVS_1,2021-11-22,2021-11-22,0.9271496255534508,0.03580462542006422
BRUV,BRUVs,Aldinga - Aldinga Reef Sanctuary Zone,pco,Aldinga Reef SZ_2025-02_Aldinga_BRUVS_1,Aldinga Reef SZ,No-take,Pre-bloom,2025-02_Aldinga_BRUVS_1,2025-02-06,2025-02-06,-0.34810176711881746,-0.3760780738660246
BRUV,BRUVs,Aldinga - Aldinga Reef Sanctuary Zone,pco,Aldinga Reef SZ_2026-02_Aldinga_BRUVS_1,Aldinga Reef SZ,No-take,Bloom,2026-02_Aldinga_BRUVS_1,2026-02-21,2026-02-21,-0.4918919696790137,-0.6366549899673825
BRUV,BRUVs,Aldinga - Aldinga Reef Sanctuary Zone,pco,Aldinga Reef outside North_2014-09_GSVwinter.BRUVS_monoBRUVS_1,Aldinga Reef outside North,Fished,Pre-bloom,2014-09_GSVwinter.BRUVS_monoBRUVS_1,2014-09-03,2014-09-03,-1.0459351233186982,1.6475117865044027
BRUV,BRUVs,Aldinga - Aldinga Reef Sanctuary Zone,pco,Aldinga Reef outside North_2016-02_GSVsummer.BRUVS_MonoBRUVS_1,Aldinga Reef outside North,Fished,Pre-bloom,2016-02_GSVsummer.BRUVS_MonoBRUVS_1,2016-02-12,2016-02-12,-0.4903733321528101,-0.035835684255389
BRUV,BRUVs,Aldinga - Aldinga Reef Sanctuary Zone,pco,Aldinga Reef outside North_2026-02_Aldinga_BRUVS_1,Aldinga Reef outside North,Fished,Bloom,2026-02_Aldinga_BRUVS_1,2026-02-21,2026-02-21,-1.4329983605510233,0.388423570057849
BRUV,BRUVs,Aldinga - Aldinga Reef Sanctuary Zone,pco,Aldinga Reef outside South_2014-09_GSVwinter.BRUVS_monoBRUVS_1,Aldinga Reef outside South,Fished,Pre-bloom,2014-09_GSVwinter.BRUVS_monoBRUVS_1,2014-09-03,2014-09-03,0.2744964150902946,1.3750353155889645
BRUV,BRUVs,Aldinga - Aldinga Reef Sanctuary Zone,pco,Aldinga Reef outside South_2015-201706_SA_MPA_StereoBRUVS_2,Aldinga Reef outside South,Fished,Pre-bloom,2015-201706_SA_MPA_StereoBRUVS_2,2015-12-10,2015-12-10,-0.938212503840976,-0.3782645967914298
BRUV,BRUVs,Aldinga - Aldinga Reef Sanctuary Zone,pco,Aldinga Reef outside South_2016-02_GSVsummer.BRUVS_MonoBRUVS_1,Aldinga Reef outside South,Fished,Pre-bloom,2016-02_GSVsummer.BRUVS_MonoBRUVS_1,2016-02-12,2016-02-12,0.9468486495004466,0.6663092932142363
BRUV,BRUVs,Aldinga - Aldinga Reef Sanctuary Zone,pco,Aldinga Reef outside South_2019-12_Aldinga_BRUVS_1,Aldinga Reef outside South,Fished,Pre-bloom,2019-12_Aldinga_BRUVS_1,2019-12-07,2019-12-07,0.8316885814504537,0.5908279575677003
BRUV,BRUVs,Aldinga - Aldinga Reef Sanctuary Zone,pco,Aldinga Reef outside South_2025-02_Aldinga_BRUVS_1,Aldinga Reef outside South,Fished,Pre-bloom,2025-02_Aldinga_BRUVS_1,2025-02-06,2025-02-06,-1.319273452332164,-0.5211471892469868
BRUV,BRUVs,Aldinga - Aldinga Reef Sanctuary Zone,pco,Aldinga Reef outside South_2026-02_Aldinga_BRUVS_1,Aldinga Reef outside South,Fished,Bloom,2026-02_Aldinga_BRUVS_1,2026-02-21,2026-02-21,-1.9858211672449997,-0.5693711040363332
BRUV,BRUVs,Aldinga - Aldinga Reef Sanctuary Zone,cap_period,Aldinga Reef SZ_2014-09_GSVwinter.BRUVS_monoBRUVS_1,Aldinga Reef SZ,No-take,Pre-bloom,2014-09_GSVwinter.BRUVS_monoBRUVS_1,2014-09-03,2014-09-03,-0.8524323575695746,-0.4747665907945361
BRUV,BRUVs,Aldinga - Aldinga Reef Sanctuary Zone,cap_period,Aldinga Reef SZ_2015-201706_SA_MPA_StereoBRUVS_2,Aldinga Reef SZ,No-take,Pre-bloom,2015-201706_SA_MPA_StereoBRUVS_2,2015-12-10,2015-12-10,-0.7261805830462181,-0.16958951576498205
BRUV,BRUVs,Aldinga - Aldinga Reef Sanctuary Zone,cap_period,Aldinga Reef SZ_2016-02_GSVsummer.BRUVS_MonoBRUVS_1,Aldinga Reef SZ,No-take,Pre-bloom,2016-02_GSVsummer.BRUVS_MonoBRUVS_1,2016-02-12,2016-02-12,-2.0282606137569656,-2.3092741976301165
BRUV,BRUVs,Aldinga - Aldinga Reef Sanctuary Zone,cap_period,Aldinga Reef SZ_2016-11_GSV_monoBRUVs_1,Aldinga Reef SZ,No-take,Pre-bloom,2016-11_GSV_monoBRUVs_1,2016-11-19,2016-11-19,-0.7006717748886649,-0.5338044575911227
BRUV,BRUVs,Aldinga - Aldinga Reef Sanctuary Zone,cap_period,Aldinga Reef SZ_2019-12_Aldinga_BRUVS_1,Aldinga Reef SZ,No-take,Pre-bloom,2019-12_Aldinga_BRUVS_1,2019-12-07,2019-12-07,-1.1200309293623187,-1.552280627975047
BRUV,BRUVs,Aldinga - Aldinga Reef Sanctuary Zone,cap_period,Aldinga Reef SZ_2020-11_Aldinga_BRUVS_1,Aldinga Reef SZ,No-take,Pre-bloom,2020-11_Aldinga_BRUVS_1,2020-11-26,2020-11-26,-1.2035340929937561,-1.3501344086183487
BRUV,BRUVs,Aldinga - Aldinga Reef Sanctuary Zone,cap_period,Aldinga Reef SZ_2021-11_Aldinga_BRUVS_1,Aldinga Reef SZ,No-take,Pre-bloom,2021-11_Aldinga_BRUVS_1,2021-11-22,2021-11-22,-1.4352465437994366,-1.0549261415748674
BRUV,BRUVs,Aldinga - Aldinga Reef Sanctuary Zone,cap_period,Aldinga Reef SZ_2025-02_Aldinga_BRUVS_1,Aldinga Reef SZ,No-take,Pre-bloom,2025-02_Aldinga_BRUVS_1,2025-02-06,2025-02-06,0.41443786100437047,0.7746861388537474
BRUV,BRUVs,Aldinga - Aldinga Reef Sanctuary Zone,cap_period,Aldinga Reef SZ_2026-02_Aldinga_BRUVS_1,Aldinga Reef SZ,No-take,Bloom,2026-02_Aldinga_BRUVS_1,2026-02-21,2026-02-21,1.8574925335947674,-1.1465174210061826
BRUV,BRUVs,Aldinga - Aldinga Reef Sanctuary Zone,cap_period,Aldinga Reef outside North_2014-09_GSVwinter.BRUVS_monoBRUVS_1,Aldinga Reef outside North,Fished,Pre-bloom,2014-09_GSVwinter.BRUVS_monoBRUVS_1,2014-09-03,2014-09-03,0.6097721182718147,2.350888461447823
BRUV,BRUVs,Aldinga - Aldinga Reef Sanctuary Zone,cap_period,Aldinga Reef outside North_2016-02_GSVsummer.BRUVS_MonoBRUVS_1,Aldinga Reef outside North,Fished,Pre-bloom,2016-02_GSVsummer.BRUVS_MonoBRUVS_1,2016-02-12,2016-02-12,0.09508918086586664,1.2541579955000919
BRUV,BRUVs,Aldinga - Aldinga Reef Sanctuary Zone,cap_period,Aldinga Reef outside North_2026-02_Aldinga_BRUVS_1,Aldinga Reef outside North,Fished,Bloom,2026-02_Aldinga_BRUVS_1,2026-02-21,2026-02-21,3.6995375717826438,-0.08197751219971486
BRUV,BRUVs,Aldinga - Aldinga Reef Sanctuary Zone,cap_period,Aldinga Reef outside South_2014-09_GSVwinter.BRUVS_monoBRUVS_1,Aldinga Reef outside South,Fished,Pre-bloom,2014-09_GSVwinter.BRUVS_monoBRUVS_1,2014-09-03,2014-09-03,-1.0467429063053786,0.3154645798059821
BRUV,BRUVs,Aldinga - Aldinga Reef Sanctuary Zone,cap_period,Aldinga Reef outside South_2015-201706_SA_MPA_StereoBRUVS_2,Aldinga Reef outside South,Fished,Pre-bloom,2015-201706_SA_MPA_StereoBRUVS_2,2015-12-10,2015-12-10,0.22176432461142245,2.2637352742257044
BRUV,BRUVs,Aldinga - Aldinga Reef Sanctuary Zone,cap_period,Aldinga Reef outside South_2016-02_GSVsummer.BRUVS_MonoBRUVS_1,Aldinga Reef outside South,Fished,Pre-bloom,2016-02_GSVsummer.BRUVS_MonoBRUVS_1,2016-02-12,2016-02-12,-1.909849719535936,-0.7609981900320687
BRUV,BRUVs,Aldinga - Aldinga Reef Sanctuary Zone,cap_period,Aldinga Reef outside South_2019-12_Aldinga_BRUVS_1,Aldinga Reef outside South,Fished,Pre-bloom,2019-12_Aldinga_BRUVS_1,2019-12-07,2019-12-07,-1.0354580119636887,-1.051159194807968
BRUV,BRUVs,Aldinga - Aldinga Reef Sanctuary Zone,cap_period,Aldinga Reef outside South_2025-02_Aldinga_BRUVS_1,Aldinga Reef outside South,Fished,Pre-bloom,2025-02_Aldinga_BRUVS_1,2025-02-06,2025-02-06,1.506454753212015,2.2980008749557075
BRUV,BRUVs,Aldinga - Aldinga Reef Sanctuary Zone,cap_period,Aldinga Reef outside South_2026-02_Aldinga_BRUVS_1,Aldinga Reef outside South,Fished,Bloom,2026-02_Aldinga_BRUVS_1,2026-02-21,2026-02-21,3.653859189879038,1.2284949332058968
BRUV,BRUVs,Aldinga - Aldinga Reef Sanctuary Zone,cap_status,Aldinga Reef SZ_2014-09_GSVwinter.BRUVS_monoBRUVS_1,Aldinga Reef SZ,No-take,Pre-bloom,2014-09_GSVwinter.BRUVS_monoBRUVS_1,2014-09-03,2014-09-03,-1.419810075016529,-0.06706525860850446
BRUV,BRUVs,Aldinga - Aldinga Reef Sanctuary Zone,cap_status,Aldinga Reef SZ_2015-201706_SA_MPA_StereoBRUVS_2,Aldinga Reef SZ,No-take,Pre-bloom,2015-201706_SA_MPA_StereoBRUVS_2,2015-12-10,2015-12-10,-1.5013335540789083,-0.554041432384818
BRUV,BRUVs,Aldinga - Aldinga Reef Sanctuary Zone,cap_status,Aldinga Reef SZ_2016-02_GSVsummer.BRUVS_MonoBRUVS_1,Aldinga Reef SZ,No-take,Pre-bloom,2016-02_GSVsummer.BRUVS_MonoBRUVS_1,2016-02-12,2016-02-12,-3.005463893710351,1.347937563463969
BRUV,BRUVs,Aldinga - Aldinga Reef Sanctuary Zone,cap_status,Aldinga Reef SZ_2016-11_GSV_monoBRUVs_1,Aldinga Reef SZ,No-take,Pre-bloom,2016-11_GSV_monoBRUVs_1,2016-11-19,2016-11-19,-1.1687077053284392,-0.0317249241028022
BRUV,BRUVs,Aldinga - Aldinga Reef Sanctuary Zone,cap_status,Aldinga Reef SZ_2019-12_Aldinga_BRUVS_1,Aldinga Reef SZ,No-take,Pre-bloom,2019-12_Aldinga_BRUVS_1,2019-12-07,2019-12-07,-2.0352568057522045,0.6904296397643943
BRUV,BRUVs,Aldinga - Aldinga Reef Sanctuary Zone,cap_status,Aldinga Reef SZ_2020-11_Aldinga_BRUVS_1,Aldinga Reef SZ,No-take,Pre-bloom,2020-11_Aldinga_BRUVS_1,2020-11-26,2020-11-26,-1.3364441882368843,0.9370714041053169
BRUV,BRUVs,Aldinga - Aldinga Reef Sanctuary Zone,cap_status,Aldinga Reef SZ_2021-11_Aldinga_BRUVS_1,Aldinga Reef SZ,No-take,Pre-bloom,2021-11_Aldinga_BRUVS_1,2021-11-22,2021-11-22,-1.4593106218908183,0.7405398611006465
BRUV,BRUVs,Aldinga - Aldinga Reef Sanctuary Zone,cap_status,Aldinga Reef SZ_2025-02_Aldinga_BRUVS_1,Aldinga Reef SZ,No-take,Pre-bloom,2025-02_Aldinga_BRUVS_1,2025-02-06,2025-02-06,-0.03984788832634796,-1.2836365421421145
BRUV,BRUVs,Aldinga - Aldinga Reef Sanctuary Zone,cap_status,Aldinga Reef SZ_2026-02_Aldinga_BRUVS_1,Aldinga Reef SZ,No-take,Bloom,2026-02_Aldinga_BRUVS_1,2026-02-21,2026-02-21,-0.39153002611064874,-1.7795103111960882
BRUV,BRUVs,Aldinga - Aldinga Reef Sanctuary Zone,cap_status,Aldinga Reef outside North_2014-09_GSVwinter.BRUVS_monoBRUVS_1,Aldinga Reef outside North,Fished,Pre-bloom,2014-09_GSVwinter.BRUVS_monoBRUVS_1,2014-09-03,2014-09-03,2.304786607848284,-0.3041647766359858
BRUV,BRUVs,Aldinga - Aldinga Reef Sanctuary Zone,cap_status,Aldinga Reef outside North_2016-02_GSVsummer.BRUVS_MonoBRUVS_1,Aldinga Reef outside North,Fished,Pre-bloom,2016-02_GSVsummer.BRUVS_MonoBRUVS_1,2016-02-12,2016-02-12,1.2599922278405329,0.08066752075772848
BRUV,BRUVs,Aldinga - Aldinga Reef Sanctuary Zone,cap_status,Aldinga Reef outside North_2026-02_Aldinga_BRUVS_1,Aldinga Reef outside North,Fished,Bloom,2026-02_Aldinga_BRUVS_1,2026-02-21,2026-02-21,2.153177481831794,-1.420908476272399
BRUV,BRUVs,Aldinga - Aldinga Reef Sanctuary Zone,cap_status,Aldinga Reef outside South_2014-09_GSVwinter.BRUVS_monoBRUVS_1,Aldinga Reef outside South,Fished,Pre-bloom,2014-09_GSVwinter.BRUVS_monoBRUVS_1,2014-09-03,2014-09-03,0.959866097834943,1.7123634404229013
BRUV,BRUVs,Aldinga - Aldinga Reef Sanctuary Zone,cap_status,Aldinga Reef outside South_2015-201706_SA_MPA_StereoBRUVS_2,Aldinga Reef outside South,Fished,Pre-bloom,2015-201706_SA_MPA_StereoBRUVS_2,2015-12-10,2015-12-10,1.5933997451550947,-0.744547364207547
BRUV,BRUVs,Aldinga - Aldinga Reef Sanctuary Zone,cap_status,Aldinga Reef outside South_2016-02_GSVsummer.BRUVS_MonoBRUVS_1,Aldinga Reef outside South,Fished,Pre-bloom,2016-02_GSVsummer.BRUVS_MonoBRUVS_1,2016-02-12,2016-02-12,-0.0949830043431362,2.4797205444181447
BRUV,BRUVs,Aldinga - Aldinga Reef Sanctuary Zone,cap_status,Aldinga Reef outside South_2019-12_Aldinga_BRUVS_1,Aldinga Reef outside South,Fished,Pre-bloom,2019-12_Aldinga_BRUVS_1,2019-12-07,2019-12-07,-0.15896841420122787,2.180483669365041
BRUV,BRUVs,Aldinga - Aldinga Reef Sanctuary Zone,cap_status,Aldinga Reef outside South_2025-02_Aldinga_BRUVS_1,Aldinga Reef outside South,Fished,Pre-bloom,2025-02_Aldinga_BRUVS_1,2025-02-06,2025-02-06,1.9016012762639598,-1.4232315323460745
BRUV,BRUVs,Aldinga - Aldinga Reef Sanctuary Zone,cap_status,Aldinga Reef outside South_2026-02_Aldinga_BRUVS_1,Aldinga Reef outside South,Fished,Bloom,2026-02_Aldinga_BRUVS_1,2026-02-21,2026-02-21,2.438832740220886,-2.5603830255018094
BRUV,BRUVs,Bay of Shoals - Bay of Shoals Sanctuary Zone,pco,Bay of Shoals SZ East_2015-201706_SA_MPA_StereoBRUVS_5,Bay of Shoals SZ East,No-take,Pre-bloom,2015-201706_SA_MPA_StereoBRUVS_5,2016-05-24,2016-05-24,1.0962374477089427,1.0915485631997321
BRUV,BRUVs,Bay of Shoals - Bay of Shoals Sanctuary Zone,pco,Bay of Shoals SZ East_2015-201706_SA_MPA_StereoBRUVS_10,Bay of Shoals SZ East,No-take,Pre-bloom,2015-201706_SA_MPA_StereoBRUVS_10,2017-04-05,2017-04-05,-0.6026937217943663,-0.5628987838292704
BRUV,BRUVs,Bay of Shoals - Bay of Shoals Sanctuary Zone,pco,Bay of Shoals SZ East_201712-201806_SA_MarineParkMonitoring_StereoBRUVS_3,Bay of Shoals SZ East,No-take,Pre-bloom,201712-201806_SA_MarineParkMonitoring_StereoBRUVS_3,2018-03-28,2018-03-28,-1.1553797008899316,-1.408834353564089
BRUV,BRUVs,Bay of Shoals - Bay of Shoals Sanctuary Zone,pco,Bay of Shoals SZ East_2026-03_BayofShoals_BRUVS_1,Bay of Shoals SZ East,No-take,Bloom,2026-03_BayofShoals_BRUVS_1,2026-03-24,2026-03-24,-1.2036647123970543,-0.036794897741790566
BRUV,BRUVs,Bay of Shoals - Bay of Shoals Sanctuary Zone,pco,Bay of Shoals SZ South_2015-201706_SA_MPA_StereoBRUVS_10,Bay of Shoals SZ South,No-take,Pre-bloom,2015-201706_SA_MPA_StereoBRUVS_10,2017-04-05,2017-04-05,0.19765180710350747,-0.6060125020104156
BRUV,BRUVs,Bay of Shoals - Bay of Shoals Sanctuary Zone,pco,Bay of Shoals SZ South_201712-201806_SA_MarineParkMonitoring_StereoBRUVS_3,Bay of Shoals SZ South,No-take,Pre-bloom,201712-201806_SA_MarineParkMonitoring_StereoBRUVS_3,2018-03-28,2018-03-28,-0.2860643820421863,-1.398884393181782
BRUV,BRUVs,Bay of Shoals - Bay of Shoals Sanctuary Zone,pco,Bay of Shoals SZ South_2026-03_BayofShoals_BRUVS_1,Bay of Shoals SZ South,No-take,Bloom,2026-03_BayofShoals_BRUVS_1,2026-03-24,2026-03-24,-0.8018069973523548,-0.10880883742180888
BRUV,BRUVs,Bay of Shoals - Bay of Shoals Sanctuary Zone,pco,Bay of Shoals SZ central_2015-201706_SA_MPA_StereoBRUVS_5,Bay of Shoals SZ central,No-take,Pre-bloom,2015-201706_SA_MPA_StereoBRUVS_5,2016-05-24,2016-05-24,0.9056905063849051,0.5648198968243873
BRUV,BRUVs,Bay of Shoals - Bay of Shoals Sanctuary Zone,pco,Bay of Shoals SZ central_2015-201706_SA_MPA_StereoBRUVS_10,Bay of Shoals SZ central,No-take,Pre-bloom,2015-201706_SA_MPA_StereoBRUVS_10,2017-04-05,2017-04-05,0.487592104132849,-0.472865790266617
BRUV,BRUVs,Bay of Shoals - Bay of Shoals Sanctuary Zone,pco,Bay of Shoals SZ central_201712-201806_SA_MarineParkMonitoring_StereoBRUVS_3,Bay of Shoals SZ central,No-take,Pre-bloom,201712-201806_SA_MarineParkMonitoring_StereoBRUVS_3,2018-03-28,2018-03-28,-0.3578467567444944,-1.905889002795838
BRUV,BRUVs,Bay of Shoals - Bay of Shoals Sanctuary Zone,pco,Bay of Shoals SZ central_2026-03_BayofShoals_BRUVS_1,Bay of Shoals SZ central,No-take,Bloom,2026-03_BayofShoals_BRUVS_1,2026-03-24,2026-03-24,-1.6856981778878535,-0.23684554822138143
BRUV,BRUVs,Bay of Shoals - Bay of Shoals Sanctuary Zone,pco,Bay of Shoals oustide West_2015-201706_SA_MPA_StereoBRUVS_5,Bay of Shoals oustide West,Fished,Pre-bloom,2015-201706_SA_MPA_StereoBRUVS_5,2016-05-24,2016-05-24,0.8087970506481752,0.25459338025349426
BRUV,BRUVs,Bay of Shoals - Bay of Shoals Sanctuary Zone,pco,Bay of Shoals oustide West_2015-201706_SA_MPA_StereoBRUVS_10,Bay of Shoals oustide West,Fished,Pre-bloom,2015-201706_SA_MPA_StereoBRUVS_10,2017-04-05,2017-04-05,0.7298360340626547,0.3535211560507219
BRUV,BRUVs,Bay of Shoals - Bay of Shoals Sanctuary Zone,pco,Bay of Shoals oustide West_201712-201806_SA_MarineParkMonitoring_StereoBRUVS_3,Bay of Shoals oustide West,Fished,Pre-bloom,201712-201806_SA_MarineParkMonitoring_StereoBRUVS_3,2018-03-28,2018-03-28,-0.09313298494666654,0.9079632109926783
BRUV,BRUVs,Bay of Shoals - Bay of Shoals Sanctuary Zone,pco,Bay of Shoals oustide West_2026-03_BayofShoals_BRUVS_1,Bay of Shoals oustide West,Fished,Bloom,2026-03_BayofShoals_BRUVS_1,2026-03-24,2026-03-24,-1.0045849383209704,0.47015135901597815
BRUV,BRUVs,Bay of Shoals - Bay of Shoals Sanctuary Zone,pco,Bay of Shoals outside East_2015-201706_SA_MPA_StereoBRUVS_5,Bay of Shoals outside East,Fished,Pre-bloom,2015-201706_SA_MPA_StereoBRUVS_5,2016-05-24,2016-05-24,0.8987158018229604,-1.0809901040648806
BRUV,BRUVs,Bay of Shoals - Bay of Shoals Sanctuary Zone,pco,Bay of Shoals outside East_2015-201706_SA_MPA_StereoBRUVS_10,Bay of Shoals outside East,Fished,Pre-bloom,2015-201706_SA_MPA_StereoBRUVS_10,2017-04-05,2017-04-05,0.567350623656374,0.365145886578812
BRUV,BRUVs,Bay of Shoals - Bay of Shoals Sanctuary Zone,pco,Bay of Shoals outside East_201712-201806_SA_MarineParkMonitoring_StereoBRUVS_3,Bay of Shoals outside East,Fished,Pre-bloom,201712-201806_SA_MarineParkMonitoring_StereoBRUVS_3,2018-03-28,2018-03-28,0.21410579570576,0.6248185757563913
BRUV,BRUVs,Bay of Shoals - Bay of Shoals Sanctuary Zone,pco,Bay of Shoals outside East_2026-03_BayofShoals_BRUVS_1,Bay of Shoals outside East,Fished,Bloom,2026-03_BayofShoals_BRUVS_1,2026-03-24,2026-03-24,-1.4523611909242349,1.7146875071113752
BRUV,BRUVs,Bay of Shoals - Bay of Shoals Sanctuary Zone,pco,Bay of Shoals outside central_2015-201706_SA_MPA_StereoBRUVS_5,Bay of Shoals outside central,Fished,Pre-bloom,2015-201706_SA_MPA_StereoBRUVS_5,2016-05-24,2016-05-24,1.655337010071238,-0.29490000506448116
BRUV,BRUVs,Bay of Shoals - Bay of Shoals Sanctuary Zone,pco,Bay of Shoals outside central_2015-201706_SA_MPA_StereoBRUVS_10,Bay of Shoals outside central,Fished,Pre-bloom,2015-201706_SA_MPA_StereoBRUVS_10,2017-04-05,2017-04-05,1.3691503414302855,0.30560091308869525
BRUV,BRUVs,Bay of Shoals - Bay of Shoals Sanctuary Zone,pco,Bay of Shoals outside central_201712-201806_SA_MarineParkMonitoring_StereoBRUVS_3,Bay of Shoals outside central,Fished,Pre-bloom,201712-201806_SA_MarineParkMonitoring_StereoBRUVS_3,2018-03-28,2018-03-28,0.7655954401911361,-0.06386227854251827
BRUV,BRUVs,Bay of Shoals - Bay of Shoals Sanctuary Zone,pco,Bay of Shoals outside central_2026-03_BayofShoals_BRUVS_1,Bay of Shoals outside central,Fished,Bloom,2026-03_BayofShoals_BRUVS_1,2026-03-24,2026-03-24,-1.0528263996186822,1.5247360478326015
BRUV,BRUVs,Bay of Shoals - Bay of Shoals Sanctuary Zone,cap_period,Bay of Shoals SZ East_2015-201706_SA_MPA_StereoBRUVS_5,Bay of Shoals SZ East,No-take,Pre-bloom,2015-201706_SA_MPA_StereoBRUVS_5,2016-05-24,2016-05-24,-0.6108187948669646,-1.0437024910785915
BRUV,BRUVs,Bay of Shoals - Bay of Shoals Sanctuary Zone,cap_period,Bay of Shoals SZ East_2015-201706_SA_MPA_StereoBRUVS_10,Bay of Shoals SZ East,No-take,Pre-bloom,2015-201706_SA_MPA_StereoBRUVS_10,2017-04-05,2017-04-05,-0.07629036104981238,0.6638966833572595
BRUV,BRUVs,Bay of Shoals - Bay of Shoals Sanctuary Zone,cap_period,Bay of Shoals SZ East_201712-201806_SA_MarineParkMonitoring_StereoBRUVS_3,Bay of Shoals SZ East,No-take,Pre-bloom,201712-201806_SA_MarineParkMonitoring_StereoBRUVS_3,2018-03-28,2018-03-28,-0.09837798922602208,1.5098851501205566
BRUV,BRUVs,Bay of Shoals - Bay of Shoals Sanctuary Zone,cap_period,Bay of Shoals SZ East_2026-03_BayofShoals_BRUVS_1,Bay of Shoals SZ East,No-take,Bloom,2026-03_BayofShoals_BRUVS_1,2026-03-24,2026-03-24,0.9304565143433539,0.3896755404406159
BRUV,BRUVs,Bay of Shoals - Bay of Shoals Sanctuary Zone,cap_period,Bay of Shoals SZ South_2015-201706_SA_MPA_StereoBRUVS_10,Bay of Shoals SZ South,No-take,Pre-bloom,2015-201706_SA_MPA_StereoBRUVS_10,2017-04-05,2017-04-05,-0.4633854086925167,0.37693321508733496
BRUV,BRUVs,Bay of Shoals - Bay of Shoals Sanctuary Zone,cap_period,Bay of Shoals SZ South_201712-201806_SA_MarineParkMonitoring_StereoBRUVS_3,Bay of Shoals SZ South,No-take,Pre-bloom,201712-201806_SA_MarineParkMonitoring_StereoBRUVS_3,2018-03-28,2018-03-28,-0.3362909625575,1.037467370041459
BRUV,BRUVs,Bay of Shoals - Bay of Shoals Sanctuary Zone,cap_period,Bay of Shoals SZ South_2026-03_BayofShoals_BRUVS_1,Bay of Shoals SZ South,No-take,Bloom,2026-03_BayofShoals_BRUVS_1,2026-03-24,2026-03-24,0.90746323954498,0.22276701571732202
BRUV,BRUVs,Bay of Shoals - Bay of Shoals Sanctuary Zone,cap_period,Bay of Shoals SZ central_2015-201706_SA_MPA_StereoBRUVS_5,Bay of Shoals SZ central,No-take,Pre-bloom,2015-201706_SA_MPA_StereoBRUVS_5,2016-05-24,2016-05-24,-0.5094358465108434,-0.6614246762263865
BRUV,BRUVs,Bay of Shoals - Bay of Shoals Sanctuary Zone,cap_period,Bay of Shoals SZ central_2015-201706_SA_MPA_StereoBRUVS_10,Bay of Shoals SZ central,No-take,Pre-bloom,2015-201706_SA_MPA_StereoBRUVS_10,2017-04-05,2017-04-05,-0.35691698272570505,0.09144656913972501
BRUV,BRUVs,Bay of Shoals - Bay of Shoals Sanctuary Zone,cap_period,Bay of Shoals SZ central_201712-201806_SA_MarineParkMonitoring_StereoBRUVS_3,Bay of Shoals SZ central,No-take,Pre-bloom,201712-201806_SA_MarineParkMonitoring_StereoBRUVS_3,2018-03-28,2018-03-28,-0.33613037020704034,1.3950941725627626
BRUV,BRUVs,Bay of Shoals - Bay of Shoals Sanctuary Zone,cap_period,Bay of Shoals SZ central_2026-03_BayofShoals_BRUVS_1,Bay of Shoals SZ central,No-take,Bloom,2026-03_BayofShoals_BRUVS_1,2026-03-24,2026-03-24,1.3213561520480512,0.6879785762832414
BRUV,BRUVs,Bay of Shoals - Bay of Shoals Sanctuary Zone,cap_period,Bay of Shoals oustide West_2015-201706_SA_MPA_StereoBRUVS_5,Bay of Shoals oustide West,Fished,Pre-bloom,2015-201706_SA_MPA_StereoBRUVS_5,2016-05-24,2016-05-24,-0.4112982006808596,-0.49518092012459225
BRUV,BRUVs,Bay of Shoals - Bay of Shoals Sanctuary Zone,cap_period,Bay of Shoals oustide West_2015-201706_SA_MPA_StereoBRUVS_10,Bay of Shoals oustide West,Fished,Pre-bloom,2015-201706_SA_MPA_StereoBRUVS_10,2017-04-05,2017-04-05,-0.4273944618202183,-0.47568527842231845
BRUV,BRUVs,Bay of Shoals - Bay of Shoals Sanctuary Zone,cap_period,Bay of Shoals oustide West_201712-201806_SA_MarineParkMonitoring_StereoBRUVS_3,Bay of Shoals oustide West,Fished,Pre-bloom,201712-201806_SA_MarineParkMonitoring_StereoBRUVS_3,2018-03-28,2018-03-28,-0.0378753992784216,-0.4314360022465883
BRUV,BRUVs,Bay of Shoals - Bay of Shoals Sanctuary Zone,cap_period,Bay of Shoals oustide West_2026-03_BayofShoals_BRUVS_1,Bay of Shoals oustide West,Fished,Bloom,2026-03_BayofShoals_BRUVS_1,2026-03-24,2026-03-24,0.9489780956016997,0.01321973104301755
BRUV,BRUVs,Bay of Shoals - Bay of Shoals Sanctuary Zone,cap_period,Bay of Shoals outside East_2015-201706_SA_MPA_StereoBRUVS_5,Bay of Shoals outside East,Fished,Pre-bloom,2015-201706_SA_MPA_StereoBRUVS_5,2016-05-24,2016-05-24,-0.6928856910680465,0.30994557796977995
BRUV,BRUVs,Bay of Shoals - Bay of Shoals Sanctuary Zone,cap_period,Bay of Shoals outside East_2015-201706_SA_MPA_StereoBRUVS_10,Bay of Shoals outside East,Fished,Pre-bloom,2015-201706_SA_MPA_StereoBRUVS_10,2017-04-05,2017-04-05,-0.4004078721087976,-0.422188814073801
BRUV,BRUVs,Bay of Shoals - Bay of Shoals Sanctuary Zone,cap_period,Bay of Shoals outside East_201712-201806_SA_MarineParkMonitoring_StereoBRUVS_3,Bay of Shoals outside East,Fished,Pre-bloom,201712-201806_SA_MarineParkMonitoring_StereoBRUVS_3,2018-03-28,2018-03-28,-0.32667559810636815,-0.3477516344237879
BRUV,BRUVs,Bay of Shoals - Bay of Shoals Sanctuary Zone,cap_period,Bay of Shoals outside East_2026-03_BayofShoals_BRUVS_1,Bay of Shoals outside East,Fished,Bloom,2026-03_BayofShoals_BRUVS_1,2026-03-24,2026-03-24,1.6107414494032963,-0.6555671595051492
BRUV,BRUVs,Bay of Shoals - Bay of Shoals Sanctuary Zone,cap_period,Bay of Shoals outside central_2015-201706_SA_MPA_StereoBRUVS_5,Bay of Shoals outside central,Fished,Pre-bloom,2015-201706_SA_MPA_StereoBRUVS_5,2016-05-24,2016-05-24,-0.6486632758599883,-0.571140296721085
BRUV,BRUVs,Bay of Shoals - Bay of Shoals Sanctuary Zone,cap_period,Bay of Shoals outside central_2015-201706_SA_MPA_StereoBRUVS_10,Bay of Shoals outside central,Fished,Pre-bloom,2015-201706_SA_MPA_StereoBRUVS_10,2017-04-05,2017-04-05,-0.626235359513697,-0.754483224930804
BRUV,BRUVs,Bay of Shoals - Bay of Shoals Sanctuary Zone,cap_period,Bay of Shoals outside central_201712-201806_SA_MarineParkMonitoring_StereoBRUVS_3,Bay of Shoals outside central,Fished,Pre-bloom,201712-201806_SA_MarineParkMonitoring_StereoBRUVS_3,2018-03-28,2018-03-28,-0.6061315629477125,-0.18167540003092064
BRUV,BRUVs,Bay of Shoals - Bay of Shoals Sanctuary Zone,cap_period,Bay of Shoals outside central_2026-03_BayofShoals_BRUVS_1,Bay of Shoals outside central,Fished,Bloom,2026-03_BayofShoals_BRUVS_1,2026-03-24,2026-03-24,1.2462186862791331,-0.6580737039790481
BRUV,BRUVs,Bay of Shoals - Bay of Shoals Sanctuary Zone,cap_status,Bay of Shoals SZ East_2015-201706_SA_MPA_StereoBRUVS_5,Bay of Shoals SZ East,No-take,Pre-bloom,2015-201706_SA_MPA_StereoBRUVS_5,2016-05-24,2016-05-24,-0.21567303452756842,-0.6225121477515245
BRUV,BRUVs,Bay of Shoals - Bay of Shoals Sanctuary Zone,cap_status,Bay of Shoals SZ East_2015-201706_SA_MPA_StereoBRUVS_10,Bay of Shoals SZ East,No-take,Pre-bloom,2015-201706_SA_MPA_StereoBRUVS_10,2017-04-05,2017-04-05,-0.8163954748694163,0.17532899571519006
BRUV,BRUVs,Bay of Shoals - Bay of Shoals Sanctuary Zone,cap_status,Bay of Shoals SZ East_201712-201806_SA_MarineParkMonitoring_StereoBRUVS_3,Bay of Shoals SZ East,No-take,Pre-bloom,201712-201806_SA_MarineParkMonitoring_StereoBRUVS_3,2018-03-28,2018-03-28,-1.5302247055148763,0.3247311519871036
BRUV,BRUVs,Bay of Shoals - Bay of Shoals Sanctuary Zone,cap_status,Bay of Shoals SZ East_2026-03_BayofShoals_BRUVS_1,Bay of Shoals SZ East,No-take,Bloom,2026-03_BayofShoals_BRUVS_1,2026-03-24,2026-03-24,-0.6788399668667368,0.7262227387648466
BRUV,BRUVs,Bay of Shoals - Bay of Shoals Sanctuary Zone,cap_status,Bay of Shoals SZ South_2015-201706_SA_MPA_StereoBRUVS_10,Bay of Shoals SZ South,No-take,Pre-bloom,2015-201706_SA_MPA_StereoBRUVS_10,2017-04-05,2017-04-05,-1.0931843729554063,-0.4307966624727551
BRUV,BRUVs,Bay of Shoals - Bay of Shoals Sanctuary Zone,cap_status,Bay of Shoals SZ South_201712-201806_SA_MarineParkMonitoring_StereoBRUVS_3,Bay of Shoals SZ South,No-take,Pre-bloom,201712-201806_SA_MarineParkMonitoring_StereoBRUVS_3,2018-03-28,2018-03-28,-0.9183911634825642,-0.23870212487775144
BRUV,BRUVs,Bay of Shoals - Bay of Shoals Sanctuary Zone,cap_status,Bay of Shoals SZ South_2026-03_BayofShoals_BRUVS_1,Bay of Shoals SZ South,No-take,Bloom,2026-03_BayofShoals_BRUVS_1,2026-03-24,2026-03-24,-0.5314535468906835,0.432713251278293
BRUV,BRUVs,Bay of Shoals - Bay of Shoals Sanctuary Zone,cap_status,Bay of Shoals SZ central_2015-201706_SA_MPA_StereoBRUVS_5,Bay of Shoals SZ central,No-take,Pre-bloom,2015-201706_SA_MPA_StereoBRUVS_5,2016-05-24,2016-05-24,0.1509026691487929,-0.548088539987994
BRUV,BRUVs,Bay of Shoals - Bay of Shoals Sanctuary Zone,cap_status,Bay of Shoals SZ central_2015-201706_SA_MPA_StereoBRUVS_10,Bay of Shoals SZ central,No-take,Pre-bloom,2015-201706_SA_MPA_StereoBRUVS_10,2017-04-05,2017-04-05,-0.6001762051186648,-0.5612616852649628
BRUV,BRUVs,Bay of Shoals - Bay of Shoals Sanctuary Zone,cap_status,Bay of Shoals SZ central_201712-201806_SA_MarineParkMonitoring_StereoBRUVS_3,Bay of Shoals SZ central,No-take,Pre-bloom,201712-201806_SA_MarineParkMonitoring_StereoBRUVS_3,2018-03-28,2018-03-28,-0.8889874604503661,-0.28207456408942694
BRUV,BRUVs,Bay of Shoals - Bay of Shoals Sanctuary Zone,cap_status,Bay of Shoals SZ central_2026-03_BayofShoals_BRUVS_1,Bay of Shoals SZ central,No-take,Bloom,2026-03_BayofShoals_BRUVS_1,2026-03-24,2026-03-24,-0.8011550132517182,1.0244395866989824
BRUV,BRUVs,Bay of Shoals - Bay of Shoals Sanctuary Zone,cap_status,Bay of Shoals oustide West_2015-201706_SA_MPA_StereoBRUVS_5,Bay of Shoals oustide West,Fished,Pre-bloom,2015-201706_SA_MPA_StereoBRUVS_5,2016-05-24,2016-05-24,0.7443185103397729,-0.4046175530731424
BRUV,BRUVs,Bay of Shoals - Bay of Shoals Sanctuary Zone,cap_status,Bay of Shoals oustide West_2015-201706_SA_MPA_StereoBRUVS_10,Bay of Shoals oustide West,Fished,Pre-bloom,2015-201706_SA_MPA_StereoBRUVS_10,2017-04-05,2017-04-05,0.9756213698382059,-0.29112002611707793
BRUV,BRUVs,Bay of Shoals - Bay of Shoals Sanctuary Zone,cap_status,Bay of Shoals oustide West_201712-201806_SA_MarineParkMonitoring_StereoBRUVS_3,Bay of Shoals oustide West,Fished,Pre-bloom,201712-201806_SA_MarineParkMonitoring_StereoBRUVS_3,2018-03-28,2018-03-28,0.803800804673127,0.3935903273880474
BRUV,BRUVs,Bay of Shoals - Bay of Shoals Sanctuary Zone,cap_status,Bay of Shoals oustide West_2026-03_BayofShoals_BRUVS_1,Bay of Shoals oustide West,Fished,Bloom,2026-03_BayofShoals_BRUVS_1,2026-03-24,2026-03-24,0.4249695694894582,0.906723562529214
BRUV,BRUVs,Bay of Shoals - Bay of Shoals Sanctuary Zone,cap_status,Bay of Shoals outside East_2015-201706_SA_MPA_StereoBRUVS_5,Bay of Shoals outside East,Fished,Pre-bloom,2015-201706_SA_MPA_StereoBRUVS_5,2016-05-24,2016-05-24,-0.04736766594933482,-0.8618868114741123
BRUV,BRUVs,Bay of Shoals - Bay of Shoals Sanctuary Zone,cap_status,Bay of Shoals outside East_2015-201706_SA_MPA_StereoBRUVS_10,Bay of Shoals outside East,Fished,Pre-bloom,2015-201706_SA_MPA_StereoBRUVS_10,2017-04-05,2017-04-05,0.6213054815965313,-0.2246600714611753
BRUV,BRUVs,Bay of Shoals - Bay of Shoals Sanctuary Zone,cap_status,Bay of Shoals outside East_201712-201806_SA_MarineParkMonitoring_StereoBRUVS_3,Bay of Shoals outside East,Fished,Pre-bloom,201712-201806_SA_MarineParkMonitoring_StereoBRUVS_3,2018-03-28,2018-03-28,0.7602022134296754,0.11102021628707649
BRUV,BRUVs,Bay of Shoals - Bay of Shoals Sanctuary Zone,cap_status,Bay of Shoals outside East_2026-03_BayofShoals_BRUVS_1,Bay of Shoals outside East,Fished,Bloom,2026-03_BayofShoals_BRUVS_1,2026-03-24,2026-03-24,0.4084537735058418,1.4993245063380176
BRUV,BRUVs,Bay of Shoals - Bay of Shoals Sanctuary Zone,cap_status,Bay of Shoals outside central_2015-201706_SA_MPA_StereoBRUVS_5,Bay of Shoals outside central,Fished,Pre-bloom,2015-201706_SA_MPA_StereoBRUVS_5,2016-05-24,2016-05-24,0.864027295075834,-1.1155591439849397
BRUV,BRUVs,Bay of Shoals - Bay of Shoals Sanctuary Zone,cap_status,Bay of Shoals outside central_2015-201706_SA_MPA_StereoBRUVS_10,Bay of Shoals outside central,Fished,Pre-bloom,2015-201706_SA_MPA_StereoBRUVS_10,2017-04-05,2017-04-05,1.1828974157869554,-0.7455170280278615
BRUV,BRUVs,Bay of Shoals - Bay of Shoals Sanctuary Zone,cap_status,Bay of Shoals outside central_201712-201806_SA_MarineParkMonitoring_StereoBRUVS_3,Bay of Shoals outside central,Fished,Pre-bloom,201712-201806_SA_MarineParkMonitoring_StereoBRUVS_3,2018-03-28,2018-03-28,0.47770740343199825,-0.46016629580889207
BRUV,BRUVs,Bay of Shoals - Bay of Shoals Sanctuary Zone,cap_status,Bay of Shoals outside central_2026-03_BayofShoals_BRUVS_1,Bay of Shoals outside central,Fished,Bloom,2026-03_BayofShoals_BRUVS_1,2026-03-24,2026-03-24,0.7076421035611429,1.1928683174048451
BRUV,BRUVs,Boston Bay,pco,Boston Bay North_2021-10_BostonBay_monoBRUVs_1,Boston Bay North,Fished,Pre-bloom,2021-10_BostonBay_monoBRUVs_1,2021-10-11,2021-10-11,0.7516703673587447,0.14898180808209463
BRUV,BRUVs,Boston Bay,pco,Boston Bay North_2022-05_BostonBay_monoBRUVs_1,Boston Bay North,Fished,Pre-bloom,2022-05_BostonBay_monoBRUVs_1,2022-05-10,2022-05-10,0.8947842452838736,-1.5964733395939184
BRUV,BRUVs,Boston Bay,pco,Boston Bay North_2024-03_BostonBay_monoBRUVS_1,Boston Bay North,Fished,Pre-bloom,2024-03_BostonBay_monoBRUVS_1,2024-03-25,2024-03-25,-2.0977132176563438,-1.25216842838777
BRUV,BRUVs,Boston Bay,pco,Boston Bay North_2024-11_BostonBay_monoBRUVS_1,Boston Bay North,Fished,Pre-bloom,2024-11_BostonBay_monoBRUVS_1,2024-11-14,2024-11-14,0.1524618068290001,1.5430907835863554
BRUV,BRUVs,Boston Bay,pco,Boston Bay North_2025-05_BostonBay_monoBRUVS_1,Boston Bay North,Fished,Bloom,2025-05_BostonBay_monoBRUVS_1,2025-05-22,2025-05-22,1.3670446590895649,-0.5220895512608978
BRUV,BRUVs,Boston Bay,pco,Boston Bay North_2025-11_BostonBay_BRUVS_1,Boston Bay North,Fished,Bloom,2025-11_BostonBay_BRUVS_1,2025-11-11,2025-11-11,0.8205346619997316,-0.2951100969103839
BRUV,BRUVs,Boston Bay,pco,Boston Bay South_2021-10_BostonBay_monoBRUVs_1,Boston Bay South,Fished,Pre-bloom,2021-10_BostonBay_monoBRUVs_1,2021-10-11,2021-10-11,0.7780800667821145,0.8549001308917418
BRUV,BRUVs,Boston Bay,pco,Boston Bay South_2022-05_BostonBay_monoBRUVs_1,Boston Bay South,Fished,Pre-bloom,2022-05_BostonBay_monoBRUVs_1,2022-05-10,2022-05-10,0.27526186979875666,-1.3109070691383493
BRUV,BRUVs,Boston Bay,pco,Boston Bay South_2024-03_BostonBay_monoBRUVS_1,Boston Bay South,Fished,Pre-bloom,2024-03_BostonBay_monoBRUVS_1,2024-03-25,2024-03-25,-1.7165640064886094,-0.06630479998516191
BRUV,BRUVs,Boston Bay,pco,Boston Bay South_2024-11_BostonBay_monoBRUVS_1,Boston Bay South,Fished,Pre-bloom,2024-11_BostonBay_monoBRUVS_1,2024-11-14,2024-11-14,-0.8562273272179579,0.7945380755795055
BRUV,BRUVs,Boston Bay,pco,Boston Bay South_2025-05_BostonBay_monoBRUVS_1,Boston Bay South,Fished,Bloom,2025-05_BostonBay_monoBRUVS_1,2025-05-22,2025-05-22,0.2589445162106799,0.0651169862667887
BRUV,BRUVs,Boston Bay,pco,Boston Bay South_2025-11_BostonBay_BRUVS_1,Boston Bay South,Fished,Bloom,2025-11_BostonBay_BRUVS_1,2025-11-11,2025-11-11,0.08057271584478329,0.3301570872461177
BRUV,BRUVs,Boston Bay,pco,Boston Bay central_2021-10_BostonBay_monoBRUVs_1,Boston Bay central,Fished,Pre-bloom,2021-10_BostonBay_monoBRUVs_1,2021-10-11,2021-10-11,0.3057202898272766,0.6992843836293928
BRUV,BRUVs,Boston Bay,pco,Boston Bay central_2022-05_BostonBay_monoBRUVs_1,Boston Bay central,Fished,Pre-bloom,2022-05_BostonBay_monoBRUVs_1,2022-05-10,2022-05-10,0.2663114513768101,-0.3808877853927818
BRUV,BRUVs,Boston Bay,pco,Boston Bay central_2024-03_BostonBay_monoBRUVS_1,Boston Bay central,Fished,Pre-bloom,2024-03_BostonBay_monoBRUVS_1,2024-03-25,2024-03-25,-1.6858444381493582,0.19214177679338004
BRUV,BRUVs,Boston Bay,pco,Boston Bay central_2024-11_BostonBay_monoBRUVS_1,Boston Bay central,Fished,Pre-bloom,2024-11_BostonBay_monoBRUVS_1,2024-11-14,2024-11-14,-0.4097085367650499,0.5981213934328607
BRUV,BRUVs,Boston Bay,pco,Boston Bay central_2025-05_BostonBay_monoBRUVS_1,Boston Bay central,Fished,Bloom,2025-05_BostonBay_monoBRUVS_1,2025-05-22,2025-05-22,0.5269853848822367,0.12074107868295654
BRUV,BRUVs,Boston Bay,pco,Boston Bay central_2025-11_BostonBay_BRUVS_1,Boston Bay central,Fished,Bloom,2025-11_BostonBay_BRUVS_1,2025-11-11,2025-11-11,0.2876854909937491,0.07686756647806912
BRUV,BRUVs,Boston Bay,cap_period,Boston Bay North_2021-10_BostonBay_monoBRUVs_1,Boston Bay North,Fished,Pre-bloom,2021-10_BostonBay_monoBRUVs_1,2021-10-11,2021-10-11,0.1810968901769724,-0.7440893097748993
BRUV,BRUVs,Boston Bay,cap_period,Boston Bay North_2022-05_BostonBay_monoBRUVs_1,Boston Bay North,Fished,Pre-bloom,2022-05_BostonBay_monoBRUVs_1,2022-05-10,2022-05-10,-0.06019701249508282,-0.9200475866543193
BRUV,BRUVs,Boston Bay,cap_period,Boston Bay North_2024-03_BostonBay_monoBRUVS_1,Boston Bay North,Fished,Pre-bloom,2024-03_BostonBay_monoBRUVS_1,2024-03-25,2024-03-25,-1.2582194224733183,1.4652533485131827
BRUV,BRUVs,Boston Bay,cap_period,Boston Bay North_2024-11_BostonBay_monoBRUVS_1,Boston Bay North,Fished,Pre-bloom,2024-11_BostonBay_monoBRUVS_1,2024-11-14,2024-11-14,-0.31609244041682927,-0.37808159904939187
BRUV,BRUVs,Boston Bay,cap_period,Boston Bay North_2025-05_BostonBay_monoBRUVS_1,Boston Bay North,Fished,Bloom,2025-05_BostonBay_monoBRUVS_1,2025-05-22,2025-05-22,1.0720622968635045,-0.6911702092614723
BRUV,BRUVs,Boston Bay,cap_period,Boston Bay North_2025-11_BostonBay_BRUVS_1,Boston Bay North,Fished,Bloom,2025-11_BostonBay_BRUVS_1,2025-11-11,2025-11-11,1.3999183415397036,-0.10727827781155086
BRUV,BRUVs,Boston Bay,cap_period,Boston Bay South_2021-10_BostonBay_monoBRUVs_1,Boston Bay South,Fished,Pre-bloom,2021-10_BostonBay_monoBRUVs_1,2021-10-11,2021-10-11,-0.15282402198562386,-0.8874877889188525
BRUV,BRUVs,Boston Bay,cap_period,Boston Bay South_2022-05_BostonBay_monoBRUVs_1,Boston Bay South,Fished,Pre-bloom,2022-05_BostonBay_monoBRUVs_1,2022-05-10,2022-05-10,-0.12723510372357594,-0.4005168430254735
BRUV,BRUVs,Boston Bay,cap_period,Boston Bay South_2024-03_BostonBay_monoBRUVS_1,Boston Bay South,Fished,Pre-bloom,2024-03_BostonBay_monoBRUVS_1,2024-03-25,2024-03-25,-1.316916741063148,1.0616301073137269
BRUV,BRUVs,Boston Bay,cap_period,Boston Bay South_2024-11_BostonBay_monoBRUVS_1,Boston Bay South,Fished,Pre-bloom,2024-11_BostonBay_monoBRUVS_1,2024-11-14,2024-11-14,-0.7400858506516377,0.4404243125378648
BRUV,BRUVs,Boston Bay,cap_period,Boston Bay South_2025-05_BostonBay_monoBRUVS_1,Boston Bay South,Fished,Bloom,2025-05_BostonBay_monoBRUVS_1,2025-05-22,2025-05-22,0.7529097353391302,0.1953376926263306
BRUV,BRUVs,Boston Bay,cap_period,Boston Bay South_2025-11_BostonBay_BRUVS_1,Boston Bay South,Fished,Bloom,2025-11_BostonBay_BRUVS_1,2025-11-11,2025-11-11,0.8070763478074519,0.38643642823423074
BRUV,BRUVs,Boston Bay,cap_period,Boston Bay central_2021-10_BostonBay_monoBRUVs_1,Boston Bay central,Fished,Pre-bloom,2021-10_BostonBay_monoBRUVs_1,2021-10-11,2021-10-11,-0.2402445787206498,-0.47210327078921194
BRUV,BRUVs,Boston Bay,cap_period,Boston Bay central_2022-05_BostonBay_monoBRUVs_1,Boston Bay central,Fished,Pre-bloom,2022-05_BostonBay_monoBRUVs_1,2022-05-10,2022-05-10,0.09506295501460195,-0.3325566377363879
BRUV,BRUVs,Boston Bay,cap_period,Boston Bay central_2024-03_BostonBay_monoBRUVS_1,Boston Bay central,Fished,Pre-bloom,2024-03_BostonBay_monoBRUVS_1,2024-03-25,2024-03-25,-1.225846124746506,1.0706244358047514
BRUV,BRUVs,Boston Bay,cap_period,Boston Bay central_2024-11_BostonBay_monoBRUVS_1,Boston Bay central,Fished,Pre-bloom,2024-11_BostonBay_monoBRUVS_1,2024-11-14,2024-11-14,-0.5551468872551563,0.09695083177901044
BRUV,BRUVs,Boston Bay,cap_period,Boston Bay central_2025-05_BostonBay_monoBRUVS_1,Boston Bay central,Fished,Bloom,2025-05_BostonBay_monoBRUVS_1,2025-05-22,2025-05-22,0.8844267399684216,0.004493841927629733
BRUV,BRUVs,Boston Bay,cap_period,Boston Bay central_2025-11_BostonBay_BRUVS_1,Boston Bay central,Fished,Bloom,2025-11_BostonBay_BRUVS_1,2025-11-11,2025-11-11,0.8002548768217429,0.21218052428483236
BRUV,BRUVs,Cape Elizabeth - Cape Elizabeth Sanctuary Zone,pco,Cape Elizabeth SZ North_2015-201706_SA_MPA_StereoBRUVS_8,Cape Elizabeth SZ North,No-take,Pre-bloom,2015-201706_SA_MPA_StereoBRUVS_8,2017-01-12,2017-01-12,0.11054062590458527,0.7118175407979693
BRUV,BRUVs,Cape Elizabeth - Cape Elizabeth Sanctuary Zone,pco,Cape Elizabeth SZ North_2026-03_CapeElizabeth_BRUVS_1,Cape Elizabeth SZ North,No-take,Bloom,2026-03_CapeElizabeth_BRUVS_1,2026-03-10,2026-03-10,-0.35796851391541007,-0.13274184827872196
BRUV,BRUVs,Cape Elizabeth - Cape Elizabeth Sanctuary Zone,pco,Cape Elizabeth SZ South_2015-201706_SA_MPA_StereoBRUVS_8,Cape Elizabeth SZ South,No-take,Pre-bloom,2015-201706_SA_MPA_StereoBRUVS_8,2017-01-12,2017-01-12,1.1000085229062182,-0.3639570490688416
BRUV,BRUVs,Cape Elizabeth - Cape Elizabeth Sanctuary Zone,pco,Cape Elizabeth SZ South_2026-03_CapeElizabeth_BRUVS_1,Cape Elizabeth SZ South,No-take,Bloom,2026-03_CapeElizabeth_BRUVS_1,2026-03-10,2026-03-10,-0.4566261080391759,-0.2866085131436461
BRUV,BRUVs,Cape Elizabeth - Cape Elizabeth Sanctuary Zone,pco,Cape Elizabeth SZ central_2015-201706_SA_MPA_StereoBRUVS_8,Cape Elizabeth SZ central,No-take,Pre-bloom,2015-201706_SA_MPA_StereoBRUVS_8,2017-01-12,2017-01-12,0.6471170844987548,-0.6364063018131917
BRUV,BRUVs,Cape Elizabeth - Cape Elizabeth Sanctuary Zone,pco,Cape Elizabeth SZ central_2026-03_CapeElizabeth_BRUVS_1,Cape Elizabeth SZ central,No-take,Bloom,2026-03_CapeElizabeth_BRUVS_1,2026-03-10,2026-03-10,-0.6520724277600518,-0.7341202063342164
BRUV,BRUVs,Cape Elizabeth - Cape Elizabeth Sanctuary Zone,pco,Cape Elizabeth outside North_2015-201706_SA_MPA_StereoBRUVS_8,Cape Elizabeth outside North,Fished,Pre-bloom,2015-201706_SA_MPA_StereoBRUVS_8,2017-01-12,2017-01-12,0.6429207071144178,0.392147206349799
BRUV,BRUVs,Cape Elizabeth - Cape Elizabeth Sanctuary Zone,pco,Cape Elizabeth outside North_2026-03_CapeElizabeth_BRUVS_1,Cape Elizabeth outside North,Fished,Bloom,2026-03_CapeElizabeth_BRUVS_1,2026-03-10,2026-03-10,-0.7140281331833193,-0.08349030042050805
BRUV,BRUVs,Cape Elizabeth - Cape Elizabeth Sanctuary Zone,pco,Cape Elizabeth outside South_2015-201706_SA_MPA_StereoBRUVS_8,Cape Elizabeth outside South,Fished,Pre-bloom,2015-201706_SA_MPA_StereoBRUVS_8,2017-01-12,2017-01-12,0.422838430424918,-0.18022573968044975
BRUV,BRUVs,Cape Elizabeth - Cape Elizabeth Sanctuary Zone,pco,Cape Elizabeth outside South_2026-03_CapeElizabeth_BRUVS_1,Cape Elizabeth outside South,Fished,Bloom,2026-03_CapeElizabeth_BRUVS_1,2026-03-10,2026-03-10,-0.38528147989069106,0.08971271101475622
BRUV,BRUVs,Cape Elizabeth - Cape Elizabeth Sanctuary Zone,pco,Cape Elizabeth outside central_2015-201706_SA_MPA_StereoBRUVS_8,Cape Elizabeth outside central,Fished,Pre-bloom,2015-201706_SA_MPA_StereoBRUVS_8,2017-01-12,2017-01-12,0.03305566153631879,0.8342978055472563
BRUV,BRUVs,Cape Elizabeth - Cape Elizabeth Sanctuary Zone,pco,Cape Elizabeth outside central_2026-03_CapeElizabeth_BRUVS_1,Cape Elizabeth outside central,Fished,Bloom,2026-03_CapeElizabeth_BRUVS_1,2026-03-10,2026-03-10,-0.39050436959657076,0.3895746950297953
BRUV,BRUVs,Cape Elizabeth - Cape Elizabeth Sanctuary Zone,cap_period,Cape Elizabeth SZ North_2015-201706_SA_MPA_StereoBRUVS_8,Cape Elizabeth SZ North,No-take,Pre-bloom,2015-201706_SA_MPA_StereoBRUVS_8,2017-01-12,2017-01-12,-0.7022406487508928,-1.487476298082471
BRUV,BRUVs,Cape Elizabeth - Cape Elizabeth Sanctuary Zone,cap_period,Cape Elizabeth SZ North_2026-03_CapeElizabeth_BRUVS_1,Cape Elizabeth SZ North,No-take,Bloom,2026-03_CapeElizabeth_BRUVS_1,2026-03-10,2026-03-10,0.86726977967378,0.1414800828458961
BRUV,BRUVs,Cape Elizabeth - Cape Elizabeth Sanctuary Zone,cap_period,Cape Elizabeth SZ South_2015-201706_SA_MPA_StereoBRUVS_8,Cape Elizabeth SZ South,No-take,Pre-bloom,2015-201706_SA_MPA_StereoBRUVS_8,2017-01-12,2017-01-12,-1.709228438514123,1.4843761356958474
BRUV,BRUVs,Cape Elizabeth - Cape Elizabeth Sanctuary Zone,cap_period,Cape Elizabeth SZ South_2026-03_CapeElizabeth_BRUVS_1,Cape Elizabeth SZ South,No-take,Bloom,2026-03_CapeElizabeth_BRUVS_1,2026-03-10,2026-03-10,1.1234557312859337,0.37420362099964166
BRUV,BRUVs,Cape Elizabeth - Cape Elizabeth Sanctuary Zone,cap_period,Cape Elizabeth SZ central_2015-201706_SA_MPA_StereoBRUVS_8,Cape Elizabeth SZ central,No-take,Pre-bloom,2015-201706_SA_MPA_StereoBRUVS_8,2017-01-12,2017-01-12,-1.056663293517136,1.5695790330284392
BRUV,BRUVs,Cape Elizabeth - Cape Elizabeth Sanctuary Zone,cap_period,Cape Elizabeth SZ central_2026-03_CapeElizabeth_BRUVS_1,Cape Elizabeth SZ central,No-take,Bloom,2026-03_CapeElizabeth_BRUVS_1,2026-03-10,2026-03-10,1.313608272766784,0.9500079122924138
BRUV,BRUVs,Cape Elizabeth - Cape Elizabeth Sanctuary Zone,cap_period,Cape Elizabeth outside North_2015-201706_SA_MPA_StereoBRUVS_8,Cape Elizabeth outside North,Fished,Pre-bloom,2015-201706_SA_MPA_StereoBRUVS_8,2017-01-12,2017-01-12,-1.2078004165766971,-0.3040365944530374
BRUV,BRUVs,Cape Elizabeth - Cape Elizabeth Sanctuary Zone,cap_period,Cape Elizabeth outside North_2026-03_CapeElizabeth_BRUVS_1,Cape Elizabeth outside North,Fished,Bloom,2026-03_CapeElizabeth_BRUVS_1,2026-03-10,2026-03-10,1.3251925177276191,-0.2592597227675977
BRUV,BRUVs,Cape Elizabeth - Cape Elizabeth Sanctuary Zone,cap_period,Cape Elizabeth outside South_2015-201706_SA_MPA_StereoBRUVS_8,Cape Elizabeth outside South,Fished,Pre-bloom,2015-201706_SA_MPA_StereoBRUVS_8,2017-01-12,2017-01-12,-0.7734697652648795,0.5381567805068265
BRUV,BRUVs,Cape Elizabeth - Cape Elizabeth Sanctuary Zone,cap_period,Cape Elizabeth outside South_2026-03_CapeElizabeth_BRUVS_1,Cape Elizabeth outside South,Fished,Bloom,2026-03_CapeElizabeth_BRUVS_1,2026-03-10,2026-03-10,0.8261356378272463,-0.3141657101854179
BRUV,BRUVs,Cape Elizabeth - Cape Elizabeth Sanctuary Zone,cap_period,Cape Elizabeth outside central_2015-201706_SA_MPA_StereoBRUVS_8,Cape Elizabeth outside central,Fished,Pre-bloom,2015-201706_SA_MPA_StereoBRUVS_8,2017-01-12,2017-01-12,-0.6812644061910584,-1.800599056695604
BRUV,BRUVs,Cape Elizabeth - Cape Elizabeth Sanctuary Zone,cap_period,Cape Elizabeth outside central_2026-03_CapeElizabeth_BRUVS_1,Cape Elizabeth outside central,Fished,Bloom,2026-03_CapeElizabeth_BRUVS_1,2026-03-10,2026-03-10,0.6750050295334235,-0.8922661831849361
BRUV,BRUVs,Cape Elizabeth - Cape Elizabeth Sanctuary Zone,cap_status,Cape Elizabeth SZ North_2015-201706_SA_MPA_StereoBRUVS_8,Cape Elizabeth SZ North,No-take,Pre-bloom,2015-201706_SA_MPA_StereoBRUVS_8,2017-01-12,2017-01-12,0.20783067947673792,-0.2048114217527603
BRUV,BRUVs,Cape Elizabeth - Cape Elizabeth Sanctuary Zone,cap_status,Cape Elizabeth SZ North_2026-03_CapeElizabeth_BRUVS_1,Cape Elizabeth SZ North,No-take,Bloom,2026-03_CapeElizabeth_BRUVS_1,2026-03-10,2026-03-10,-0.9311674178027485,0.7630453471570786
BRUV,BRUVs,Cape Elizabeth - Cape Elizabeth Sanctuary Zone,cap_status,Cape Elizabeth SZ South_2015-201706_SA_MPA_StereoBRUVS_8,Cape Elizabeth SZ South,No-take,Pre-bloom,2015-201706_SA_MPA_StereoBRUVS_8,2017-01-12,2017-01-12,-1.698515577847577,-1.8643464083652195
BRUV,BRUVs,Cape Elizabeth - Cape Elizabeth Sanctuary Zone,cap_status,Cape Elizabeth SZ South_2026-03_CapeElizabeth_BRUVS_1,Cape Elizabeth SZ South,No-take,Bloom,2026-03_CapeElizabeth_BRUVS_1,2026-03-10,2026-03-10,-0.13470213744189474,0.921609331653511
BRUV,BRUVs,Cape Elizabeth - Cape Elizabeth Sanctuary Zone,cap_status,Cape Elizabeth SZ central_2015-201706_SA_MPA_StereoBRUVS_8,Cape Elizabeth SZ central,No-take,Pre-bloom,2015-201706_SA_MPA_StereoBRUVS_8,2017-01-12,2017-01-12,-1.7047289234393608,-1.0095296344903675
BRUV,BRUVs,Cape Elizabeth - Cape Elizabeth Sanctuary Zone,cap_status,Cape Elizabeth SZ central_2026-03_CapeElizabeth_BRUVS_1,Cape Elizabeth SZ central,No-take,Bloom,2026-03_CapeElizabeth_BRUVS_1,2026-03-10,2026-03-10,-1.8693835917599426,1.394032785797757
BRUV,BRUVs,Cape Elizabeth - Cape Elizabeth Sanctuary Zone,cap_status,Cape Elizabeth outside North_2015-201706_SA_MPA_StereoBRUVS_8,Cape Elizabeth outside North,Fished,Pre-bloom,2015-201706_SA_MPA_StereoBRUVS_8,2017-01-12,2017-01-12,1.5218290927972404,-1.3364572659940037
BRUV,BRUVs,Cape Elizabeth - Cape Elizabeth Sanctuary Zone,cap_status,Cape Elizabeth outside North_2026-03_CapeElizabeth_BRUVS_1,Cape Elizabeth outside North,Fished,Bloom,2026-03_CapeElizabeth_BRUVS_1,2026-03-10,2026-03-10,1.5613638408190536,1.1793777864046866
BRUV,BRUVs,Cape Elizabeth - Cape Elizabeth Sanctuary Zone,cap_status,Cape Elizabeth outside South_2015-201706_SA_MPA_StereoBRUVS_8,Cape Elizabeth outside South,Fished,Pre-bloom,2015-201706_SA_MPA_StereoBRUVS_8,2017-01-12,2017-01-12,-0.18422844890072176,-0.8068859131963814
BRUV,BRUVs,Cape Elizabeth - Cape Elizabeth Sanctuary Zone,cap_status,Cape Elizabeth outside South_2026-03_CapeElizabeth_BRUVS_1,Cape Elizabeth outside South,Fished,Bloom,2026-03_CapeElizabeth_BRUVS_1,2026-03-10,2026-03-10,0.015884479194460628,0.6519517404903681
BRUV,BRUVs,Cape Elizabeth - Cape Elizabeth Sanctuary Zone,cap_status,Cape Elizabeth outside central_2015-201706_SA_MPA_StereoBRUVS_8,Cape Elizabeth outside central,Fished,Pre-bloom,2015-201706_SA_MPA_StereoBRUVS_8,2017-01-12,2017-01-12,1.4692128406351426,-0.24067457234898487
BRUV,BRUVs,Cape Elizabeth - Cape Elizabeth Sanctuary Zone,cap_status,Cape Elizabeth outside central_2026-03_CapeElizabeth_BRUVS_1,Cape Elizabeth outside central,Fished,Bloom,2026-03_CapeElizabeth_BRUVS_1,2026-03-10,2026-03-10,1.7466051642696099,0.552688224644315
BRUV,BRUVs,Carrickalinga - Carrickalinga Cliffs Sanctuary Zone,pco,Carrickalinga Cliffs SZ North_2015-201706_SA_MPA_StereoBRUVS_2,Carrickalinga Cliffs SZ North,No-take,Pre-bloom,2015-201706_SA_MPA_StereoBRUVS_2,2015-12-10,2015-12-10,-0.29210440865103454,0.41168328398633375
BRUV,BRUVs,Carrickalinga - Carrickalinga Cliffs Sanctuary Zone,pco,Carrickalinga Cliffs SZ North_2015-201706_SA_MPA_StereoBRUVS_7,Carrickalinga Cliffs SZ North,No-take,Pre-bloom,2015-201706_SA_MPA_StereoBRUVS_7,2016-12-06,2016-12-06,-0.4002343344508634,0.7148359016462508
BRUV,BRUVs,Carrickalinga - Carrickalinga Cliffs Sanctuary Zone,pco,Carrickalinga Cliffs SZ North_201712-201806_SA_MarineParkMonitoring_StereoBRUVS_1,Carrickalinga Cliffs SZ North,No-take,Pre-bloom,201712-201806_SA_MarineParkMonitoring_StereoBRUVS_1,2017-12-05,2017-12-05,-0.4592511295244897,-0.102656692797315
BRUV,BRUVs,Carrickalinga - Carrickalinga Cliffs Sanctuary Zone,pco,Carrickalinga Cliffs SZ North_201812-201906_SA_MarineParkMonitoring_StereoBRUVS_1,Carrickalinga Cliffs SZ North,No-take,Pre-bloom,201812-201906_SA_MarineParkMonitoring_StereoBRUVS_1,2018-12-11,2018-12-11,-0.7921694073319576,0.3308711969891615
BRUV,BRUVs,Carrickalinga - Carrickalinga Cliffs Sanctuary Zone,pco,Carrickalinga Cliffs SZ North_202012-202105_SA_MarineParkMonitoring_StereoBRUVS_1,Carrickalinga Cliffs SZ North,No-take,Pre-bloom,202012-202105_SA_MarineParkMonitoring_StereoBRUVS_1,2020-12-04,2020-12-04,-0.5078903993826496,-0.1508217291205808
BRUV,BRUVs,Carrickalinga - Carrickalinga Cliffs Sanctuary Zone,pco,Carrickalinga Cliffs SZ North_2025-02_Carrickalinga_BRUVS_1,Carrickalinga Cliffs SZ North,No-take,Pre-bloom,2025-02_Carrickalinga_BRUVS_1,2025-02-20,2025-02-20,-0.8475675073606406,-0.6217319951600055
BRUV,BRUVs,Carrickalinga - Carrickalinga Cliffs Sanctuary Zone,pco,Carrickalinga Cliffs SZ North_2025-12_Carrickalinga_BRUVS_1,Carrickalinga Cliffs SZ North,No-take,Bloom,2025-12_Carrickalinga_BRUVS_1,2025-12-17,2025-12-17,-0.15346698290090435,-1.2194720935095338
BRUV,BRUVs,Carrickalinga - Carrickalinga Cliffs Sanctuary Zone,pco,Carrickalinga Cliffs SZ South_2015-201706_SA_MPA_StereoBRUVS_2,Carrickalinga Cliffs SZ South,No-take,Pre-bloom,2015-201706_SA_MPA_StereoBRUVS_2,2015-12-10,2015-12-10,1.1692179943775576,0.12132927627919216
BRUV,BRUVs,Carrickalinga - Carrickalinga Cliffs Sanctuary Zone,pco,Carrickalinga Cliffs SZ South_2015-201706_SA_MPA_StereoBRUVS_7,Carrickalinga Cliffs SZ South,No-take,Pre-bloom,2015-201706_SA_MPA_StereoBRUVS_7,2016-12-06,2016-12-06,0.9840295104766058,0.589895798778317
BRUV,BRUVs,Carrickalinga - Carrickalinga Cliffs Sanctuary Zone,pco,Carrickalinga Cliffs SZ South_201712-201806_SA_MarineParkMonitoring_StereoBRUVS_1,Carrickalinga Cliffs SZ South,No-take,Pre-bloom,201712-201806_SA_MarineParkMonitoring_StereoBRUVS_1,2017-12-05,2017-12-05,0.6762654696583829,0.23152277919210723
BRUV,BRUVs,Carrickalinga - Carrickalinga Cliffs Sanctuary Zone,pco,Carrickalinga Cliffs SZ South_201812-201906_SA_MarineParkMonitoring_StereoBRUVS_1,Carrickalinga Cliffs SZ South,No-take,Pre-bloom,201812-201906_SA_MarineParkMonitoring_StereoBRUVS_1,2018-12-11,2018-12-11,0.7896432698030618,-0.026567127239054224
BRUV,BRUVs,Carrickalinga - Carrickalinga Cliffs Sanctuary Zone,pco,Carrickalinga Cliffs SZ South_202012-202105_SA_MarineParkMonitoring_StereoBRUVS_1,Carrickalinga Cliffs SZ South,No-take,Pre-bloom,202012-202105_SA_MarineParkMonitoring_StereoBRUVS_1,2020-12-04,2020-12-04,0.5517309799054628,-0.43741375343525846
BRUV,BRUVs,Carrickalinga - Carrickalinga Cliffs Sanctuary Zone,pco,Carrickalinga Cliffs SZ South_2025-02_Carrickalinga_BRUVS_1,Carrickalinga Cliffs SZ South,No-take,Pre-bloom,2025-02_Carrickalinga_BRUVS_1,2025-02-20,2025-02-20,0.47663097103738394,0.17013741057120768
BRUV,BRUVs,Carrickalinga - Carrickalinga Cliffs Sanctuary Zone,pco,Carrickalinga Cliffs SZ South_2025-12_Carrickalinga_BRUVS_1,Carrickalinga Cliffs SZ South,No-take,Bloom,2025-12_Carrickalinga_BRUVS_1,2025-12-17,2025-12-17,1.2389164355545055,-1.5343301505186004
BRUV,BRUVs,Carrickalinga - Carrickalinga Cliffs Sanctuary Zone,pco,Carrickalinga Cliffs SZ central_2015-201706_SA_MPA_StereoBRUVS_2,Carrickalinga Cliffs SZ central,No-take,Pre-bloom,2015-201706_SA_MPA_StereoBRUVS_2,2015-12-10,2015-12-10,-1.1052835151644171,0.4049740274133655
BRUV,BRUVs,Carrickalinga - Carrickalinga Cliffs Sanctuary Zone,pco,Carrickalinga Cliffs SZ central_2015-201706_SA_MPA_StereoBRUVS_7,Carrickalinga Cliffs SZ central,No-take,Pre-bloom,2015-201706_SA_MPA_StereoBRUVS_7,2016-12-06,2016-12-06,-0.656450073941151,0.7865944106079248
BRUV,BRUVs,Carrickalinga - Carrickalinga Cliffs Sanctuary Zone,pco,Carrickalinga Cliffs SZ central_201712-201806_SA_MarineParkMonitoring_StereoBRUVS_1,Carrickalinga Cliffs SZ central,No-take,Pre-bloom,201712-201806_SA_MarineParkMonitoring_StereoBRUVS_1,2017-12-05,2017-12-05,-1.3282887042550868,0.38652822363514877
BRUV,BRUVs,Carrickalinga - Carrickalinga Cliffs Sanctuary Zone,pco,Carrickalinga Cliffs SZ central_201812-201906_SA_MarineParkMonitoring_StereoBRUVS_1,Carrickalinga Cliffs SZ central,No-take,Pre-bloom,201812-201906_SA_MarineParkMonitoring_StereoBRUVS_1,2018-12-11,2018-12-11,-1.231054671871039,0.13863685467672324
BRUV,BRUVs,Carrickalinga - Carrickalinga Cliffs Sanctuary Zone,pco,Carrickalinga Cliffs SZ central_202012-202105_SA_MarineParkMonitoring_StereoBRUVS_1,Carrickalinga Cliffs SZ central,No-take,Pre-bloom,202012-202105_SA_MarineParkMonitoring_StereoBRUVS_1,2020-12-04,2020-12-04,-1.1825015877559721,-0.5912163290756391
BRUV,BRUVs,Carrickalinga - Carrickalinga Cliffs Sanctuary Zone,pco,Carrickalinga Cliffs SZ central_2025-02_Carrickalinga_BRUVS_1,Carrickalinga Cliffs SZ central,No-take,Pre-bloom,2025-02_Carrickalinga_BRUVS_1,2025-02-20,2025-02-20,-1.6893742671527816,-0.8361671811279177
BRUV,BRUVs,Carrickalinga - Carrickalinga Cliffs Sanctuary Zone,pco,Carrickalinga Cliffs SZ central_2025-12_Carrickalinga_BRUVS_1,Carrickalinga Cliffs SZ central,No-take,Bloom,2025-12_Carrickalinga_BRUVS_1,2025-12-17,2025-12-17,-1.152812524313772,-0.09618887773647945
BRUV,BRUVs,Carrickalinga - Carrickalinga Cliffs Sanctuary Zone,pco,Carrickalinga outside North_2015-201706_SA_MPA_StereoBRUVS_7,Carrickalinga outside North,Fished,Pre-bloom,2015-201706_SA_MPA_StereoBRUVS_7,2016-12-06,2016-12-06,1.1495308485354951,0.36739311524981705
BRUV,BRUVs,Carrickalinga - Carrickalinga Cliffs Sanctuary Zone,pco,Carrickalinga outside North_201712-201806_SA_MarineParkMonitoring_StereoBRUVS_1,Carrickalinga outside North,Fished,Pre-bloom,201712-201806_SA_MarineParkMonitoring_StereoBRUVS_1,2017-12-05,2017-12-05,0.9560821488118861,0.6973932285375778
BRUV,BRUVs,Carrickalinga - Carrickalinga Cliffs Sanctuary Zone,pco,Carrickalinga outside North_201812-201906_SA_MarineParkMonitoring_StereoBRUVS_1,Carrickalinga outside North,Fished,Pre-bloom,201812-201906_SA_MarineParkMonitoring_StereoBRUVS_1,2018-12-11,2018-12-11,1.2967868354524708,0.20078253030340676
BRUV,BRUVs,Carrickalinga - Carrickalinga Cliffs Sanctuary Zone,pco,Carrickalinga outside North_202012-202105_SA_MarineParkMonitoring_StereoBRUVS_1,Carrickalinga outside North,Fished,Pre-bloom,202012-202105_SA_MarineParkMonitoring_StereoBRUVS_1,2020-12-04,2020-12-04,1.2377617823329057,-0.2327180370479925
BRUV,BRUVs,Carrickalinga - Carrickalinga Cliffs Sanctuary Zone,pco,Carrickalinga outside North_2025-02_Aldinga_BRUVS_1,Carrickalinga outside North,Fished,Pre-bloom,2025-02_Aldinga_BRUVS_1,2025-02-06,2025-02-06,0.8934620155528121,-0.21472628627477133
BRUV,BRUVs,Carrickalinga - Carrickalinga Cliffs Sanctuary Zone,pco,Carrickalinga outside North_2025-02_Carrickalinga_BRUVS_1,Carrickalinga outside North,Fished,Pre-bloom,2025-02_Carrickalinga_BRUVS_1,2025-02-20,2025-02-20,1.0489377109249312,-0.06818846315304695
BRUV,BRUVs,Carrickalinga - Carrickalinga Cliffs Sanctuary Zone,pco,Carrickalinga outside North_2025-12_Carrickalinga_BRUVS_1,Carrickalinga outside North,Fished,Bloom,2025-12_Carrickalinga_BRUVS_1,2025-12-17,2025-12-17,1.069449078083505,-0.872143741976114
BRUV,BRUVs,Carrickalinga - Carrickalinga Cliffs Sanctuary Zone,pco,Carrickalinga outside South_2015-201706_SA_MPA_StereoBRUVS_2,Carrickalinga outside South,Fished,Pre-bloom,2015-201706_SA_MPA_StereoBRUVS_2,2015-12-10,2015-12-10,0.6395300302491267,0.5642643875312044
BRUV,BRUVs,Carrickalinga - Carrickalinga Cliffs Sanctuary Zone,pco,Carrickalinga outside South_2015-201706_SA_MPA_StereoBRUVS_7,Carrickalinga outside South,Fished,Pre-bloom,2015-201706_SA_MPA_StereoBRUVS_7,2016-12-06,2016-12-06,0.04588363771876202,1.0315394718221396
BRUV,BRUVs,Carrickalinga - Carrickalinga Cliffs Sanctuary Zone,pco,Carrickalinga outside South_201712-201806_SA_MarineParkMonitoring_StereoBRUVS_1,Carrickalinga outside South,Fished,Pre-bloom,201712-201806_SA_MarineParkMonitoring_StereoBRUVS_1,2017-12-05,2017-12-05,-0.1742931612884756,0.21156452049293722
BRUV,BRUVs,Carrickalinga - Carrickalinga Cliffs Sanctuary Zone,pco,Carrickalinga outside South_201812-201906_SA_MarineParkMonitoring_StereoBRUVS_1,Carrickalinga outside South,Fished,Pre-bloom,201812-201906_SA_MarineParkMonitoring_StereoBRUVS_1,2018-12-11,2018-12-11,-0.01707089441069766,-0.3517718046513509
BRUV,BRUVs,Carrickalinga - Carrickalinga Cliffs Sanctuary Zone,pco,Carrickalinga outside South_202012-202105_SA_MarineParkMonitoring_StereoBRUVS_1,Carrickalinga outside South,Fished,Pre-bloom,202012-202105_SA_MarineParkMonitoring_StereoBRUVS_1,2020-12-04,2020-12-04,0.18267651010784225,-0.12130340100992912
BRUV,BRUVs,Carrickalinga - Carrickalinga Cliffs Sanctuary Zone,pco,Carrickalinga outside South_2025-02_Carrickalinga_BRUVS_1,Carrickalinga outside South,Fished,Pre-bloom,2025-02_Carrickalinga_BRUVS_1,2025-02-20,2025-02-20,-0.17222386487031185,-0.7331308810938156
BRUV,BRUVs,Carrickalinga - Carrickalinga Cliffs Sanctuary Zone,pco,Carrickalinga outside South_2025-12_Carrickalinga_BRUVS_1,Carrickalinga outside South,Fished,Bloom,2025-12_Carrickalinga_BRUVS_1,2025-12-17,2025-12-17,0.07283365203668095,-1.7579887440721018
BRUV,BRUVs,Carrickalinga - Carrickalinga Cliffs Sanctuary Zone,pco,Carrickalinga outside central_2015-201706_SA_MPA_StereoBRUVS_2,Carrickalinga outside central,Fished,Pre-bloom,2015-201706_SA_MPA_StereoBRUVS_2,2015-12-10,2015-12-10,-0.3148531628964749,0.9553602503496129
BRUV,BRUVs,Carrickalinga - Carrickalinga Cliffs Sanctuary Zone,pco,Carrickalinga outside central_2015-201706_SA_MPA_StereoBRUVS_7,Carrickalinga outside central,Fished,Pre-bloom,2015-201706_SA_MPA_StereoBRUVS_7,2016-12-06,2016-12-06,0.164051433593529,0.9939840766602035
BRUV,BRUVs,Carrickalinga - Carrickalinga Cliffs Sanctuary Zone,pco,Carrickalinga outside central_201712-201806_SA_MarineParkMonitoring_StereoBRUVS_1,Carrickalinga outside central,Fished,Pre-bloom,201712-201806_SA_MarineParkMonitoring_StereoBRUVS_1,2017-12-05,2017-12-05,-0.24952572066573214,0.7953691746207086
BRUV,BRUVs,Carrickalinga - Carrickalinga Cliffs Sanctuary Zone,pco,Carrickalinga outside central_201812-201906_SA_MarineParkMonitoring_StereoBRUVS_1,Carrickalinga outside central,Fished,Pre-bloom,201812-201906_SA_MarineParkMonitoring_StereoBRUVS_1,2018-12-11,2018-12-11,-0.06571627664758282,0.6501898239785251
BRUV,BRUVs,Carrickalinga - Carrickalinga Cliffs Sanctuary Zone,pco,Carrickalinga outside central_202012-202105_SA_MarineParkMonitoring_StereoBRUVS_1,Carrickalinga outside central,Fished,Pre-bloom,202012-202105_SA_MarineParkMonitoring_StereoBRUVS_1,2020-12-04,2020-12-04,-0.35659353748897604,0.36929224200136795
BRUV,BRUVs,Carrickalinga - Carrickalinga Cliffs Sanctuary Zone,pco,Carrickalinga outside central_2025-02_Carrickalinga_BRUVS_1,Carrickalinga outside central,Fished,Pre-bloom,2025-02_Carrickalinga_BRUVS_1,2025-02-20,2025-02-20,-1.0264823301683583,-0.37637374823406056
BRUV,BRUVs,Carrickalinga - Carrickalinga Cliffs Sanctuary Zone,pco,Carrickalinga outside central_2025-12_Carrickalinga_BRUVS_1,Carrickalinga outside central,Fished,Bloom,2025-12_Carrickalinga_BRUVS_1,2025-12-17,2025-12-17,-0.46821185171953184,-0.7792309480896602
BRUV,BRUVs,Carrickalinga - Carrickalinga Cliffs Sanctuary Zone,cap_period,Carrickalinga Cliffs SZ North_2015-201706_SA_MPA_StereoBRUVS_2,Carrickalinga Cliffs SZ North,No-take,Pre-bloom,2015-201706_SA_MPA_StereoBRUVS_2,2015-12-10,2015-12-10,-0.9131396210797791,-0.41110384536319494
BRUV,BRUVs,Carrickalinga - Carrickalinga Cliffs Sanctuary Zone,cap_period,Carrickalinga Cliffs SZ North_2015-201706_SA_MPA_StereoBRUVS_7,Carrickalinga Cliffs SZ North,No-take,Pre-bloom,2015-201706_SA_MPA_StereoBRUVS_7,2016-12-06,2016-12-06,-1.0991542066891156,-0.5725122902988153
BRUV,BRUVs,Carrickalinga - Carrickalinga Cliffs Sanctuary Zone,cap_period,Carrickalinga Cliffs SZ North_201712-201806_SA_MarineParkMonitoring_StereoBRUVS_1,Carrickalinga Cliffs SZ North,No-take,Pre-bloom,201712-201806_SA_MarineParkMonitoring_StereoBRUVS_1,2017-12-05,2017-12-05,0.19359497922217073,-0.6945772115396017
BRUV,BRUVs,Carrickalinga - Carrickalinga Cliffs Sanctuary Zone,cap_period,Carrickalinga Cliffs SZ North_201812-201906_SA_MarineParkMonitoring_StereoBRUVS_1,Carrickalinga Cliffs SZ North,No-take,Pre-bloom,201812-201906_SA_MarineParkMonitoring_StereoBRUVS_1,2018-12-11,2018-12-11,-0.9721486815793594,-1.2003335523748382
BRUV,BRUVs,Carrickalinga - Carrickalinga Cliffs Sanctuary Zone,cap_period,Carrickalinga Cliffs SZ North_202012-202105_SA_MarineParkMonitoring_StereoBRUVS_1,Carrickalinga Cliffs SZ North,No-take,Pre-bloom,202012-202105_SA_MarineParkMonitoring_StereoBRUVS_1,2020-12-04,2020-12-04,-0.12053524338646737,-0.7641082993625283
BRUV,BRUVs,Carrickalinga - Carrickalinga Cliffs Sanctuary Zone,cap_period,Carrickalinga Cliffs SZ North_2025-02_Carrickalinga_BRUVS_1,Carrickalinga Cliffs SZ North,No-take,Pre-bloom,2025-02_Carrickalinga_BRUVS_1,2025-02-20,2025-02-20,-0.033797014916332885,-1.3648906370478175
BRUV,BRUVs,Carrickalinga - Carrickalinga Cliffs Sanctuary Zone,cap_period,Carrickalinga Cliffs SZ North_2025-12_Carrickalinga_BRUVS_1,Carrickalinga Cliffs SZ North,No-take,Bloom,2025-12_Carrickalinga_BRUVS_1,2025-12-17,2025-12-17,3.7423514912994116,-0.4455105796416487
BRUV,BRUVs,Carrickalinga - Carrickalinga Cliffs Sanctuary Zone,cap_period,Carrickalinga Cliffs SZ South_2015-201706_SA_MPA_StereoBRUVS_2,Carrickalinga Cliffs SZ South,No-take,Pre-bloom,2015-201706_SA_MPA_StereoBRUVS_2,2015-12-10,2015-12-10,-0.6313979401606465,1.9156744841803892
BRUV,BRUVs,Carrickalinga - Carrickalinga Cliffs Sanctuary Zone,cap_period,Carrickalinga Cliffs SZ South_2015-201706_SA_MPA_StereoBRUVS_7,Carrickalinga Cliffs SZ South,No-take,Pre-bloom,2015-201706_SA_MPA_StereoBRUVS_7,2016-12-06,2016-12-06,-0.3097845243905985,1.6310371786185944
BRUV,BRUVs,Carrickalinga - Carrickalinga Cliffs Sanctuary Zone,cap_period,Carrickalinga Cliffs SZ South_201712-201806_SA_MarineParkMonitoring_StereoBRUVS_1,Carrickalinga Cliffs SZ South,No-take,Pre-bloom,201712-201806_SA_MarineParkMonitoring_StereoBRUVS_1,2017-12-05,2017-12-05,-0.692559152044607,1.0961314956315429
BRUV,BRUVs,Carrickalinga - Carrickalinga Cliffs Sanctuary Zone,cap_period,Carrickalinga Cliffs SZ South_201812-201906_SA_MarineParkMonitoring_StereoBRUVS_1,Carrickalinga Cliffs SZ South,No-take,Pre-bloom,201812-201906_SA_MarineParkMonitoring_StereoBRUVS_1,2018-12-11,2018-12-11,-0.4090190694483548,1.2436159655701235
BRUV,BRUVs,Carrickalinga - Carrickalinga Cliffs Sanctuary Zone,cap_period,Carrickalinga Cliffs SZ South_202012-202105_SA_MarineParkMonitoring_StereoBRUVS_1,Carrickalinga Cliffs SZ South,No-take,Pre-bloom,202012-202105_SA_MarineParkMonitoring_StereoBRUVS_1,2020-12-04,2020-12-04,0.44850503687937554,0.86518672368518
BRUV,BRUVs,Carrickalinga - Carrickalinga Cliffs Sanctuary Zone,cap_period,Carrickalinga Cliffs SZ South_2025-02_Carrickalinga_BRUVS_1,Carrickalinga Cliffs SZ South,No-take,Pre-bloom,2025-02_Carrickalinga_BRUVS_1,2025-02-20,2025-02-20,-0.9049691834689366,0.7850008285896124
BRUV,BRUVs,Carrickalinga - Carrickalinga Cliffs Sanctuary Zone,cap_period,Carrickalinga Cliffs SZ South_2025-12_Carrickalinga_BRUVS_1,Carrickalinga Cliffs SZ South,No-take,Bloom,2025-12_Carrickalinga_BRUVS_1,2025-12-17,2025-12-17,4.25219718533481,1.8493757937436148
BRUV,BRUVs,Carrickalinga - Carrickalinga Cliffs Sanctuary Zone,cap_period,Carrickalinga Cliffs SZ central_2015-201706_SA_MPA_StereoBRUVS_2,Carrickalinga Cliffs SZ central,No-take,Pre-bloom,2015-201706_SA_MPA_StereoBRUVS_2,2015-12-10,2015-12-10,-0.9433116318687376,-1.701962842382987
BRUV,BRUVs,Carrickalinga - Carrickalinga Cliffs Sanctuary Zone,cap_period,Carrickalinga Cliffs SZ central_2015-201706_SA_MPA_StereoBRUVS_7,Carrickalinga Cliffs SZ central,No-take,Pre-bloom,2015-201706_SA_MPA_StereoBRUVS_7,2016-12-06,2016-12-06,-1.2569276089557329,-0.986301027984881
BRUV,BRUVs,Carrickalinga - Carrickalinga Cliffs Sanctuary Zone,cap_period,Carrickalinga Cliffs SZ central_201712-201806_SA_MarineParkMonitoring_StereoBRUVS_1,Carrickalinga Cliffs SZ central,No-take,Pre-bloom,201712-201806_SA_MarineParkMonitoring_StereoBRUVS_1,2017-12-05,2017-12-05,-1.339782152084301,-2.107762585065557
BRUV,BRUVs,Carrickalinga - Carrickalinga Cliffs Sanctuary Zone,cap_period,Carrickalinga Cliffs SZ central_201812-201906_SA_MarineParkMonitoring_StereoBRUVS_1,Carrickalinga Cliffs SZ central,No-take,Pre-bloom,201812-201906_SA_MarineParkMonitoring_StereoBRUVS_1,2018-12-11,2018-12-11,-0.14511857218821367,-1.9325764471286908
BRUV,BRUVs,Carrickalinga - Carrickalinga Cliffs Sanctuary Zone,cap_period,Carrickalinga Cliffs SZ central_202012-202105_SA_MarineParkMonitoring_StereoBRUVS_1,Carrickalinga Cliffs SZ central,No-take,Pre-bloom,202012-202105_SA_MarineParkMonitoring_StereoBRUVS_1,2020-12-04,2020-12-04,0.42246212467064514,-1.9000271283635186
BRUV,BRUVs,Carrickalinga - Carrickalinga Cliffs Sanctuary Zone,cap_period,Carrickalinga Cliffs SZ central_2025-02_Carrickalinga_BRUVS_1,Carrickalinga Cliffs SZ central,No-take,Pre-bloom,2025-02_Carrickalinga_BRUVS_1,2025-02-20,2025-02-20,0.4480740109381773,-2.8274279685463735
BRUV,BRUVs,Carrickalinga - Carrickalinga Cliffs Sanctuary Zone,cap_period,Carrickalinga Cliffs SZ central_2025-12_Carrickalinga_BRUVS_1,Carrickalinga Cliffs SZ central,No-take,Bloom,2025-12_Carrickalinga_BRUVS_1,2025-12-17,2025-12-17,1.5079817006960707,-1.97602283431618
BRUV,BRUVs,Carrickalinga - Carrickalinga Cliffs Sanctuary Zone,cap_period,Carrickalinga outside North_2015-201706_SA_MPA_StereoBRUVS_7,Carrickalinga outside North,Fished,Pre-bloom,2015-201706_SA_MPA_StereoBRUVS_7,2016-12-06,2016-12-06,-0.2483966667429039,1.861046555168966
BRUV,BRUVs,Carrickalinga - Carrickalinga Cliffs Sanctuary Zone,cap_period,Carrickalinga outside North_201712-201806_SA_MarineParkMonitoring_StereoBRUVS_1,Carrickalinga outside North,Fished,Pre-bloom,201712-201806_SA_MarineParkMonitoring_StereoBRUVS_1,2017-12-05,2017-12-05,-1.2355886781493317,1.6113600774924668
BRUV,BRUVs,Carrickalinga - Carrickalinga Cliffs Sanctuary Zone,cap_period,Carrickalinga outside North_201812-201906_SA_MarineParkMonitoring_StereoBRUVS_1,Carrickalinga outside North,Fished,Pre-bloom,201812-201906_SA_MarineParkMonitoring_StereoBRUVS_1,2018-12-11,2018-12-11,-0.33133010681735525,2.133238477108589
BRUV,BRUVs,Carrickalinga - Carrickalinga Cliffs Sanctuary Zone,cap_period,Carrickalinga outside North_202012-202105_SA_MarineParkMonitoring_StereoBRUVS_1,Carrickalinga outside North,Fished,Pre-bloom,202012-202105_SA_MarineParkMonitoring_StereoBRUVS_1,2020-12-04,2020-12-04,-0.04524258687494033,1.9900083895810274
BRUV,BRUVs,Carrickalinga - Carrickalinga Cliffs Sanctuary Zone,cap_period,Carrickalinga outside North_2025-02_Aldinga_BRUVS_1,Carrickalinga outside North,Fished,Pre-bloom,2025-02_Aldinga_BRUVS_1,2025-02-06,2025-02-06,-0.03139862719804494,1.3953694380153958
BRUV,BRUVs,Carrickalinga - Carrickalinga Cliffs Sanctuary Zone,cap_period,Carrickalinga outside North_2025-02_Carrickalinga_BRUVS_1,Carrickalinga outside North,Fished,Pre-bloom,2025-02_Carrickalinga_BRUVS_1,2025-02-20,2025-02-20,-0.186149722274325,1.673397625163719
BRUV,BRUVs,Carrickalinga - Carrickalinga Cliffs Sanctuary Zone,cap_period,Carrickalinga outside North_2025-12_Carrickalinga_BRUVS_1,Carrickalinga outside North,Fished,Bloom,2025-12_Carrickalinga_BRUVS_1,2025-12-17,2025-12-17,2.9990644012214527,1.5480212441298682
BRUV,BRUVs,Carrickalinga - Carrickalinga Cliffs Sanctuary Zone,cap_period,Carrickalinga outside South_2015-201706_SA_MPA_StereoBRUVS_2,Carrickalinga outside South,Fished,Pre-bloom,2015-201706_SA_MPA_StereoBRUVS_2,2015-12-10,2015-12-10,-0.5023084169848473,1.039884766232827
BRUV,BRUVs,Carrickalinga - Carrickalinga Cliffs Sanctuary Zone,cap_period,Carrickalinga outside South_2015-201706_SA_MPA_StereoBRUVS_7,Carrickalinga outside South,Fished,Pre-bloom,2015-201706_SA_MPA_StereoBRUVS_7,2016-12-06,2016-12-06,-1.7575601982821112,0.14253462955694524
BRUV,BRUVs,Carrickalinga - Carrickalinga Cliffs Sanctuary Zone,cap_period,Carrickalinga outside South_201712-201806_SA_MarineParkMonitoring_StereoBRUVS_1,Carrickalinga outside South,Fished,Pre-bloom,201712-201806_SA_MarineParkMonitoring_StereoBRUVS_1,2017-12-05,2017-12-05,-0.7146974171120976,-0.2516016775140853
BRUV,BRUVs,Carrickalinga - Carrickalinga Cliffs Sanctuary Zone,cap_period,Carrickalinga outside South_201812-201906_SA_MarineParkMonitoring_StereoBRUVS_1,Carrickalinga outside South,Fished,Pre-bloom,201812-201906_SA_MarineParkMonitoring_StereoBRUVS_1,2018-12-11,2018-12-11,-0.23335567231774595,-0.023633924511946326
BRUV,BRUVs,Carrickalinga - Carrickalinga Cliffs Sanctuary Zone,cap_period,Carrickalinga outside South_202012-202105_SA_MarineParkMonitoring_StereoBRUVS_1,Carrickalinga outside South,Fished,Pre-bloom,202012-202105_SA_MarineParkMonitoring_StereoBRUVS_1,2020-12-04,2020-12-04,-0.5407532666333073,0.3158125865482282
BRUV,BRUVs,Carrickalinga - Carrickalinga Cliffs Sanctuary Zone,cap_period,Carrickalinga outside South_2025-02_Carrickalinga_BRUVS_1,Carrickalinga outside South,Fished,Pre-bloom,2025-02_Carrickalinga_BRUVS_1,2025-02-20,2025-02-20,0.28193617253480224,-0.3122163496032931
BRUV,BRUVs,Carrickalinga - Carrickalinga Cliffs Sanctuary Zone,cap_period,Carrickalinga outside South_2025-12_Carrickalinga_BRUVS_1,Carrickalinga outside South,Fished,Bloom,2025-12_Carrickalinga_BRUVS_1,2025-12-17,2025-12-17,4.405634790499277,-0.09241213067967903
BRUV,BRUVs,Carrickalinga - Carrickalinga Cliffs Sanctuary Zone,cap_period,Carrickalinga outside central_2015-201706_SA_MPA_StereoBRUVS_2,Carrickalinga outside central,Fished,Pre-bloom,2015-201706_SA_MPA_StereoBRUVS_2,2015-12-10,2015-12-10,-0.9745461034154492,-0.43564030944284887
BRUV,BRUVs,Carrickalinga - Carrickalinga Cliffs Sanctuary Zone,cap_period,Carrickalinga outside central_2015-201706_SA_MPA_StereoBRUVS_7,Carrickalinga outside central,Fished,Pre-bloom,2015-201706_SA_MPA_StereoBRUVS_7,2016-12-06,2016-12-06,-1.0286352186817083,0.33611103992412034
BRUV,BRUVs,Carrickalinga - Carrickalinga Cliffs Sanctuary Zone,cap_period,Carrickalinga outside central_201712-201806_SA_MarineParkMonitoring_StereoBRUVS_1,Carrickalinga outside central,Fished,Pre-bloom,201712-201806_SA_MarineParkMonitoring_StereoBRUVS_1,2017-12-05,2017-12-05,-1.2997609126269027,-0.3420626996208334
BRUV,BRUVs,Carrickalinga - Carrickalinga Cliffs Sanctuary Zone,cap_period,Carrickalinga outside central_201812-201906_SA_MarineParkMonitoring_StereoBRUVS_1,Carrickalinga outside central,Fished,Pre-bloom,201812-201906_SA_MarineParkMonitoring_StereoBRUVS_1,2018-12-11,2018-12-11,-1.2866842367517353,-0.0470308170481356
BRUV,BRUVs,Carrickalinga - Carrickalinga Cliffs Sanctuary Zone,cap_period,Carrickalinga outside central_202012-202105_SA_MarineParkMonitoring_StereoBRUVS_1,Carrickalinga outside central,Fished,Pre-bloom,202012-202105_SA_MarineParkMonitoring_StereoBRUVS_1,2020-12-04,2020-12-04,-0.9838081499542412,-0.5236404952232288
BRUV,BRUVs,Carrickalinga - Carrickalinga Cliffs Sanctuary Zone,cap_period,Carrickalinga outside central_2025-02_Carrickalinga_BRUVS_1,Carrickalinga outside central,Fished,Pre-bloom,2025-02_Carrickalinga_BRUVS_1,2025-02-20,2025-02-20,-0.09446806370072901,-1.636000152644551
BRUV,BRUVs,Carrickalinga - Carrickalinga Cliffs Sanctuary Zone,cap_period,Carrickalinga outside central_2025-12_Carrickalinga_BRUVS_1,Carrickalinga outside central,Fished,Bloom,2025-12_Carrickalinga_BRUVS_1,2025-12-17,2025-12-17,2.5645267534827663,-0.8834514932359736
BRUV,BRUVs,Carrickalinga - Carrickalinga Cliffs Sanctuary Zone,cap_status,Carrickalinga Cliffs SZ North_2015-201706_SA_MPA_StereoBRUVS_2,Carrickalinga Cliffs SZ North,No-take,Pre-bloom,2015-201706_SA_MPA_StereoBRUVS_2,2015-12-10,2015-12-10,-0.9386689357928973,-0.09053928803499249
BRUV,BRUVs,Carrickalinga - Carrickalinga Cliffs Sanctuary Zone,cap_status,Carrickalinga Cliffs SZ North_2015-201706_SA_MPA_StereoBRUVS_7,Carrickalinga Cliffs SZ North,No-take,Pre-bloom,2015-201706_SA_MPA_StereoBRUVS_7,2016-12-06,2016-12-06,-1.9054949205481195,-0.15808214561816294
BRUV,BRUVs,Carrickalinga - Carrickalinga Cliffs Sanctuary Zone,cap_status,Carrickalinga Cliffs SZ North_201712-201806_SA_MarineParkMonitoring_StereoBRUVS_1,Carrickalinga Cliffs SZ North,No-take,Pre-bloom,201712-201806_SA_MarineParkMonitoring_StereoBRUVS_1,2017-12-05,2017-12-05,-2.119728217050373,-0.1610622929229188
BRUV,BRUVs,Carrickalinga - Carrickalinga Cliffs Sanctuary Zone,cap_status,Carrickalinga Cliffs SZ North_201812-201906_SA_MarineParkMonitoring_StereoBRUVS_1,Carrickalinga Cliffs SZ North,No-take,Pre-bloom,201812-201906_SA_MarineParkMonitoring_StereoBRUVS_1,2018-12-11,2018-12-11,-1.8690829434837788,-0.8675727994581635
BRUV,BRUVs,Carrickalinga - Carrickalinga Cliffs Sanctuary Zone,cap_status,Carrickalinga Cliffs SZ North_202012-202105_SA_MarineParkMonitoring_StereoBRUVS_1,Carrickalinga Cliffs SZ North,No-take,Pre-bloom,202012-202105_SA_MarineParkMonitoring_StereoBRUVS_1,2020-12-04,2020-12-04,-1.7708500303607613,-0.312843223468249
BRUV,BRUVs,Carrickalinga - Carrickalinga Cliffs Sanctuary Zone,cap_status,Carrickalinga Cliffs SZ North_2025-02_Carrickalinga_BRUVS_1,Carrickalinga Cliffs SZ North,No-take,Pre-bloom,2025-02_Carrickalinga_BRUVS_1,2025-02-20,2025-02-20,-2.018980620704767,-0.9237629221464417
BRUV,BRUVs,Carrickalinga - Carrickalinga Cliffs Sanctuary Zone,cap_status,Carrickalinga Cliffs SZ North_2025-12_Carrickalinga_BRUVS_1,Carrickalinga Cliffs SZ North,No-take,Bloom,2025-12_Carrickalinga_BRUVS_1,2025-12-17,2025-12-17,-0.5424428825048871,0.17788541463812693
BRUV,BRUVs,Carrickalinga - Carrickalinga Cliffs Sanctuary Zone,cap_status,Carrickalinga Cliffs SZ South_2015-201706_SA_MPA_StereoBRUVS_2,Carrickalinga Cliffs SZ South,No-take,Pre-bloom,2015-201706_SA_MPA_StereoBRUVS_2,2015-12-10,2015-12-10,0.7984357651609884,2.390847986527482
BRUV,BRUVs,Carrickalinga - Carrickalinga Cliffs Sanctuary Zone,cap_status,Carrickalinga Cliffs SZ South_2015-201706_SA_MPA_StereoBRUVS_7,Carrickalinga Cliffs SZ South,No-take,Pre-bloom,2015-201706_SA_MPA_StereoBRUVS_7,2016-12-06,2016-12-06,0.3274701993161639,2.094203161321323
BRUV,BRUVs,Carrickalinga - Carrickalinga Cliffs Sanctuary Zone,cap_status,Carrickalinga Cliffs SZ South_201712-201806_SA_MarineParkMonitoring_StereoBRUVS_1,Carrickalinga Cliffs SZ South,No-take,Pre-bloom,201712-201806_SA_MarineParkMonitoring_StereoBRUVS_1,2017-12-05,2017-12-05,0.08360337489200317,1.5173792803249837
BRUV,BRUVs,Carrickalinga - Carrickalinga Cliffs Sanctuary Zone,cap_status,Carrickalinga Cliffs SZ South_201812-201906_SA_MarineParkMonitoring_StereoBRUVS_1,Carrickalinga Cliffs SZ South,No-take,Pre-bloom,201812-201906_SA_MarineParkMonitoring_StereoBRUVS_1,2018-12-11,2018-12-11,0.3526940312017806,1.6776621097405156
BRUV,BRUVs,Carrickalinga - Carrickalinga Cliffs Sanctuary Zone,cap_status,Carrickalinga Cliffs SZ South_202012-202105_SA_MarineParkMonitoring_StereoBRUVS_1,Carrickalinga Cliffs SZ South,No-take,Pre-bloom,202012-202105_SA_MarineParkMonitoring_StereoBRUVS_1,2020-12-04,2020-12-04,-0.6218768590828073,1.4498433258383852
BRUV,BRUVs,Carrickalinga - Carrickalinga Cliffs Sanctuary Zone,cap_status,Carrickalinga Cliffs SZ South_2025-02_Carrickalinga_BRUVS_1,Carrickalinga Cliffs SZ South,No-take,Pre-bloom,2025-02_Carrickalinga_BRUVS_1,2025-02-20,2025-02-20,-0.6869926211854397,1.2735609957106868
BRUV,BRUVs,Carrickalinga - Carrickalinga Cliffs Sanctuary Zone,cap_status,Carrickalinga Cliffs SZ South_2025-12_Carrickalinga_BRUVS_1,Carrickalinga Cliffs SZ South,No-take,Bloom,2025-12_Carrickalinga_BRUVS_1,2025-12-17,2025-12-17,0.20167871489569658,2.777013170597399
BRUV,BRUVs,Carrickalinga - Carrickalinga Cliffs Sanctuary Zone,cap_status,Carrickalinga Cliffs SZ central_2015-201706_SA_MPA_StereoBRUVS_2,Carrickalinga Cliffs SZ central,No-take,Pre-bloom,2015-201706_SA_MPA_StereoBRUVS_2,2015-12-10,2015-12-10,-2.0909923599574016,-1.4209947430977965
BRUV,BRUVs,Carrickalinga - Carrickalinga Cliffs Sanctuary Zone,cap_status,Carrickalinga Cliffs SZ central_2015-201706_SA_MPA_StereoBRUVS_7,Carrickalinga Cliffs SZ central,No-take,Pre-bloom,2015-201706_SA_MPA_StereoBRUVS_7,2016-12-06,2016-12-06,-1.9358735044856274,-0.65708635157427
BRUV,BRUVs,Carrickalinga - Carrickalinga Cliffs Sanctuary Zone,cap_status,Carrickalinga Cliffs SZ central_201712-201806_SA_MarineParkMonitoring_StereoBRUVS_1,Carrickalinga Cliffs SZ central,No-take,Pre-bloom,201712-201806_SA_MarineParkMonitoring_StereoBRUVS_1,2017-12-05,2017-12-05,-2.4004604038712594,-1.8636493023669027
BRUV,BRUVs,Carrickalinga - Carrickalinga Cliffs Sanctuary Zone,cap_status,Carrickalinga Cliffs SZ central_201812-201906_SA_MarineParkMonitoring_StereoBRUVS_1,Carrickalinga Cliffs SZ central,No-take,Pre-bloom,201812-201906_SA_MarineParkMonitoring_StereoBRUVS_1,2018-12-11,2018-12-11,-2.1989065338290095,-1.6301469578701895
BRUV,BRUVs,Carrickalinga - Carrickalinga Cliffs Sanctuary Zone,cap_status,Carrickalinga Cliffs SZ central_202012-202105_SA_MarineParkMonitoring_StereoBRUVS_1,Carrickalinga Cliffs SZ central,No-take,Pre-bloom,202012-202105_SA_MarineParkMonitoring_StereoBRUVS_1,2020-12-04,2020-12-04,-1.9758169642820977,-1.5676144557818537
BRUV,BRUVs,Carrickalinga - Carrickalinga Cliffs Sanctuary Zone,cap_status,Carrickalinga Cliffs SZ central_2025-02_Carrickalinga_BRUVS_1,Carrickalinga Cliffs SZ central,No-take,Pre-bloom,2025-02_Carrickalinga_BRUVS_1,2025-02-20,2025-02-20,-3.9085149632565206,-2.290866079697413
BRUV,BRUVs,Carrickalinga - Carrickalinga Cliffs Sanctuary Zone,cap_status,Carrickalinga Cliffs SZ central_2025-12_Carrickalinga_BRUVS_1,Carrickalinga Cliffs SZ central,No-take,Bloom,2025-12_Carrickalinga_BRUVS_1,2025-12-17,2025-12-17,-2.60178863358261,-1.4141748826615466
BRUV,BRUVs,Carrickalinga - Carrickalinga Cliffs Sanctuary Zone,cap_status,Carrickalinga outside North_2015-201706_SA_MPA_StereoBRUVS_7,Carrickalinga outside North,Fished,Pre-bloom,2015-201706_SA_MPA_StereoBRUVS_7,2016-12-06,2016-12-06,1.5691969632804055,1.577738024285538
BRUV,BRUVs,Carrickalinga - Carrickalinga Cliffs Sanctuary Zone,cap_status,Carrickalinga outside North_201712-201806_SA_MarineParkMonitoring_StereoBRUVS_1,Carrickalinga outside North,Fished,Pre-bloom,201712-201806_SA_MarineParkMonitoring_StereoBRUVS_1,2017-12-05,2017-12-05,2.4143493793235282,1.0922594736314923
BRUV,BRUVs,Carrickalinga - Carrickalinga Cliffs Sanctuary Zone,cap_status,Carrickalinga outside North_201812-201906_SA_MarineParkMonitoring_StereoBRUVS_1,Carrickalinga outside North,Fished,Pre-bloom,201812-201906_SA_MarineParkMonitoring_StereoBRUVS_1,2018-12-11,2018-12-11,1.5993473841822807,1.8972938901212977
BRUV,BRUVs,Carrickalinga - Carrickalinga Cliffs Sanctuary Zone,cap_status,Carrickalinga outside North_202012-202105_SA_MarineParkMonitoring_StereoBRUVS_1,Carrickalinga outside North,Fished,Pre-bloom,202012-202105_SA_MarineParkMonitoring_StereoBRUVS_1,2020-12-04,2020-12-04,2.3342053854753284,1.646537978703644
BRUV,BRUVs,Carrickalinga - Carrickalinga Cliffs Sanctuary Zone,cap_status,Carrickalinga outside North_2025-02_Aldinga_BRUVS_1,Carrickalinga outside North,Fished,Pre-bloom,2025-02_Aldinga_BRUVS_1,2025-02-06,2025-02-06,1.9724519690568318,1.0155033951197174
BRUV,BRUVs,Carrickalinga - Carrickalinga Cliffs Sanctuary Zone,cap_status,Carrickalinga outside North_2025-02_Carrickalinga_BRUVS_1,Carrickalinga outside North,Fished,Pre-bloom,2025-02_Carrickalinga_BRUVS_1,2025-02-20,2025-02-20,1.8926503538282686,1.3426957855299662
BRUV,BRUVs,Carrickalinga - Carrickalinga Cliffs Sanctuary Zone,cap_status,Carrickalinga outside North_2025-12_Carrickalinga_BRUVS_1,Carrickalinga outside North,Fished,Bloom,2025-12_Carrickalinga_BRUVS_1,2025-12-17,2025-12-17,1.629919966633631,1.5014264280732634
BRUV,BRUVs,Carrickalinga - Carrickalinga Cliffs Sanctuary Zone,cap_status,Carrickalinga outside South_2015-201706_SA_MPA_StereoBRUVS_2,Carrickalinga outside South,Fished,Pre-bloom,2015-201706_SA_MPA_StereoBRUVS_2,2015-12-10,2015-12-10,1.742519195466573,0.5653428563450409
BRUV,BRUVs,Carrickalinga - Carrickalinga Cliffs Sanctuary Zone,cap_status,Carrickalinga outside South_2015-201706_SA_MPA_StereoBRUVS_7,Carrickalinga outside South,Fished,Pre-bloom,2015-201706_SA_MPA_StereoBRUVS_7,2016-12-06,2016-12-06,1.6429995503405717,-0.5655656195654132
BRUV,BRUVs,Carrickalinga - Carrickalinga Cliffs Sanctuary Zone,cap_status,Carrickalinga outside South_201712-201806_SA_MarineParkMonitoring_StereoBRUVS_1,Carrickalinga outside South,Fished,Pre-bloom,201712-201806_SA_MarineParkMonitoring_StereoBRUVS_1,2017-12-05,2017-12-05,0.9054561304058409,-0.8196751346837258
BRUV,BRUVs,Carrickalinga - Carrickalinga Cliffs Sanctuary Zone,cap_status,Carrickalinga outside South_201812-201906_SA_MarineParkMonitoring_StereoBRUVS_1,Carrickalinga outside South,Fished,Pre-bloom,201812-201906_SA_MarineParkMonitoring_StereoBRUVS_1,2018-12-11,2018-12-11,2.039169110527482,-0.6859164384643489
BRUV,BRUVs,Carrickalinga - Carrickalinga Cliffs Sanctuary Zone,cap_status,Carrickalinga outside South_202012-202105_SA_MarineParkMonitoring_StereoBRUVS_1,Carrickalinga outside South,Fished,Pre-bloom,202012-202105_SA_MarineParkMonitoring_StereoBRUVS_1,2020-12-04,2020-12-04,1.725785018312713,-0.2511379565833514
BRUV,BRUVs,Carrickalinga - Carrickalinga Cliffs Sanctuary Zone,cap_status,Carrickalinga outside South_2025-02_Carrickalinga_BRUVS_1,Carrickalinga outside South,Fished,Pre-bloom,2025-02_Carrickalinga_BRUVS_1,2025-02-20,2025-02-20,0.9210834664097304,-0.779039826226591
BRUV,BRUVs,Carrickalinga - Carrickalinga Cliffs Sanctuary Zone,cap_status,Carrickalinga outside South_2025-12_Carrickalinga_BRUVS_1,Carrickalinga outside South,Fished,Bloom,2025-12_Carrickalinga_BRUVS_1,2025-12-17,2025-12-17,0.7527680277322033,-0.1809465575543761
BRUV,BRUVs,Carrickalinga - Carrickalinga Cliffs Sanctuary Zone,cap_status,Carrickalinga outside central_2015-201706_SA_MPA_StereoBRUVS_2,Carrickalinga outside central,Fished,Pre-bloom,2015-201706_SA_MPA_StereoBRUVS_2,2015-12-10,2015-12-10,0.5802898174739216,-1.0187263164899276
BRUV,BRUVs,Carrickalinga - Carrickalinga Cliffs Sanctuary Zone,cap_status,Carrickalinga outside central_2015-201706_SA_MPA_StereoBRUVS_7,Carrickalinga outside central,Fished,Pre-bloom,2015-201706_SA_MPA_StereoBRUVS_7,2016-12-06,2016-12-06,1.6647970918970254,-0.3127752392155874
BRUV,BRUVs,Carrickalinga - Carrickalinga Cliffs Sanctuary Zone,cap_status,Carrickalinga outside central_201712-201806_SA_MarineParkMonitoring_StereoBRUVS_1,Carrickalinga outside central,Fished,Pre-bloom,201712-201806_SA_MarineParkMonitoring_StereoBRUVS_1,2017-12-05,2017-12-05,1.4041099749056691,-1.0596058550771426
BRUV,BRUVs,Carrickalinga - Carrickalinga Cliffs Sanctuary Zone,cap_status,Carrickalinga outside central_201812-201906_SA_MarineParkMonitoring_StereoBRUVS_1,Carrickalinga outside central,Fished,Pre-bloom,201812-201906_SA_MarineParkMonitoring_StereoBRUVS_1,2018-12-11,2018-12-11,1.7997166541122727,-0.7731829011083795
BRUV,BRUVs,Carrickalinga - Carrickalinga Cliffs Sanctuary Zone,cap_status,Carrickalinga outside central_202012-202105_SA_MarineParkMonitoring_StereoBRUVS_1,Carrickalinga outside central,Fished,Pre-bloom,202012-202105_SA_MarineParkMonitoring_StereoBRUVS_1,2020-12-04,2020-12-04,0.5249405043873677,-1.0833324113149914
BRUV,BRUVs,Carrickalinga - Carrickalinga Cliffs Sanctuary Zone,cap_status,Carrickalinga outside central_2025-02_Carrickalinga_BRUVS_1,Carrickalinga outside central,Fished,Pre-bloom,2025-02_Carrickalinga_BRUVS_1,2025-02-20,2025-02-20,-0.7799642285368621,-2.0830381611833833
BRUV,BRUVs,Carrickalinga - Carrickalinga Cliffs Sanctuary Zone,cap_status,Carrickalinga outside central_2025-12_Carrickalinga_BRUVS_1,Carrickalinga outside central,Fished,Bloom,2025-12_Carrickalinga_BRUVS_1,2025-12-17,2025-12-17,-0.5132024067030619,-1.0258554143427392
BRUV,BRUVs,Chinamans Hat - Chinamans Hat Sanctuary Zone,pco,Chinamans Hat SZ North_2015-201706_SA_MPA_StereoBRUVS_1,Chinamans Hat SZ North,No-take,Pre-bloom,2015-201706_SA_MPA_StereoBRUVS_1,2015-11-15,2015-11-15,-0.15752481098748267,0.4483216577910802
BRUV,BRUVs,Chinamans Hat - Chinamans Hat Sanctuary Zone,pco,Chinamans Hat SZ North_2025-12_ChinamansHat_BRUVS_1,Chinamans Hat SZ North,No-take,Bloom,2025-12_ChinamansHat_BRUVS_1,2025-12-04,2025-12-04,-1.073092898659789,1.0083176835068395
BRUV,BRUVs,Chinamans Hat - Chinamans Hat Sanctuary Zone,pco,Chinamans Hat SZ central_2015-201706_SA_MPA_StereoBRUVS_1,Chinamans Hat SZ central,No-take,Pre-bloom,2015-201706_SA_MPA_StereoBRUVS_1,2015-11-15,2015-11-15,-0.5620998556708484,-0.6684215472602633
BRUV,BRUVs,Chinamans Hat - Chinamans Hat Sanctuary Zone,pco,Chinamans Hat SZ central_2025-12_ChinamansHat_BRUVS_1,Chinamans Hat SZ central,No-take,Bloom,2025-12_ChinamansHat_BRUVS_1,2025-12-04,2025-12-04,-0.8839941987964439,-0.5297034500649771
BRUV,BRUVs,Chinamans Hat - Chinamans Hat Sanctuary Zone,pco,Chinamans Hat SZ south_2015-201706_SA_MPA_StereoBRUVS_1,Chinamans Hat SZ south,No-take,Pre-bloom,2015-201706_SA_MPA_StereoBRUVS_1,2015-11-15,2015-11-15,1.4217766458636092,0.16121242681089215
BRUV,BRUVs,Chinamans Hat - Chinamans Hat Sanctuary Zone,pco,Chinamans Hat SZ south_2025-12_ChinamansHat_BRUVS_1,Chinamans Hat SZ south,No-take,Bloom,2025-12_ChinamansHat_BRUVS_1,2025-12-04,2025-12-04,0.976567197558355,0.02399614633686551
BRUV,BRUVs,Chinamans Hat - Chinamans Hat Sanctuary Zone,pco,Chinamans Hat outside North_2015-201706_SA_MPA_StereoBRUVS_1,Chinamans Hat outside North,Fished,Pre-bloom,2015-201706_SA_MPA_StereoBRUVS_1,2015-11-15,2015-11-15,0.5150597725033882,-7.670274576454521e-4
BRUV,BRUVs,Chinamans Hat - Chinamans Hat Sanctuary Zone,pco,Chinamans Hat outside North_2025-12_ChinamansHat_BRUVS_1,Chinamans Hat outside North,Fished,Bloom,2025-12_ChinamansHat_BRUVS_1,2025-12-04,2025-12-04,-0.20381183044191953,0.365645272450469
BRUV,BRUVs,Chinamans Hat - Chinamans Hat Sanctuary Zone,pco,Chinamans Hat outside South_2015-201706_SA_MPA_StereoBRUVS_1,Chinamans Hat outside South,Fished,Pre-bloom,2015-201706_SA_MPA_StereoBRUVS_1,2015-11-15,2015-11-15,0.12358504227841852,-0.4802780665739352
BRUV,BRUVs,Chinamans Hat - Chinamans Hat Sanctuary Zone,pco,Chinamans Hat outside South_2025-12_ChinamansHat_BRUVS_1,Chinamans Hat outside South,Fished,Bloom,2025-12_ChinamansHat_BRUVS_1,2025-12-04,2025-12-04,-0.25877870521168034,-0.6040301934377732
BRUV,BRUVs,Chinamans Hat - Chinamans Hat Sanctuary Zone,pco,Chinamans Hat outside central_2015-201706_SA_MPA_StereoBRUVS_1,Chinamans Hat outside central,Fished,Pre-bloom,2015-201706_SA_MPA_StereoBRUVS_1,2015-11-15,2015-11-15,0.3525050519054208,0.17084298699767406
BRUV,BRUVs,Chinamans Hat - Chinamans Hat Sanctuary Zone,pco,Chinamans Hat outside central_2025-12_ChinamansHat_BRUVS_1,Chinamans Hat outside central,Fished,Bloom,2025-12_ChinamansHat_BRUVS_1,2025-12-04,2025-12-04,-0.250191410341023,0.10486411090077347
BRUV,BRUVs,Chinamans Hat - Chinamans Hat Sanctuary Zone,cap_period,Chinamans Hat SZ North_2015-201706_SA_MPA_StereoBRUVS_1,Chinamans Hat SZ North,No-take,Pre-bloom,2015-201706_SA_MPA_StereoBRUVS_1,2015-11-15,2015-11-15,-0.7615307869119556,-0.7923874616274988
BRUV,BRUVs,Chinamans Hat - Chinamans Hat Sanctuary Zone,cap_period,Chinamans Hat SZ North_2025-12_ChinamansHat_BRUVS_1,Chinamans Hat SZ North,No-take,Bloom,2025-12_ChinamansHat_BRUVS_1,2025-12-04,2025-12-04,3.0085162256253914,-1.1349522659919455
BRUV,BRUVs,Chinamans Hat - Chinamans Hat Sanctuary Zone,cap_period,Chinamans Hat SZ central_2015-201706_SA_MPA_StereoBRUVS_1,Chinamans Hat SZ central,No-take,Pre-bloom,2015-201706_SA_MPA_StereoBRUVS_1,2015-11-15,2015-11-15,0.013769957388612263,-1.4702942652241895
BRUV,BRUVs,Chinamans Hat - Chinamans Hat Sanctuary Zone,cap_period,Chinamans Hat SZ central_2025-12_ChinamansHat_BRUVS_1,Chinamans Hat SZ central,No-take,Bloom,2025-12_ChinamansHat_BRUVS_1,2025-12-04,2025-12-04,1.9197097981714084,-1.0447538705256287
BRUV,BRUVs,Chinamans Hat - Chinamans Hat Sanctuary Zone,cap_period,Chinamans Hat SZ south_2015-201706_SA_MPA_StereoBRUVS_1,Chinamans Hat SZ south,No-take,Pre-bloom,2015-201706_SA_MPA_StereoBRUVS_1,2015-11-15,2015-11-15,-2.4066099760171906,1.9995396764534084
BRUV,BRUVs,Chinamans Hat - Chinamans Hat Sanctuary Zone,cap_period,Chinamans Hat SZ south_2025-12_ChinamansHat_BRUVS_1,Chinamans Hat SZ south,No-take,Bloom,2025-12_ChinamansHat_BRUVS_1,2025-12-04,2025-12-04,-1.0872739104520237,2.063359767684477
BRUV,BRUVs,Chinamans Hat - Chinamans Hat Sanctuary Zone,cap_period,Chinamans Hat outside North_2015-201706_SA_MPA_StereoBRUVS_1,Chinamans Hat outside North,Fished,Pre-bloom,2015-201706_SA_MPA_StereoBRUVS_1,2015-11-15,2015-11-15,-1.4864675912903997,0.3396224691536147
BRUV,BRUVs,Chinamans Hat - Chinamans Hat Sanctuary Zone,cap_period,Chinamans Hat outside North_2025-12_ChinamansHat_BRUVS_1,Chinamans Hat outside North,Fished,Bloom,2025-12_ChinamansHat_BRUVS_1,2025-12-04,2025-12-04,0.5998165651757787,0.06287335884606443
BRUV,BRUVs,Chinamans Hat - Chinamans Hat Sanctuary Zone,cap_period,Chinamans Hat outside South_2015-201706_SA_MPA_StereoBRUVS_1,Chinamans Hat outside South,Fished,Pre-bloom,2015-201706_SA_MPA_StereoBRUVS_1,2015-11-15,2015-11-15,-0.6462373852698664,-0.23712866455690593
BRUV,BRUVs,Chinamans Hat - Chinamans Hat Sanctuary Zone,cap_period,Chinamans Hat outside South_2025-12_ChinamansHat_BRUVS_1,Chinamans Hat outside South,Fished,Bloom,2025-12_ChinamansHat_BRUVS_1,2025-12-04,2025-12-04,0.9235336731819812,0.0019253112361276006
BRUV,BRUVs,Chinamans Hat - Chinamans Hat Sanctuary Zone,cap_period,Chinamans Hat outside central_2015-201706_SA_MPA_StereoBRUVS_1,Chinamans Hat outside central,Fished,Pre-bloom,2015-201706_SA_MPA_StereoBRUVS_1,2015-11-15,2015-11-15,-1.107189947990789,0.16064824580157058
BRUV,BRUVs,Chinamans Hat - Chinamans Hat Sanctuary Zone,cap_period,Chinamans Hat outside central_2025-12_ChinamansHat_BRUVS_1,Chinamans Hat outside central,Fished,Bloom,2025-12_ChinamansHat_BRUVS_1,2025-12-04,2025-12-04,1.0299633783890512,0.0515476987509062
BRUV,BRUVs,Chinamans Hat - Chinamans Hat Sanctuary Zone,cap_status,Chinamans Hat SZ North_2015-201706_SA_MPA_StereoBRUVS_1,Chinamans Hat SZ North,No-take,Pre-bloom,2015-201706_SA_MPA_StereoBRUVS_1,2015-11-15,2015-11-15,-1.5913508210997338,-0.16734426309825998
BRUV,BRUVs,Chinamans Hat - Chinamans Hat Sanctuary Zone,cap_status,Chinamans Hat SZ North_2025-12_ChinamansHat_BRUVS_1,Chinamans Hat SZ North,No-take,Bloom,2025-12_ChinamansHat_BRUVS_1,2025-12-04,2025-12-04,-2.151705174587517,-1.5625134560263645
BRUV,BRUVs,Chinamans Hat - Chinamans Hat Sanctuary Zone,cap_status,Chinamans Hat SZ central_2015-201706_SA_MPA_StereoBRUVS_1,Chinamans Hat SZ central,No-take,Pre-bloom,2015-201706_SA_MPA_StereoBRUVS_1,2015-11-15,2015-11-15,-0.3943809132470024,-0.8050367063227335
BRUV,BRUVs,Chinamans Hat - Chinamans Hat Sanctuary Zone,cap_status,Chinamans Hat SZ central_2025-12_ChinamansHat_BRUVS_1,Chinamans Hat SZ central,No-take,Bloom,2025-12_ChinamansHat_BRUVS_1,2025-12-04,2025-12-04,-1.4693854061347904,-1.2880493519056424
BRUV,BRUVs,Chinamans Hat - Chinamans Hat Sanctuary Zone,cap_status,Chinamans Hat SZ south_2015-201706_SA_MPA_StereoBRUVS_1,Chinamans Hat SZ south,No-take,Pre-bloom,2015-201706_SA_MPA_StereoBRUVS_1,2015-11-15,2015-11-15,-0.34176974508025976,2.255069623347809
BRUV,BRUVs,Chinamans Hat - Chinamans Hat Sanctuary Zone,cap_status,Chinamans Hat SZ south_2025-12_ChinamansHat_BRUVS_1,Chinamans Hat SZ south,No-take,Bloom,2025-12_ChinamansHat_BRUVS_1,2025-12-04,2025-12-04,-0.4456736699422868,1.5678741540051915
BRUV,BRUVs,Chinamans Hat - Chinamans Hat Sanctuary Zone,cap_status,Chinamans Hat outside North_2015-201706_SA_MPA_StereoBRUVS_1,Chinamans Hat outside North,Fished,Pre-bloom,2015-201706_SA_MPA_StereoBRUVS_1,2015-11-15,2015-11-15,3.626029687803642,0.6887257629995013
BRUV,BRUVs,Chinamans Hat - Chinamans Hat Sanctuary Zone,cap_status,Chinamans Hat outside North_2025-12_ChinamansHat_BRUVS_1,Chinamans Hat outside North,Fished,Bloom,2025-12_ChinamansHat_BRUVS_1,2025-12-04,2025-12-04,1.0958787615108208,-0.3867430035190234
BRUV,BRUVs,Chinamans Hat - Chinamans Hat Sanctuary Zone,cap_status,Chinamans Hat outside South_2015-201706_SA_MPA_StereoBRUVS_1,Chinamans Hat outside South,Fished,Pre-bloom,2015-201706_SA_MPA_StereoBRUVS_1,2015-11-15,2015-11-15,1.418249716200648,0.1128469238407369
BRUV,BRUVs,Chinamans Hat - Chinamans Hat Sanctuary Zone,cap_status,Chinamans Hat outside South_2025-12_ChinamansHat_BRUVS_1,Chinamans Hat outside South,Fished,Bloom,2025-12_ChinamansHat_BRUVS_1,2025-12-04,2025-12-04,1.3063523579087124,-0.4730394103575034
BRUV,BRUVs,Chinamans Hat - Chinamans Hat Sanctuary Zone,cap_status,Chinamans Hat outside central_2015-201706_SA_MPA_StereoBRUVS_1,Chinamans Hat outside central,Fished,Pre-bloom,2015-201706_SA_MPA_StereoBRUVS_1,2015-11-15,2015-11-15,-1.136759490623,0.5016479023418798
BRUV,BRUVs,Chinamans Hat - Chinamans Hat Sanctuary Zone,cap_status,Chinamans Hat outside central_2025-12_ChinamansHat_BRUVS_1,Chinamans Hat outside central,Fished,Bloom,2025-12_ChinamansHat_BRUVS_1,2025-12-04,2025-12-04,0.08451469729076716,-0.4434381753055912
BRUV,BRUVs,Cuttlefish Coast - Fairway Bank Sanctuary Zone,pco,Black Point_2015-201706_SA_MPA_StereoBRUVS_8,Black Point,No-take,Pre-bloom,2015-201706_SA_MPA_StereoBRUVS_8,2017-01-12,2017-01-12,0.9949199365169589,0.16651566998855152
BRUV,BRUVs,Cuttlefish Coast - Fairway Bank Sanctuary Zone,pco,Black Point_2026-02_CuttlefishCoast_BRUVS_1,Black Point,No-take,Bloom,2026-02_CuttlefishCoast_BRUVS_1,2026-02-16,2026-02-16,-0.5808545380213554,-0.6144252768718809
BRUV,BRUVs,Cuttlefish Coast - Fairway Bank Sanctuary Zone,pco,Point Lowly_2015-201706_SA_MPA_StereoBRUVS_8,Point Lowly,Fished,Pre-bloom,2015-201706_SA_MPA_StereoBRUVS_8,2017-01-12,2017-01-12,1.0028658013736536,0.24598341399242582
BRUV,BRUVs,Cuttlefish Coast - Fairway Bank Sanctuary Zone,pco,Point Lowly_2026-02_CuttlefishCoast_BRUVS_1,Point Lowly,Fished,Bloom,2026-02_CuttlefishCoast_BRUVS_1,2026-02-16,2026-02-16,-1.5374440596991437,1.825349039427122
BRUV,BRUVs,Cuttlefish Coast - Fairway Bank Sanctuary Zone,pco,Stony Point_2015-201706_SA_MPA_StereoBRUVS_8,Stony Point,Fished,Pre-bloom,2015-201706_SA_MPA_StereoBRUVS_8,2017-01-12,2017-01-12,1.5126165189763714,-0.06109437660804125
BRUV,BRUVs,Cuttlefish Coast - Fairway Bank Sanctuary Zone,pco,Stony Point_2026-02_CuttlefishCoast_BRUVS_1,Stony Point,Fished,Bloom,2026-02_CuttlefishCoast_BRUVS_1,2026-02-16,2026-02-16,-2.023221708627365,-0.807197107175297
BRUV,BRUVs,Cuttlefish Coast - Fairway Bank Sanctuary Zone,pco,Third Dip_2015-201706_SA_MPA_StereoBRUVS_8,Third Dip,No-take,Pre-bloom,2015-201706_SA_MPA_StereoBRUVS_8,2017-01-12,2017-01-12,1.2657850540097946,0.009018331496909955
BRUV,BRUVs,Cuttlefish Coast - Fairway Bank Sanctuary Zone,pco,Third Dip_2026-02_CuttlefishCoast_BRUVS_1,Third Dip,No-take,Bloom,2026-02_CuttlefishCoast_BRUVS_1,2026-02-16,2026-02-16,-0.6346670045289144,-0.7641496942497878
BRUV,BRUVs,Cuttlefish Coast - Fairway Bank Sanctuary Zone,cap_period,Black Point_2015-201706_SA_MPA_StereoBRUVS_8,Black Point,No-take,Pre-bloom,2015-201706_SA_MPA_StereoBRUVS_8,2017-01-12,2017-01-12,-1.1161324595833784,-0.26695255005269547
BRUV,BRUVs,Cuttlefish Coast - Fairway Bank Sanctuary Zone,cap_period,Black Point_2026-02_CuttlefishCoast_BRUVS_1,Black Point,No-take,Bloom,2026-02_CuttlefishCoast_BRUVS_1,2026-02-16,2026-02-16,0.815779787388651,1.3062804363481673
BRUV,BRUVs,Cuttlefish Coast - Fairway Bank Sanctuary Zone,cap_period,Point Lowly_2015-201706_SA_MPA_StereoBRUVS_8,Point Lowly,Fished,Pre-bloom,2015-201706_SA_MPA_StereoBRUVS_8,2017-01-12,2017-01-12,-1.129286752011575,-0.379910471107815
BRUV,BRUVs,Cuttlefish Coast - Fairway Bank Sanctuary Zone,cap_period,Point Lowly_2026-02_CuttlefishCoast_BRUVS_1,Point Lowly,Fished,Bloom,2026-02_CuttlefishCoast_BRUVS_1,2026-02-16,2026-02-16,1.4968265278624182,-2.986193264197403
BRUV,BRUVs,Cuttlefish Coast - Fairway Bank Sanctuary Zone,cap_period,Stony Point_2015-201706_SA_MPA_StereoBRUVS_8,Stony Point,Fished,Pre-bloom,2015-201706_SA_MPA_StereoBRUVS_8,2017-01-12,2017-01-12,-1.5415459689577464,0.4890824603653852
BRUV,BRUVs,Cuttlefish Coast - Fairway Bank Sanctuary Zone,cap_period,Stony Point_2026-02_CuttlefishCoast_BRUVS_1,Stony Point,Fished,Bloom,2026-02_CuttlefishCoast_BRUVS_1,2026-02-16,2026-02-16,1.9784005851173645,0.25381616932389944
BRUV,BRUVs,Cuttlefish Coast - Fairway Bank Sanctuary Zone,cap_period,Third Dip_2015-201706_SA_MPA_StereoBRUVS_8,Third Dip,No-take,Pre-bloom,2015-201706_SA_MPA_StereoBRUVS_8,2017-01-12,2017-01-12,-1.3514363423394442,0.1577805607951253
BRUV,BRUVs,Cuttlefish Coast - Fairway Bank Sanctuary Zone,cap_period,Third Dip_2026-02_CuttlefishCoast_BRUVS_1,Third Dip,No-take,Bloom,2026-02_CuttlefishCoast_BRUVS_1,2026-02-16,2026-02-16,0.8473946225237113,1.4260966585253372
BRUV,BRUVs,Cuttlefish Coast - Fairway Bank Sanctuary Zone,cap_status,Black Point_2015-201706_SA_MPA_StereoBRUVS_8,Black Point,No-take,Pre-bloom,2015-201706_SA_MPA_StereoBRUVS_8,2017-01-12,2017-01-12,-1.2990802707155267,-0.7911935339467373
BRUV,BRUVs,Cuttlefish Coast - Fairway Bank Sanctuary Zone,cap_status,Black Point_2026-02_CuttlefishCoast_BRUVS_1,Black Point,No-take,Bloom,2026-02_CuttlefishCoast_BRUVS_1,2026-02-16,2026-02-16,-1.2871197604072935,0.9040541402815195
BRUV,BRUVs,Cuttlefish Coast - Fairway Bank Sanctuary Zone,cap_status,Point Lowly_2015-201706_SA_MPA_StereoBRUVS_8,Point Lowly,Fished,Pre-bloom,2015-201706_SA_MPA_StereoBRUVS_8,2017-01-12,2017-01-12,0.2373578899513879,-1.2990783414953417
BRUV,BRUVs,Cuttlefish Coast - Fairway Bank Sanctuary Zone,cap_status,Point Lowly_2026-02_CuttlefishCoast_BRUVS_1,Point Lowly,Fished,Bloom,2026-02_CuttlefishCoast_BRUVS_1,2026-02-16,2026-02-16,3.735054378016052,1.2278840844853134
BRUV,BRUVs,Cuttlefish Coast - Fairway Bank Sanctuary Zone,cap_status,Stony Point_2015-201706_SA_MPA_StereoBRUVS_8,Stony Point,Fished,Pre-bloom,2015-201706_SA_MPA_StereoBRUVS_8,2017-01-12,2017-01-12,-1.3319661511274625,-1.768789701474647
BRUV,BRUVs,Cuttlefish Coast - Fairway Bank Sanctuary Zone,cap_status,Stony Point_2026-02_CuttlefishCoast_BRUVS_1,Stony Point,Fished,Bloom,2026-02_CuttlefishCoast_BRUVS_1,2026-02-16,2026-02-16,2.497955406052167,1.8399839584846756
BRUV,BRUVs,Cuttlefish Coast - Fairway Bank Sanctuary Zone,cap_status,Third Dip_2015-201706_SA_MPA_StereoBRUVS_8,Third Dip,No-take,Pre-bloom,2015-201706_SA_MPA_StereoBRUVS_8,2017-01-12,2017-01-12,-1.4676065427573366,-1.0669879246025615
BRUV,BRUVs,Cuttlefish Coast - Fairway Bank Sanctuary Zone,cap_status,Third Dip_2026-02_CuttlefishCoast_BRUVS_1,Third Dip,No-take,Bloom,2026-02_CuttlefishCoast_BRUVS_1,2026-02-16,2026-02-16,-1.0845949490119877,0.9541273182677791
BRUV,BRUVs,Dangerous Reef - Dangerous Reef Sanctuary Zone,pco,Dangerous Reef_2016-01_Neptunes.BRUVS_monoBRUVS_1,Dangerous Reef,No-take,Pre-bloom,2016-01_Neptunes.BRUVS_monoBRUVS_1,2016-01-19,2016-01-19,-0.4945780080471979,1.3652921675995495
BRUV,BRUVs,Dangerous Reef - Dangerous Reef Sanctuary Zone,pco,Dangerous Reef_2017-02_Neptunes.BRUVS_monoBRUVS_1,Dangerous Reef,No-take,Pre-bloom,2017-02_Neptunes.BRUVS_monoBRUVS_1,2017-02-25,2017-02-25,3.695572355172265,-0.3026865545480617
BRUV,BRUVs,Dangerous Reef - Dangerous Reef Sanctuary Zone,pco,Dangerous Reef_2019-02_Neptunes_monoBRUVs_1,Dangerous Reef,No-take,Pre-bloom,2019-02_Neptunes_monoBRUVs_1,2019-02-16,2019-02-16,-0.12940157254701296,0.3953219853883695
BRUV,BRUVs,Dangerous Reef - Dangerous Reef Sanctuary Zone,pco,Dangerous Reef_2020-04_Neptunes_monoBRUVs_1,Dangerous Reef,No-take,Pre-bloom,2020-04_Neptunes_monoBRUVs_1,2020-04-10,2020-04-10,0.0015210048219312239,0.18830921281760907
BRUV,BRUVs,Dangerous Reef - Dangerous Reef Sanctuary Zone,pco,Dangerous Reef_2022-03-Neptunes_monoBRUVs_1,Dangerous Reef,No-take,Pre-bloom,2022-03-Neptunes_monoBRUVs_1,2022-03-16,2022-03-16,-0.9261695006690844,0.5003323040567792
BRUV,BRUVs,Dangerous Reef - Dangerous Reef Sanctuary Zone,pco,Dangerous Reef_2025-11_DangerousReef_BRUVS_1,Dangerous Reef,No-take,Bloom,2025-11_DangerousReef_BRUVS_1,2025-11-10,2025-11-10,-1.1724279570683689,-1.0926002031056523
BRUV,BRUVs,Dangerous Reef - Dangerous Reef Sanctuary Zone,pco,Dangerous Reef_2026-04_DangerousReef_BRUVS_1,Dangerous Reef,No-take,Bloom,2026-04_DangerousReef_BRUVS_1,2026-04-08,2026-04-08,-0.9745163216625261,-1.0539689122085905
BRUV,BRUVs,Dangerous Reef - Dangerous Reef Sanctuary Zone,cap_period,Dangerous Reef_2016-01_Neptunes.BRUVS_monoBRUVS_1,Dangerous Reef,No-take,Pre-bloom,2016-01_Neptunes.BRUVS_monoBRUVS_1,2016-01-19,2016-01-19,-0.33663827079355213,-0.6292307990547381
BRUV,BRUVs,Dangerous Reef - Dangerous Reef Sanctuary Zone,cap_period,Dangerous Reef_2017-02_Neptunes.BRUVS_monoBRUVS_1,Dangerous Reef,No-take,Pre-bloom,2017-02_Neptunes.BRUVS_monoBRUVS_1,2017-02-25,2017-02-25,-2.062178982466198,2.0218755422422166
BRUV,BRUVs,Dangerous Reef - Dangerous Reef Sanctuary Zone,cap_period,Dangerous Reef_2019-02_Neptunes_monoBRUVs_1,Dangerous Reef,No-take,Pre-bloom,2019-02_Neptunes_monoBRUVs_1,2019-02-16,2019-02-16,-0.2963885851000037,-0.3436522495377543
BRUV,BRUVs,Dangerous Reef - Dangerous Reef Sanctuary Zone,cap_period,Dangerous Reef_2020-04_Neptunes_monoBRUVs_1,Dangerous Reef,No-take,Pre-bloom,2020-04_Neptunes_monoBRUVs_1,2020-04-10,2020-04-10,-0.19768317745431604,-0.22582175979030286
BRUV,BRUVs,Dangerous Reef - Dangerous Reef Sanctuary Zone,cap_period,Dangerous Reef_2022-03-Neptunes_monoBRUVs_1,Dangerous Reef,No-take,Pre-bloom,2022-03-Neptunes_monoBRUVs_1,2022-03-16,2022-03-16,0.13133155783511127,-0.8231707338594215
BRUV,BRUVs,Dangerous Reef - Dangerous Reef Sanctuary Zone,cap_period,Dangerous Reef_2025-11_DangerousReef_BRUVS_1,Dangerous Reef,No-take,Bloom,2025-11_DangerousReef_BRUVS_1,2025-11-10,2025-11-10,1.4170936356430825,-0.06214988301406386
BRUV,BRUVs,Dangerous Reef - Dangerous Reef Sanctuary Zone,cap_period,Dangerous Reef_2026-04_DangerousReef_BRUVS_1,Dangerous Reef,No-take,Bloom,2026-04_DangerousReef_BRUVS_1,2026-04-08,2026-04-08,1.344463822335876,0.06214988301406417
BRUV,BRUVs,Glenelg,pco,Glenelg Shellfish Reef_202010-202010_SA_Shellfish Reef Monitoring_StereoBruvs_1,Glenelg Shellfish Reef,Fished,Pre-bloom,202010-202010_SA_Shellfish Reef Monitoring_StereoBruvs_1,2020-10-13,2020-10-13,-0.5237433238301789,-0.1649585740988596
BRUV,BRUVs,Glenelg,pco,Glenelg Shellfish Reef_2021-10_Glenelg_BRUVS_1,Glenelg Shellfish Reef,Fished,Pre-bloom,2021-10_Glenelg_BRUVS_1,2021-10-25,2021-10-25,1.9144532978550373,-0.2640808854598171
BRUV,BRUVs,Glenelg,pco,Glenelg Shellfish Reef_2022-12_Glenelg_BRUVS_1,Glenelg Shellfish Reef,Fished,Pre-bloom,2022-12_Glenelg_BRUVS_1,2022-12-02,2022-12-02,1.2720423275984065,0.27089953656776555
BRUV,BRUVs,Glenelg,pco,Glenelg Shellfish Reef_2023-11_Glenelg_BRUVS_1,Glenelg Shellfish Reef,Fished,Pre-bloom,2023-11_Glenelg_BRUVS_1,2023-11-23,2023-11-23,1.666855929823088,0.42498403265778856
BRUV,BRUVs,Glenelg,pco,Glenelg Shellfish Reef_2025-10_Glenelg_BRUVS_1,Glenelg Shellfish Reef,Fished,Bloom,2025-10_Glenelg_BRUVS_1,2025-10-21,2025-10-21,0.15015502862414595,-1.7749894501199293
BRUV,BRUVs,Glenelg,pco,Glenelg Shellfish Reef_2026-03_Glenelg_BRUVS_1,Glenelg Shellfish Reef,Fished,Bloom,2026-03_Glenelg_BRUVS_1,2026-03-20,2026-03-20,-0.617687651976215,-0.7814212489482648
BRUV,BRUVs,Glenelg,pco,Glenelg rocky reef_202010-202010_SA_Shellfish Reef Monitoring_StereoBruvs_1,Glenelg rocky reef,Fished,Pre-bloom,202010-202010_SA_Shellfish Reef Monitoring_StereoBruvs_1,2020-10-13,2020-10-13,2.3706400614773444,0.6593106157671527
BRUV,BRUVs,Glenelg,pco,Glenelg rocky reef_2021-10_Glenelg_BRUVS_1,Glenelg rocky reef,Fished,Pre-bloom,2021-10_Glenelg_BRUVS_1,2021-10-25,2021-10-25,-1.4027815587160217,1.8166803584276685
BRUV,BRUVs,Glenelg,pco,Glenelg rocky reef_2022-12_Glenelg_BRUVS_1,Glenelg rocky reef,Fished,Pre-bloom,2022-12_Glenelg_BRUVS_1,2022-12-02,2022-12-02,-1.3632606990940026,1.4974967993508437
BRUV,BRUVs,Glenelg,pco,Glenelg rocky reef_2023-11_Glenelg_BRUVS_1,Glenelg rocky reef,Fished,Pre-bloom,2023-11_Glenelg_BRUVS_1,2023-11-23,2023-11-23,-1.9213928405203442,2.4452616432890495
BRUV,BRUVs,Glenelg,pco,Glenelg rocky reef_2025-10_Glenelg_BRUVS_1,Glenelg rocky reef,Fished,Bloom,2025-10_Glenelg_BRUVS_1,2025-10-21,2025-10-21,-0.8057366400510197,-2.018408653967351
BRUV,BRUVs,Glenelg,pco,Glenelg rocky reef_2026-03_Glenelg_BRUVS_1,Glenelg rocky reef,Fished,Bloom,2026-03_Glenelg_BRUVS_1,2026-03-20,2026-03-20,-1.2765586155655197,-0.008020385206229589
BRUV,BRUVs,Glenelg,pco,Glenelg sand_202010-202010_SA_Shellfish Reef Monitoring_StereoBruvs_1,Glenelg sand,Fished,Pre-bloom,202010-202010_SA_Shellfish Reef Monitoring_StereoBruvs_1,2020-10-13,2020-10-13,2.496319313099877,0.9395532178394911
BRUV,BRUVs,Glenelg,pco,Glenelg sand_2021-10_Glenelg_BRUVS_1,Glenelg sand,Fished,Pre-bloom,2021-10_Glenelg_BRUVS_1,2021-10-25,2021-10-25,2.158732028391149,-0.014119590808311407
BRUV,BRUVs,Glenelg,pco,Glenelg sand_2022-12_Glenelg_BRUVS_1,Glenelg sand,Fished,Pre-bloom,2022-12_Glenelg_BRUVS_1,2022-12-02,2022-12-02,1.425480766054991,0.44097724902499
BRUV,BRUVs,Glenelg,pco,Glenelg sand_2023-11_Glenelg_BRUVS_1,Glenelg sand,Fished,Pre-bloom,2023-11_Glenelg_BRUVS_1,2023-11-23,2023-11-23,1.3371394238082839,-0.22545717887849617
BRUV,BRUVs,Glenelg,pco,Glenelg sand_2025-10_Glenelg_BRUVS_1,Glenelg sand,Fished,Bloom,2025-10_Glenelg_BRUVS_1,2025-10-21,2025-10-21,-0.6688113031458305,-1.5861604673968712
BRUV,BRUVs,Glenelg,pco,Glenelg sand_2026-03_Glenelg_BRUVS_1,Glenelg sand,Fished,Bloom,2026-03_Glenelg_BRUVS_1,2026-03-20,2026-03-20,-0.23340648656134377,-0.6518950132763467
BRUV,BRUVs,Glenelg,pco,Glenelg seagrass_202010-202010_SA_Shellfish Reef Monitoring_StereoBruvs_1,Glenelg seagrass,Fished,Pre-bloom,202010-202010_SA_Shellfish Reef Monitoring_StereoBruvs_1,2020-10-13,2020-10-13,-1.5413642737670352,1.8646530996754982
BRUV,BRUVs,Glenelg,pco,Glenelg seagrass_2021-10_Glenelg_BRUVS_1,Glenelg seagrass,Fished,Pre-bloom,2021-10_Glenelg_BRUVS_1,2021-10-25,2021-10-25,-0.41691623657895194,0.13023808845486387
BRUV,BRUVs,Glenelg,pco,Glenelg seagrass_2022-12_Glenelg_BRUVS_1,Glenelg seagrass,Fished,Pre-bloom,2022-12_Glenelg_BRUVS_1,2022-12-02,2022-12-02,-0.23003466214510104,-0.24775053678828618
BRUV,BRUVs,Glenelg,pco,Glenelg seagrass_2023-11_Glenelg_BRUVS_1,Glenelg seagrass,Fished,Pre-bloom,2023-11_Glenelg_BRUVS_1,2023-11-23,2023-11-23,-1.1130104574761137,1.0794289603567597
BRUV,BRUVs,Glenelg,pco,Glenelg seagrass_2025-10_Glenelg_BRUVS_1,Glenelg seagrass,Fished,Bloom,2025-10_Glenelg_BRUVS_1,2025-10-21,2025-10-21,-1.6270962708270416,-2.482424392419644
BRUV,BRUVs,Glenelg,pco,Glenelg seagrass_2026-03_Glenelg_BRUVS_1,Glenelg seagrass,Fished,Bloom,2026-03_Glenelg_BRUVS_1,2026-03-20,2026-03-20,-1.0500171564776013,-1.3497972240434555
BRUV,BRUVs,Glenelg,cap_period,Glenelg Shellfish Reef_202010-202010_SA_Shellfish Reef Monitoring_StereoBruvs_1,Glenelg Shellfish Reef,Fished,Pre-bloom,202010-202010_SA_Shellfish Reef Monitoring_StereoBruvs_1,2020-10-13,2020-10-13,-0.06252203943856392,-0.31256234977675085
BRUV,BRUVs,Glenelg,cap_period,Glenelg Shellfish Reef_2021-10_Glenelg_BRUVS_1,Glenelg Shellfish Reef,Fished,Pre-bloom,2021-10_Glenelg_BRUVS_1,2021-10-25,2021-10-25,-0.4161355576677003,0.894973332416665
BRUV,BRUVs,Glenelg,cap_period,Glenelg Shellfish Reef_2022-12_Glenelg_BRUVS_1,Glenelg Shellfish Reef,Fished,Pre-bloom,2022-12_Glenelg_BRUVS_1,2022-12-02,2022-12-02,-0.6302891705933301,0.5278723953134915
BRUV,BRUVs,Glenelg,cap_period,Glenelg Shellfish Reef_2023-11_Glenelg_BRUVS_1,Glenelg Shellfish Reef,Fished,Pre-bloom,2023-11_Glenelg_BRUVS_1,2023-11-23,2023-11-23,-0.7230453106948773,0.6453057225061857
BRUV,BRUVs,Glenelg,cap_period,Glenelg Shellfish Reef_2025-10_Glenelg_BRUVS_1,Glenelg Shellfish Reef,Fished,Bloom,2025-10_Glenelg_BRUVS_1,2025-10-21,2025-10-21,0.870671211962034,0.5357347001477594
BRUV,BRUVs,Glenelg,cap_period,Glenelg Shellfish Reef_2026-03_Glenelg_BRUVS_1,Glenelg Shellfish Reef,Fished,Bloom,2026-03_Glenelg_BRUVS_1,2026-03-20,2026-03-20,1.0214113298457035,0.030460168820149923
BRUV,BRUVs,Glenelg,cap_period,Glenelg rocky reef_202010-202010_SA_Shellfish Reef Monitoring_StereoBruvs_1,Glenelg rocky reef,Fished,Pre-bloom,202010-202010_SA_Shellfish Reef Monitoring_StereoBruvs_1,2020-10-13,2020-10-13,-0.9832900411424402,1.0290355108320575
BRUV,BRUVs,Glenelg,cap_period,Glenelg rocky reef_2021-10_Glenelg_BRUVS_1,Glenelg rocky reef,Fished,Pre-bloom,2021-10_Glenelg_BRUVS_1,2021-10-25,2021-10-25,-0.49762294018438763,-1.0905908061482847
BRUV,BRUVs,Glenelg,cap_period,Glenelg rocky reef_2022-12_Glenelg_BRUVS_1,Glenelg rocky reef,Fished,Pre-bloom,2022-12_Glenelg_BRUVS_1,2022-12-02,2022-12-02,-0.343549876021025,-0.9884634417597944
BRUV,BRUVs,Glenelg,cap_period,Glenelg rocky reef_2023-11_Glenelg_BRUVS_1,Glenelg rocky reef,Fished,Pre-bloom,2023-11_Glenelg_BRUVS_1,2023-11-23,2023-11-23,-0.5839196110776526,-1.4973398646824834
BRUV,BRUVs,Glenelg,cap_period,Glenelg rocky reef_2025-10_Glenelg_BRUVS_1,Glenelg rocky reef,Fished,Bloom,2025-10_Glenelg_BRUVS_1,2025-10-21,2025-10-21,1.1457498289533627,0.08537311826158087
BRUV,BRUVs,Glenelg,cap_period,Glenelg rocky reef_2026-03_Glenelg_BRUVS_1,Glenelg rocky reef,Fished,Bloom,2026-03_Glenelg_BRUVS_1,2026-03-20,2026-03-20,0.7625005029412618,-0.5019870866315905
BRUV,BRUVs,Glenelg,cap_period,Glenelg sand_202010-202010_SA_Shellfish Reef Monitoring_StereoBruvs_1,Glenelg sand,Fished,Pre-bloom,202010-202010_SA_Shellfish Reef Monitoring_StereoBruvs_1,2020-10-13,2020-10-13,-1.1148499199918505,1.027497861084905
BRUV,BRUVs,Glenelg,cap_period,Glenelg sand_2021-10_Glenelg_BRUVS_1,Glenelg sand,Fished,Pre-bloom,2021-10_Glenelg_BRUVS_1,2021-10-25,2021-10-25,-0.6446343036613037,1.0053459403607916
BRUV,BRUVs,Glenelg,cap_period,Glenelg sand_2022-12_Glenelg_BRUVS_1,Glenelg sand,Fished,Pre-bloom,2022-12_Glenelg_BRUVS_1,2022-12-02,2022-12-02,-0.5803475847475265,0.6348226868134823
BRUV,BRUVs,Glenelg,cap_period,Glenelg sand_2023-11_Glenelg_BRUVS_1,Glenelg sand,Fished,Pre-bloom,2023-11_Glenelg_BRUVS_1,2023-11-23,2023-11-23,-0.3695913549676778,0.6588363840265056
BRUV,BRUVs,Glenelg,cap_period,Glenelg sand_2025-10_Glenelg_BRUVS_1,Glenelg sand,Fished,Bloom,2025-10_Glenelg_BRUVS_1,2025-10-21,2025-10-21,0.9587179859221603,0.0620183407621969
BRUV,BRUVs,Glenelg,cap_period,Glenelg sand_2026-03_Glenelg_BRUVS_1,Glenelg sand,Fished,Bloom,2026-03_Glenelg_BRUVS_1,2026-03-20,2026-03-20,0.869831392133744,0.21727132211626884
BRUV,BRUVs,Glenelg,cap_period,Glenelg seagrass_202010-202010_SA_Shellfish Reef Monitoring_StereoBruvs_1,Glenelg seagrass,Fished,Pre-bloom,202010-202010_SA_Shellfish Reef Monitoring_StereoBruvs_1,2020-10-13,2020-10-13,-0.5396372486454548,-1.193861573388669
BRUV,BRUVs,Glenelg,cap_period,Glenelg seagrass_2021-10_Glenelg_BRUVS_1,Glenelg seagrass,Fished,Pre-bloom,2021-10_Glenelg_BRUVS_1,2021-10-25,2021-10-25,-0.25134503452362933,-0.32213513297682683
BRUV,BRUVs,Glenelg,cap_period,Glenelg seagrass_2022-12_Glenelg_BRUVS_1,Glenelg seagrass,Fished,Pre-bloom,2022-12_Glenelg_BRUVS_1,2022-12-02,2022-12-02,-0.12218763911624152,-0.15267326226688255
BRUV,BRUVs,Glenelg,cap_period,Glenelg seagrass_2023-11_Glenelg_BRUVS_1,Glenelg seagrass,Fished,Pre-bloom,2023-11_Glenelg_BRUVS_1,2023-11-23,2023-11-23,-0.4550510845795081,-0.8660634023543916
BRUV,BRUVs,Glenelg,cap_period,Glenelg seagrass_2025-10_Glenelg_BRUVS_1,Glenelg seagrass,Fished,Bloom,2025-10_Glenelg_BRUVS_1,2025-10-21,2025-10-21,1.5011867269827182,-0.3029302254414166
BRUV,BRUVs,Glenelg,cap_period,Glenelg seagrass_2026-03_Glenelg_BRUVS_1,Glenelg seagrass,Fished,Bloom,2026-03_Glenelg_BRUVS_1,2026-03-20,2026-03-20,1.1879497383121855,-0.12594033803494867
BRUV,BRUVs,Middle/Long Spit - Middle Spit Sanctuary Zone,pco,Long spit_2014-09_GSVwinter.BRUVS_monoBRUVS_1,Long spit,Fished,Pre-bloom,2014-09_GSVwinter.BRUVS_monoBRUVS_1,2014-09-03,2014-09-03,0.5995836953930183,1.138224757555119
BRUV,BRUVs,Middle/Long Spit - Middle Spit Sanctuary Zone,pco,Long spit_2016-02_GSVsummer.BRUVS_MonoBRUVS_2,Long spit,Fished,Pre-bloom,2016-02_GSVsummer.BRUVS_MonoBRUVS_2,2016-03-11,2016-03-11,0.8409224574345772,-0.0243943649689778
BRUV,BRUVs,Middle/Long Spit - Middle Spit Sanctuary Zone,pco,Long spit_2026-01_LongSpit_BRUVS_1,Long spit,Fished,Bloom,2026-01_LongSpit_BRUVS_1,2026-01-26,2026-01-26,-1.5681246908491837,-0.8336720260884988
BRUV,BRUVs,Middle/Long Spit - Middle Spit Sanctuary Zone,pco,Middle Spit SZ North_2015-16_SA_MPA_UpperGSV_StereoBRUVS_1,Middle Spit SZ North,No-take,Pre-bloom,2015-16_SA_MPA_UpperGSV_StereoBRUVS_1,2015-01-07,2015-01-07,1.4407694705195577,-0.835690113988149
BRUV,BRUVs,Middle/Long Spit - Middle Spit Sanctuary Zone,pco,Middle Spit SZ North_2015-16_SA_MPA_UpperGSV_StereoBRUVS_2,Middle Spit SZ North,No-take,Pre-bloom,2015-16_SA_MPA_UpperGSV_StereoBRUVS_2,2016-01-10,2016-01-10,0.08322756011704048,0.04232619344129013
BRUV,BRUVs,Middle/Long Spit - Middle Spit Sanctuary Zone,pco,Middle Spit SZ North_2026-01_LongSpit_BRUVS_1,Middle Spit SZ North,No-take,Bloom,2026-01_LongSpit_BRUVS_1,2026-01-26,2026-01-26,-1.7929490155100527,-0.6744138083031498
BRUV,BRUVs,Middle/Long Spit - Middle Spit Sanctuary Zone,pco,Middle Spit SZ South_2015-16_SA_MPA_UpperGSV_StereoBRUVS_1,Middle Spit SZ South,No-take,Pre-bloom,2015-16_SA_MPA_UpperGSV_StereoBRUVS_1,2015-01-07,2015-01-07,0.8803312528478138,-0.8533957580257593
BRUV,BRUVs,Middle/Long Spit - Middle Spit Sanctuary Zone,pco,Middle Spit SZ South_2015-16_SA_MPA_UpperGSV_StereoBRUVS_2,Middle Spit SZ South,No-take,Pre-bloom,2015-16_SA_MPA_UpperGSV_StereoBRUVS_2,2016-01-10,2016-01-10,0.5794505978348432,-0.7722061518536494
BRUV,BRUVs,Middle/Long Spit - Middle Spit Sanctuary Zone,pco,Middle Spit SZ South_2026-01_LongSpit_BRUVS_1,Middle Spit SZ South,No-take,Bloom,2026-01_LongSpit_BRUVS_1,2026-01-26,2026-01-26,-1.9579987754844177,-0.37193373598673385
BRUV,BRUVs,Middle/Long Spit - Middle Spit Sanctuary Zone,pco,Middle Spit outside North_2015-16_SA_MPA_UpperGSV_StereoBRUVS_1,Middle Spit outside North,Fished,Pre-bloom,2015-16_SA_MPA_UpperGSV_StereoBRUVS_1,2015-01-07,2015-01-07,0.9034619191854265,1.4276477806987815
BRUV,BRUVs,Middle/Long Spit - Middle Spit Sanctuary Zone,pco,Middle Spit outside North_2015-16_SA_MPA_UpperGSV_StereoBRUVS_2,Middle Spit outside North,Fished,Pre-bloom,2015-16_SA_MPA_UpperGSV_StereoBRUVS_2,2016-01-10,2016-01-10,0.7230565431905194,0.0879851692840727
BRUV,BRUVs,Middle/Long Spit - Middle Spit Sanctuary Zone,pco,Middle Spit outside North_2026-01_LongSpit_BRUVS_1,Middle Spit outside North,Fished,Bloom,2026-01_LongSpit_BRUVS_1,2026-01-26,2026-01-26,-1.1568450961857666,1.3439198465898972
BRUV,BRUVs,Middle/Long Spit - Middle Spit Sanctuary Zone,pco,Middle Spit outside South_2015-16_SA_MPA_UpperGSV_StereoBRUVS_1,Middle Spit outside South,Fished,Pre-bloom,2015-16_SA_MPA_UpperGSV_StereoBRUVS_1,2015-01-07,2015-01-07,0.8084009118583485,0.4107093733645385
BRUV,BRUVs,Middle/Long Spit - Middle Spit Sanctuary Zone,pco,Middle Spit outside South_2015-16_SA_MPA_UpperGSV_StereoBRUVS_2,Middle Spit outside South,Fished,Pre-bloom,2015-16_SA_MPA_UpperGSV_StereoBRUVS_2,2016-01-10,2016-01-10,1.0004552518478618,-0.7365014078615095
BRUV,BRUVs,Middle/Long Spit - Middle Spit Sanctuary Zone,pco,Middle Spit outside South_2026-01_LongSpit_BRUVS_1,Middle Spit outside South,Fished,Bloom,2026-01_LongSpit_BRUVS_1,2026-01-26,2026-01-26,-1.3837420821995852,0.6513942461427341
BRUV,BRUVs,Middle/Long Spit - Middle Spit Sanctuary Zone,cap_period,Long spit_2014-09_GSVwinter.BRUVS_monoBRUVS_1,Long spit,Fished,Pre-bloom,2014-09_GSVwinter.BRUVS_monoBRUVS_1,2014-09-03,2014-09-03,-0.7733934836904041,1.9541943977767182
BRUV,BRUVs,Middle/Long Spit - Middle Spit Sanctuary Zone,cap_period,Long spit_2016-02_GSVsummer.BRUVS_MonoBRUVS_2,Long spit,Fished,Pre-bloom,2016-02_GSVsummer.BRUVS_MonoBRUVS_2,2016-03-11,2016-03-11,-1.0087963546426244,-0.017090662367143728
BRUV,BRUVs,Middle/Long Spit - Middle Spit Sanctuary Zone,cap_period,Long spit_2026-01_LongSpit_BRUVS_1,Long spit,Fished,Bloom,2026-01_LongSpit_BRUVS_1,2026-01-26,2026-01-26,1.8950758575689814,-1.4696058217794659
BRUV,BRUVs,Middle/Long Spit - Middle Spit Sanctuary Zone,cap_period,Middle Spit SZ North_2015-16_SA_MPA_UpperGSV_StereoBRUVS_1,Middle Spit SZ North,No-take,Pre-bloom,2015-16_SA_MPA_UpperGSV_StereoBRUVS_1,2015-01-07,2015-01-07,-1.6843691377049383,-1.3646267167849073
BRUV,BRUVs,Middle/Long Spit - Middle Spit Sanctuary Zone,cap_period,Middle Spit SZ North_2015-16_SA_MPA_UpperGSV_StereoBRUVS_2,Middle Spit SZ North,No-take,Pre-bloom,2015-16_SA_MPA_UpperGSV_StereoBRUVS_2,2016-01-10,2016-01-10,-0.20358316780966978,0.043123055131723965
BRUV,BRUVs,Middle/Long Spit - Middle Spit Sanctuary Zone,cap_period,Middle Spit SZ North_2026-01_LongSpit_BRUVS_1,Middle Spit SZ North,No-take,Bloom,2026-01_LongSpit_BRUVS_1,2026-01-26,2026-01-26,2.1701592411417,-1.209731948112897
BRUV,BRUVs,Middle/Long Spit - Middle Spit Sanctuary Zone,cap_period,Middle Spit SZ South_2015-16_SA_MPA_UpperGSV_StereoBRUVS_1,Middle Spit SZ South,No-take,Pre-bloom,2015-16_SA_MPA_UpperGSV_StereoBRUVS_1,2015-01-07,2015-01-07,-1.080860199725027,-1.4345493965583427
BRUV,BRUVs,Middle/Long Spit - Middle Spit Sanctuary Zone,cap_period,Middle Spit SZ South_2015-16_SA_MPA_UpperGSV_StereoBRUVS_2,Middle Spit SZ South,No-take,Pre-bloom,2015-16_SA_MPA_UpperGSV_StereoBRUVS_2,2016-01-10,2016-01-10,-0.7113567049280409,-1.3132189367469431
BRUV,BRUVs,Middle/Long Spit - Middle Spit Sanctuary Zone,cap_period,Middle Spit SZ South_2026-01_LongSpit_BRUVS_1,Middle Spit SZ South,No-take,Bloom,2026-01_LongSpit_BRUVS_1,2026-01-26,2026-01-26,2.3918682817135775,-0.6998069578009658
BRUV,BRUVs,Middle/Long Spit - Middle Spit Sanctuary Zone,cap_period,Middle Spit outside North_2015-16_SA_MPA_UpperGSV_StereoBRUVS_1,Middle Spit outside North,Fished,Pre-bloom,2015-16_SA_MPA_UpperGSV_StereoBRUVS_1,2015-01-07,2015-01-07,-1.0804389158226804,2.473100776917619
BRUV,BRUVs,Middle/Long Spit - Middle Spit Sanctuary Zone,cap_period,Middle Spit outside North_2015-16_SA_MPA_UpperGSV_StereoBRUVS_2,Middle Spit outside North,Fished,Pre-bloom,2015-16_SA_MPA_UpperGSV_StereoBRUVS_2,2016-01-10,2016-01-10,-0.9108064743680837,0.16497200096455533
BRUV,BRUVs,Middle/Long Spit - Middle Spit Sanctuary Zone,cap_period,Middle Spit outside North_2026-01_LongSpit_BRUVS_1,Middle Spit outside North,Fished,Bloom,2026-01_LongSpit_BRUVS_1,2026-01-26,2026-01-26,1.5333719386981555,2.2935276976942274
BRUV,BRUVs,Middle/Long Spit - Middle Spit Sanctuary Zone,cap_period,Middle Spit outside South_2015-16_SA_MPA_UpperGSV_StereoBRUVS_1,Middle Spit outside South,Fished,Pre-bloom,2015-16_SA_MPA_UpperGSV_StereoBRUVS_1,2015-01-07,2015-01-07,-0.9688448937519423,0.7268102949891773
BRUV,BRUVs,Middle/Long Spit - Middle Spit Sanctuary Zone,cap_period,Middle Spit outside South_2015-16_SA_MPA_UpperGSV_StereoBRUVS_2,Middle Spit outside South,Fished,Pre-bloom,2015-16_SA_MPA_UpperGSV_StereoBRUVS_2,2016-01-10,2016-01-10,-1.2744140363062801,-1.2327148133224584
BRUV,BRUVs,Middle/Long Spit - Middle Spit Sanctuary Zone,cap_period,Middle Spit outside South_2026-01_LongSpit_BRUVS_1,Middle Spit outside South,Fished,Bloom,2026-01_LongSpit_BRUVS_1,2026-01-26,2026-01-26,1.7063880496272787,1.0856170299991024
BRUV,BRUVs,Middle/Long Spit - Middle Spit Sanctuary Zone,cap_status,Long spit_2014-09_GSVwinter.BRUVS_monoBRUVS_1,Long spit,Fished,Pre-bloom,2014-09_GSVwinter.BRUVS_monoBRUVS_1,2014-09-03,2014-09-03,-2.079572216596698,-0.5821063665673532
BRUV,BRUVs,Middle/Long Spit - Middle Spit Sanctuary Zone,cap_status,Long spit_2016-02_GSVsummer.BRUVS_MonoBRUVS_2,Long spit,Fished,Pre-bloom,2016-02_GSVsummer.BRUVS_MonoBRUVS_2,2016-03-11,2016-03-11,-1.4094982652276153,-0.9070320455768421
BRUV,BRUVs,Middle/Long Spit - Middle Spit Sanctuary Zone,cap_status,Long spit_2026-01_LongSpit_BRUVS_1,Long spit,Fished,Bloom,2026-01_LongSpit_BRUVS_1,2026-01-26,2026-01-26,1.115667365551017,1.9107486364504025
BRUV,BRUVs,Middle/Long Spit - Middle Spit Sanctuary Zone,cap_status,Middle Spit SZ North_2015-16_SA_MPA_UpperGSV_StereoBRUVS_1,Middle Spit SZ North,No-take,Pre-bloom,2015-16_SA_MPA_UpperGSV_StereoBRUVS_1,2015-01-07,2015-01-07,1.8049315568228612,-1.8877130784555152
BRUV,BRUVs,Middle/Long Spit - Middle Spit Sanctuary Zone,cap_status,Middle Spit SZ North_2015-16_SA_MPA_UpperGSV_StereoBRUVS_2,Middle Spit SZ North,No-take,Pre-bloom,2015-16_SA_MPA_UpperGSV_StereoBRUVS_2,2016-01-10,2016-01-10,-0.2253137108239577,-0.19888830696411347
BRUV,BRUVs,Middle/Long Spit - Middle Spit Sanctuary Zone,cap_status,Middle Spit SZ North_2026-01_LongSpit_BRUVS_1,Middle Spit SZ North,No-take,Bloom,2026-01_LongSpit_BRUVS_1,2026-01-26,2026-01-26,2.667209221802461,1.9706845021813792
BRUV,BRUVs,Middle/Long Spit - Middle Spit Sanctuary Zone,cap_status,Middle Spit SZ South_2015-16_SA_MPA_UpperGSV_StereoBRUVS_1,Middle Spit SZ South,No-take,Pre-bloom,2015-16_SA_MPA_UpperGSV_StereoBRUVS_1,2015-01-07,2015-01-07,2.4398688965986537,-1.229185227063295
BRUV,BRUVs,Middle/Long Spit - Middle Spit Sanctuary Zone,cap_status,Middle Spit SZ South_2015-16_SA_MPA_UpperGSV_StereoBRUVS_2,Middle Spit SZ South,No-take,Pre-bloom,2015-16_SA_MPA_UpperGSV_StereoBRUVS_2,2016-01-10,2016-01-10,1.3508798804178057,-0.8428310098247411
BRUV,BRUVs,Middle/Long Spit - Middle Spit Sanctuary Zone,cap_status,Middle Spit SZ South_2026-01_LongSpit_BRUVS_1,Middle Spit SZ South,No-take,Bloom,2026-01_LongSpit_BRUVS_1,2026-01-26,2026-01-26,2.039700172418967,2.187933120126284
BRUV,BRUVs,Middle/Long Spit - Middle Spit Sanctuary Zone,cap_status,Middle Spit outside North_2015-16_SA_MPA_UpperGSV_StereoBRUVS_1,Middle Spit outside North,Fished,Pre-bloom,2015-16_SA_MPA_UpperGSV_StereoBRUVS_1,2015-01-07,2015-01-07,-3.003059385968738,-0.9192085871780779
BRUV,BRUVs,Middle/Long Spit - Middle Spit Sanctuary Zone,cap_status,Middle Spit outside North_2015-16_SA_MPA_UpperGSV_StereoBRUVS_2,Middle Spit outside North,Fished,Pre-bloom,2015-16_SA_MPA_UpperGSV_StereoBRUVS_2,2016-01-10,2016-01-10,-1.1298078614795388,-0.7699171222635927
BRUV,BRUVs,Middle/Long Spit - Middle Spit Sanctuary Zone,cap_status,Middle Spit outside North_2026-01_LongSpit_BRUVS_1,Middle Spit outside North,Fished,Bloom,2026-01_LongSpit_BRUVS_1,2026-01-26,2026-01-26,-2.299748480768424,1.5326619465430023
BRUV,BRUVs,Middle/Long Spit - Middle Spit Sanctuary Zone,cap_status,Middle Spit outside South_2015-16_SA_MPA_UpperGSV_StereoBRUVS_1,Middle Spit outside South,Fished,Pre-bloom,2015-16_SA_MPA_UpperGSV_StereoBRUVS_1,2015-01-07,2015-01-07,-0.8278580724009239,-0.8727681482120339
BRUV,BRUVs,Middle/Long Spit - Middle Spit Sanctuary Zone,cap_status,Middle Spit outside South_2015-16_SA_MPA_UpperGSV_StereoBRUVS_2,Middle Spit outside South,Fished,Pre-bloom,2015-16_SA_MPA_UpperGSV_StereoBRUVS_2,2016-01-10,2016-01-10,-0.06721118142151979,-1.13983217103334
BRUV,BRUVs,Middle/Long Spit - Middle Spit Sanctuary Zone,cap_status,Middle Spit outside South_2026-01_LongSpit_BRUVS_1,Middle Spit outside South,Fished,Bloom,2026-01_LongSpit_BRUVS_1,2026-01-26,2026-01-26,-0.37618791892434955,1.7474538578378354
BRUV,BRUVs,O'Sullivan,pco,Noarlunga tyre reef_2015-04_Desal.BRUVS_monoBRUVS_1,Noarlunga tyre reef,Fished,Pre-bloom,2015-04_Desal.BRUVS_monoBRUVS_1,2015-04-28,2015-04-28,-1.6553583411988122,0.24807421590637901
BRUV,BRUVs,O'Sullivan,pco,Noarlunga tyre reef_2015-04_GSV_monoBRUVS_1,Noarlunga tyre reef,Fished,Pre-bloom,2015-04_GSV_monoBRUVS_1,2015-04-28,2015-04-28,-1.6920897538004012,0.21776758290263165
BRUV,BRUVs,O'Sullivan,pco,Noarlunga tyre reef_2015-10_Desal.BRUVS_monoBRUVS_1,Noarlunga tyre reef,Fished,Pre-bloom,2015-10_Desal.BRUVS_monoBRUVS_1,2015-10-09,2015-10-09,-1.5971365686529995,-0.2728557348364267
BRUV,BRUVs,O'Sullivan,pco,Noarlunga tyre reef_2015-10_GSV_monoBRUVS_1,Noarlunga tyre reef,Fished,Pre-bloom,2015-10_GSV_monoBRUVS_1,2015-10-09,2015-10-09,-1.6313038444063737,-0.22786315451613015
BRUV,BRUVs,O'Sullivan,pco,Noarlunga tyre reef_2025-11_OSullivan_BRUVS_1,Noarlunga tyre reef,Fished,Bloom,2025-11_OSullivan_BRUVS_1,2025-11-13,2025-11-13,-2.6436889114976303,-2.9761036651517347
BRUV,BRUVs,O'Sullivan,pco,Noarlunga tyre reef_2026-03_OSullivan_BRUVS_1,Noarlunga tyre reef,Fished,Bloom,2026-03_OSullivan_BRUVS_1,2026-03-06,2026-03-06,-1.0136494355192989,1.8999119924234693
BRUV,BRUVs,O'Sullivan,pco,O'Sullivan Shellfish Reef_202110-202110_SA_Shellfish Reef Monitoring_StereoBRUVS_1,O'Sullivan Shellfish Reef,Fished,Pre-bloom,202110-202110_SA_Shellfish Reef Monitoring_StereoBRUVS_1,2021-10-12,2021-10-12,1.070447512352172,1.7554449537487449
BRUV,BRUVs,O'Sullivan,pco,O'Sullivan Shellfish Reef_2022-12_OSullivan_BRUVS_1,O'Sullivan Shellfish Reef,Fished,Pre-bloom,2022-12_OSullivan_BRUVS_1,2022-12-01,2022-12-01,2.3716785682115593,0.009374344552989314
BRUV,BRUVs,O'Sullivan,pco,O'Sullivan Shellfish Reef_2023-12_OSullivan_BRUVS_1,O'Sullivan Shellfish Reef,Fished,Pre-bloom,2023-12_OSullivan_BRUVS_1,2023-12-01,2023-12-01,2.708605389127403,-0.22682004619529422
BRUV,BRUVs,O'Sullivan,pco,O'Sullivan Shellfish Reef_2024-12_OSullivan_BRUVS_1,O'Sullivan Shellfish Reef,Fished,Pre-bloom,2024-12_OSullivan_BRUVS_1,2024-12-19,2024-12-19,2.1893189661938095,-0.4569360449016533
BRUV,BRUVs,O'Sullivan,pco,O'Sullivan Shellfish Reef_2025-11_OSullivan_BRUVS_1,O'Sullivan Shellfish Reef,Fished,Bloom,2025-11_OSullivan_BRUVS_1,2025-11-13,2025-11-13,0.6961380485824814,-2.439276575913119
BRUV,BRUVs,O'Sullivan,pco,O'Sullivan Shellfish Reef_2026-03_OSullivan_BRUVS_1,O'Sullivan Shellfish Reef,Fished,Bloom,2026-03_OSullivan_BRUVS_1,2026-03-06,2026-03-06,2.315679359748154,-0.12744441485520142
BRUV,BRUVs,O'Sullivan,pco,O'Sullivan rocky reef_202110-202110_SA_Shellfish Reef Monitoring_StereoBRUVS_1,O'Sullivan rocky reef,Fished,Pre-bloom,202110-202110_SA_Shellfish Reef Monitoring_StereoBRUVS_1,2021-10-12,2021-10-12,-1.0176399192939733,0.5755546944703187
BRUV,BRUVs,O'Sullivan,pco,O'Sullivan rocky reef_2022-12_OSullivan_BRUVS_1,O'Sullivan rocky reef,Fished,Pre-bloom,2022-12_OSullivan_BRUVS_1,2022-12-01,2022-12-01,-0.3762949133393284,0.39929034514492606
BRUV,BRUVs,O'Sullivan,pco,O'Sullivan rocky reef_2023-12_OSullivan_BRUVS_1,O'Sullivan rocky reef,Fished,Pre-bloom,2023-12_OSullivan_BRUVS_1,2023-12-01,2023-12-01,-0.9555396670208818,0.9315530739536959
BRUV,BRUVs,O'Sullivan,pco,O'Sullivan rocky reef_2024-12_OSullivan_BRUVS_1,O'Sullivan rocky reef,Fished,Pre-bloom,2024-12_OSullivan_BRUVS_1,2024-12-19,2024-12-19,-0.320334574291913,0.6524525668400071
BRUV,BRUVs,O'Sullivan,pco,O'Sullivan rocky reef_2025-02_OSullivan_BRUVS_1,O'Sullivan rocky reef,Fished,Pre-bloom,2025-02_OSullivan_BRUVS_1,2025-02-04,2025-02-04,-1.418143180281178,0.9410855637089839
BRUV,BRUVs,O'Sullivan,pco,O'Sullivan rocky reef_2025-11_OSullivan_BRUVS_1,O'Sullivan rocky reef,Fished,Bloom,2025-11_OSullivan_BRUVS_1,2025-11-13,2025-11-13,-1.2454281193242804,-0.42349862004040595
BRUV,BRUVs,O'Sullivan,pco,O'Sullivan rocky reef_2026-03_OSullivan_BRUVS_1,O'Sullivan rocky reef,Fished,Bloom,2026-03_OSullivan_BRUVS_1,2026-03-06,2026-03-06,-0.7021729843564622,1.1961467009516948
BRUV,BRUVs,O'Sullivan,pco,O'Sullivan sand_202110-202110_SA_Shellfish Reef Monitoring_StereoBRUVS_1,O'Sullivan sand,Fished,Pre-bloom,202110-202110_SA_Shellfish Reef Monitoring_StereoBRUVS_1,2021-10-12,2021-10-12,0.3615097282377067,-1.725051850235834
BRUV,BRUVs,O'Sullivan,pco,O'Sullivan sand_2022-12_OSullivan_BRUVS_1,O'Sullivan sand,Fished,Pre-bloom,2022-12_OSullivan_BRUVS_1,2022-12-01,2022-12-01,1.4340688927223835,-0.16968229171611832
BRUV,BRUVs,O'Sullivan,pco,O'Sullivan sand_2023-12_OSullivan_BRUVS_1,O'Sullivan sand,Fished,Pre-bloom,2023-12_OSullivan_BRUVS_1,2023-12-01,2023-12-01,1.1766482432562544,-0.6881900964973368
BRUV,BRUVs,O'Sullivan,pco,O'Sullivan sand_2024-12_OSullivan_BRUVS_1,O'Sullivan sand,Fished,Pre-bloom,2024-12_OSullivan_BRUVS_1,2024-12-19,2024-12-19,2.2940436803216366,0.6149716099188016
BRUV,BRUVs,O'Sullivan,pco,O'Sullivan sand_2025-11_OSullivan_BRUVS_1,O'Sullivan sand,Fished,Bloom,2025-11_OSullivan_BRUVS_1,2025-11-13,2025-11-13,-0.6091387531791019,-2.165603414162195
BRUV,BRUVs,O'Sullivan,pco,O'Sullivan sand_2026-03_OSullivan_BRUVS_1,O'Sullivan sand,Fished,Bloom,2026-03_OSullivan_BRUVS_1,2026-03-06,2026-03-06,1.9428357225877122,-0.2174655671610693
BRUV,BRUVs,O'Sullivan,pco,Whitton Bluff_2025-02_OSullivan_BRUVS_1,Whitton Bluff,Fished,Pre-bloom,2025-02_OSullivan_BRUVS_1,2025-02-04,2025-02-04,-1.199963508496053,0.4171831024824346
BRUV,BRUVs,O'Sullivan,pco,Whitton Bluff_2025-11_OSullivan_BRUVS_1,Whitton Bluff,Fished,Bloom,2025-11_OSullivan_BRUVS_1,2025-11-13,2025-11-13,0.11010522320179186,0.6080717768463473
BRUV,BRUVs,O'Sullivan,pco,Whitton Bluff_2026-03_OSullivan_BRUVS_1,Whitton Bluff,Fished,Bloom,2026-03_OSullivan_BRUVS_1,2026-03-06,2026-03-06,-0.5931968598843793,1.6499089523311008
BRUV,BRUVs,O'Sullivan,cap_period,Noarlunga tyre reef_2015-04_Desal.BRUVS_monoBRUVS_1,Noarlunga tyre reef,Fished,Pre-bloom,2015-04_Desal.BRUVS_monoBRUVS_1,2015-04-28,2015-04-28,-0.3882731649860674,-0.8129877425929295
BRUV,BRUVs,O'Sullivan,cap_period,Noarlunga tyre reef_2015-04_GSV_monoBRUVS_1,Noarlunga tyre reef,Fished,Pre-bloom,2015-04_GSV_monoBRUVS_1,2015-04-28,2015-04-28,-0.4076955384553401,-0.8345347495208018
BRUV,BRUVs,O'Sullivan,cap_period,Noarlunga tyre reef_2015-10_Desal.BRUVS_monoBRUVS_1,Noarlunga tyre reef,Fished,Pre-bloom,2015-10_Desal.BRUVS_monoBRUVS_1,2015-10-09,2015-10-09,-0.4021331102857378,-0.7893985616947855
BRUV,BRUVs,O'Sullivan,cap_period,Noarlunga tyre reef_2015-10_GSV_monoBRUVS_1,Noarlunga tyre reef,Fished,Pre-bloom,2015-10_GSV_monoBRUVS_1,2015-10-09,2015-10-09,-0.39616609275005693,-0.8081976241457792
BRUV,BRUVs,O'Sullivan,cap_period,Noarlunga tyre reef_2025-11_OSullivan_BRUVS_1,Noarlunga tyre reef,Fished,Bloom,2025-11_OSullivan_BRUVS_1,2025-11-13,2025-11-13,1.425703460608014,-1.3667042961191498
BRUV,BRUVs,O'Sullivan,cap_period,Noarlunga tyre reef_2026-03_OSullivan_BRUVS_1,Noarlunga tyre reef,Fished,Bloom,2026-03_OSullivan_BRUVS_1,2026-03-06,2026-03-06,0.5209102254655363,-0.3977841925778151
BRUV,BRUVs,O'Sullivan,cap_period,O'Sullivan Shellfish Reef_202110-202110_SA_Shellfish Reef Monitoring_StereoBRUVS_1,O'Sullivan Shellfish Reef,Fished,Pre-bloom,202110-202110_SA_Shellfish Reef Monitoring_StereoBRUVS_1,2021-10-12,2021-10-12,-1.5205939100229573,0.5355077835007696
BRUV,BRUVs,O'Sullivan,cap_period,O'Sullivan Shellfish Reef_2022-12_OSullivan_BRUVS_1,O'Sullivan Shellfish Reef,Fished,Pre-bloom,2022-12_OSullivan_BRUVS_1,2022-12-01,2022-12-01,-0.4071382164354755,1.1024405241498263
BRUV,BRUVs,O'Sullivan,cap_period,O'Sullivan Shellfish Reef_2023-12_OSullivan_BRUVS_1,O'Sullivan Shellfish Reef,Fished,Pre-bloom,2023-12_OSullivan_BRUVS_1,2023-12-01,2023-12-01,-0.8738571033643391,1.2964859291130095
BRUV,BRUVs,O'Sullivan,cap_period,O'Sullivan Shellfish Reef_2024-12_OSullivan_BRUVS_1,O'Sullivan Shellfish Reef,Fished,Pre-bloom,2024-12_OSullivan_BRUVS_1,2024-12-19,2024-12-19,-0.3520559657766882,0.9978258707135735
BRUV,BRUVs,O'Sullivan,cap_period,O'Sullivan Shellfish Reef_2025-11_OSullivan_BRUVS_1,O'Sullivan Shellfish Reef,Fished,Bloom,2025-11_OSullivan_BRUVS_1,2025-11-13,2025-11-13,0.9029203019859889,0.4234806516668547
BRUV,BRUVs,O'Sullivan,cap_period,O'Sullivan Shellfish Reef_2026-03_OSullivan_BRUVS_1,O'Sullivan Shellfish Reef,Fished,Bloom,2026-03_OSullivan_BRUVS_1,2026-03-06,2026-03-06,0.31210526799208677,1.2027750152710321
BRUV,BRUVs,O'Sullivan,cap_period,O'Sullivan rocky reef_202110-202110_SA_Shellfish Reef Monitoring_StereoBRUVS_1,O'Sullivan rocky reef,Fished,Pre-bloom,202110-202110_SA_Shellfish Reef Monitoring_StereoBRUVS_1,2021-10-12,2021-10-12,-0.42578799521240696,-0.5627725427228644
BRUV,BRUVs,O'Sullivan,cap_period,O'Sullivan rocky reef_2022-12_OSullivan_BRUVS_1,O'Sullivan rocky reef,Fished,Pre-bloom,2022-12_OSullivan_BRUVS_1,2022-12-01,2022-12-01,-0.1840309460983919,-0.22213193543719906
BRUV,BRUVs,O'Sullivan,cap_period,O'Sullivan rocky reef_2023-12_OSullivan_BRUVS_1,O'Sullivan rocky reef,Fished,Pre-bloom,2023-12_OSullivan_BRUVS_1,2023-12-01,2023-12-01,-0.38191152506297593,-0.5147780534748452
BRUV,BRUVs,O'Sullivan,cap_period,O'Sullivan rocky reef_2024-12_OSullivan_BRUVS_1,O'Sullivan rocky reef,Fished,Pre-bloom,2024-12_OSullivan_BRUVS_1,2024-12-19,2024-12-19,-0.41443617037576713,-0.2101832206870959
BRUV,BRUVs,O'Sullivan,cap_period,O'Sullivan rocky reef_2025-02_OSullivan_BRUVS_1,O'Sullivan rocky reef,Fished,Pre-bloom,2025-02_OSullivan_BRUVS_1,2025-02-04,2025-02-04,-0.7544275484113444,-0.7988348772454886
BRUV,BRUVs,O'Sullivan,cap_period,O'Sullivan rocky reef_2025-11_OSullivan_BRUVS_1,O'Sullivan rocky reef,Fished,Bloom,2025-11_OSullivan_BRUVS_1,2025-11-13,2025-11-13,1.4574801794044379,-0.5030276952490429
BRUV,BRUVs,O'Sullivan,cap_period,O'Sullivan rocky reef_2026-03_OSullivan_BRUVS_1,O'Sullivan rocky reef,Fished,Bloom,2026-03_OSullivan_BRUVS_1,2026-03-06,2026-03-06,1.2317766568708195,-0.20089016504526272
BRUV,BRUVs,O'Sullivan,cap_period,O'Sullivan sand_202110-202110_SA_Shellfish Reef Monitoring_StereoBRUVS_1,O'Sullivan sand,Fished,Pre-bloom,202110-202110_SA_Shellfish Reef Monitoring_StereoBRUVS_1,2021-10-12,2021-10-12,-0.7861437664122187,0.10246350050727251
BRUV,BRUVs,O'Sullivan,cap_period,O'Sullivan sand_2022-12_OSullivan_BRUVS_1,O'Sullivan sand,Fished,Pre-bloom,2022-12_OSullivan_BRUVS_1,2022-12-01,2022-12-01,-0.5813086201175608,0.6448259314530232
BRUV,BRUVs,O'Sullivan,cap_period,O'Sullivan sand_2023-12_OSullivan_BRUVS_1,O'Sullivan sand,Fished,Pre-bloom,2023-12_OSullivan_BRUVS_1,2023-12-01,2023-12-01,-0.27890514769468217,0.48670038807571875
BRUV,BRUVs,O'Sullivan,cap_period,O'Sullivan sand_2024-12_OSullivan_BRUVS_1,O'Sullivan sand,Fished,Pre-bloom,2024-12_OSullivan_BRUVS_1,2024-12-19,2024-12-19,-0.8307583803490619,1.1089925289449625
BRUV,BRUVs,O'Sullivan,cap_period,O'Sullivan sand_2025-11_OSullivan_BRUVS_1,O'Sullivan sand,Fished,Bloom,2025-11_OSullivan_BRUVS_1,2025-11-13,2025-11-13,1.343433145327845,-0.18839640123900656
BRUV,BRUVs,O'Sullivan,cap_period,O'Sullivan sand_2026-03_OSullivan_BRUVS_1,O'Sullivan sand,Fished,Bloom,2026-03_OSullivan_BRUVS_1,2026-03-06,2026-03-06,0.6019312747746557,0.9994079645081397
BRUV,BRUVs,O'Sullivan,cap_period,Whitton Bluff_2025-02_OSullivan_BRUVS_1,Whitton Bluff,Fished,Pre-bloom,2025-02_OSullivan_BRUVS_1,2025-02-04,2025-02-04,-0.6222660751233314,-0.7214231489363664
BRUV,BRUVs,O'Sullivan,cap_period,Whitton Bluff_2025-11_OSullivan_BRUVS_1,Whitton Bluff,Fished,Bloom,2025-11_OSullivan_BRUVS_1,2025-11-13,2025-11-13,1.111452277858798,0.18955226800948466
BRUV,BRUVs,O'Sullivan,cap_period,Whitton Bluff_2026-03_OSullivan_BRUVS_1,Whitton Bluff,Fished,Bloom,2026-03_OSullivan_BRUVS_1,2026-03-06,2026-03-06,1.1001764866462225,-0.15841314922523508
BRUV,BRUVs,Offshore Ardrossan - Offshore Ardrossan Sanctuary Zone,pco,Offshore Ardrossan SZ_2014-09_GSVwinter.BRUVS_monoBRUVS_1,Offshore Ardrossan SZ,No-take,Pre-bloom,2014-09_GSVwinter.BRUVS_monoBRUVS_1,2014-09-03,2014-09-03,-0.4334911579246946,1.3448023289905402
BRUV,BRUVs,Offshore Ardrossan - Offshore Ardrossan Sanctuary Zone,pco,Offshore Ardrossan SZ_2016-02_GSVsummer.BRUVS_MonoBRUVS_2,Offshore Ardrossan SZ,No-take,Pre-bloom,2016-02_GSVsummer.BRUVS_MonoBRUVS_2,2016-03-11,2016-03-11,1.5636379732897967,1.327081391460364
BRUV,BRUVs,Offshore Ardrossan - Offshore Ardrossan Sanctuary Zone,pco,Offshore Ardrossan SZ_2025-10_OffshoreArdrossan_BRUVS_1,Offshore Ardrossan SZ,No-take,Bloom,2025-10_OffshoreArdrossan_BRUVS_1,2025-10-13,2025-10-13,-0.20982961012527393,-0.48403840792573516
BRUV,BRUVs,Offshore Ardrossan - Offshore Ardrossan Sanctuary Zone,pco,Offshore Ardrossan SZ Zanoni Shipwreck_2014-09_GSVwinter.BRUVS_monoBRUVS_1,Offshore Ardrossan SZ Zanoni Shipwreck,No-take,Pre-bloom,2014-09_GSVwinter.BRUVS_monoBRUVS_1,2014-09-03,2014-09-03,0.3315457600617406,-0.6076751100639349
BRUV,BRUVs,Offshore Ardrossan - Offshore Ardrossan Sanctuary Zone,pco,Offshore Ardrossan SZ Zanoni Shipwreck_2016-02_GSVsummer.BRUVS_MonoBRUVS_2,Offshore Ardrossan SZ Zanoni Shipwreck,No-take,Pre-bloom,2016-02_GSVsummer.BRUVS_MonoBRUVS_2,2016-03-11,2016-03-11,1.379172191435903,-1.0420066042844116
BRUV,BRUVs,Offshore Ardrossan - Offshore Ardrossan Sanctuary Zone,pco,Offshore Ardrossan SZ Zanoni Shipwreck_2015-201706_SA_MPA_StereoBRUVS_6,Offshore Ardrossan SZ Zanoni Shipwreck,No-take,Pre-bloom,2015-201706_SA_MPA_StereoBRUVS_6,2016-11-03,2016-11-03,0.3598916509751569,-0.9718270261867965
BRUV,BRUVs,Offshore Ardrossan - Offshore Ardrossan Sanctuary Zone,pco,Offshore Ardrossan SZ Zanoni Shipwreck_2025-10_OffshoreArdrossan_BRUVS_1,Offshore Ardrossan SZ Zanoni Shipwreck,No-take,Bloom,2025-10_OffshoreArdrossan_BRUVS_1,2025-10-13,2025-10-13,-1.3973711605552126,-0.130483872867397
BRUV,BRUVs,Offshore Ardrossan - Offshore Ardrossan Sanctuary Zone,pco,Offshore Ardrossan outside North_2015-201706_SA_MPA_StereoBRUVS_6,Offshore Ardrossan outside North,Fished,Pre-bloom,2015-201706_SA_MPA_StereoBRUVS_6,2016-11-03,2016-11-03,-0.53914844968514,0.6878630890049046
BRUV,BRUVs,Offshore Ardrossan - Offshore Ardrossan Sanctuary Zone,pco,Offshore Ardrossan outside North_2025-10_OffshoreArdrossan_BRUVS_1,Offshore Ardrossan outside North,Fished,Bloom,2025-10_OffshoreArdrossan_BRUVS_1,2025-10-13,2025-10-13,-1.133367438989305,-0.9323893355005446
BRUV,BRUVs,Offshore Ardrossan - Offshore Ardrossan Sanctuary Zone,pco,Offshore Ardrossan outside South_2014-09_GSVwinter.BRUVS_monoBRUVS_1,Offshore Ardrossan outside South,Fished,Pre-bloom,2014-09_GSVwinter.BRUVS_monoBRUVS_1,2014-09-03,2014-09-03,-0.5189654100201282,1.0493094173822946
BRUV,BRUVs,Offshore Ardrossan - Offshore Ardrossan Sanctuary Zone,pco,Offshore Ardrossan outside South_2016-02_GSVsummer.BRUVS_MonoBRUVS_2,Offshore Ardrossan outside South,Fished,Pre-bloom,2016-02_GSVsummer.BRUVS_MonoBRUVS_2,2016-03-11,2016-03-11,1.663304788598437,-0.2076119865995048
BRUV,BRUVs,Offshore Ardrossan - Offshore Ardrossan Sanctuary Zone,pco,Offshore Ardrossan outside South_2015-201706_SA_MPA_StereoBRUVS_6,Offshore Ardrossan outside South,Fished,Pre-bloom,2015-201706_SA_MPA_StereoBRUVS_6,2016-11-03,2016-11-03,0.18752484389589105,0.26029630065627435
BRUV,BRUVs,Offshore Ardrossan - Offshore Ardrossan Sanctuary Zone,pco,Offshore Ardrossan outside South_2025-10_OffshoreArdrossan_BRUVS_1,Offshore Ardrossan outside South,Fished,Bloom,2025-10_OffshoreArdrossan_BRUVS_1,2025-10-13,2025-10-13,-1.252903980957177,-0.29332018406605337
BRUV,BRUVs,Offshore Ardrossan - Offshore Ardrossan Sanctuary Zone,cap_period,Offshore Ardrossan SZ_2014-09_GSVwinter.BRUVS_monoBRUVS_1,Offshore Ardrossan SZ,No-take,Pre-bloom,2014-09_GSVwinter.BRUVS_monoBRUVS_1,2014-09-03,2014-09-03,-0.5697837865688967,-2.0960602484562028
BRUV,BRUVs,Offshore Ardrossan - Offshore Ardrossan Sanctuary Zone,cap_period,Offshore Ardrossan SZ_2016-02_GSVsummer.BRUVS_MonoBRUVS_2,Offshore Ardrossan SZ,No-take,Pre-bloom,2016-02_GSVsummer.BRUVS_MonoBRUVS_2,2016-03-11,2016-03-11,-2.341630865948304,0.4875134133032401
BRUV,BRUVs,Offshore Ardrossan - Offshore Ardrossan Sanctuary Zone,cap_period,Offshore Ardrossan SZ_2025-10_OffshoreArdrossan_BRUVS_1,Offshore Ardrossan SZ,No-take,Bloom,2025-10_OffshoreArdrossan_BRUVS_1,2025-10-13,2025-10-13,1.1750548495670068,0.9638888067178453
BRUV,BRUVs,Offshore Ardrossan - Offshore Ardrossan Sanctuary Zone,cap_period,Offshore Ardrossan SZ Zanoni Shipwreck_2014-09_GSVwinter.BRUVS_monoBRUVS_1,Offshore Ardrossan SZ Zanoni Shipwreck,No-take,Pre-bloom,2014-09_GSVwinter.BRUVS_monoBRUVS_1,2014-09-03,2014-09-03,-0.500904269620751,0.5054251493218117
BRUV,BRUVs,Offshore Ardrossan - Offshore Ardrossan Sanctuary Zone,cap_period,Offshore Ardrossan SZ Zanoni Shipwreck_2016-02_GSVsummer.BRUVS_MonoBRUVS_2,Offshore Ardrossan SZ Zanoni Shipwreck,No-take,Pre-bloom,2016-02_GSVsummer.BRUVS_MonoBRUVS_2,2016-03-11,2016-03-11,-1.4804452056111252,2.147970519969408
BRUV,BRUVs,Offshore Ardrossan - Offshore Ardrossan Sanctuary Zone,cap_period,Offshore Ardrossan SZ Zanoni Shipwreck_2015-201706_SA_MPA_StereoBRUVS_6,Offshore Ardrossan SZ Zanoni Shipwreck,No-take,Pre-bloom,2015-201706_SA_MPA_StereoBRUVS_6,2016-11-03,2016-11-03,-0.5014083002114957,0.8191323200428408
BRUV,BRUVs,Offshore Ardrossan - Offshore Ardrossan Sanctuary Zone,cap_period,Offshore Ardrossan SZ Zanoni Shipwreck_2025-10_OffshoreArdrossan_BRUVS_1,Offshore Ardrossan SZ Zanoni Shipwreck,No-take,Bloom,2025-10_OffshoreArdrossan_BRUVS_1,2025-10-13,2025-10-13,2.1270010878439445,-0.8274902046428808
BRUV,BRUVs,Offshore Ardrossan - Offshore Ardrossan Sanctuary Zone,cap_period,Offshore Ardrossan outside North_2015-201706_SA_MPA_StereoBRUVS_6,Offshore Ardrossan outside North,Fished,Pre-bloom,2015-201706_SA_MPA_StereoBRUVS_6,2016-11-03,2016-11-03,-0.29184995523251717,-1.7381237138397974
BRUV,BRUVs,Offshore Ardrossan - Offshore Ardrossan Sanctuary Zone,cap_period,Offshore Ardrossan outside North_2025-10_OffshoreArdrossan_BRUVS_1,Offshore Ardrossan outside North,Fished,Bloom,2025-10_OffshoreArdrossan_BRUVS_1,2025-10-13,2025-10-13,2.3779401236747604,0.2910200699052499
BRUV,BRUVs,Offshore Ardrossan - Offshore Ardrossan Sanctuary Zone,cap_period,Offshore Ardrossan outside South_2014-09_GSVwinter.BRUVS_monoBRUVS_1,Offshore Ardrossan outside South,Fished,Pre-bloom,2014-09_GSVwinter.BRUVS_monoBRUVS_1,2014-09-03,2014-09-03,-0.1485844134440031,-1.8542648992438335
BRUV,BRUVs,Offshore Ardrossan - Offshore Ardrossan Sanctuary Zone,cap_period,Offshore Ardrossan outside South_2016-02_GSVsummer.BRUVS_MonoBRUVS_2,Offshore Ardrossan outside South,Fished,Pre-bloom,2016-02_GSVsummer.BRUVS_MonoBRUVS_2,2016-03-11,2016-03-11,-1.6313267823349922,1.9788607140671737
BRUV,BRUVs,Offshore Ardrossan - Offshore Ardrossan Sanctuary Zone,cap_period,Offshore Ardrossan outside South_2015-201706_SA_MPA_StereoBRUVS_6,Offshore Ardrossan outside South,Fished,Pre-bloom,2015-201706_SA_MPA_StereoBRUVS_6,2016-11-03,2016-11-03,-0.42592860195730897,-0.2504532551646414
BRUV,BRUVs,Offshore Ardrossan - Offshore Ardrossan Sanctuary Zone,cap_period,Offshore Ardrossan outside South_2025-10_OffshoreArdrossan_BRUVS_1,Offshore Ardrossan outside South,Fished,Bloom,2025-10_OffshoreArdrossan_BRUVS_1,2025-10-13,2025-10-13,2.2118661198436826,-0.42741867198021394
BRUV,BRUVs,Offshore Ardrossan - Offshore Ardrossan Sanctuary Zone,cap_status,Offshore Ardrossan SZ_2014-09_GSVwinter.BRUVS_monoBRUVS_1,Offshore Ardrossan SZ,No-take,Pre-bloom,2014-09_GSVwinter.BRUVS_monoBRUVS_1,2014-09-03,2014-09-03,-1.0981065579497018,-0.9118588550956452
BRUV,BRUVs,Offshore Ardrossan - Offshore Ardrossan Sanctuary Zone,cap_status,Offshore Ardrossan SZ_2016-02_GSVsummer.BRUVS_MonoBRUVS_2,Offshore Ardrossan SZ,No-take,Pre-bloom,2016-02_GSVsummer.BRUVS_MonoBRUVS_2,2016-03-11,2016-03-11,-1.0482350882615272,2.039266514455598
BRUV,BRUVs,Offshore Ardrossan - Offshore Ardrossan Sanctuary Zone,cap_status,Offshore Ardrossan SZ_2025-10_OffshoreArdrossan_BRUVS_1,Offshore Ardrossan SZ,No-take,Bloom,2025-10_OffshoreArdrossan_BRUVS_1,2025-10-13,2025-10-13,-0.35314483050858936,-0.5839077661016342
BRUV,BRUVs,Offshore Ardrossan - Offshore Ardrossan Sanctuary Zone,cap_status,Offshore Ardrossan SZ Zanoni Shipwreck_2014-09_GSVwinter.BRUVS_monoBRUVS_1,Offshore Ardrossan SZ Zanoni Shipwreck,No-take,Pre-bloom,2014-09_GSVwinter.BRUVS_monoBRUVS_1,2014-09-03,2014-09-03,-2.281631640511383,0.05295888079508081
BRUV,BRUVs,Offshore Ardrossan - Offshore Ardrossan Sanctuary Zone,cap_status,Offshore Ardrossan SZ Zanoni Shipwreck_2016-02_GSVsummer.BRUVS_MonoBRUVS_2,Offshore Ardrossan SZ Zanoni Shipwreck,No-take,Pre-bloom,2016-02_GSVsummer.BRUVS_MonoBRUVS_2,2016-03-11,2016-03-11,-2.8001075211546254,1.4940567296758482
BRUV,BRUVs,Offshore Ardrossan - Offshore Ardrossan Sanctuary Zone,cap_status,Offshore Ardrossan SZ Zanoni Shipwreck_2015-201706_SA_MPA_StereoBRUVS_6,Offshore Ardrossan SZ Zanoni Shipwreck,No-take,Pre-bloom,2015-201706_SA_MPA_StereoBRUVS_6,2016-11-03,2016-11-03,-2.5112659936969997,0.027460651576502418
BRUV,BRUVs,Offshore Ardrossan - Offshore Ardrossan Sanctuary Zone,cap_status,Offshore Ardrossan SZ Zanoni Shipwreck_2025-10_OffshoreArdrossan_BRUVS_1,Offshore Ardrossan SZ Zanoni Shipwreck,No-take,Bloom,2025-10_OffshoreArdrossan_BRUVS_1,2025-10-13,2025-10-13,1.568306228387005,-2.1179761553057497
BRUV,BRUVs,Offshore Ardrossan - Offshore Ardrossan Sanctuary Zone,cap_status,Offshore Ardrossan outside North_2015-201706_SA_MPA_StereoBRUVS_6,Offshore Ardrossan outside North,Fished,Pre-bloom,2015-201706_SA_MPA_StereoBRUVS_6,2016-11-03,2016-11-03,3.809191876865969,-0.1745864855729645
BRUV,BRUVs,Offshore Ardrossan - Offshore Ardrossan Sanctuary Zone,cap_status,Offshore Ardrossan outside North_2025-10_OffshoreArdrossan_BRUVS_1,Offshore Ardrossan outside North,Fished,Bloom,2025-10_OffshoreArdrossan_BRUVS_1,2025-10-13,2025-10-13,2.843160577499536,-1.2040453643977513
BRUV,BRUVs,Offshore Ardrossan - Offshore Ardrossan Sanctuary Zone,cap_status,Offshore Ardrossan outside South_2014-09_GSVwinter.BRUVS_monoBRUVS_1,Offshore Ardrossan outside South,Fished,Pre-bloom,2014-09_GSVwinter.BRUVS_monoBRUVS_1,2014-09-03,2014-09-03,0.7566364714850956,-0.37461611699443603
BRUV,BRUVs,Offshore Ardrossan - Offshore Ardrossan Sanctuary Zone,cap_status,Offshore Ardrossan outside South_2016-02_GSVsummer.BRUVS_MonoBRUVS_2,Offshore Ardrossan outside South,Fished,Pre-bloom,2016-02_GSVsummer.BRUVS_MonoBRUVS_2,2016-03-11,2016-03-11,-1.636818415973155,2.5387259581053034
BRUV,BRUVs,Offshore Ardrossan - Offshore Ardrossan Sanctuary Zone,cap_status,Offshore Ardrossan outside South_2015-201706_SA_MPA_StereoBRUVS_6,Offshore Ardrossan outside South,Fished,Pre-bloom,2015-201706_SA_MPA_StereoBRUVS_6,2016-11-03,2016-11-03,0.8122561688881476,0.6230728306028795
BRUV,BRUVs,Offshore Ardrossan - Offshore Ardrossan Sanctuary Zone,cap_status,Offshore Ardrossan outside South_2025-10_OffshoreArdrossan_BRUVS_1,Offshore Ardrossan outside South,Fished,Bloom,2025-10_OffshoreArdrossan_BRUVS_1,2025-10-13,2025-10-13,1.9397587249302313,-1.4085508217430307
BRUV,BRUVs,Port Gibbon - Port Gibbon Sanctuary Zone,pco,Port Gibbon SZ North_2015-201706_SA_MPA_StereoBRUVS_9,Port Gibbon SZ North,No-take,Pre-bloom,2015-201706_SA_MPA_StereoBRUVS_9,2017-02-03,2017-02-03,0.8246655952018884,-0.4242085102685484
BRUV,BRUVs,Port Gibbon - Port Gibbon Sanctuary Zone,pco,Port Gibbon SZ North_2025-11_PortGibbon_BRUVS_1,Port Gibbon SZ North,No-take,Bloom,2025-11_PortGibbon_BRUVS_1,2025-11-14,2025-11-14,-0.927857865353672,-0.20181828241814503
BRUV,BRUVs,Port Gibbon - Port Gibbon Sanctuary Zone,pco,Port Gibbon SZ South_2015-201706_SA_MPA_StereoBRUVS_9,Port Gibbon SZ South,No-take,Pre-bloom,2015-201706_SA_MPA_StereoBRUVS_9,2017-02-03,2017-02-03,0.7531121910367362,-0.6453197942968506
BRUV,BRUVs,Port Gibbon - Port Gibbon Sanctuary Zone,pco,Port Gibbon SZ South_2025-11_PortGibbon_BRUVS_1,Port Gibbon SZ South,No-take,Bloom,2025-11_PortGibbon_BRUVS_1,2025-11-14,2025-11-14,-1.3608417425918493,-0.5558266602154334
BRUV,BRUVs,Port Gibbon - Port Gibbon Sanctuary Zone,pco,Port Gibbon SZ central_2015-201706_SA_MPA_StereoBRUVS_9,Port Gibbon SZ central,No-take,Pre-bloom,2015-201706_SA_MPA_StereoBRUVS_9,2017-02-03,2017-02-03,0.7871557451614153,-0.4178645796910415
BRUV,BRUVs,Port Gibbon - Port Gibbon Sanctuary Zone,pco,Port Gibbon SZ central_2025-11_PortGibbon_BRUVS_1,Port Gibbon SZ central,No-take,Bloom,2025-11_PortGibbon_BRUVS_1,2025-11-14,2025-11-14,-0.8774418841499554,0.34237196135168857
BRUV,BRUVs,Port Gibbon - Port Gibbon Sanctuary Zone,pco,Port Gibbon outside North_2015-201706_SA_MPA_StereoBRUVS_9,Port Gibbon outside North,Fished,Pre-bloom,2015-201706_SA_MPA_StereoBRUVS_9,2017-02-03,2017-02-03,0.6701537198039185,0.8806246584787519
BRUV,BRUVs,Port Gibbon - Port Gibbon Sanctuary Zone,pco,Port Gibbon outside North_2025-11_PortGibbon_BRUVS_1,Port Gibbon outside North,Fished,Bloom,2025-11_PortGibbon_BRUVS_1,2025-11-14,2025-11-14,-0.20170676692808304,-0.5398182887036496
BRUV,BRUVs,Port Gibbon - Port Gibbon Sanctuary Zone,pco,Port Gibbon outside South_2015-201706_SA_MPA_StereoBRUVS_9,Port Gibbon outside South,Fished,Pre-bloom,2015-201706_SA_MPA_StereoBRUVS_9,2017-02-03,2017-02-03,0.787689627290371,0.5001753548604249
BRUV,BRUVs,Port Gibbon - Port Gibbon Sanctuary Zone,pco,Port Gibbon outside South_2025-11_PortGibbon_BRUVS_1,Port Gibbon outside South,Fished,Bloom,2025-11_PortGibbon_BRUVS_1,2025-11-14,2025-11-14,-0.5735905142947056,0.9369589934409838
BRUV,BRUVs,Port Gibbon - Port Gibbon Sanctuary Zone,pco,Port Gibbon outside central_2015-201706_SA_MPA_StereoBRUVS_9,Port Gibbon outside central,Fished,Pre-bloom,2015-201706_SA_MPA_StereoBRUVS_9,2017-02-03,2017-02-03,0.9172260899724198,0.03818856357165783
BRUV,BRUVs,Port Gibbon - Port Gibbon Sanctuary Zone,pco,Port Gibbon outside central_2025-11_PortGibbon_BRUVS_1,Port Gibbon outside central,Fished,Bloom,2025-11_PortGibbon_BRUVS_1,2025-11-14,2025-11-14,-0.7985641951484831,0.08653658389015825
BRUV,BRUVs,Port Gibbon - Port Gibbon Sanctuary Zone,cap_period,Port Gibbon SZ North_2015-201706_SA_MPA_StereoBRUVS_9,Port Gibbon SZ North,No-take,Pre-bloom,2015-201706_SA_MPA_StereoBRUVS_9,2017-02-03,2017-02-03,-1.216385102952937,0.6415969583947705
BRUV,BRUVs,Port Gibbon - Port Gibbon Sanctuary Zone,cap_period,Port Gibbon SZ North_2025-11_PortGibbon_BRUVS_1,Port Gibbon SZ North,No-take,Bloom,2025-11_PortGibbon_BRUVS_1,2025-11-14,2025-11-14,1.299206053949425,0.5167732691078275
BRUV,BRUVs,Port Gibbon - Port Gibbon Sanctuary Zone,cap_period,Port Gibbon SZ South_2015-201706_SA_MPA_StereoBRUVS_9,Port Gibbon SZ South,No-take,Pre-bloom,2015-201706_SA_MPA_StereoBRUVS_9,2017-02-03,2017-02-03,-1.0681904054011981,0.3188726400516528
BRUV,BRUVs,Port Gibbon - Port Gibbon Sanctuary Zone,cap_period,Port Gibbon SZ South_2025-11_PortGibbon_BRUVS_1,Port Gibbon SZ South,No-take,Bloom,2025-11_PortGibbon_BRUVS_1,2025-11-14,2025-11-14,1.6568531597031253,3.182393316139771
BRUV,BRUVs,Port Gibbon - Port Gibbon Sanctuary Zone,cap_period,Port Gibbon SZ central_2015-201706_SA_MPA_StereoBRUVS_9,Port Gibbon SZ central,No-take,Pre-bloom,2015-201706_SA_MPA_StereoBRUVS_9,2017-02-03,2017-02-03,-1.0512998381613012,-0.44718665648252776
BRUV,BRUVs,Port Gibbon - Port Gibbon Sanctuary Zone,cap_period,Port Gibbon SZ central_2025-11_PortGibbon_BRUVS_1,Port Gibbon SZ central,No-take,Bloom,2025-11_PortGibbon_BRUVS_1,2025-11-14,2025-11-14,1.2693998005056475,-0.6085646295919793
BRUV,BRUVs,Port Gibbon - Port Gibbon Sanctuary Zone,cap_period,Port Gibbon outside North_2015-201706_SA_MPA_StereoBRUVS_9,Port Gibbon outside North,Fished,Pre-bloom,2015-201706_SA_MPA_StereoBRUVS_9,2017-02-03,2017-02-03,-1.0070368753688608,-0.6876771852070075
BRUV,BRUVs,Port Gibbon - Port Gibbon Sanctuary Zone,cap_period,Port Gibbon outside North_2025-11_PortGibbon_BRUVS_1,Port Gibbon outside North,Fished,Bloom,2025-11_PortGibbon_BRUVS_1,2025-11-14,2025-11-14,0.4817098320201663,-0.7253137969560918
BRUV,BRUVs,Port Gibbon - Port Gibbon Sanctuary Zone,cap_period,Port Gibbon outside South_2015-201706_SA_MPA_StereoBRUVS_9,Port Gibbon outside South,Fished,Pre-bloom,2015-201706_SA_MPA_StereoBRUVS_9,2017-02-03,2017-02-03,-1.160039511397542,-0.18288108125891972
BRUV,BRUVs,Port Gibbon - Port Gibbon Sanctuary Zone,cap_period,Port Gibbon outside South_2025-11_PortGibbon_BRUVS_1,Port Gibbon outside South,Fished,Bloom,2025-11_PortGibbon_BRUVS_1,2025-11-14,2025-11-14,0.9028445285525378,-1.40356085335327
BRUV,BRUVs,Port Gibbon - Port Gibbon Sanctuary Zone,cap_period,Port Gibbon outside central_2015-201706_SA_MPA_StereoBRUVS_9,Port Gibbon outside central,Fished,Pre-bloom,2015-201706_SA_MPA_StereoBRUVS_9,2017-02-03,2017-02-03,-1.3234621210198632,0.35727532450203164
BRUV,BRUVs,Port Gibbon - Port Gibbon Sanctuary Zone,cap_period,Port Gibbon outside central_2025-11_PortGibbon_BRUVS_1,Port Gibbon outside central,Fished,Bloom,2025-11_PortGibbon_BRUVS_1,2025-11-14,2025-11-14,1.216400479570799,-0.9617273053462567
BRUV,BRUVs,Port Gibbon - Port Gibbon Sanctuary Zone,cap_status,Port Gibbon SZ North_2015-201706_SA_MPA_StereoBRUVS_9,Port Gibbon SZ North,No-take,Pre-bloom,2015-201706_SA_MPA_StereoBRUVS_9,2017-02-03,2017-02-03,-0.55326584505464,-1.331955832154372
BRUV,BRUVs,Port Gibbon - Port Gibbon Sanctuary Zone,cap_status,Port Gibbon SZ North_2025-11_PortGibbon_BRUVS_1,Port Gibbon SZ North,No-take,Bloom,2025-11_PortGibbon_BRUVS_1,2025-11-14,2025-11-14,-1.45122874536695,1.1119045235346372
BRUV,BRUVs,Port Gibbon - Port Gibbon Sanctuary Zone,cap_status,Port Gibbon SZ South_2015-201706_SA_MPA_StereoBRUVS_9,Port Gibbon SZ South,No-take,Pre-bloom,2015-201706_SA_MPA_StereoBRUVS_9,2017-02-03,2017-02-03,-1.159439643350527,-1.2601501932399433
BRUV,BRUVs,Port Gibbon - Port Gibbon Sanctuary Zone,cap_status,Port Gibbon SZ South_2025-11_PortGibbon_BRUVS_1,Port Gibbon SZ South,No-take,Bloom,2025-11_PortGibbon_BRUVS_1,2025-11-14,2025-11-14,-2.599509938072969,1.6573667261034435
BRUV,BRUVs,Port Gibbon - Port Gibbon Sanctuary Zone,cap_status,Port Gibbon SZ central_2015-201706_SA_MPA_StereoBRUVS_9,Port Gibbon SZ central,No-take,Pre-bloom,2015-201706_SA_MPA_StereoBRUVS_9,2017-02-03,2017-02-03,-0.48874387046396567,-1.2727017175989417
BRUV,BRUVs,Port Gibbon - Port Gibbon Sanctuary Zone,cap_status,Port Gibbon SZ central_2025-11_PortGibbon_BRUVS_1,Port Gibbon SZ central,No-take,Bloom,2025-11_PortGibbon_BRUVS_1,2025-11-14,2025-11-14,-0.5742258119926551,1.0955364933551752
BRUV,BRUVs,Port Gibbon - Port Gibbon Sanctuary Zone,cap_status,Port Gibbon outside North_2015-201706_SA_MPA_StereoBRUVS_9,Port Gibbon outside North,Fished,Pre-bloom,2015-201706_SA_MPA_StereoBRUVS_9,2017-02-03,2017-02-03,2.2666557858482963,-0.6936627102665875
BRUV,BRUVs,Port Gibbon - Port Gibbon Sanctuary Zone,cap_status,Port Gibbon outside North_2025-11_PortGibbon_BRUVS_1,Port Gibbon outside North,Fished,Bloom,2025-11_PortGibbon_BRUVS_1,2025-11-14,2025-11-14,0.06405375766538866,0.40580473923678495
BRUV,BRUVs,Port Gibbon - Port Gibbon Sanctuary Zone,cap_status,Port Gibbon outside South_2015-201706_SA_MPA_StereoBRUVS_9,Port Gibbon outside South,Fished,Pre-bloom,2015-201706_SA_MPA_StereoBRUVS_9,2017-02-03,2017-02-03,1.7411887482897062,-0.8945763706813057
BRUV,BRUVs,Port Gibbon - Port Gibbon Sanctuary Zone,cap_status,Port Gibbon outside South_2025-11_PortGibbon_BRUVS_1,Port Gibbon outside South,Fished,Bloom,2025-11_PortGibbon_BRUVS_1,2025-11-14,2025-11-14,0.9722244993452449,1.0069198486765156
BRUV,BRUVs,Port Gibbon - Port Gibbon Sanctuary Zone,cap_status,Port Gibbon outside central_2015-201706_SA_MPA_StereoBRUVS_9,Port Gibbon outside central,Fished,Pre-bloom,2015-201706_SA_MPA_StereoBRUVS_9,2017-02-03,2017-02-03,1.208132054651287,-1.1148763791746743
BRUV,BRUVs,Port Gibbon - Port Gibbon Sanctuary Zone,cap_status,Port Gibbon outside central_2025-11_PortGibbon_BRUVS_1,Port Gibbon outside central,Fished,Bloom,2025-11_PortGibbon_BRUVS_1,2025-11-14,2025-11-14,0.5741590085017837,1.2903908722092676
BRUV,BRUVs,Port Noarlunga - Port Noarlunga Reef Sanctuary Zone,pco,Port Noarlunga Reef SZ_2015-04_Desal.BRUVS_monoBRUVS_1,Port Noarlunga Reef SZ,No-take,Pre-bloom,2015-04_Desal.BRUVS_monoBRUVS_1,2015-04-28,2015-04-28,-2.072576170741426,-0.0446587043381445
BRUV,BRUVs,Port Noarlunga - Port Noarlunga Reef Sanctuary Zone,pco,Port Noarlunga Reef SZ_2015-04_GSV_monoBRUVS_1,Port Noarlunga Reef SZ,No-take,Pre-bloom,2015-04_GSV_monoBRUVS_1,2015-04-28,2015-04-28,-2.116451768990162,-0.08455986391149153
BRUV,BRUVs,Port Noarlunga - Port Noarlunga Reef Sanctuary Zone,pco,Port Noarlunga Reef SZ_2015-10_Desal.BRUVS_monoBRUVS_1,Port Noarlunga Reef SZ,No-take,Pre-bloom,2015-10_Desal.BRUVS_monoBRUVS_1,2015-10-09,2015-10-09,0.6301997495446123,-0.939575750399608
BRUV,BRUVs,Port Noarlunga - Port Noarlunga Reef Sanctuary Zone,pco,Port Noarlunga Reef SZ_2015-10_GSV_monoBRUVS_1,Port Noarlunga Reef SZ,No-take,Pre-bloom,2015-10_GSV_monoBRUVS_1,2015-10-09,2015-10-09,0.6094585312164542,-0.9541347358203357
BRUV,BRUVs,Port Noarlunga - Port Noarlunga Reef Sanctuary Zone,pco,Port Noarlunga Reef SZ_202110-202205_SA_MarineParkMonitoring_StereoBRUVS_1,Port Noarlunga Reef SZ,No-take,Pre-bloom,202110-202205_SA_MarineParkMonitoring_StereoBRUVS_1,2021-10-12,2021-10-12,0.3897085557999729,-0.6220705538834381
BRUV,BRUVs,Port Noarlunga - Port Noarlunga Reef Sanctuary Zone,pco,Port Noarlunga Reef SZ_2022-12_OSullivan_BRUVS_1,Port Noarlunga Reef SZ,No-take,Pre-bloom,2022-12_OSullivan_BRUVS_1,2022-12-01,2022-12-01,0.5194692535871108,-0.5546285944641521
BRUV,BRUVs,Port Noarlunga - Port Noarlunga Reef Sanctuary Zone,pco,Port Noarlunga Reef SZ_2023-12_OSullivan_BRUVS_1,Port Noarlunga Reef SZ,No-take,Pre-bloom,2023-12_OSullivan_BRUVS_1,2023-12-01,2023-12-01,1.1203578925190074,0.6368261299490844
BRUV,BRUVs,Port Noarlunga - Port Noarlunga Reef Sanctuary Zone,pco,Port Noarlunga Reef SZ_2024-12_OSullivan_BRUVS_1,Port Noarlunga Reef SZ,No-take,Pre-bloom,2024-12_OSullivan_BRUVS_1,2024-12-19,2024-12-19,0.8441322659680159,0.7986153534238268
BRUV,BRUVs,Port Noarlunga - Port Noarlunga Reef Sanctuary Zone,pco,Port Noarlunga Reef SZ_2025-02_OSullivan_BRUVS_1,Port Noarlunga Reef SZ,No-take,Pre-bloom,2025-02_OSullivan_BRUVS_1,2025-02-04,2025-02-04,0.3462745453117513,0.8468384629443074
BRUV,BRUVs,Port Noarlunga - Port Noarlunga Reef Sanctuary Zone,pco,Port Noarlunga Reef SZ_2025-11_OSullivan_BRUVS_1,Port Noarlunga Reef SZ,No-take,Bloom,2025-11_OSullivan_BRUVS_1,2025-11-13,2025-11-13,-0.27057285421533706,0.9173482564999529
BRUV,BRUVs,Port Noarlunga - Port Noarlunga Reef Sanctuary Zone,cap_period,Port Noarlunga Reef SZ_2015-04_Desal.BRUVS_monoBRUVS_1,Port Noarlunga Reef SZ,No-take,Pre-bloom,2015-04_Desal.BRUVS_monoBRUVS_1,2015-04-28,2015-04-28,0.4565346817373765,-2.3481823871656395
BRUV,BRUVs,Port Noarlunga - Port Noarlunga Reef Sanctuary Zone,cap_period,Port Noarlunga Reef SZ_2015-04_GSV_monoBRUVS_1,Port Noarlunga Reef SZ,No-take,Pre-bloom,2015-04_GSV_monoBRUVS_1,2015-04-28,2015-04-28,0.4044765973818786,-2.3989130815202073
BRUV,BRUVs,Port Noarlunga - Port Noarlunga Reef Sanctuary Zone,cap_period,Port Noarlunga Reef SZ_2015-10_Desal.BRUVS_monoBRUVS_1,Port Noarlunga Reef SZ,No-take,Pre-bloom,2015-10_Desal.BRUVS_monoBRUVS_1,2015-10-09,2015-10-09,-1.213432513002657,0.6514560828219176
BRUV,BRUVs,Port Noarlunga - Port Noarlunga Reef Sanctuary Zone,cap_period,Port Noarlunga Reef SZ_2015-10_GSV_monoBRUVS_1,Port Noarlunga Reef SZ,No-take,Pre-bloom,2015-10_GSV_monoBRUVS_1,2015-10-09,2015-10-09,-1.2396042419300213,0.6274864177930665
BRUV,BRUVs,Port Noarlunga - Port Noarlunga Reef Sanctuary Zone,cap_period,Port Noarlunga Reef SZ_202110-202205_SA_MarineParkMonitoring_StereoBRUVS_1,Port Noarlunga Reef SZ,No-take,Pre-bloom,202110-202205_SA_MarineParkMonitoring_StereoBRUVS_1,2021-10-12,2021-10-12,-1.1079405236482598,0.38571624829914636
BRUV,BRUVs,Port Noarlunga - Port Noarlunga Reef Sanctuary Zone,cap_period,Port Noarlunga Reef SZ_2022-12_OSullivan_BRUVS_1,Port Noarlunga Reef SZ,No-take,Pre-bloom,2022-12_OSullivan_BRUVS_1,2022-12-01,2022-12-01,-1.0400556029559893,0.5342981342669749
BRUV,BRUVs,Port Noarlunga - Port Noarlunga Reef Sanctuary Zone,cap_period,Port Noarlunga Reef SZ_2023-12_OSullivan_BRUVS_1,Port Noarlunga Reef SZ,No-take,Pre-bloom,2023-12_OSullivan_BRUVS_1,2023-12-01,2023-12-01,0.48159428477874744,1.2538298431175612
BRUV,BRUVs,Port Noarlunga - Port Noarlunga Reef Sanctuary Zone,cap_period,Port Noarlunga Reef SZ_2024-12_OSullivan_BRUVS_1,Port Noarlunga Reef SZ,No-take,Pre-bloom,2024-12_OSullivan_BRUVS_1,2024-12-19,2024-12-19,0.13662344668341894,0.935128019443716
BRUV,BRUVs,Port Noarlunga - Port Noarlunga Reef Sanctuary Zone,cap_period,Port Noarlunga Reef SZ_2025-02_OSullivan_BRUVS_1,Port Noarlunga Reef SZ,No-take,Pre-bloom,2025-02_OSullivan_BRUVS_1,2025-02-04,2025-02-04,-0.564254356475549,0.35918072294346254
BRUV,BRUVs,Port Noarlunga - Port Noarlunga Reef Sanctuary Zone,cap_period,Port Noarlunga Reef SZ_2025-11_OSullivan_BRUVS_1,Port Noarlunga Reef SZ,No-take,Bloom,2025-11_OSullivan_BRUVS_1,2025-11-13,2025-11-13,3.6860582274310554,2.4609341288578113e-16
BRUV,BRUVs,Rapid Head - Rapid Head Sanctuary Zone,pco,Rapid Head SZ North_2015-201706_SA_MPA_StereoBRUVS_7,Rapid Head SZ North,No-take,Pre-bloom,2015-201706_SA_MPA_StereoBRUVS_7,2016-12-06,2016-12-06,-0.820326155457231,0.05184179746125659
BRUV,BRUVs,Rapid Head - Rapid Head Sanctuary Zone,pco,Rapid Head SZ North_201712-201806_SA_MarineParkMonitoring_StereoBRUVS_1,Rapid Head SZ North,No-take,Pre-bloom,201712-201806_SA_MarineParkMonitoring_StereoBRUVS_1,2017-12-05,2017-12-05,-0.960736254780181,0.7917523418698741
BRUV,BRUVs,Rapid Head - Rapid Head Sanctuary Zone,pco,Rapid Head SZ North_201812-201906_SA_MarineParkMonitoring_StereoBRUVS_1,Rapid Head SZ North,No-take,Pre-bloom,201812-201906_SA_MarineParkMonitoring_StereoBRUVS_1,2018-12-11,2018-12-11,-0.7987522879146829,0.7181070838889173
BRUV,BRUVs,Rapid Head - Rapid Head Sanctuary Zone,pco,Rapid Head SZ North_202012-202105_SA_MarineParkMonitoring_StereoBRUVS_2,Rapid Head SZ North,No-take,Pre-bloom,202012-202105_SA_MarineParkMonitoring_StereoBRUVS_2,2021-01-21,2021-01-21,-0.4386840938410523,0.6195160120210543
BRUV,BRUVs,Rapid Head - Rapid Head Sanctuary Zone,pco,Rapid Head SZ North_2025-02_RapidHead_BRUVS_1,Rapid Head SZ North,No-take,Pre-bloom,2025-02_RapidHead_BRUVS_1,2025-02-27,2025-02-27,-0.8368202449778506,1.516734373051273
BRUV,BRUVs,Rapid Head - Rapid Head Sanctuary Zone,pco,Rapid Head SZ North_2025-12_RapidHead_BRUVS_1,Rapid Head SZ North,No-take,Bloom,2025-12_RapidHead_BRUVS_1,2025-12-10,2025-12-10,-0.571383228946788,0.5331314382861406
BRUV,BRUVs,Rapid Head - Rapid Head Sanctuary Zone,pco,Rapid Head SZ South_2015-201706_SA_MPA_StereoBRUVS_2,Rapid Head SZ South,No-take,Pre-bloom,2015-201706_SA_MPA_StereoBRUVS_2,2015-12-10,2015-12-10,0.4486680789970182,0.24099832793911735
BRUV,BRUVs,Rapid Head - Rapid Head Sanctuary Zone,pco,Rapid Head SZ South_2015-201706_SA_MPA_StereoBRUVS_7,Rapid Head SZ South,No-take,Pre-bloom,2015-201706_SA_MPA_StereoBRUVS_7,2016-12-06,2016-12-06,-0.11588316689782655,-0.6390486721755794
BRUV,BRUVs,Rapid Head - Rapid Head Sanctuary Zone,pco,Rapid Head SZ South_201712-201806_SA_MarineParkMonitoring_StereoBRUVS_1,Rapid Head SZ South,No-take,Pre-bloom,201712-201806_SA_MarineParkMonitoring_StereoBRUVS_1,2017-12-05,2017-12-05,-0.65785388842982,-0.3908631553960901
BRUV,BRUVs,Rapid Head - Rapid Head Sanctuary Zone,pco,Rapid Head SZ South_201812-201906_SA_MarineParkMonitoring_StereoBRUVS_1,Rapid Head SZ South,No-take,Pre-bloom,201812-201906_SA_MarineParkMonitoring_StereoBRUVS_1,2018-12-11,2018-12-11,-0.42002821018875036,-0.7127225059911224
BRUV,BRUVs,Rapid Head - Rapid Head Sanctuary Zone,pco,Rapid Head SZ South_202012-202105_SA_MarineParkMonitoring_StereoBRUVS_2,Rapid Head SZ South,No-take,Pre-bloom,202012-202105_SA_MarineParkMonitoring_StereoBRUVS_2,2021-01-21,2021-01-21,-0.8149558182529877,-0.01829477343636371
BRUV,BRUVs,Rapid Head - Rapid Head Sanctuary Zone,pco,Rapid Head SZ South_2025-02_RapidHead_BRUVS_1,Rapid Head SZ South,No-take,Pre-bloom,2025-02_RapidHead_BRUVS_1,2025-02-27,2025-02-27,-0.6032093206573916,0.4112774256074448
BRUV,BRUVs,Rapid Head - Rapid Head Sanctuary Zone,pco,Rapid Head SZ South_2025-12_RapidHead_BRUVS_1,Rapid Head SZ South,No-take,Bloom,2025-12_RapidHead_BRUVS_1,2025-12-10,2025-12-10,0.005322976206048436,-0.45166536171099186
BRUV,BRUVs,Rapid Head - Rapid Head Sanctuary Zone,pco,Rapid Head SZ central_2015-201706_SA_MPA_StereoBRUVS_2,Rapid Head SZ central,No-take,Pre-bloom,2015-201706_SA_MPA_StereoBRUVS_2,2015-12-10,2015-12-10,0.24770157959284664,-0.4923096612599033
BRUV,BRUVs,Rapid Head - Rapid Head Sanctuary Zone,pco,Rapid Head SZ central_2015-201706_SA_MPA_StereoBRUVS_7,Rapid Head SZ central,No-take,Pre-bloom,2015-201706_SA_MPA_StereoBRUVS_7,2016-12-06,2016-12-06,0.4885930542145272,-0.48980082914867523
BRUV,BRUVs,Rapid Head - Rapid Head Sanctuary Zone,pco,Rapid Head SZ central_201712-201806_SA_MarineParkMonitoring_StereoBRUVS_1,Rapid Head SZ central,No-take,Pre-bloom,201712-201806_SA_MarineParkMonitoring_StereoBRUVS_1,2017-12-05,2017-12-05,0.2525152118632189,-0.31452019460682507
BRUV,BRUVs,Rapid Head - Rapid Head Sanctuary Zone,pco,Rapid Head SZ central_201812-201906_SA_MarineParkMonitoring_StereoBRUVS_1,Rapid Head SZ central,No-take,Pre-bloom,201812-201906_SA_MarineParkMonitoring_StereoBRUVS_1,2018-12-11,2018-12-11,0.17352852893207063,-0.9815453779196048
BRUV,BRUVs,Rapid Head - Rapid Head Sanctuary Zone,pco,Rapid Head SZ central_202012-202105_SA_MarineParkMonitoring_StereoBRUVS_2,Rapid Head SZ central,No-take,Pre-bloom,202012-202105_SA_MarineParkMonitoring_StereoBRUVS_2,2021-01-21,2021-01-21,-0.8526538321333684,0.1320755787002446
BRUV,BRUVs,Rapid Head - Rapid Head Sanctuary Zone,pco,Rapid Head SZ central_2025-02_RapidHead_BRUVS_1,Rapid Head SZ central,No-take,Pre-bloom,2025-02_RapidHead_BRUVS_1,2025-02-27,2025-02-27,0.07032026503424645,0.7619995641651931
BRUV,BRUVs,Rapid Head - Rapid Head Sanctuary Zone,pco,Rapid Head SZ central_2025-12_RapidHead_BRUVS_1,Rapid Head SZ central,No-take,Bloom,2025-12_RapidHead_BRUVS_1,2025-12-10,2025-12-10,0.7135576472339796,-0.7032468030823524
BRUV,BRUVs,Rapid Head - Rapid Head Sanctuary Zone,pco,Rapid Head outside North_2015-201706_SA_MPA_StereoBRUVS_2,Rapid Head outside North,Fished,Pre-bloom,2015-201706_SA_MPA_StereoBRUVS_2,2015-12-10,2015-12-10,-1.2635577125175952,-0.2596389713369164
BRUV,BRUVs,Rapid Head - Rapid Head Sanctuary Zone,pco,Rapid Head outside North_2015-201706_SA_MPA_StereoBRUVS_7,Rapid Head outside North,Fished,Pre-bloom,2015-201706_SA_MPA_StereoBRUVS_7,2016-12-06,2016-12-06,-0.6605410080629077,-0.499250989881103
BRUV,BRUVs,Rapid Head - Rapid Head Sanctuary Zone,pco,Rapid Head outside North_201712-201806_SA_MarineParkMonitoring_StereoBRUVS_1,Rapid Head outside North,Fished,Pre-bloom,201712-201806_SA_MarineParkMonitoring_StereoBRUVS_1,2017-12-05,2017-12-05,-1.3942442541418771,-0.09719846626178875
BRUV,BRUVs,Rapid Head - Rapid Head Sanctuary Zone,pco,Rapid Head outside North_201812-201906_SA_MarineParkMonitoring_StereoBRUVS_1,Rapid Head outside North,Fished,Pre-bloom,201812-201906_SA_MarineParkMonitoring_StereoBRUVS_1,2018-12-11,2018-12-11,-1.0679404118765132,-0.23562595510690998
BRUV,BRUVs,Rapid Head - Rapid Head Sanctuary Zone,pco,Rapid Head outside North_202012-202105_SA_MarineParkMonitoring_StereoBRUVS_2,Rapid Head outside North,Fished,Pre-bloom,202012-202105_SA_MarineParkMonitoring_StereoBRUVS_2,2021-01-21,2021-01-21,-0.5224339425430798,-0.31529759377391114
BRUV,BRUVs,Rapid Head - Rapid Head Sanctuary Zone,pco,Rapid Head outside North_2025-02_RapidHead_BRUVS_1,Rapid Head outside North,Fished,Pre-bloom,2025-02_RapidHead_BRUVS_1,2025-02-27,2025-02-27,-0.4724928604128348,0.4613501072751033
BRUV,BRUVs,Rapid Head - Rapid Head Sanctuary Zone,pco,Rapid Head outside North_2025-12_RapidHead_BRUVS_1,Rapid Head outside North,Fished,Bloom,2025-12_RapidHead_BRUVS_1,2025-12-10,2025-12-10,-0.27783956541155724,0.07014723600213106
BRUV,BRUVs,Rapid Head - Rapid Head Sanctuary Zone,pco,Rapid Head outside South_2015-201706_SA_MPA_StereoBRUVS_2,Rapid Head outside South,Fished,Pre-bloom,2015-201706_SA_MPA_StereoBRUVS_2,2015-12-10,2015-12-10,1.3268392100392545,0.5746466969717109
BRUV,BRUVs,Rapid Head - Rapid Head Sanctuary Zone,pco,Rapid Head outside South_2015-201706_SA_MPA_StereoBRUVS_7,Rapid Head outside South,Fished,Pre-bloom,2015-201706_SA_MPA_StereoBRUVS_7,2016-12-06,2016-12-06,1.3449462071075695,0.2525208727998563
BRUV,BRUVs,Rapid Head - Rapid Head Sanctuary Zone,pco,Rapid Head outside South_201712-201806_SA_MarineParkMonitoring_StereoBRUVS_1,Rapid Head outside South,Fished,Pre-bloom,201712-201806_SA_MarineParkMonitoring_StereoBRUVS_1,2017-12-05,2017-12-05,1.6487135542029876,0.4334440311122857
BRUV,BRUVs,Rapid Head - Rapid Head Sanctuary Zone,pco,Rapid Head outside South_201812-201906_SA_MarineParkMonitoring_StereoBRUVS_1,Rapid Head outside South,Fished,Pre-bloom,201812-201906_SA_MarineParkMonitoring_StereoBRUVS_1,2018-12-11,2018-12-11,1.220262470170847,-0.030726610244682748
BRUV,BRUVs,Rapid Head - Rapid Head Sanctuary Zone,pco,Rapid Head outside South_202012-202105_SA_MarineParkMonitoring_StereoBRUVS_2,Rapid Head outside South,Fished,Pre-bloom,202012-202105_SA_MarineParkMonitoring_StereoBRUVS_2,2021-01-21,2021-01-21,1.0438857953010798,-0.17331687299484164
BRUV,BRUVs,Rapid Head - Rapid Head Sanctuary Zone,pco,Rapid Head outside South_2025-02_RapidHead_BRUVS_1,Rapid Head outside South,Fished,Pre-bloom,2025-02_RapidHead_BRUVS_1,2025-02-27,2025-02-27,1.3471445776138729,0.9912798810073535
BRUV,BRUVs,Rapid Head - Rapid Head Sanctuary Zone,pco,Rapid Head outside South_2025-12_RapidHead_BRUVS_1,Rapid Head outside South,Fished,Bloom,2025-12_RapidHead_BRUVS_1,2025-12-10,2025-12-10,1.6003542549233638,0.9559296087631833
BRUV,BRUVs,Rapid Head - Rapid Head Sanctuary Zone,pco,Rapid Head outside central_2015-201706_SA_MPA_StereoBRUVS_2,Rapid Head outside central,Fished,Pre-bloom,2015-201706_SA_MPA_StereoBRUVS_2,2015-12-10,2015-12-10,0.45514289393325896,-0.4704470711288032
BRUV,BRUVs,Rapid Head - Rapid Head Sanctuary Zone,pco,Rapid Head outside central_2015-201706_SA_MPA_StereoBRUVS_7,Rapid Head outside central,Fished,Pre-bloom,2015-201706_SA_MPA_StereoBRUVS_7,2016-12-06,2016-12-06,0.29929711353932875,-1.0896081094986092
BRUV,BRUVs,Rapid Head - Rapid Head Sanctuary Zone,pco,Rapid Head outside central_201712-201806_SA_MarineParkMonitoring_StereoBRUVS_1,Rapid Head outside central,Fished,Pre-bloom,201712-201806_SA_MarineParkMonitoring_StereoBRUVS_1,2017-12-05,2017-12-05,0.16743583073532725,-0.6802737614523268
BRUV,BRUVs,Rapid Head - Rapid Head Sanctuary Zone,pco,Rapid Head outside central_201812-201906_SA_MarineParkMonitoring_StereoBRUVS_1,Rapid Head outside central,Fished,Pre-bloom,201812-201906_SA_MarineParkMonitoring_StereoBRUVS_1,2018-12-11,2018-12-11,0.14255776465948186,-0.4816631296521541
BRUV,BRUVs,Rapid Head - Rapid Head Sanctuary Zone,pco,Rapid Head outside central_202012-202105_SA_MarineParkMonitoring_StereoBRUVS_2,Rapid Head outside central,Fished,Pre-bloom,202012-202105_SA_MarineParkMonitoring_StereoBRUVS_2,2021-01-21,2021-01-21,-0.43401064024381547,-0.03621402391943803
BRUV,BRUVs,Rapid Head - Rapid Head Sanctuary Zone,pco,Rapid Head outside central_2025-02_RapidHead_BRUVS_1,Rapid Head outside central,Fished,Pre-bloom,2025-02_RapidHead_BRUVS_1,2025-02-27,2025-02-27,-0.28600151424576836,0.5750176984857799
BRUV,BRUVs,Rapid Head - Rapid Head Sanctuary Zone,pco,Rapid Head outside central_2025-12_RapidHead_BRUVS_1,Rapid Head outside central,Fished,Bloom,2025-12_RapidHead_BRUVS_1,2025-12-10,2025-12-10,1.2735613976335531,-0.5284911854289335
BRUV,BRUVs,Rapid Head - Rapid Head Sanctuary Zone,cap_period,Rapid Head SZ North_2015-201706_SA_MPA_StereoBRUVS_7,Rapid Head SZ North,No-take,Pre-bloom,2015-201706_SA_MPA_StereoBRUVS_7,2016-12-06,2016-12-06,-0.8442664191949306,-1.2795427762519618
BRUV,BRUVs,Rapid Head - Rapid Head Sanctuary Zone,cap_period,Rapid Head SZ North_201712-201806_SA_MarineParkMonitoring_StereoBRUVS_1,Rapid Head SZ North,No-take,Pre-bloom,201712-201806_SA_MarineParkMonitoring_StereoBRUVS_1,2017-12-05,2017-12-05,-1.371351487034915,-1.4761121151829792
BRUV,BRUVs,Rapid Head - Rapid Head Sanctuary Zone,cap_period,Rapid Head SZ North_201812-201906_SA_MarineParkMonitoring_StereoBRUVS_1,Rapid Head SZ North,No-take,Pre-bloom,201812-201906_SA_MarineParkMonitoring_StereoBRUVS_1,2018-12-11,2018-12-11,-2.5860668116634966,-1.0923612345254972
BRUV,BRUVs,Rapid Head - Rapid Head Sanctuary Zone,cap_period,Rapid Head SZ North_202012-202105_SA_MarineParkMonitoring_StereoBRUVS_2,Rapid Head SZ North,No-take,Pre-bloom,202012-202105_SA_MarineParkMonitoring_StereoBRUVS_2,2021-01-21,2021-01-21,-0.6441069175320204,-0.6067753444611397
BRUV,BRUVs,Rapid Head - Rapid Head Sanctuary Zone,cap_period,Rapid Head SZ North_2025-02_RapidHead_BRUVS_1,Rapid Head SZ North,No-take,Pre-bloom,2025-02_RapidHead_BRUVS_1,2025-02-27,2025-02-27,-1.4920855638701864,-1.2756277764225146
BRUV,BRUVs,Rapid Head - Rapid Head Sanctuary Zone,cap_period,Rapid Head SZ North_2025-12_RapidHead_BRUVS_1,Rapid Head SZ North,No-take,Bloom,2025-12_RapidHead_BRUVS_1,2025-12-10,2025-12-10,1.6928683992905698,-1.6668432230353372
BRUV,BRUVs,Rapid Head - Rapid Head Sanctuary Zone,cap_period,Rapid Head SZ South_2015-201706_SA_MPA_StereoBRUVS_2,Rapid Head SZ South,No-take,Pre-bloom,2015-201706_SA_MPA_StereoBRUVS_2,2015-12-10,2015-12-10,-0.027820228919460878,0.8621595246135559
BRUV,BRUVs,Rapid Head - Rapid Head Sanctuary Zone,cap_period,Rapid Head SZ South_2015-201706_SA_MPA_StereoBRUVS_7,Rapid Head SZ South,No-take,Pre-bloom,2015-201706_SA_MPA_StereoBRUVS_7,2016-12-06,2016-12-06,-0.021227391981190263,-0.1072355327605127
BRUV,BRUVs,Rapid Head - Rapid Head Sanctuary Zone,cap_period,Rapid Head SZ South_201712-201806_SA_MarineParkMonitoring_StereoBRUVS_1,Rapid Head SZ South,No-take,Pre-bloom,201712-201806_SA_MarineParkMonitoring_StereoBRUVS_1,2017-12-05,2017-12-05,-0.24404649367703055,-1.038637102278661
BRUV,BRUVs,Rapid Head - Rapid Head Sanctuary Zone,cap_period,Rapid Head SZ South_201812-201906_SA_MarineParkMonitoring_StereoBRUVS_1,Rapid Head SZ South,No-take,Pre-bloom,201812-201906_SA_MarineParkMonitoring_StereoBRUVS_1,2018-12-11,2018-12-11,0.39871775780596985,-0.6612018087983053
BRUV,BRUVs,Rapid Head - Rapid Head Sanctuary Zone,cap_period,Rapid Head SZ South_202012-202105_SA_MarineParkMonitoring_StereoBRUVS_2,Rapid Head SZ South,No-take,Pre-bloom,202012-202105_SA_MarineParkMonitoring_StereoBRUVS_2,2021-01-21,2021-01-21,-0.6498964650051338,-1.2223831698732317
BRUV,BRUVs,Rapid Head - Rapid Head Sanctuary Zone,cap_period,Rapid Head SZ South_2025-02_RapidHead_BRUVS_1,Rapid Head SZ South,No-take,Pre-bloom,2025-02_RapidHead_BRUVS_1,2025-02-27,2025-02-27,-0.4455283207924623,-0.9261948809934097
BRUV,BRUVs,Rapid Head - Rapid Head Sanctuary Zone,cap_period,Rapid Head SZ South_2025-12_RapidHead_BRUVS_1,Rapid Head SZ South,No-take,Bloom,2025-12_RapidHead_BRUVS_1,2025-12-10,2025-12-10,3.133611851270666,-0.7937304350694545
BRUV,BRUVs,Rapid Head - Rapid Head Sanctuary Zone,cap_period,Rapid Head SZ central_2015-201706_SA_MPA_StereoBRUVS_2,Rapid Head SZ central,No-take,Pre-bloom,2015-201706_SA_MPA_StereoBRUVS_2,2015-12-10,2015-12-10,-1.2691811958624903,0.608896294230539
BRUV,BRUVs,Rapid Head - Rapid Head Sanctuary Zone,cap_period,Rapid Head SZ central_2015-201706_SA_MPA_StereoBRUVS_7,Rapid Head SZ central,No-take,Pre-bloom,2015-201706_SA_MPA_StereoBRUVS_7,2016-12-06,2016-12-06,-0.8328292232688446,0.9867541649037914
BRUV,BRUVs,Rapid Head - Rapid Head Sanctuary Zone,cap_period,Rapid Head SZ central_201712-201806_SA_MarineParkMonitoring_StereoBRUVS_1,Rapid Head SZ central,No-take,Pre-bloom,201712-201806_SA_MarineParkMonitoring_StereoBRUVS_1,2017-12-05,2017-12-05,-0.11184753614500727,0.5193440607906399
BRUV,BRUVs,Rapid Head - Rapid Head Sanctuary Zone,cap_period,Rapid Head SZ central_201812-201906_SA_MarineParkMonitoring_StereoBRUVS_1,Rapid Head SZ central,No-take,Pre-bloom,201812-201906_SA_MarineParkMonitoring_StereoBRUVS_1,2018-12-11,2018-12-11,-0.6508140624134318,0.435965854142489
BRUV,BRUVs,Rapid Head - Rapid Head Sanctuary Zone,cap_period,Rapid Head SZ central_202012-202105_SA_MarineParkMonitoring_StereoBRUVS_2,Rapid Head SZ central,No-take,Pre-bloom,202012-202105_SA_MarineParkMonitoring_StereoBRUVS_2,2021-01-21,2021-01-21,-2.0026061118398837,-1.20818984424087
BRUV,BRUVs,Rapid Head - Rapid Head Sanctuary Zone,cap_period,Rapid Head SZ central_2025-02_RapidHead_BRUVS_1,Rapid Head SZ central,No-take,Pre-bloom,2025-02_RapidHead_BRUVS_1,2025-02-27,2025-02-27,-0.5363814681063004,0.2527869689426203
BRUV,BRUVs,Rapid Head - Rapid Head Sanctuary Zone,cap_period,Rapid Head SZ central_2025-12_RapidHead_BRUVS_1,Rapid Head SZ central,No-take,Bloom,2025-12_RapidHead_BRUVS_1,2025-12-10,2025-12-10,3.172306650778581,0.42765244569809957
BRUV,BRUVs,Rapid Head - Rapid Head Sanctuary Zone,cap_period,Rapid Head outside North_2015-201706_SA_MPA_StereoBRUVS_2,Rapid Head outside North,Fished,Pre-bloom,2015-201706_SA_MPA_StereoBRUVS_2,2015-12-10,2015-12-10,-1.552061816224673,-1.9618037881218822
BRUV,BRUVs,Rapid Head - Rapid Head Sanctuary Zone,cap_period,Rapid Head outside North_2015-201706_SA_MPA_StereoBRUVS_7,Rapid Head outside North,Fished,Pre-bloom,2015-201706_SA_MPA_StereoBRUVS_7,2016-12-06,2016-12-06,-0.9488024050296997,-0.9507627069214352
BRUV,BRUVs,Rapid Head - Rapid Head Sanctuary Zone,cap_period,Rapid Head outside North_201712-201806_SA_MarineParkMonitoring_StereoBRUVS_1,Rapid Head outside North,Fished,Pre-bloom,201712-201806_SA_MarineParkMonitoring_StereoBRUVS_1,2017-12-05,2017-12-05,-2.191022667460783,-2.1653125223462717
BRUV,BRUVs,Rapid Head - Rapid Head Sanctuary Zone,cap_period,Rapid Head outside North_201812-201906_SA_MarineParkMonitoring_StereoBRUVS_1,Rapid Head outside North,Fished,Pre-bloom,201812-201906_SA_MarineParkMonitoring_StereoBRUVS_1,2018-12-11,2018-12-11,-1.2490097773296405,-1.6299535852783806
BRUV,BRUVs,Rapid Head - Rapid Head Sanctuary Zone,cap_period,Rapid Head outside North_202012-202105_SA_MarineParkMonitoring_StereoBRUVS_2,Rapid Head outside North,Fished,Pre-bloom,202012-202105_SA_MarineParkMonitoring_StereoBRUVS_2,2021-01-21,2021-01-21,-0.33657595106833466,-0.7419608917099305
BRUV,BRUVs,Rapid Head - Rapid Head Sanctuary Zone,cap_period,Rapid Head outside North_2025-02_RapidHead_BRUVS_1,Rapid Head outside North,Fished,Pre-bloom,2025-02_RapidHead_BRUVS_1,2025-02-27,2025-02-27,-1.575986529776766,-0.6004162525064839
BRUV,BRUVs,Rapid Head - Rapid Head Sanctuary Zone,cap_period,Rapid Head outside North_2025-12_RapidHead_BRUVS_1,Rapid Head outside North,Fished,Bloom,2025-12_RapidHead_BRUVS_1,2025-12-10,2025-12-10,2.3820071101854094,-1.2070150980983199
BRUV,BRUVs,Rapid Head - Rapid Head Sanctuary Zone,cap_period,Rapid Head outside South_2015-201706_SA_MPA_StereoBRUVS_2,Rapid Head outside South,Fished,Pre-bloom,2015-201706_SA_MPA_StereoBRUVS_2,2015-12-10,2015-12-10,0.8718836716071522,2.3130677653624048
BRUV,BRUVs,Rapid Head - Rapid Head Sanctuary Zone,cap_period,Rapid Head outside South_2015-201706_SA_MPA_StereoBRUVS_7,Rapid Head outside South,Fished,Pre-bloom,2015-201706_SA_MPA_StereoBRUVS_7,2016-12-06,2016-12-06,2.0783853071235177,2.235180031756046
BRUV,BRUVs,Rapid Head - Rapid Head Sanctuary Zone,cap_period,Rapid Head outside South_201712-201806_SA_MarineParkMonitoring_StereoBRUVS_1,Rapid Head outside South,Fished,Pre-bloom,201712-201806_SA_MarineParkMonitoring_StereoBRUVS_1,2017-12-05,2017-12-05,1.9396416964498961,2.789139158253454
BRUV,BRUVs,Rapid Head - Rapid Head Sanctuary Zone,cap_period,Rapid Head outside South_201812-201906_SA_MarineParkMonitoring_StereoBRUVS_1,Rapid Head outside South,Fished,Pre-bloom,201812-201906_SA_MarineParkMonitoring_StereoBRUVS_1,2018-12-11,2018-12-11,0.8523258390071048,2.1367723889351806
BRUV,BRUVs,Rapid Head - Rapid Head Sanctuary Zone,cap_period,Rapid Head outside South_202012-202105_SA_MarineParkMonitoring_StereoBRUVS_2,Rapid Head outside South,Fished,Pre-bloom,202012-202105_SA_MarineParkMonitoring_StereoBRUVS_2,2021-01-21,2021-01-21,0.21815486282505855,1.8625235684869608
BRUV,BRUVs,Rapid Head - Rapid Head Sanctuary Zone,cap_period,Rapid Head outside South_2025-02_RapidHead_BRUVS_1,Rapid Head outside South,Fished,Pre-bloom,2025-02_RapidHead_BRUVS_1,2025-02-27,2025-02-27,0.7409000023612262,2.393807941979022
BRUV,BRUVs,Rapid Head - Rapid Head Sanctuary Zone,cap_period,Rapid Head outside South_2025-12_RapidHead_BRUVS_1,Rapid Head outside South,Fished,Bloom,2025-12_RapidHead_BRUVS_1,2025-12-10,2025-12-10,4.834794386995345,1.893877712707539
BRUV,BRUVs,Rapid Head - Rapid Head Sanctuary Zone,cap_period,Rapid Head outside central_2015-201706_SA_MPA_StereoBRUVS_2,Rapid Head outside central,Fished,Pre-bloom,2015-201706_SA_MPA_StereoBRUVS_2,2015-12-10,2015-12-10,-0.26280335552332984,0.8921479687857712
BRUV,BRUVs,Rapid Head - Rapid Head Sanctuary Zone,cap_period,Rapid Head outside central_2015-201706_SA_MPA_StereoBRUVS_7,Rapid Head outside central,Fished,Pre-bloom,2015-201706_SA_MPA_StereoBRUVS_7,2016-12-06,2016-12-06,-0.01641579562565292,0.6023763791459924
BRUV,BRUVs,Rapid Head - Rapid Head Sanctuary Zone,cap_period,Rapid Head outside central_201712-201806_SA_MarineParkMonitoring_StereoBRUVS_1,Rapid Head outside central,Fished,Pre-bloom,201712-201806_SA_MarineParkMonitoring_StereoBRUVS_1,2017-12-05,2017-12-05,-1.1761544800923336,0.4714281536684521
BRUV,BRUVs,Rapid Head - Rapid Head Sanctuary Zone,cap_period,Rapid Head outside central_201812-201906_SA_MarineParkMonitoring_StereoBRUVS_1,Rapid Head outside central,Fished,Pre-bloom,201812-201906_SA_MarineParkMonitoring_StereoBRUVS_1,2018-12-11,2018-12-11,-0.40751618580065496,0.37325514176308644
BRUV,BRUVs,Rapid Head - Rapid Head Sanctuary Zone,cap_period,Rapid Head outside central_202012-202105_SA_MarineParkMonitoring_StereoBRUVS_2,Rapid Head outside central,Fished,Pre-bloom,202012-202105_SA_MarineParkMonitoring_StereoBRUVS_2,2021-01-21,2021-01-21,-2.008645714852597,-0.47579494813286183
BRUV,BRUVs,Rapid Head - Rapid Head Sanctuary Zone,cap_period,Rapid Head outside central_2025-02_RapidHead_BRUVS_1,Rapid Head outside central,Fished,Pre-bloom,2025-02_RapidHead_BRUVS_1,2025-02-27,2025-02-27,-0.8683578443631769,-0.3153390849536777
BRUV,BRUVs,Rapid Head - Rapid Head Sanctuary Zone,cap_period,Rapid Head outside central_2025-12_RapidHead_BRUVS_1,Rapid Head outside central,Fished,Bloom,2025-12_RapidHead_BRUVS_1,2025-12-10,2025-12-10,4.007810684753932,1.3460585977974704
BRUV,BRUVs,Rapid Head - Rapid Head Sanctuary Zone,cap_status,Rapid Head SZ North_2015-201706_SA_MPA_StereoBRUVS_7,Rapid Head SZ North,No-take,Pre-bloom,2015-201706_SA_MPA_StereoBRUVS_7,2016-12-06,2016-12-06,-3.018210006611063,-0.7552663100916333
BRUV,BRUVs,Rapid Head - Rapid Head Sanctuary Zone,cap_status,Rapid Head SZ North_201712-201806_SA_MarineParkMonitoring_StereoBRUVS_1,Rapid Head SZ North,No-take,Pre-bloom,201712-201806_SA_MarineParkMonitoring_StereoBRUVS_1,2017-12-05,2017-12-05,-1.2654306046180428,-1.338375823411078
BRUV,BRUVs,Rapid Head - Rapid Head Sanctuary Zone,cap_status,Rapid Head SZ North_201812-201906_SA_MarineParkMonitoring_StereoBRUVS_1,Rapid Head SZ North,No-take,Pre-bloom,201812-201906_SA_MarineParkMonitoring_StereoBRUVS_1,2018-12-11,2018-12-11,-1.326434615070333,-1.0241169888664543
BRUV,BRUVs,Rapid Head - Rapid Head Sanctuary Zone,cap_status,Rapid Head SZ North_202012-202105_SA_MarineParkMonitoring_StereoBRUVS_2,Rapid Head SZ North,No-take,Pre-bloom,202012-202105_SA_MarineParkMonitoring_StereoBRUVS_2,2021-01-21,2021-01-21,-1.306508371122377,-0.32558149172677714
BRUV,BRUVs,Rapid Head - Rapid Head Sanctuary Zone,cap_status,Rapid Head SZ North_2025-02_RapidHead_BRUVS_1,Rapid Head SZ North,No-take,Pre-bloom,2025-02_RapidHead_BRUVS_1,2025-02-27,2025-02-27,-2.7629484096146606,-0.8439094746947595
BRUV,BRUVs,Rapid Head - Rapid Head Sanctuary Zone,cap_status,Rapid Head SZ North_2025-12_RapidHead_BRUVS_1,Rapid Head SZ North,No-take,Bloom,2025-12_RapidHead_BRUVS_1,2025-12-10,2025-12-10,-0.84744092837692,-0.6532908464582415
BRUV,BRUVs,Rapid Head - Rapid Head Sanctuary Zone,cap_status,Rapid Head SZ South_2015-201706_SA_MPA_StereoBRUVS_2,Rapid Head SZ South,No-take,Pre-bloom,2015-201706_SA_MPA_StereoBRUVS_2,2015-12-10,2015-12-10,-0.18972386776185288,1.1485077185027128
BRUV,BRUVs,Rapid Head - Rapid Head Sanctuary Zone,cap_status,Rapid Head SZ South_2015-201706_SA_MPA_StereoBRUVS_7,Rapid Head SZ South,No-take,Pre-bloom,2015-201706_SA_MPA_StereoBRUVS_7,2016-12-06,2016-12-06,-0.8225046317686072,0.23244229275196004
BRUV,BRUVs,Rapid Head - Rapid Head Sanctuary Zone,cap_status,Rapid Head SZ South_201712-201806_SA_MarineParkMonitoring_StereoBRUVS_1,Rapid Head SZ South,No-take,Pre-bloom,201712-201806_SA_MarineParkMonitoring_StereoBRUVS_1,2017-12-05,2017-12-05,-2.017504031568908,-0.5982152832198566
BRUV,BRUVs,Rapid Head - Rapid Head Sanctuary Zone,cap_status,Rapid Head SZ South_201812-201906_SA_MarineParkMonitoring_StereoBRUVS_1,Rapid Head SZ South,No-take,Pre-bloom,201812-201906_SA_MarineParkMonitoring_StereoBRUVS_1,2018-12-11,2018-12-11,-1.6288684500812103,-0.1935902124129612
BRUV,BRUVs,Rapid Head - Rapid Head Sanctuary Zone,cap_status,Rapid Head SZ South_202012-202105_SA_MarineParkMonitoring_StereoBRUVS_2,Rapid Head SZ South,No-take,Pre-bloom,202012-202105_SA_MarineParkMonitoring_StereoBRUVS_2,2021-01-21,2021-01-21,-1.37710284388158,-0.9452505641331873
BRUV,BRUVs,Rapid Head - Rapid Head Sanctuary Zone,cap_status,Rapid Head SZ South_2025-02_RapidHead_BRUVS_1,Rapid Head SZ South,No-take,Pre-bloom,2025-02_RapidHead_BRUVS_1,2025-02-27,2025-02-27,-2.9066668708498717,-0.35143628302658825
BRUV,BRUVs,Rapid Head - Rapid Head Sanctuary Zone,cap_status,Rapid Head SZ South_2025-12_RapidHead_BRUVS_1,Rapid Head SZ South,No-take,Bloom,2025-12_RapidHead_BRUVS_1,2025-12-10,2025-12-10,-1.7659124186113313,0.6030354246816769
BRUV,BRUVs,Rapid Head - Rapid Head Sanctuary Zone,cap_status,Rapid Head SZ central_2015-201706_SA_MPA_StereoBRUVS_2,Rapid Head SZ central,No-take,Pre-bloom,2015-201706_SA_MPA_StereoBRUVS_2,2015-12-10,2015-12-10,0.028665436552825364,0.7275685312894165
BRUV,BRUVs,Rapid Head - Rapid Head Sanctuary Zone,cap_status,Rapid Head SZ central_2015-201706_SA_MPA_StereoBRUVS_7,Rapid Head SZ central,No-take,Pre-bloom,2015-201706_SA_MPA_StereoBRUVS_7,2016-12-06,2016-12-06,-0.5396611369001432,1.2952522954979977
BRUV,BRUVs,Rapid Head - Rapid Head Sanctuary Zone,cap_status,Rapid Head SZ central_201712-201806_SA_MarineParkMonitoring_StereoBRUVS_1,Rapid Head SZ central,No-take,Pre-bloom,201712-201806_SA_MarineParkMonitoring_StereoBRUVS_1,2017-12-05,2017-12-05,-1.108121143605516,0.9211802975633571
BRUV,BRUVs,Rapid Head - Rapid Head Sanctuary Zone,cap_status,Rapid Head SZ central_201812-201906_SA_MarineParkMonitoring_StereoBRUVS_1,Rapid Head SZ central,No-take,Pre-bloom,201812-201906_SA_MarineParkMonitoring_StereoBRUVS_1,2018-12-11,2018-12-11,-0.7124168627631234,0.720129776510371
BRUV,BRUVs,Rapid Head - Rapid Head Sanctuary Zone,cap_status,Rapid Head SZ central_202012-202105_SA_MarineParkMonitoring_StereoBRUVS_2,Rapid Head SZ central,No-take,Pre-bloom,202012-202105_SA_MarineParkMonitoring_StereoBRUVS_2,2021-01-21,2021-01-21,-1.5422623008518017,-1.0439843885257707
BRUV,BRUVs,Rapid Head - Rapid Head Sanctuary Zone,cap_status,Rapid Head SZ central_2025-02_RapidHead_BRUVS_1,Rapid Head SZ central,No-take,Pre-bloom,2025-02_RapidHead_BRUVS_1,2025-02-27,2025-02-27,-1.3801437333550526,0.6756784307319601
BRUV,BRUVs,Rapid Head - Rapid Head Sanctuary Zone,cap_status,Rapid Head SZ central_2025-12_RapidHead_BRUVS_1,Rapid Head SZ central,No-take,Bloom,2025-12_RapidHead_BRUVS_1,2025-12-10,2025-12-10,-0.696795907617748,1.7492228990378562
BRUV,BRUVs,Rapid Head - Rapid Head Sanctuary Zone,cap_status,Rapid Head outside North_2015-201706_SA_MPA_StereoBRUVS_2,Rapid Head outside North,Fished,Pre-bloom,2015-201706_SA_MPA_StereoBRUVS_2,2015-12-10,2015-12-10,-0.2620146631397136,-2.6086171143392227
BRUV,BRUVs,Rapid Head - Rapid Head Sanctuary Zone,cap_status,Rapid Head outside North_2015-201706_SA_MPA_StereoBRUVS_7,Rapid Head outside North,Fished,Pre-bloom,2015-201706_SA_MPA_StereoBRUVS_7,2016-12-06,2016-12-06,0.8632083911080596,-1.6510273669109983
BRUV,BRUVs,Rapid Head - Rapid Head Sanctuary Zone,cap_status,Rapid Head outside North_201712-201806_SA_MarineParkMonitoring_StereoBRUVS_1,Rapid Head outside North,Fished,Pre-bloom,201712-201806_SA_MarineParkMonitoring_StereoBRUVS_1,2017-12-05,2017-12-05,-0.778683834079434,-2.800839645472973
BRUV,BRUVs,Rapid Head - Rapid Head Sanctuary Zone,cap_status,Rapid Head outside North_201812-201906_SA_MarineParkMonitoring_StereoBRUVS_1,Rapid Head outside North,Fished,Pre-bloom,201812-201906_SA_MarineParkMonitoring_StereoBRUVS_1,2018-12-11,2018-12-11,-0.14042122351793,-2.232326539794443
BRUV,BRUVs,Rapid Head - Rapid Head Sanctuary Zone,cap_status,Rapid Head outside North_202012-202105_SA_MarineParkMonitoring_StereoBRUVS_2,Rapid Head outside North,Fished,Pre-bloom,202012-202105_SA_MarineParkMonitoring_StereoBRUVS_2,2021-01-21,2021-01-21,0.31107006496552825,-1.2909468967068811
BRUV,BRUVs,Rapid Head - Rapid Head Sanctuary Zone,cap_status,Rapid Head outside North_2025-02_RapidHead_BRUVS_1,Rapid Head outside North,Fished,Pre-bloom,2025-02_RapidHead_BRUVS_1,2025-02-27,2025-02-27,-0.22389075669856595,-1.1173163582895478
BRUV,BRUVs,Rapid Head - Rapid Head Sanctuary Zone,cap_status,Rapid Head outside North_2025-12_RapidHead_BRUVS_1,Rapid Head outside North,Fished,Bloom,2025-12_RapidHead_BRUVS_1,2025-12-10,2025-12-10,0.6651775009080623,-0.8767470388611379
BRUV,BRUVs,Rapid Head - Rapid Head Sanctuary Zone,cap_status,Rapid Head outside South_2015-201706_SA_MPA_StereoBRUVS_2,Rapid Head outside South,Fished,Pre-bloom,2015-201706_SA_MPA_StereoBRUVS_2,2015-12-10,2015-12-10,2.5153098937285856,1.8018039090303917
BRUV,BRUVs,Rapid Head - Rapid Head Sanctuary Zone,cap_status,Rapid Head outside South_2015-201706_SA_MPA_StereoBRUVS_7,Rapid Head outside South,Fished,Pre-bloom,2015-201706_SA_MPA_StereoBRUVS_7,2016-12-06,2016-12-06,2.433994962903918,1.8319055906216644
BRUV,BRUVs,Rapid Head - Rapid Head Sanctuary Zone,cap_status,Rapid Head outside South_201712-201806_SA_MarineParkMonitoring_StereoBRUVS_1,Rapid Head outside South,Fished,Pre-bloom,201712-201806_SA_MarineParkMonitoring_StereoBRUVS_1,2017-12-05,2017-12-05,3.2185938662276885,2.288264656706106
BRUV,BRUVs,Rapid Head - Rapid Head Sanctuary Zone,cap_status,Rapid Head outside South_201812-201906_SA_MarineParkMonitoring_StereoBRUVS_1,Rapid Head outside South,Fished,Pre-bloom,201812-201906_SA_MarineParkMonitoring_StereoBRUVS_1,2018-12-11,2018-12-11,2.7193032155813914,1.5522066859230836
BRUV,BRUVs,Rapid Head - Rapid Head Sanctuary Zone,cap_status,Rapid Head outside South_202012-202105_SA_MarineParkMonitoring_StereoBRUVS_2,Rapid Head outside South,Fished,Pre-bloom,202012-202105_SA_MarineParkMonitoring_StereoBRUVS_2,2021-01-21,2021-01-21,1.8522171150836586,1.3298882507153835
BRUV,BRUVs,Rapid Head - Rapid Head Sanctuary Zone,cap_status,Rapid Head outside South_2025-02_RapidHead_BRUVS_1,Rapid Head outside South,Fished,Pre-bloom,2025-02_RapidHead_BRUVS_1,2025-02-27,2025-02-27,2.467775602455226,1.8663276194887932
BRUV,BRUVs,Rapid Head - Rapid Head Sanctuary Zone,cap_status,Rapid Head outside South_2025-12_RapidHead_BRUVS_1,Rapid Head outside South,Fished,Bloom,2025-12_RapidHead_BRUVS_1,2025-12-10,2025-12-10,2.864367972120397,2.352189360688241
BRUV,BRUVs,Rapid Head - Rapid Head Sanctuary Zone,cap_status,Rapid Head outside central_2015-201706_SA_MPA_StereoBRUVS_2,Rapid Head outside central,Fished,Pre-bloom,2015-201706_SA_MPA_StereoBRUVS_2,2015-12-10,2015-12-10,1.2455134553022045,0.3315715168482373
BRUV,BRUVs,Rapid Head - Rapid Head Sanctuary Zone,cap_status,Rapid Head outside central_2015-201706_SA_MPA_StereoBRUVS_7,Rapid Head outside central,Fished,Pre-bloom,2015-201706_SA_MPA_StereoBRUVS_7,2016-12-06,2016-12-06,1.516432030502104,0.022657326189115926
BRUV,BRUVs,Rapid Head - Rapid Head Sanctuary Zone,cap_status,Rapid Head outside central_201712-201806_SA_MarineParkMonitoring_StereoBRUVS_1,Rapid Head outside central,Fished,Pre-bloom,201712-201806_SA_MarineParkMonitoring_StereoBRUVS_1,2017-12-05,2017-12-05,1.2424163142112479,-0.20693458805786394
BRUV,BRUVs,Rapid Head - Rapid Head Sanctuary Zone,cap_status,Rapid Head outside central_201812-201906_SA_MarineParkMonitoring_StereoBRUVS_1,Rapid Head outside central,Fished,Pre-bloom,201812-201906_SA_MarineParkMonitoring_StereoBRUVS_1,2018-12-11,2018-12-11,1.1925591688389097,-0.22780538267662825
BRUV,BRUVs,Rapid Head - Rapid Head Sanctuary Zone,cap_status,Rapid Head outside central_202012-202105_SA_MarineParkMonitoring_StereoBRUVS_2,Rapid Head outside central,Fished,Pre-bloom,202012-202105_SA_MarineParkMonitoring_StereoBRUVS_2,2021-01-21,2021-01-21,0.8148829930519209,-1.2366333058814294
BRUV,BRUVs,Rapid Head - Rapid Head Sanctuary Zone,cap_status,Rapid Head outside central_2025-02_RapidHead_BRUVS_1,Rapid Head outside central,Fished,Pre-bloom,2025-02_RapidHead_BRUVS_1,2025-02-27,2025-02-27,-0.11579770614895539,-0.7830988347507506
BRUV,BRUVs,Rapid Head - Rapid Head Sanctuary Zone,cap_status,Rapid Head outside central_2025-12_RapidHead_BRUVS_1,Rapid Head outside central,Fished,Bloom,2025-12_RapidHead_BRUVS_1,2025-12-10,2025-12-10,2.783977335073015,1.6554781555308589
BRUV,BRUVs,Sponge Gardens - Sponge Gardens Sanctuary Zone,pco,Sponge Gardens SZ East_2015-201706_SA_MPA_StereoBRUVS_3,Sponge Gardens SZ East,No-take,Pre-bloom,2015-201706_SA_MPA_StereoBRUVS_3,2016-01-20,2016-01-20,0.1923749515188449,-0.01101641589143294
BRUV,BRUVs,Sponge Gardens - Sponge Gardens Sanctuary Zone,pco,Sponge Gardens SZ East_2015-201706_SA_MPA_StereoBRUVS_7,Sponge Gardens SZ East,No-take,Pre-bloom,2015-201706_SA_MPA_StereoBRUVS_7,2016-12-06,2016-12-06,-0.09961005940112977,0.23819977845488358
BRUV,BRUVs,Sponge Gardens - Sponge Gardens Sanctuary Zone,pco,Sponge Gardens SZ East_201712-201806_SA_MarineParkMonitoring_StereoBRUVS_2,Sponge Gardens SZ East,No-take,Pre-bloom,201712-201806_SA_MarineParkMonitoring_StereoBRUVS_2,2018-01-17,2018-01-17,-0.22736443353154168,0.1915970806919463
BRUV,BRUVs,Sponge Gardens - Sponge Gardens Sanctuary Zone,pco,Sponge Gardens SZ East_201812-201906_SA_MarineParkMonitoring_StereoBRUVS_2,Sponge Gardens SZ East,No-take,Pre-bloom,201812-201906_SA_MarineParkMonitoring_StereoBRUVS_2,2019-01-22,2019-01-22,-0.6557310676039987,0.2141275640222809
BRUV,BRUVs,Sponge Gardens - Sponge Gardens Sanctuary Zone,pco,Sponge Gardens SZ East_202012-202105_SA_MarineParkMonitoring_StereoBRUVS_2,Sponge Gardens SZ East,No-take,Pre-bloom,202012-202105_SA_MarineParkMonitoring_StereoBRUVS_2,2021-01-21,2021-01-21,-0.33216286687852065,0.2437009912927661
BRUV,BRUVs,Sponge Gardens - Sponge Gardens Sanctuary Zone,pco,Sponge Gardens SZ East_2025-04_SpongeGardens_BRUVS_1,Sponge Gardens SZ East,No-take,Bloom,2025-04_SpongeGardens_BRUVS_1,2025-04-02,2025-04-02,1.191134333030188,0.2712826803620448
BRUV,BRUVs,Sponge Gardens - Sponge Gardens Sanctuary Zone,pco,Sponge Gardens SZ East_2026-01_SpongeGardens_BRUVS_1,Sponge Gardens SZ East,No-take,Bloom,2026-01_SpongeGardens_BRUVS_1,2026-01-27,2026-01-27,0.11739371824669799,0.06001751062043128
BRUV,BRUVs,Sponge Gardens - Sponge Gardens Sanctuary Zone,pco,Sponge Gardens SZ West_2015-201706_SA_MPA_StereoBRUVS_3,Sponge Gardens SZ West,No-take,Pre-bloom,2015-201706_SA_MPA_StereoBRUVS_3,2016-01-20,2016-01-20,0.19534682563563685,-0.6633719297834686
BRUV,BRUVs,Sponge Gardens - Sponge Gardens Sanctuary Zone,pco,Sponge Gardens SZ West_2015-201706_SA_MPA_StereoBRUVS_7,Sponge Gardens SZ West,No-take,Pre-bloom,2015-201706_SA_MPA_StereoBRUVS_7,2016-12-06,2016-12-06,0.2616096636119721,-0.4227430728313345
BRUV,BRUVs,Sponge Gardens - Sponge Gardens Sanctuary Zone,pco,Sponge Gardens SZ West_201712-201806_SA_MarineParkMonitoring_StereoBRUVS_2,Sponge Gardens SZ West,No-take,Pre-bloom,201712-201806_SA_MarineParkMonitoring_StereoBRUVS_2,2018-01-17,2018-01-17,-0.31851336294802185,-0.3771859043375758
BRUV,BRUVs,Sponge Gardens - Sponge Gardens Sanctuary Zone,pco,Sponge Gardens SZ West_201812-201906_SA_MarineParkMonitoring_StereoBRUVS_2,Sponge Gardens SZ West,No-take,Pre-bloom,201812-201906_SA_MarineParkMonitoring_StereoBRUVS_2,2019-01-22,2019-01-22,0.10977757374042217,-0.5409075897630466
BRUV,BRUVs,Sponge Gardens - Sponge Gardens Sanctuary Zone,pco,Sponge Gardens SZ West_202012-202105_SA_MarineParkMonitoring_StereoBRUVS_2,Sponge Gardens SZ West,No-take,Pre-bloom,202012-202105_SA_MarineParkMonitoring_StereoBRUVS_2,2021-01-21,2021-01-21,0.11663163366864719,-0.04093292625323908
BRUV,BRUVs,Sponge Gardens - Sponge Gardens Sanctuary Zone,pco,Sponge Gardens SZ West_2025-04_SpongeGardens_BRUVS_1,Sponge Gardens SZ West,No-take,Bloom,2025-04_SpongeGardens_BRUVS_1,2025-04-02,2025-04-02,0.7270394113634489,0.19124438519196701
BRUV,BRUVs,Sponge Gardens - Sponge Gardens Sanctuary Zone,pco,Sponge Gardens SZ West_2026-01_SpongeGardens_BRUVS_1,Sponge Gardens SZ West,No-take,Bloom,2026-01_SpongeGardens_BRUVS_1,2026-01-27,2026-01-27,0.6710779029856351,-0.22336443005030865
BRUV,BRUVs,Sponge Gardens - Sponge Gardens Sanctuary Zone,pco,Sponge Gardens SZ central_2015-201706_SA_MPA_StereoBRUVS_3,Sponge Gardens SZ central,No-take,Pre-bloom,2015-201706_SA_MPA_StereoBRUVS_3,2016-01-20,2016-01-20,0.39568734621976465,-1.0033620578311522
BRUV,BRUVs,Sponge Gardens - Sponge Gardens Sanctuary Zone,pco,Sponge Gardens SZ central_2015-201706_SA_MPA_StereoBRUVS_7,Sponge Gardens SZ central,No-take,Pre-bloom,2015-201706_SA_MPA_StereoBRUVS_7,2016-12-06,2016-12-06,-0.046875507062814785,-0.4875121447194263
BRUV,BRUVs,Sponge Gardens - Sponge Gardens Sanctuary Zone,pco,Sponge Gardens SZ central_201712-201806_SA_MarineParkMonitoring_StereoBRUVS_1,Sponge Gardens SZ central,No-take,Pre-bloom,201712-201806_SA_MarineParkMonitoring_StereoBRUVS_1,2017-12-05,2017-12-05,0.15205848165083546,-0.6454833774604192
BRUV,BRUVs,Sponge Gardens - Sponge Gardens Sanctuary Zone,pco,Sponge Gardens SZ central_201812-201906_SA_MarineParkMonitoring_StereoBRUVS_2,Sponge Gardens SZ central,No-take,Pre-bloom,201812-201906_SA_MarineParkMonitoring_StereoBRUVS_2,2019-01-22,2019-01-22,0.1861165201771776,-0.20059857429911745
BRUV,BRUVs,Sponge Gardens - Sponge Gardens Sanctuary Zone,pco,Sponge Gardens SZ central_202012-202105_SA_MarineParkMonitoring_StereoBRUVS_2,Sponge Gardens SZ central,No-take,Pre-bloom,202012-202105_SA_MarineParkMonitoring_StereoBRUVS_2,2021-01-21,2021-01-21,-0.2361720974143621,-0.6503349659860913
BRUV,BRUVs,Sponge Gardens - Sponge Gardens Sanctuary Zone,pco,Sponge Gardens SZ central_2025-04_SpongeGardens_BRUVS_1,Sponge Gardens SZ central,No-take,Bloom,2025-04_SpongeGardens_BRUVS_1,2025-04-02,2025-04-02,0.8439393512479487,-0.3979983383114547
BRUV,BRUVs,Sponge Gardens - Sponge Gardens Sanctuary Zone,pco,Sponge Gardens SZ central_2026-01_SpongeGardens_BRUVS_1,Sponge Gardens SZ central,No-take,Bloom,2026-01_SpongeGardens_BRUVS_1,2026-01-27,2026-01-27,0.2030046975334328,-1.04648158319518
BRUV,BRUVs,Sponge Gardens - Sponge Gardens Sanctuary Zone,pco,Sponge Gardens outside East_2015-201706_SA_MPA_StereoBRUVS_3,Sponge Gardens outside East,Fished,Pre-bloom,2015-201706_SA_MPA_StereoBRUVS_3,2016-01-20,2016-01-20,0.22939483072805567,0.5225107966279278
BRUV,BRUVs,Sponge Gardens - Sponge Gardens Sanctuary Zone,pco,Sponge Gardens outside East_2015-201706_SA_MPA_StereoBRUVS_7,Sponge Gardens outside East,Fished,Pre-bloom,2015-201706_SA_MPA_StereoBRUVS_7,2016-12-06,2016-12-06,-1.1152108064930548,0.3807279020540503
BRUV,BRUVs,Sponge Gardens - Sponge Gardens Sanctuary Zone,pco,Sponge Gardens outside East_201712-201806_SA_MarineParkMonitoring_StereoBRUVS_2,Sponge Gardens outside East,Fished,Pre-bloom,201712-201806_SA_MarineParkMonitoring_StereoBRUVS_2,2018-01-17,2018-01-17,-0.39119970568929974,0.190928982257881
BRUV,BRUVs,Sponge Gardens - Sponge Gardens Sanctuary Zone,pco,Sponge Gardens outside East_201812-201906_SA_MarineParkMonitoring_StereoBRUVS_2,Sponge Gardens outside East,Fished,Pre-bloom,201812-201906_SA_MarineParkMonitoring_StereoBRUVS_2,2019-01-22,2019-01-22,-0.9522877523222093,0.12144217967182798
BRUV,BRUVs,Sponge Gardens - Sponge Gardens Sanctuary Zone,pco,Sponge Gardens outside East_202012-202105_SA_MarineParkMonitoring_StereoBRUVS_2,Sponge Gardens outside East,Fished,Pre-bloom,202012-202105_SA_MarineParkMonitoring_StereoBRUVS_2,2021-01-21,2021-01-21,-0.6533619272950453,0.05975834745436711
BRUV,BRUVs,Sponge Gardens - Sponge Gardens Sanctuary Zone,pco,Sponge Gardens outside East_2025-04_SpongeGardens_BRUVS_1,Sponge Gardens outside East,Fished,Bloom,2025-04_SpongeGardens_BRUVS_1,2025-04-02,2025-04-02,0.4753276600151082,0.6247118874728206
BRUV,BRUVs,Sponge Gardens - Sponge Gardens Sanctuary Zone,pco,Sponge Gardens outside East_2026-01_SpongeGardens_BRUVS_1,Sponge Gardens outside East,Fished,Bloom,2026-01_SpongeGardens_BRUVS_1,2026-01-27,2026-01-27,-0.36407260590039564,0.10357107968072843
BRUV,BRUVs,Sponge Gardens - Sponge Gardens Sanctuary Zone,pco,Sponge Gardens outside West_2015-201706_SA_MPA_StereoBRUVS_3,Sponge Gardens outside West,Fished,Pre-bloom,2015-201706_SA_MPA_StereoBRUVS_3,2016-01-20,2016-01-20,0.09390458268896919,0.7017101463585163
BRUV,BRUVs,Sponge Gardens - Sponge Gardens Sanctuary Zone,pco,Sponge Gardens outside West_2015-201706_SA_MPA_StereoBRUVS_7,Sponge Gardens outside West,Fished,Pre-bloom,2015-201706_SA_MPA_StereoBRUVS_7,2016-12-06,2016-12-06,-1.2506338416483558,0.21675216041416476
BRUV,BRUVs,Sponge Gardens - Sponge Gardens Sanctuary Zone,pco,Sponge Gardens outside West_201712-201806_SA_MarineParkMonitoring_StereoBRUVS_2,Sponge Gardens outside West,Fished,Pre-bloom,201712-201806_SA_MarineParkMonitoring_StereoBRUVS_2,2018-01-17,2018-01-17,-1.1328374770651266,0.22759796788589048
BRUV,BRUVs,Sponge Gardens - Sponge Gardens Sanctuary Zone,pco,Sponge Gardens outside West_201812-201906_SA_MarineParkMonitoring_StereoBRUVS_2,Sponge Gardens outside West,Fished,Pre-bloom,201812-201906_SA_MarineParkMonitoring_StereoBRUVS_2,2019-01-22,2019-01-22,-0.2169530391937994,0.4113786926457054
BRUV,BRUVs,Sponge Gardens - Sponge Gardens Sanctuary Zone,pco,Sponge Gardens outside West_202012-202105_SA_MarineParkMonitoring_StereoBRUVS_2,Sponge Gardens outside West,Fished,Pre-bloom,202012-202105_SA_MarineParkMonitoring_StereoBRUVS_2,2021-01-21,2021-01-21,0.08769647865991254,0.6003005840259492
BRUV,BRUVs,Sponge Gardens - Sponge Gardens Sanctuary Zone,pco,Sponge Gardens outside West_2025-04_SpongeGardens_BRUVS_1,Sponge Gardens outside West,Fished,Bloom,2025-04_SpongeGardens_BRUVS_1,2025-04-02,2025-04-02,0.9214810811566366,1.314614393431756
BRUV,BRUVs,Sponge Gardens - Sponge Gardens Sanctuary Zone,pco,Sponge Gardens outside West_2026-01_SpongeGardens_BRUVS_1,Sponge Gardens outside West,Fished,Bloom,2026-01_SpongeGardens_BRUVS_1,2026-01-27,2026-01-27,-0.30728117851112174,0.4970649709586802
BRUV,BRUVs,Sponge Gardens - Sponge Gardens Sanctuary Zone,pco,Sponge Gardens outside central_2015-201706_SA_MPA_StereoBRUVS_3,Sponge Gardens outside central,Fished,Pre-bloom,2015-201706_SA_MPA_StereoBRUVS_3,2016-01-20,2016-01-20,-0.376984483427065,-0.2268318403987188
BRUV,BRUVs,Sponge Gardens - Sponge Gardens Sanctuary Zone,pco,Sponge Gardens outside central_2015-201706_SA_MPA_StereoBRUVS_7,Sponge Gardens outside central,Fished,Pre-bloom,2015-201706_SA_MPA_StereoBRUVS_7,2016-12-06,2016-12-06,-0.29117058308998406,-0.2779822909906085
BRUV,BRUVs,Sponge Gardens - Sponge Gardens Sanctuary Zone,pco,Sponge Gardens outside central_201712-201806_SA_MarineParkMonitoring_StereoBRUVS_1,Sponge Gardens outside central,Fished,Pre-bloom,201712-201806_SA_MarineParkMonitoring_StereoBRUVS_1,2017-12-05,2017-12-05,0.04903775234169034,-0.48934788948939806
BRUV,BRUVs,Sponge Gardens - Sponge Gardens Sanctuary Zone,pco,Sponge Gardens outside central_201812-201906_SA_MarineParkMonitoring_StereoBRUVS_2,Sponge Gardens outside central,Fished,Pre-bloom,201812-201906_SA_MarineParkMonitoring_StereoBRUVS_2,2019-01-22,2019-01-22,0.3272246038174418,-0.1250716818765834
BRUV,BRUVs,Sponge Gardens - Sponge Gardens Sanctuary Zone,pco,Sponge Gardens outside central_202012-202105_SA_MarineParkMonitoring_StereoBRUVS_2,Sponge Gardens outside central,Fished,Pre-bloom,202012-202105_SA_MarineParkMonitoring_StereoBRUVS_2,2021-01-21,2021-01-21,-0.17568038671255176,-0.13614746694280758
BRUV,BRUVs,Sponge Gardens - Sponge Gardens Sanctuary Zone,pco,Sponge Gardens outside central_2025-04_SpongeGardens_BRUVS_1,Sponge Gardens outside central,Fished,Bloom,2025-04_SpongeGardens_BRUVS_1,2025-04-02,2025-04-02,1.024070508032008,0.7007485664484493
BRUV,BRUVs,Sponge Gardens - Sponge Gardens Sanctuary Zone,pco,Sponge Gardens outside central_2026-01_SpongeGardens_BRUVS_1,Sponge Gardens outside central,Fished,Bloom,2026-01_SpongeGardens_BRUVS_1,2026-01-27,2026-01-27,0.5727732741179237,-0.11731416761366395
BRUV,BRUVs,Sponge Gardens - Sponge Gardens Sanctuary Zone,cap_period,Sponge Gardens SZ East_2015-201706_SA_MPA_StereoBRUVS_3,Sponge Gardens SZ East,No-take,Pre-bloom,2015-201706_SA_MPA_StereoBRUVS_3,2016-01-20,2016-01-20,-0.2854540098044132,-0.9305080745207506
BRUV,BRUVs,Sponge Gardens - Sponge Gardens Sanctuary Zone,cap_period,Sponge Gardens SZ East_2015-201706_SA_MPA_StereoBRUVS_7,Sponge Gardens SZ East,No-take,Pre-bloom,2015-201706_SA_MPA_StereoBRUVS_7,2016-12-06,2016-12-06,-1.0366593170383551,-0.27066907946424806
BRUV,BRUVs,Sponge Gardens - Sponge Gardens Sanctuary Zone,cap_period,Sponge Gardens SZ East_201712-201806_SA_MarineParkMonitoring_StereoBRUVS_2,Sponge Gardens SZ East,No-take,Pre-bloom,201712-201806_SA_MarineParkMonitoring_StereoBRUVS_2,2018-01-17,2018-01-17,-0.44828716663455886,0.3197158706839531
BRUV,BRUVs,Sponge Gardens - Sponge Gardens Sanctuary Zone,cap_period,Sponge Gardens SZ East_201812-201906_SA_MarineParkMonitoring_StereoBRUVS_2,Sponge Gardens SZ East,No-take,Pre-bloom,201812-201906_SA_MarineParkMonitoring_StereoBRUVS_2,2019-01-22,2019-01-22,-1.2850361059623439,1.256039782807167
BRUV,BRUVs,Sponge Gardens - Sponge Gardens Sanctuary Zone,cap_period,Sponge Gardens SZ East_202012-202105_SA_MarineParkMonitoring_StereoBRUVS_2,Sponge Gardens SZ East,No-take,Pre-bloom,202012-202105_SA_MarineParkMonitoring_StereoBRUVS_2,2021-01-21,2021-01-21,-0.7281043003276835,0.507303369327363
BRUV,BRUVs,Sponge Gardens - Sponge Gardens Sanctuary Zone,cap_period,Sponge Gardens SZ East_2025-04_SpongeGardens_BRUVS_1,Sponge Gardens SZ East,No-take,Bloom,2025-04_SpongeGardens_BRUVS_1,2025-04-02,2025-04-02,3.1967278744963834,-1.4314268819291438
BRUV,BRUVs,Sponge Gardens - Sponge Gardens Sanctuary Zone,cap_period,Sponge Gardens SZ East_2026-01_SpongeGardens_BRUVS_1,Sponge Gardens SZ East,No-take,Bloom,2026-01_SpongeGardens_BRUVS_1,2026-01-27,2026-01-27,1.3374532815907179,0.7955166803161766
BRUV,BRUVs,Sponge Gardens - Sponge Gardens Sanctuary Zone,cap_period,Sponge Gardens SZ West_2015-201706_SA_MPA_StereoBRUVS_3,Sponge Gardens SZ West,No-take,Pre-bloom,2015-201706_SA_MPA_StereoBRUVS_3,2016-01-20,2016-01-20,-0.5686285303906891,-1.5756668873572883
BRUV,BRUVs,Sponge Gardens - Sponge Gardens Sanctuary Zone,cap_period,Sponge Gardens SZ West_2015-201706_SA_MPA_StereoBRUVS_7,Sponge Gardens SZ West,No-take,Pre-bloom,2015-201706_SA_MPA_StereoBRUVS_7,2016-12-06,2016-12-06,-0.11323541199151024,-1.322632317326404
BRUV,BRUVs,Sponge Gardens - Sponge Gardens Sanctuary Zone,cap_period,Sponge Gardens SZ West_201712-201806_SA_MarineParkMonitoring_StereoBRUVS_2,Sponge Gardens SZ West,No-take,Pre-bloom,201712-201806_SA_MarineParkMonitoring_StereoBRUVS_2,2018-01-17,2018-01-17,-1.2250265982769684,-0.16886609854007276
BRUV,BRUVs,Sponge Gardens - Sponge Gardens Sanctuary Zone,cap_period,Sponge Gardens SZ West_201812-201906_SA_MarineParkMonitoring_StereoBRUVS_2,Sponge Gardens SZ West,No-take,Pre-bloom,201812-201906_SA_MarineParkMonitoring_StereoBRUVS_2,2019-01-22,2019-01-22,-0.45932802382845095,-1.1629884288130152
BRUV,BRUVs,Sponge Gardens - Sponge Gardens Sanctuary Zone,cap_period,Sponge Gardens SZ West_202012-202105_SA_MarineParkMonitoring_StereoBRUVS_2,Sponge Gardens SZ West,No-take,Pre-bloom,202012-202105_SA_MarineParkMonitoring_StereoBRUVS_2,2021-01-21,2021-01-21,-0.006090520048146474,-0.4630201173971979
BRUV,BRUVs,Sponge Gardens - Sponge Gardens Sanctuary Zone,cap_period,Sponge Gardens SZ West_2025-04_SpongeGardens_BRUVS_1,Sponge Gardens SZ West,No-take,Bloom,2025-04_SpongeGardens_BRUVS_1,2025-04-02,2025-04-02,2.238834356116138,-0.30153064329022333
BRUV,BRUVs,Sponge Gardens - Sponge Gardens Sanctuary Zone,cap_period,Sponge Gardens SZ West_2026-01_SpongeGardens_BRUVS_1,Sponge Gardens SZ West,No-take,Bloom,2026-01_SpongeGardens_BRUVS_1,2026-01-27,2026-01-27,1.893353139308202,-0.7402152292680254
BRUV,BRUVs,Sponge Gardens - Sponge Gardens Sanctuary Zone,cap_period,Sponge Gardens SZ central_2015-201706_SA_MPA_StereoBRUVS_3,Sponge Gardens SZ central,No-take,Pre-bloom,2015-201706_SA_MPA_StereoBRUVS_3,2016-01-20,2016-01-20,-0.18787310189776316,-2.3408230101705985
BRUV,BRUVs,Sponge Gardens - Sponge Gardens Sanctuary Zone,cap_period,Sponge Gardens SZ central_2015-201706_SA_MPA_StereoBRUVS_7,Sponge Gardens SZ central,No-take,Pre-bloom,2015-201706_SA_MPA_StereoBRUVS_7,2016-12-06,2016-12-06,-0.6309588567265432,-0.7568807018294404
BRUV,BRUVs,Sponge Gardens - Sponge Gardens Sanctuary Zone,cap_period,Sponge Gardens SZ central_201712-201806_SA_MarineParkMonitoring_StereoBRUVS_1,Sponge Gardens SZ central,No-take,Pre-bloom,201712-201806_SA_MarineParkMonitoring_StereoBRUVS_1,2017-12-05,2017-12-05,-0.35852369439342274,-1.4677240236258142
BRUV,BRUVs,Sponge Gardens - Sponge Gardens Sanctuary Zone,cap_period,Sponge Gardens SZ central_201812-201906_SA_MarineParkMonitoring_StereoBRUVS_2,Sponge Gardens SZ central,No-take,Pre-bloom,201812-201906_SA_MarineParkMonitoring_StereoBRUVS_2,2019-01-22,2019-01-22,-0.34934123113271365,-0.9789268723955195
BRUV,BRUVs,Sponge Gardens - Sponge Gardens Sanctuary Zone,cap_period,Sponge Gardens SZ central_202012-202105_SA_MarineParkMonitoring_StereoBRUVS_2,Sponge Gardens SZ central,No-take,Pre-bloom,202012-202105_SA_MarineParkMonitoring_StereoBRUVS_2,2021-01-21,2021-01-21,-1.1875882729748801,-0.6684655620696215
BRUV,BRUVs,Sponge Gardens - Sponge Gardens Sanctuary Zone,cap_period,Sponge Gardens SZ central_2025-04_SpongeGardens_BRUVS_1,Sponge Gardens SZ central,No-take,Bloom,2025-04_SpongeGardens_BRUVS_1,2025-04-02,2025-04-02,1.7169962212221743,-1.585231659645972
BRUV,BRUVs,Sponge Gardens - Sponge Gardens Sanctuary Zone,cap_period,Sponge Gardens SZ central_2026-01_SpongeGardens_BRUVS_1,Sponge Gardens SZ central,No-take,Bloom,2026-01_SpongeGardens_BRUVS_1,2026-01-27,2026-01-27,0.5266748182217365,-0.8862698082242142
BRUV,BRUVs,Sponge Gardens - Sponge Gardens Sanctuary Zone,cap_period,Sponge Gardens outside East_2015-201706_SA_MPA_StereoBRUVS_3,Sponge Gardens outside East,Fished,Pre-bloom,2015-201706_SA_MPA_StereoBRUVS_3,2016-01-20,2016-01-20,0.1449988929608112,-0.24057745689807686
BRUV,BRUVs,Sponge Gardens - Sponge Gardens Sanctuary Zone,cap_period,Sponge Gardens outside East_2015-201706_SA_MPA_StereoBRUVS_7,Sponge Gardens outside East,Fished,Pre-bloom,2015-201706_SA_MPA_StereoBRUVS_7,2016-12-06,2016-12-06,-1.9373544633359214,2.3404454373049246
BRUV,BRUVs,Sponge Gardens - Sponge Gardens Sanctuary Zone,cap_period,Sponge Gardens outside East_201712-201806_SA_MarineParkMonitoring_StereoBRUVS_2,Sponge Gardens outside East,Fished,Pre-bloom,201712-201806_SA_MarineParkMonitoring_StereoBRUVS_2,2018-01-17,2018-01-17,-0.6707617131904239,0.691166238036835
BRUV,BRUVs,Sponge Gardens - Sponge Gardens Sanctuary Zone,cap_period,Sponge Gardens outside East_201812-201906_SA_MarineParkMonitoring_StereoBRUVS_2,Sponge Gardens outside East,Fished,Pre-bloom,201812-201906_SA_MarineParkMonitoring_StereoBRUVS_2,2019-01-22,2019-01-22,-1.795978404990494,1.71832163742541
BRUV,BRUVs,Sponge Gardens - Sponge Gardens Sanctuary Zone,cap_period,Sponge Gardens outside East_202012-202105_SA_MarineParkMonitoring_StereoBRUVS_2,Sponge Gardens outside East,Fished,Pre-bloom,202012-202105_SA_MarineParkMonitoring_StereoBRUVS_2,2021-01-21,2021-01-21,-1.4219596081808314,0.9370993676170788
BRUV,BRUVs,Sponge Gardens - Sponge Gardens Sanctuary Zone,cap_period,Sponge Gardens outside East_2025-04_SpongeGardens_BRUVS_1,Sponge Gardens outside East,Fished,Bloom,2025-04_SpongeGardens_BRUVS_1,2025-04-02,2025-04-02,1.891678978942016,0.46657388713452835
BRUV,BRUVs,Sponge Gardens - Sponge Gardens Sanctuary Zone,cap_period,Sponge Gardens outside East_2026-01_SpongeGardens_BRUVS_1,Sponge Gardens outside East,Fished,Bloom,2026-01_SpongeGardens_BRUVS_1,2026-01-27,2026-01-27,0.5414104643195927,1.7255262748215432
BRUV,BRUVs,Sponge Gardens - Sponge Gardens Sanctuary Zone,cap_period,Sponge Gardens outside West_2015-201706_SA_MPA_StereoBRUVS_3,Sponge Gardens outside West,Fished,Pre-bloom,2015-201706_SA_MPA_StereoBRUVS_3,2016-01-20,2016-01-20,-0.02585818872276818,0.31032259968241477
BRUV,BRUVs,Sponge Gardens - Sponge Gardens Sanctuary Zone,cap_period,Sponge Gardens outside West_2015-201706_SA_MPA_StereoBRUVS_7,Sponge Gardens outside West,Fished,Pre-bloom,2015-201706_SA_MPA_StereoBRUVS_7,2016-12-06,2016-12-06,-2.764187152068954,2.25032177090882
BRUV,BRUVs,Sponge Gardens - Sponge Gardens Sanctuary Zone,cap_period,Sponge Gardens outside West_201712-201806_SA_MarineParkMonitoring_StereoBRUVS_2,Sponge Gardens outside West,Fished,Pre-bloom,201712-201806_SA_MarineParkMonitoring_StereoBRUVS_2,2018-01-17,2018-01-17,-2.0688384521994023,2.3283248530506904
BRUV,BRUVs,Sponge Gardens - Sponge Gardens Sanctuary Zone,cap_period,Sponge Gardens outside West_201812-201906_SA_MarineParkMonitoring_StereoBRUVS_2,Sponge Gardens outside West,Fished,Pre-bloom,201812-201906_SA_MarineParkMonitoring_StereoBRUVS_2,2019-01-22,2019-01-22,-0.6711606744682813,0.5897371470342919
BRUV,BRUVs,Sponge Gardens - Sponge Gardens Sanctuary Zone,cap_period,Sponge Gardens outside West_202012-202105_SA_MarineParkMonitoring_StereoBRUVS_2,Sponge Gardens outside West,Fished,Pre-bloom,202012-202105_SA_MarineParkMonitoring_StereoBRUVS_2,2021-01-21,2021-01-21,-0.1195489023523262,0.22030911895729707
BRUV,BRUVs,Sponge Gardens - Sponge Gardens Sanctuary Zone,cap_period,Sponge Gardens outside West_2025-04_SpongeGardens_BRUVS_1,Sponge Gardens outside West,Fished,Bloom,2025-04_SpongeGardens_BRUVS_1,2025-04-02,2025-04-02,3.1238911812291743,0.5538466828632261
BRUV,BRUVs,Sponge Gardens - Sponge Gardens Sanctuary Zone,cap_period,Sponge Gardens outside West_2026-01_SpongeGardens_BRUVS_1,Sponge Gardens outside West,Fished,Bloom,2026-01_SpongeGardens_BRUVS_1,2026-01-27,2026-01-27,0.8368024743641034,2.2589225084447278
BRUV,BRUVs,Sponge Gardens - Sponge Gardens Sanctuary Zone,cap_period,Sponge Gardens outside central_2015-201706_SA_MPA_StereoBRUVS_3,Sponge Gardens outside central,Fished,Pre-bloom,2015-201706_SA_MPA_StereoBRUVS_3,2016-01-20,2016-01-20,-1.119098502487453,0.09633387391947607
BRUV,BRUVs,Sponge Gardens - Sponge Gardens Sanctuary Zone,cap_period,Sponge Gardens outside central_2015-201706_SA_MPA_StereoBRUVS_7,Sponge Gardens outside central,Fished,Pre-bloom,2015-201706_SA_MPA_StereoBRUVS_7,2016-12-06,2016-12-06,-1.1338520837140318,-0.1140497671893842
BRUV,BRUVs,Sponge Gardens - Sponge Gardens Sanctuary Zone,cap_period,Sponge Gardens outside central_201712-201806_SA_MarineParkMonitoring_StereoBRUVS_1,Sponge Gardens outside central,Fished,Pre-bloom,201712-201806_SA_MarineParkMonitoring_StereoBRUVS_1,2017-12-05,2017-12-05,0.07542759339402094,-0.5965635765982237
BRUV,BRUVs,Sponge Gardens - Sponge Gardens Sanctuary Zone,cap_period,Sponge Gardens outside central_201812-201906_SA_MarineParkMonitoring_StereoBRUVS_2,Sponge Gardens outside central,Fished,Pre-bloom,201812-201906_SA_MarineParkMonitoring_StereoBRUVS_2,2019-01-22,2019-01-22,0.6625859617878523,-0.7266789795574574
BRUV,BRUVs,Sponge Gardens - Sponge Gardens Sanctuary Zone,cap_period,Sponge Gardens outside central_202012-202105_SA_MarineParkMonitoring_StereoBRUVS_2,Sponge Gardens outside central,Fished,Pre-bloom,202012-202105_SA_MarineParkMonitoring_StereoBRUVS_2,2021-01-21,2021-01-21,-0.13244511127418435,0.2195998869973923
BRUV,BRUVs,Sponge Gardens - Sponge Gardens Sanctuary Zone,cap_period,Sponge Gardens outside central_2025-04_SpongeGardens_BRUVS_1,Sponge Gardens outside central,Fished,Bloom,2025-04_SpongeGardens_BRUVS_1,2025-04-02,2025-04-02,2.6891807299944395,-0.4926379605099274
BRUV,BRUVs,Sponge Gardens - Sponge Gardens Sanctuary Zone,cap_period,Sponge Gardens outside central_2026-01_SpongeGardens_BRUVS_1,Sponge Gardens outside central,Fished,Bloom,2026-01_SpongeGardens_BRUVS_1,2026-01-27,2026-01-27,1.8551624304661511,-0.36307385071269394
BRUV,BRUVs,Sponge Gardens - Sponge Gardens Sanctuary Zone,cap_status,Sponge Gardens SZ East_2015-201706_SA_MPA_StereoBRUVS_3,Sponge Gardens SZ East,No-take,Pre-bloom,2015-201706_SA_MPA_StereoBRUVS_3,2016-01-20,2016-01-20,-1.5336311605303938,-0.06454988422924993
BRUV,BRUVs,Sponge Gardens - Sponge Gardens Sanctuary Zone,cap_status,Sponge Gardens SZ East_2015-201706_SA_MPA_StereoBRUVS_7,Sponge Gardens SZ East,No-take,Pre-bloom,2015-201706_SA_MPA_StereoBRUVS_7,2016-12-06,2016-12-06,-1.0510937795402941,0.4559983099974675
BRUV,BRUVs,Sponge Gardens - Sponge Gardens Sanctuary Zone,cap_status,Sponge Gardens SZ East_201712-201806_SA_MarineParkMonitoring_StereoBRUVS_2,Sponge Gardens SZ East,No-take,Pre-bloom,201712-201806_SA_MarineParkMonitoring_StereoBRUVS_2,2018-01-17,2018-01-17,-0.4139145268238015,0.5774677832145131
BRUV,BRUVs,Sponge Gardens - Sponge Gardens Sanctuary Zone,cap_status,Sponge Gardens SZ East_201812-201906_SA_MarineParkMonitoring_StereoBRUVS_2,Sponge Gardens SZ East,No-take,Pre-bloom,201812-201906_SA_MarineParkMonitoring_StereoBRUVS_2,2019-01-22,2019-01-22,0.3829391090022804,1.4091411742142685
BRUV,BRUVs,Sponge Gardens - Sponge Gardens Sanctuary Zone,cap_status,Sponge Gardens SZ East_202012-202105_SA_MarineParkMonitoring_StereoBRUVS_2,Sponge Gardens SZ East,No-take,Pre-bloom,202012-202105_SA_MarineParkMonitoring_StereoBRUVS_2,2021-01-21,2021-01-21,0.0041097158144346585,0.7679235303176941
BRUV,BRUVs,Sponge Gardens - Sponge Gardens Sanctuary Zone,cap_status,Sponge Gardens SZ East_2025-04_SpongeGardens_BRUVS_1,Sponge Gardens SZ East,No-take,Bloom,2025-04_SpongeGardens_BRUVS_1,2025-04-02,2025-04-02,-2.2977047378994975,-2.362896514294865
BRUV,BRUVs,Sponge Gardens - Sponge Gardens Sanctuary Zone,cap_status,Sponge Gardens SZ East_2026-01_SpongeGardens_BRUVS_1,Sponge Gardens SZ East,No-take,Bloom,2026-01_SpongeGardens_BRUVS_1,2026-01-27,2026-01-27,-0.47434291306998216,-0.09658227171006549
BRUV,BRUVs,Sponge Gardens - Sponge Gardens Sanctuary Zone,cap_status,Sponge Gardens SZ West_2015-201706_SA_MPA_StereoBRUVS_3,Sponge Gardens SZ West,No-take,Pre-bloom,2015-201706_SA_MPA_StereoBRUVS_3,2016-01-20,2016-01-20,-1.758594162181508,0.15739482970587307
BRUV,BRUVs,Sponge Gardens - Sponge Gardens Sanctuary Zone,cap_status,Sponge Gardens SZ West_2015-201706_SA_MPA_StereoBRUVS_7,Sponge Gardens SZ West,No-take,Pre-bloom,2015-201706_SA_MPA_StereoBRUVS_7,2016-12-06,2016-12-06,-1.3111410719209338,-0.128180639027098
BRUV,BRUVs,Sponge Gardens - Sponge Gardens Sanctuary Zone,cap_status,Sponge Gardens SZ West_201712-201806_SA_MarineParkMonitoring_StereoBRUVS_2,Sponge Gardens SZ West,No-take,Pre-bloom,201712-201806_SA_MarineParkMonitoring_StereoBRUVS_2,2018-01-17,2018-01-17,-0.44479331482786677,0.9810427190247254
BRUV,BRUVs,Sponge Gardens - Sponge Gardens Sanctuary Zone,cap_status,Sponge Gardens SZ West_201812-201906_SA_MarineParkMonitoring_StereoBRUVS_2,Sponge Gardens SZ West,No-take,Pre-bloom,201812-201906_SA_MarineParkMonitoring_StereoBRUVS_2,2019-01-22,2019-01-22,-1.3685300611377145,0.23438021552070565
BRUV,BRUVs,Sponge Gardens - Sponge Gardens Sanctuary Zone,cap_status,Sponge Gardens SZ West_202012-202105_SA_MarineParkMonitoring_StereoBRUVS_2,Sponge Gardens SZ West,No-take,Pre-bloom,202012-202105_SA_MarineParkMonitoring_StereoBRUVS_2,2021-01-21,2021-01-21,-0.06641785057302571,-0.08725735460282272
BRUV,BRUVs,Sponge Gardens - Sponge Gardens Sanctuary Zone,cap_status,Sponge Gardens SZ West_2025-04_SpongeGardens_BRUVS_1,Sponge Gardens SZ West,No-take,Bloom,2025-04_SpongeGardens_BRUVS_1,2025-04-02,2025-04-02,0.0731242980336311,-1.5103065885717784
BRUV,BRUVs,Sponge Gardens - Sponge Gardens Sanctuary Zone,cap_status,Sponge Gardens SZ West_2026-01_SpongeGardens_BRUVS_1,Sponge Gardens SZ West,No-take,Bloom,2026-01_SpongeGardens_BRUVS_1,2026-01-27,2026-01-27,-1.3156941124226136,-1.091572451213856
BRUV,BRUVs,Sponge Gardens - Sponge Gardens Sanctuary Zone,cap_status,Sponge Gardens SZ central_2015-201706_SA_MPA_StereoBRUVS_3,Sponge Gardens SZ central,No-take,Pre-bloom,2015-201706_SA_MPA_StereoBRUVS_3,2016-01-20,2016-01-20,-2.9339257441266238,-0.019984325630613264
BRUV,BRUVs,Sponge Gardens - Sponge Gardens Sanctuary Zone,cap_status,Sponge Gardens SZ central_2015-201706_SA_MPA_StereoBRUVS_7,Sponge Gardens SZ central,No-take,Pre-bloom,2015-201706_SA_MPA_StereoBRUVS_7,2016-12-06,2016-12-06,-0.7948889764345479,0.4930832864440636
BRUV,BRUVs,Sponge Gardens - Sponge Gardens Sanctuary Zone,cap_status,Sponge Gardens SZ central_201712-201806_SA_MarineParkMonitoring_StereoBRUVS_1,Sponge Gardens SZ central,No-take,Pre-bloom,201712-201806_SA_MarineParkMonitoring_StereoBRUVS_1,2017-12-05,2017-12-05,-2.1582761195203246,0.31178057255890484
BRUV,BRUVs,Sponge Gardens - Sponge Gardens Sanctuary Zone,cap_status,Sponge Gardens SZ central_201812-201906_SA_MarineParkMonitoring_StereoBRUVS_2,Sponge Gardens SZ central,No-take,Pre-bloom,201812-201906_SA_MarineParkMonitoring_StereoBRUVS_2,2019-01-22,2019-01-22,-1.1458155220618014,-0.0658056110117559
BRUV,BRUVs,Sponge Gardens - Sponge Gardens Sanctuary Zone,cap_status,Sponge Gardens SZ central_202012-202105_SA_MarineParkMonitoring_StereoBRUVS_2,Sponge Gardens SZ central,No-take,Pre-bloom,202012-202105_SA_MarineParkMonitoring_StereoBRUVS_2,2021-01-21,2021-01-21,-1.1260696759439914,0.9892542900102268
BRUV,BRUVs,Sponge Gardens - Sponge Gardens Sanctuary Zone,cap_status,Sponge Gardens SZ central_2025-04_SpongeGardens_BRUVS_1,Sponge Gardens SZ central,No-take,Bloom,2025-04_SpongeGardens_BRUVS_1,2025-04-02,2025-04-02,-2.451598200902315,-1.2583127404848742
BRUV,BRUVs,Sponge Gardens - Sponge Gardens Sanctuary Zone,cap_status,Sponge Gardens SZ central_2026-01_SpongeGardens_BRUVS_1,Sponge Gardens SZ central,No-take,Bloom,2026-01_SpongeGardens_BRUVS_1,2026-01-27,2026-01-27,-1.9952296780006045,0.30798166976853475
BRUV,BRUVs,Sponge Gardens - Sponge Gardens Sanctuary Zone,cap_status,Sponge Gardens outside East_2015-201706_SA_MPA_StereoBRUVS_3,Sponge Gardens outside East,Fished,Pre-bloom,2015-201706_SA_MPA_StereoBRUVS_3,2016-01-20,2016-01-20,0.9245074496881857,-0.8964023431911047
BRUV,BRUVs,Sponge Gardens - Sponge Gardens Sanctuary Zone,cap_status,Sponge Gardens outside East_2015-201706_SA_MPA_StereoBRUVS_7,Sponge Gardens outside East,Fished,Pre-bloom,2015-201706_SA_MPA_StereoBRUVS_7,2016-12-06,2016-12-06,2.2618961398095645,1.9127762439345821
BRUV,BRUVs,Sponge Gardens - Sponge Gardens Sanctuary Zone,cap_status,Sponge Gardens outside East_201712-201806_SA_MarineParkMonitoring_StereoBRUVS_2,Sponge Gardens outside East,Fished,Pre-bloom,201712-201806_SA_MarineParkMonitoring_StereoBRUVS_2,2018-01-17,2018-01-17,0.991113853444217,0.5000987860238255
BRUV,BRUVs,Sponge Gardens - Sponge Gardens Sanctuary Zone,cap_status,Sponge Gardens outside East_201812-201906_SA_MarineParkMonitoring_StereoBRUVS_2,Sponge Gardens outside East,Fished,Pre-bloom,201812-201906_SA_MarineParkMonitoring_StereoBRUVS_2,2019-01-22,2019-01-22,1.4787200991157965,1.6654012499956465
BRUV,BRUVs,Sponge Gardens - Sponge Gardens Sanctuary Zone,cap_status,Sponge Gardens outside East_202012-202105_SA_MarineParkMonitoring_StereoBRUVS_2,Sponge Gardens outside East,Fished,Pre-bloom,202012-202105_SA_MarineParkMonitoring_StereoBRUVS_2,2021-01-21,2021-01-21,1.0145522056241458,1.0792546984786926
BRUV,BRUVs,Sponge Gardens - Sponge Gardens Sanctuary Zone,cap_status,Sponge Gardens outside East_2025-04_SpongeGardens_BRUVS_1,Sponge Gardens outside East,Fished,Bloom,2025-04_SpongeGardens_BRUVS_1,2025-04-02,2025-04-02,0.39220677018942696,-1.3863507689969412
BRUV,BRUVs,Sponge Gardens - Sponge Gardens Sanctuary Zone,cap_status,Sponge Gardens outside East_2026-01_SpongeGardens_BRUVS_1,Sponge Gardens outside East,Fished,Bloom,2026-01_SpongeGardens_BRUVS_1,2026-01-27,2026-01-27,1.188129858055659,0.5050822557067588
BRUV,BRUVs,Sponge Gardens - Sponge Gardens Sanctuary Zone,cap_status,Sponge Gardens outside West_2015-201706_SA_MPA_StereoBRUVS_3,Sponge Gardens outside West,Fished,Pre-bloom,2015-201706_SA_MPA_StereoBRUVS_3,2016-01-20,2016-01-20,1.4884769804597822,-0.7398043140713221
BRUV,BRUVs,Sponge Gardens - Sponge Gardens Sanctuary Zone,cap_status,Sponge Gardens outside West_2015-201706_SA_MPA_StereoBRUVS_7,Sponge Gardens outside West,Fished,Pre-bloom,2015-201706_SA_MPA_StereoBRUVS_7,2016-12-06,2016-12-06,2.2147592183836498,2.264481717094083
BRUV,BRUVs,Sponge Gardens - Sponge Gardens Sanctuary Zone,cap_status,Sponge Gardens outside West_201712-201806_SA_MarineParkMonitoring_StereoBRUVS_2,Sponge Gardens outside West,Fished,Pre-bloom,201712-201806_SA_MarineParkMonitoring_StereoBRUVS_2,2018-01-17,2018-01-17,2.261153641218892,2.0287588447355245
BRUV,BRUVs,Sponge Gardens - Sponge Gardens Sanctuary Zone,cap_status,Sponge Gardens outside West_201812-201906_SA_MarineParkMonitoring_StereoBRUVS_2,Sponge Gardens outside West,Fished,Pre-bloom,201812-201906_SA_MarineParkMonitoring_StereoBRUVS_2,2019-01-22,2019-01-22,1.6391581927884775,0.008873144395889503
BRUV,BRUVs,Sponge Gardens - Sponge Gardens Sanctuary Zone,cap_status,Sponge Gardens outside West_202012-202105_SA_MarineParkMonitoring_StereoBRUVS_2,Sponge Gardens outside West,Fished,Pre-bloom,202012-202105_SA_MarineParkMonitoring_StereoBRUVS_2,2021-01-21,2021-01-21,1.5976727555907666,-0.7016711606717603
BRUV,BRUVs,Sponge Gardens - Sponge Gardens Sanctuary Zone,cap_status,Sponge Gardens outside West_2025-04_SpongeGardens_BRUVS_1,Sponge Gardens outside West,Fished,Bloom,2025-04_SpongeGardens_BRUVS_1,2025-04-02,2025-04-02,1.5666994460335273,-2.797431176203073
BRUV,BRUVs,Sponge Gardens - Sponge Gardens Sanctuary Zone,cap_status,Sponge Gardens outside West_2026-01_SpongeGardens_BRUVS_1,Sponge Gardens outside West,Fished,Bloom,2026-01_SpongeGardens_BRUVS_1,2026-01-27,2026-01-27,2.338415509853688,0.06788500874929067
BRUV,BRUVs,Sponge Gardens - Sponge Gardens Sanctuary Zone,cap_status,Sponge Gardens outside central_2015-201706_SA_MPA_StereoBRUVS_3,Sponge Gardens outside central,Fished,Pre-bloom,2015-201706_SA_MPA_StereoBRUVS_3,2016-01-20,2016-01-20,0.25344300583244533,0.7156978171318182
BRUV,BRUVs,Sponge Gardens - Sponge Gardens Sanctuary Zone,cap_status,Sponge Gardens outside central_2015-201706_SA_MPA_StereoBRUVS_7,Sponge Gardens outside central,Fished,Pre-bloom,2015-201706_SA_MPA_StereoBRUVS_7,2016-12-06,2016-12-06,0.5034214025079469,0.541200208970873
BRUV,BRUVs,Sponge Gardens - Sponge Gardens Sanctuary Zone,cap_status,Sponge Gardens outside central_201712-201806_SA_MarineParkMonitoring_StereoBRUVS_1,Sponge Gardens outside central,Fished,Pre-bloom,201712-201806_SA_MarineParkMonitoring_StereoBRUVS_1,2017-12-05,2017-12-05,-0.12555246535398562,-0.07351042200014789
BRUV,BRUVs,Sponge Gardens - Sponge Gardens Sanctuary Zone,cap_status,Sponge Gardens outside central_201812-201906_SA_MarineParkMonitoring_StereoBRUVS_2,Sponge Gardens outside central,Fished,Pre-bloom,201812-201906_SA_MarineParkMonitoring_StereoBRUVS_2,2019-01-22,2019-01-22,0.6255622468056893,-0.8735579752570757
BRUV,BRUVs,Sponge Gardens - Sponge Gardens Sanctuary Zone,cap_status,Sponge Gardens outside central_202012-202105_SA_MarineParkMonitoring_StereoBRUVS_2,Sponge Gardens outside central,Fished,Pre-bloom,202012-202105_SA_MarineParkMonitoring_StereoBRUVS_2,2021-01-21,2021-01-21,0.7822608360917295,0.1756716338629081
BRUV,BRUVs,Sponge Gardens - Sponge Gardens Sanctuary Zone,cap_status,Sponge Gardens outside central_2025-04_SpongeGardens_BRUVS_1,Sponge Gardens outside central,Fished,Bloom,2025-04_SpongeGardens_BRUVS_1,2025-04-02,2025-04-02,0.6765553381523176,-2.670514629168406
BRUV,BRUVs,Sponge Gardens - Sponge Gardens Sanctuary Zone,cap_status,Sponge Gardens outside central_2026-01_SpongeGardens_BRUVS_1,Sponge Gardens outside central,Fished,Bloom,2026-01_SpongeGardens_BRUVS_1,2026-01-27,2026-01-27,0.10833600077556985,-1.3259388195200623
BRUV,BRUVs,The Pages - The Pages Sanctuary Zone,pco,The Pages SZ East_2015-201706_SA_MPA_StereoBRUVS_4,The Pages SZ East,No-take,Pre-bloom,2015-201706_SA_MPA_StereoBRUVS_4,2016-04-19,2016-04-19,-0.45549362434921853,0.049057175172792664
BRUV,BRUVs,The Pages - The Pages Sanctuary Zone,pco,The Pages SZ East_2015-201706_SA_MPA_StereoBRUVS_11,The Pages SZ East,No-take,Pre-bloom,2015-201706_SA_MPA_StereoBRUVS_11,2017-06-02,2017-06-02,-0.8991185179797444,-0.2216806273272583
BRUV,BRUVs,The Pages - The Pages Sanctuary Zone,pco,The Pages SZ East_201712-201806_SA_MarineParkMonitoring_StereoBRUVS_4,The Pages SZ East,No-take,Pre-bloom,201712-201806_SA_MarineParkMonitoring_StereoBRUVS_4,2018-06-26,2018-06-26,-0.6786032853055898,-0.0592291575186434
BRUV,BRUVs,The Pages - The Pages Sanctuary Zone,pco,The Pages SZ East_201812-201906_SA_MarineParkMonitoring_StereoBRUVS_3,The Pages SZ East,No-take,Pre-bloom,201812-201906_SA_MarineParkMonitoring_StereoBRUVS_3,2019-06-06,2019-06-06,-0.3828027907164969,0.0011324986803063434
BRUV,BRUVs,The Pages - The Pages Sanctuary Zone,pco,The Pages SZ East_202012-202105_SA_MarineParkMonitoring_StereoBRUVS_3,The Pages SZ East,No-take,Pre-bloom,202012-202105_SA_MarineParkMonitoring_StereoBRUVS_3,2021-05-20,2021-05-20,-0.6711625164687203,-0.19524430041853533
BRUV,BRUVs,The Pages - The Pages Sanctuary Zone,pco,The Pages SZ East_2025-04_Pages_BRUVS_1,The Pages SZ East,No-take,Bloom,2025-04_Pages_BRUVS_1,2025-04-09,2025-04-09,-0.5719296394516509,0.14686588826117258
BRUV,BRUVs,The Pages - The Pages Sanctuary Zone,pco,The Pages SZ East_2025-12_Pages_BRUVS_1,The Pages SZ East,No-take,Bloom,2025-12_Pages_BRUVS_1,2025-12-02,2025-12-02,-0.3007463502865779,0.5897779374029973
BRUV,BRUVs,The Pages - The Pages Sanctuary Zone,pco,The Pages SZ East_2026-03_PagesIslands_BRUVS_1,The Pages SZ East,No-take,Bloom,2026-03_PagesIslands_BRUVS_1,2026-03-01,2026-03-01,-0.12486227196146517,-0.09917410668650407
BRUV,BRUVs,The Pages - The Pages Sanctuary Zone,pco,The Pages SZ North_2015-201706_SA_MPA_StereoBRUVS_4,The Pages SZ North,No-take,Pre-bloom,2015-201706_SA_MPA_StereoBRUVS_4,2016-04-19,2016-04-19,1.20260473157927,0.7911180251213136
BRUV,BRUVs,The Pages - The Pages Sanctuary Zone,pco,The Pages SZ North_2015-201706_SA_MPA_StereoBRUVS_11,The Pages SZ North,No-take,Pre-bloom,2015-201706_SA_MPA_StereoBRUVS_11,2017-06-02,2017-06-02,1.483499929650588,0.4776356497281958
BRUV,BRUVs,The Pages - The Pages Sanctuary Zone,pco,The Pages SZ North_201712-201806_SA_MarineParkMonitoring_StereoBRUVS_4,The Pages SZ North,No-take,Pre-bloom,201712-201806_SA_MarineParkMonitoring_StereoBRUVS_4,2018-06-26,2018-06-26,1.3230465673397107,0.8807766965762552
BRUV,BRUVs,The Pages - The Pages Sanctuary Zone,pco,The Pages SZ North_201812-201906_SA_MarineParkMonitoring_StereoBRUVS_3,The Pages SZ North,No-take,Pre-bloom,201812-201906_SA_MarineParkMonitoring_StereoBRUVS_3,2019-06-06,2019-06-06,1.2129801721309443,0.2173909895260098
BRUV,BRUVs,The Pages - The Pages Sanctuary Zone,pco,The Pages SZ North_202012-202105_SA_MarineParkMonitoring_StereoBRUVS_3,The Pages SZ North,No-take,Pre-bloom,202012-202105_SA_MarineParkMonitoring_StereoBRUVS_3,2021-05-20,2021-05-20,1.3612457347409876,0.8572130589344538
BRUV,BRUVs,The Pages - The Pages Sanctuary Zone,pco,The Pages SZ North_2025-12_Pages_BRUVS_1,The Pages SZ North,No-take,Bloom,2025-12_Pages_BRUVS_1,2025-12-02,2025-12-02,1.4493298998507462,-1.166800514206691
BRUV,BRUVs,The Pages - The Pages Sanctuary Zone,pco,The Pages SZ North_2026-03_PagesIslands_BRUVS_1,The Pages SZ North,No-take,Bloom,2026-03_PagesIslands_BRUVS_1,2026-03-01,2026-03-01,1.2768744773488263,-1.4904345263707033
BRUV,BRUVs,The Pages - The Pages Sanctuary Zone,pco,The Pages SZ West_2015-201706_SA_MPA_StereoBRUVS_4,The Pages SZ West,No-take,Pre-bloom,2015-201706_SA_MPA_StereoBRUVS_4,2016-04-19,2016-04-19,-0.7323381318568266,-0.06850353547754777
BRUV,BRUVs,The Pages - The Pages Sanctuary Zone,pco,The Pages SZ West_2015-201706_SA_MPA_StereoBRUVS_11,The Pages SZ West,No-take,Pre-bloom,2015-201706_SA_MPA_StereoBRUVS_11,2017-06-02,2017-06-02,-0.643731515329794,-0.06217117997029809
BRUV,BRUVs,The Pages - The Pages Sanctuary Zone,pco,The Pages SZ West_201712-201806_SA_MarineParkMonitoring_StereoBRUVS_4,The Pages SZ West,No-take,Pre-bloom,201712-201806_SA_MarineParkMonitoring_StereoBRUVS_4,2018-06-26,2018-06-26,-0.7193616392056547,0.29394035621336645
BRUV,BRUVs,The Pages - The Pages Sanctuary Zone,pco,The Pages SZ West_201812-201906_SA_MarineParkMonitoring_StereoBRUVS_3,The Pages SZ West,No-take,Pre-bloom,201812-201906_SA_MarineParkMonitoring_StereoBRUVS_3,2019-06-06,2019-06-06,-0.8051495132329554,-0.0417745285005913
BRUV,BRUVs,The Pages - The Pages Sanctuary Zone,pco,The Pages SZ West_202012-202105_SA_MarineParkMonitoring_StereoBRUVS_3,The Pages SZ West,No-take,Pre-bloom,202012-202105_SA_MarineParkMonitoring_StereoBRUVS_3,2021-05-20,2021-05-20,-0.5019205810897047,-0.22753486514369323
BRUV,BRUVs,The Pages - The Pages Sanctuary Zone,pco,The Pages SZ West_2025-04_Pages_BRUVS_1,The Pages SZ West,No-take,Bloom,2025-04_Pages_BRUVS_1,2025-04-09,2025-04-09,-0.2312972098878932,-0.029516769758599855
BRUV,BRUVs,The Pages - The Pages Sanctuary Zone,pco,The Pages SZ West_2025-12_Pages_BRUVS_1,The Pages SZ West,No-take,Bloom,2025-12_Pages_BRUVS_1,2025-12-02,2025-12-02,0.02533545732165282,0.2661005866765545
BRUV,BRUVs,The Pages - The Pages Sanctuary Zone,pco,The Pages SZ West_2026-03_PagesIslands_BRUVS_1,The Pages SZ West,No-take,Bloom,2026-03_PagesIslands_BRUVS_1,2026-03-01,2026-03-01,-0.30321258508273535,-0.09534398495158748
BRUV,BRUVs,The Pages - The Pages Sanctuary Zone,pco,The Pages outside East_2015-201706_SA_MPA_StereoBRUVS_4,The Pages outside East,Fished,Pre-bloom,2015-201706_SA_MPA_StereoBRUVS_4,2016-04-19,2016-04-19,-0.9614440085479482,0.10332766288388462
BRUV,BRUVs,The Pages - The Pages Sanctuary Zone,pco,The Pages outside East_2015-201706_SA_MPA_StereoBRUVS_11,The Pages outside East,Fished,Pre-bloom,2015-201706_SA_MPA_StereoBRUVS_11,2017-06-02,2017-06-02,-0.804639728185273,-0.3604216651859
BRUV,BRUVs,The Pages - The Pages Sanctuary Zone,pco,The Pages outside East_201712-201806_SA_MarineParkMonitoring_StereoBRUVS_4,The Pages outside East,Fished,Pre-bloom,201712-201806_SA_MarineParkMonitoring_StereoBRUVS_4,2018-06-26,2018-06-26,-1.039769268016762,0.25558320123170963
BRUV,BRUVs,The Pages - The Pages Sanctuary Zone,pco,The Pages outside East_201812-201906_SA_MarineParkMonitoring_StereoBRUVS_3,The Pages outside East,Fished,Pre-bloom,201812-201906_SA_MarineParkMonitoring_StereoBRUVS_3,2019-06-06,2019-06-06,-0.9298581359588565,-0.23877209078537495
BRUV,BRUVs,The Pages - The Pages Sanctuary Zone,pco,The Pages outside East_202012-202105_SA_MarineParkMonitoring_StereoBRUVS_3,The Pages outside East,Fished,Pre-bloom,202012-202105_SA_MarineParkMonitoring_StereoBRUVS_3,2021-05-20,2021-05-20,-0.8546207197935974,-0.3057494744929487
BRUV,BRUVs,The Pages - The Pages Sanctuary Zone,pco,The Pages outside East_2025-04_Pages_BRUVS_1,The Pages outside East,Fished,Bloom,2025-04_Pages_BRUVS_1,2025-04-09,2025-04-09,-0.631321128234281,0.01748839681905423
BRUV,BRUVs,The Pages - The Pages Sanctuary Zone,pco,The Pages outside East_2025-12_Pages_BRUVS_1,The Pages outside East,Fished,Bloom,2025-12_Pages_BRUVS_1,2025-12-02,2025-12-02,-0.4390059113822493,0.5201846728978848
BRUV,BRUVs,The Pages - The Pages Sanctuary Zone,pco,The Pages outside East_2026-03_PagesIslands_BRUVS_1,The Pages outside East,Fished,Bloom,2026-03_PagesIslands_BRUVS_1,2026-03-01,2026-03-01,-0.6099308240954099,0.46070066262000764
BRUV,BRUVs,The Pages - The Pages Sanctuary Zone,pco,The Pages outside North_2015-201706_SA_MPA_StereoBRUVS_4,The Pages outside North,Fished,Pre-bloom,2015-201706_SA_MPA_StereoBRUVS_4,2016-04-19,2016-04-19,1.7478797385394087,0.6452914960461903
BRUV,BRUVs,The Pages - The Pages Sanctuary Zone,pco,The Pages outside North_2015-201706_SA_MPA_StereoBRUVS_11,The Pages outside North,Fished,Pre-bloom,2015-201706_SA_MPA_StereoBRUVS_11,2017-06-02,2017-06-02,1.7091060389108825,0.314532725024445
BRUV,BRUVs,The Pages - The Pages Sanctuary Zone,pco,The Pages outside North_201712-201806_SA_MarineParkMonitoring_StereoBRUVS_4,The Pages outside North,Fished,Pre-bloom,201712-201806_SA_MarineParkMonitoring_StereoBRUVS_4,2018-06-26,2018-06-26,1.7984432740511564,0.49881612900354333
BRUV,BRUVs,The Pages - The Pages Sanctuary Zone,pco,The Pages outside North_201812-201906_SA_MarineParkMonitoring_StereoBRUVS_3,The Pages outside North,Fished,Pre-bloom,201812-201906_SA_MarineParkMonitoring_StereoBRUVS_3,2019-06-06,2019-06-06,1.358495557300621,-0.008941695920122596
BRUV,BRUVs,The Pages - The Pages Sanctuary Zone,pco,The Pages outside North_202012-202105_SA_MarineParkMonitoring_StereoBRUVS_3,The Pages outside North,Fished,Pre-bloom,202012-202105_SA_MarineParkMonitoring_StereoBRUVS_3,2021-05-20,2021-05-20,1.8404932644102838,0.35284848229366517
BRUV,BRUVs,The Pages - The Pages Sanctuary Zone,pco,The Pages outside North_2025-12_Pages_BRUVS_1,The Pages outside North,Fished,Bloom,2025-12_Pages_BRUVS_1,2025-12-02,2025-12-02,1.5319134543588517,-1.3601864501591205
BRUV,BRUVs,The Pages - The Pages Sanctuary Zone,pco,The Pages outside North_2026-03_PagesIslands_BRUVS_1,The Pages outside North,Fished,Bloom,2026-03_PagesIslands_BRUVS_1,2026-03-01,2026-03-01,1.4858992616015865,-1.4306498313868714
BRUV,BRUVs,The Pages - The Pages Sanctuary Zone,pco,The Pages outside West_2015-201706_SA_MPA_StereoBRUVS_4,The Pages outside West,Fished,Pre-bloom,2015-201706_SA_MPA_StereoBRUVS_4,2016-04-19,2016-04-19,-0.7369789574952164,0.1286480111908896
BRUV,BRUVs,The Pages - The Pages Sanctuary Zone,pco,The Pages outside West_2015-201706_SA_MPA_StereoBRUVS_11,The Pages outside West,Fished,Pre-bloom,2015-201706_SA_MPA_StereoBRUVS_11,2017-06-02,2017-06-02,-0.8619511209220867,-0.025786966903838113
BRUV,BRUVs,The Pages - The Pages Sanctuary Zone,pco,The Pages outside West_201712-201806_SA_MarineParkMonitoring_StereoBRUVS_4,The Pages outside West,Fished,Pre-bloom,201712-201806_SA_MarineParkMonitoring_StereoBRUVS_4,2018-06-26,2018-06-26,-0.9818440808651226,-0.2683351764848041
BRUV,BRUVs,The Pages - The Pages Sanctuary Zone,pco,The Pages outside West_201812-201906_SA_MarineParkMonitoring_StereoBRUVS_3,The Pages outside West,Fished,Pre-bloom,201812-201906_SA_MarineParkMonitoring_StereoBRUVS_3,2019-06-06,2019-06-06,-0.7118570314871915,-0.21749563449584497
BRUV,BRUVs,The Pages - The Pages Sanctuary Zone,pco,The Pages outside West_202012-202105_SA_MarineParkMonitoring_StereoBRUVS_3,The Pages outside West,Fished,Pre-bloom,202012-202105_SA_MarineParkMonitoring_StereoBRUVS_3,2021-05-20,2021-05-20,-0.7516848246870997,-0.2917261413304934
BRUV,BRUVs,The Pages - The Pages Sanctuary Zone,pco,The Pages outside West_2025-04_Pages_BRUVS_1,The Pages outside West,Fished,Bloom,2025-04_Pages_BRUVS_1,2025-04-09,2025-04-09,-0.6832709103530343,0.17724083632733884
BRUV,BRUVs,The Pages - The Pages Sanctuary Zone,pco,The Pages outside West_2025-12_Pages_BRUVS_1,The Pages outside West,Fished,Bloom,2025-12_Pages_BRUVS_1,2025-12-02,2025-12-02,-0.5964385528043328,0.18534251195718265
BRUV,BRUVs,The Pages - The Pages Sanctuary Zone,pco,The Pages outside West_2026-03_PagesIslands_BRUVS_1,The Pages outside West,Fished,Bloom,2026-03_PagesIslands_BRUVS_1,2026-03-01,2026-03-01,-1.1908021841020286,0.03445957288676179
BRUV,BRUVs,The Pages - The Pages Sanctuary Zone,cap_period,The Pages SZ East_2015-201706_SA_MPA_StereoBRUVS_4,The Pages SZ East,No-take,Pre-bloom,2015-201706_SA_MPA_StereoBRUVS_4,2016-04-19,2016-04-19,-1.3072112665837676,-0.546803520431234
BRUV,BRUVs,The Pages - The Pages Sanctuary Zone,cap_period,The Pages SZ East_2015-201706_SA_MPA_StereoBRUVS_11,The Pages SZ East,No-take,Pre-bloom,2015-201706_SA_MPA_StereoBRUVS_11,2017-06-02,2017-06-02,-1.42041355391057,-1.1527488414519578
BRUV,BRUVs,The Pages - The Pages Sanctuary Zone,cap_period,The Pages SZ East_201712-201806_SA_MarineParkMonitoring_StereoBRUVS_4,The Pages SZ East,No-take,Pre-bloom,201712-201806_SA_MarineParkMonitoring_StereoBRUVS_4,2018-06-26,2018-06-26,-0.470175972606036,-0.8181938178727456
BRUV,BRUVs,The Pages - The Pages Sanctuary Zone,cap_period,The Pages SZ East_201812-201906_SA_MarineParkMonitoring_StereoBRUVS_3,The Pages SZ East,No-take,Pre-bloom,201812-201906_SA_MarineParkMonitoring_StereoBRUVS_3,2019-06-06,2019-06-06,-0.8401041929132661,-0.45732057404762455
BRUV,BRUVs,The Pages - The Pages Sanctuary Zone,cap_period,The Pages SZ East_202012-202105_SA_MarineParkMonitoring_StereoBRUVS_3,The Pages SZ East,No-take,Pre-bloom,202012-202105_SA_MarineParkMonitoring_StereoBRUVS_3,2021-05-20,2021-05-20,-0.85396345659536,-0.8276432311120004
BRUV,BRUVs,The Pages - The Pages Sanctuary Zone,cap_period,The Pages SZ East_2025-04_Pages_BRUVS_1,The Pages SZ East,No-take,Bloom,2025-04_Pages_BRUVS_1,2025-04-09,2025-04-09,1.4600304551019978,-0.7615459534322503
BRUV,BRUVs,The Pages - The Pages Sanctuary Zone,cap_period,The Pages SZ East_2025-12_Pages_BRUVS_1,The Pages SZ East,No-take,Bloom,2025-12_Pages_BRUVS_1,2025-12-02,2025-12-02,1.8979499690316202,-0.39902258225358156
BRUV,BRUVs,The Pages - The Pages Sanctuary Zone,cap_period,The Pages SZ East_2026-03_PagesIslands_BRUVS_1,The Pages SZ East,No-take,Bloom,2026-03_PagesIslands_BRUVS_1,2026-03-01,2026-03-01,2.016339036537376,-0.16455930679427527
BRUV,BRUVs,The Pages - The Pages Sanctuary Zone,cap_period,The Pages SZ North_2015-201706_SA_MPA_StereoBRUVS_4,The Pages SZ North,No-take,Pre-bloom,2015-201706_SA_MPA_StereoBRUVS_4,2016-04-19,2016-04-19,-0.729739221712802,1.5045613764372354
BRUV,BRUVs,The Pages - The Pages Sanctuary Zone,cap_period,The Pages SZ North_2015-201706_SA_MPA_StereoBRUVS_11,The Pages SZ North,No-take,Pre-bloom,2015-201706_SA_MPA_StereoBRUVS_11,2017-06-02,2017-06-02,-0.8353840354485039,1.8527582220013394
BRUV,BRUVs,The Pages - The Pages Sanctuary Zone,cap_period,The Pages SZ North_201712-201806_SA_MarineParkMonitoring_StereoBRUVS_4,The Pages SZ North,No-take,Pre-bloom,201712-201806_SA_MarineParkMonitoring_StereoBRUVS_4,2018-06-26,2018-06-26,-0.871978017946039,1.6454049548956413
BRUV,BRUVs,The Pages - The Pages Sanctuary Zone,cap_period,The Pages SZ North_201812-201906_SA_MarineParkMonitoring_StereoBRUVS_3,The Pages SZ North,No-take,Pre-bloom,201812-201906_SA_MarineParkMonitoring_StereoBRUVS_3,2019-06-06,2019-06-06,-0.9373608232574521,1.5036434638469933
BRUV,BRUVs,The Pages - The Pages Sanctuary Zone,cap_period,The Pages SZ North_202012-202105_SA_MarineParkMonitoring_StereoBRUVS_3,The Pages SZ North,No-take,Pre-bloom,202012-202105_SA_MarineParkMonitoring_StereoBRUVS_3,2021-05-20,2021-05-20,-1.9017681080630366,1.7054614443512728
BRUV,BRUVs,The Pages - The Pages Sanctuary Zone,cap_period,The Pages SZ North_2025-12_Pages_BRUVS_1,The Pages SZ North,No-take,Bloom,2025-12_Pages_BRUVS_1,2025-12-02,2025-12-02,1.415825616744696,1.8566156722997285
BRUV,BRUVs,The Pages - The Pages Sanctuary Zone,cap_period,The Pages SZ North_2026-03_PagesIslands_BRUVS_1,The Pages SZ North,No-take,Bloom,2026-03_PagesIslands_BRUVS_1,2026-03-01,2026-03-01,2.666386091998492,1.6376404592472031
BRUV,BRUVs,The Pages - The Pages Sanctuary Zone,cap_period,The Pages SZ West_2015-201706_SA_MPA_StereoBRUVS_4,The Pages SZ West,No-take,Pre-bloom,2015-201706_SA_MPA_StereoBRUVS_4,2016-04-19,2016-04-19,-1.3620538996634464,-0.9279454680502839
BRUV,BRUVs,The Pages - The Pages Sanctuary Zone,cap_period,The Pages SZ West_2015-201706_SA_MPA_StereoBRUVS_11,The Pages SZ West,No-take,Pre-bloom,2015-201706_SA_MPA_StereoBRUVS_11,2017-06-02,2017-06-02,-0.5970587091453479,-0.7821911339599609
BRUV,BRUVs,The Pages - The Pages Sanctuary Zone,cap_period,The Pages SZ West_201712-201806_SA_MarineParkMonitoring_StereoBRUVS_4,The Pages SZ West,No-take,Pre-bloom,201712-201806_SA_MarineParkMonitoring_StereoBRUVS_4,2018-06-26,2018-06-26,-0.6257118605922383,-0.8786009495643022
BRUV,BRUVs,The Pages - The Pages Sanctuary Zone,cap_period,The Pages SZ West_201812-201906_SA_MarineParkMonitoring_StereoBRUVS_3,The Pages SZ West,No-take,Pre-bloom,201812-201906_SA_MarineParkMonitoring_StereoBRUVS_3,2019-06-06,2019-06-06,-0.40635847002028963,-1.0199366874257165
BRUV,BRUVs,The Pages - The Pages Sanctuary Zone,cap_period,The Pages SZ West_202012-202105_SA_MarineParkMonitoring_StereoBRUVS_3,The Pages SZ West,No-take,Pre-bloom,202012-202105_SA_MarineParkMonitoring_StereoBRUVS_3,2021-05-20,2021-05-20,-1.1227463568791343,-0.6347751740066806
BRUV,BRUVs,The Pages - The Pages Sanctuary Zone,cap_period,The Pages SZ West_2025-04_Pages_BRUVS_1,The Pages SZ West,No-take,Bloom,2025-04_Pages_BRUVS_1,2025-04-09,2025-04-09,1.7931669474067038,-0.31037719470987124
BRUV,BRUVs,The Pages - The Pages Sanctuary Zone,cap_period,The Pages SZ West_2025-12_Pages_BRUVS_1,The Pages SZ West,No-take,Bloom,2025-12_Pages_BRUVS_1,2025-12-02,2025-12-02,1.8852224897645364,0.023232160226987826
BRUV,BRUVs,The Pages - The Pages Sanctuary Zone,cap_period,The Pages SZ West_2026-03_PagesIslands_BRUVS_1,The Pages SZ West,No-take,Bloom,2026-03_PagesIslands_BRUVS_1,2026-03-01,2026-03-01,2.248564740083603,-0.4010038210038408
BRUV,BRUVs,The Pages - The Pages Sanctuary Zone,cap_period,The Pages outside East_2015-201706_SA_MPA_StereoBRUVS_4,The Pages outside East,Fished,Pre-bloom,2015-201706_SA_MPA_StereoBRUVS_4,2016-04-19,2016-04-19,-0.7047905202339619,-1.2174940483801076
BRUV,BRUVs,The Pages - The Pages Sanctuary Zone,cap_period,The Pages outside East_2015-201706_SA_MPA_StereoBRUVS_11,The Pages outside East,Fished,Pre-bloom,2015-201706_SA_MPA_StereoBRUVS_11,2017-06-02,2017-06-02,-0.895829214643627,-1.0063024704359926
BRUV,BRUVs,The Pages - The Pages Sanctuary Zone,cap_period,The Pages outside East_201712-201806_SA_MarineParkMonitoring_StereoBRUVS_4,The Pages outside East,Fished,Pre-bloom,201712-201806_SA_MarineParkMonitoring_StereoBRUVS_4,2018-06-26,2018-06-26,-1.2156759420922798,-1.3401676107153901
BRUV,BRUVs,The Pages - The Pages Sanctuary Zone,cap_period,The Pages outside East_201812-201906_SA_MarineParkMonitoring_StereoBRUVS_3,The Pages outside East,Fished,Pre-bloom,201812-201906_SA_MarineParkMonitoring_StereoBRUVS_3,2019-06-06,2019-06-06,-0.4942857081605426,-1.1501732279377268
BRUV,BRUVs,The Pages - The Pages Sanctuary Zone,cap_period,The Pages outside East_202012-202105_SA_MarineParkMonitoring_StereoBRUVS_3,The Pages outside East,Fished,Pre-bloom,202012-202105_SA_MarineParkMonitoring_StereoBRUVS_3,2021-05-20,2021-05-20,-0.5479895535902076,-1.0820434088845123
BRUV,BRUVs,The Pages - The Pages Sanctuary Zone,cap_period,The Pages outside East_2025-04_Pages_BRUVS_1,The Pages outside East,Fished,Bloom,2025-04_Pages_BRUVS_1,2025-04-09,2025-04-09,1.7685208213744759,-0.8135744802395612
BRUV,BRUVs,The Pages - The Pages Sanctuary Zone,cap_period,The Pages outside East_2025-12_Pages_BRUVS_1,The Pages outside East,Fished,Bloom,2025-12_Pages_BRUVS_1,2025-12-02,2025-12-02,1.5310958559578856,-0.559633675769153
BRUV,BRUVs,The Pages - The Pages Sanctuary Zone,cap_period,The Pages outside East_2026-03_PagesIslands_BRUVS_1,The Pages outside East,Fished,Bloom,2026-03_PagesIslands_BRUVS_1,2026-03-01,2026-03-01,1.7001130752049234,-0.7951588718307737
BRUV,BRUVs,The Pages - The Pages Sanctuary Zone,cap_period,The Pages outside North_2015-201706_SA_MPA_StereoBRUVS_4,The Pages outside North,Fished,Pre-bloom,2015-201706_SA_MPA_StereoBRUVS_4,2016-04-19,2016-04-19,-1.5068714180850873,2.228715651694603
BRUV,BRUVs,The Pages - The Pages Sanctuary Zone,cap_period,The Pages outside North_2015-201706_SA_MPA_StereoBRUVS_11,The Pages outside North,Fished,Pre-bloom,2015-201706_SA_MPA_StereoBRUVS_11,2017-06-02,2017-06-02,-0.34536345055111717,2.1495665738401324
BRUV,BRUVs,The Pages - The Pages Sanctuary Zone,cap_period,The Pages outside North_201712-201806_SA_MarineParkMonitoring_StereoBRUVS_4,The Pages outside North,Fished,Pre-bloom,201712-201806_SA_MarineParkMonitoring_StereoBRUVS_4,2018-06-26,2018-06-26,-1.801397407005288,2.287824026520635
BRUV,BRUVs,The Pages - The Pages Sanctuary Zone,cap_period,The Pages outside North_201812-201906_SA_MarineParkMonitoring_StereoBRUVS_3,The Pages outside North,Fished,Pre-bloom,201812-201906_SA_MarineParkMonitoring_StereoBRUVS_3,2019-06-06,2019-06-06,-0.6002025593067772,1.7007419391642136
BRUV,BRUVs,The Pages - The Pages Sanctuary Zone,cap_period,The Pages outside North_202012-202105_SA_MarineParkMonitoring_StereoBRUVS_3,The Pages outside North,Fished,Pre-bloom,202012-202105_SA_MarineParkMonitoring_StereoBRUVS_3,2021-05-20,2021-05-20,-0.7251466323050456,2.3379298745704022
BRUV,BRUVs,The Pages - The Pages Sanctuary Zone,cap_period,The Pages outside North_2025-12_Pages_BRUVS_1,The Pages outside North,Fished,Bloom,2025-12_Pages_BRUVS_1,2025-12-02,2025-12-02,1.1065172352490027,1.968995335826219
BRUV,BRUVs,The Pages - The Pages Sanctuary Zone,cap_period,The Pages outside North_2026-03_PagesIslands_BRUVS_1,The Pages outside North,Fished,Bloom,2026-03_PagesIslands_BRUVS_1,2026-03-01,2026-03-01,2.2113428884288804,1.9114997251685135
BRUV,BRUVs,The Pages - The Pages Sanctuary Zone,cap_period,The Pages outside West_2015-201706_SA_MPA_StereoBRUVS_4,The Pages outside West,Fished,Pre-bloom,2015-201706_SA_MPA_StereoBRUVS_4,2016-04-19,2016-04-19,-1.3602560458258708,-0.949288823926069
BRUV,BRUVs,The Pages - The Pages Sanctuary Zone,cap_period,The Pages outside West_2015-201706_SA_MPA_StereoBRUVS_11,The Pages outside West,Fished,Pre-bloom,2015-201706_SA_MPA_StereoBRUVS_11,2017-06-02,2017-06-02,-1.2593355532869361,-1.0755029317368
BRUV,BRUVs,The Pages - The Pages Sanctuary Zone,cap_period,The Pages outside West_201712-201806_SA_MarineParkMonitoring_StereoBRUVS_4,The Pages outside West,Fished,Pre-bloom,201712-201806_SA_MarineParkMonitoring_StereoBRUVS_4,2018-06-26,2018-06-26,-0.8406203653054711,-1.2387574133265729
BRUV,BRUVs,The Pages - The Pages Sanctuary Zone,cap_period,The Pages outside West_201812-201906_SA_MarineParkMonitoring_StereoBRUVS_3,The Pages outside West,Fished,Pre-bloom,201812-201906_SA_MarineParkMonitoring_StereoBRUVS_3,2019-06-06,2019-06-06,-0.3594659649413581,-0.8621644778133355
BRUV,BRUVs,The Pages - The Pages Sanctuary Zone,cap_period,The Pages outside West_202012-202105_SA_MarineParkMonitoring_StereoBRUVS_3,The Pages outside West,Fished,Pre-bloom,202012-202105_SA_MarineParkMonitoring_StereoBRUVS_3,2021-05-20,2021-05-20,-1.1709576958825902,-0.9485537162434586
BRUV,BRUVs,The Pages - The Pages Sanctuary Zone,cap_period,The Pages outside West_2025-04_Pages_BRUVS_1,The Pages outside West,Fished,Bloom,2025-04_Pages_BRUVS_1,2025-04-09,2025-04-09,1.3870295303925972,-0.8656674121740519
BRUV,BRUVs,The Pages - The Pages Sanctuary Zone,cap_period,The Pages outside West_2025-12_Pages_BRUVS_1,The Pages outside West,Fished,Bloom,2025-12_Pages_BRUVS_1,2025-12-02,2025-12-02,1.6244100249022788,-0.7613284152274444
BRUV,BRUVs,The Pages - The Pages Sanctuary Zone,cap_period,The Pages outside West_2026-03_PagesIslands_BRUVS_1,The Pages outside West,Fished,Bloom,2026-03_PagesIslands_BRUVS_1,2026-03-01,2026-03-01,1.3977011983743848,-1.566111639333847
BRUV,BRUVs,The Pages - The Pages Sanctuary Zone,cap_status,The Pages SZ East_2015-201706_SA_MPA_StereoBRUVS_4,The Pages SZ East,No-take,Pre-bloom,2015-201706_SA_MPA_StereoBRUVS_4,2016-04-19,2016-04-19,-0.09503831109531702,-0.6108250277300955
BRUV,BRUVs,The Pages - The Pages Sanctuary Zone,cap_status,The Pages SZ East_2015-201706_SA_MPA_StereoBRUVS_11,The Pages SZ East,No-take,Pre-bloom,2015-201706_SA_MPA_StereoBRUVS_11,2017-06-02,2017-06-02,0.8099285597893027,-1.2152391060432624
BRUV,BRUVs,The Pages - The Pages Sanctuary Zone,cap_status,The Pages SZ East_201712-201806_SA_MarineParkMonitoring_StereoBRUVS_4,The Pages SZ East,No-take,Pre-bloom,201712-201806_SA_MarineParkMonitoring_StereoBRUVS_4,2018-06-26,2018-06-26,-0.624918130724652,-0.8871033016148652
BRUV,BRUVs,The Pages - The Pages Sanctuary Zone,cap_status,The Pages SZ East_201812-201906_SA_MarineParkMonitoring_StereoBRUVS_3,The Pages SZ East,No-take,Pre-bloom,201812-201906_SA_MarineParkMonitoring_StereoBRUVS_3,2019-06-06,2019-06-06,-0.439835211359044,-0.5234048635535243
BRUV,BRUVs,The Pages - The Pages Sanctuary Zone,cap_status,The Pages SZ East_202012-202105_SA_MarineParkMonitoring_StereoBRUVS_3,The Pages SZ East,No-take,Pre-bloom,202012-202105_SA_MarineParkMonitoring_StereoBRUVS_3,2021-05-20,2021-05-20,-0.30148006734310273,-0.894892235149301
BRUV,BRUVs,The Pages - The Pages Sanctuary Zone,cap_status,The Pages SZ East_2025-04_Pages_BRUVS_1,The Pages SZ East,No-take,Bloom,2025-04_Pages_BRUVS_1,2025-04-09,2025-04-09,-1.1282024126758408,-0.8441206286215943
BRUV,BRUVs,The Pages - The Pages Sanctuary Zone,cap_status,The Pages SZ East_2025-12_Pages_BRUVS_1,The Pages SZ East,No-take,Bloom,2025-12_Pages_BRUVS_1,2025-12-02,2025-12-02,-2.0876498807082546,-0.48507859443966095
BRUV,BRUVs,The Pages - The Pages Sanctuary Zone,cap_status,The Pages SZ East_2026-03_PagesIslands_BRUVS_1,The Pages SZ East,No-take,Bloom,2026-03_PagesIslands_BRUVS_1,2026-03-01,2026-03-01,-0.364062936857376,-0.24115447925114317
BRUV,BRUVs,The Pages - The Pages Sanctuary Zone,cap_status,The Pages SZ North_2015-201706_SA_MPA_StereoBRUVS_4,The Pages SZ North,No-take,Pre-bloom,2015-201706_SA_MPA_StereoBRUVS_4,2016-04-19,2016-04-19,-2.66370026216474,1.437248801262083
BRUV,BRUVs,The Pages - The Pages Sanctuary Zone,cap_status,The Pages SZ North_2015-201706_SA_MPA_StereoBRUVS_11,The Pages SZ North,No-take,Pre-bloom,2015-201706_SA_MPA_StereoBRUVS_11,2017-06-02,2017-06-02,-3.2968755099264095,1.784381781969881
BRUV,BRUVs,The Pages - The Pages Sanctuary Zone,cap_status,The Pages SZ North_201712-201806_SA_MarineParkMonitoring_StereoBRUVS_4,The Pages SZ North,No-take,Pre-bloom,201712-201806_SA_MarineParkMonitoring_StereoBRUVS_4,2018-06-26,2018-06-26,-3.0791939638361097,1.5768159849324874
BRUV,BRUVs,The Pages - The Pages Sanctuary Zone,cap_status,The Pages SZ North_201812-201906_SA_MarineParkMonitoring_StereoBRUVS_3,The Pages SZ North,No-take,Pre-bloom,201812-201906_SA_MarineParkMonitoring_StereoBRUVS_3,2019-06-06,2019-06-06,-1.9357143949074922,1.439769421500441
BRUV,BRUVs,The Pages - The Pages Sanctuary Zone,cap_status,The Pages SZ North_202012-202105_SA_MarineParkMonitoring_StereoBRUVS_3,The Pages SZ North,No-take,Pre-bloom,202012-202105_SA_MarineParkMonitoring_StereoBRUVS_3,2021-05-20,2021-05-20,-3.1871495608976677,1.638234275874038
BRUV,BRUVs,The Pages - The Pages Sanctuary Zone,cap_status,The Pages SZ North_2025-12_Pages_BRUVS_1,The Pages SZ North,No-take,Bloom,2025-12_Pages_BRUVS_1,2025-12-02,2025-12-02,-2.0245728503476954,1.7832663703369083
BRUV,BRUVs,The Pages - The Pages Sanctuary Zone,cap_status,The Pages SZ North_2026-03_PagesIslands_BRUVS_1,The Pages SZ North,No-take,Bloom,2026-03_PagesIslands_BRUVS_1,2026-03-01,2026-03-01,-2.6771380122717088,1.5587398649461024
BRUV,BRUVs,The Pages - The Pages Sanctuary Zone,cap_status,The Pages SZ West_2015-201706_SA_MPA_StereoBRUVS_4,The Pages SZ West,No-take,Pre-bloom,2015-201706_SA_MPA_StereoBRUVS_4,2016-04-19,2016-04-19,-0.17954171075345038,-0.9940861040111724
BRUV,BRUVs,The Pages - The Pages Sanctuary Zone,cap_status,The Pages SZ West_2015-201706_SA_MPA_StereoBRUVS_11,The Pages SZ West,No-take,Pre-bloom,2015-201706_SA_MPA_StereoBRUVS_11,2017-06-02,2017-06-02,-0.3623528511894774,-0.8497491184243311
BRUV,BRUVs,The Pages - The Pages Sanctuary Zone,cap_status,The Pages SZ West_201712-201806_SA_MarineParkMonitoring_StereoBRUVS_4,The Pages SZ West,No-take,Pre-bloom,201712-201806_SA_MarineParkMonitoring_StereoBRUVS_4,2018-06-26,2018-06-26,0.02194550564513535,-0.9447982180731406
BRUV,BRUVs,The Pages - The Pages Sanctuary Zone,cap_status,The Pages SZ West_201812-201906_SA_MarineParkMonitoring_StereoBRUVS_3,The Pages SZ West,No-take,Pre-bloom,201812-201906_SA_MarineParkMonitoring_StereoBRUVS_3,2019-06-06,2019-06-06,-0.36914453939169045,-1.0884351212818315
BRUV,BRUVs,The Pages - The Pages Sanctuary Zone,cap_status,The Pages SZ West_202012-202105_SA_MarineParkMonitoring_StereoBRUVS_3,The Pages SZ West,No-take,Pre-bloom,202012-202105_SA_MarineParkMonitoring_StereoBRUVS_3,2021-05-20,2021-05-20,-0.9462949849715606,-0.7035034931272737
BRUV,BRUVs,The Pages - The Pages Sanctuary Zone,cap_status,The Pages SZ West_2025-04_Pages_BRUVS_1,The Pages SZ West,No-take,Bloom,2025-04_Pages_BRUVS_1,2025-04-09,2025-04-09,-1.8156876620713127,-0.3947707879564584
BRUV,BRUVs,The Pages - The Pages Sanctuary Zone,cap_status,The Pages SZ West_2025-12_Pages_BRUVS_1,The Pages SZ West,No-take,Bloom,2025-12_Pages_BRUVS_1,2025-12-02,2025-12-02,-1.8592179001469245,-0.05962530072281446
BRUV,BRUVs,The Pages - The Pages Sanctuary Zone,cap_status,The Pages SZ West_2026-03_PagesIslands_BRUVS_1,The Pages SZ West,No-take,Bloom,2026-03_PagesIslands_BRUVS_1,2026-03-01,2026-03-01,-0.9042517363037785,-0.481670120821468
BRUV,BRUVs,The Pages - The Pages Sanctuary Zone,cap_status,The Pages outside East_2015-201706_SA_MPA_StereoBRUVS_4,The Pages outside East,Fished,Pre-bloom,2015-201706_SA_MPA_StereoBRUVS_4,2016-04-19,2016-04-19,2.750470003356663,-1.1406282465149111
BRUV,BRUVs,The Pages - The Pages Sanctuary Zone,cap_status,The Pages outside East_2015-201706_SA_MPA_StereoBRUVS_11,The Pages outside East,Fished,Pre-bloom,2015-201706_SA_MPA_StereoBRUVS_11,2017-06-02,2017-06-02,2.574021881228084,-0.9287099920503127
BRUV,BRUVs,The Pages - The Pages Sanctuary Zone,cap_status,The Pages outside East_201712-201806_SA_MarineParkMonitoring_StereoBRUVS_4,The Pages outside East,Fished,Pre-bloom,201712-201806_SA_MarineParkMonitoring_StereoBRUVS_4,2018-06-26,2018-06-26,-0.2598468593866121,-1.2769474504528013
BRUV,BRUVs,The Pages - The Pages Sanctuary Zone,cap_status,The Pages outside East_201812-201906_SA_MarineParkMonitoring_StereoBRUVS_3,The Pages outside East,Fished,Pre-bloom,201812-201906_SA_MarineParkMonitoring_StereoBRUVS_3,2019-06-06,2019-06-06,1.7933494705486315,-1.0775935439005757
BRUV,BRUVs,The Pages - The Pages Sanctuary Zone,cap_status,The Pages outside East_202012-202105_SA_MarineParkMonitoring_StereoBRUVS_3,The Pages outside East,Fished,Pre-bloom,202012-202105_SA_MarineParkMonitoring_StereoBRUVS_3,2021-05-20,2021-05-20,2.1091098528710117,-1.0074632353402564
BRUV,BRUVs,The Pages - The Pages Sanctuary Zone,cap_status,The Pages outside East_2025-04_Pages_BRUVS_1,The Pages outside East,Fished,Bloom,2025-04_Pages_BRUVS_1,2025-04-09,2025-04-09,0.7176763336688483,-0.7564060200229175
BRUV,BRUVs,The Pages - The Pages Sanctuary Zone,cap_status,The Pages outside East_2025-12_Pages_BRUVS_1,The Pages outside East,Fished,Bloom,2025-12_Pages_BRUVS_1,2025-12-02,2025-12-02,1.2854901467160695,-0.49889021645743
BRUV,BRUVs,The Pages - The Pages Sanctuary Zone,cap_status,The Pages outside East_2026-03_PagesIslands_BRUVS_1,The Pages outside East,Fished,Bloom,2026-03_PagesIslands_BRUVS_1,2026-03-01,2026-03-01,1.844438023700799,-0.7327062986802441
BRUV,BRUVs,The Pages - The Pages Sanctuary Zone,cap_status,The Pages outside North_2015-201706_SA_MPA_StereoBRUVS_4,The Pages outside North,Fished,Pre-bloom,2015-201706_SA_MPA_StereoBRUVS_4,2016-04-19,2016-04-19,-0.12747102627983897,2.309741238974703
BRUV,BRUVs,The Pages - The Pages Sanctuary Zone,cap_status,The Pages outside North_2015-201706_SA_MPA_StereoBRUVS_11,The Pages outside North,Fished,Pre-bloom,2015-201706_SA_MPA_StereoBRUVS_11,2017-06-02,2017-06-02,1.0279437158650238,2.2338144162936198
BRUV,BRUVs,The Pages - The Pages Sanctuary Zone,cap_status,The Pages outside North_201712-201806_SA_MarineParkMonitoring_StereoBRUVS_4,The Pages outside North,Fished,Pre-bloom,201712-201806_SA_MarineParkMonitoring_StereoBRUVS_4,2018-06-26,2018-06-26,-1.4508742338897964,2.3631341356236497
BRUV,BRUVs,The Pages - The Pages Sanctuary Zone,cap_status,The Pages outside North_201812-201906_SA_MarineParkMonitoring_StereoBRUVS_3,The Pages outside North,Fished,Pre-bloom,201812-201906_SA_MarineParkMonitoring_StereoBRUVS_3,2019-06-06,2019-06-06,0.03212835179591099,1.7785336708425499
BRUV,BRUVs,The Pages - The Pages Sanctuary Zone,cap_status,The Pages outside North_202012-202105_SA_MarineParkMonitoring_StereoBRUVS_3,The Pages outside North,Fished,Pre-bloom,202012-202105_SA_MarineParkMonitoring_StereoBRUVS_3,2021-05-20,2021-05-20,0.1858946454347914,2.420056079690708
BRUV,BRUVs,The Pages - The Pages Sanctuary Zone,cap_status,The Pages outside North_2025-12_Pages_BRUVS_1,The Pages outside North,Fished,Bloom,2025-12_Pages_BRUVS_1,2025-12-02,2025-12-02,0.9178739874358139,2.041668886186274
BRUV,BRUVs,The Pages - The Pages Sanctuary Zone,cap_status,The Pages outside North_2026-03_PagesIslands_BRUVS_1,The Pages outside North,Fished,Bloom,2026-03_PagesIslands_BRUVS_1,2026-03-01,2026-03-01,-0.18377122039564064,1.9774310245226019
BRUV,BRUVs,The Pages - The Pages Sanctuary Zone,cap_status,The Pages outside West_2015-201706_SA_MPA_StereoBRUVS_4,The Pages outside West,Fished,Pre-bloom,2015-201706_SA_MPA_StereoBRUVS_4,2016-04-19,2016-04-19,2.9395930978553455,-0.8691898273206966
BRUV,BRUVs,The Pages - The Pages Sanctuary Zone,cap_status,The Pages outside West_2015-201706_SA_MPA_StereoBRUVS_11,The Pages outside West,Fished,Pre-bloom,2015-201706_SA_MPA_StereoBRUVS_11,2017-06-02,2017-06-02,1.3892112803468608,-1.003620975424569
BRUV,BRUVs,The Pages - The Pages Sanctuary Zone,cap_status,The Pages outside West_201712-201806_SA_MarineParkMonitoring_StereoBRUVS_4,The Pages outside West,Fished,Pre-bloom,201712-201806_SA_MarineParkMonitoring_StereoBRUVS_4,2018-06-26,2018-06-26,2.627949244308598,-1.1622474458300358
BRUV,BRUVs,The Pages - The Pages Sanctuary Zone,cap_status,The Pages outside West_201812-201906_SA_MarineParkMonitoring_StereoBRUVS_3,The Pages outside West,Fished,Pre-bloom,201812-201906_SA_MarineParkMonitoring_StereoBRUVS_3,2019-06-06,2019-06-06,2.404052683275474,-0.7856163935245788
BRUV,BRUVs,The Pages - The Pages Sanctuary Zone,cap_status,The Pages outside West_202012-202105_SA_MarineParkMonitoring_StereoBRUVS_3,The Pages outside West,Fished,Pre-bloom,202012-202105_SA_MarineParkMonitoring_StereoBRUVS_3,2021-05-20,2021-05-20,1.660613166754025,-0.8744165921501045
BRUV,BRUVs,The Pages - The Pages Sanctuary Zone,cap_status,The Pages outside West_2025-04_Pages_BRUVS_1,The Pages outside West,Fished,Bloom,2025-04_Pages_BRUVS_1,2025-04-09,2025-04-09,2.1682677761060196,-0.8020007403551481
BRUV,BRUVs,The Pages - The Pages Sanctuary Zone,cap_status,The Pages outside West_2025-12_Pages_BRUVS_1,The Pages outside West,Fished,Bloom,2025-12_Pages_BRUVS_1,2025-12-02,2025-12-02,0.713487386762889,-0.7040512720304347
BRUV,BRUVs,The Pages - The Pages Sanctuary Zone,cap_status,The Pages outside West_2026-03_PagesIslands_BRUVS_1,The Pages outside West,Fished,Bloom,2026-03_PagesIslands_BRUVS_1,2026-03-01,2026-03-01,2.390541116430196,-1.5038912020790882
BRUV,BRUVs,Victor Harbor - Encounter Bay Sanctuary Zone,pco,5 mile reef_2021-11_Victor_BRUVS_1,5 mile reef,Fished,Pre-bloom,2021-11_Victor_BRUVS_1,2021-11-23,2021-11-23,-0.47990787857973327,-0.9006785338299343
BRUV,BRUVs,Victor Harbor - Encounter Bay Sanctuary Zone,pco,5 mile reef_2025-10_VictorHarbor_BRUVS_1,5 mile reef,Fished,Bloom,2025-10_VictorHarbor_BRUVS_1,2025-10-30,2025-10-30,-0.7528741200049568,-1.696652298766518
BRUV,BRUVs,Victor Harbor - Encounter Bay Sanctuary Zone,pco,5 mile reef_2026-01_Victor_BRUVS_1,5 mile reef,Fished,Bloom,2026-01_Victor_BRUVS_1,2026-01-23,2026-01-23,-0.6810318925875952,-0.9673545893233445
BRUV,BRUVs,Victor Harbor - Encounter Bay Sanctuary Zone,pco,Encounter Bay SZ_2017-11_Victor_BRUVS_1,Encounter Bay SZ,No-take,Pre-bloom,2017-11_Victor_BRUVS_1,2017-11-28,2017-11-28,-0.7168346077298987,1.2895224249485542
BRUV,BRUVs,Victor Harbor - Encounter Bay Sanctuary Zone,pco,Encounter Bay SZ_2018-11_Victor_BRUVS_1,Encounter Bay SZ,No-take,Pre-bloom,2018-11_Victor_BRUVS_1,2018-11-27,2018-11-27,-1.2322853363804647,0.17601647829827094
BRUV,BRUVs,Victor Harbor - Encounter Bay Sanctuary Zone,pco,Encounter Bay SZ_2025-10_VictorHarbor_BRUVS_1,Encounter Bay SZ,No-take,Bloom,2025-10_VictorHarbor_BRUVS_1,2025-10-30,2025-10-30,-0.6032457177927719,-0.3046518862042789
BRUV,BRUVs,Victor Harbor - Encounter Bay Sanctuary Zone,pco,Encounter Bay SZ_2026-01_Victor_BRUVS_1,Encounter Bay SZ,No-take,Bloom,2026-01_Victor_BRUVS_1,2026-01-23,2026-01-23,-0.614804225915525,1.22431348097027
BRUV,BRUVs,Victor Harbor - Encounter Bay Sanctuary Zone,pco,West Island North_2017-11_Victor_BRUVS_1,West Island North,Fished,Pre-bloom,2017-11_Victor_BRUVS_1,2017-11-28,2017-11-28,0.1627118566406363,0.46697005403779007
BRUV,BRUVs,Victor Harbor - Encounter Bay Sanctuary Zone,pco,West Island North_2025-10_VictorHarbor_BRUVS_1,West Island North,Fished,Bloom,2025-10_VictorHarbor_BRUVS_1,2025-10-30,2025-10-30,-0.6635942043376409,-0.34467887245119627
BRUV,BRUVs,Victor Harbor - Encounter Bay Sanctuary Zone,pco,West Island North_2026-01_Victor_BRUVS_1,West Island North,Fished,Bloom,2026-01_Victor_BRUVS_1,2026-01-23,2026-01-23,-1.3393942814867648,0.5715311728128258
BRUV,BRUVs,Victor Harbor - Encounter Bay Sanctuary Zone,pco,West Island South_2017-11_Victor_BRUVS_1,West Island South,Fished,Pre-bloom,2017-11_Victor_BRUVS_1,2017-11-28,2017-11-28,1.3041985297085563,1.0314426323376562
BRUV,BRUVs,Victor Harbor - Encounter Bay Sanctuary Zone,pco,West Island South_2025-10_VictorHarbor_BRUVS_1,West Island South,Fished,Bloom,2025-10_VictorHarbor_BRUVS_1,2025-10-30,2025-10-30,2.8489239326607843,-0.39378140312861454
BRUV,BRUVs,Victor Harbor - Encounter Bay Sanctuary Zone,pco,West Island South_2026-01_Victor_BRUVS_1,West Island South,Fished,Bloom,2026-01_Victor_BRUVS_1,2026-01-23,2026-01-23,2.7681379458053685,-0.15199865970147872
BRUV,BRUVs,Victor Harbor - Encounter Bay Sanctuary Zone,cap_period,5 mile reef_2021-11_Victor_BRUVS_1,5 mile reef,Fished,Pre-bloom,2021-11_Victor_BRUVS_1,2021-11-23,2021-11-23,-0.044683231237909474,-0.19548346444226491
BRUV,BRUVs,Victor Harbor - Encounter Bay Sanctuary Zone,cap_period,5 mile reef_2025-10_VictorHarbor_BRUVS_1,5 mile reef,Fished,Bloom,2025-10_VictorHarbor_BRUVS_1,2025-10-30,2025-10-30,0.6890470116308228,-0.5166115280621495
BRUV,BRUVs,Victor Harbor - Encounter Bay Sanctuary Zone,cap_period,5 mile reef_2026-01_Victor_BRUVS_1,5 mile reef,Fished,Bloom,2026-01_Victor_BRUVS_1,2026-01-23,2026-01-23,0.24863631487031965,-0.45721447546343247
BRUV,BRUVs,Victor Harbor - Encounter Bay Sanctuary Zone,cap_period,Encounter Bay SZ_2017-11_Victor_BRUVS_1,Encounter Bay SZ,No-take,Pre-bloom,2017-11_Victor_BRUVS_1,2017-11-28,2017-11-28,-1.788567657473002,-0.2842281944142618
BRUV,BRUVs,Victor Harbor - Encounter Bay Sanctuary Zone,cap_period,Encounter Bay SZ_2018-11_Victor_BRUVS_1,Encounter Bay SZ,No-take,Pre-bloom,2018-11_Victor_BRUVS_1,2018-11-27,2018-11-27,-1.6003520928390413,-0.597785556277157
BRUV,BRUVs,Victor Harbor - Encounter Bay Sanctuary Zone,cap_period,Encounter Bay SZ_2025-10_VictorHarbor_BRUVS_1,Encounter Bay SZ,No-take,Bloom,2025-10_VictorHarbor_BRUVS_1,2025-10-30,2025-10-30,0.6517837748537506,-0.4257749864485764
BRUV,BRUVs,Victor Harbor - Encounter Bay Sanctuary Zone,cap_period,Encounter Bay SZ_2026-01_Victor_BRUVS_1,Encounter Bay SZ,No-take,Bloom,2026-01_Victor_BRUVS_1,2026-01-23,2026-01-23,0.12257201832433089,-0.41316534984461994
BRUV,BRUVs,Victor Harbor - Encounter Bay Sanctuary Zone,cap_period,West Island North_2017-11_Victor_BRUVS_1,West Island North,Fished,Pre-bloom,2017-11_Victor_BRUVS_1,2017-11-28,2017-11-28,-0.414776734806944,0.1964680074458568
BRUV,BRUVs,Victor Harbor - Encounter Bay Sanctuary Zone,cap_period,West Island North_2025-10_VictorHarbor_BRUVS_1,West Island North,Fished,Bloom,2025-10_VictorHarbor_BRUVS_1,2025-10-30,2025-10-30,0.651304978818925,-0.46175615754719573
BRUV,BRUVs,Victor Harbor - Encounter Bay Sanctuary Zone,cap_period,West Island North_2026-01_Victor_BRUVS_1,West Island North,Fished,Bloom,2026-01_Victor_BRUVS_1,2026-01-23,2026-01-23,0.11919484792131807,-0.8441249291812766
BRUV,BRUVs,Victor Harbor - Encounter Bay Sanctuary Zone,cap_period,West Island South_2017-11_Victor_BRUVS_1,West Island South,Fished,Pre-bloom,2017-11_Victor_BRUVS_1,2017-11-28,2017-11-28,-1.0847755704870923,0.8810292076878271
BRUV,BRUVs,Victor Harbor - Encounter Bay Sanctuary Zone,cap_period,West Island South_2025-10_VictorHarbor_BRUVS_1,West Island South,Fished,Bloom,2025-10_VictorHarbor_BRUVS_1,2025-10-30,2025-10-30,1.1304152175187179,1.5855788401517363
BRUV,BRUVs,Victor Harbor - Encounter Bay Sanctuary Zone,cap_period,West Island South_2026-01_Victor_BRUVS_1,West Island South,Fished,Bloom,2026-01_Victor_BRUVS_1,2026-01-23,2026-01-23,1.3202011229058042,1.5330685863955147
BRUV,BRUVs,Victor Harbor - Encounter Bay Sanctuary Zone,cap_status,5 mile reef_2021-11_Victor_BRUVS_1,5 mile reef,Fished,Pre-bloom,2021-11_Victor_BRUVS_1,2021-11-23,2021-11-23,-0.1935875827689663,-0.5420639017411402
BRUV,BRUVs,Victor Harbor - Encounter Bay Sanctuary Zone,cap_status,5 mile reef_2025-10_VictorHarbor_BRUVS_1,5 mile reef,Fished,Bloom,2025-10_VictorHarbor_BRUVS_1,2025-10-30,2025-10-30,-0.47238732371816955,-0.8037225147647055
BRUV,BRUVs,Victor Harbor - Encounter Bay Sanctuary Zone,cap_status,5 mile reef_2026-01_Victor_BRUVS_1,5 mile reef,Fished,Bloom,2026-01_Victor_BRUVS_1,2026-01-23,2026-01-23,0.04013166787916931,-0.6468195374899165
BRUV,BRUVs,Victor Harbor - Encounter Bay Sanctuary Zone,cap_status,Encounter Bay SZ_2017-11_Victor_BRUVS_1,Encounter Bay SZ,No-take,Pre-bloom,2017-11_Victor_BRUVS_1,2017-11-28,2017-11-28,1.2123544849773396,0.07921227912187426
BRUV,BRUVs,Victor Harbor - Encounter Bay Sanctuary Zone,cap_status,Encounter Bay SZ_2018-11_Victor_BRUVS_1,Encounter Bay SZ,No-take,Pre-bloom,2018-11_Victor_BRUVS_1,2018-11-27,2018-11-27,1.2027709438126712,-0.31683177014169017
BRUV,BRUVs,Victor Harbor - Encounter Bay Sanctuary Zone,cap_status,Encounter Bay SZ_2025-10_VictorHarbor_BRUVS_1,Encounter Bay SZ,No-take,Bloom,2025-10_VictorHarbor_BRUVS_1,2025-10-30,2025-10-30,1.0213325368937973,0.08373869410147199
BRUV,BRUVs,Victor Harbor - Encounter Bay Sanctuary Zone,cap_status,Encounter Bay SZ_2026-01_Victor_BRUVS_1,Encounter Bay SZ,No-take,Bloom,2026-01_Victor_BRUVS_1,2026-01-23,2026-01-23,1.2435440616346733,0.15388079691834425
BRUV,BRUVs,Victor Harbor - Encounter Bay Sanctuary Zone,cap_status,West Island North_2017-11_Victor_BRUVS_1,West Island North,Fished,Pre-bloom,2017-11_Victor_BRUVS_1,2017-11-28,2017-11-28,0.11311136524690539,-0.008293933375231247
BRUV,BRUVs,Victor Harbor - Encounter Bay Sanctuary Zone,cap_status,West Island North_2025-10_VictorHarbor_BRUVS_1,West Island North,Fished,Bloom,2025-10_VictorHarbor_BRUVS_1,2025-10-30,2025-10-30,-0.13037810735516311,-0.656443711544484
BRUV,BRUVs,Victor Harbor - Encounter Bay Sanctuary Zone,cap_status,West Island North_2026-01_Victor_BRUVS_1,West Island North,Fished,Bloom,2026-01_Victor_BRUVS_1,2026-01-23,2026-01-23,0.38394135100560717,-1.0219537254587832
BRUV,BRUVs,Victor Harbor - Encounter Bay Sanctuary Zone,cap_status,West Island South_2017-11_Victor_BRUVS_1,West Island South,Fished,Pre-bloom,2017-11_Victor_BRUVS_1,2017-11-28,2017-11-28,-0.600010551901878,0.6937478737907218
BRUV,BRUVs,Victor Harbor - Encounter Bay Sanctuary Zone,cap_status,West Island South_2025-10_VictorHarbor_BRUVS_1,West Island South,Fished,Bloom,2025-10_VictorHarbor_BRUVS_1,2025-10-30,2025-10-30,-1.9957659797906955,1.504271107303504
BRUV,BRUVs,Victor Harbor - Encounter Bay Sanctuary Zone,cap_status,West Island South_2026-01_Victor_BRUVS_1,West Island South,Fished,Bloom,2026-01_Victor_BRUVS_1,2026-01-23,2026-01-23,-1.8250568659152915,1.4812783432800356
BRUV,BRUVs,Windara Reef - Windara Shell fish Reef Sanctuary Zone,pco,Windara Shellfish Reef_2017-18_SA_Shellfish Reefs_StereoBruvs_1,Windara Shellfish Reef,No-take,Pre-bloom,2017-18_SA_Shellfish Reefs_StereoBruvs_1,2017-04-12,2017-04-12,1.00365894705857,-0.42936392189125067
BRUV,BRUVs,Windara Reef - Windara Shell fish Reef Sanctuary Zone,pco,Windara Shellfish Reef_2017-18_SA_Shellfish Reefs_StereoBruvs_2,Windara Shellfish Reef,No-take,Pre-bloom,2017-18_SA_Shellfish Reefs_StereoBruvs_2,2017-11-23,2017-11-23,0.11943673143583462,-1.1553441574280972
BRUV,BRUVs,Windara Reef - Windara Shell fish Reef Sanctuary Zone,pco,Windara Shellfish Reef_2017-18_SA_Shellfish Reefs_StereoBruvs_3,Windara Shellfish Reef,No-take,Pre-bloom,2017-18_SA_Shellfish Reefs_StereoBruvs_3,2018-04-24,2018-04-24,0.07940733490922038,-1.1478931620890809
BRUV,BRUVs,Windara Reef - Windara Shell fish Reef Sanctuary Zone,pco,Windara Shellfish Reef_2017-18_SA_Shellfish Reefs_StereoBruvs_4,Windara Shellfish Reef,No-take,Pre-bloom,2017-18_SA_Shellfish Reefs_StereoBruvs_4,2018-11-29,2018-11-29,-0.5431067975351732,-1.172191758901882
BRUV,BRUVs,Windara Reef - Windara Shell fish Reef Sanctuary Zone,pco,Windara Shellfish Reef_201910_SA_Shellfish Reef Monitoring_StereoBruvs_1,Windara Shellfish Reef,No-take,Pre-bloom,201910_SA_Shellfish Reef Monitoring_StereoBruvs_1,2019-10-22,2019-10-22,-0.45316577925685564,-1.3793284101101004
BRUV,BRUVs,Windara Reef - Windara Shell fish Reef Sanctuary Zone,pco,Windara Shellfish Reef_202010-202010_SA_Shellfish Reef Monitoring_StereoBruvs_2,Windara Shellfish Reef,No-take,Pre-bloom,202010-202010_SA_Shellfish Reef Monitoring_StereoBruvs_2,2020-10-28,2020-10-28,-1.0879985666140584,0.4059988366340299
BRUV,BRUVs,Windara Reef - Windara Shell fish Reef Sanctuary Zone,pco,Windara Shellfish Reef_2025-10_Windara_BRUVS_1,Windara Shellfish Reef,No-take,Bloom,2025-10_Windara_BRUVS_1,2025-10-24,2025-10-24,-1.7580913377818252,0.1331767204314582
BRUV,BRUVs,Windara Reef - Windara Shell fish Reef Sanctuary Zone,pco,Windara sand_2017-18_SA_Shellfish Reefs_StereoBruvs_1,Windara sand,Fished,Pre-bloom,2017-18_SA_Shellfish Reefs_StereoBruvs_1,2017-04-12,2017-04-12,0.8013871862946145,-0.22295985614705197
BRUV,BRUVs,Windara Reef - Windara Shell fish Reef Sanctuary Zone,pco,Windara sand_2017-18_SA_Shellfish Reefs_StereoBruvs_2,Windara sand,Fished,Pre-bloom,2017-18_SA_Shellfish Reefs_StereoBruvs_2,2017-11-23,2017-11-23,0.19138849022507112,-0.11264986219801301
BRUV,BRUVs,Windara Reef - Windara Shell fish Reef Sanctuary Zone,pco,Windara sand_2017-18_SA_Shellfish Reefs_StereoBruvs_3,Windara sand,Fished,Pre-bloom,2017-18_SA_Shellfish Reefs_StereoBruvs_3,2018-04-24,2018-04-24,0.441046031805179,-0.24656727287386376
BRUV,BRUVs,Windara Reef - Windara Shell fish Reef Sanctuary Zone,pco,Windara sand_2017-18_SA_Shellfish Reefs_StereoBruvs_4,Windara sand,Fished,Pre-bloom,2017-18_SA_Shellfish Reefs_StereoBruvs_4,2018-11-29,2018-11-29,0.8263123694809028,0.32028826305487446
BRUV,BRUVs,Windara Reef - Windara Shell fish Reef Sanctuary Zone,pco,Windara sand_201910_SA_Shellfish Reef Monitoring_StereoBruvs_1,Windara sand,Fished,Pre-bloom,201910_SA_Shellfish Reef Monitoring_StereoBruvs_1,2019-10-22,2019-10-22,0.40258154896229376,0.17443120801534212
BRUV,BRUVs,Windara Reef - Windara Shell fish Reef Sanctuary Zone,pco,Windara sand_202010-202010_SA_Shellfish Reef Monitoring_StereoBruvs_2,Windara sand,Fished,Pre-bloom,202010-202010_SA_Shellfish Reef Monitoring_StereoBruvs_2,2020-10-28,2020-10-28,-0.15462391205852136,1.1391619559164203
BRUV,BRUVs,Windara Reef - Windara Shell fish Reef Sanctuary Zone,pco,Windara sand_2025-10_Windara_BRUVS_1,Windara sand,Fished,Bloom,2025-10_Windara_BRUVS_1,2025-10-24,2025-10-24,-2.3400995322725047,0.49943161251358237
BRUV,BRUVs,Windara Reef - Windara Shell fish Reef Sanctuary Zone,pco,Windara seagrass_2017-18_SA_Shellfish Reefs_StereoBruvs_1,Windara seagrass,Fished,Pre-bloom,2017-18_SA_Shellfish Reefs_StereoBruvs_1,2017-04-12,2017-04-12,1.8527246274197933,0.7120174227497735
BRUV,BRUVs,Windara Reef - Windara Shell fish Reef Sanctuary Zone,pco,Windara seagrass_2017-18_SA_Shellfish Reefs_StereoBruvs_2,Windara seagrass,Fished,Pre-bloom,2017-18_SA_Shellfish Reefs_StereoBruvs_2,2017-11-23,2017-11-23,0.5434414709667115,0.2880803307774325
BRUV,BRUVs,Windara Reef - Windara Shell fish Reef Sanctuary Zone,pco,Windara seagrass_2017-18_SA_Shellfish Reefs_StereoBruvs_3,Windara seagrass,Fished,Pre-bloom,2017-18_SA_Shellfish Reefs_StereoBruvs_3,2018-04-24,2018-04-24,1.561255263158244,-0.032890007852506474
BRUV,BRUVs,Windara Reef - Windara Shell fish Reef Sanctuary Zone,pco,Windara seagrass_2017-18_SA_Shellfish Reefs_StereoBruvs_4,Windara seagrass,Fished,Pre-bloom,2017-18_SA_Shellfish Reefs_StereoBruvs_4,2018-11-29,2018-11-29,0.2181766878672702,0.4310068067776534
BRUV,BRUVs,Windara Reef - Windara Shell fish Reef Sanctuary Zone,pco,Windara seagrass_201910_SA_Shellfish Reef Monitoring_StereoBruvs_1,Windara seagrass,Fished,Pre-bloom,201910_SA_Shellfish Reef Monitoring_StereoBruvs_1,2019-10-22,2019-10-22,0.18133885103610853,1.0225842074397116
BRUV,BRUVs,Windara Reef - Windara Shell fish Reef Sanctuary Zone,pco,Windara seagrass_202010-202010_SA_Shellfish Reef Monitoring_StereoBruvs_2,Windara seagrass,Fished,Pre-bloom,202010-202010_SA_Shellfish Reef Monitoring_StereoBruvs_2,2020-10-28,2020-10-28,-0.19070920546051706,0.6644672389226983
BRUV,BRUVs,Windara Reef - Windara Shell fish Reef Sanctuary Zone,pco,Windara seagrass_2025-10_Windara_BRUVS_1,Windara seagrass,Fished,Bloom,2025-10_Windara_BRUVS_1,2025-10-24,2025-10-24,-1.69436040964037,0.10854380625886861
BRUV,BRUVs,Windara Reef - Windara Shell fish Reef Sanctuary Zone,cap_period,Windara Shellfish Reef_2017-18_SA_Shellfish Reefs_StereoBruvs_1,Windara Shellfish Reef,No-take,Pre-bloom,2017-18_SA_Shellfish Reefs_StereoBruvs_1,2017-04-12,2017-04-12,-0.5719732739991545,-0.6884091642166671
BRUV,BRUVs,Windara Reef - Windara Shell fish Reef Sanctuary Zone,cap_period,Windara Shellfish Reef_2017-18_SA_Shellfish Reefs_StereoBruvs_2,Windara Shellfish Reef,No-take,Pre-bloom,2017-18_SA_Shellfish Reefs_StereoBruvs_2,2017-11-23,2017-11-23,-0.2811641821848105,0.5342952142520043
BRUV,BRUVs,Windara Reef - Windara Shell fish Reef Sanctuary Zone,cap_period,Windara Shellfish Reef_2017-18_SA_Shellfish Reefs_StereoBruvs_3,Windara Shellfish Reef,No-take,Pre-bloom,2017-18_SA_Shellfish Reefs_StereoBruvs_3,2018-04-24,2018-04-24,-0.21058835374028162,0.5446360896119828
BRUV,BRUVs,Windara Reef - Windara Shell fish Reef Sanctuary Zone,cap_period,Windara Shellfish Reef_2017-18_SA_Shellfish Reefs_StereoBruvs_4,Windara Shellfish Reef,No-take,Pre-bloom,2017-18_SA_Shellfish Reefs_StereoBruvs_4,2018-11-29,2018-11-29,0.21715210730690815,0.8462957304313545
BRUV,BRUVs,Windara Reef - Windara Shell fish Reef Sanctuary Zone,cap_period,Windara Shellfish Reef_201910_SA_Shellfish Reef Monitoring_StereoBruvs_1,Windara Shellfish Reef,No-take,Pre-bloom,201910_SA_Shellfish Reef Monitoring_StereoBruvs_1,2019-10-22,2019-10-22,0.04771502445842326,1.029022383169541
BRUV,BRUVs,Windara Reef - Windara Shell fish Reef Sanctuary Zone,cap_period,Windara Shellfish Reef_202010-202010_SA_Shellfish Reef Monitoring_StereoBruvs_2,Windara Shellfish Reef,No-take,Pre-bloom,202010-202010_SA_Shellfish Reef Monitoring_StereoBruvs_2,2020-10-28,2020-10-28,0.43023730555833867,1.2793242268816294
BRUV,BRUVs,Windara Reef - Windara Shell fish Reef Sanctuary Zone,cap_period,Windara Shellfish Reef_2025-10_Windara_BRUVS_1,Windara Shellfish Reef,No-take,Bloom,2025-10_Windara_BRUVS_1,2025-10-24,2025-10-24,1.3789117923112721,-0.0555845188730299
BRUV,BRUVs,Windara Reef - Windara Shell fish Reef Sanctuary Zone,cap_period,Windara sand_2017-18_SA_Shellfish Reefs_StereoBruvs_1,Windara sand,Fished,Pre-bloom,2017-18_SA_Shellfish Reefs_StereoBruvs_1,2017-04-12,2017-04-12,-0.5129904259538092,-0.3412960624048784
BRUV,BRUVs,Windara Reef - Windara Shell fish Reef Sanctuary Zone,cap_period,Windara sand_2017-18_SA_Shellfish Reefs_StereoBruvs_2,Windara sand,Fished,Pre-bloom,2017-18_SA_Shellfish Reefs_StereoBruvs_2,2017-11-23,2017-11-23,-0.15769909941974883,0.10096998937034261
BRUV,BRUVs,Windara Reef - Windara Shell fish Reef Sanctuary Zone,cap_period,Windara sand_2017-18_SA_Shellfish Reefs_StereoBruvs_3,Windara sand,Fished,Pre-bloom,2017-18_SA_Shellfish Reefs_StereoBruvs_3,2018-04-24,2018-04-24,-0.2537362779572725,-0.15934668117178707
BRUV,BRUVs,Windara Reef - Windara Shell fish Reef Sanctuary Zone,cap_period,Windara sand_2017-18_SA_Shellfish Reefs_StereoBruvs_4,Windara sand,Fished,Pre-bloom,2017-18_SA_Shellfish Reefs_StereoBruvs_4,2018-11-29,2018-11-29,-0.5697459095494407,-0.37061369402026406
BRUV,BRUVs,Windara Reef - Windara Shell fish Reef Sanctuary Zone,cap_period,Windara sand_201910_SA_Shellfish Reef Monitoring_StereoBruvs_1,Windara sand,Fished,Pre-bloom,201910_SA_Shellfish Reef Monitoring_StereoBruvs_1,2019-10-22,2019-10-22,-0.31491590890566434,-0.043548050976738924
BRUV,BRUVs,Windara Reef - Windara Shell fish Reef Sanctuary Zone,cap_period,Windara sand_202010-202010_SA_Shellfish Reef Monitoring_StereoBruvs_2,Windara sand,Fished,Pre-bloom,202010-202010_SA_Shellfish Reef Monitoring_StereoBruvs_2,2020-10-28,2020-10-28,-0.0045292334336182,0.28218426370027666
BRUV,BRUVs,Windara Reef - Windara Shell fish Reef Sanctuary Zone,cap_period,Windara sand_2025-10_Windara_BRUVS_1,Windara sand,Fished,Bloom,2025-10_Windara_BRUVS_1,2025-10-24,2025-10-24,1.8452850645510295,0.20536363488967724
BRUV,BRUVs,Windara Reef - Windara Shell fish Reef Sanctuary Zone,cap_period,Windara seagrass_2017-18_SA_Shellfish Reefs_StereoBruvs_1,Windara seagrass,Fished,Pre-bloom,2017-18_SA_Shellfish Reefs_StereoBruvs_1,2017-04-12,2017-04-12,-1.131629600323063,-1.4362133386564941
BRUV,BRUVs,Windara Reef - Windara Shell fish Reef Sanctuary Zone,cap_period,Windara seagrass_2017-18_SA_Shellfish Reefs_StereoBruvs_2,Windara seagrass,Fished,Pre-bloom,2017-18_SA_Shellfish Reefs_StereoBruvs_2,2017-11-23,2017-11-23,-0.2566829074442481,-0.3974972866200016
BRUV,BRUVs,Windara Reef - Windara Shell fish Reef Sanctuary Zone,cap_period,Windara seagrass_2017-18_SA_Shellfish Reefs_StereoBruvs_3,Windara seagrass,Fished,Pre-bloom,2017-18_SA_Shellfish Reefs_StereoBruvs_3,2018-04-24,2018-04-24,-0.9405586866167811,-1.0573995393591176
BRUV,BRUVs,Windara Reef - Windara Shell fish Reef Sanctuary Zone,cap_period,Windara seagrass_2017-18_SA_Shellfish Reefs_StereoBruvs_4,Windara seagrass,Fished,Pre-bloom,2017-18_SA_Shellfish Reefs_StereoBruvs_4,2018-11-29,2018-11-29,-0.029477938753328083,-0.23517400663268084
BRUV,BRUVs,Windara Reef - Windara Shell fish Reef Sanctuary Zone,cap_period,Windara seagrass_201910_SA_Shellfish Reef Monitoring_StereoBruvs_1,Windara seagrass,Fished,Pre-bloom,201910_SA_Shellfish Reef Monitoring_StereoBruvs_1,2019-10-22,2019-10-22,-0.2291355409938721,0.0019287646728949124
BRUV,BRUVs,Windara Reef - Windara Shell fish Reef Sanctuary Zone,cap_period,Windara seagrass_202010-202010_SA_Shellfish Reef Monitoring_StereoBruvs_2,Windara seagrass,Fished,Pre-bloom,202010-202010_SA_Shellfish Reef Monitoring_StereoBruvs_2,2020-10-28,2020-10-28,0.14632068217256167,0.11084116196860498
BRUV,BRUVs,Windara Reef - Windara Shell fish Reef Sanctuary Zone,cap_period,Windara seagrass_2025-10_Windara_BRUVS_1,Windara seagrass,Fished,Bloom,2025-10_Windara_BRUVS_1,2025-10-24,2025-10-24,1.399205362916559,-0.14977911601664742
BRUV,BRUVs,Windara Reef - Windara Shell fish Reef Sanctuary Zone,cap_status,Windara Shellfish Reef_2017-18_SA_Shellfish Reefs_StereoBruvs_1,Windara Shellfish Reef,No-take,Pre-bloom,2017-18_SA_Shellfish Reefs_StereoBruvs_1,2017-04-12,2017-04-12,-0.1259549786486943,-0.8337673453725164
BRUV,BRUVs,Windara Reef - Windara Shell fish Reef Sanctuary Zone,cap_status,Windara Shellfish Reef_2017-18_SA_Shellfish Reefs_StereoBruvs_2,Windara Shellfish Reef,No-take,Pre-bloom,2017-18_SA_Shellfish Reefs_StereoBruvs_2,2017-11-23,2017-11-23,-0.8632807110953237,-0.3334839588904015
BRUV,BRUVs,Windara Reef - Windara Shell fish Reef Sanctuary Zone,cap_status,Windara Shellfish Reef_2017-18_SA_Shellfish Reefs_StereoBruvs_3,Windara Shellfish Reef,No-take,Pre-bloom,2017-18_SA_Shellfish Reefs_StereoBruvs_3,2018-04-24,2018-04-24,-0.8968058060005918,-0.30757166973503736
BRUV,BRUVs,Windara Reef - Windara Shell fish Reef Sanctuary Zone,cap_status,Windara Shellfish Reef_2017-18_SA_Shellfish Reefs_StereoBruvs_4,Windara Shellfish Reef,No-take,Pre-bloom,2017-18_SA_Shellfish Reefs_StereoBruvs_4,2018-11-29,2018-11-29,-1.3732643972160294,0.05402139122780888
BRUV,BRUVs,Windara Reef - Windara Shell fish Reef Sanctuary Zone,cap_status,Windara Shellfish Reef_201910_SA_Shellfish Reef Monitoring_StereoBruvs_1,Windara Shellfish Reef,No-take,Pre-bloom,201910_SA_Shellfish Reef Monitoring_StereoBruvs_1,2019-10-22,2019-10-22,-1.4477328683483093,-0.01817425051010883
BRUV,BRUVs,Windara Reef - Windara Shell fish Reef Sanctuary Zone,cap_status,Windara Shellfish Reef_202010-202010_SA_Shellfish Reef Monitoring_StereoBruvs_2,Windara Shellfish Reef,No-take,Pre-bloom,202010-202010_SA_Shellfish Reef Monitoring_StereoBruvs_2,2020-10-28,2020-10-28,-0.6969272531053943,0.5205221213109408
BRUV,BRUVs,Windara Reef - Windara Shell fish Reef Sanctuary Zone,cap_status,Windara Shellfish Reef_2025-10_Windara_BRUVS_1,Windara Shellfish Reef,No-take,Bloom,2025-10_Windara_BRUVS_1,2025-10-24,2025-10-24,-0.8244531899618801,0.9184537119693137
BRUV,BRUVs,Windara Reef - Windara Shell fish Reef Sanctuary Zone,cap_status,Windara sand_2017-18_SA_Shellfish Reefs_StereoBruvs_1,Windara sand,Fished,Pre-bloom,2017-18_SA_Shellfish Reefs_StereoBruvs_1,2017-04-12,2017-04-12,0.34808123496140436,-0.4235438370956613
BRUV,BRUVs,Windara Reef - Windara Shell fish Reef Sanctuary Zone,cap_status,Windara sand_2017-18_SA_Shellfish Reefs_StereoBruvs_2,Windara sand,Fished,Pre-bloom,2017-18_SA_Shellfish Reefs_StereoBruvs_2,2017-11-23,2017-11-23,0.15015572145686287,-0.032354220098403545
BRUV,BRUVs,Windara Reef - Windara Shell fish Reef Sanctuary Zone,cap_status,Windara sand_2017-18_SA_Shellfish Reefs_StereoBruvs_3,Windara sand,Fished,Pre-bloom,2017-18_SA_Shellfish Reefs_StereoBruvs_3,2018-04-24,2018-04-24,0.0973300087828288,-0.20395528408743907
BRUV,BRUVs,Windara Reef - Windara Shell fish Reef Sanctuary Zone,cap_status,Windara sand_2017-18_SA_Shellfish Reefs_StereoBruvs_4,Windara sand,Fished,Pre-bloom,2017-18_SA_Shellfish Reefs_StereoBruvs_4,2018-11-29,2018-11-29,0.6252057561541918,-0.39481409448237165
BRUV,BRUVs,Windara Reef - Windara Shell fish Reef Sanctuary Zone,cap_status,Windara sand_201910_SA_Shellfish Reef Monitoring_StereoBruvs_1,Windara sand,Fished,Pre-bloom,201910_SA_Shellfish Reef Monitoring_StereoBruvs_1,2019-10-22,2019-10-22,0.4513110887584724,-0.1399975618920786
BRUV,BRUVs,Windara Reef - Windara Shell fish Reef Sanctuary Zone,cap_status,Windara sand_202010-202010_SA_Shellfish Reef Monitoring_StereoBruvs_2,Windara sand,Fished,Pre-bloom,202010-202010_SA_Shellfish Reef Monitoring_StereoBruvs_2,2020-10-28,2020-10-28,0.7707691305544706,0.271645767549955
BRUV,BRUVs,Windara Reef - Windara Shell fish Reef Sanctuary Zone,cap_status,Windara sand_2025-10_Windara_BRUVS_1,Windara sand,Fished,Bloom,2025-10_Windara_BRUVS_1,2025-10-24,2025-10-24,-0.24148458752028298,1.6137580273150167
BRUV,BRUVs,Windara Reef - Windara Shell fish Reef Sanctuary Zone,cap_status,Windara seagrass_2017-18_SA_Shellfish Reefs_StereoBruvs_1,Windara seagrass,Fished,Pre-bloom,2017-18_SA_Shellfish Reefs_StereoBruvs_1,2017-04-12,2017-04-12,1.498806050634658,-1.0156002495798797
BRUV,BRUVs,Windara Reef - Windara Shell fish Reef Sanctuary Zone,cap_status,Windara seagrass_2017-18_SA_Shellfish Reefs_StereoBruvs_2,Windara seagrass,Fished,Pre-bloom,2017-18_SA_Shellfish Reefs_StereoBruvs_2,2017-11-23,2017-11-23,0.5189954212242398,-0.21152603370966894
BRUV,BRUVs,Windara Reef - Windara Shell fish Reef Sanctuary Zone,cap_status,Windara seagrass_2017-18_SA_Shellfish Reefs_StereoBruvs_3,Windara seagrass,Fished,Pre-bloom,2017-18_SA_Shellfish Reefs_StereoBruvs_3,2018-04-24,2018-04-24,0.8694126516072903,-0.8845741781997863
BRUV,BRUVs,Windara Reef - Windara Shell fish Reef Sanctuary Zone,cap_status,Windara seagrass_2017-18_SA_Shellfish Reefs_StereoBruvs_4,Windara seagrass,Fished,Pre-bloom,2017-18_SA_Shellfish Reefs_StereoBruvs_4,2018-11-29,2018-11-29,0.5447522447955455,0.0014432396937831334
BRUV,BRUVs,Windara Reef - Windara Shell fish Reef Sanctuary Zone,cap_status,Windara seagrass_201910_SA_Shellfish Reef Monitoring_StereoBruvs_1,Windara seagrass,Fished,Pre-bloom,201910_SA_Shellfish Reef Monitoring_StereoBruvs_1,2019-10-22,2019-10-22,0.6678958745309349,0.033645213607837336
BRUV,BRUVs,Windara Reef - Windara Shell fish Reef Sanctuary Zone,cap_status,Windara seagrass_202010-202010_SA_Shellfish Reef Monitoring_StereoBruvs_2,Windara seagrass,Fished,Pre-bloom,202010-202010_SA_Shellfish Reef Monitoring_StereoBruvs_2,2020-10-28,2020-10-28,0.34809437151207157,0.2465802209217852
BRUV,BRUVs,Windara Reef - Windara Shell fish Reef Sanctuary Zone,cap_status,Windara seagrass_2025-10_Windara_BRUVS_1,Windara seagrass,Fished,Bloom,2025-10_Windara_BRUVS_1,2025-10-24,2025-10-24,-0.4209057630764637,1.1392929900569129
