"metric","location","region","model_type","family_code","model_family","optimizer_used","convergence_code","convergence_message","formula","fixed_effect_structure","structure_reason","n_transects","n_sites","n_dates","n_periods","n_statuses","n_positive","prop_zero","converged","pdHess","finite_standard_errors","valid_model","AIC","logLik","warnings","error","note","fixed_tweedie_power"
"M1 fish species richness","Carrickalinga","Fleurieu","Period","gaussian","Gaussian (identity link)","nlminb_default",0,"relative convergence (4)","response ~ Period * status + (1 | Site) + (1 | SamplingDate)","Period * status","Full Period x Status interaction fitted",442,14,19,2,2,440,0.004524886877828055,TRUE,TRUE,TRUE,TRUE,2288.751149723827,-1137.3755748619135,NA,NA,NA,NA
"M1 fish species richness","Carrickalinga","Fleurieu","Temporal","gaussian","Gaussian (identity link)","nlminb_default",0,"relative convergence (4)","response ~ SamplingDate + (1 | Site)","SamplingDate","Sampling date fitted as a categorical fixed effect; no Date x Status interaction",442,14,19,2,2,440,0.004524886877828055,TRUE,TRUE,TRUE,TRUE,2269.7873528443533,-1113.8936764221767,NA,NA,NA,NA
"M1 fish species richness","Eastern Spencer Gulf","Eastern Spencer Gulf","Period","gaussian","Gaussian (identity link)","nlminb_default",0,"relative convergence (4)","response ~ Period + (1 | Site) + (1 | SamplingDate)","Period","Period-only fixed effect fitted because only one Status level was present",23,3,3,2,1,23,0,TRUE,TRUE,TRUE,TRUE,117.13121184826578,-53.56560592413289,NA,NA,NA,NA
"M1 fish species richness","Eastern Spencer Gulf","Eastern Spencer Gulf","Temporal","gaussian","Gaussian (identity link)","nlminb_default",0,"relative convergence (4)","response ~ SamplingDate + (1 | Site)","SamplingDate","Sampling date fitted as a categorical fixed effect; no Date x Status interaction",23,3,3,2,1,23,0,TRUE,TRUE,TRUE,TRUE,109.54796345491059,-49.77398172745529,NA,NA,NA,NA
"M1 fish species richness","Encounter Bay","South Coast","Period","gaussian","Gaussian (identity link)","nlminb_default",0,"relative convergence (4)","response ~ Period * status + (1 | Site) + (1 | SamplingDate)","Period * status","Full Period x Status interaction fitted",165,7,13,2,2,160,0.030303030303030304,TRUE,TRUE,TRUE,TRUE,788.6097234021738,-387.3048617010869,NA,NA,NA,NA
"M1 fish species richness","Encounter Bay","South Coast","Temporal","gaussian","Gaussian (identity link)","nlminb_default",0,"relative convergence (4)","response ~ SamplingDate + (1 | Site)","SamplingDate","Sampling date fitted as a categorical fixed effect; no Date x Status interaction",165,7,13,2,2,160,0.030303030303030304,TRUE,TRUE,TRUE,TRUE,781.9311578530869,-375.96557892654346,NA,NA,NA,NA
"M1 fish species richness","Metro","Adelaide Metro","Period","gaussian","Gaussian (identity link)","nlminb_default",0,"relative convergence (4)","response ~ Period + (1 | Site) + (1 | SamplingDate)","Period","Period-only fixed effect fitted because only one Status level was present",68,3,15,2,1,65,0.04411764705882353,TRUE,TRUE,TRUE,TRUE,346.6943004789466,-168.3471502394733,NA,NA,NA,NA
"M1 fish species richness","Metro","Adelaide Metro","Temporal","gaussian","Gaussian (identity link)","nlminb_default",0,"relative convergence (4)","response ~ SamplingDate + (1 | Site)","SamplingDate","Sampling date fitted as a categorical fixed effect; no Date x Status interaction",68,3,15,2,1,65,0.04411764705882353,TRUE,TRUE,TRUE,TRUE,336.2768289470211,-151.13841447351055,NA,NA,NA,NA
"M1 fish species richness","Rapid Head","Fleurieu","Period","gaussian","Gaussian (identity link)","nlminb_default",0,"relative convergence (4)","response ~ Period * status + (1 | Site) + (1 | SamplingDate)","Period * status","Full Period x Status interaction fitted",474,10,22,2,2,474,0,TRUE,TRUE,TRUE,TRUE,2477.0640086100734,-1231.5320043050367,NA,NA,NA,NA
"M1 fish species richness","Rapid Head","Fleurieu","Temporal","gaussian","Gaussian (identity link)","nlminb_default",0,"relative convergence (4)","response ~ SamplingDate + (1 | Site)","SamplingDate","Sampling date fitted as a categorical fixed effect; no Date x Status interaction",474,10,22,2,2,474,0,TRUE,TRUE,TRUE,TRUE,2458.375113124797,-1205.1875565623984,NA,NA,NA,NA
"M1 fish species richness","Southern Fleurieu","South Coast","Period","gaussian","Gaussian (identity link)","nlminb_default",0,"relative convergence (4)","response ~ Period + (1 | Site) + (1 | SamplingDate)","Period","Period-only fixed effect fitted because only one Status level was present",117,6,9,2,1,117,0,TRUE,TRUE,TRUE,TRUE,503.5057436179323,-246.75287180896615,NA,NA,NA,NA
"M1 fish species richness","Southern Fleurieu","South Coast","Temporal","gaussian","Gaussian (identity link)","nlminb_default",0,"relative convergence (4)","response ~ SamplingDate + (1 | Site)","SamplingDate","Sampling date fitted as a categorical fixed effect; no Date x Status interaction",117,6,9,2,1,117,0,TRUE,TRUE,TRUE,TRUE,494.1011887375949,-236.05059436879745,NA,NA,NA,NA
"M1 fish species richness","Southern Metro","Adelaide Metro","Period","gaussian","Gaussian (identity link)","nlminb_default",0,"relative convergence (4)","response ~ Period * status + (1 | Site) + (1 | SamplingDate)","Period * status","Full Period x Status interaction fitted",266,14,18,2,2,263,0.011278195488721804,TRUE,TRUE,TRUE,TRUE,1371.0870105823417,-678.5435052911708,NA,NA,NA,NA
"M1 fish species richness","Southern Metro","Adelaide Metro","Temporal","gaussian","Gaussian (identity link)","nlminb_default",0,"relative convergence (4)","response ~ SamplingDate + (1 | Site)","SamplingDate","Sampling date fitted as a categorical fixed effect; no Date x Status interaction",266,14,18,2,2,263,0.011278195488721804,TRUE,TRUE,TRUE,TRUE,1368.9175735884314,-664.4587867942157,NA,NA,NA,NA
"M1 fish species richness","Southern Yorke","Southern Yorke","Period","gaussian","Gaussian (identity link)","nlminb_default",0,"relative convergence (4)","response ~ Period + (1 | Site) + (1 | SamplingDate)","Period","Period-only fixed effect fitted because only one Status level was present",26,3,3,2,1,26,0,TRUE,TRUE,TRUE,TRUE,144.17291475310634,-67.08645737655317,NA,NA,NA,NA
"M1 fish species richness","Southern Yorke","Southern Yorke","Temporal","gaussian","Gaussian (identity link)","nlminb_default",0,"relative convergence (4)","response ~ SamplingDate + (1 | Site)","SamplingDate","Sampling date fitted as a categorical fixed effect; no Date x Status interaction",26,3,3,2,1,26,0,TRUE,TRUE,TRUE,TRUE,137.53480634443102,-63.76740317221551,NA,NA,NA,NA
"M1 fish species richness","Sponge Gardens","Kangaroo Island","Period","gaussian","Gaussian (identity link)","nlminb_default",0,"relative convergence (4)","response ~ Period * status + (1 | Site) + (1 | SamplingDate)","Period * status","Full Period x Status interaction fitted",148,5,10,2,2,148,0,TRUE,TRUE,TRUE,TRUE,718.6821567503748,-352.3410783751874,NA,NA,NA,NA
"M1 fish species richness","Sponge Gardens","Kangaroo Island","Temporal","gaussian","Gaussian (identity link)","nlminb_default",0,"relative convergence (4)","response ~ SamplingDate + (1 | Site)","SamplingDate","Sampling date fitted as a categorical fixed effect; no Date x Status interaction",148,5,10,2,2,148,0,TRUE,TRUE,TRUE,TRUE,703.0503381330107,-339.5251690665053,NA,NA,NA,NA
"M1 fish species richness","Upper GSV","Upper Gulf St Vincent","Period","gaussian","Gaussian (identity link)","nlminb_default",0,"relative convergence (4)","response ~ Period + (1 | Site) + (1 | SamplingDate)","Period","Period-only fixed effect fitted because only one Status level was present",92,5,9,2,1,82,0.10869565217391304,TRUE,TRUE,TRUE,TRUE,335.56869645990184,-162.78434822995092,NA,NA,NA,NA
"M1 fish species richness","Upper GSV","Upper Gulf St Vincent","Temporal","gaussian","Gaussian (identity link)","nlminb_default",0,"relative convergence (4)","response ~ SamplingDate + (1 | Site)","SamplingDate","Sampling date fitted as a categorical fixed effect; no Date x Status interaction",92,5,9,2,1,82,0.10869565217391304,TRUE,TRUE,TRUE,TRUE,332.2065632917647,-155.10328164588236,NA,NA,NA,NA
"M2 fish species richness","Carrickalinga","Fleurieu","Period","gaussian","Gaussian (identity link)","nlminb_default",0,"relative convergence (4)","response ~ Period * status + (1 | Site) + (1 | SamplingDate)","Period * status","Full Period x Status interaction fitted",439,14,19,2,2,359,0.18223234624145787,TRUE,TRUE,TRUE,TRUE,1195.4918237770328,-590.7459118885164,NA,NA,NA,NA
"M2 fish species richness","Carrickalinga","Fleurieu","Temporal","gaussian","Gaussian (identity link)","nlminb_default",0,"relative convergence (4)","response ~ SamplingDate + (1 | Site)","SamplingDate","Sampling date fitted as a categorical fixed effect; no Date x Status interaction",439,14,19,2,2,359,0.18223234624145787,TRUE,TRUE,TRUE,TRUE,1174.4169651483544,-566.2084825741772,NA,NA,NA,NA
"M2 fish species richness","Eastern Spencer Gulf","Eastern Spencer Gulf","Period","gaussian","Gaussian (identity link)","nlminb_default",0,"relative convergence (4)","response ~ Period + (1 | Site) + (1 | SamplingDate)","Period","Period-only fixed effect fitted because only one Status level was present",27,3,4,2,1,16,0.4074074074074074,TRUE,TRUE,TRUE,TRUE,73.77068190635,-31.885340953175003,NA,NA,NA,NA
"M2 fish species richness","Eastern Spencer Gulf","Eastern Spencer Gulf","Temporal","gaussian","Gaussian (identity link)","nlminb_default",0,"relative convergence (4)","response ~ SamplingDate + (1 | Site)","SamplingDate","Sampling date fitted as a categorical fixed effect; no Date x Status interaction",27,3,4,2,1,16,0.4074074074074074,TRUE,TRUE,TRUE,TRUE,74.63948348709195,-31.31974174354598,NA,NA,NA,NA
"M2 fish species richness","Encounter Bay","South Coast","Period","gaussian","Gaussian (identity link)","nlminb_default",0,"relative convergence (4)","response ~ Period * status + (1 | Site) + (1 | SamplingDate)","Period * status","Full Period x Status interaction fitted",177,7,14,2,2,77,0.5649717514124294,TRUE,TRUE,TRUE,TRUE,320.27194911474317,-153.13597455737158,NA,NA,NA,NA
"M2 fish species richness","Encounter Bay","South Coast","Temporal","gaussian","Gaussian (identity link)","nlminb_default",0,"relative convergence (4)","response ~ SamplingDate + (1 | Site)","SamplingDate","Sampling date fitted as a categorical fixed effect; no Date x Status interaction",177,7,14,2,2,77,0.5649717514124294,TRUE,TRUE,TRUE,TRUE,310.84848398398543,-139.42424199199272,NA,NA,NA,NA
"M2 fish species richness","Metro","Adelaide Metro","Period","gaussian","Gaussian (identity link)","nlminb_default",0,"relative convergence (4)","response ~ Period + (1 | Site) + (1 | SamplingDate)","Period","Period-only fixed effect fitted because only one Status level was present",68,3,15,2,1,61,0.10294117647058823,TRUE,TRUE,TRUE,TRUE,187.44426445657768,-88.72213222828884,NA,NA,NA,NA
"M2 fish species richness","Metro","Adelaide Metro","Temporal","gaussian","Gaussian (identity link)","nlminb_default",0,"relative convergence (4)","response ~ SamplingDate + (1 | Site)","SamplingDate","Sampling date fitted as a categorical fixed effect; no Date x Status interaction",68,3,15,2,1,61,0.10294117647058823,TRUE,TRUE,TRUE,TRUE,170.9754463423225,-68.48772317116125,NA,NA,NA,NA
"M2 fish species richness","Rapid Head","Fleurieu","Period","gaussian","Gaussian (identity link)","nlminb_default",0,"relative convergence (4)","response ~ Period * status + (1 | Site) + (1 | SamplingDate)","Period * status","Full Period x Status interaction fitted",469,10,22,2,2,386,0.17697228144989338,TRUE,TRUE,TRUE,TRUE,1327.7102489210558,-656.8551244605279,NA,NA,NA,NA
"M2 fish species richness","Rapid Head","Fleurieu","Temporal","gaussian","Gaussian (identity link)","nlminb_default",0,"relative convergence (4)","response ~ SamplingDate + (1 | Site)","SamplingDate","Sampling date fitted as a categorical fixed effect; no Date x Status interaction",469,10,22,2,2,386,0.17697228144989338,TRUE,TRUE,TRUE,TRUE,1317.9727109418702,-634.9863554709351,NA,NA,NA,NA
"M2 fish species richness","Southern Fleurieu","South Coast","Period","gaussian","Gaussian (identity link)","nlminb_default",0,"relative convergence (4)","response ~ Period + (1 | Site) + (1 | SamplingDate)","Period","Period-only fixed effect fitted because only one Status level was present",119,6,9,2,1,54,0.5462184873949579,TRUE,TRUE,TRUE,TRUE,145.6239353682016,-67.8119676841008,NA,NA,NA,NA
"M2 fish species richness","Southern Fleurieu","South Coast","Temporal","gaussian","Gaussian (identity link)","nlminb_default",0,"relative convergence (4)","response ~ SamplingDate + (1 | Site)","SamplingDate","Sampling date fitted as a categorical fixed effect; no Date x Status interaction",119,6,9,2,1,54,0.5462184873949579,TRUE,TRUE,TRUE,TRUE,136.72534118900825,-57.36267059450412,NA,NA,NA,NA
"M2 fish species richness","Southern Metro","Adelaide Metro","Period","gaussian","Gaussian (identity link)","nlminb_default",0,"relative convergence (4)","response ~ Period * status + (1 | Site) + (1 | SamplingDate)","Period * status","Full Period x Status interaction fitted",264,14,18,2,2,232,0.12121212121212122,TRUE,TRUE,TRUE,TRUE,689.6448721487238,-337.8224360743619,NA,NA,NA,NA
"M2 fish species richness","Southern Metro","Adelaide Metro","Temporal","gaussian","Gaussian (identity link)","nlminb_default",0,"relative convergence (4)","response ~ SamplingDate + (1 | Site)","SamplingDate","Sampling date fitted as a categorical fixed effect; no Date x Status interaction",264,14,18,2,2,232,0.12121212121212122,TRUE,TRUE,TRUE,TRUE,678.4587196566023,-319.22935982830114,NA,NA,NA,NA
"M2 fish species richness","Southern Yorke","Southern Yorke","Period","gaussian","Gaussian (identity link)","nlminb_default",0,"relative convergence (4)","response ~ Period + (1 | Site) + (1 | SamplingDate)","Period","Period-only fixed effect fitted because only one Status level was present",34,3,4,2,1,22,0.35294117647058826,TRUE,TRUE,TRUE,TRUE,98.23624459737161,-44.118122298685805,NA,NA,NA,NA
"M2 fish species richness","Southern Yorke","Southern Yorke","Temporal","gaussian","Gaussian (identity link)","nlminb_default",0,"relative convergence (4)","response ~ SamplingDate + (1 | Site)","SamplingDate","Sampling date fitted as a categorical fixed effect; no Date x Status interaction",34,3,4,2,1,22,0.35294117647058826,TRUE,TRUE,TRUE,TRUE,96.12524992614527,-42.062624963072636,NA,NA,NA,NA
"M2 fish species richness","Sponge Gardens","Kangaroo Island","Period","gaussian","Gaussian (identity link)","nlminb_default",0,"relative convergence (4)","response ~ Period * status + (1 | Site) + (1 | SamplingDate)","Period * status","Full Period x Status interaction fitted",148,5,10,2,2,134,0.0945945945945946,TRUE,TRUE,TRUE,TRUE,412.9440887191634,-199.4720443595817,NA,NA,NA,NA
"M2 fish species richness","Sponge Gardens","Kangaroo Island","Temporal","gaussian","Gaussian (identity link)","nlminb_default",0,"relative convergence (4)","response ~ SamplingDate + (1 | Site)","SamplingDate","Sampling date fitted as a categorical fixed effect; no Date x Status interaction",148,5,10,2,2,134,0.0945945945945946,TRUE,TRUE,TRUE,TRUE,409.29863102333195,-192.64931551166598,NA,NA,NA,NA
"M2 fish species richness","Upper GSV","Upper Gulf St Vincent","Period","gaussian","Gaussian (identity link)","nlminb_default",0,"relative convergence (4)","response ~ Period + (1 | Site) + (1 | SamplingDate)","Period","Period-only fixed effect fitted because only one Status level was present",92,5,9,2,1,77,0.16304347826086957,TRUE,TRUE,TRUE,TRUE,218.3071115874072,-104.1535557937036,NA,NA,NA,NA
"M2 fish species richness","Upper GSV","Upper Gulf St Vincent","Temporal","gaussian","Gaussian (identity link)","nlminb_default",0,"relative convergence (4)","response ~ SamplingDate + (1 | Site)","SamplingDate","Sampling date fitted as a categorical fixed effect; no Date x Status interaction",92,5,9,2,1,77,0.16304347826086957,TRUE,TRUE,TRUE,TRUE,207.7752866168078,-92.8876433084039,NA,NA,NA,NA
"M2 invertebrate species richness","Carrickalinga","Fleurieu","Period","gaussian","Gaussian (identity link)","nlminb_default",0,"relative convergence (4)","response ~ Period * status + (1 | Site) + (1 | SamplingDate)","Period * status","Full Period x Status interaction fitted",442,14,19,2,2,438,0.00904977375565611,TRUE,TRUE,TRUE,TRUE,1791.4148815644728,-888.7074407822364,NA,NA,NA,NA
"M2 invertebrate species richness","Carrickalinga","Fleurieu","Temporal","gaussian","Gaussian (identity link)","nlminb_default",0,"relative convergence (4)","response ~ SamplingDate + (1 | Site)","SamplingDate","Sampling date fitted as a categorical fixed effect; no Date x Status interaction",442,14,19,2,2,438,0.00904977375565611,TRUE,TRUE,TRUE,TRUE,1771.0641629610518,-864.5320814805259,NA,NA,NA,NA
"M2 invertebrate species richness","Eastern Spencer Gulf","Eastern Spencer Gulf","Period","gaussian","Gaussian (identity link)","nlminb_default",0,"relative convergence (4)","response ~ Period + (1 | Site) + (1 | SamplingDate)","Period","Period-only fixed effect fitted because only one Status level was present",27,3,4,2,1,27,0,TRUE,TRUE,TRUE,TRUE,137.68571990717365,-63.842859953586824,NA,NA,NA,NA
"M2 invertebrate species richness","Eastern Spencer Gulf","Eastern Spencer Gulf","Temporal","gaussian","Gaussian (identity link)","nlminb_default",0,"relative convergence (4)","response ~ SamplingDate + (1 | Site)","SamplingDate","Sampling date fitted as a categorical fixed effect; no Date x Status interaction",27,3,4,2,1,27,0,TRUE,TRUE,TRUE,TRUE,132.98298342151998,-60.49149171075999,NA,NA,NA,NA
"M2 invertebrate species richness","Encounter Bay","South Coast","Period","gaussian","Gaussian (identity link)","nlminb_default",0,"relative convergence (4)","response ~ Period * status + (1 | Site) + (1 | SamplingDate)","Period * status","Full Period x Status interaction fitted",177,7,14,2,2,177,0,TRUE,TRUE,TRUE,TRUE,777.1068181382799,-381.55340906913995,NA,NA,NA,NA
"M2 invertebrate species richness","Encounter Bay","South Coast","Temporal","gaussian","Gaussian (identity link)","nlminb_default",0,"relative convergence (4)","response ~ SamplingDate + (1 | Site)","SamplingDate","Sampling date fitted as a categorical fixed effect; no Date x Status interaction",177,7,14,2,2,177,0,TRUE,TRUE,TRUE,TRUE,778.4813649360693,-373.24068246803466,NA,NA,NA,NA
"M2 invertebrate species richness","Metro","Adelaide Metro","Period","gaussian","Gaussian (identity link)","nlminb_default",0,"relative convergence (4)","response ~ Period + (1 | Site) + (1 | SamplingDate)","Period","Period-only fixed effect fitted because only one Status level was present",68,3,15,2,1,68,0,TRUE,TRUE,TRUE,TRUE,299.9194150866223,-144.95970754331114,NA,NA,NA,NA
"M2 invertebrate species richness","Metro","Adelaide Metro","Temporal","gaussian","Gaussian (identity link)","nlminb_default",0,"relative convergence (4)","response ~ SamplingDate + (1 | Site)","SamplingDate","Sampling date fitted as a categorical fixed effect; no Date x Status interaction",68,3,15,2,1,68,0,TRUE,TRUE,TRUE,TRUE,278.21741563505327,-122.10870781752664,NA,NA,NA,NA
"M2 invertebrate species richness","Rapid Head","Fleurieu","Period","gaussian","Gaussian (identity link)","nlminb_default",0,"relative convergence (4)","response ~ Period * status + (1 | Site) + (1 | SamplingDate)","Period * status","Full Period x Status interaction fitted",469,10,22,2,2,468,0.0021321961620469083,TRUE,TRUE,TRUE,TRUE,2015.5266005462927,-1000.7633002731463,NA,NA,NA,NA
"M2 invertebrate species richness","Rapid Head","Fleurieu","Temporal","gaussian","Gaussian (identity link)","nlminb_default",0,"relative convergence (4)","response ~ SamplingDate + (1 | Site)","SamplingDate","Sampling date fitted as a categorical fixed effect; no Date x Status interaction",469,10,22,2,2,468,0.0021321961620469083,TRUE,TRUE,TRUE,TRUE,2000.2193725816867,-976.1096862908433,NA,NA,NA,NA
"M2 invertebrate species richness","Southern Fleurieu","South Coast","Period","gaussian","Gaussian (identity link)","nlminb_default",0,"relative convergence (4)","response ~ Period + (1 | Site) + (1 | SamplingDate)","Period","Period-only fixed effect fitted because only one Status level was present",119,6,9,2,1,119,0,TRUE,TRUE,TRUE,TRUE,537.4856181580453,-263.74280907902266,NA,NA,NA,NA
"M2 invertebrate species richness","Southern Fleurieu","South Coast","Temporal","gaussian","Gaussian (identity link)","nlminb_default",0,"relative convergence (4)","response ~ SamplingDate + (1 | Site)","SamplingDate","Sampling date fitted as a categorical fixed effect; no Date x Status interaction",119,6,9,2,1,119,0,TRUE,TRUE,TRUE,TRUE,539.199117593912,-258.599558796956,NA,NA,NA,NA
"M2 invertebrate species richness","Southern Metro","Adelaide Metro","Period","gaussian","Gaussian (identity link)","nlminb_default",0,"relative convergence (4)","response ~ Period * status + (1 | Site) + (1 | SamplingDate)","Period * status","Full Period x Status interaction fitted",266,14,18,2,2,265,0.0037593984962406013,TRUE,TRUE,TRUE,TRUE,1157.6572794723281,-571.8286397361641,NA,NA,NA,NA
"M2 invertebrate species richness","Southern Metro","Adelaide Metro","Temporal","gaussian","Gaussian (identity link)","nlminb_default",0,"relative convergence (4)","response ~ SamplingDate + (1 | Site)","SamplingDate","Sampling date fitted as a categorical fixed effect; no Date x Status interaction",266,14,18,2,2,265,0.0037593984962406013,TRUE,TRUE,TRUE,TRUE,1127.0208023956743,-543.5104011978372,NA,NA,NA,NA
"M2 invertebrate species richness","Southern Yorke","Southern Yorke","Period","gaussian","Gaussian (identity link)","nlminb_default",0,"relative convergence (4)","response ~ Period + (1 | Site) + (1 | SamplingDate)","Period","Period-only fixed effect fitted because only one Status level was present",35,3,4,2,1,35,0,TRUE,TRUE,TRUE,TRUE,157.5469132148677,-73.77345660743384,NA,NA,NA,NA
"M2 invertebrate species richness","Southern Yorke","Southern Yorke","Temporal","gaussian","Gaussian (identity link)","nlminb_default",0,"relative convergence (4)","response ~ SamplingDate + (1 | Site)","SamplingDate","Sampling date fitted as a categorical fixed effect; no Date x Status interaction",35,3,4,2,1,35,0,TRUE,TRUE,TRUE,TRUE,150.47347935699318,-69.23673967849659,NA,NA,NA,NA
"M2 invertebrate species richness","Sponge Gardens","Kangaroo Island","Period","gaussian","Gaussian (identity link)","nlminb_default",0,"relative convergence (4)","response ~ Period * status + (1 | Site) + (1 | SamplingDate)","Period * status","Full Period x Status interaction fitted",148,5,10,2,2,148,0,TRUE,TRUE,TRUE,TRUE,633.7870838153233,-309.89354190766164,NA,NA,NA,NA
"M2 invertebrate species richness","Sponge Gardens","Kangaroo Island","Temporal","gaussian","Gaussian (identity link)","nlminb_default",0,"relative convergence (4)","response ~ SamplingDate + (1 | Site)","SamplingDate","Sampling date fitted as a categorical fixed effect; no Date x Status interaction",148,5,10,2,2,148,0,TRUE,TRUE,TRUE,TRUE,635.8198997752169,-305.90994988760843,NA,NA,NA,NA
"M2 invertebrate species richness","Upper GSV","Upper Gulf St Vincent","Period","gaussian","Gaussian (identity link)","nlminb_default",0,"relative convergence (4)","response ~ Period + (1 | Site) + (1 | SamplingDate)","Period","Period-only fixed effect fitted because only one Status level was present",92,5,9,2,1,89,0.03260869565217391,TRUE,TRUE,TRUE,TRUE,358.0669832525282,-174.0334916262641,NA,NA,NA,NA
"M2 invertebrate species richness","Upper GSV","Upper Gulf St Vincent","Temporal","gaussian","Gaussian (identity link)","nlminb_default",0,"relative convergence (4)","response ~ SamplingDate + (1 | Site)","SamplingDate","Sampling date fitted as a categorical fixed effect; no Date x Status interaction",92,5,9,2,1,89,0.03260869565217391,TRUE,TRUE,TRUE,TRUE,336.88057082938906,-157.44028541469453,NA,NA,NA,NA
"M2 invertebrate Echinodermata species richness","Carrickalinga","Fleurieu","Period","gaussian","Gaussian (identity link)","nlminb_default",0,"relative convergence (4)","response ~ Period * status + (1 | Site) + (1 | SamplingDate)","Period * status","Full Period x Status interaction fitted",442,14,19,2,2,412,0.06787330316742081,TRUE,TRUE,TRUE,TRUE,1321.0691765838794,-653.5345882919397,NA,NA,NA,NA
"M2 invertebrate Echinodermata species richness","Carrickalinga","Fleurieu","Temporal","gaussian","Gaussian (identity link)","nlminb_default",0,"relative convergence (4)","response ~ SamplingDate + (1 | Site)","SamplingDate","Sampling date fitted as a categorical fixed effect; no Date x Status interaction",442,14,19,2,2,412,0.06787330316742081,TRUE,TRUE,TRUE,TRUE,1317.3599104210505,-637.6799552105252,NA,NA,NA,NA
"M2 invertebrate Echinodermata species richness","Eastern Spencer Gulf","Eastern Spencer Gulf","Period","gaussian","Gaussian (identity link)","nlminb_default",0,"relative convergence (4)","response ~ Period + (1 | Site) + (1 | SamplingDate)","Period","Period-only fixed effect fitted because only one Status level was present",27,3,4,2,1,18,0.3333333333333333,TRUE,TRUE,TRUE,TRUE,114.85326656365301,-52.426633281826504,NA,NA,NA,NA
"M2 invertebrate Echinodermata species richness","Eastern Spencer Gulf","Eastern Spencer Gulf","Temporal","gaussian","Gaussian (identity link)","nlminb_default",0,"relative convergence (4)","response ~ SamplingDate + (1 | Site)","SamplingDate","Sampling date fitted as a categorical fixed effect; no Date x Status interaction",27,3,4,2,1,18,0.3333333333333333,TRUE,TRUE,TRUE,TRUE,105.18084149948196,-46.59042074974098,NA,NA,NA,NA
"M2 invertebrate Echinodermata species richness","Encounter Bay","South Coast","Period","gaussian","Gaussian (identity link)","nlminb_default",0,"relative convergence (4)","response ~ Period * status + (1 | Site) + (1 | SamplingDate)","Period * status","Full Period x Status interaction fitted",177,7,14,2,2,174,0.01694915254237288,TRUE,TRUE,TRUE,TRUE,613.4814555881015,-299.74072779405077,NA,NA,NA,NA
"M2 invertebrate Echinodermata species richness","Encounter Bay","South Coast","Temporal","gaussian","Gaussian (identity link)","nlminb_default",0,"relative convergence (4)","response ~ SamplingDate + (1 | Site)","SamplingDate","Sampling date fitted as a categorical fixed effect; no Date x Status interaction",177,7,14,2,2,174,0.01694915254237288,TRUE,TRUE,TRUE,TRUE,619.0918976910978,-293.5459488455489,NA,NA,NA,NA
"M2 invertebrate Echinodermata species richness","Metro","Adelaide Metro","Period","gaussian","Gaussian (identity link)","nlminb_default",0,"relative convergence (4)","response ~ Period + (1 | Site) + (1 | SamplingDate)","Period","Period-only fixed effect fitted because only one Status level was present",68,3,15,2,1,62,0.08823529411764706,TRUE,TRUE,TRUE,TRUE,239.6077699568082,-114.8038849784041,NA,NA,NA,NA
"M2 invertebrate Echinodermata species richness","Metro","Adelaide Metro","Temporal","gaussian","Gaussian (identity link)","nlminb_default",0,"relative convergence (4)","response ~ SamplingDate + (1 | Site)","SamplingDate","Sampling date fitted as a categorical fixed effect; no Date x Status interaction",68,3,15,2,1,62,0.08823529411764706,TRUE,TRUE,TRUE,TRUE,225.07430511092056,-95.53715255546028,NA,NA,NA,NA
"M2 invertebrate Echinodermata species richness","Rapid Head","Fleurieu","Period","gaussian","Gaussian (identity link)","nlminb_default",0,"relative convergence (4)","response ~ Period * status + (1 | Site) + (1 | SamplingDate)","Period * status","Full Period x Status interaction fitted",469,10,22,2,2,460,0.019189765458422176,TRUE,TRUE,TRUE,TRUE,1549.8388743340836,-767.9194371670418,NA,NA,NA,NA
"M2 invertebrate Echinodermata species richness","Rapid Head","Fleurieu","Temporal","gaussian","Gaussian (identity link)","nlminb_default",0,"relative convergence (4)","response ~ SamplingDate + (1 | Site)","SamplingDate","Sampling date fitted as a categorical fixed effect; no Date x Status interaction",469,10,22,2,2,460,0.019189765458422176,TRUE,TRUE,TRUE,TRUE,1536.7408463395898,-744.3704231697949,NA,NA,NA,NA
"M2 invertebrate Echinodermata species richness","Southern Fleurieu","South Coast","Period","gaussian","Gaussian (identity link)","nlminb_default",0,"relative convergence (4)","response ~ Period + (1 | Site) + (1 | SamplingDate)","Period","Period-only fixed effect fitted because only one Status level was present",119,6,9,2,1,109,0.08403361344537816,TRUE,TRUE,TRUE,TRUE,442.8364294534612,-216.4182147267306,NA,NA,NA,NA
"M2 invertebrate Echinodermata species richness","Southern Fleurieu","South Coast","Temporal","gaussian","Gaussian (identity link)","nlminb_default",0,"relative convergence (4)","response ~ SamplingDate + (1 | Site)","SamplingDate","Sampling date fitted as a categorical fixed effect; no Date x Status interaction",119,6,9,2,1,109,0.08403361344537816,TRUE,TRUE,TRUE,TRUE,443.20592183705253,-210.60296091852626,NA,NA,NA,NA
"M2 invertebrate Echinodermata species richness","Southern Metro","Adelaide Metro","Period","gaussian","Gaussian (identity link)","nlminb_default",0,"relative convergence (4)","response ~ Period * status + (1 | Site) + (1 | SamplingDate)","Period * status","Full Period x Status interaction fitted",266,14,18,2,2,241,0.09398496240601503,TRUE,TRUE,TRUE,TRUE,902.2484185461707,-444.12420927308534,NA,NA,NA,NA
"M2 invertebrate Echinodermata species richness","Southern Metro","Adelaide Metro","Temporal","gaussian","Gaussian (identity link)","nlminb_default",0,"relative convergence (4)","response ~ SamplingDate + (1 | Site)","SamplingDate","Sampling date fitted as a categorical fixed effect; no Date x Status interaction",266,14,18,2,2,241,0.09398496240601503,TRUE,TRUE,TRUE,TRUE,874.4073310152487,-417.20366550762435,NA,NA,NA,NA
"M2 invertebrate Echinodermata species richness","Southern Yorke","Southern Yorke","Period","gaussian","Gaussian (identity link)","nlminb_default",0,"relative convergence (4)","response ~ Period + (1 | Site) + (1 | SamplingDate)","Period","Period-only fixed effect fitted because only one Status level was present",35,3,4,2,1,35,0,TRUE,TRUE,TRUE,TRUE,130.1540036915185,-60.077001845759256,NA,NA,NA,NA
"M2 invertebrate Echinodermata species richness","Southern Yorke","Southern Yorke","Temporal","gaussian","Gaussian (identity link)","nlminb_default",0,"relative convergence (4)","response ~ SamplingDate + (1 | Site)","SamplingDate","Sampling date fitted as a categorical fixed effect; no Date x Status interaction",35,3,4,2,1,35,0,TRUE,TRUE,TRUE,TRUE,123.88743974432325,-55.94371987216162,NA,NA,NA,NA
"M2 invertebrate Echinodermata species richness","Sponge Gardens","Kangaroo Island","Period","gaussian","Gaussian (identity link)","nlminb_default",0,"relative convergence (4)","response ~ Period * status + (1 | Site) + (1 | SamplingDate)","Period * status","Full Period x Status interaction fitted",148,5,10,2,2,141,0.0472972972972973,TRUE,TRUE,TRUE,TRUE,481.6521324578967,-233.82606622894835,NA,NA,NA,NA
"M2 invertebrate Echinodermata species richness","Sponge Gardens","Kangaroo Island","Temporal","gaussian","Gaussian (identity link)","nlminb_default",0,"relative convergence (4)","response ~ SamplingDate + (1 | Site)","SamplingDate","Sampling date fitted as a categorical fixed effect; no Date x Status interaction",148,5,10,2,2,141,0.0472972972972973,TRUE,TRUE,TRUE,TRUE,485.2909394812028,-230.6454697406014,NA,NA,NA,NA
"M2 invertebrate Echinodermata species richness","Upper GSV","Upper Gulf St Vincent","Period","gaussian","Gaussian (identity link)","nlminb_default",0,"relative convergence (4)","response ~ Period + (1 | Site) + (1 | SamplingDate)","Period","Period-only fixed effect fitted because only one Status level was present",92,5,9,2,1,73,0.20652173913043478,TRUE,TRUE,TRUE,TRUE,201.16382862406505,-95.58191431203252,NA,NA,NA,NA
"M2 invertebrate Echinodermata species richness","Upper GSV","Upper Gulf St Vincent","Temporal","gaussian","Gaussian (identity link)","nlminb_default",0,"relative convergence (4)","response ~ SamplingDate + (1 | Site)","SamplingDate","Sampling date fitted as a categorical fixed effect; no Date x Status interaction",92,5,9,2,1,73,0.20652173913043478,TRUE,TRUE,TRUE,TRUE,190.04676317288624,-84.02338158644312,NA,NA,NA,NA
"M2 invertebrate Arthropoda species richness","Carrickalinga","Fleurieu","Period","gaussian","Gaussian (identity link)","nlminb_default",0,"relative convergence (4)","response ~ Period * status + (1 | Site) + (1 | SamplingDate)","Period * status","Full Period x Status interaction fitted",442,14,19,2,2,331,0.251131221719457,TRUE,TRUE,TRUE,TRUE,798.335742069365,-392.1678710346825,NA,NA,NA,NA
"M2 invertebrate Arthropoda species richness","Carrickalinga","Fleurieu","Temporal","gaussian","Gaussian (identity link)","nlminb_default",0,"relative convergence (4)","response ~ SamplingDate + (1 | Site)","SamplingDate","Sampling date fitted as a categorical fixed effect; no Date x Status interaction",442,14,19,2,2,331,0.251131221719457,TRUE,TRUE,TRUE,TRUE,804.1078483768732,-381.0539241884366,NA,NA,NA,NA
"M2 invertebrate Arthropoda species richness","Eastern Spencer Gulf","Eastern Spencer Gulf","Period","gaussian","Gaussian (identity link)","nlminb_default",0,"relative convergence (4)","response ~ Period + (1 | Site) + (1 | SamplingDate)","Period","Period-only fixed effect fitted because only one Status level was present",27,3,4,2,1,20,0.25925925925925924,TRUE,TRUE,TRUE,TRUE,70.17633813611315,-30.088169068056573,NA,NA,NA,NA
"M2 invertebrate Arthropoda species richness","Eastern Spencer Gulf","Eastern Spencer Gulf","Temporal","gaussian","Gaussian (identity link)","nlminb_default",0,"relative convergence (4)","response ~ SamplingDate + (1 | Site)","SamplingDate","Sampling date fitted as a categorical fixed effect; no Date x Status interaction",27,3,4,2,1,20,0.25925925925925924,TRUE,TRUE,TRUE,TRUE,71.44635407198336,-29.72317703599168,NA,NA,NA,NA
"M2 invertebrate Arthropoda species richness","Encounter Bay","South Coast","Period","gaussian","Gaussian (identity link)","nlminb_default",0,"relative convergence (4)","response ~ Period * status + (1 | Site) + (1 | SamplingDate)","Period * status","Full Period x Status interaction fitted",177,7,14,2,2,159,0.1016949152542373,TRUE,TRUE,TRUE,TRUE,397.03045137916575,-191.51522568958288,NA,NA,NA,NA
"M2 invertebrate Arthropoda species richness","Encounter Bay","South Coast","Temporal","gaussian","Gaussian (identity link)","nlminb_default",0,"relative convergence (4)","response ~ SamplingDate + (1 | Site)","SamplingDate","Sampling date fitted as a categorical fixed effect; no Date x Status interaction",177,7,14,2,2,159,0.1016949152542373,TRUE,TRUE,TRUE,TRUE,385.1012937895672,-176.5506468947836,NA,NA,NA,NA
"M2 invertebrate Arthropoda species richness","Metro","Adelaide Metro","Period","gaussian","Gaussian (identity link)","nlminb_default",0,"relative convergence (4)","response ~ Period + (1 | Site) + (1 | SamplingDate)","Period","Period-only fixed effect fitted because only one Status level was present",68,3,15,2,1,67,0.014705882352941176,TRUE,TRUE,TRUE,TRUE,185.45762184608023,-87.72881092304011,NA,NA,NA,NA
"M2 invertebrate Arthropoda species richness","Metro","Adelaide Metro","Temporal","gaussian","Gaussian (identity link)","nlminb_default",0,"relative convergence (4)","response ~ SamplingDate + (1 | Site)","SamplingDate","Sampling date fitted as a categorical fixed effect; no Date x Status interaction",68,3,15,2,1,67,0.014705882352941176,TRUE,TRUE,TRUE,TRUE,174.71569657228724,-70.35784828614362,NA,NA,NA,NA
"M2 invertebrate Arthropoda species richness","Rapid Head","Fleurieu","Period","gaussian","Gaussian (identity link)","nlminb_default",0,"relative convergence (4)","response ~ Period * status + (1 | Site) + (1 | SamplingDate)","Period * status","Full Period x Status interaction fitted",469,10,22,2,2,313,0.3326226012793177,TRUE,TRUE,TRUE,TRUE,891.9790315760908,-438.9895157880454,NA,NA,NA,NA
"M2 invertebrate Arthropoda species richness","Rapid Head","Fleurieu","Temporal","gaussian","Gaussian (identity link)","nlminb_default",0,"relative convergence (4)","response ~ SamplingDate + (1 | Site)","SamplingDate","Sampling date fitted as a categorical fixed effect; no Date x Status interaction",469,10,22,2,2,313,0.3326226012793177,TRUE,TRUE,TRUE,TRUE,894.9846777156367,-423.49233885781837,NA,NA,NA,NA
"M2 invertebrate Arthropoda species richness","Southern Fleurieu","South Coast","Period","gaussian","Gaussian (identity link)","nlminb_default",0,"relative convergence (4)","response ~ Period + (1 | Site) + (1 | SamplingDate)","Period","Period-only fixed effect fitted because only one Status level was present",119,6,9,2,1,100,0.15966386554621848,TRUE,TRUE,TRUE,TRUE,263.1600882375575,-126.58004411877873,NA,NA,NA,NA
"M2 invertebrate Arthropoda species richness","Southern Fleurieu","South Coast","Temporal","gaussian","Gaussian (identity link)","nlminb_default",0,"relative convergence (4)","response ~ SamplingDate + (1 | Site)","SamplingDate","Sampling date fitted as a categorical fixed effect; no Date x Status interaction",119,6,9,2,1,100,0.15966386554621848,TRUE,TRUE,TRUE,TRUE,254.8955289888358,-116.4477644944179,NA,NA,NA,NA
"M2 invertebrate Arthropoda species richness","Southern Metro","Adelaide Metro","Period","gaussian","Gaussian (identity link)","nlminb_default",0,"relative convergence (4)","response ~ Period * status + (1 | Site) + (1 | SamplingDate)","Period * status","Full Period x Status interaction fitted",266,14,18,2,2,229,0.13909774436090225,TRUE,TRUE,TRUE,TRUE,512.6774455219913,-249.33872276099567,NA,NA,NA,NA
"M2 invertebrate Arthropoda species richness","Southern Metro","Adelaide Metro","Temporal","gaussian","Gaussian (identity link)","nlminb_default",0,"relative convergence (4)","response ~ SamplingDate + (1 | Site)","SamplingDate","Sampling date fitted as a categorical fixed effect; no Date x Status interaction",266,14,18,2,2,229,0.13909774436090225,TRUE,TRUE,TRUE,TRUE,501.1321005259847,-230.56605026299235,NA,NA,NA,NA
"M2 invertebrate Arthropoda species richness","Southern Yorke","Southern Yorke","Period","gaussian","Gaussian (identity link)","nlminb_default",0,"relative convergence (4)","response ~ Period + (1 | Site) + (1 | SamplingDate)","Period","Period-only fixed effect fitted because only one Status level was present",35,3,4,2,1,30,0.14285714285714285,TRUE,TRUE,TRUE,TRUE,84.18066269231196,-37.09033134615598,NA,NA,NA,NA
"M2 invertebrate Arthropoda species richness","Southern Yorke","Southern Yorke","Temporal","gaussian","Gaussian (identity link)","nlminb_default",0,"relative convergence (4)","response ~ SamplingDate + (1 | Site)","SamplingDate","Sampling date fitted as a categorical fixed effect; no Date x Status interaction",35,3,4,2,1,30,0.14285714285714285,TRUE,TRUE,TRUE,TRUE,77.98265417060895,-32.991327085304476,NA,NA,NA,NA
"M2 invertebrate Arthropoda species richness","Sponge Gardens","Kangaroo Island","Period","gaussian","Gaussian (identity link)","nlminb_default",0,"relative convergence (4)","response ~ Period * status + (1 | Site) + (1 | SamplingDate)","Period * status","Full Period x Status interaction fitted",148,5,10,2,2,114,0.22972972972972974,TRUE,TRUE,TRUE,TRUE,312.5048603578508,-149.2524301789254,NA,NA,NA,NA
"M2 invertebrate Arthropoda species richness","Sponge Gardens","Kangaroo Island","Temporal","gaussian","Gaussian (identity link)","nlminb_default",0,"relative convergence (4)","response ~ SamplingDate + (1 | Site)","SamplingDate","Sampling date fitted as a categorical fixed effect; no Date x Status interaction",148,5,10,2,2,114,0.22972972972972974,TRUE,TRUE,TRUE,TRUE,310.82106531168176,-143.41053265584088,NA,NA,NA,NA
"M2 invertebrate Arthropoda species richness","Upper GSV","Upper Gulf St Vincent","Period","gaussian","Gaussian (identity link)","nlminb_default",0,"relative convergence (4)","response ~ Period + (1 | Site) + (1 | SamplingDate)","Period","Period-only fixed effect fitted because only one Status level was present",92,5,9,2,1,87,0.05434782608695652,TRUE,TRUE,TRUE,TRUE,197.85185393836755,-93.92592696918378,NA,NA,NA,NA
"M2 invertebrate Arthropoda species richness","Upper GSV","Upper Gulf St Vincent","Temporal","gaussian","Gaussian (identity link)","nlminb_default",0,"relative convergence (4)","response ~ SamplingDate + (1 | Site)","SamplingDate","Sampling date fitted as a categorical fixed effect; no Date x Status interaction",92,5,9,2,1,87,0.05434782608695652,TRUE,TRUE,TRUE,TRUE,190.60685148432913,-84.30342574216456,NA,NA,NA,NA
"M2 invertebrate Mollusca species richness","Carrickalinga","Fleurieu","Period","gaussian","Gaussian (identity link)","nlminb_default",0,"relative convergence (4)","response ~ Period * status + (1 | Site) + (1 | SamplingDate)","Period * status","Full Period x Status interaction fitted",442,14,19,2,2,422,0.04524886877828054,TRUE,TRUE,TRUE,TRUE,1317.4341970718947,-651.7170985359473,NA,NA,NA,NA
"M2 invertebrate Mollusca species richness","Carrickalinga","Fleurieu","Temporal","gaussian","Gaussian (identity link)","nlminb_default",0,"relative convergence (4)","response ~ SamplingDate + (1 | Site)","SamplingDate","Sampling date fitted as a categorical fixed effect; no Date x Status interaction",442,14,19,2,2,422,0.04524886877828054,TRUE,TRUE,TRUE,TRUE,1300.1318613377816,-629.0659306688908,NA,NA,NA,NA
"M2 invertebrate Mollusca species richness","Eastern Spencer Gulf","Eastern Spencer Gulf","Period","gaussian","Gaussian (identity link)","nlminb_default",0,"relative convergence (4)","response ~ Period + (1 | Site) + (1 | SamplingDate)","Period","Period-only fixed effect fitted because only one Status level was present",27,3,4,2,1,22,0.18518518518518517,TRUE,TRUE,TRUE,TRUE,103.83028293467993,-46.915141467339964,NA,NA,NA,NA
"M2 invertebrate Mollusca species richness","Eastern Spencer Gulf","Eastern Spencer Gulf","Temporal","gaussian","Gaussian (identity link)","nlminb_default",0,"relative convergence (4)","response ~ SamplingDate + (1 | Site)","SamplingDate","Sampling date fitted as a categorical fixed effect; no Date x Status interaction",27,3,4,2,1,22,0.18518518518518517,TRUE,TRUE,TRUE,TRUE,104.67515056927127,-46.33757528463563,NA,NA,NA,NA
"M2 invertebrate Mollusca species richness","Encounter Bay","South Coast","Period","gaussian","Gaussian (identity link)","nlminb_default",0,"relative convergence (4)","response ~ Period * status + (1 | Site) + (1 | SamplingDate)","Period * status","Full Period x Status interaction fitted",177,7,14,2,2,176,0.005649717514124294,TRUE,TRUE,TRUE,TRUE,465.30743171807546,-225.65371585903773,NA,NA,NA,NA
"M2 invertebrate Mollusca species richness","Encounter Bay","South Coast","Temporal","gaussian","Gaussian (identity link)","nlminb_default",0,"relative convergence (4)","response ~ SamplingDate + (1 | Site)","SamplingDate","Sampling date fitted as a categorical fixed effect; no Date x Status interaction",177,7,14,2,2,176,0.005649717514124294,TRUE,TRUE,TRUE,TRUE,477.27566397641505,-222.63783198820752,NA,NA,NA,NA
"M2 invertebrate Mollusca species richness","Metro","Adelaide Metro","Period","gaussian","Gaussian (identity link)","nlminb_default",0,"relative convergence (4)","response ~ Period + (1 | Site) + (1 | SamplingDate)","Period","Period-only fixed effect fitted because only one Status level was present",68,3,15,2,1,67,0.014705882352941176,TRUE,TRUE,TRUE,TRUE,209.34432358444494,-99.67216179222247,NA,NA,NA,NA
"M2 invertebrate Mollusca species richness","Metro","Adelaide Metro","Temporal","gaussian","Gaussian (identity link)","nlminb_default",0,"relative convergence (4)","response ~ SamplingDate + (1 | Site)","SamplingDate","Sampling date fitted as a categorical fixed effect; no Date x Status interaction",68,3,15,2,1,67,0.014705882352941176,TRUE,TRUE,TRUE,TRUE,184.08165194266812,-75.04082597133406,NA,NA,NA,NA
"M2 invertebrate Mollusca species richness","Rapid Head","Fleurieu","Period","gaussian","Gaussian (identity link)","nlminb_default",0,"relative convergence (4)","response ~ Period * status + (1 | Site) + (1 | SamplingDate)","Period * status","Full Period x Status interaction fitted",469,10,22,2,2,431,0.08102345415778252,TRUE,TRUE,TRUE,TRUE,1413.3894124200917,-699.6947062100459,NA,NA,NA,NA
"M2 invertebrate Mollusca species richness","Rapid Head","Fleurieu","Temporal","gaussian","Gaussian (identity link)","nlminb_default",0,"relative convergence (4)","response ~ SamplingDate + (1 | Site)","SamplingDate","Sampling date fitted as a categorical fixed effect; no Date x Status interaction",469,10,22,2,2,431,0.08102345415778252,TRUE,TRUE,TRUE,TRUE,1400.6323072839798,-676.3161536419899,NA,NA,NA,NA
"M2 invertebrate Mollusca species richness","Southern Fleurieu","South Coast","Period","gaussian","Gaussian (identity link)","nlminb_default",0,"relative convergence (4)","response ~ Period + (1 | Site) + (1 | SamplingDate)","Period","Period-only fixed effect fitted because only one Status level was present",119,6,9,2,1,119,0,TRUE,TRUE,TRUE,TRUE,355.6217802470887,-172.81089012354434,NA,NA,NA,NA
"M2 invertebrate Mollusca species richness","Southern Fleurieu","South Coast","Temporal","gaussian","Gaussian (identity link)","nlminb_default",0,"relative convergence (4)","response ~ SamplingDate + (1 | Site)","SamplingDate","Sampling date fitted as a categorical fixed effect; no Date x Status interaction",119,6,9,2,1,119,0,TRUE,TRUE,TRUE,TRUE,355.44825560258937,-166.72412780129469,NA,NA,NA,NA
"M2 invertebrate Mollusca species richness","Southern Metro","Adelaide Metro","Period","gaussian","Gaussian (identity link)","nlminb_default",0,"relative convergence (4)","response ~ Period * status + (1 | Site) + (1 | SamplingDate)","Period * status","Full Period x Status interaction fitted",266,14,18,2,2,256,0.03759398496240601,TRUE,TRUE,TRUE,TRUE,892.0031554162086,-439.0015777081043,NA,NA,NA,NA
"M2 invertebrate Mollusca species richness","Southern Metro","Adelaide Metro","Temporal","gaussian","Gaussian (identity link)","nlminb_default",0,"relative convergence (4)","response ~ SamplingDate + (1 | Site)","SamplingDate","Sampling date fitted as a categorical fixed effect; no Date x Status interaction",266,14,18,2,2,256,0.03759398496240601,TRUE,TRUE,TRUE,TRUE,875.564408757996,-417.782204378998,NA,NA,NA,NA
"M2 invertebrate Mollusca species richness","Southern Yorke","Southern Yorke","Period","gaussian","Gaussian (identity link)","nlminb_default",0,"relative convergence (4)","response ~ Period + (1 | Site) + (1 | SamplingDate)","Period","Period-only fixed effect fitted because only one Status level was present",35,3,4,2,1,35,0,TRUE,TRUE,TRUE,TRUE,114.44815489183658,-52.22407744591829,NA,NA,NA,NA
"M2 invertebrate Mollusca species richness","Southern Yorke","Southern Yorke","Temporal","gaussian","Gaussian (identity link)","nlminb_default",0,"relative convergence (4)","response ~ SamplingDate + (1 | Site)","SamplingDate","Sampling date fitted as a categorical fixed effect; no Date x Status interaction",35,3,4,2,1,35,0,TRUE,TRUE,TRUE,TRUE,109.32163374996487,-48.66081687498244,NA,NA,NA,NA
"M2 invertebrate Mollusca species richness","Sponge Gardens","Kangaroo Island","Period","gaussian","Gaussian (identity link)","nlminb_default",0,"relative convergence (4)","response ~ Period * status + (1 | Site) + (1 | SamplingDate)","Period * status","Full Period x Status interaction fitted",148,5,10,2,2,131,0.11486486486486487,TRUE,TRUE,TRUE,TRUE,408.4877297215599,-197.24386486077995,NA,NA,NA,NA
"M2 invertebrate Mollusca species richness","Sponge Gardens","Kangaroo Island","Temporal","gaussian","Gaussian (identity link)","nlminb_default",0,"relative convergence (4)","response ~ SamplingDate + (1 | Site)","SamplingDate","Sampling date fitted as a categorical fixed effect; no Date x Status interaction",148,5,10,2,2,131,0.11486486486486487,TRUE,TRUE,TRUE,TRUE,408.96320923337953,-192.48160461668976,NA,NA,NA,NA
"M2 invertebrate Mollusca species richness","Upper GSV","Upper Gulf St Vincent","Period","gaussian","Gaussian (identity link)","nlminb_default",0,"relative convergence (4)","response ~ Period + (1 | Site) + (1 | SamplingDate)","Period","Period-only fixed effect fitted because only one Status level was present",92,5,9,2,1,78,0.15217391304347827,TRUE,TRUE,TRUE,TRUE,280.47876445363,-135.239382226815,NA,NA,NA,NA
"M2 invertebrate Mollusca species richness","Upper GSV","Upper Gulf St Vincent","Temporal","gaussian","Gaussian (identity link)","nlminb_default",0,"relative convergence (4)","response ~ SamplingDate + (1 | Site)","SamplingDate","Sampling date fitted as a categorical fixed effect; no Date x Status interaction",92,5,9,2,1,78,0.15217391304347827,TRUE,TRUE,TRUE,TRUE,263.2576342666698,-120.62881713333492,NA,NA,NA,NA
"M1 fish Shannon diversity","Carrickalinga","Fleurieu","Period","gaussian","Gaussian (identity link)","nlminb_default",0,"relative convergence (4)","response ~ Period * status + (1 | Site) + (1 | SamplingDate)","Period * status","Full Period x Status interaction fitted",442,14,19,2,2,429,0.029411764705882353,TRUE,TRUE,TRUE,TRUE,497.44323777665403,-241.72161888832701,NA,NA,NA,NA
"M1 fish Shannon diversity","Carrickalinga","Fleurieu","Temporal","gaussian","Gaussian (identity link)","nlminb_default",0,"relative convergence (4)","response ~ SamplingDate + (1 | Site)","SamplingDate","Sampling date fitted as a categorical fixed effect; no Date x Status interaction",442,14,19,2,2,429,0.029411764705882353,TRUE,TRUE,TRUE,TRUE,498.57196868550767,-228.28598434275384,NA,NA,NA,NA
"M1 fish Shannon diversity","Eastern Spencer Gulf","Eastern Spencer Gulf","Period","gaussian","Gaussian (identity link)","nlminb_default",0,"relative convergence (4)","response ~ Period + (1 | Site) + (1 | SamplingDate)","Period","Period-only fixed effect fitted because only one Status level was present",23,3,3,2,1,21,0.08695652173913043,TRUE,TRUE,TRUE,TRUE,42.15512498606021,-16.077562493030104,NA,NA,NA,NA
"M1 fish Shannon diversity","Eastern Spencer Gulf","Eastern Spencer Gulf","Temporal","gaussian","Gaussian (identity link)","nlminb_default",0,"relative convergence (4)","response ~ SamplingDate + (1 | Site)","SamplingDate","Sampling date fitted as a categorical fixed effect; no Date x Status interaction",23,3,3,2,1,21,0.08695652173913043,TRUE,TRUE,TRUE,TRUE,34.31277324392833,-12.156386621964167,NA,NA,NA,NA
"M1 fish Shannon diversity","Encounter Bay","South Coast","Period","gaussian","Gaussian (identity link)","nlminb_default",0,"relative convergence (4)","response ~ Period * status + (1 | Site) + (1 | SamplingDate)","Period * status","Full Period x Status interaction fitted",165,7,13,2,2,150,0.09090909090909091,TRUE,TRUE,TRUE,TRUE,232.23352407322264,-109.11676203661132,NA,NA,NA,NA
"M1 fish Shannon diversity","Encounter Bay","South Coast","Temporal","gaussian","Gaussian (identity link)","nlminb_default",0,"relative convergence (4)","response ~ SamplingDate + (1 | Site)","SamplingDate","Sampling date fitted as a categorical fixed effect; no Date x Status interaction",165,7,13,2,2,150,0.09090909090909091,TRUE,TRUE,TRUE,TRUE,236.2716532291018,-103.1358266145509,NA,NA,NA,NA
"M1 fish Shannon diversity","Metro","Adelaide Metro","Period","gaussian","Gaussian (identity link)","nlminb_default",0,"relative convergence (4)","response ~ Period + (1 | Site) + (1 | SamplingDate)","Period","Period-only fixed effect fitted because only one Status level was present",68,3,15,2,1,55,0.19117647058823528,TRUE,TRUE,TRUE,TRUE,72.55080716666069,-31.27540358333034,NA,NA,NA,NA
"M1 fish Shannon diversity","Metro","Adelaide Metro","Temporal","gaussian","Gaussian (identity link)","nlminb_default",0,"relative convergence (4)","response ~ SamplingDate + (1 | Site)","SamplingDate","Sampling date fitted as a categorical fixed effect; no Date x Status interaction",68,3,15,2,1,55,0.19117647058823528,TRUE,TRUE,TRUE,TRUE,60.902155907654326,-13.451077953827163,NA,NA,NA,NA
"M1 fish Shannon diversity","Rapid Head","Fleurieu","Period","gaussian","Gaussian (identity link)","nlminb_default",0,"relative convergence (4)","response ~ Period * status + (1 | Site) + (1 | SamplingDate)","Period * status","Full Period x Status interaction fitted",474,10,22,2,2,474,0,TRUE,TRUE,TRUE,TRUE,550.4844633209701,-268.24223166048506,NA,NA,NA,NA
"M1 fish Shannon diversity","Rapid Head","Fleurieu","Temporal","gaussian","Gaussian (identity link)","nlminb_default",0,"relative convergence (4)","response ~ SamplingDate + (1 | Site)","SamplingDate","Sampling date fitted as a categorical fixed effect; no Date x Status interaction",474,10,22,2,2,474,0,TRUE,TRUE,TRUE,TRUE,535.0693061760526,-243.53465308802632,NA,NA,NA,NA
"M1 fish Shannon diversity","Southern Fleurieu","South Coast","Period","gaussian","Gaussian (identity link)","nlminb_default",0,"relative convergence (4)","response ~ Period + (1 | Site) + (1 | SamplingDate)","Period","Period-only fixed effect fitted because only one Status level was present",117,6,9,2,1,117,0,TRUE,TRUE,TRUE,TRUE,53.59383262225404,-21.79691631112702,NA,NA,NA,NA
"M1 fish Shannon diversity","Southern Fleurieu","South Coast","Temporal","gaussian","Gaussian (identity link)","nlminb_default",0,"relative convergence (4)","response ~ SamplingDate + (1 | Site)","SamplingDate","Sampling date fitted as a categorical fixed effect; no Date x Status interaction",117,6,9,2,1,117,0,TRUE,TRUE,TRUE,TRUE,51.19904146392385,-14.599520731961924,NA,NA,NA,NA
"M1 fish Shannon diversity","Southern Metro","Adelaide Metro","Period","gaussian","Gaussian (identity link)","nlminb_default",0,"relative convergence (4)","response ~ Period * status + (1 | Site) + (1 | SamplingDate)","Period * status","Full Period x Status interaction fitted",266,14,18,2,2,254,0.045112781954887216,TRUE,TRUE,TRUE,TRUE,345.4751149312052,-165.7375574656026,NA,NA,NA,NA
"M1 fish Shannon diversity","Southern Metro","Adelaide Metro","Temporal","gaussian","Gaussian (identity link)","nlminb_default",0,"relative convergence (4)","response ~ SamplingDate + (1 | Site)","SamplingDate","Sampling date fitted as a categorical fixed effect; no Date x Status interaction",266,14,18,2,2,254,0.045112781954887216,TRUE,TRUE,TRUE,TRUE,337.9098844454255,-148.95494222271276,NA,NA,NA,NA
"M1 fish Shannon diversity","Southern Yorke","Southern Yorke","Period","gaussian","Gaussian (identity link)","nlminb_default",0,"relative convergence (4)","response ~ Period + (1 | Site) + (1 | SamplingDate)","Period","Period-only fixed effect fitted because only one Status level was present",26,3,3,2,1,26,0,TRUE,TRUE,TRUE,TRUE,44.66210531828958,-17.33105265914479,NA,NA,NA,NA
"M1 fish Shannon diversity","Southern Yorke","Southern Yorke","Temporal","gaussian","Gaussian (identity link)","nlminb_default",0,"relative convergence (4)","response ~ SamplingDate + (1 | Site)","SamplingDate","Sampling date fitted as a categorical fixed effect; no Date x Status interaction",26,3,3,2,1,26,0,TRUE,TRUE,TRUE,TRUE,38.002062638089726,-14.001031319044863,NA,NA,NA,NA
"M1 fish Shannon diversity","Sponge Gardens","Kangaroo Island","Period","gaussian","Gaussian (identity link)","nlminb_default",0,"relative convergence (4)","response ~ Period * status + (1 | Site) + (1 | SamplingDate)","Period * status","Full Period x Status interaction fitted",148,5,10,2,2,148,0,TRUE,TRUE,TRUE,TRUE,71.10965285469486,-28.55482642734743,NA,NA,NA,NA
"M1 fish Shannon diversity","Sponge Gardens","Kangaroo Island","Temporal","gaussian","Gaussian (identity link)","nlminb_default",0,"relative convergence (4)","response ~ SamplingDate + (1 | Site)","SamplingDate","Sampling date fitted as a categorical fixed effect; no Date x Status interaction",148,5,10,2,2,148,0,TRUE,TRUE,TRUE,TRUE,63.113147678493306,-19.556573839246653,NA,NA,NA,NA
"M1 fish Shannon diversity","Upper GSV","Upper Gulf St Vincent","Period","gaussian","Gaussian (identity link)","nlminb_default",0,"relative convergence (4)","response ~ Period + (1 | Site) + (1 | SamplingDate)","Period","Period-only fixed effect fitted because only one Status level was present",92,5,9,2,1,72,0.21739130434782608,TRUE,TRUE,TRUE,TRUE,88.89033070068243,-39.44516535034121,NA,NA,NA,NA
"M1 fish Shannon diversity","Upper GSV","Upper Gulf St Vincent","Temporal","gaussian","Gaussian (identity link)","nlminb_default",0,"relative convergence (4)","response ~ SamplingDate + (1 | Site)","SamplingDate","Sampling date fitted as a categorical fixed effect; no Date x Status interaction",92,5,9,2,1,72,0.21739130434782608,TRUE,TRUE,TRUE,TRUE,87.76433991654179,-32.88216995827089,NA,NA,NA,NA
"M2 fish Shannon diversity","Carrickalinga","Fleurieu","Period","gaussian","Gaussian (identity link)","nlminb_default",0,"relative convergence (4)","response ~ Period * status + (1 | Site) + (1 | SamplingDate)","Period * status","Full Period x Status interaction fitted",439,14,19,2,2,234,0.46697038724373574,TRUE,TRUE,TRUE,TRUE,172.5626179098556,-79.2813089549278,NA,NA,NA,NA
"M2 fish Shannon diversity","Carrickalinga","Fleurieu","Temporal","gaussian","Gaussian (identity link)","nlminb_default",0,"relative convergence (4)","response ~ SamplingDate + (1 | Site)","SamplingDate","Sampling date fitted as a categorical fixed effect; no Date x Status interaction",439,14,19,2,2,234,0.46697038724373574,TRUE,TRUE,TRUE,TRUE,150.91960036583842,-54.45980018291921,NA,NA,NA,NA
"M2 fish Shannon diversity","Eastern Spencer Gulf","Eastern Spencer Gulf","Period","gaussian","Gaussian (identity link)","nlminb_default",0,"relative convergence (4)","response ~ Period + (1 | Site) + (1 | SamplingDate)","Period","Period-only fixed effect fitted because only one Status level was present",27,3,4,2,1,10,0.6296296296296297,TRUE,TRUE,TRUE,TRUE,13.910154242434519,-1.9550771212172595,NA,NA,NA,NA
"M2 fish Shannon diversity","Eastern Spencer Gulf","Eastern Spencer Gulf","Temporal","gaussian","Gaussian (identity link)","nlminb_default",0,"relative convergence (4)","response ~ SamplingDate + (1 | Site)","SamplingDate","Sampling date fitted as a categorical fixed effect; no Date x Status interaction",27,3,4,2,1,10,0.6296296296296297,TRUE,TRUE,TRUE,TRUE,15.129025132178747,-1.5645125660893737,NA,NA,NA,NA
"M2 fish Shannon diversity","Encounter Bay","South Coast","Period","gaussian","Gaussian (identity link)","nlminb_default",0,"relative convergence (4)","response ~ Period * status + (1 | Site) + (1 | SamplingDate)","Period * status","Full Period x Status interaction fitted",177,7,14,2,2,28,0.8418079096045198,TRUE,TRUE,TRUE,TRUE,-122.30742638618449,68.15371319309224,NA,NA,NA,NA
"M2 fish Shannon diversity","Encounter Bay","South Coast","Temporal","gaussian","Gaussian (identity link)","nlminb_default",0,"relative convergence (4)","response ~ SamplingDate + (1 | Site)","SamplingDate","Sampling date fitted as a categorical fixed effect; no Date x Status interaction",177,7,14,2,2,28,0.8418079096045198,TRUE,TRUE,TRUE,TRUE,-131.39402711541817,81.69701355770908,NA,NA,NA,NA
"M2 fish Shannon diversity","Metro","Adelaide Metro","Period","gaussian","Gaussian (identity link)","nlminb_default",0,"relative convergence (4)","response ~ Period + (1 | Site) + (1 | SamplingDate)","Period","Period-only fixed effect fitted because only one Status level was present",68,3,15,2,1,51,0.25,TRUE,TRUE,TRUE,TRUE,31.739902806288477,-10.869951403144238,NA,NA,NA,NA
"M2 fish Shannon diversity","Metro","Adelaide Metro","Temporal","gaussian","Gaussian (identity link)","nlminb_default",0,"relative convergence (4)","response ~ SamplingDate + (1 | Site)","SamplingDate","Sampling date fitted as a categorical fixed effect; no Date x Status interaction",68,3,15,2,1,51,0.25,TRUE,TRUE,TRUE,TRUE,12.953874906748247,10.523062546625876,NA,NA,NA,NA
"M2 fish Shannon diversity","Rapid Head","Fleurieu","Period","gaussian","Gaussian (identity link)","nlminb_default",0,"relative convergence (4)","response ~ Period * status + (1 | Site) + (1 | SamplingDate)","Period * status","Full Period x Status interaction fitted",469,10,22,2,2,242,0.4840085287846482,TRUE,TRUE,TRUE,TRUE,290.9813885440594,-138.4906942720297,NA,NA,NA,NA
"M2 fish Shannon diversity","Rapid Head","Fleurieu","Temporal","gaussian","Gaussian (identity link)","nlminb_default",0,"relative convergence (4)","response ~ SamplingDate + (1 | Site)","SamplingDate","Sampling date fitted as a categorical fixed effect; no Date x Status interaction",469,10,22,2,2,242,0.4840085287846482,TRUE,TRUE,TRUE,TRUE,282.98472755392845,-117.49236377696421,NA,NA,NA,NA
"M2 fish Shannon diversity","Southern Fleurieu","South Coast","Period","gaussian","Gaussian (identity link)","nlminb_default",0,"relative convergence (4)","response ~ Period + (1 | Site) + (1 | SamplingDate)","Period","Period-only fixed effect fitted because only one Status level was present",119,6,9,2,1,11,0.907563025210084,TRUE,TRUE,TRUE,TRUE,-167.74826476869467,88.87413238434733,NA,NA,NA,NA
"M2 fish Shannon diversity","Southern Fleurieu","South Coast","Temporal","gaussian","Gaussian (identity link)","nlminb_default",0,"relative convergence (4)","response ~ SamplingDate + (1 | Site)","SamplingDate","Sampling date fitted as a categorical fixed effect; no Date x Status interaction",119,6,9,2,1,11,0.907563025210084,TRUE,TRUE,TRUE,TRUE,-161.80136886994316,91.90068443497158,NA,NA,NA,NA
"M2 fish Shannon diversity","Southern Metro","Adelaide Metro","Period","gaussian","Gaussian (identity link)","nlminb_default",0,"relative convergence (4)","response ~ Period * status + (1 | Site) + (1 | SamplingDate)","Period * status","Full Period x Status interaction fitted",264,14,18,2,2,155,0.4128787878787879,TRUE,TRUE,TRUE,TRUE,152.95584797341522,-69.47792398670761,NA,NA,NA,NA
"M2 fish Shannon diversity","Southern Metro","Adelaide Metro","Temporal","gaussian","Gaussian (identity link)","nlminb_default",0,"relative convergence (4)","response ~ SamplingDate + (1 | Site)","SamplingDate","Sampling date fitted as a categorical fixed effect; no Date x Status interaction",264,14,18,2,2,155,0.4128787878787879,TRUE,TRUE,TRUE,TRUE,143.36628247095112,-51.68314123547556,NA,NA,NA,NA
"M2 fish Shannon diversity","Southern Yorke","Southern Yorke","Period","gaussian","Gaussian (identity link)","nlminb_default",0,"relative convergence (4)","response ~ Period + (1 | Site) + (1 | SamplingDate)","Period","Period-only fixed effect fitted because only one Status level was present",34,3,4,2,1,13,0.6176470588235294,TRUE,TRUE,TRUE,TRUE,15.279644658649747,-2.6398223293248737,NA,NA,NA,NA
"M2 fish Shannon diversity","Southern Yorke","Southern Yorke","Temporal","gaussian","Gaussian (identity link)","nlminb_default",0,"relative convergence (4)","response ~ SamplingDate + (1 | Site)","SamplingDate","Sampling date fitted as a categorical fixed effect; no Date x Status interaction",34,3,4,2,1,13,0.6176470588235294,TRUE,TRUE,TRUE,TRUE,10.095629715210368,0.9521851423948156,NA,NA,NA,NA
"M2 fish Shannon diversity","Sponge Gardens","Kangaroo Island","Period","gaussian","Gaussian (identity link)","nlminb_default",0,"relative convergence (4)","response ~ Period * status + (1 | Site) + (1 | SamplingDate)","Period * status","Full Period x Status interaction fitted",148,5,10,2,2,73,0.5067567567567568,TRUE,TRUE,TRUE,TRUE,50.85740959434031,-18.428704797170155,NA,NA,NA,NA
"M2 fish Shannon diversity","Sponge Gardens","Kangaroo Island","Temporal","gaussian","Gaussian (identity link)","nlminb_default",0,"relative convergence (4)","response ~ SamplingDate + (1 | Site)","SamplingDate","Sampling date fitted as a categorical fixed effect; no Date x Status interaction",148,5,10,2,2,73,0.5067567567567568,TRUE,TRUE,TRUE,TRUE,45.48706770230547,-10.743533851152732,NA,NA,NA,NA
"M2 fish Shannon diversity","Upper GSV","Upper Gulf St Vincent","Period","gaussian","Gaussian (identity link)","nlminb_default",0,"relative convergence (4)","response ~ Period + (1 | Site) + (1 | SamplingDate)","Period","Period-only fixed effect fitted because only one Status level was present",92,5,9,2,1,50,0.45652173913043476,TRUE,TRUE,TRUE,TRUE,26.332924353039694,-8.166462176519847,NA,NA,NA,NA
"M2 fish Shannon diversity","Upper GSV","Upper Gulf St Vincent","Temporal","gaussian","Gaussian (identity link)","nlminb_default",0,"relative convergence (4)","response ~ SamplingDate + (1 | Site)","SamplingDate","Sampling date fitted as a categorical fixed effect; no Date x Status interaction",92,5,9,2,1,50,0.45652173913043476,TRUE,TRUE,TRUE,TRUE,18.185880624343696,1.907059687828152,NA,NA,NA,NA
"M2 invertebrate Shannon diversity","Carrickalinga","Fleurieu","Period","gaussian","Gaussian (identity link)","nlminb_default",0,"relative convergence (4)","response ~ Period * status + (1 | Site) + (1 | SamplingDate)","Period * status","Full Period x Status interaction fitted",442,14,19,2,2,433,0.020361990950226245,TRUE,TRUE,TRUE,TRUE,516.6865452887203,-251.3432726443601,NA,NA,NA,NA
"M2 invertebrate Shannon diversity","Carrickalinga","Fleurieu","Temporal","gaussian","Gaussian (identity link)","nlminb_default",0,"relative convergence (4)","response ~ SamplingDate + (1 | Site)","SamplingDate","Sampling date fitted as a categorical fixed effect; no Date x Status interaction",442,14,19,2,2,433,0.020361990950226245,TRUE,TRUE,TRUE,TRUE,501.6196827943036,-229.8098413971518,NA,NA,NA,NA
"M2 invertebrate Shannon diversity","Eastern Spencer Gulf","Eastern Spencer Gulf","Period","gaussian","Gaussian (identity link)","nlminb_default",0,"relative convergence (4)","response ~ Period + (1 | Site) + (1 | SamplingDate)","Period","Period-only fixed effect fitted because only one Status level was present",27,3,4,2,1,25,0.07407407407407407,TRUE,TRUE,TRUE,TRUE,42.986154304618054,-16.493077152309027,NA,NA,NA,NA
"M2 invertebrate Shannon diversity","Eastern Spencer Gulf","Eastern Spencer Gulf","Temporal","gaussian","Gaussian (identity link)","nlminb_default",0,"relative convergence (4)","response ~ SamplingDate + (1 | Site)","SamplingDate","Sampling date fitted as a categorical fixed effect; no Date x Status interaction",27,3,4,2,1,25,0.07407407407407407,TRUE,TRUE,TRUE,TRUE,40.763237437639454,-14.381618718819727,NA,NA,NA,NA
"M2 invertebrate Shannon diversity","Encounter Bay","South Coast","Period","gaussian","Gaussian (identity link)","nlminb_default",0,"relative convergence (4)","response ~ Period * status + (1 | Site) + (1 | SamplingDate)","Period * status","Full Period x Status interaction fitted",177,7,14,2,2,176,0.005649717514124294,TRUE,TRUE,TRUE,TRUE,115.08430214174085,-50.542151070870425,NA,NA,NA,NA
"M2 invertebrate Shannon diversity","Encounter Bay","South Coast","Temporal","gaussian","Gaussian (identity link)","nlminb_default",0,"relative convergence (4)","response ~ SamplingDate + (1 | Site)","SamplingDate","Sampling date fitted as a categorical fixed effect; no Date x Status interaction",177,7,14,2,2,176,0.005649717514124294,TRUE,TRUE,TRUE,TRUE,112.37373019720634,-40.18686509860317,NA,NA,NA,NA
"M2 invertebrate Shannon diversity","Metro","Adelaide Metro","Period","gaussian","Gaussian (identity link)","nlminb_default",0,"relative convergence (4)","response ~ Period + (1 | Site) + (1 | SamplingDate)","Period","Period-only fixed effect fitted because only one Status level was present",68,3,15,2,1,68,0,TRUE,TRUE,TRUE,TRUE,71.76512483352471,-30.88256241676235,NA,NA,NA,NA
"M2 invertebrate Shannon diversity","Metro","Adelaide Metro","Temporal","gaussian","Gaussian (identity link)","nlminb_default",0,"relative convergence (4)","response ~ SamplingDate + (1 | Site)","SamplingDate","Sampling date fitted as a categorical fixed effect; no Date x Status interaction",68,3,15,2,1,68,0,TRUE,TRUE,TRUE,TRUE,64.01967345055147,-15.009836725275736,NA,NA,NA,NA
"M2 invertebrate Shannon diversity","Rapid Head","Fleurieu","Period","gaussian","Gaussian (identity link)","nlminb_default",0,"relative convergence (4)","response ~ Period * status + (1 | Site) + (1 | SamplingDate)","Period * status","Full Period x Status interaction fitted",469,10,22,2,2,462,0.014925373134328358,TRUE,TRUE,TRUE,TRUE,543.9760209035704,-264.9880104517852,NA,NA,NA,NA
"M2 invertebrate Shannon diversity","Rapid Head","Fleurieu","Temporal","gaussian","Gaussian (identity link)","nlminb_default",0,"relative convergence (4)","response ~ SamplingDate + (1 | Site)","SamplingDate","Sampling date fitted as a categorical fixed effect; no Date x Status interaction",469,10,22,2,2,462,0.014925373134328358,TRUE,TRUE,TRUE,TRUE,544.3191241606369,-248.1595620803184,NA,NA,NA,NA
"M2 invertebrate Shannon diversity","Southern Fleurieu","South Coast","Period","gaussian","Gaussian (identity link)","nlminb_default",0,"relative convergence (4)","response ~ Period + (1 | Site) + (1 | SamplingDate)","Period","Period-only fixed effect fitted because only one Status level was present",119,6,9,2,1,119,0,TRUE,TRUE,TRUE,TRUE,43.27495312081926,-16.63747656040963,NA,NA,NA,NA
"M2 invertebrate Shannon diversity","Southern Fleurieu","South Coast","Temporal","gaussian","Gaussian (identity link)","nlminb_default",0,"relative convergence (4)","response ~ SamplingDate + (1 | Site)","SamplingDate","Sampling date fitted as a categorical fixed effect; no Date x Status interaction",119,6,9,2,1,119,0,TRUE,TRUE,TRUE,TRUE,39.09332171312261,-8.546660856561306,NA,NA,NA,NA
"M2 invertebrate Shannon diversity","Southern Metro","Adelaide Metro","Period","gaussian","Gaussian (identity link)","nlminb_default",0,"relative convergence (4)","response ~ Period * status + (1 | Site) + (1 | SamplingDate)","Period * status","Full Period x Status interaction fitted",266,14,18,2,2,263,0.011278195488721804,TRUE,TRUE,TRUE,TRUE,282.6955101203333,-134.34775506016666,NA,NA,NA,NA
"M2 invertebrate Shannon diversity","Southern Metro","Adelaide Metro","Temporal","gaussian","Gaussian (identity link)","nlminb_default",0,"relative convergence (4)","response ~ SamplingDate + (1 | Site)","SamplingDate","Sampling date fitted as a categorical fixed effect; no Date x Status interaction",266,14,18,2,2,263,0.011278195488721804,TRUE,TRUE,TRUE,TRUE,286.85850561719985,-123.42925280859993,NA,NA,NA,NA
"M2 invertebrate Shannon diversity","Southern Yorke","Southern Yorke","Period","gaussian","Gaussian (identity link)","nlminb_default",0,"relative convergence (4)","response ~ Period + (1 | Site) + (1 | SamplingDate)","Period","Period-only fixed effect fitted because only one Status level was present",35,3,4,2,1,35,0,TRUE,TRUE,TRUE,TRUE,16.837212566296134,-3.4186062831480672,NA,NA,NA,NA
"M2 invertebrate Shannon diversity","Southern Yorke","Southern Yorke","Temporal","gaussian","Gaussian (identity link)","nlminb_default",0,"relative convergence (4)","response ~ SamplingDate + (1 | Site)","SamplingDate","Sampling date fitted as a categorical fixed effect; no Date x Status interaction",35,3,4,2,1,35,0,TRUE,TRUE,TRUE,TRUE,17.017825777902214,-2.5089128889511065,NA,NA,NA,NA
"M2 invertebrate Shannon diversity","Sponge Gardens","Kangaroo Island","Period","gaussian","Gaussian (identity link)","nlminb_default",0,"relative convergence (4)","response ~ Period * status + (1 | Site) + (1 | SamplingDate)","Period * status","Full Period x Status interaction fitted",148,5,10,2,2,147,0.006756756756756757,TRUE,TRUE,TRUE,TRUE,142.56524473215578,-64.28262236607789,NA,NA,NA,NA
"M2 invertebrate Shannon diversity","Sponge Gardens","Kangaroo Island","Temporal","gaussian","Gaussian (identity link)","nlminb_default",0,"relative convergence (4)","response ~ SamplingDate + (1 | Site)","SamplingDate","Sampling date fitted as a categorical fixed effect; no Date x Status interaction",148,5,10,2,2,147,0.006756756756756757,TRUE,TRUE,TRUE,TRUE,142.30159987556897,-59.150799937784484,NA,NA,NA,NA
"M2 invertebrate Shannon diversity","Upper GSV","Upper Gulf St Vincent","Period","gaussian","Gaussian (identity link)","nlminb_default",0,"relative convergence (4)","response ~ Period + (1 | Site) + (1 | SamplingDate)","Period","Period-only fixed effect fitted because only one Status level was present",92,5,9,2,1,80,0.13043478260869565,TRUE,TRUE,TRUE,TRUE,85.13118981802916,-37.56559490901458,NA,NA,NA,NA
"M2 invertebrate Shannon diversity","Upper GSV","Upper Gulf St Vincent","Temporal","gaussian","Gaussian (identity link)","nlminb_default",0,"relative convergence (4)","response ~ SamplingDate + (1 | Site)","SamplingDate","Sampling date fitted as a categorical fixed effect; no Date x Status interaction",92,5,9,2,1,80,0.13043478260869565,TRUE,TRUE,TRUE,TRUE,70.18410700625921,-24.092053503129605,NA,NA,NA,NA
"M2 invertebrate Echinodermata Shannon diversity","Carrickalinga","Fleurieu","Period","gaussian","Gaussian (identity link)","nlminb_default",0,"relative convergence (4)","response ~ Period * status + (1 | Site) + (1 | SamplingDate)","Period * status","Full Period x Status interaction fitted",442,14,19,2,2,309,0.3009049773755656,TRUE,TRUE,TRUE,TRUE,451.50484974613556,-218.75242487306778,NA,NA,NA,NA
"M2 invertebrate Echinodermata Shannon diversity","Carrickalinga","Fleurieu","Temporal","gaussian","Gaussian (identity link)","nlminb_default",0,"relative convergence (4)","response ~ SamplingDate + (1 | Site)","SamplingDate","Sampling date fitted as a categorical fixed effect; no Date x Status interaction",442,14,19,2,2,309,0.3009049773755656,TRUE,TRUE,TRUE,TRUE,450.7069463496976,-204.3534731748488,NA,NA,NA,NA
"M2 invertebrate Echinodermata Shannon diversity","Eastern Spencer Gulf","Eastern Spencer Gulf","Period","gaussian","Gaussian (identity link)","nlminb_default",0,"relative convergence (4)","response ~ Period + (1 | Site) + (1 | SamplingDate)","Period","Period-only fixed effect fitted because only one Status level was present",27,3,4,2,1,15,0.4444444444444444,TRUE,TRUE,TRUE,TRUE,5.839652308713713,2.0801738456431433,NA,NA,NA,NA
"M2 invertebrate Echinodermata Shannon diversity","Eastern Spencer Gulf","Eastern Spencer Gulf","Temporal","gaussian","Gaussian (identity link)","nlminb_default",0,"relative convergence (4)","response ~ SamplingDate + (1 | Site)","SamplingDate","Sampling date fitted as a categorical fixed effect; no Date x Status interaction",27,3,4,2,1,15,0.4444444444444444,TRUE,TRUE,TRUE,TRUE,-6.443298160968773,9.221649080484386,NA,NA,NA,NA
"M2 invertebrate Echinodermata Shannon diversity","Encounter Bay","South Coast","Period","gaussian","Gaussian (identity link)","nlminb_default",0,"relative convergence (4)","response ~ Period * status + (1 | Site) + (1 | SamplingDate)","Period * status","Full Period x Status interaction fitted",177,7,14,2,2,155,0.12429378531073447,TRUE,TRUE,TRUE,TRUE,131.89490343164022,-58.947451715820115,NA,NA,NA,NA
"M2 invertebrate Echinodermata Shannon diversity","Encounter Bay","South Coast","Temporal","gaussian","Gaussian (identity link)","nlminb_default",0,"relative convergence (4)","response ~ SamplingDate + (1 | Site)","SamplingDate","Sampling date fitted as a categorical fixed effect; no Date x Status interaction",177,7,14,2,2,155,0.12429378531073447,TRUE,TRUE,TRUE,TRUE,119.44518521243364,-43.72259260621682,NA,NA,NA,NA
"M2 invertebrate Echinodermata Shannon diversity","Metro","Adelaide Metro","Period","gaussian","Gaussian (identity link)","nlminb_default",0,"relative convergence (4)","response ~ Period + (1 | Site) + (1 | SamplingDate)","Period","Period-only fixed effect fitted because only one Status level was present",68,3,15,2,1,59,0.1323529411764706,TRUE,TRUE,TRUE,TRUE,60.87648672977013,-25.438243364885064,NA,NA,NA,NA
"M2 invertebrate Echinodermata Shannon diversity","Metro","Adelaide Metro","Temporal","gaussian","Gaussian (identity link)","nlminb_default",0,"relative convergence (4)","response ~ SamplingDate + (1 | Site)","SamplingDate","Sampling date fitted as a categorical fixed effect; no Date x Status interaction",68,3,15,2,1,59,0.1323529411764706,TRUE,TRUE,TRUE,TRUE,52.463751372969845,-9.231875686484923,NA,NA,NA,NA
"M2 invertebrate Echinodermata Shannon diversity","Rapid Head","Fleurieu","Period","gaussian","Gaussian (identity link)","nlminb_default",0,"relative convergence (4)","response ~ Period * status + (1 | Site) + (1 | SamplingDate)","Period * status","Full Period x Status interaction fitted",469,10,22,2,2,403,0.14072494669509594,TRUE,TRUE,TRUE,TRUE,539.7264620516859,-262.86323102584294,NA,NA,NA,NA
"M2 invertebrate Echinodermata Shannon diversity","Rapid Head","Fleurieu","Temporal","gaussian","Gaussian (identity link)","nlminb_default",0,"relative convergence (4)","response ~ SamplingDate + (1 | Site)","SamplingDate","Sampling date fitted as a categorical fixed effect; no Date x Status interaction",469,10,22,2,2,403,0.14072494669509594,TRUE,TRUE,TRUE,TRUE,533.7113555158296,-242.85567775791478,NA,NA,NA,NA
"M2 invertebrate Echinodermata Shannon diversity","Southern Fleurieu","South Coast","Period","gaussian","Gaussian (identity link)","nlminb_default",0,"relative convergence (4)","response ~ Period + (1 | Site) + (1 | SamplingDate)","Period","Period-only fixed effect fitted because only one Status level was present",119,6,9,2,1,105,0.11764705882352941,TRUE,TRUE,TRUE,TRUE,75.60300663124855,-32.801503315624274,NA,NA,NA,NA
"M2 invertebrate Echinodermata Shannon diversity","Southern Fleurieu","South Coast","Temporal","gaussian","Gaussian (identity link)","nlminb_default",0,"relative convergence (4)","response ~ SamplingDate + (1 | Site)","SamplingDate","Sampling date fitted as a categorical fixed effect; no Date x Status interaction",119,6,9,2,1,105,0.11764705882352941,TRUE,TRUE,TRUE,TRUE,74.10591457625202,-26.05295728812601,NA,NA,NA,NA
"M2 invertebrate Echinodermata Shannon diversity","Southern Metro","Adelaide Metro","Period","gaussian","Gaussian (identity link)","nlminb_default",0,"relative convergence (4)","response ~ Period * status + (1 | Site) + (1 | SamplingDate)","Period * status","Full Period x Status interaction fitted",266,14,18,2,2,217,0.18421052631578946,TRUE,TRUE,TRUE,TRUE,260.3912243715083,-123.19561218575414,NA,NA,NA,NA
"M2 invertebrate Echinodermata Shannon diversity","Southern Metro","Adelaide Metro","Temporal","gaussian","Gaussian (identity link)","nlminb_default",0,"relative convergence (4)","response ~ SamplingDate + (1 | Site)","SamplingDate","Sampling date fitted as a categorical fixed effect; no Date x Status interaction",266,14,18,2,2,217,0.18421052631578946,TRUE,TRUE,TRUE,TRUE,244.17879071236996,-102.08939535618498,NA,NA,NA,NA
"M2 invertebrate Echinodermata Shannon diversity","Southern Yorke","Southern Yorke","Period","gaussian","Gaussian (identity link)","nlminb_default",0,"relative convergence (4)","response ~ Period + (1 | Site) + (1 | SamplingDate)","Period","Period-only fixed effect fitted because only one Status level was present",35,3,4,2,1,35,0,TRUE,TRUE,TRUE,TRUE,11.06633110076763,-0.5331655503838153,NA,NA,NA,NA
"M2 invertebrate Echinodermata Shannon diversity","Southern Yorke","Southern Yorke","Temporal","gaussian","Gaussian (identity link)","nlminb_default",0,"relative convergence (4)","response ~ SamplingDate + (1 | Site)","SamplingDate","Sampling date fitted as a categorical fixed effect; no Date x Status interaction",35,3,4,2,1,35,0,TRUE,TRUE,TRUE,TRUE,11.896777518503193,0.051611240748403286,NA,NA,NA,NA
"M2 invertebrate Echinodermata Shannon diversity","Sponge Gardens","Kangaroo Island","Period","gaussian","Gaussian (identity link)","nlminb_default",0,"relative convergence (4)","response ~ Period * status + (1 | Site) + (1 | SamplingDate)","Period * status","Full Period x Status interaction fitted",148,5,10,2,2,130,0.12162162162162163,TRUE,TRUE,TRUE,TRUE,111.11061487034702,-48.55530743517351,NA,NA,NA,NA
"M2 invertebrate Echinodermata Shannon diversity","Sponge Gardens","Kangaroo Island","Temporal","gaussian","Gaussian (identity link)","nlminb_default",0,"relative convergence (4)","response ~ SamplingDate + (1 | Site)","SamplingDate","Sampling date fitted as a categorical fixed effect; no Date x Status interaction",148,5,10,2,2,130,0.12162162162162163,TRUE,TRUE,TRUE,TRUE,105.051599406221,-40.5257997031105,NA,NA,NA,NA
"M2 invertebrate Echinodermata Shannon diversity","Upper GSV","Upper Gulf St Vincent","Period","gaussian","Gaussian (identity link)","nlminb_default",0,"relative convergence (4)","response ~ Period + (1 | Site) + (1 | SamplingDate)","Period","Period-only fixed effect fitted because only one Status level was present",92,5,9,2,1,51,0.44565217391304346,TRUE,TRUE,TRUE,TRUE,43.069419867913716,-16.534709933956858,NA,NA,NA,NA
"M2 invertebrate Echinodermata Shannon diversity","Upper GSV","Upper Gulf St Vincent","Temporal","gaussian","Gaussian (identity link)","nlminb_default",0,"relative convergence (4)","response ~ SamplingDate + (1 | Site)","SamplingDate","Sampling date fitted as a categorical fixed effect; no Date x Status interaction",92,5,9,2,1,51,0.44565217391304346,TRUE,TRUE,TRUE,TRUE,36.42257009318557,-7.211285046592785,NA,NA,NA,NA
"M2 invertebrate Arthropoda Shannon diversity","Carrickalinga","Fleurieu","Period","gaussian","Gaussian (identity link)","nlminb_default",0,"relative convergence (4)","response ~ Period * status + (1 | Site) + (1 | SamplingDate)","Period * status","Full Period x Status interaction fitted",442,14,19,2,2,112,0.746606334841629,TRUE,TRUE,TRUE,TRUE,-179.76478862659457,96.88239431329728,NA,NA,NA,NA
"M2 invertebrate Arthropoda Shannon diversity","Carrickalinga","Fleurieu","Temporal","gaussian","Gaussian (identity link)","nlminb_default",0,"relative convergence (4)","response ~ SamplingDate + (1 | Site)","SamplingDate","Sampling date fitted as a categorical fixed effect; no Date x Status interaction",442,14,19,2,2,112,0.746606334841629,TRUE,TRUE,TRUE,TRUE,-160.4450409488864,101.2225204744432,NA,NA,NA,NA
"M2 invertebrate Arthropoda Shannon diversity","Eastern Spencer Gulf","Eastern Spencer Gulf","Period","gaussian","Gaussian (identity link)","nlminb_default",0,"relative convergence (4)","response ~ Period + (1 | Site) + (1 | SamplingDate)","Period","Period-only fixed effect fitted because only one Status level was present",27,3,4,2,1,14,0.48148148148148145,TRUE,TRUE,TRUE,TRUE,17.469011751090765,-3.7345058755453824,NA,NA,NA,NA
"M2 invertebrate Arthropoda Shannon diversity","Eastern Spencer Gulf","Eastern Spencer Gulf","Temporal","gaussian","Gaussian (identity link)","nlminb_default",0,"relative convergence (4)","response ~ SamplingDate + (1 | Site)","SamplingDate","Sampling date fitted as a categorical fixed effect; no Date x Status interaction",27,3,4,2,1,14,0.48148148148148145,TRUE,TRUE,TRUE,TRUE,19.38183244593214,-3.6909162229660706,NA,NA,NA,NA
"M2 invertebrate Arthropoda Shannon diversity","Encounter Bay","South Coast","Period","gaussian","Gaussian (identity link)","nlminb_default",0,"relative convergence (4)","response ~ Period * status + (1 | Site) + (1 | SamplingDate)","Period * status","Full Period x Status interaction fitted",177,7,14,2,2,102,0.423728813559322,TRUE,TRUE,TRUE,TRUE,62.943940488706545,-24.471970244353273,NA,NA,NA,NA
"M2 invertebrate Arthropoda Shannon diversity","Encounter Bay","South Coast","Temporal","gaussian","Gaussian (identity link)","nlminb_default",0,"relative convergence (4)","response ~ SamplingDate + (1 | Site)","SamplingDate","Sampling date fitted as a categorical fixed effect; no Date x Status interaction",177,7,14,2,2,102,0.423728813559322,TRUE,TRUE,TRUE,TRUE,50.531246724485996,-9.265623362242996,NA,NA,NA,NA
"M2 invertebrate Arthropoda Shannon diversity","Metro","Adelaide Metro","Period","gaussian","Gaussian (identity link)","nlminb_default",0,"relative convergence (4)","response ~ Period + (1 | Site) + (1 | SamplingDate)","Period","Period-only fixed effect fitted because only one Status level was present",68,3,15,2,1,49,0.27941176470588236,TRUE,TRUE,TRUE,TRUE,68.31249648084989,-29.15624824042494,NA,NA,NA,NA
"M2 invertebrate Arthropoda Shannon diversity","Metro","Adelaide Metro","Temporal","gaussian","Gaussian (identity link)","nlminb_default",0,"relative convergence (4)","response ~ SamplingDate + (1 | Site)","SamplingDate","Sampling date fitted as a categorical fixed effect; no Date x Status interaction",68,3,15,2,1,49,0.27941176470588236,TRUE,TRUE,TRUE,TRUE,58.36768667579507,-12.183843337897535,NA,NA,NA,NA
"M2 invertebrate Arthropoda Shannon diversity","Rapid Head","Fleurieu","Period","gaussian","Gaussian (identity link)","nlminb_default",0,"relative convergence (4)","response ~ Period * status + (1 | Site) + (1 | SamplingDate)","Period * status","Full Period x Status interaction fitted",469,10,22,2,2,122,0.7398720682302772,TRUE,TRUE,TRUE,TRUE,-141.72981836356573,77.86490918178286,NA,NA,NA,NA
"M2 invertebrate Arthropoda Shannon diversity","Rapid Head","Fleurieu","Temporal","gaussian","Gaussian (identity link)","nlminb_default",0,"relative convergence (4)","response ~ SamplingDate + (1 | Site)","SamplingDate","Sampling date fitted as a categorical fixed effect; no Date x Status interaction",469,10,22,2,2,122,0.7398720682302772,TRUE,TRUE,TRUE,TRUE,-131.96251148324671,89.98125574162336,NA,NA,NA,NA
"M2 invertebrate Arthropoda Shannon diversity","Southern Fleurieu","South Coast","Period","gaussian","Gaussian (identity link)","nlminb_default",0,"relative convergence (4)","response ~ Period + (1 | Site) + (1 | SamplingDate)","Period","Period-only fixed effect fitted because only one Status level was present",119,6,9,2,1,62,0.4789915966386555,TRUE,TRUE,TRUE,TRUE,45.15181766817369,-17.575908834086846,NA,NA,NA,NA
"M2 invertebrate Arthropoda Shannon diversity","Southern Fleurieu","South Coast","Temporal","gaussian","Gaussian (identity link)","nlminb_default",0,"relative convergence (4)","response ~ SamplingDate + (1 | Site)","SamplingDate","Sampling date fitted as a categorical fixed effect; no Date x Status interaction",119,6,9,2,1,62,0.4789915966386555,TRUE,TRUE,TRUE,TRUE,40.96582286101713,-9.482911430508565,NA,NA,NA,NA
"M2 invertebrate Arthropoda Shannon diversity","Southern Metro","Adelaide Metro","Period","gaussian","Gaussian (identity link)","nlminb_default",0,"relative convergence (4)","response ~ Period * status + (1 | Site) + (1 | SamplingDate)","Period * status","Full Period x Status interaction fitted",266,14,18,2,2,105,0.6052631578947368,TRUE,TRUE,TRUE,TRUE,-22.226384232250382,18.11319211612519,NA,NA,NA,NA
"M2 invertebrate Arthropoda Shannon diversity","Southern Metro","Adelaide Metro","Temporal","gaussian","Gaussian (identity link)","nlminb_default",0,"relative convergence (4)","response ~ SamplingDate + (1 | Site)","SamplingDate","Sampling date fitted as a categorical fixed effect; no Date x Status interaction",266,14,18,2,2,105,0.6052631578947368,TRUE,TRUE,TRUE,TRUE,-25.16164579354995,32.580822896774976,NA,NA,NA,NA
"M2 invertebrate Arthropoda Shannon diversity","Southern Yorke","Southern Yorke","Period","gaussian","Gaussian (identity link)","nlminb_default",0,"relative convergence (4)","response ~ Period + (1 | Site) + (1 | SamplingDate)","Period","Period-only fixed effect fitted because only one Status level was present",35,3,4,2,1,14,0.6,TRUE,TRUE,TRUE,TRUE,21.80557690442264,-5.90278845221132,NA,NA,NA,NA
"M2 invertebrate Arthropoda Shannon diversity","Southern Yorke","Southern Yorke","Temporal","gaussian","Gaussian (identity link)","nlminb_default",0,"relative convergence (4)","response ~ SamplingDate + (1 | Site)","SamplingDate","Sampling date fitted as a categorical fixed effect; no Date x Status interaction",35,3,4,2,1,14,0.6,TRUE,TRUE,TRUE,TRUE,18.899135607117415,-3.449567803558708,NA,NA,NA,NA
"M2 invertebrate Arthropoda Shannon diversity","Sponge Gardens","Kangaroo Island","Period","gaussian","Gaussian (identity link)","nlminb_default",0,"relative convergence (4)","response ~ Period * status + (1 | Site) + (1 | SamplingDate)","Period * status","Full Period x Status interaction fitted",148,5,10,2,2,70,0.527027027027027,TRUE,TRUE,TRUE,TRUE,2.02111091839188,5.98944454080406,NA,NA,NA,NA
"M2 invertebrate Arthropoda Shannon diversity","Sponge Gardens","Kangaroo Island","Temporal","gaussian","Gaussian (identity link)","nlminb_default",0,"relative convergence (4)","response ~ SamplingDate + (1 | Site)","SamplingDate","Sampling date fitted as a categorical fixed effect; no Date x Status interaction",148,5,10,2,2,70,0.527027027027027,TRUE,TRUE,TRUE,TRUE,9.309359731682946,7.345320134158527,NA,NA,NA,NA
"M2 invertebrate Arthropoda Shannon diversity","Upper GSV","Upper Gulf St Vincent","Period","gaussian","Gaussian (identity link)","nlminb_default",0,"relative convergence (4)","response ~ Period + (1 | Site) + (1 | SamplingDate)","Period","Period-only fixed effect fitted because only one Status level was present",92,5,9,2,1,47,0.4891304347826087,TRUE,TRUE,TRUE,TRUE,37.31426364099364,-13.657131820496819,NA,NA,NA,NA
"M2 invertebrate Arthropoda Shannon diversity","Upper GSV","Upper Gulf St Vincent","Temporal","gaussian","Gaussian (identity link)","nlminb_default",0,"relative convergence (4)","response ~ SamplingDate + (1 | Site)","SamplingDate","Sampling date fitted as a categorical fixed effect; no Date x Status interaction",92,5,9,2,1,47,0.4891304347826087,TRUE,TRUE,TRUE,TRUE,25.61017747862328,-1.8050887393116408,NA,NA,NA,NA
"M2 invertebrate Mollusca Shannon diversity","Carrickalinga","Fleurieu","Period","gaussian","Gaussian (identity link)","nlminb_default",0,"relative convergence (4)","response ~ Period * status + (1 | Site) + (1 | SamplingDate)","Period * status","Full Period x Status interaction fitted",442,14,19,2,2,327,0.26018099547511314,TRUE,TRUE,TRUE,TRUE,371.4855710243765,-178.74278551218825,NA,NA,NA,NA
"M2 invertebrate Mollusca Shannon diversity","Carrickalinga","Fleurieu","Temporal","gaussian","Gaussian (identity link)","nlminb_default",0,"relative convergence (4)","response ~ SamplingDate + (1 | Site)","SamplingDate","Sampling date fitted as a categorical fixed effect; no Date x Status interaction",442,14,19,2,2,327,0.26018099547511314,TRUE,TRUE,TRUE,TRUE,368.300941718421,-163.1504708592105,NA,NA,NA,NA
"M2 invertebrate Mollusca Shannon diversity","Eastern Spencer Gulf","Eastern Spencer Gulf","Period","gaussian","Gaussian (identity link)","nlminb_default",0,"relative convergence (4)","response ~ Period + (1 | Site) + (1 | SamplingDate)","Period","Period-only fixed effect fitted because only one Status level was present",27,3,4,2,1,16,0.4074074074074074,TRUE,TRUE,TRUE,TRUE,42.03020989825964,-16.01510494912982,NA,NA,NA,NA
"M2 invertebrate Mollusca Shannon diversity","Eastern Spencer Gulf","Eastern Spencer Gulf","Temporal","gaussian","Gaussian (identity link)","nlminb_default",0,"relative convergence (4)","response ~ SamplingDate + (1 | Site)","SamplingDate","Sampling date fitted as a categorical fixed effect; no Date x Status interaction",27,3,4,2,1,16,0.4074074074074074,TRUE,TRUE,TRUE,TRUE,42.411784043473375,-15.205892021736688,NA,NA,NA,NA
"M2 invertebrate Mollusca Shannon diversity","Encounter Bay","South Coast","Period","gaussian","Gaussian (identity link)","nlminb_default",0,"relative convergence (4)","response ~ Period * status + (1 | Site) + (1 | SamplingDate)","Period * status","Full Period x Status interaction fitted",177,7,14,2,2,155,0.12429378531073447,TRUE,TRUE,TRUE,TRUE,93.6325849252305,-39.81629246261525,NA,NA,NA,NA
"M2 invertebrate Mollusca Shannon diversity","Encounter Bay","South Coast","Temporal","gaussian","Gaussian (identity link)","nlminb_default",0,"relative convergence (4)","response ~ SamplingDate + (1 | Site)","SamplingDate","Sampling date fitted as a categorical fixed effect; no Date x Status interaction",177,7,14,2,2,155,0.12429378531073447,TRUE,TRUE,TRUE,TRUE,103.0605899127284,-35.5302949563642,NA,NA,NA,NA
"M2 invertebrate Mollusca Shannon diversity","Metro","Adelaide Metro","Period","gaussian","Gaussian (identity link)","nlminb_default",0,"relative convergence (4)","response ~ Period + (1 | Site) + (1 | SamplingDate)","Period","Period-only fixed effect fitted because only one Status level was present",68,3,15,2,1,57,0.16176470588235295,TRUE,TRUE,TRUE,TRUE,56.437412532852385,-23.218706266426192,NA,NA,NA,NA
"M2 invertebrate Mollusca Shannon diversity","Metro","Adelaide Metro","Temporal","gaussian","Gaussian (identity link)","nlminb_default",0,"relative convergence (4)","response ~ SamplingDate + (1 | Site)","SamplingDate","Sampling date fitted as a categorical fixed effect; no Date x Status interaction",68,3,15,2,1,57,0.16176470588235295,TRUE,TRUE,TRUE,TRUE,44.44652895757558,-5.223264478787792,NA,NA,NA,NA
"M2 invertebrate Mollusca Shannon diversity","Rapid Head","Fleurieu","Period","gaussian","Gaussian (identity link)","nlminb_default",0,"relative convergence (4)","response ~ Period * status + (1 | Site) + (1 | SamplingDate)","Period * status","Full Period x Status interaction fitted",469,10,22,2,2,303,0.35394456289978676,TRUE,TRUE,TRUE,TRUE,388.41340774273715,-187.20670387136857,NA,NA,NA,NA
"M2 invertebrate Mollusca Shannon diversity","Rapid Head","Fleurieu","Temporal","gaussian","Gaussian (identity link)","nlminb_default",0,"relative convergence (4)","response ~ SamplingDate + (1 | Site)","SamplingDate","Sampling date fitted as a categorical fixed effect; no Date x Status interaction",469,10,22,2,2,303,0.35394456289978676,TRUE,TRUE,TRUE,TRUE,383.5824024062644,-167.7912012031322,NA,NA,NA,NA
"M2 invertebrate Mollusca Shannon diversity","Southern Fleurieu","South Coast","Period","gaussian","Gaussian (identity link)","nlminb_default",0,"relative convergence (4)","response ~ Period + (1 | Site) + (1 | SamplingDate)","Period","Period-only fixed effect fitted because only one Status level was present",119,6,9,2,1,116,0.025210084033613446,TRUE,TRUE,TRUE,TRUE,62.752972845903855,-26.376486422951928,NA,NA,NA,NA
"M2 invertebrate Mollusca Shannon diversity","Southern Fleurieu","South Coast","Temporal","gaussian","Gaussian (identity link)","nlminb_default",0,"relative convergence (4)","response ~ SamplingDate + (1 | Site)","SamplingDate","Sampling date fitted as a categorical fixed effect; no Date x Status interaction",119,6,9,2,1,116,0.025210084033613446,TRUE,TRUE,TRUE,TRUE,59.97871288508121,-18.989356442540604,NA,NA,NA,NA
"M2 invertebrate Mollusca Shannon diversity","Southern Metro","Adelaide Metro","Period","gaussian","Gaussian (identity link)","nlminb_default",0,"relative convergence (4)","response ~ Period * status + (1 | Site) + (1 | SamplingDate)","Period * status","Full Period x Status interaction fitted",266,14,18,2,2,225,0.15413533834586465,TRUE,TRUE,TRUE,TRUE,224.05606477256364,-105.02803238628182,NA,NA,NA,NA
"M2 invertebrate Mollusca Shannon diversity","Southern Metro","Adelaide Metro","Temporal","gaussian","Gaussian (identity link)","nlminb_default",0,"relative convergence (4)","response ~ SamplingDate + (1 | Site)","SamplingDate","Sampling date fitted as a categorical fixed effect; no Date x Status interaction",266,14,18,2,2,225,0.15413533834586465,TRUE,TRUE,TRUE,TRUE,218.1205199770842,-89.0602599885421,NA,NA,NA,NA
"M2 invertebrate Mollusca Shannon diversity","Southern Yorke","Southern Yorke","Period","gaussian","Gaussian (identity link)","nlminb_default",0,"relative convergence (4)","response ~ Period + (1 | Site) + (1 | SamplingDate)","Period","Period-only fixed effect fitted because only one Status level was present",35,3,4,2,1,29,0.17142857142857143,TRUE,TRUE,TRUE,TRUE,31.67849437514869,-10.839247187574346,NA,NA,NA,NA
"M2 invertebrate Mollusca Shannon diversity","Southern Yorke","Southern Yorke","Temporal","gaussian","Gaussian (identity link)","nlminb_default",0,"relative convergence (4)","response ~ SamplingDate + (1 | Site)","SamplingDate","Sampling date fitted as a categorical fixed effect; no Date x Status interaction",35,3,4,2,1,29,0.17142857142857143,TRUE,TRUE,TRUE,TRUE,24.04533209863218,-6.02266604931609,NA,NA,NA,NA
"M2 invertebrate Mollusca Shannon diversity","Sponge Gardens","Kangaroo Island","Period","gaussian","Gaussian (identity link)","nlminb_default",0,"relative convergence (4)","response ~ Period * status + (1 | Site) + (1 | SamplingDate)","Period * status","Full Period x Status interaction fitted",148,5,10,2,2,88,0.40540540540540543,TRUE,TRUE,TRUE,TRUE,116.49822102145171,-51.249110510725856,NA,NA,NA,NA
"M2 invertebrate Mollusca Shannon diversity","Sponge Gardens","Kangaroo Island","Temporal","gaussian","Gaussian (identity link)","nlminb_default",0,"relative convergence (4)","response ~ SamplingDate + (1 | Site)","SamplingDate","Sampling date fitted as a categorical fixed effect; no Date x Status interaction",148,5,10,2,2,88,0.40540540540540543,TRUE,TRUE,TRUE,TRUE,119.79914373548866,-47.89957186774433,NA,NA,NA,NA
"M2 invertebrate Mollusca Shannon diversity","Upper GSV","Upper Gulf St Vincent","Period","gaussian","Gaussian (identity link)","nlminb_default",0,"relative convergence (4)","response ~ Period + (1 | Site) + (1 | SamplingDate)","Period","Period-only fixed effect fitted because only one Status level was present",92,5,9,2,1,58,0.3695652173913043,TRUE,TRUE,TRUE,TRUE,81.46742749520587,-35.733713747602934,NA,NA,NA,NA
"M2 invertebrate Mollusca Shannon diversity","Upper GSV","Upper Gulf St Vincent","Temporal","gaussian","Gaussian (identity link)","nlminb_default",0,"relative convergence (4)","response ~ SamplingDate + (1 | Site)","SamplingDate","Sampling date fitted as a categorical fixed effect; no Date x Status interaction",92,5,9,2,1,58,0.3695652173913043,TRUE,TRUE,TRUE,TRUE,72.57400248145282,-25.287001240726415,NA,NA,NA,NA
"M1 fish Simpson diversity","Carrickalinga","Fleurieu","Period","gaussian","Gaussian (identity link)","nlminb_default",0,"relative convergence (4)","response ~ Period * status + (1 | Site) + (1 | SamplingDate)","Period * status","Full Period x Status interaction fitted",442,14,19,2,2,440,0.004524886877828055,TRUE,TRUE,TRUE,TRUE,1551.7229451571789,-768.8614725785894,NA,NA,NA,NA
"M1 fish Simpson diversity","Carrickalinga","Fleurieu","Temporal","gaussian","Gaussian (identity link)","nlminb_default",0,"relative convergence (4)","response ~ SamplingDate + (1 | Site)","SamplingDate","Sampling date fitted as a categorical fixed effect; no Date x Status interaction",442,14,19,2,2,440,0.004524886877828055,TRUE,TRUE,TRUE,TRUE,1558.96931778254,-758.48465889127,NA,NA,NA,NA
"M1 fish Simpson diversity","Eastern Spencer Gulf","Eastern Spencer Gulf","Period","gaussian","Gaussian (identity link)","nlminb_default",0,"relative convergence (4)","response ~ Period + (1 | Site) + (1 | SamplingDate)","Period","Period-only fixed effect fitted because only one Status level was present",23,3,3,2,1,23,0,TRUE,TRUE,TRUE,TRUE,95.8098624966741,-42.90493124833705,NA,NA,NA,NA
"M1 fish Simpson diversity","Eastern Spencer Gulf","Eastern Spencer Gulf","Temporal","gaussian","Gaussian (identity link)","nlminb_default",0,"relative convergence (4)","response ~ SamplingDate + (1 | Site)","SamplingDate","Sampling date fitted as a categorical fixed effect; no Date x Status interaction",23,3,3,2,1,23,0,TRUE,TRUE,TRUE,TRUE,87.87820566732475,-38.939102833662375,NA,NA,NA,NA
"M1 fish Simpson diversity","Encounter Bay","South Coast","Period","gaussian","Gaussian (identity link)","nlminb_default",0,"relative convergence (4)","response ~ Period * status + (1 | Site) + (1 | SamplingDate)","Period * status","Full Period x Status interaction fitted",165,7,13,2,2,160,0.030303030303030304,TRUE,TRUE,TRUE,TRUE,575.7557508478004,-280.8778754239002,NA,NA,NA,NA
"M1 fish Simpson diversity","Encounter Bay","South Coast","Temporal","gaussian","Gaussian (identity link)","nlminb_default",0,"relative convergence (4)","response ~ SamplingDate + (1 | Site)","SamplingDate","Sampling date fitted as a categorical fixed effect; no Date x Status interaction",165,7,13,2,2,160,0.030303030303030304,TRUE,TRUE,TRUE,TRUE,581.9270423295726,-275.9635211647863,NA,NA,NA,NA
"M1 fish Simpson diversity","Metro","Adelaide Metro","Period","gaussian","Gaussian (identity link)","nlminb_default",0,"relative convergence (4)","response ~ Period + (1 | Site) + (1 | SamplingDate)","Period","Period-only fixed effect fitted because only one Status level was present",68,3,15,2,1,65,0.04411764705882353,TRUE,TRUE,TRUE,TRUE,165.26301382059543,-77.63150691029772,NA,NA,NA,NA
"M1 fish Simpson diversity","Metro","Adelaide Metro","Temporal","gaussian","Gaussian (identity link)","nlminb_default",0,"relative convergence (4)","response ~ SamplingDate + (1 | Site)","SamplingDate","Sampling date fitted as a categorical fixed effect; no Date x Status interaction",68,3,15,2,1,65,0.04411764705882353,TRUE,TRUE,TRUE,TRUE,154.27024526020682,-60.13512263010341,NA,NA,NA,NA
"M1 fish Simpson diversity","Rapid Head","Fleurieu","Period","gaussian","Gaussian (identity link)","nlminb_default",0,"relative convergence (4)","response ~ Period * status + (1 | Site) + (1 | SamplingDate)","Period * status","Full Period x Status interaction fitted",474,10,22,2,2,474,0,TRUE,TRUE,TRUE,TRUE,1775.5561022427935,-880.7780511213967,NA,NA,NA,NA
"M1 fish Simpson diversity","Rapid Head","Fleurieu","Temporal","gaussian","Gaussian (identity link)","nlminb_default",0,"relative convergence (4)","response ~ SamplingDate + (1 | Site)","SamplingDate","Sampling date fitted as a categorical fixed effect; no Date x Status interaction",474,10,22,2,2,474,0,TRUE,TRUE,TRUE,TRUE,1767.681199795279,-859.8405998976395,NA,NA,NA,NA
"M1 fish Simpson diversity","Southern Fleurieu","South Coast","Period","gaussian","Gaussian (identity link)","nlminb_default",0,"relative convergence (4)","response ~ Period + (1 | Site) + (1 | SamplingDate)","Period","Period-only fixed effect fitted because only one Status level was present",117,6,9,2,1,117,0,TRUE,TRUE,TRUE,TRUE,334.561029910923,-162.2805149554615,NA,NA,NA,NA
"M1 fish Simpson diversity","Southern Fleurieu","South Coast","Temporal","gaussian","Gaussian (identity link)","nlminb_default",0,"relative convergence (4)","response ~ SamplingDate + (1 | Site)","SamplingDate","Sampling date fitted as a categorical fixed effect; no Date x Status interaction",117,6,9,2,1,117,0,TRUE,TRUE,TRUE,TRUE,338.2900128842142,-158.1450064421071,NA,NA,NA,NA
"M1 fish Simpson diversity","Southern Metro","Adelaide Metro","Period","gaussian","Gaussian (identity link)","nlminb_default",0,"relative convergence (4)","response ~ Period * status + (1 | Site) + (1 | SamplingDate)","Period * status","Full Period x Status interaction fitted",266,14,18,2,2,263,0.011278195488721804,TRUE,TRUE,TRUE,TRUE,888.196373879932,-437.098186939966,NA,NA,NA,NA
"M1 fish Simpson diversity","Southern Metro","Adelaide Metro","Temporal","gaussian","Gaussian (identity link)","nlminb_default",0,"relative convergence (4)","response ~ SamplingDate + (1 | Site)","SamplingDate","Sampling date fitted as a categorical fixed effect; no Date x Status interaction",266,14,18,2,2,263,0.011278195488721804,TRUE,TRUE,TRUE,TRUE,885.0826063828101,-422.54130319140506,NA,NA,NA,NA
"M1 fish Simpson diversity","Southern Yorke","Southern Yorke","Period","gaussian","Gaussian (identity link)","nlminb_default",0,"relative convergence (4)","response ~ Period + (1 | Site) + (1 | SamplingDate)","Period","Period-only fixed effect fitted because only one Status level was present",26,3,3,2,1,26,0,TRUE,TRUE,TRUE,TRUE,106.84904209436316,-48.42452104718158,NA,NA,NA,NA
"M1 fish Simpson diversity","Southern Yorke","Southern Yorke","Temporal","gaussian","Gaussian (identity link)","nlminb_default",0,"relative convergence (4)","response ~ SamplingDate + (1 | Site)","SamplingDate","Sampling date fitted as a categorical fixed effect; no Date x Status interaction",26,3,3,2,1,26,0,TRUE,TRUE,TRUE,TRUE,102.98586692063004,-46.49293346031502,NA,NA,NA,NA
"M1 fish Simpson diversity","Sponge Gardens","Kangaroo Island","Period","gaussian","Gaussian (identity link)","nlminb_default",0,"relative convergence (4)","response ~ Period * status + (1 | Site) + (1 | SamplingDate)","Period * status","Full Period x Status interaction fitted",148,5,10,2,2,148,0,TRUE,TRUE,TRUE,TRUE,568.7406584022871,-277.37032920114353,NA,NA,NA,NA
"M1 fish Simpson diversity","Sponge Gardens","Kangaroo Island","Temporal","gaussian","Gaussian (identity link)","nlminb_default",0,"relative convergence (4)","response ~ SamplingDate + (1 | Site)","SamplingDate","Sampling date fitted as a categorical fixed effect; no Date x Status interaction",148,5,10,2,2,148,0,TRUE,TRUE,TRUE,TRUE,564.1552368393396,-270.0776184196698,NA,NA,NA,NA
"M1 fish Simpson diversity","Upper GSV","Upper Gulf St Vincent","Period","gaussian","Gaussian (identity link)","nlminb_default",0,"relative convergence (4)","response ~ Period + (1 | Site) + (1 | SamplingDate)","Period","Period-only fixed effect fitted because only one Status level was present",92,5,9,2,1,82,0.10869565217391304,TRUE,TRUE,TRUE,TRUE,210.36246134728387,-100.18123067364193,NA,NA,NA,NA
"M1 fish Simpson diversity","Upper GSV","Upper Gulf St Vincent","Temporal","gaussian","Gaussian (identity link)","nlminb_default",0,"relative convergence (4)","response ~ SamplingDate + (1 | Site)","SamplingDate","Sampling date fitted as a categorical fixed effect; no Date x Status interaction",92,5,9,2,1,82,0.10869565217391304,TRUE,TRUE,TRUE,TRUE,210.54621070203493,-94.27310535101746,NA,NA,NA,NA
"M2 fish Simpson diversity","Carrickalinga","Fleurieu","Period","gaussian","Gaussian (identity link)","nlminb_default",0,"relative convergence (4)","response ~ Period * status + (1 | Site) + (1 | SamplingDate)","Period * status","Full Period x Status interaction fitted",439,14,19,2,2,359,0.18223234624145787,TRUE,TRUE,TRUE,TRUE,874.0892230691047,-430.04461153455236,NA,NA,NA,NA
"M2 fish Simpson diversity","Carrickalinga","Fleurieu","Temporal","gaussian","Gaussian (identity link)","nlminb_default",0,"relative convergence (4)","response ~ SamplingDate + (1 | Site)","SamplingDate","Sampling date fitted as a categorical fixed effect; no Date x Status interaction",439,14,19,2,2,359,0.18223234624145787,TRUE,TRUE,TRUE,TRUE,852.7685207098292,-405.3842603549146,NA,NA,NA,NA
"M2 fish Simpson diversity","Eastern Spencer Gulf","Eastern Spencer Gulf","Period","gaussian","Gaussian (identity link)","nlminb_default",0,"relative convergence (4)","response ~ Period + (1 | Site) + (1 | SamplingDate)","Period","Period-only fixed effect fitted because only one Status level was present",27,3,4,2,1,16,0.4074074074074074,TRUE,TRUE,TRUE,TRUE,59.400629058061526,-24.700314529030763,NA,NA,NA,NA
"M2 fish Simpson diversity","Eastern Spencer Gulf","Eastern Spencer Gulf","Temporal","gaussian","Gaussian (identity link)","nlminb_default",0,"relative convergence (4)","response ~ SamplingDate + (1 | Site)","SamplingDate","Sampling date fitted as a categorical fixed effect; no Date x Status interaction",27,3,4,2,1,16,0.4074074074074074,TRUE,TRUE,TRUE,TRUE,58.40011058356287,-23.200055291781435,NA,NA,NA,NA
"M2 fish Simpson diversity","Encounter Bay","South Coast","Period","gaussian","Gaussian (identity link)","nlminb_default",0,"relative convergence (4)","response ~ Period * status + (1 | Site) + (1 | SamplingDate)","Period * status","Full Period x Status interaction fitted",177,7,14,2,2,77,0.5649717514124294,TRUE,TRUE,TRUE,TRUE,250.55888273450267,-118.27944136725134,NA,NA,NA,NA
"M2 fish Simpson diversity","Encounter Bay","South Coast","Temporal","gaussian","Gaussian (identity link)","nlminb_default",0,"relative convergence (4)","response ~ SamplingDate + (1 | Site)","SamplingDate","Sampling date fitted as a categorical fixed effect; no Date x Status interaction",177,7,14,2,2,77,0.5649717514124294,TRUE,TRUE,TRUE,TRUE,242.23930303028956,-105.11965151514478,NA,NA,NA,NA
"M2 fish Simpson diversity","Metro","Adelaide Metro","Period","gaussian","Gaussian (identity link)","nlminb_default",0,"relative convergence (4)","response ~ Period + (1 | Site) + (1 | SamplingDate)","Period","Period-only fixed effect fitted because only one Status level was present",68,3,15,2,1,61,0.10294117647058823,TRUE,TRUE,TRUE,TRUE,119.53483314950952,-54.76741657475476,NA,NA,NA,NA
"M2 fish Simpson diversity","Metro","Adelaide Metro","Temporal","gaussian","Gaussian (identity link)","nlminb_default",0,"relative convergence (4)","response ~ SamplingDate + (1 | Site)","SamplingDate","Sampling date fitted as a categorical fixed effect; no Date x Status interaction",68,3,15,2,1,61,0.10294117647058823,TRUE,TRUE,TRUE,TRUE,101.9766279096467,-33.98831395482335,NA,NA,NA,NA
"M2 fish Simpson diversity","Rapid Head","Fleurieu","Period","gaussian","Gaussian (identity link)","nlminb_default",0,"relative convergence (4)","response ~ Period * status + (1 | Site) + (1 | SamplingDate)","Period * status","Full Period x Status interaction fitted",469,10,22,2,2,386,0.17697228144989338,TRUE,TRUE,TRUE,TRUE,1112.696456138645,-549.3482280693225,NA,NA,NA,NA
"M2 fish Simpson diversity","Rapid Head","Fleurieu","Temporal","gaussian","Gaussian (identity link)","nlminb_default",0,"relative convergence (4)","response ~ SamplingDate + (1 | Site)","SamplingDate","Sampling date fitted as a categorical fixed effect; no Date x Status interaction",469,10,22,2,2,386,0.17697228144989338,TRUE,TRUE,TRUE,TRUE,1105.7282346328307,-528.8641173164153,NA,NA,NA,NA
"M2 fish Simpson diversity","Southern Fleurieu","South Coast","Period","gaussian","Gaussian (identity link)","nlminb_default",0,"relative convergence (4)","response ~ Period + (1 | Site) + (1 | SamplingDate)","Period","Period-only fixed effect fitted because only one Status level was present",119,6,9,2,1,54,0.5462184873949579,TRUE,TRUE,TRUE,TRUE,142.44610316234545,-66.22305158117273,NA,NA,NA,NA
"M2 fish Simpson diversity","Southern Fleurieu","South Coast","Temporal","gaussian","Gaussian (identity link)","nlminb_default",0,"relative convergence (4)","response ~ SamplingDate + (1 | Site)","SamplingDate","Sampling date fitted as a categorical fixed effect; no Date x Status interaction",119,6,9,2,1,54,0.5462184873949579,TRUE,TRUE,TRUE,TRUE,133.10709486388424,-55.55354743194213,NA,NA,NA,NA
"M2 fish Simpson diversity","Southern Metro","Adelaide Metro","Period","gaussian","Gaussian (identity link)","nlminb_default",0,"relative convergence (4)","response ~ Period * status + (1 | Site) + (1 | SamplingDate)","Period * status","Full Period x Status interaction fitted",264,14,18,2,2,232,0.12121212121212122,TRUE,TRUE,TRUE,TRUE,531.4525314643595,-258.72626573217974,NA,NA,NA,NA
"M2 fish Simpson diversity","Southern Metro","Adelaide Metro","Temporal","gaussian","Gaussian (identity link)","nlminb_default",0,"relative convergence (4)","response ~ SamplingDate + (1 | Site)","SamplingDate","Sampling date fitted as a categorical fixed effect; no Date x Status interaction",264,14,18,2,2,232,0.12121212121212122,TRUE,TRUE,TRUE,TRUE,523.6234043530003,-241.81170217650018,NA,NA,NA,NA
"M2 fish Simpson diversity","Southern Yorke","Southern Yorke","Period","gaussian","Gaussian (identity link)","nlminb_default",0,"relative convergence (4)","response ~ Period + (1 | Site) + (1 | SamplingDate)","Period","Period-only fixed effect fitted because only one Status level was present",34,3,4,2,1,22,0.35294117647058826,TRUE,TRUE,TRUE,TRUE,82.72760724084802,-36.36380362042401,NA,NA,NA,NA
"M2 fish Simpson diversity","Southern Yorke","Southern Yorke","Temporal","gaussian","Gaussian (identity link)","nlminb_default",0,"relative convergence (4)","response ~ SamplingDate + (1 | Site)","SamplingDate","Sampling date fitted as a categorical fixed effect; no Date x Status interaction",34,3,4,2,1,22,0.35294117647058826,TRUE,TRUE,TRUE,TRUE,81.59206026205162,-34.79603013102581,NA,NA,NA,NA
"M2 fish Simpson diversity","Sponge Gardens","Kangaroo Island","Period","gaussian","Gaussian (identity link)","nlminb_default",0,"relative convergence (4)","response ~ Period * status + (1 | Site) + (1 | SamplingDate)","Period * status","Full Period x Status interaction fitted",148,5,10,2,2,134,0.0945945945945946,TRUE,TRUE,TRUE,TRUE,278.31662554780047,-132.15831277390024,NA,NA,NA,NA
"M2 fish Simpson diversity","Sponge Gardens","Kangaroo Island","Temporal","gaussian","Gaussian (identity link)","nlminb_default",0,"relative convergence (4)","response ~ SamplingDate + (1 | Site)","SamplingDate","Sampling date fitted as a categorical fixed effect; no Date x Status interaction",148,5,10,2,2,134,0.0945945945945946,TRUE,TRUE,TRUE,TRUE,278.4518174297716,-127.22590871488582,NA,NA,NA,NA
"M2 fish Simpson diversity","Upper GSV","Upper Gulf St Vincent","Period","gaussian","Gaussian (identity link)","nlminb_default",0,"relative convergence (4)","response ~ Period + (1 | Site) + (1 | SamplingDate)","Period","Period-only fixed effect fitted because only one Status level was present",92,5,9,2,1,77,0.16304347826086957,TRUE,TRUE,TRUE,TRUE,167.7946317539453,-78.89731587697266,NA,NA,NA,NA
"M2 fish Simpson diversity","Upper GSV","Upper Gulf St Vincent","Temporal","gaussian","Gaussian (identity link)","nlminb_default",0,"relative convergence (4)","response ~ SamplingDate + (1 | Site)","SamplingDate","Sampling date fitted as a categorical fixed effect; no Date x Status interaction",92,5,9,2,1,77,0.16304347826086957,TRUE,TRUE,TRUE,TRUE,158.8630802499586,-68.4315401249793,NA,NA,NA,NA
"M2 invertebrate Simpson diversity","Carrickalinga","Fleurieu","Period","gaussian","Gaussian (identity link)","nlminb_default",0,"relative convergence (4)","response ~ Period * status + (1 | Site) + (1 | SamplingDate)","Period * status","Full Period x Status interaction fitted",442,14,19,2,2,438,0.00904977375565611,TRUE,TRUE,TRUE,TRUE,1510.5325699885325,-748.2662849942662,NA,NA,NA,NA
"M2 invertebrate Simpson diversity","Carrickalinga","Fleurieu","Temporal","gaussian","Gaussian (identity link)","nlminb_default",0,"relative convergence (4)","response ~ SamplingDate + (1 | Site)","SamplingDate","Sampling date fitted as a categorical fixed effect; no Date x Status interaction",442,14,19,2,2,438,0.00904977375565611,TRUE,TRUE,TRUE,TRUE,1491.9289798301302,-724.9644899150651,NA,NA,NA,NA
"M2 invertebrate Simpson diversity","Eastern Spencer Gulf","Eastern Spencer Gulf","Period","gaussian","Gaussian (identity link)","nlminb_default",0,"relative convergence (4)","response ~ Period + (1 | Site) + (1 | SamplingDate)","Period","Period-only fixed effect fitted because only one Status level was present",27,3,4,2,1,27,0,TRUE,TRUE,TRUE,TRUE,96.6516108521128,-43.3258054260564,NA,NA,NA,NA
"M2 invertebrate Simpson diversity","Eastern Spencer Gulf","Eastern Spencer Gulf","Temporal","gaussian","Gaussian (identity link)","nlminb_default",0,"relative convergence (4)","response ~ SamplingDate + (1 | Site)","SamplingDate","Sampling date fitted as a categorical fixed effect; no Date x Status interaction",27,3,4,2,1,27,0,TRUE,TRUE,TRUE,TRUE,96.85196623448054,-42.42598311724027,NA,NA,NA,NA
"M2 invertebrate Simpson diversity","Encounter Bay","South Coast","Period","gaussian","Gaussian (identity link)","nlminb_default",0,"relative convergence (4)","response ~ Period * status + (1 | Site) + (1 | SamplingDate)","Period * status","Full Period x Status interaction fitted",177,7,14,2,2,177,0,TRUE,TRUE,TRUE,TRUE,587.1974750661823,-286.59873753309114,NA,NA,NA,NA
"M2 invertebrate Simpson diversity","Encounter Bay","South Coast","Temporal","gaussian","Gaussian (identity link)","nlminb_default",0,"relative convergence (4)","response ~ SamplingDate + (1 | Site)","SamplingDate","Sampling date fitted as a categorical fixed effect; no Date x Status interaction",177,7,14,2,2,177,0,TRUE,TRUE,TRUE,TRUE,578.6757779424606,-273.3378889712303,NA,NA,NA,NA
"M2 invertebrate Simpson diversity","Metro","Adelaide Metro","Period","gaussian","Gaussian (identity link)","nlminb_default",0,"relative convergence (4)","response ~ Period + (1 | Site) + (1 | SamplingDate)","Period","Period-only fixed effect fitted because only one Status level was present",68,3,15,2,1,68,0,TRUE,TRUE,TRUE,TRUE,264.20379506442714,-127.10189753221356,NA,NA,NA,NA
"M2 invertebrate Simpson diversity","Metro","Adelaide Metro","Temporal","gaussian","Gaussian (identity link)","nlminb_default",0,"relative convergence (4)","response ~ SamplingDate + (1 | Site)","SamplingDate","Sampling date fitted as a categorical fixed effect; no Date x Status interaction",68,3,15,2,1,68,0,TRUE,TRUE,TRUE,TRUE,251.82033697844776,-108.91016848922388,NA,NA,NA,NA
"M2 invertebrate Simpson diversity","Rapid Head","Fleurieu","Period","gaussian","Gaussian (identity link)","nlminb_default",0,"relative convergence (4)","response ~ Period * status + (1 | Site) + (1 | SamplingDate)","Period * status","Full Period x Status interaction fitted",469,10,22,2,2,468,0.0021321961620469083,TRUE,TRUE,TRUE,TRUE,1666.778778370131,-826.3893891850655,NA,NA,NA,NA
"M2 invertebrate Simpson diversity","Rapid Head","Fleurieu","Temporal","gaussian","Gaussian (identity link)","nlminb_default",0,"relative convergence (4)","response ~ SamplingDate + (1 | Site)","SamplingDate","Sampling date fitted as a categorical fixed effect; no Date x Status interaction",469,10,22,2,2,468,0.0021321961620469083,TRUE,TRUE,TRUE,TRUE,1666.1070951576796,-809.0535475788398,NA,NA,NA,NA
"M2 invertebrate Simpson diversity","Southern Fleurieu","South Coast","Period","gaussian","Gaussian (identity link)","nlminb_default",0,"relative convergence (4)","response ~ Period + (1 | Site) + (1 | SamplingDate)","Period","Period-only fixed effect fitted because only one Status level was present",119,6,9,2,1,119,0,TRUE,TRUE,TRUE,TRUE,415.6882092675347,-202.84410463376736,NA,NA,NA,NA
"M2 invertebrate Simpson diversity","Southern Fleurieu","South Coast","Temporal","gaussian","Gaussian (identity link)","nlminb_default",0,"relative convergence (4)","response ~ SamplingDate + (1 | Site)","SamplingDate","Sampling date fitted as a categorical fixed effect; no Date x Status interaction",119,6,9,2,1,119,0,TRUE,TRUE,TRUE,TRUE,409.83547981051925,-193.91773990525962,NA,NA,NA,NA
"M2 invertebrate Simpson diversity","Southern Metro","Adelaide Metro","Period","gaussian","Gaussian (identity link)","nlminb_default",0,"relative convergence (4)","response ~ Period * status + (1 | Site) + (1 | SamplingDate)","Period * status","Full Period x Status interaction fitted",266,14,18,2,2,265,0.0037593984962406013,TRUE,TRUE,TRUE,TRUE,959.1705561470868,-472.5852780735434,NA,NA,NA,NA
"M2 invertebrate Simpson diversity","Southern Metro","Adelaide Metro","Temporal","gaussian","Gaussian (identity link)","nlminb_default",0,"relative convergence (4)","response ~ SamplingDate + (1 | Site)","SamplingDate","Sampling date fitted as a categorical fixed effect; no Date x Status interaction",266,14,18,2,2,265,0.0037593984962406013,TRUE,TRUE,TRUE,TRUE,970.0362049502982,-465.0181024751491,NA,NA,NA,NA
"M2 invertebrate Simpson diversity","Southern Yorke","Southern Yorke","Period","gaussian","Gaussian (identity link)","nlminb_default",0,"relative convergence (4)","response ~ Period + (1 | Site) + (1 | SamplingDate)","Period","Period-only fixed effect fitted because only one Status level was present",35,3,4,2,1,35,0,TRUE,TRUE,TRUE,TRUE,113.7256587587666,-51.8628293793833,NA,NA,NA,NA
"M2 invertebrate Simpson diversity","Southern Yorke","Southern Yorke","Temporal","gaussian","Gaussian (identity link)","nlminb_default",0,"relative convergence (4)","response ~ SamplingDate + (1 | Site)","SamplingDate","Sampling date fitted as a categorical fixed effect; no Date x Status interaction",35,3,4,2,1,35,0,TRUE,TRUE,TRUE,TRUE,115.38340056186685,-51.691700280933425,NA,NA,NA,NA
"M2 invertebrate Simpson diversity","Sponge Gardens","Kangaroo Island","Period","gaussian","Gaussian (identity link)","nlminb_default",0,"relative convergence (4)","response ~ Period * status + (1 | Site) + (1 | SamplingDate)","Period * status","Full Period x Status interaction fitted",148,5,10,2,2,148,0,TRUE,TRUE,TRUE,TRUE,444.13102680769975,-215.06551340384988,NA,NA,NA,NA
"M2 invertebrate Simpson diversity","Sponge Gardens","Kangaroo Island","Temporal","gaussian","Gaussian (identity link)","nlminb_default",0,"relative convergence (4)","response ~ SamplingDate + (1 | Site)","SamplingDate","Sampling date fitted as a categorical fixed effect; no Date x Status interaction",148,5,10,2,2,148,0,TRUE,TRUE,TRUE,TRUE,459.298888152896,-217.649444076448,NA,NA,NA,NA
"M2 invertebrate Simpson diversity","Upper GSV","Upper Gulf St Vincent","Period","gaussian","Gaussian (identity link)","nlminb_default",0,"relative convergence (4)","response ~ Period + (1 | Site) + (1 | SamplingDate)","Period","Period-only fixed effect fitted because only one Status level was present",92,5,9,2,1,89,0.03260869565217391,TRUE,TRUE,TRUE,TRUE,286.3571247483776,-138.1785623741888,NA,NA,NA,NA
"M2 invertebrate Simpson diversity","Upper GSV","Upper Gulf St Vincent","Temporal","gaussian","Gaussian (identity link)","nlminb_default",0,"relative convergence (4)","response ~ SamplingDate + (1 | Site)","SamplingDate","Sampling date fitted as a categorical fixed effect; no Date x Status interaction",92,5,9,2,1,89,0.03260869565217391,TRUE,TRUE,TRUE,TRUE,282.4176838821038,-130.2088419410519,NA,NA,NA,NA
"M2 invertebrate Echinodermata Simpson diversity","Carrickalinga","Fleurieu","Period","gaussian","Gaussian (identity link)","nlminb_default",0,"relative convergence (4)","response ~ Period * status + (1 | Site) + (1 | SamplingDate)","Period * status","Full Period x Status interaction fitted",442,14,19,2,2,412,0.06787330316742081,TRUE,TRUE,TRUE,TRUE,1177.3500316103923,-581.6750158051962,NA,NA,NA,NA
"M2 invertebrate Echinodermata Simpson diversity","Carrickalinga","Fleurieu","Temporal","gaussian","Gaussian (identity link)","nlminb_default",0,"relative convergence (4)","response ~ SamplingDate + (1 | Site)","SamplingDate","Sampling date fitted as a categorical fixed effect; no Date x Status interaction",442,14,19,2,2,412,0.06787330316742081,TRUE,TRUE,TRUE,TRUE,1180.1128382387426,-569.0564191193713,NA,NA,NA,NA
"M2 invertebrate Echinodermata Simpson diversity","Eastern Spencer Gulf","Eastern Spencer Gulf","Period","gaussian","Gaussian (identity link)","nlminb_default",0,"relative convergence (4)","response ~ Period + (1 | Site) + (1 | SamplingDate)","Period","Period-only fixed effect fitted because only one Status level was present",27,3,4,2,1,18,0.3333333333333333,TRUE,TRUE,TRUE,TRUE,68.27009396109653,-29.135046980548267,NA,NA,NA,NA
"M2 invertebrate Echinodermata Simpson diversity","Eastern Spencer Gulf","Eastern Spencer Gulf","Temporal","gaussian","Gaussian (identity link)","nlminb_default",0,"relative convergence (4)","response ~ SamplingDate + (1 | Site)","SamplingDate","Sampling date fitted as a categorical fixed effect; no Date x Status interaction",27,3,4,2,1,18,0.3333333333333333,TRUE,TRUE,TRUE,TRUE,64.48987365915103,-26.244936829575515,NA,NA,NA,NA
"M2 invertebrate Echinodermata Simpson diversity","Encounter Bay","South Coast","Period","gaussian","Gaussian (identity link)","nlminb_default",0,"relative convergence (4)","response ~ Period * status + (1 | Site) + (1 | SamplingDate)","Period * status","Full Period x Status interaction fitted",177,7,14,2,2,174,0.01694915254237288,TRUE,TRUE,TRUE,TRUE,430.65157676376907,-208.32578838188454,NA,NA,NA,NA
"M2 invertebrate Echinodermata Simpson diversity","Encounter Bay","South Coast","Temporal","gaussian","Gaussian (identity link)","nlminb_default",0,"relative convergence (4)","response ~ SamplingDate + (1 | Site)","SamplingDate","Sampling date fitted as a categorical fixed effect; no Date x Status interaction",177,7,14,2,2,174,0.01694915254237288,TRUE,TRUE,TRUE,TRUE,415.47360065550674,-191.73680032775337,NA,NA,NA,NA
"M2 invertebrate Echinodermata Simpson diversity","Metro","Adelaide Metro","Period","gaussian","Gaussian (identity link)","nlminb_default",0,"relative convergence (4)","response ~ Period + (1 | Site) + (1 | SamplingDate)","Period","Period-only fixed effect fitted because only one Status level was present",68,3,15,2,1,62,0.08823529411764706,TRUE,TRUE,TRUE,TRUE,192.5164670684436,-91.2582335342218,NA,NA,NA,NA
"M2 invertebrate Echinodermata Simpson diversity","Metro","Adelaide Metro","Temporal","gaussian","Gaussian (identity link)","nlminb_default",0,"relative convergence (4)","response ~ SamplingDate + (1 | Site)","SamplingDate","Sampling date fitted as a categorical fixed effect; no Date x Status interaction",68,3,15,2,1,62,0.08823529411764706,TRUE,TRUE,TRUE,TRUE,187.6135123925157,-76.80675619625785,NA,NA,NA,NA
"M2 invertebrate Echinodermata Simpson diversity","Rapid Head","Fleurieu","Period","gaussian","Gaussian (identity link)","nlminb_default",0,"relative convergence (4)","response ~ Period * status + (1 | Site) + (1 | SamplingDate)","Period * status","Full Period x Status interaction fitted",469,10,22,2,2,460,0.019189765458422176,TRUE,TRUE,TRUE,TRUE,1339.2018750429313,-662.6009375214657,NA,NA,NA,NA
"M2 invertebrate Echinodermata Simpson diversity","Rapid Head","Fleurieu","Temporal","gaussian","Gaussian (identity link)","nlminb_default",0,"relative convergence (4)","response ~ SamplingDate + (1 | Site)","SamplingDate","Sampling date fitted as a categorical fixed effect; no Date x Status interaction",469,10,22,2,2,460,0.019189765458422176,TRUE,TRUE,TRUE,TRUE,1336.2978992738495,-644.1489496369247,NA,NA,NA,NA
"M2 invertebrate Echinodermata Simpson diversity","Southern Fleurieu","South Coast","Period","gaussian","Gaussian (identity link)","nlminb_default",0,"relative convergence (4)","response ~ Period + (1 | Site) + (1 | SamplingDate)","Period","Period-only fixed effect fitted because only one Status level was present",119,6,9,2,1,109,0.08403361344537816,TRUE,TRUE,TRUE,TRUE,371.6214969408144,-180.8107484704072,NA,NA,NA,NA
"M2 invertebrate Echinodermata Simpson diversity","Southern Fleurieu","South Coast","Temporal","gaussian","Gaussian (identity link)","nlminb_default",0,"relative convergence (4)","response ~ SamplingDate + (1 | Site)","SamplingDate","Sampling date fitted as a categorical fixed effect; no Date x Status interaction",119,6,9,2,1,109,0.08403361344537816,TRUE,TRUE,TRUE,TRUE,366.8013452182449,-172.40067260912244,NA,NA,NA,NA
"M2 invertebrate Echinodermata Simpson diversity","Southern Metro","Adelaide Metro","Period","gaussian","Gaussian (identity link)","nlminb_default",0,"relative convergence (4)","response ~ Period * status + (1 | Site) + (1 | SamplingDate)","Period * status","Full Period x Status interaction fitted",266,14,18,2,2,241,0.09398496240601503,TRUE,TRUE,TRUE,TRUE,743.2682807297547,-364.63414036487734,NA,NA,NA,NA
"M2 invertebrate Echinodermata Simpson diversity","Southern Metro","Adelaide Metro","Temporal","gaussian","Gaussian (identity link)","nlminb_default",0,"relative convergence (4)","response ~ SamplingDate + (1 | Site)","SamplingDate","Sampling date fitted as a categorical fixed effect; no Date x Status interaction",266,14,18,2,2,241,0.09398496240601503,TRUE,TRUE,TRUE,TRUE,731.8213044402404,-345.9106522201202,NA,NA,NA,NA
"M2 invertebrate Echinodermata Simpson diversity","Southern Yorke","Southern Yorke","Period","gaussian","Gaussian (identity link)","nlminb_default",0,"relative convergence (4)","response ~ Period + (1 | Site) + (1 | SamplingDate)","Period","Period-only fixed effect fitted because only one Status level was present",35,3,4,2,1,35,0,TRUE,TRUE,TRUE,TRUE,74.38044588540566,-32.19022294270283,NA,NA,NA,NA
"M2 invertebrate Echinodermata Simpson diversity","Southern Yorke","Southern Yorke","Temporal","gaussian","Gaussian (identity link)","nlminb_default",0,"relative convergence (4)","response ~ SamplingDate + (1 | Site)","SamplingDate","Sampling date fitted as a categorical fixed effect; no Date x Status interaction",35,3,4,2,1,35,0,TRUE,TRUE,TRUE,TRUE,75.99073880308237,-31.995369401541186,NA,NA,NA,NA
"M2 invertebrate Echinodermata Simpson diversity","Sponge Gardens","Kangaroo Island","Period","gaussian","Gaussian (identity link)","nlminb_default",0,"relative convergence (4)","response ~ Period * status + (1 | Site) + (1 | SamplingDate)","Period * status","Full Period x Status interaction fitted",148,5,10,2,2,141,0.0472972972972973,TRUE,TRUE,TRUE,TRUE,325.57799491319184,-155.78899745659592,NA,NA,NA,NA
"M2 invertebrate Echinodermata Simpson diversity","Sponge Gardens","Kangaroo Island","Temporal","gaussian","Gaussian (identity link)","nlminb_default",0,"relative convergence (4)","response ~ SamplingDate + (1 | Site)","SamplingDate","Sampling date fitted as a categorical fixed effect; no Date x Status interaction",148,5,10,2,2,141,0.0472972972972973,TRUE,TRUE,TRUE,TRUE,323.8243327309651,-149.91216636548256,NA,NA,NA,NA
"M2 invertebrate Echinodermata Simpson diversity","Upper GSV","Upper Gulf St Vincent","Period","gaussian","Gaussian (identity link)","nlminb_default",0,"relative convergence (4)","response ~ Period + (1 | Site) + (1 | SamplingDate)","Period","Period-only fixed effect fitted because only one Status level was present",92,5,9,2,1,73,0.20652173913043478,TRUE,TRUE,TRUE,TRUE,164.9792424747206,-77.4896212373603,NA,NA,NA,NA
"M2 invertebrate Echinodermata Simpson diversity","Upper GSV","Upper Gulf St Vincent","Temporal","gaussian","Gaussian (identity link)","nlminb_default",0,"relative convergence (4)","response ~ SamplingDate + (1 | Site)","SamplingDate","Sampling date fitted as a categorical fixed effect; no Date x Status interaction",92,5,9,2,1,73,0.20652173913043478,TRUE,TRUE,TRUE,TRUE,155.38151077398936,-66.69075538699468,NA,NA,NA,NA
"M2 invertebrate Arthropoda Simpson diversity","Carrickalinga","Fleurieu","Period","gaussian","Gaussian (identity link)","nlminb_default",0,"relative convergence (4)","response ~ Period * status + (1 | Site) + (1 | SamplingDate)","Period * status","Full Period x Status interaction fitted",442,14,19,2,2,331,0.251131221719457,TRUE,TRUE,TRUE,TRUE,715.9050824996676,-350.9525412498338,NA,NA,NA,NA
"M2 invertebrate Arthropoda Simpson diversity","Carrickalinga","Fleurieu","Temporal","gaussian","Gaussian (identity link)","nlminb_default",0,"relative convergence (4)","response ~ SamplingDate + (1 | Site)","SamplingDate","Sampling date fitted as a categorical fixed effect; no Date x Status interaction",442,14,19,2,2,331,0.251131221719457,TRUE,TRUE,TRUE,TRUE,718.6018559669105,-338.30092798345527,NA,NA,NA,NA
"M2 invertebrate Arthropoda Simpson diversity","Eastern Spencer Gulf","Eastern Spencer Gulf","Period","gaussian","Gaussian (identity link)","nlminb_default",0,"relative convergence (4)","response ~ Period + (1 | Site) + (1 | SamplingDate)","Period","Period-only fixed effect fitted because only one Status level was present",27,3,4,2,1,20,0.25925925925925924,TRUE,TRUE,TRUE,TRUE,63.01066256288195,-26.505331281440974,NA,NA,NA,NA
"M2 invertebrate Arthropoda Simpson diversity","Eastern Spencer Gulf","Eastern Spencer Gulf","Temporal","gaussian","Gaussian (identity link)","nlminb_default",0,"relative convergence (4)","response ~ SamplingDate + (1 | Site)","SamplingDate","Sampling date fitted as a categorical fixed effect; no Date x Status interaction",27,3,4,2,1,20,0.25925925925925924,TRUE,TRUE,TRUE,TRUE,63.8036001580821,-25.90180007904105,NA,NA,NA,NA
"M2 invertebrate Arthropoda Simpson diversity","Encounter Bay","South Coast","Period","gaussian","Gaussian (identity link)","nlminb_default",0,"relative convergence (4)","response ~ Period * status + (1 | Site) + (1 | SamplingDate)","Period * status","Full Period x Status interaction fitted",177,7,14,2,2,159,0.1016949152542373,TRUE,TRUE,TRUE,TRUE,325.05675292110584,-155.52837646055292,NA,NA,NA,NA
"M2 invertebrate Arthropoda Simpson diversity","Encounter Bay","South Coast","Temporal","gaussian","Gaussian (identity link)","nlminb_default",0,"relative convergence (4)","response ~ SamplingDate + (1 | Site)","SamplingDate","Sampling date fitted as a categorical fixed effect; no Date x Status interaction",177,7,14,2,2,159,0.1016949152542373,TRUE,TRUE,TRUE,TRUE,314.73202198292444,-141.36601099146222,NA,NA,NA,NA
"M2 invertebrate Arthropoda Simpson diversity","Metro","Adelaide Metro","Period","gaussian","Gaussian (identity link)","nlminb_default",0,"relative convergence (4)","response ~ Period + (1 | Site) + (1 | SamplingDate)","Period","Period-only fixed effect fitted because only one Status level was present",68,3,15,2,1,67,0.014705882352941176,TRUE,TRUE,TRUE,TRUE,157.73204980802237,-73.86602490401118,NA,NA,NA,NA
"M2 invertebrate Arthropoda Simpson diversity","Metro","Adelaide Metro","Temporal","gaussian","Gaussian (identity link)","nlminb_default",0,"relative convergence (4)","response ~ SamplingDate + (1 | Site)","SamplingDate","Sampling date fitted as a categorical fixed effect; no Date x Status interaction",68,3,15,2,1,67,0.014705882352941176,TRUE,TRUE,TRUE,TRUE,149.09945390955784,-57.54972695477892,NA,NA,NA,NA
"M2 invertebrate Arthropoda Simpson diversity","Rapid Head","Fleurieu","Period","gaussian","Gaussian (identity link)","nlminb_default",0,"relative convergence (4)","response ~ Period * status + (1 | Site) + (1 | SamplingDate)","Period * status","Full Period x Status interaction fitted",469,10,22,2,2,313,0.3326226012793177,TRUE,TRUE,TRUE,TRUE,801.9524859866802,-393.9762429933401,NA,NA,NA,NA
"M2 invertebrate Arthropoda Simpson diversity","Rapid Head","Fleurieu","Temporal","gaussian","Gaussian (identity link)","nlminb_default",0,"relative convergence (4)","response ~ SamplingDate + (1 | Site)","SamplingDate","Sampling date fitted as a categorical fixed effect; no Date x Status interaction",469,10,22,2,2,313,0.3326226012793177,TRUE,TRUE,TRUE,TRUE,799.3636528309648,-375.6818264154824,NA,NA,NA,NA
"M2 invertebrate Arthropoda Simpson diversity","Southern Fleurieu","South Coast","Period","gaussian","Gaussian (identity link)","nlminb_default",0,"relative convergence (4)","response ~ Period + (1 | Site) + (1 | SamplingDate)","Period","Period-only fixed effect fitted because only one Status level was present",119,6,9,2,1,100,0.15966386554621848,TRUE,TRUE,TRUE,TRUE,233.7756561125514,-111.8878280562757,NA,NA,NA,NA
"M2 invertebrate Arthropoda Simpson diversity","Southern Fleurieu","South Coast","Temporal","gaussian","Gaussian (identity link)","nlminb_default",0,"relative convergence (4)","response ~ SamplingDate + (1 | Site)","SamplingDate","Sampling date fitted as a categorical fixed effect; no Date x Status interaction",119,6,9,2,1,100,0.15966386554621848,TRUE,TRUE,TRUE,TRUE,225.07684631879863,-101.53842315939931,NA,NA,NA,NA
"M2 invertebrate Arthropoda Simpson diversity","Southern Metro","Adelaide Metro","Period","gaussian","Gaussian (identity link)","nlminb_default",0,"relative convergence (4)","response ~ Period * status + (1 | Site) + (1 | SamplingDate)","Period * status","Full Period x Status interaction fitted",266,14,18,2,2,229,0.13909774436090225,TRUE,TRUE,TRUE,TRUE,440.09140747009894,-213.04570373504947,NA,NA,NA,NA
"M2 invertebrate Arthropoda Simpson diversity","Southern Metro","Adelaide Metro","Temporal","gaussian","Gaussian (identity link)","nlminb_default",0,"relative convergence (4)","response ~ SamplingDate + (1 | Site)","SamplingDate","Sampling date fitted as a categorical fixed effect; no Date x Status interaction",266,14,18,2,2,229,0.13909774436090225,TRUE,TRUE,TRUE,TRUE,432.5813523295516,-196.2906761647758,NA,NA,NA,NA
"M2 invertebrate Arthropoda Simpson diversity","Southern Yorke","Southern Yorke","Period","gaussian","Gaussian (identity link)","nlminb_default",0,"relative convergence (4)","response ~ Period + (1 | Site) + (1 | SamplingDate)","Period","Period-only fixed effect fitted because only one Status level was present",35,3,4,2,1,30,0.14285714285714285,TRUE,TRUE,TRUE,TRUE,69.83500987279547,-29.917504936397734,NA,NA,NA,NA
"M2 invertebrate Arthropoda Simpson diversity","Southern Yorke","Southern Yorke","Temporal","gaussian","Gaussian (identity link)","nlminb_default",0,"relative convergence (4)","response ~ SamplingDate + (1 | Site)","SamplingDate","Sampling date fitted as a categorical fixed effect; no Date x Status interaction",35,3,4,2,1,30,0.14285714285714285,TRUE,TRUE,TRUE,TRUE,64.45104465660174,-26.22552232830087,NA,NA,NA,NA
"M2 invertebrate Arthropoda Simpson diversity","Sponge Gardens","Kangaroo Island","Period","gaussian","Gaussian (identity link)","nlminb_default",0,"relative convergence (4)","response ~ Period * status + (1 | Site) + (1 | SamplingDate)","Period * status","Full Period x Status interaction fitted",148,5,10,2,2,114,0.22972972972972974,TRUE,TRUE,TRUE,TRUE,290.73620033665696,-138.36810016832848,NA,NA,NA,NA
"M2 invertebrate Arthropoda Simpson diversity","Sponge Gardens","Kangaroo Island","Temporal","gaussian","Gaussian (identity link)","nlminb_default",0,"relative convergence (4)","response ~ SamplingDate + (1 | Site)","SamplingDate","Sampling date fitted as a categorical fixed effect; no Date x Status interaction",148,5,10,2,2,114,0.22972972972972974,TRUE,TRUE,TRUE,TRUE,289.0364623952066,-132.5182311976033,NA,NA,NA,NA
"M2 invertebrate Arthropoda Simpson diversity","Upper GSV","Upper Gulf St Vincent","Period","gaussian","Gaussian (identity link)","nlminb_default",0,"relative convergence (4)","response ~ Period + (1 | Site) + (1 | SamplingDate)","Period","Period-only fixed effect fitted because only one Status level was present",92,5,9,2,1,87,0.05434782608695652,TRUE,TRUE,TRUE,TRUE,167.5888396985005,-78.79441984925025,NA,NA,NA,NA
"M2 invertebrate Arthropoda Simpson diversity","Upper GSV","Upper Gulf St Vincent","Temporal","gaussian","Gaussian (identity link)","nlminb_default",0,"relative convergence (4)","response ~ SamplingDate + (1 | Site)","SamplingDate","Sampling date fitted as a categorical fixed effect; no Date x Status interaction",92,5,9,2,1,87,0.05434782608695652,TRUE,TRUE,TRUE,TRUE,160.6174121954688,-69.3087060977344,NA,NA,NA,NA
"M2 invertebrate Mollusca Simpson diversity","Carrickalinga","Fleurieu","Period","gaussian","Gaussian (identity link)","nlminb_default",0,"relative convergence (4)","response ~ Period * status + (1 | Site) + (1 | SamplingDate)","Period * status","Full Period x Status interaction fitted",442,14,19,2,2,422,0.04524886877828054,TRUE,TRUE,TRUE,TRUE,990.9822654183398,-488.4911327091699,NA,NA,NA,NA
"M2 invertebrate Mollusca Simpson diversity","Carrickalinga","Fleurieu","Temporal","gaussian","Gaussian (identity link)","nlminb_default",0,"relative convergence (4)","response ~ SamplingDate + (1 | Site)","SamplingDate","Sampling date fitted as a categorical fixed effect; no Date x Status interaction",442,14,19,2,2,422,0.04524886877828054,TRUE,TRUE,TRUE,TRUE,992.3768551015908,-475.1884275507954,NA,NA,NA,NA
"M2 invertebrate Mollusca Simpson diversity","Eastern Spencer Gulf","Eastern Spencer Gulf","Period","gaussian","Gaussian (identity link)","nlminb_default",0,"relative convergence (4)","response ~ Period + (1 | Site) + (1 | SamplingDate)","Period","Period-only fixed effect fitted because only one Status level was present",27,3,4,2,1,22,0.18518518518518517,TRUE,TRUE,TRUE,TRUE,80.46021320528173,-35.230106602640866,NA,NA,NA,NA
"M2 invertebrate Mollusca Simpson diversity","Eastern Spencer Gulf","Eastern Spencer Gulf","Temporal","gaussian","Gaussian (identity link)","nlminb_default",0,"relative convergence (4)","response ~ SamplingDate + (1 | Site)","SamplingDate","Sampling date fitted as a categorical fixed effect; no Date x Status interaction",27,3,4,2,1,22,0.18518518518518517,TRUE,TRUE,TRUE,TRUE,80.28917134166589,-34.144585670832946,NA,NA,NA,NA
"M2 invertebrate Mollusca Simpson diversity","Encounter Bay","South Coast","Period","gaussian","Gaussian (identity link)","nlminb_default",0,"relative convergence (4)","response ~ Period * status + (1 | Site) + (1 | SamplingDate)","Period * status","Full Period x Status interaction fitted",177,7,14,2,2,176,0.005649717514124294,TRUE,TRUE,TRUE,TRUE,312.4093265942428,-149.2046632971214,NA,NA,NA,NA
"M2 invertebrate Mollusca Simpson diversity","Encounter Bay","South Coast","Temporal","gaussian","Gaussian (identity link)","nlminb_default",0,"relative convergence (4)","response ~ SamplingDate + (1 | Site)","SamplingDate","Sampling date fitted as a categorical fixed effect; no Date x Status interaction",177,7,14,2,2,176,0.005649717514124294,TRUE,TRUE,TRUE,TRUE,319.4094995613392,-143.7047497806696,NA,NA,NA,NA
"M2 invertebrate Mollusca Simpson diversity","Metro","Adelaide Metro","Period","gaussian","Gaussian (identity link)","nlminb_default",0,"relative convergence (4)","response ~ Period + (1 | Site) + (1 | SamplingDate)","Period","Period-only fixed effect fitted because only one Status level was present",68,3,15,2,1,67,0.014705882352941176,TRUE,TRUE,TRUE,TRUE,159.629208849585,-74.8146044247925,NA,NA,NA,NA
"M2 invertebrate Mollusca Simpson diversity","Metro","Adelaide Metro","Temporal","gaussian","Gaussian (identity link)","nlminb_default",0,"relative convergence (4)","response ~ SamplingDate + (1 | Site)","SamplingDate","Sampling date fitted as a categorical fixed effect; no Date x Status interaction",68,3,15,2,1,67,0.014705882352941176,TRUE,TRUE,TRUE,TRUE,154.44103104702333,-60.220515523511665,NA,NA,NA,NA
"M2 invertebrate Mollusca Simpson diversity","Rapid Head","Fleurieu","Period","gaussian","Gaussian (identity link)","nlminb_default",0,"relative convergence (4)","response ~ Period * status + (1 | Site) + (1 | SamplingDate)","Period * status","Full Period x Status interaction fitted",469,10,22,2,2,431,0.08102345415778252,TRUE,TRUE,TRUE,TRUE,1088.5120555706935,-537.2560277853468,NA,NA,NA,NA
"M2 invertebrate Mollusca Simpson diversity","Rapid Head","Fleurieu","Temporal","gaussian","Gaussian (identity link)","nlminb_default",0,"relative convergence (4)","response ~ SamplingDate + (1 | Site)","SamplingDate","Sampling date fitted as a categorical fixed effect; no Date x Status interaction",469,10,22,2,2,431,0.08102345415778252,TRUE,TRUE,TRUE,TRUE,1085.7569170483366,-518.8784585241683,NA,NA,NA,NA
"M2 invertebrate Mollusca Simpson diversity","Southern Fleurieu","South Coast","Period","gaussian","Gaussian (identity link)","nlminb_default",0,"relative convergence (4)","response ~ Period + (1 | Site) + (1 | SamplingDate)","Period","Period-only fixed effect fitted because only one Status level was present",119,6,9,2,1,119,0,TRUE,TRUE,TRUE,TRUE,251.17779115446396,-120.58889557723198,NA,NA,NA,NA
"M2 invertebrate Mollusca Simpson diversity","Southern Fleurieu","South Coast","Temporal","gaussian","Gaussian (identity link)","nlminb_default",0,"relative convergence (4)","response ~ SamplingDate + (1 | Site)","SamplingDate","Sampling date fitted as a categorical fixed effect; no Date x Status interaction",119,6,9,2,1,119,0,TRUE,TRUE,TRUE,TRUE,253.44795617113618,-115.72397808556809,NA,NA,NA,NA
"M2 invertebrate Mollusca Simpson diversity","Southern Metro","Adelaide Metro","Period","gaussian","Gaussian (identity link)","nlminb_default",0,"relative convergence (4)","response ~ Period * status + (1 | Site) + (1 | SamplingDate)","Period * status","Full Period x Status interaction fitted",266,14,18,2,2,256,0.03759398496240601,TRUE,TRUE,TRUE,TRUE,611.7089470398416,-298.8544735199208,NA,NA,NA,NA
"M2 invertebrate Mollusca Simpson diversity","Southern Metro","Adelaide Metro","Temporal","gaussian","Gaussian (identity link)","nlminb_default",0,"relative convergence (4)","response ~ SamplingDate + (1 | Site)","SamplingDate","Sampling date fitted as a categorical fixed effect; no Date x Status interaction",266,14,18,2,2,256,0.03759398496240601,TRUE,TRUE,TRUE,TRUE,611.2477386388399,-285.62386931941995,NA,NA,NA,NA
"M2 invertebrate Mollusca Simpson diversity","Southern Yorke","Southern Yorke","Period","gaussian","Gaussian (identity link)","nlminb_default",0,"relative convergence (4)","response ~ Period + (1 | Site) + (1 | SamplingDate)","Period","Period-only fixed effect fitted because only one Status level was present",35,3,4,2,1,35,0,TRUE,TRUE,TRUE,TRUE,74.49438751001367,-32.24719375500683,NA,NA,NA,NA
"M2 invertebrate Mollusca Simpson diversity","Southern Yorke","Southern Yorke","Temporal","gaussian","Gaussian (identity link)","nlminb_default",0,"relative convergence (4)","response ~ SamplingDate + (1 | Site)","SamplingDate","Sampling date fitted as a categorical fixed effect; no Date x Status interaction",35,3,4,2,1,35,0,TRUE,TRUE,TRUE,TRUE,67.19054405173415,-27.595272025867075,NA,NA,NA,NA
"M2 invertebrate Mollusca Simpson diversity","Sponge Gardens","Kangaroo Island","Period","gaussian","Gaussian (identity link)","nlminb_default",0,"relative convergence (4)","response ~ Period * status + (1 | Site) + (1 | SamplingDate)","Period * status","Full Period x Status interaction fitted",148,5,10,2,2,131,0.11486486486486487,TRUE,TRUE,TRUE,TRUE,360.8411729277413,-173.42058646387065,NA,NA,NA,NA
"M2 invertebrate Mollusca Simpson diversity","Sponge Gardens","Kangaroo Island","Temporal","gaussian","Gaussian (identity link)","nlminb_default",0,"relative convergence (4)","response ~ SamplingDate + (1 | Site)","SamplingDate","Sampling date fitted as a categorical fixed effect; no Date x Status interaction",148,5,10,2,2,131,0.11486486486486487,TRUE,TRUE,TRUE,TRUE,368.02287991289757,-172.01143995644878,NA,NA,NA,NA
"M2 invertebrate Mollusca Simpson diversity","Upper GSV","Upper Gulf St Vincent","Period","gaussian","Gaussian (identity link)","nlminb_default",0,"relative convergence (4)","response ~ Period + (1 | Site) + (1 | SamplingDate)","Period","Period-only fixed effect fitted because only one Status level was present",92,5,9,2,1,78,0.15217391304347827,TRUE,TRUE,TRUE,TRUE,213.08964607074736,-101.54482303537368,NA,NA,NA,NA
"M2 invertebrate Mollusca Simpson diversity","Upper GSV","Upper Gulf St Vincent","Temporal","gaussian","Gaussian (identity link)","nlminb_default",0,"relative convergence (4)","response ~ SamplingDate + (1 | Site)","SamplingDate","Sampling date fitted as a categorical fixed effect; no Date x Status interaction",92,5,9,2,1,78,0.15217391304347827,TRUE,TRUE,TRUE,TRUE,204.64214903994002,-91.32107451997001,NA,NA,NA,NA
"M1 fish B20 biomass","Carrickalinga","Fleurieu","Period","tweedie","Tweedie (log link)","nlminb_default",0,"relative convergence (4)","response ~ Period * status + (1 | Site) + (1 | SamplingDate)","Period * status","Full Period x Status interaction fitted",442,14,19,2,2,423,0.042986425339366516,TRUE,TRUE,TRUE,TRUE,2025.8502285645866,-1004.9251142822933,NA,NA,NA,NA
"M1 fish B20 biomass","Carrickalinga","Fleurieu","Temporal","tweedie","Tweedie (log link)","nlminb_default",0,"relative convergence (4)","response ~ SamplingDate + (1 | Site)","SamplingDate","Sampling date fitted as a categorical fixed effect; no Date x Status interaction",442,14,19,2,2,423,0.042986425339366516,TRUE,TRUE,TRUE,TRUE,2015.0983854081633,-985.5491927040816,NA,NA,NA,NA
"M1 fish B20 biomass","Eastern Spencer Gulf","Eastern Spencer Gulf","Period","tweedie","Tweedie (log link)","nlminb_default",0,"relative convergence (4)","response ~ Period + (1 | Site) + (1 | SamplingDate)","Period","Period-only fixed effect fitted because only one Status level was present",23,3,3,2,1,19,0.17391304347826086,TRUE,TRUE,TRUE,TRUE,111.38448517009387,-49.692242585046934,NA,NA,NA,NA
"M1 fish B20 biomass","Eastern Spencer Gulf","Eastern Spencer Gulf","Temporal","tweedie","Tweedie (log link)","nlminb_default",0,"relative convergence (4)","response ~ SamplingDate + (1 | Site)","SamplingDate","Sampling date fitted as a categorical fixed effect; no Date x Status interaction",23,3,3,2,1,19,0.17391304347826086,TRUE,TRUE,TRUE,TRUE,100.72038135672125,-44.360190678360624,NA,NA,NA,NA
"M1 fish B20 biomass","Encounter Bay","South Coast","Period","tweedie","Tweedie (log link)","nlminb_default",0,"relative convergence (4)","response ~ Period * status + (1 | Site) + (1 | SamplingDate)","Period * status","Full Period x Status interaction fitted",165,7,13,2,2,155,0.06060606060606061,TRUE,TRUE,TRUE,TRUE,716.3972420877312,-350.1986210438656,NA,NA,NA,NA
"M1 fish B20 biomass","Encounter Bay","South Coast","Temporal","tweedie","Tweedie (log link)","nlminb_default",0,"relative convergence (4)","response ~ SamplingDate + (1 | Site)","SamplingDate","Sampling date fitted as a categorical fixed effect; no Date x Status interaction",165,7,13,2,2,155,0.06060606060606061,TRUE,TRUE,TRUE,TRUE,718.9533654660356,-343.4766827330178,NA,NA,NA,NA
"M1 fish B20 biomass","Metro","Adelaide Metro","Period","tweedie","Tweedie (log link)","nlminb_default",0,"relative convergence (4)","response ~ Period + (1 | Site) + (1 | SamplingDate)","Period","Period-only fixed effect fitted because only one Status level was present",68,3,15,2,1,52,0.23529411764705882,TRUE,TRUE,TRUE,TRUE,179.15752364746436,-83.57876182373218,NA,NA,NA,NA
"M1 fish B20 biomass","Metro","Adelaide Metro","Temporal","tweedie","Tweedie (log link)","nlminb_default",0,"relative convergence (4)","response ~ SamplingDate + (1 | Site)","SamplingDate","Sampling date fitted as a categorical fixed effect; no Date x Status interaction; 1 all-zero Tweedie date(s) retained descriptively at zero",64,3,14,2,1,52,0.1875,TRUE,TRUE,TRUE,TRUE,164.34801851324093,-65.17400925662047,NA,NA,"Temporal model excludes 1 all-zero date(s) from fitting only; those sampled dates are retained as descriptive zero predictions",NA
"M1 fish B20 biomass","Rapid Head","Fleurieu","Period","tweedie","Tweedie (log link)","nlminb_default",0,"relative convergence (4)","response ~ Period * status + (1 | Site) + (1 | SamplingDate)","Period * status","Full Period x Status interaction fitted",474,10,22,2,2,468,0.012658227848101266,TRUE,TRUE,TRUE,TRUE,2325.645215824886,-1154.822607912443,NA,NA,NA,NA
"M1 fish B20 biomass","Rapid Head","Fleurieu","Temporal","tweedie","Tweedie (log link)","nlminb_default",0,"relative convergence (4)","response ~ SamplingDate + (1 | Site)","SamplingDate","Sampling date fitted as a categorical fixed effect; no Date x Status interaction",474,10,22,2,2,468,0.012658227848101266,TRUE,TRUE,TRUE,TRUE,2317.6663824897887,-1133.8331912448944,NA,NA,NA,NA
"M1 fish B20 biomass","Southern Fleurieu","South Coast","Period","tweedie","Tweedie (log link)","nlminb_default",0,"relative convergence (4)","response ~ Period + (1 | Site) + (1 | SamplingDate)","Period","Period-only fixed effect fitted because only one Status level was present",117,6,9,2,1,115,0.017094017094017096,TRUE,TRUE,TRUE,TRUE,622.9622006936522,-305.4811003468261,NA,NA,NA,NA
"M1 fish B20 biomass","Southern Fleurieu","South Coast","Temporal","tweedie","Tweedie (log link)","nlminb_default",0,"relative convergence (4)","response ~ SamplingDate + (1 | Site)","SamplingDate","Sampling date fitted as a categorical fixed effect; no Date x Status interaction",117,6,9,2,1,115,0.017094017094017096,TRUE,TRUE,TRUE,TRUE,615.1344211829778,-295.5672105914889,NA,NA,NA,NA
"M1 fish B20 biomass","Southern Metro","Adelaide Metro","Period","tweedie","Tweedie (log link)","nlminb_default",0,"relative convergence (4)","response ~ Period * status + (1 | Site) + (1 | SamplingDate)","Period * status","Full Period x Status interaction fitted",266,14,18,2,2,244,0.08270676691729323,TRUE,TRUE,TRUE,TRUE,1386.5512479648685,-685.2756239824342,NA,NA,NA,NA
"M1 fish B20 biomass","Southern Metro","Adelaide Metro","Temporal","tweedie","Tweedie (log link)","nlminb_default",0,"relative convergence (4)","response ~ SamplingDate + (1 | Site)","SamplingDate","Sampling date fitted as a categorical fixed effect; no Date x Status interaction",266,14,18,2,2,244,0.08270676691729323,TRUE,TRUE,TRUE,TRUE,1398.8497448426904,-678.4248724213452,NA,NA,NA,NA
"M1 fish B20 biomass","Southern Yorke","Southern Yorke","Period","tweedie","Tweedie (log link)","nlminb_default",0,"relative convergence (4)","response ~ Period + (1 | Site) + (1 | SamplingDate)","Period","Period-only fixed effect fitted because only one Status level was present",26,3,3,2,1,25,0.038461538461538464,TRUE,TRUE,TRUE,TRUE,150.27793209871402,-69.13896604935701,NA,NA,NA,NA
"M1 fish B20 biomass","Southern Yorke","Southern Yorke","Temporal","tweedie","Tweedie (log link)","nlminb_default",0,"relative convergence (4)","response ~ SamplingDate + (1 | Site)","SamplingDate","Sampling date fitted as a categorical fixed effect; no Date x Status interaction",26,3,3,2,1,25,0.038461538461538464,TRUE,TRUE,TRUE,TRUE,145.26404947755287,-66.63202473877644,NA,NA,NA,NA
"M1 fish B20 biomass","Sponge Gardens","Kangaroo Island","Period","tweedie","Tweedie (log link)","nlminb_default",0,"relative convergence (4)","response ~ Period * status + (1 | Site) + (1 | SamplingDate)","Period * status","Full Period x Status interaction fitted",148,5,10,2,2,148,0,TRUE,TRUE,TRUE,TRUE,942.5361435431009,-463.26807177155047,NA,NA,NA,NA
"M1 fish B20 biomass","Sponge Gardens","Kangaroo Island","Temporal","tweedie","Tweedie (log link)","nlminb_default",0,"relative convergence (4)","response ~ SamplingDate + (1 | Site)","SamplingDate","Sampling date fitted as a categorical fixed effect; no Date x Status interaction",148,5,10,2,2,148,0,TRUE,TRUE,TRUE,TRUE,929.440524458728,-451.720262229364,NA,NA,NA,NA
"M1 fish B20 biomass","Upper GSV","Upper Gulf St Vincent","Period","tweedie","Tweedie (log link)","nlminb_default",0,"relative convergence (4)","response ~ Period + (1 | Site) + (1 | SamplingDate)","Period","Period-only fixed effect fitted because only one Status level was present",92,5,9,2,1,40,0.5652173913043478,TRUE,TRUE,TRUE,TRUE,226.69743052702142,-107.34871526351071,NA,NA,NA,NA
"M1 fish B20 biomass","Upper GSV","Upper Gulf St Vincent","Temporal","tweedie","Tweedie (log link)","nlminb_default",0,"relative convergence (4)","response ~ SamplingDate + (1 | Site)","SamplingDate","Sampling date fitted as a categorical fixed effect; no Date x Status interaction; 2 all-zero Tweedie date(s) retained descriptively at zero",84,5,7,2,1,40,0.5238095238095238,TRUE,TRUE,TRUE,TRUE,214.80921347714116,-97.40460673857058,NA,NA,"Temporal model excludes 2 all-zero date(s) from fitting only; those sampled dates are retained as descriptive zero predictions",NA
"M2 fish B20 biomass","Carrickalinga","Fleurieu","Period","tweedie","Tweedie (log link)","nlminb_default",0,"relative convergence (4)","response ~ Period * status + (1 | Site) + (1 | SamplingDate)","Period * status","Full Period x Status interaction fitted",439,14,19,2,2,53,0.8792710706150342,TRUE,TRUE,TRUE,TRUE,317.50396495391965,-150.75198247695982,NA,NA,NA,NA
"M2 fish B20 biomass","Carrickalinga","Fleurieu","Temporal","tweedie","Tweedie (log link)","nlminb_default",0,"relative convergence (4)","response ~ SamplingDate + (1 | Site)","SamplingDate","Sampling date fitted as a categorical fixed effect; no Date x Status interaction; 7 all-zero Tweedie date(s) retained descriptively at zero",379,14,12,2,2,53,0.8601583113456465,TRUE,TRUE,TRUE,TRUE,294.99436632306424,-132.49718316153212,NA,NA,"Temporal model excludes 7 all-zero date(s) from fitting only; those sampled dates are retained as descriptive zero predictions",NA
"M2 fish B20 biomass","Eastern Spencer Gulf","Eastern Spencer Gulf","Period","tweedie","Tweedie (log link)","nlminb_default",1,"false convergence (8)","response ~ Period + (1 | Site) + (1 | SamplingDate)","Period","Period-only fixed effect fitted because only one Status level was present",27,3,4,2,1,1,0.9629629629629629,FALSE,FALSE,FALSE,FALSE,NA,NA,"nlminb_default: Model convergence problem; non-positive-definite Hessian matrix. See vignette('troubleshooting') | Model convergence problem; false convergence (8). See vignette('troubleshooting'), help('diagnose') | optim_BFGS: NA",NA,NA,NA
"M2 fish B20 biomass","Eastern Spencer Gulf","Eastern Spencer Gulf","Temporal","tweedie","Tweedie (log link)","nlminb_default",1,"false convergence (8)","response ~ 1","1","Sampling date fitted as a categorical fixed effect; no Date x Status interaction; 3 all-zero Tweedie date(s) retained descriptively at zero",3,1,1,1,1,1,0.6666666666666666,FALSE,FALSE,TRUE,FALSE,NA,NA,"nlminb_default: Model convergence problem; non-positive-definite Hessian matrix. See vignette('troubleshooting') | Model convergence problem; false convergence (8). See vignette('troubleshooting'), help('diagnose') | optim_BFGS: NA",NA,"Temporal model excludes 3 all-zero date(s) from fitting only; those sampled dates are retained as descriptive zero predictions",NA
"M2 fish B20 biomass","Encounter Bay","South Coast","Period","tweedie","Tweedie (log link)","nlminb_default",0,"relative convergence (4)","response ~ Period + status + (1 | Site) + (1 | SamplingDate)","Period + status","Additive Period + Status fitted because at least one Tweedie Period x Status cell contained all zeros",177,7,14,2,2,16,0.9096045197740112,TRUE,TRUE,TRUE,TRUE,108.69874448963354,-47.34937224481677,NA,NA,NA,NA
"M2 fish B20 biomass","Encounter Bay","South Coast","Temporal","tweedie","Tweedie (log link)","nlminb_default",0,"relative convergence (4)","response ~ SamplingDate + (1 | Site)","SamplingDate","Sampling date fitted as a categorical fixed effect; no Date x Status interaction; 8 all-zero Tweedie date(s) retained descriptively at zero",85,7,6,1,2,16,0.8117647058823529,TRUE,TRUE,TRUE,TRUE,91.13691395560528,-36.56845697780264,NA,NA,"Temporal model excludes 8 all-zero date(s) from fitting only; those sampled dates are retained as descriptive zero predictions",NA
"M2 fish B20 biomass","Metro","Adelaide Metro","Period","tweedie","Tweedie (log link)","nlminb_default",0,"relative convergence (4)","response ~ Period + (1 | Site) + (1 | SamplingDate)","Period","Period-only fixed effect fitted because only one Status level was present",68,3,15,2,1,4,0.9411764705882353,TRUE,TRUE,TRUE,TRUE,33.340543331403374,-10.670271665701687,NA,NA,NA,NA
"M2 fish B20 biomass","Metro","Adelaide Metro","Temporal","tweedie","Tweedie (log link)","nlminb_default",0,"relative convergence (4)","response ~ SamplingDate + (1 | Site)","SamplingDate","Sampling date fitted as a categorical fixed effect; no Date x Status interaction; 11 all-zero Tweedie date(s) retained descriptively at zero",20,3,4,1,1,4,0.8,TRUE,TRUE,TRUE,TRUE,24.32786179078466,-5.16393089539233,NA,NA,"Temporal model excludes 11 all-zero date(s) from fitting only; those sampled dates are retained as descriptive zero predictions",NA
"M2 fish B20 biomass","Rapid Head","Fleurieu","Period","tweedie","Tweedie (log link)","nlminb_default",0,"relative convergence (4)","response ~ Period * status + (1 | Site) + (1 | SamplingDate)","Period * status","Full Period x Status interaction fitted",469,10,22,2,2,135,0.7121535181236673,TRUE,TRUE,TRUE,TRUE,410.67912705213075,-197.33956352606538,NA,NA,NA,NA
"M2 fish B20 biomass","Rapid Head","Fleurieu","Temporal","tweedie","Tweedie (log link)","nlminb_default",0,"relative convergence (4)","response ~ SamplingDate + (1 | Site)","SamplingDate","Sampling date fitted as a categorical fixed effect; no Date x Status interaction; 4 all-zero Tweedie date(s) retained descriptively at zero",433,10,18,2,2,135,0.6882217090069284,TRUE,TRUE,TRUE,TRUE,381.4006521986607,-169.70032609933034,NA,NA,"Temporal model excludes 4 all-zero date(s) from fitting only; those sampled dates are retained as descriptive zero predictions",NA
"M2 fish B20 biomass","Southern Fleurieu","South Coast","Period","tweedie","Tweedie (log link)","nlminb_default",0,"relative convergence (4)","response ~ Period + (1 | Site) + (1 | SamplingDate)","Period","Period-only fixed effect fitted because only one Status level was present",119,6,9,2,1,17,0.8571428571428571,TRUE,TRUE,TRUE,TRUE,57.823193501541454,-22.911596750770727,NA,NA,NA,NA
"M2 fish B20 biomass","Southern Fleurieu","South Coast","Temporal","tweedie","Tweedie (log link)","nlminb_default",0,"relative convergence (4)","response ~ SamplingDate + (1 | Site)","SamplingDate","Sampling date fitted as a categorical fixed effect; no Date x Status interaction; 6 all-zero Tweedie date(s) retained descriptively at zero",59,6,3,1,1,17,0.711864406779661,TRUE,TRUE,TRUE,TRUE,43.57145742937004,-15.785728714685021,NA,NA,"Temporal model excludes 6 all-zero date(s) from fitting only; those sampled dates are retained as descriptive zero predictions",NA
"M2 fish B20 biomass","Southern Metro","Adelaide Metro","Period","tweedie","Tweedie (log link)","nlminb_default",0,"relative convergence (4)","response ~ Period + status + (1 | Site) + (1 | SamplingDate)","Period + status","Additive Period + Status fitted because at least one Tweedie Period x Status cell contained all zeros",264,14,18,2,2,54,0.7954545454545454,TRUE,TRUE,TRUE,TRUE,264.06760846142697,-125.03380423071347,NA,NA,NA,NA
"M2 fish B20 biomass","Southern Metro","Adelaide Metro","Temporal","tweedie","Tweedie (log link)","nlminb_default",0,"relative convergence (4)","response ~ SamplingDate + (1 | Site)","SamplingDate","Sampling date fitted as a categorical fixed effect; no Date x Status interaction; 4 all-zero Tweedie date(s) retained descriptively at zero",236,14,14,2,2,54,0.7711864406779662,TRUE,TRUE,TRUE,TRUE,245.06646361596077,-105.53323180798039,NA,NA,"Temporal model excludes 4 all-zero date(s) from fitting only; those sampled dates are retained as descriptive zero predictions",NA
"M2 fish B20 biomass","Southern Yorke","Southern Yorke","Period","tweedie","Tweedie (log link)","nlminb_default",0,"relative convergence (4)","response ~ Period + (1 | Site) + (1 | SamplingDate)","Period","Period-only fixed effect fitted because only one Status level was present",34,3,4,2,1,3,0.9117647058823529,TRUE,TRUE,TRUE,TRUE,26.03495962763454,-7.017479813817269,NA,NA,NA,NA
"M2 fish B20 biomass","Southern Yorke","Southern Yorke","Temporal","tweedie","Tweedie (log link)","nlminb_default",0,"relative convergence (4)","response ~ 1 + (1 | Site)","1","Sampling date fitted as a categorical fixed effect; no Date x Status interaction; 3 all-zero Tweedie date(s) retained descriptively at zero",12,3,1,1,1,3,0.75,TRUE,TRUE,TRUE,TRUE,20.517370082014182,-6.258685041007091,NA,NA,"Temporal model excludes 3 all-zero date(s) from fitting only; those sampled dates are retained as descriptive zero predictions",NA
"M2 fish B20 biomass","Sponge Gardens","Kangaroo Island","Period","tweedie","Tweedie (log link)","nlminb_default",0,"relative convergence (4)","response ~ Period * status + (1 | Site) + (1 | SamplingDate)","Period * status","Full Period x Status interaction fitted",148,5,10,2,2,89,0.39864864864864863,TRUE,TRUE,TRUE,TRUE,178.1350721390537,-81.06753606952685,NA,NA,NA,NA
"M2 fish B20 biomass","Sponge Gardens","Kangaroo Island","Temporal","tweedie","Tweedie (log link)","nlminb_default",0,"relative convergence (4)","response ~ SamplingDate + (1 | Site)","SamplingDate","Sampling date fitted as a categorical fixed effect; no Date x Status interaction",148,5,10,2,2,89,0.39864864864864863,TRUE,TRUE,TRUE,TRUE,179.7158935857898,-76.8579467928949,NA,NA,NA,NA
"M2 fish B20 biomass","Upper GSV","Upper Gulf St Vincent","Period","tweedie","Tweedie (log link)","nlminb_default",0,"relative convergence (4)","response ~ Period + (1 | Site) + (1 | SamplingDate)","Period","Period-only fixed effect fitted because only one Status level was present",92,5,9,2,1,6,0.9347826086956522,TRUE,TRUE,FALSE,FALSE,38.1057397503206,-13.052869875160301,"nlminb_default: NA | optim_BFGS: NA",NA,NA,NA
"M2 fish B20 biomass","Upper GSV","Upper Gulf St Vincent","Temporal","tweedie","Tweedie (log link)","nlminb_default",0,"relative convergence (4)","response ~ SamplingDate + (1 | Site)","SamplingDate","Sampling date fitted as a categorical fixed effect; no Date x Status interaction; 5 all-zero Tweedie date(s) retained descriptively at zero",44,3,4,1,1,6,0.8636363636363636,TRUE,TRUE,TRUE,TRUE,31.2436899258404,-8.6218449629202,NA,NA,"Temporal model excludes 5 all-zero date(s) from fitting only; those sampled dates are retained as descriptive zero predictions",NA
"M1 fish total abundance","Carrickalinga","Fleurieu","Period","tweedie","Tweedie (log link)","nlminb_default",0,"relative convergence (4)","response ~ Period * status + (1 | Site) + (1 | SamplingDate)","Period * status","Full Period x Status interaction fitted",442,14,19,2,2,440,0.004524886877828055,TRUE,TRUE,TRUE,TRUE,4876.119231044554,-2431.059615522277,NA,NA,NA,1.7867218918921883
"M1 fish total abundance","Carrickalinga","Fleurieu","Temporal","tweedie","Tweedie (log link)","nlminb_default",0,"relative convergence (4)","response ~ SamplingDate + (1 | Site)","SamplingDate","Sampling date fitted as a categorical fixed effect; no Date x Status interaction",442,14,19,2,2,440,0.004524886877828055,TRUE,TRUE,TRUE,TRUE,4866.316882807768,-2412.158441403884,NA,NA,NA,1.7867218918921883
"M1 fish total abundance","Eastern Spencer Gulf","Eastern Spencer Gulf","Period","tweedie","Tweedie (log link)","nlminb_default",0,"relative convergence (4)","response ~ Period + (1 | Site) + (1 | SamplingDate)","Period","Period-only fixed effect fitted because only one Status level was present",23,3,3,2,1,23,0,TRUE,TRUE,TRUE,TRUE,177.63247179263342,-83.81623589631671,NA,NA,NA,1.7867218918921883
"M1 fish total abundance","Eastern Spencer Gulf","Eastern Spencer Gulf","Temporal","tweedie","Tweedie (log link)","nlminb_default",0,"relative convergence (4)","response ~ SamplingDate + (1 | Site)","SamplingDate","Sampling date fitted as a categorical fixed effect; no Date x Status interaction",23,3,3,2,1,23,0,TRUE,TRUE,TRUE,TRUE,177.25764491711408,-83.62882245855704,NA,NA,NA,1.7867218918921883
"M1 fish total abundance","Encounter Bay","South Coast","Period","tweedie","Tweedie (log link)","nlminb_default",0,"relative convergence (4)","response ~ Period * status + (1 | Site) + (1 | SamplingDate)","Period * status","Full Period x Status interaction fitted",165,7,13,2,2,160,0.030303030303030304,TRUE,TRUE,TRUE,TRUE,1338.1280175464103,-662.0640087732052,NA,NA,NA,1.7867218918921883
"M1 fish total abundance","Encounter Bay","South Coast","Temporal","tweedie","Tweedie (log link)","nlminb_default",0,"relative convergence (4)","response ~ SamplingDate + (1 | Site)","SamplingDate","Sampling date fitted as a categorical fixed effect; no Date x Status interaction",165,7,13,2,2,160,0.030303030303030304,TRUE,TRUE,TRUE,TRUE,1334.4938209225115,-652.2469104612558,NA,NA,NA,1.7867218918921883
"M1 fish total abundance","Metro","Adelaide Metro","Period","tweedie","Tweedie (log link)","nlminb_default",0,"relative convergence (4)","response ~ Period + (1 | Site) + (1 | SamplingDate)","Period","Period-only fixed effect fitted because only one Status level was present",68,3,15,2,1,65,0.04411764705882353,TRUE,TRUE,TRUE,TRUE,698.288493683695,-344.1442468418475,NA,NA,NA,1.7867218918921883
"M1 fish total abundance","Metro","Adelaide Metro","Temporal","tweedie","Tweedie (log link)","nlminb_default",0,"relative convergence (4)","response ~ SamplingDate + (1 | Site)","SamplingDate","Sampling date fitted as a categorical fixed effect; no Date x Status interaction",68,3,15,2,1,65,0.04411764705882353,TRUE,TRUE,TRUE,TRUE,672.4047373674279,-319.2023686837139,NA,NA,NA,1.7867218918921883
"M1 fish total abundance","Rapid Head","Fleurieu","Period","tweedie","Tweedie (log link)","nlminb_default",0,"relative convergence (4)","response ~ Period * status + (1 | Site) + (1 | SamplingDate)","Period * status","Full Period x Status interaction fitted",474,10,22,2,2,474,0,TRUE,TRUE,TRUE,TRUE,5528.697285661507,-2757.3486428307533,NA,NA,NA,1.7867218918921883
"M1 fish total abundance","Rapid Head","Fleurieu","Temporal","tweedie","Tweedie (log link)","nlminb_default",0,"relative convergence (4)","response ~ SamplingDate + (1 | Site)","SamplingDate","Sampling date fitted as a categorical fixed effect; no Date x Status interaction",474,10,22,2,2,474,0,TRUE,TRUE,TRUE,TRUE,5497.225513002345,-2724.6127565011725,NA,NA,NA,1.7867218918921883
"M1 fish total abundance","Southern Fleurieu","South Coast","Period","tweedie","Tweedie (log link)","nlminb_default",0,"relative convergence (4)","response ~ Period + (1 | Site) + (1 | SamplingDate)","Period","Period-only fixed effect fitted because only one Status level was present",117,6,9,2,1,117,0,TRUE,TRUE,TRUE,TRUE,966.0939928734349,-478.04699643671745,NA,NA,NA,1.7867218918921883
"M1 fish total abundance","Southern Fleurieu","South Coast","Temporal","tweedie","Tweedie (log link)","nlminb_default",0,"relative convergence (4)","response ~ SamplingDate + (1 | Site)","SamplingDate","Sampling date fitted as a categorical fixed effect; no Date x Status interaction",117,6,9,2,1,117,0,TRUE,TRUE,TRUE,TRUE,954.7943071400908,-466.3971535700454,NA,NA,NA,1.7867218918921883
"M1 fish total abundance","Southern Metro","Adelaide Metro","Period","tweedie","Tweedie (log link)","nlminb_default",0,"relative convergence (4)","response ~ Period * status + (1 | Site) + (1 | SamplingDate)","Period * status","Full Period x Status interaction fitted",266,14,18,2,2,263,0.011278195488721804,TRUE,TRUE,TRUE,TRUE,2778.916015407629,-1382.4580077038145,NA,NA,NA,1.7867218918921883
"M1 fish total abundance","Southern Metro","Adelaide Metro","Temporal","tweedie","Tweedie (log link)","nlminb_default",0,"relative convergence (4)","response ~ SamplingDate + (1 | Site)","SamplingDate","Sampling date fitted as a categorical fixed effect; no Date x Status interaction",266,14,18,2,2,263,0.011278195488721804,TRUE,TRUE,TRUE,TRUE,2769.544687054743,-1364.7723435273715,NA,NA,NA,1.7867218918921883
"M1 fish total abundance","Southern Yorke","Southern Yorke","Period","tweedie","Tweedie (log link)","nlminb_default",0,"relative convergence (4)","response ~ Period + (1 | Site) + (1 | SamplingDate)","Period","Period-only fixed effect fitted because only one Status level was present",26,3,3,2,1,26,0,TRUE,TRUE,TRUE,TRUE,261.20436898379324,-125.60218449189662,NA,NA,NA,1.7867218918921883
"M1 fish total abundance","Southern Yorke","Southern Yorke","Temporal","tweedie","Tweedie (log link)","nlminb_default",0,"relative convergence (4)","response ~ SamplingDate + (1 | Site)","SamplingDate","Sampling date fitted as a categorical fixed effect; no Date x Status interaction",26,3,3,2,1,26,0,TRUE,TRUE,TRUE,TRUE,254.8329141976015,-122.41645709880075,NA,NA,NA,1.7867218918921883
"M1 fish total abundance","Sponge Gardens","Kangaroo Island","Period","tweedie","Tweedie (log link)","nlminb_default",0,"relative convergence (4)","response ~ Period * status + (1 | Site) + (1 | SamplingDate)","Period * status","Full Period x Status interaction fitted",148,5,10,2,2,148,0,TRUE,TRUE,TRUE,TRUE,1570.360943133693,-778.1804715668464,NA,NA,NA,1.7867218918921883
"M1 fish total abundance","Sponge Gardens","Kangaroo Island","Temporal","tweedie","Tweedie (log link)","nlminb_default",0,"relative convergence (4)","response ~ SamplingDate + (1 | Site)","SamplingDate","Sampling date fitted as a categorical fixed effect; no Date x Status interaction",148,5,10,2,2,148,0,TRUE,TRUE,TRUE,TRUE,1556.7411259269677,-766.3705629634838,NA,NA,NA,1.7867218918921883
"M1 fish total abundance","Upper GSV","Upper Gulf St Vincent","Period","tweedie","Tweedie (log link)","nlminb_default",0,"relative convergence (4)","response ~ Period + (1 | Site) + (1 | SamplingDate)","Period","Period-only fixed effect fitted because only one Status level was present",92,5,9,2,1,82,0.10869565217391304,TRUE,TRUE,TRUE,TRUE,790.6301934573899,-390.3150967286949,NA,NA,NA,1.7867218918921883
"M1 fish total abundance","Upper GSV","Upper Gulf St Vincent","Temporal","tweedie","Tweedie (log link)","nlminb_default",0,"relative convergence (4)","response ~ SamplingDate + (1 | Site)","SamplingDate","Sampling date fitted as a categorical fixed effect; no Date x Status interaction",92,5,9,2,1,82,0.10869565217391304,TRUE,TRUE,TRUE,TRUE,783.0884448391369,-380.5442224195684,NA,NA,NA,1.7867218918921883
"M2 fish total abundance","Carrickalinga","Fleurieu","Period","tweedie","Tweedie (log link)","nlminb_default",0,"relative convergence (4)","response ~ Period * status + (1 | Site) + (1 | SamplingDate)","Period * status","Full Period x Status interaction fitted",439,14,19,2,2,359,0.18223234624145787,TRUE,TRUE,TRUE,TRUE,2377.0826117857478,-1181.5413058928739,NA,NA,NA,1.5037569842443212
"M2 fish total abundance","Carrickalinga","Fleurieu","Temporal","tweedie","Tweedie (log link)","nlminb_default",0,"relative convergence (4)","response ~ SamplingDate + (1 | Site)","SamplingDate","Sampling date fitted as a categorical fixed effect; no Date x Status interaction",439,14,19,2,2,359,0.18223234624145787,TRUE,TRUE,TRUE,TRUE,2361.4546496014887,-1159.7273248007443,NA,NA,NA,1.5037569842443212
"M2 fish total abundance","Eastern Spencer Gulf","Eastern Spencer Gulf","Period","tweedie","Tweedie (log link)","nlminb_default",0,"relative convergence (4)","response ~ Period + (1 | Site) + (1 | SamplingDate)","Period","Period-only fixed effect fitted because only one Status level was present",27,3,4,2,1,16,0.4074074074074074,TRUE,TRUE,TRUE,TRUE,102.77253538544282,-46.38626769272141,NA,NA,NA,1.5037569842443212
"M2 fish total abundance","Eastern Spencer Gulf","Eastern Spencer Gulf","Temporal","tweedie","Tweedie (log link)","nlminb_default",0,"relative convergence (4)","response ~ SamplingDate + (1 | Site)","SamplingDate","Sampling date fitted as a categorical fixed effect; no Date x Status interaction",27,3,4,2,1,16,0.4074074074074074,TRUE,TRUE,TRUE,TRUE,104.27429696905216,-46.13714848452608,NA,NA,NA,1.5037569842443212
"M2 fish total abundance","Encounter Bay","South Coast","Period","tweedie","Tweedie (log link)","nlminb_default",0,"relative convergence (4)","response ~ Period * status + (1 | Site) + (1 | SamplingDate)","Period * status","Full Period x Status interaction fitted",177,7,14,2,2,77,0.5649717514124294,TRUE,TRUE,TRUE,TRUE,528.518129868184,-257.259064934092,NA,NA,NA,1.5037569842443212
"M2 fish total abundance","Encounter Bay","South Coast","Temporal","tweedie","Tweedie (log link)","nlminb_default",0,"relative convergence (4)","response ~ SamplingDate + (1 | Site)","SamplingDate","Sampling date fitted as a categorical fixed effect; no Date x Status interaction",177,7,14,2,2,77,0.5649717514124294,TRUE,TRUE,TRUE,TRUE,521.290003311278,-244.64500165563902,NA,NA,NA,1.5037569842443212
"M2 fish total abundance","Metro","Adelaide Metro","Period","tweedie","Tweedie (log link)","nlminb_default",0,"relative convergence (4)","response ~ Period + (1 | Site) + (1 | SamplingDate)","Period","Period-only fixed effect fitted because only one Status level was present",68,3,15,2,1,61,0.10294117647058823,TRUE,TRUE,TRUE,TRUE,384.78986985526427,-187.39493492763214,NA,NA,NA,1.5037569842443212
"M2 fish total abundance","Metro","Adelaide Metro","Temporal","tweedie","Tweedie (log link)","nlminb_default",0,"relative convergence (4)","response ~ SamplingDate + (1 | Site)","SamplingDate","Sampling date fitted as a categorical fixed effect; no Date x Status interaction; 1 all-zero Tweedie date(s) retained descriptively at zero",64,3,14,2,1,61,0.046875,TRUE,TRUE,TRUE,TRUE,358.3006840972742,-163.1503420486371,NA,NA,"Temporal model excludes 1 all-zero date(s) from fitting only; those sampled dates are retained as descriptive zero predictions",1.5037569842443212
"M2 fish total abundance","Rapid Head","Fleurieu","Period","tweedie","Tweedie (log link)","nlminb_default",0,"relative convergence (4)","response ~ Period * status + (1 | Site) + (1 | SamplingDate)","Period * status","Full Period x Status interaction fitted",469,10,22,2,2,386,0.17697228144989338,TRUE,TRUE,TRUE,TRUE,2408.397776089736,-1197.198888044868,NA,NA,NA,1.5037569842443212
"M2 fish total abundance","Rapid Head","Fleurieu","Temporal","tweedie","Tweedie (log link)","nlminb_default",0,"relative convergence (4)","response ~ SamplingDate + (1 | Site)","SamplingDate","Sampling date fitted as a categorical fixed effect; no Date x Status interaction",469,10,22,2,2,386,0.17697228144989338,TRUE,TRUE,TRUE,TRUE,2379.1269527950262,-1165.5634763975131,NA,NA,NA,1.5037569842443212
"M2 fish total abundance","Southern Fleurieu","South Coast","Period","tweedie","Tweedie (log link)","nlminb_default",0,"relative convergence (4)","response ~ Period + (1 | Site) + (1 | SamplingDate)","Period","Period-only fixed effect fitted because only one Status level was present",119,6,9,2,1,54,0.5462184873949579,TRUE,TRUE,TRUE,TRUE,334.208473466685,-162.1042367333425,NA,NA,NA,1.5037569842443212
"M2 fish total abundance","Southern Fleurieu","South Coast","Temporal","tweedie","Tweedie (log link)","nlminb_default",0,"relative convergence (4)","response ~ SamplingDate + (1 | Site)","SamplingDate","Sampling date fitted as a categorical fixed effect; no Date x Status interaction; 1 all-zero Tweedie date(s) retained descriptively at zero",111,6,8,2,1,54,0.5135135135135135,TRUE,TRUE,TRUE,TRUE,319.81361247624085,-149.90680623812042,NA,NA,"Temporal model excludes 1 all-zero date(s) from fitting only; those sampled dates are retained as descriptive zero predictions",1.5037569842443212
"M2 fish total abundance","Southern Metro","Adelaide Metro","Period","tweedie","Tweedie (log link)","nlminb_default",0,"relative convergence (4)","response ~ Period * status + (1 | Site) + (1 | SamplingDate)","Period * status","Full Period x Status interaction fitted",264,14,18,2,2,232,0.12121212121212122,TRUE,TRUE,TRUE,TRUE,1467.6146053172122,-726.8073026586061,NA,NA,NA,1.5037569842443212
"M2 fish total abundance","Southern Metro","Adelaide Metro","Temporal","tweedie","Tweedie (log link)","nlminb_default",0,"relative convergence (4)","response ~ SamplingDate + (1 | Site)","SamplingDate","Sampling date fitted as a categorical fixed effect; no Date x Status interaction",264,14,18,2,2,232,0.12121212121212122,TRUE,TRUE,TRUE,TRUE,1453.787257234883,-706.89362861744155,NA,NA,NA,1.5037569842443212
"M2 fish total abundance","Southern Yorke","Southern Yorke","Period","tweedie","Tweedie (log link)","nlminb_default",0,"relative convergence (4)","response ~ Period + (1 | Site) + (1 | SamplingDate)","Period","Period-only fixed effect fitted because only one Status level was present",34,3,4,2,1,22,0.35294117647058826,TRUE,TRUE,TRUE,TRUE,156.3963303137981,-73.19816515689905,NA,NA,NA,1.5037569842443212
"M2 fish total abundance","Southern Yorke","Southern Yorke","Temporal","tweedie","Tweedie (log link)","nlminb_default",0,"relative convergence (4)","response ~ SamplingDate + (1 | Site)","SamplingDate","Sampling date fitted as a categorical fixed effect; no Date x Status interaction",34,3,4,2,1,22,0.35294117647058826,TRUE,TRUE,TRUE,TRUE,154.17561984840546,-71.08780992420273,NA,NA,NA,1.5037569842443212
"M2 fish total abundance","Sponge Gardens","Kangaroo Island","Period","tweedie","Tweedie (log link)","nlminb_default",0,"relative convergence (4)","response ~ Period * status + (1 | Site) + (1 | SamplingDate)","Period * status","Full Period x Status interaction fitted",148,5,10,2,2,134,0.0945945945945946,TRUE,TRUE,TRUE,TRUE,959.9378362530346,-472.9689181265173,NA,NA,NA,1.5037569842443212
"M2 fish total abundance","Sponge Gardens","Kangaroo Island","Temporal","tweedie","Tweedie (log link)","nlminb_default",0,"relative convergence (4)","response ~ SamplingDate + (1 | Site)","SamplingDate","Sampling date fitted as a categorical fixed effect; no Date x Status interaction",148,5,10,2,2,134,0.0945945945945946,TRUE,TRUE,TRUE,TRUE,948.9194906231284,-462.4597453115642,NA,NA,NA,1.5037569842443212
"M2 fish total abundance","Upper GSV","Upper Gulf St Vincent","Period","tweedie","Tweedie (log link)","nlminb_default",0,"relative convergence (4)","response ~ Period + (1 | Site) + (1 | SamplingDate)","Period","Period-only fixed effect fitted because only one Status level was present",92,5,9,2,1,77,0.16304347826086957,TRUE,TRUE,TRUE,TRUE,446.0216207940717,-218.01081039703584,NA,NA,NA,1.5037569842443212
"M2 fish total abundance","Upper GSV","Upper Gulf St Vincent","Temporal","tweedie","Tweedie (log link)","nlminb_default",0,"relative convergence (4)","response ~ SamplingDate + (1 | Site)","SamplingDate","Sampling date fitted as a categorical fixed effect; no Date x Status interaction",92,5,9,2,1,77,0.16304347826086957,TRUE,TRUE,TRUE,TRUE,435.10710670548553,-206.55355335274277,NA,NA,NA,1.5037569842443212
"M2 invertebrate total abundance","Carrickalinga","Fleurieu","Period","tweedie","Tweedie (log link)","nlminb_default",0,"relative convergence (4)","response ~ Period * status + (1 | Site) + (1 | SamplingDate)","Period * status","Full Period x Status interaction fitted",442,14,19,2,2,438,0.00904977375565611,TRUE,TRUE,TRUE,TRUE,3342.1841173687444,-1664.0920586843722,NA,NA,NA,1.7468811061487477
"M2 invertebrate total abundance","Carrickalinga","Fleurieu","Temporal","tweedie","Tweedie (log link)","nlminb_default",0,"relative convergence (4)","response ~ SamplingDate + (1 | Site)","SamplingDate","Sampling date fitted as a categorical fixed effect; no Date x Status interaction",442,14,19,2,2,438,0.00904977375565611,TRUE,TRUE,TRUE,TRUE,3306.010495636534,-1632.005247818267,NA,NA,NA,1.7468811061487477
"M2 invertebrate total abundance","Eastern Spencer Gulf","Eastern Spencer Gulf","Period","tweedie","Tweedie (log link)","nlminb_default",0,"relative convergence (4)","response ~ Period + (1 | Site) + (1 | SamplingDate)","Period","Period-only fixed effect fitted because only one Status level was present",27,3,4,2,1,27,0,TRUE,TRUE,TRUE,TRUE,222.25213627326625,-106.12606813663312,NA,NA,NA,1.7468811061487477
"M2 invertebrate total abundance","Eastern Spencer Gulf","Eastern Spencer Gulf","Temporal","tweedie","Tweedie (log link)","nlminb_default",0,"relative convergence (4)","response ~ SamplingDate + (1 | Site)","SamplingDate","Sampling date fitted as a categorical fixed effect; no Date x Status interaction",27,3,4,2,1,27,0,TRUE,TRUE,TRUE,TRUE,224.13939693884188,-106.06969846942094,NA,NA,NA,1.7468811061487477
"M2 invertebrate total abundance","Encounter Bay","South Coast","Period","tweedie","Tweedie (log link)","nlminb_default",0,"relative convergence (4)","response ~ Period * status + (1 | Site) + (1 | SamplingDate)","Period * status","Full Period x Status interaction fitted",177,7,14,2,2,177,0,TRUE,TRUE,TRUE,TRUE,1503.9901001608644,-744.9950500804322,NA,NA,NA,1.7468811061487477
"M2 invertebrate total abundance","Encounter Bay","South Coast","Temporal","tweedie","Tweedie (log link)","nlminb_default",0,"relative convergence (4)","response ~ SamplingDate + (1 | Site)","SamplingDate","Sampling date fitted as a categorical fixed effect; no Date x Status interaction",177,7,14,2,2,177,0,TRUE,TRUE,TRUE,TRUE,1511.4814929241622,-739.7407464620811,NA,NA,NA,1.7468811061487477
"M2 invertebrate total abundance","Metro","Adelaide Metro","Period","tweedie","Tweedie (log link)","nlminb_default",0,"relative convergence (4)","response ~ Period + (1 | Site) + (1 | SamplingDate)","Period","Period-only fixed effect fitted because only one Status level was present",68,3,15,2,1,68,0,TRUE,TRUE,TRUE,TRUE,536.7039391783942,-263.3519695891971,NA,NA,NA,1.7468811061487477
"M2 invertebrate total abundance","Metro","Adelaide Metro","Temporal","tweedie","Tweedie (log link)","nlminb_default",0,"relative convergence (4)","response ~ SamplingDate + (1 | Site)","SamplingDate","Sampling date fitted as a categorical fixed effect; no Date x Status interaction",68,3,15,2,1,68,0,TRUE,TRUE,TRUE,TRUE,516.4726132815351,-241.23630664076757,NA,NA,NA,1.7468811061487477
"M2 invertebrate total abundance","Rapid Head","Fleurieu","Period","tweedie","Tweedie (log link)","nlminb_default",0,"relative convergence (4)","response ~ Period * status + (1 | Site) + (1 | SamplingDate)","Period * status","Full Period x Status interaction fitted",469,10,22,2,2,468,0.0021321961620469083,TRUE,TRUE,TRUE,TRUE,3123.5923719367684,-1554.7961859683842,NA,NA,NA,1.7468811061487477
"M2 invertebrate total abundance","Rapid Head","Fleurieu","Temporal","tweedie","Tweedie (log link)","nlminb_default",0,"relative convergence (4)","response ~ SamplingDate + (1 | Site)","SamplingDate","Sampling date fitted as a categorical fixed effect; no Date x Status interaction",469,10,22,2,2,468,0.0021321961620469083,TRUE,TRUE,TRUE,TRUE,3113.274963969219,-1532.6374819846094,NA,NA,NA,1.7468811061487477
"M2 invertebrate total abundance","Southern Fleurieu","South Coast","Period","tweedie","Tweedie (log link)","nlminb_default",0,"relative convergence (4)","response ~ Period + (1 | Site) + (1 | SamplingDate)","Period","Period-only fixed effect fitted because only one Status level was present",119,6,9,2,1,119,0,TRUE,TRUE,TRUE,TRUE,937.243636377608,-463.621818188804,NA,NA,NA,1.7468811061487477
"M2 invertebrate total abundance","Southern Fleurieu","South Coast","Temporal","tweedie","Tweedie (log link)","nlminb_default",0,"relative convergence (4)","response ~ SamplingDate + (1 | Site)","SamplingDate","Sampling date fitted as a categorical fixed effect; no Date x Status interaction",119,6,9,2,1,119,0,TRUE,TRUE,TRUE,TRUE,936.6548832618226,-457.3274416309113,NA,NA,NA,1.7468811061487477
"M2 invertebrate total abundance","Southern Metro","Adelaide Metro","Period","tweedie","Tweedie (log link)","nlminb_default",0,"relative convergence (4)","response ~ Period * status + (1 | Site) + (1 | SamplingDate)","Period * status","Full Period x Status interaction fitted",266,14,18,2,2,265,0.0037593984962406013,TRUE,TRUE,TRUE,TRUE,2443.474118599977,-1214.7370592999885,NA,NA,NA,1.7468811061487477
"M2 invertebrate total abundance","Southern Metro","Adelaide Metro","Temporal","tweedie","Tweedie (log link)","nlminb_default",0,"relative convergence (4)","response ~ SamplingDate + (1 | Site)","SamplingDate","Sampling date fitted as a categorical fixed effect; no Date x Status interaction",266,14,18,2,2,265,0.0037593984962406013,TRUE,TRUE,TRUE,TRUE,2419.1644277269584,-1189.5822138634792,NA,NA,NA,1.7468811061487477
"M2 invertebrate total abundance","Southern Yorke","Southern Yorke","Period","tweedie","Tweedie (log link)","nlminb_default",0,"relative convergence (4)","response ~ Period + (1 | Site) + (1 | SamplingDate)","Period","Period-only fixed effect fitted because only one Status level was present",35,3,4,2,1,35,0,TRUE,TRUE,TRUE,TRUE,314.5451862769355,-152.27259313846776,NA,NA,NA,1.7468811061487477
"M2 invertebrate total abundance","Southern Yorke","Southern Yorke","Temporal","tweedie","Tweedie (log link)","nlminb_default",0,"relative convergence (4)","response ~ SamplingDate + (1 | Site)","SamplingDate","Sampling date fitted as a categorical fixed effect; no Date x Status interaction",35,3,4,2,1,35,0,TRUE,TRUE,TRUE,TRUE,305.57227482324254,-146.78613741162127,NA,NA,NA,1.7468811061487477
"M2 invertebrate total abundance","Sponge Gardens","Kangaroo Island","Period","tweedie","Tweedie (log link)","nlminb_default",0,"relative convergence (4)","response ~ Period * status + (1 | Site) + (1 | SamplingDate)","Period * status","Full Period x Status interaction fitted",148,5,10,2,2,148,0,TRUE,TRUE,TRUE,TRUE,1092.0237199256844,-539.0118599628422,NA,NA,NA,1.7468811061487477
"M2 invertebrate total abundance","Sponge Gardens","Kangaroo Island","Temporal","tweedie","Tweedie (log link)","nlminb_default",0,"relative convergence (4)","response ~ SamplingDate + (1 | Site)","SamplingDate","Sampling date fitted as a categorical fixed effect; no Date x Status interaction",148,5,10,2,2,148,0,TRUE,TRUE,TRUE,TRUE,1115.2535547644698,-545.6267773822349,NA,NA,NA,1.7468811061487477
"M2 invertebrate total abundance","Upper GSV","Upper Gulf St Vincent","Period","tweedie","Tweedie (log link)","nlminb_default",0,"relative convergence (4)","response ~ Period + (1 | Site) + (1 | SamplingDate)","Period","Period-only fixed effect fitted because only one Status level was present",92,5,9,2,1,89,0.03260869565217391,TRUE,TRUE,TRUE,TRUE,586.2435876630827,-288.12179383154137,NA,NA,NA,1.7468811061487477
"M2 invertebrate total abundance","Upper GSV","Upper Gulf St Vincent","Temporal","tweedie","Tweedie (log link)","nlminb_default",0,"relative convergence (4)","response ~ SamplingDate + (1 | Site)","SamplingDate","Sampling date fitted as a categorical fixed effect; no Date x Status interaction",92,5,9,2,1,89,0.03260869565217391,TRUE,TRUE,TRUE,TRUE,571.3045053330995,-274.65225266654977,NA,NA,NA,1.7468811061487477
"M2 invertebrate Echinodermata abundance","Carrickalinga","Fleurieu","Period","tweedie","Tweedie (log link)","nlminb_default",0,"relative convergence (4)","response ~ Period * status + (1 | Site) + (1 | SamplingDate)","Period * status","Full Period x Status interaction fitted",442,14,19,2,2,412,0.06787330316742081,TRUE,TRUE,TRUE,TRUE,2151.390641049879,-1068.6953205249395,NA,NA,NA,1.529129407110265
"M2 invertebrate Echinodermata abundance","Carrickalinga","Fleurieu","Temporal","tweedie","Tweedie (log link)","nlminb_default",0,"relative convergence (4)","response ~ SamplingDate + (1 | Site)","SamplingDate","Sampling date fitted as a categorical fixed effect; no Date x Status interaction",442,14,19,2,2,412,0.06787330316742081,TRUE,TRUE,TRUE,TRUE,2134.9680451094155,-1046.4840225547077,NA,NA,NA,1.529129407110265
"M2 invertebrate Echinodermata abundance","Eastern Spencer Gulf","Eastern Spencer Gulf","Period","tweedie","Tweedie (log link)","nlminb_default",0,"relative convergence (4)","response ~ Period + (1 | Site) + (1 | SamplingDate)","Period","Period-only fixed effect fitted because only one Status level was present",27,3,4,2,1,18,0.3333333333333333,TRUE,TRUE,TRUE,TRUE,174.24536306678158,-82.12268153339079,NA,NA,NA,1.529129407110265
"M2 invertebrate Echinodermata abundance","Eastern Spencer Gulf","Eastern Spencer Gulf","Temporal","tweedie","Tweedie (log link)","nlminb_default",0,"relative convergence (4)","response ~ SamplingDate + (1 | Site)","SamplingDate","Sampling date fitted as a categorical fixed effect; no Date x Status interaction",27,3,4,2,1,18,0.3333333333333333,TRUE,TRUE,TRUE,TRUE,170.99457611732933,-79.49728805866467,NA,NA,NA,1.529129407110265
"M2 invertebrate Echinodermata abundance","Encounter Bay","South Coast","Period","tweedie","Tweedie (log link)","nlminb_default",0,"relative convergence (4)","response ~ Period * status + (1 | Site) + (1 | SamplingDate)","Period * status","Full Period x Status interaction fitted",177,7,14,2,2,174,0.01694915254237288,TRUE,TRUE,TRUE,TRUE,1288.340902060849,-637.1704510304245,NA,NA,NA,1.529129407110265
"M2 invertebrate Echinodermata abundance","Encounter Bay","South Coast","Temporal","tweedie","Tweedie (log link)","nlminb_default",0,"relative convergence (4)","response ~ SamplingDate + (1 | Site)","SamplingDate","Sampling date fitted as a categorical fixed effect; no Date x Status interaction",177,7,14,2,2,174,0.01694915254237288,TRUE,TRUE,TRUE,TRUE,1303.5758769820736,-635.7879384910368,NA,NA,NA,1.529129407110265
"M2 invertebrate Echinodermata abundance","Metro","Adelaide Metro","Period","tweedie","Tweedie (log link)","nlminb_default",0,"relative convergence (4)","response ~ Period + (1 | Site) + (1 | SamplingDate)","Period","Period-only fixed effect fitted because only one Status level was present",68,3,15,2,1,62,0.08823529411764706,TRUE,TRUE,TRUE,TRUE,379.1420544755017,-184.57102723775085,NA,NA,NA,1.529129407110265
"M2 invertebrate Echinodermata abundance","Metro","Adelaide Metro","Temporal","tweedie","Tweedie (log link)","nlminb_default",0,"relative convergence (4)","response ~ SamplingDate + (1 | Site)","SamplingDate","Sampling date fitted as a categorical fixed effect; no Date x Status interaction; 1 all-zero Tweedie date(s) retained descriptively at zero",64,3,14,2,1,62,0.03125,TRUE,TRUE,TRUE,TRUE,348.41352202182975,-158.20676101091487,NA,NA,"Temporal model excludes 1 all-zero date(s) from fitting only; those sampled dates are retained as descriptive zero predictions",1.529129407110265
"M2 invertebrate Echinodermata abundance","Rapid Head","Fleurieu","Period","tweedie","Tweedie (log link)","nlminb_default",0,"relative convergence (4)","response ~ Period * status + (1 | Site) + (1 | SamplingDate)","Period * status","Full Period x Status interaction fitted",469,10,22,2,2,460,0.019189765458422176,TRUE,TRUE,TRUE,TRUE,2352.321196284151,-1169.1605981420755,NA,NA,NA,1.529129407110265
"M2 invertebrate Echinodermata abundance","Rapid Head","Fleurieu","Temporal","tweedie","Tweedie (log link)","nlminb_default",0,"relative convergence (4)","response ~ SamplingDate + (1 | Site)","SamplingDate","Sampling date fitted as a categorical fixed effect; no Date x Status interaction",469,10,22,2,2,460,0.019189765458422176,TRUE,TRUE,TRUE,TRUE,2343.2621139810085,-1147.6310569905042,NA,NA,NA,1.529129407110265
"M2 invertebrate Echinodermata abundance","Southern Fleurieu","South Coast","Period","tweedie","Tweedie (log link)","nlminb_default",0,"relative convergence (4)","response ~ Period + (1 | Site) + (1 | SamplingDate)","Period","Period-only fixed effect fitted because only one Status level was present",119,6,9,2,1,109,0.08403361344537816,TRUE,TRUE,TRUE,TRUE,731.5149988401652,-360.7574994200826,NA,NA,NA,1.529129407110265
"M2 invertebrate Echinodermata abundance","Southern Fleurieu","South Coast","Temporal","tweedie","Tweedie (log link)","nlminb_default",0,"relative convergence (4)","response ~ SamplingDate + (1 | Site)","SamplingDate","Sampling date fitted as a categorical fixed effect; no Date x Status interaction",119,6,9,2,1,109,0.08403361344537816,TRUE,TRUE,TRUE,TRUE,736.8463376679493,-357.42316883397467,NA,NA,NA,1.529129407110265
"M2 invertebrate Echinodermata abundance","Southern Metro","Adelaide Metro","Period","tweedie","Tweedie (log link)","nlminb_default",0,"relative convergence (4)","response ~ Period * status + (1 | Site) + (1 | SamplingDate)","Period * status","Full Period x Status interaction fitted",266,14,18,2,2,241,0.09398496240601503,TRUE,TRUE,TRUE,TRUE,1861.5284666857394,-923.7642333428697,NA,NA,NA,1.529129407110265
"M2 invertebrate Echinodermata abundance","Southern Metro","Adelaide Metro","Temporal","tweedie","Tweedie (log link)","nlminb_default",0,"relative convergence (4)","response ~ SamplingDate + (1 | Site)","SamplingDate","Sampling date fitted as a categorical fixed effect; no Date x Status interaction",266,14,18,2,2,241,0.09398496240601503,TRUE,TRUE,TRUE,TRUE,1842.3963562398715,-901.1981781199357,NA,NA,NA,1.529129407110265
"M2 invertebrate Echinodermata abundance","Southern Yorke","Southern Yorke","Period","tweedie","Tweedie (log link)","nlminb_default",0,"relative convergence (4)","response ~ Period + (1 | Site) + (1 | SamplingDate)","Period","Period-only fixed effect fitted because only one Status level was present",35,3,4,2,1,35,0,TRUE,TRUE,TRUE,TRUE,298.2361038663568,-144.1180519331784,NA,NA,NA,1.529129407110265
"M2 invertebrate Echinodermata abundance","Southern Yorke","Southern Yorke","Temporal","tweedie","Tweedie (log link)","nlminb_default",0,"relative convergence (4)","response ~ SamplingDate + (1 | Site)","SamplingDate","Sampling date fitted as a categorical fixed effect; no Date x Status interaction",35,3,4,2,1,35,0,TRUE,TRUE,TRUE,TRUE,289.59133445582853,-138.79566722791427,NA,NA,NA,1.529129407110265
"M2 invertebrate Echinodermata abundance","Sponge Gardens","Kangaroo Island","Period","tweedie","Tweedie (log link)","nlminb_default",0,"relative convergence (4)","response ~ Period * status + (1 | Site) + (1 | SamplingDate)","Period * status","Full Period x Status interaction fitted",148,5,10,2,2,141,0.0472972972972973,TRUE,TRUE,TRUE,TRUE,989.9600910890898,-487.9800455445449,NA,NA,NA,1.529129407110265
"M2 invertebrate Echinodermata abundance","Sponge Gardens","Kangaroo Island","Temporal","tweedie","Tweedie (log link)","nlminb_default",0,"relative convergence (4)","response ~ SamplingDate + (1 | Site)","SamplingDate","Sampling date fitted as a categorical fixed effect; no Date x Status interaction",148,5,10,2,2,141,0.0472972972972973,TRUE,TRUE,TRUE,TRUE,1009.179362219415,-492.5896811097075,NA,NA,NA,1.529129407110265
"M2 invertebrate Echinodermata abundance","Upper GSV","Upper Gulf St Vincent","Period","tweedie","Tweedie (log link)","nlminb_default",0,"relative convergence (4)","response ~ Period + (1 | Site) + (1 | SamplingDate)","Period","Period-only fixed effect fitted because only one Status level was present",92,5,9,2,1,73,0.20652173913043478,TRUE,TRUE,TRUE,TRUE,340.13070873964745,-165.06535436982372,NA,NA,NA,1.529129407110265
"M2 invertebrate Echinodermata abundance","Upper GSV","Upper Gulf St Vincent","Temporal","tweedie","Tweedie (log link)","nlminb_default",0,"relative convergence (4)","response ~ SamplingDate + (1 | Site)","SamplingDate","Sampling date fitted as a categorical fixed effect; no Date x Status interaction",92,5,9,2,1,73,0.20652173913043478,TRUE,TRUE,TRUE,TRUE,340.60202983283364,-159.30101491641682,NA,NA,NA,1.529129407110265
"M2 invertebrate Arthropoda abundance","Carrickalinga","Fleurieu","Period","tweedie","Tweedie (log link)","nlminb_default",0,"relative convergence (4)","response ~ Period * status + (1 | Site) + (1 | SamplingDate)","Period * status","Full Period x Status interaction fitted",442,14,19,2,2,331,0.251131221719457,TRUE,TRUE,TRUE,TRUE,709.4868570393138,-347.7434285196569,NA,NA,NA,1.001
"M2 invertebrate Arthropoda abundance","Carrickalinga","Fleurieu","Temporal","tweedie","Tweedie (log link)","nlminb_default",0,"relative convergence (4)","response ~ SamplingDate + (1 | Site)","SamplingDate","Sampling date fitted as a categorical fixed effect; no Date x Status interaction; 1 all-zero Tweedie date(s) retained descriptively at zero",439,14,18,2,2,331,0.2460136674259681,TRUE,TRUE,TRUE,TRUE,679.8856602288638,-319.9428301144319,NA,NA,"Temporal model excludes 1 all-zero date(s) from fitting only; those sampled dates are retained as descriptive zero predictions",1.001
"M2 invertebrate Arthropoda abundance","Eastern Spencer Gulf","Eastern Spencer Gulf","Period","tweedie","Tweedie (log link)","nlminb_default",0,"relative convergence (4)","response ~ Period + (1 | Site) + (1 | SamplingDate)","Period","Period-only fixed effect fitted because only one Status level was present",27,3,4,2,1,20,0.25925925925925924,TRUE,TRUE,TRUE,TRUE,84.28916777353757,-37.144583886768785,NA,NA,NA,1.001
"M2 invertebrate Arthropoda abundance","Eastern Spencer Gulf","Eastern Spencer Gulf","Temporal","tweedie","Tweedie (log link)","nlminb_default",0,"relative convergence (4)","response ~ SamplingDate + (1 | Site)","SamplingDate","Sampling date fitted as a categorical fixed effect; no Date x Status interaction",27,3,4,2,1,20,0.25925925925925924,TRUE,TRUE,TRUE,TRUE,302.78856331479903,-145.39428165739952,NA,NA,NA,1.001
"M2 invertebrate Arthropoda abundance","Encounter Bay","South Coast","Period","tweedie","Tweedie (log link)","nlminb_default",0,"relative convergence (4)","response ~ Period * status + (1 | Site) + (1 | SamplingDate)","Period * status","Full Period x Status interaction fitted",177,7,14,2,2,159,0.1016949152542373,TRUE,TRUE,TRUE,TRUE,427.70152781058374,-206.85076390529187,NA,NA,NA,1.001
"M2 invertebrate Arthropoda abundance","Encounter Bay","South Coast","Temporal","tweedie","Tweedie (log link)","nlminb_default",0,"relative convergence (4)","response ~ SamplingDate + (1 | Site)","SamplingDate","Sampling date fitted as a categorical fixed effect; no Date x Status interaction",177,7,14,2,2,159,0.1016949152542373,TRUE,TRUE,TRUE,TRUE,409.0010498740107,-188.50052493700534,NA,NA,NA,1.001
"M2 invertebrate Arthropoda abundance","Metro","Adelaide Metro","Period","tweedie","Tweedie (log link)","nlminb_default",0,"relative convergence (4)","response ~ Period + (1 | Site) + (1 | SamplingDate)","Period","Period-only fixed effect fitted because only one Status level was present",68,3,15,2,1,67,0.014705882352941176,TRUE,TRUE,TRUE,TRUE,977.5383732396115,-483.76918661980574,NA,NA,NA,1.001
"M2 invertebrate Arthropoda abundance","Metro","Adelaide Metro","Temporal","tweedie","Tweedie (log link)","nlminb_default",0,"relative convergence (4)","response ~ SamplingDate + (1 | Site)","SamplingDate","Sampling date fitted as a categorical fixed effect; no Date x Status interaction",68,3,15,2,1,67,0.014705882352941176,TRUE,TRUE,TRUE,TRUE,873.6855116288183,-419.84275581440914,NA,NA,NA,1.001
"M2 invertebrate Arthropoda abundance","Rapid Head","Fleurieu","Period","tweedie","Tweedie (log link)","nlminb_default",0,"relative convergence (4)","response ~ Period * status + (1 | Site) + (1 | SamplingDate)","Period * status","Full Period x Status interaction fitted",469,10,22,2,2,313,0.3326226012793177,TRUE,TRUE,TRUE,TRUE,298.7507017729446,-142.3753508864723,NA,NA,NA,1.001
"M2 invertebrate Arthropoda abundance","Rapid Head","Fleurieu","Temporal","tweedie","Tweedie (log link)","nlminb_default",0,"relative convergence (4)","response ~ SamplingDate + (1 | Site)","SamplingDate","Sampling date fitted as a categorical fixed effect; no Date x Status interaction",469,10,22,2,2,313,0.3326226012793177,TRUE,TRUE,TRUE,TRUE,279.3660682151024,-115.68303410755121,NA,NA,NA,1.001
"M2 invertebrate Arthropoda abundance","Southern Fleurieu","South Coast","Period","tweedie","Tweedie (log link)","nlminb_default",0,"relative convergence (4)","response ~ Period + (1 | Site) + (1 | SamplingDate)","Period","Period-only fixed effect fitted because only one Status level was present",119,6,9,2,1,100,0.15966386554621848,TRUE,TRUE,TRUE,TRUE,2084.020984963312,-1037.010492481656,NA,NA,NA,1.001
"M2 invertebrate Arthropoda abundance","Southern Fleurieu","South Coast","Temporal","tweedie","Tweedie (log link)","nlminb_default",0,"relative convergence (4)","response ~ SamplingDate + (1 | Site)","SamplingDate","Sampling date fitted as a categorical fixed effect; no Date x Status interaction",119,6,9,2,1,100,0.15966386554621848,TRUE,TRUE,TRUE,TRUE,2063.9142612132823,-1020.9571306066412,NA,NA,NA,1.001
"M2 invertebrate Arthropoda abundance","Southern Metro","Adelaide Metro","Period","tweedie","Tweedie (log link)","nlminb_default",0,"relative convergence (4)","response ~ Period * status + (1 | Site) + (1 | SamplingDate)","Period * status","Full Period x Status interaction fitted",266,14,18,2,2,229,0.13909774436090225,TRUE,TRUE,TRUE,TRUE,5974.5098695440865,-2980.2549347720433,NA,NA,NA,1.001
"M2 invertebrate Arthropoda abundance","Southern Metro","Adelaide Metro","Temporal","tweedie","Tweedie (log link)","nlminb_default",0,"relative convergence (4)","response ~ SamplingDate + (1 | Site)","SamplingDate","Sampling date fitted as a categorical fixed effect; no Date x Status interaction",266,14,18,2,2,229,0.13909774436090225,TRUE,TRUE,TRUE,TRUE,5962.810242462293,-2961.4051212311465,NA,NA,NA,1.001
"M2 invertebrate Arthropoda abundance","Southern Yorke","Southern Yorke","Period","tweedie","Tweedie (log link)","nlminb_default",0,"relative convergence (4)","response ~ Period + (1 | Site) + (1 | SamplingDate)","Period","Period-only fixed effect fitted because only one Status level was present",35,3,4,2,1,30,0.14285714285714285,TRUE,TRUE,TRUE,TRUE,277.2558145081295,-133.62790725406475,NA,NA,NA,1.001
"M2 invertebrate Arthropoda abundance","Southern Yorke","Southern Yorke","Temporal","tweedie","Tweedie (log link)","nlminb_default",0,"relative convergence (4)","response ~ SamplingDate + (1 | Site)","SamplingDate","Sampling date fitted as a categorical fixed effect; no Date x Status interaction",35,3,4,2,1,30,0.14285714285714285,TRUE,TRUE,TRUE,TRUE,265.9493409804823,-126.97467049024115,NA,NA,NA,1.001
"M2 invertebrate Arthropoda abundance","Sponge Gardens","Kangaroo Island","Period","tweedie","Tweedie (log link)","nlminb_default",0,"relative convergence (4)","response ~ Period * status + (1 | Site) + (1 | SamplingDate)","Period * status","Full Period x Status interaction fitted",148,5,10,2,2,114,0.22972972972972974,TRUE,TRUE,TRUE,TRUE,225.51598284520273,-105.75799142260136,NA,NA,NA,1.001
"M2 invertebrate Arthropoda abundance","Sponge Gardens","Kangaroo Island","Temporal","tweedie","Tweedie (log link)","nlminb_default",0,"relative convergence (4)","response ~ SamplingDate + (1 | Site)","SamplingDate","Sampling date fitted as a categorical fixed effect; no Date x Status interaction",148,5,10,2,2,114,0.22972972972972974,TRUE,TRUE,TRUE,TRUE,206.58059372821745,-91.29029686410873,NA,NA,NA,1.001
"M2 invertebrate Arthropoda abundance","Upper GSV","Upper Gulf St Vincent","Period","tweedie","Tweedie (log link)","nlminb_default",0,"relative convergence (4)","response ~ Period + (1 | Site) + (1 | SamplingDate)","Period","Period-only fixed effect fitted because only one Status level was present",92,5,9,2,1,87,0.05434782608695652,TRUE,TRUE,TRUE,TRUE,2259.3707934182507,-1124.6853967091254,NA,NA,NA,1.001
"M2 invertebrate Arthropoda abundance","Upper GSV","Upper Gulf St Vincent","Temporal","tweedie","Tweedie (log link)","nlminb_default",0,"relative convergence (4)","response ~ SamplingDate + (1 | Site)","SamplingDate","Sampling date fitted as a categorical fixed effect; no Date x Status interaction",92,5,9,2,1,87,0.05434782608695652,TRUE,TRUE,TRUE,TRUE,2239.132613912385,-1108.5663069561924,NA,NA,NA,1.001
"M2 invertebrate Mollusca abundance","Carrickalinga","Fleurieu","Period","tweedie","Tweedie (log link)","nlminb_default",0,"relative convergence (4)","response ~ Period * status + (1 | Site) + (1 | SamplingDate)","Period * status","Full Period x Status interaction fitted",442,14,19,2,2,422,0.04524886877828054,TRUE,TRUE,TRUE,TRUE,2985.520839643409,-1485.7604198217045,NA,NA,NA,1.6157948597274032
"M2 invertebrate Mollusca abundance","Carrickalinga","Fleurieu","Temporal","tweedie","Tweedie (log link)","nlminb_default",0,"relative convergence (4)","response ~ SamplingDate + (1 | Site)","SamplingDate","Sampling date fitted as a categorical fixed effect; no Date x Status interaction",442,14,19,2,2,422,0.04524886877828054,TRUE,TRUE,TRUE,TRUE,2955.1340803149983,-1456.5670401574992,NA,NA,NA,1.6157948597274032
"M2 invertebrate Mollusca abundance","Eastern Spencer Gulf","Eastern Spencer Gulf","Period","tweedie","Tweedie (log link)","nlminb_default",0,"relative convergence (4)","response ~ Period + (1 | Site) + (1 | SamplingDate)","Period","Period-only fixed effect fitted because only one Status level was present",27,3,4,2,1,22,0.18518518518518517,TRUE,TRUE,TRUE,TRUE,165.19386365481563,-77.59693182740781,NA,NA,NA,1.6157948597274032
"M2 invertebrate Mollusca abundance","Eastern Spencer Gulf","Eastern Spencer Gulf","Temporal","tweedie","Tweedie (log link)","nlminb_default",0,"relative convergence (4)","response ~ SamplingDate + (1 | Site)","SamplingDate","Sampling date fitted as a categorical fixed effect; no Date x Status interaction",27,3,4,2,1,22,0.18518518518518517,TRUE,TRUE,TRUE,TRUE,166.5351261938494,-77.2675630969247,NA,NA,NA,1.6157948597274032
"M2 invertebrate Mollusca abundance","Encounter Bay","South Coast","Period","tweedie","Tweedie (log link)","nlminb_default",0,"relative convergence (4)","response ~ Period * status + (1 | Site) + (1 | SamplingDate)","Period * status","Full Period x Status interaction fitted",177,7,14,2,2,176,0.005649717514124294,TRUE,TRUE,TRUE,TRUE,1135.0241503101447,-560.5120751550724,NA,NA,NA,1.6157948597274032
"M2 invertebrate Mollusca abundance","Encounter Bay","South Coast","Temporal","tweedie","Tweedie (log link)","nlminb_default",0,"relative convergence (4)","response ~ SamplingDate + (1 | Site)","SamplingDate","Sampling date fitted as a categorical fixed effect; no Date x Status interaction",177,7,14,2,2,176,0.005649717514124294,TRUE,TRUE,TRUE,TRUE,1133.150570486361,-550.5752852431805,NA,NA,NA,1.6157948597274032
"M2 invertebrate Mollusca abundance","Metro","Adelaide Metro","Period","tweedie","Tweedie (log link)","nlminb_default",0,"relative convergence (4)","response ~ Period + (1 | Site) + (1 | SamplingDate)","Period","Period-only fixed effect fitted because only one Status level was present",68,3,15,2,1,67,0.014705882352941176,TRUE,TRUE,TRUE,TRUE,475.11081820320595,-232.55540910160298,NA,NA,NA,1.6157948597274032
"M2 invertebrate Mollusca abundance","Metro","Adelaide Metro","Temporal","tweedie","Tweedie (log link)","nlminb_default",0,"relative convergence (4)","response ~ SamplingDate + (1 | Site)","SamplingDate","Sampling date fitted as a categorical fixed effect; no Date x Status interaction",68,3,15,2,1,67,0.014705882352941176,TRUE,TRUE,TRUE,TRUE,458.68911741907306,-212.34455870953653,NA,NA,NA,1.6157948597274032
"M2 invertebrate Mollusca abundance","Rapid Head","Fleurieu","Period","tweedie","Tweedie (log link)","nlminb_default",0,"relative convergence (4)","response ~ Period * status + (1 | Site) + (1 | SamplingDate)","Period * status","Full Period x Status interaction fitted",469,10,22,2,2,431,0.08102345415778252,TRUE,TRUE,TRUE,TRUE,2607.6797712211014,-1296.8398856105507,NA,NA,NA,1.6157948597274032
"M2 invertebrate Mollusca abundance","Rapid Head","Fleurieu","Temporal","tweedie","Tweedie (log link)","nlminb_default",0,"relative convergence (4)","response ~ SamplingDate + (1 | Site)","SamplingDate","Sampling date fitted as a categorical fixed effect; no Date x Status interaction",469,10,22,2,2,431,0.08102345415778252,TRUE,TRUE,TRUE,TRUE,2599.4761591504657,-1275.7380795752329,NA,NA,NA,1.6157948597274032
"M2 invertebrate Mollusca abundance","Southern Fleurieu","South Coast","Period","tweedie","Tweedie (log link)","nlminb_default",0,"relative convergence (4)","response ~ Period + (1 | Site) + (1 | SamplingDate)","Period","Period-only fixed effect fitted because only one Status level was present",119,6,9,2,1,119,0,TRUE,TRUE,TRUE,TRUE,851.5971160065264,-420.7985580032632,NA,NA,NA,1.6157948597274032
"M2 invertebrate Mollusca abundance","Southern Fleurieu","South Coast","Temporal","tweedie","Tweedie (log link)","nlminb_default",0,"relative convergence (4)","response ~ SamplingDate + (1 | Site)","SamplingDate","Sampling date fitted as a categorical fixed effect; no Date x Status interaction",119,6,9,2,1,119,0,TRUE,TRUE,TRUE,TRUE,851.8319320648466,-414.9159660324233,NA,NA,NA,1.6157948597274032
"M2 invertebrate Mollusca abundance","Southern Metro","Adelaide Metro","Period","tweedie","Tweedie (log link)","nlminb_default",0,"relative convergence (4)","response ~ Period * status + (1 | Site) + (1 | SamplingDate)","Period * status","Full Period x Status interaction fitted",266,14,18,2,2,256,0.03759398496240601,TRUE,TRUE,TRUE,TRUE,2105.5125381696876,-1045.7562690848438,NA,NA,NA,1.6157948597274032
"M2 invertebrate Mollusca abundance","Southern Metro","Adelaide Metro","Temporal","tweedie","Tweedie (log link)","nlminb_default",0,"relative convergence (4)","response ~ SamplingDate + (1 | Site)","SamplingDate","Sampling date fitted as a categorical fixed effect; no Date x Status interaction",266,14,18,2,2,256,0.03759398496240601,TRUE,TRUE,TRUE,TRUE,2087.2581272056204,-1023.6290636028101,NA,NA,NA,1.6157948597274032
"M2 invertebrate Mollusca abundance","Southern Yorke","Southern Yorke","Period","tweedie","Tweedie (log link)","nlminb_default",0,"relative convergence (4)","response ~ Period + (1 | Site) + (1 | SamplingDate)","Period","Period-only fixed effect fitted because only one Status level was present",35,3,4,2,1,35,0,TRUE,TRUE,TRUE,TRUE,211.36023956443466,-100.68011978221733,NA,NA,NA,1.6157948597274032
"M2 invertebrate Mollusca abundance","Southern Yorke","Southern Yorke","Temporal","tweedie","Tweedie (log link)","nlminb_default",0,"relative convergence (4)","response ~ SamplingDate + (1 | Site)","SamplingDate","Sampling date fitted as a categorical fixed effect; no Date x Status interaction",35,3,4,2,1,35,0,TRUE,TRUE,TRUE,TRUE,203.1353059907374,-95.5676529953687,NA,NA,NA,1.6157948597274032
"M2 invertebrate Mollusca abundance","Sponge Gardens","Kangaroo Island","Period","tweedie","Tweedie (log link)","nlminb_default",0,"relative convergence (4)","response ~ Period * status + (1 | Site) + (1 | SamplingDate)","Period * status","Full Period x Status interaction fitted",148,5,10,2,2,131,0.11486486486486487,TRUE,TRUE,TRUE,TRUE,653.9031599600904,-319.9515799800452,NA,NA,NA,1.6157948597274032
"M2 invertebrate Mollusca abundance","Sponge Gardens","Kangaroo Island","Temporal","tweedie","Tweedie (log link)","nlminb_default",0,"relative convergence (4)","response ~ SamplingDate + (1 | Site)","SamplingDate","Sampling date fitted as a categorical fixed effect; no Date x Status interaction",148,5,10,2,2,131,0.11486486486486487,TRUE,TRUE,TRUE,TRUE,649.1632002217666,-312.5816001108833,NA,NA,NA,1.6157948597274032
"M2 invertebrate Mollusca abundance","Upper GSV","Upper Gulf St Vincent","Period","tweedie","Tweedie (log link)","nlminb_default",0,"relative convergence (4)","response ~ Period + (1 | Site) + (1 | SamplingDate)","Period","Period-only fixed effect fitted because only one Status level was present",92,5,9,2,1,78,0.15217391304347827,TRUE,TRUE,TRUE,TRUE,468.29710928178446,-229.14855464089223,NA,NA,NA,1.6157948597274032
"M2 invertebrate Mollusca abundance","Upper GSV","Upper Gulf St Vincent","Temporal","tweedie","Tweedie (log link)","nlminb_default",0,"relative convergence (4)","response ~ SamplingDate + (1 | Site)","SamplingDate","Sampling date fitted as a categorical fixed effect; no Date x Status interaction",92,5,9,2,1,78,0.15217391304347827,TRUE,TRUE,TRUE,TRUE,452.340920467483,-215.1704602337415,NA,NA,NA,1.6157948597274032
