"Period","status","estimate","SE","lower.CL","upper.CL","n_sites_status","n_transects_status","n_sites_period_status","n_transects_period_status","low_rep_status","low_rep_period_status","low_replication","estimate_source","metric","location","region","family_code","model_family","spatial_level","group_name"
"Pre-bloom","Fished",7.275958722638777,0.8614573621379676,5.587533318631483,8.964384126646072,10,256,10,212,FALSE,FALSE,FALSE,"model","M1 fish species richness","Carrickalinga","Fleurieu","gaussian","Gaussian (identity link)","location","Carrickalinga"
"Pre-bloom","No-take",10.812916976933366,1.1903205223584665,8.479931623051868,13.145902330814863,4,186,4,166,FALSE,FALSE,FALSE,"model","M1 fish species richness","Carrickalinga","Fleurieu","gaussian","Gaussian (identity link)","location","Carrickalinga"
"Bloom","Fished",3.8691526362238546,2.027477530012314,-0.10463030206450608,7.842935574512215,10,256,10,44,FALSE,FALSE,FALSE,"model","M1 fish species richness","Carrickalinga","Fleurieu","gaussian","Gaussian (identity link)","location","Carrickalinga"
"Bloom","No-take",6.279405145205911,2.2431240970900657,1.8829627020554556,10.675847588356365,4,186,4,20,FALSE,FALSE,FALSE,"model","M1 fish species richness","Carrickalinga","Fleurieu","gaussian","Gaussian (identity link)","location","Carrickalinga"
"Pre-bloom","Fished",1.4145096150283485,0.18445350393666932,1.0529873904902596,1.7760318395664374,10,255,10,211,FALSE,FALSE,FALSE,"model","M2 fish species richness","Carrickalinga","Fleurieu","gaussian","Gaussian (identity link)","location","Carrickalinga"
"Pre-bloom","No-take",1.4884614375897383,0.23774858320552353,1.022482777131488,1.9544400980479886,4,184,4,165,FALSE,FALSE,FALSE,"model","M2 fish species richness","Carrickalinga","Fleurieu","gaussian","Gaussian (identity link)","location","Carrickalinga"
"Bloom","Fished",0.45555445845724596,0.48226949943445463,-0.4896763912764449,1.4007853081909367,10,255,10,44,FALSE,FALSE,FALSE,"model","M2 fish species richness","Carrickalinga","Fleurieu","gaussian","Gaussian (identity link)","location","Carrickalinga"
"Bloom","No-take",0.4053163166368468,0.5280809948653988,-0.629703414219416,1.4403360474931095,4,184,4,19,FALSE,FALSE,FALSE,"model","M2 fish species richness","Carrickalinga","Fleurieu","gaussian","Gaussian (identity link)","location","Carrickalinga"
"Pre-bloom","Fished",4.62487306141631,0.40365386780527984,3.83372601829767,5.416020104534951,10,256,10,212,FALSE,FALSE,FALSE,"model","M2 invertebrate species richness","Carrickalinga","Fleurieu","gaussian","Gaussian (identity link)","location","Carrickalinga"
"Pre-bloom","No-take",5.461778061393404,0.5497295516183599,4.384327938984066,6.5392281838027415,4,186,4,166,FALSE,FALSE,FALSE,"model","M2 invertebrate species richness","Carrickalinga","Fleurieu","gaussian","Gaussian (identity link)","location","Carrickalinga"
"Bloom","Fished",3.589438525002678,0.9374758510324227,1.7520196206030931,5.426857429402263,10,256,10,44,FALSE,FALSE,FALSE,"model","M2 invertebrate species richness","Carrickalinga","Fleurieu","gaussian","Gaussian (identity link)","location","Carrickalinga"
"Bloom","No-take",3.9236271511475067,1.0465096608663118,1.8725059063763099,5.974748395918704,4,186,4,20,FALSE,FALSE,FALSE,"model","M2 invertebrate species richness","Carrickalinga","Fleurieu","gaussian","Gaussian (identity link)","location","Carrickalinga"
"Pre-bloom","Fished",2.0608893881953985,0.21583705318288415,1.6378565374276894,2.4839222389631077,10,256,10,212,FALSE,FALSE,FALSE,"model","M2 invertebrate Echinodermata species richness","Carrickalinga","Fleurieu","gaussian","Gaussian (identity link)","location","Carrickalinga"
"Pre-bloom","No-take",1.9718617998852177,0.311089294327221,1.362137987027884,2.5815856127425514,4,186,4,166,FALSE,FALSE,FALSE,"model","M2 invertebrate Echinodermata species richness","Carrickalinga","Fleurieu","gaussian","Gaussian (identity link)","location","Carrickalinga"
"Bloom","Fished",0.9416793599833322,0.3496908065689022,0.25629797338352145,1.627060746583143,10,256,10,44,FALSE,FALSE,FALSE,"model","M2 invertebrate Echinodermata species richness","Carrickalinga","Fleurieu","gaussian","Gaussian (identity link)","location","Carrickalinga"
"Bloom","No-take",0.5051882117578181,0.4490307603685688,-0.374895906515212,1.3852723300308483,4,186,4,20,FALSE,FALSE,FALSE,"model","M2 invertebrate Echinodermata species richness","Carrickalinga","Fleurieu","gaussian","Gaussian (identity link)","location","Carrickalinga"
"Pre-bloom","Fished",0.6095417125736907,0.08221892393801808,0.4483955828075372,0.7706878423398442,10,256,10,212,FALSE,FALSE,FALSE,"model","M2 invertebrate Arthropoda species richness","Carrickalinga","Fleurieu","gaussian","Gaussian (identity link)","location","Carrickalinga"
"Pre-bloom","No-take",0.7628743718257911,0.11720974483228229,0.5331474933173881,0.9926012503341941,4,186,4,166,FALSE,FALSE,FALSE,"model","M2 invertebrate Arthropoda species richness","Carrickalinga","Fleurieu","gaussian","Gaussian (identity link)","location","Carrickalinga"
"Bloom","Fished",1.4883697704713064,0.11780842663413381,1.2574694971930749,1.7192700437495378,10,256,10,44,FALSE,FALSE,FALSE,"model","M2 invertebrate Arthropoda species richness","Carrickalinga","Fleurieu","gaussian","Gaussian (identity link)","location","Carrickalinga"
"Bloom","No-take",1.6200561833877765,0.17070853286477566,1.285473607119144,1.954638759656409,4,186,4,20,FALSE,FALSE,FALSE,"model","M2 invertebrate Arthropoda species richness","Carrickalinga","Fleurieu","gaussian","Gaussian (identity link)","location","Carrickalinga"
"Pre-bloom","Fished",1.9209094239694928,0.21876350743929276,1.492140828256819,2.349678019682167,10,256,10,212,FALSE,FALSE,FALSE,"model","M2 invertebrate Mollusca species richness","Carrickalinga","Fleurieu","gaussian","Gaussian (identity link)","location","Carrickalinga"
"Pre-bloom","No-take",2.6517848947480687,0.28745465026980727,2.0883841330306896,3.2151856564654477,4,186,4,166,FALSE,FALSE,FALSE,"model","M2 invertebrate Mollusca species richness","Carrickalinga","Fleurieu","gaussian","Gaussian (identity link)","location","Carrickalinga"
"Bloom","Fished",1.1566512297353453,0.5597947618416662,0.05947365779150293,2.2538288016791874,10,256,10,44,FALSE,FALSE,FALSE,"model","M2 invertebrate Mollusca species richness","Carrickalinga","Fleurieu","gaussian","Gaussian (identity link)","location","Carrickalinga"
"Bloom","No-take",1.7951634218345622,0.6112262150784424,0.5971820538740824,2.993144789795042,4,186,4,20,FALSE,FALSE,FALSE,"model","M2 invertebrate Mollusca species richness","Carrickalinga","Fleurieu","gaussian","Gaussian (identity link)","location","Carrickalinga"
"Pre-bloom","Fished",0.999434795080674,0.11573615171381738,0.7725961060123283,1.2262734841490197,10,256,10,212,FALSE,FALSE,FALSE,"model","M1 fish Shannon diversity","Carrickalinga","Fleurieu","gaussian","Gaussian (identity link)","location","Carrickalinga"
"Pre-bloom","No-take",1.546410132799111,0.1736844467263142,1.2059948725407696,1.8868253930574526,4,186,4,166,FALSE,FALSE,FALSE,"model","M1 fish Shannon diversity","Carrickalinga","Fleurieu","gaussian","Gaussian (identity link)","location","Carrickalinga"
"Bloom","Fished",1.0409905732612101,0.1682284228778382,0.7112689232446733,1.370712223277747,10,256,10,44,FALSE,FALSE,FALSE,"model","M1 fish Shannon diversity","Carrickalinga","Fleurieu","gaussian","Gaussian (identity link)","location","Carrickalinga"
"Bloom","No-take",1.3858887094012922,0.22241710297403539,0.9499591980264463,1.821818220776138,4,186,4,20,FALSE,FALSE,FALSE,"model","M1 fish Shannon diversity","Carrickalinga","Fleurieu","gaussian","Gaussian (identity link)","location","Carrickalinga"
"Pre-bloom","Fished",0.3113116611578509,0.048487486996965284,0.21627793294294478,0.40634538937275705,10,255,10,211,FALSE,FALSE,FALSE,"model","M2 fish Shannon diversity","Carrickalinga","Fleurieu","gaussian","Gaussian (identity link)","location","Carrickalinga"
"Pre-bloom","No-take",0.31166626025138117,0.05682320184454411,0.20029483114982477,0.42303768935293756,4,184,4,165,FALSE,FALSE,FALSE,"model","M2 fish Shannon diversity","Carrickalinga","Fleurieu","gaussian","Gaussian (identity link)","location","Carrickalinga"
"Bloom","Fished",0.07552364807533773,0.14629762528075996,-0.2112144284986882,0.3622617246493637,10,255,10,44,FALSE,FALSE,FALSE,"model","M2 fish Shannon diversity","Carrickalinga","Fleurieu","gaussian","Gaussian (identity link)","location","Carrickalinga"
"Bloom","No-take",0.04046155552140607,0.15682996729598297,-0.26691953207531505,0.3478426431181272,4,184,4,19,FALSE,FALSE,FALSE,"model","M2 fish Shannon diversity","Carrickalinga","Fleurieu","gaussian","Gaussian (identity link)","location","Carrickalinga"
"Pre-bloom","Fished",1.0928080566258427,0.09768281873568861,0.9013532499955386,1.2842628632561468,10,256,10,212,FALSE,FALSE,FALSE,"model","M2 invertebrate Shannon diversity","Carrickalinga","Fleurieu","gaussian","Gaussian (identity link)","location","Carrickalinga"
"Pre-bloom","No-take",1.1367320138938912,0.13779749086393886,0.866653894640584,1.4068101331471985,4,186,4,166,FALSE,FALSE,FALSE,"model","M2 invertebrate Shannon diversity","Carrickalinga","Fleurieu","gaussian","Gaussian (identity link)","location","Carrickalinga"
"Bloom","Fished",1.009277759671761,0.19565065610521168,0.6258095201539147,1.3927459991896074,10,256,10,44,FALSE,FALSE,FALSE,"model","M2 invertebrate Shannon diversity","Carrickalinga","Fleurieu","gaussian","Gaussian (identity link)","location","Carrickalinga"
"Bloom","No-take",1.0806236530255977,0.22854911501353867,0.6326756189005595,1.5285716871506358,4,186,4,20,FALSE,FALSE,FALSE,"model","M2 invertebrate Shannon diversity","Carrickalinga","Fleurieu","gaussian","Gaussian (identity link)","location","Carrickalinga"
"Pre-bloom","Fished",0.5299993502617701,0.05621631756998211,0.419817392481139,0.6401813080424013,10,256,10,212,FALSE,FALSE,FALSE,"model","M2 invertebrate Echinodermata Shannon diversity","Carrickalinga","Fleurieu","gaussian","Gaussian (identity link)","location","Carrickalinga"
"Pre-bloom","No-take",0.5458960201207238,0.07394647861360526,0.40096358525449616,0.6908284549869514,4,186,4,166,FALSE,FALSE,FALSE,"model","M2 invertebrate Echinodermata Shannon diversity","Carrickalinga","Fleurieu","gaussian","Gaussian (identity link)","location","Carrickalinga"
"Bloom","Fished",0.18912514591971386,0.10682016695052773,-0.02023853412587623,0.39848882596530394,10,256,10,44,FALSE,FALSE,FALSE,"model","M2 invertebrate Echinodermata Shannon diversity","Carrickalinga","Fleurieu","gaussian","Gaussian (identity link)","location","Carrickalinga"
"Bloom","No-take",0.052724688592828625,0.13380041088746236,-0.20951929786325846,0.31496867504891574,4,186,4,20,FALSE,FALSE,FALSE,"model","M2 invertebrate Echinodermata Shannon diversity","Carrickalinga","Fleurieu","gaussian","Gaussian (identity link)","location","Carrickalinga"
"Pre-bloom","Fished",0.05987616597999555,0.01972179189678217,0.021222164151708633,0.09853016780828247,10,256,10,212,FALSE,FALSE,FALSE,"model","M2 invertebrate Arthropoda Shannon diversity","Carrickalinga","Fleurieu","gaussian","Gaussian (identity link)","location","Carrickalinga"
"Pre-bloom","No-take",0.06813726948498317,0.02677083451573224,0.015667397998066213,0.12060714097190012,4,186,4,166,FALSE,FALSE,FALSE,"model","M2 invertebrate Arthropoda Shannon diversity","Carrickalinga","Fleurieu","gaussian","Gaussian (identity link)","location","Carrickalinga"
"Bloom","Fished",0.34070941826032985,0.030442939586999354,0.28104235308628245,0.40037648343437726,10,256,10,44,FALSE,FALSE,FALSE,"model","M2 invertebrate Arthropoda Shannon diversity","Carrickalinga","Fleurieu","gaussian","Gaussian (identity link)","location","Carrickalinga"
"Bloom","No-take",0.3172140708580369,0.045922091050795436,0.22720842630370872,0.407219715412365,4,186,4,20,FALSE,FALSE,FALSE,"model","M2 invertebrate Arthropoda Shannon diversity","Carrickalinga","Fleurieu","gaussian","Gaussian (identity link)","location","Carrickalinga"
"Pre-bloom","Fished",0.4330746478171826,0.05412983961433381,0.32698211168415886,0.5391671839502064,10,256,10,212,FALSE,FALSE,FALSE,"model","M2 invertebrate Mollusca Shannon diversity","Carrickalinga","Fleurieu","gaussian","Gaussian (identity link)","location","Carrickalinga"
"Pre-bloom","No-take",0.5608727406249983,0.06874914882909207,0.4261268849521938,0.6956185962978028,4,186,4,166,FALSE,FALSE,FALSE,"model","M2 invertebrate Mollusca Shannon diversity","Carrickalinga","Fleurieu","gaussian","Gaussian (identity link)","location","Carrickalinga"
"Bloom","Fished",0.24810740133197487,0.12870545432670896,-0.004150653762239526,0.5003654564261892,10,256,10,44,FALSE,FALSE,FALSE,"model","M2 invertebrate Mollusca Shannon diversity","Carrickalinga","Fleurieu","gaussian","Gaussian (identity link)","location","Carrickalinga"
"Bloom","No-take",0.4489076298441037,0.1466792787814247,0.1614215261542012,0.7363937335340063,4,186,4,20,FALSE,FALSE,FALSE,"model","M2 invertebrate Mollusca Shannon diversity","Carrickalinga","Fleurieu","gaussian","Gaussian (identity link)","location","Carrickalinga"
"Pre-bloom","Fished",2.581829483026234,0.2812159641783173,2.030656321359026,3.133002644693442,10,256,10,212,FALSE,FALSE,FALSE,"model","M1 fish Simpson diversity","Carrickalinga","Fleurieu","gaussian","Gaussian (identity link)","location","Carrickalinga"
"Pre-bloom","No-take",3.935473275532752,0.40888728326098983,3.134068926604785,4.736877624460719,4,186,4,166,FALSE,FALSE,FALSE,"model","M1 fish Simpson diversity","Carrickalinga","Fleurieu","gaussian","Gaussian (identity link)","location","Carrickalinga"
"Bloom","Fished",2.952142119781964,0.44126963360448357,2.087269530445991,3.817014709117937,10,256,10,44,FALSE,FALSE,FALSE,"model","M1 fish Simpson diversity","Carrickalinga","Fleurieu","gaussian","Gaussian (identity link)","location","Carrickalinga"
"Bloom","No-take",3.4946941665260187,0.575921021863371,2.365909705734307,4.623478627317731,4,186,4,20,FALSE,FALSE,FALSE,"model","M1 fish Simpson diversity","Carrickalinga","Fleurieu","gaussian","Gaussian (identity link)","location","Carrickalinga"
"Pre-bloom","Fished",1.1665401019680188,0.11753596509495523,0.9361738434937497,1.396906360442288,10,255,10,211,FALSE,FALSE,FALSE,"model","M2 fish Simpson diversity","Carrickalinga","Fleurieu","gaussian","Gaussian (identity link)","location","Carrickalinga"
"Pre-bloom","No-take",1.198868877280174,0.14669140096718372,0.91135901454277,1.486378740017578,4,184,4,165,FALSE,FALSE,FALSE,"model","M2 fish Simpson diversity","Carrickalinga","Fleurieu","gaussian","Gaussian (identity link)","location","Carrickalinga"
"Bloom","Fished",0.44069377857087666,0.3221701102734011,-0.19074803446028699,1.0721355916020403,10,255,10,44,FALSE,FALSE,FALSE,"model","M2 fish Simpson diversity","Carrickalinga","Fleurieu","gaussian","Gaussian (identity link)","location","Carrickalinga"
"Bloom","No-take",0.40013221400528703,0.3506689620009716,-0.28716632201266185,1.0874307500232359,4,184,4,19,FALSE,FALSE,FALSE,"model","M2 fish Simpson diversity","Carrickalinga","Fleurieu","gaussian","Gaussian (identity link)","location","Carrickalinga"
"Pre-bloom","Fished",2.937773259658776,0.2632649469814487,2.42178344518329,3.4537630741342618,10,256,10,212,FALSE,FALSE,FALSE,"model","M2 invertebrate Simpson diversity","Carrickalinga","Fleurieu","gaussian","Gaussian (identity link)","location","Carrickalinga"
"Pre-bloom","No-take",2.9708720202940073,0.3516834639065062,2.2815850970789633,3.6601589435090514,4,186,4,166,FALSE,FALSE,FALSE,"model","M2 invertebrate Simpson diversity","Carrickalinga","Fleurieu","gaussian","Gaussian (identity link)","location","Carrickalinga"
"Bloom","Fished",2.7813278117024742,0.6109901663662092,1.5838090907165687,3.9788465326883795,10,256,10,44,FALSE,FALSE,FALSE,"model","M2 invertebrate Simpson diversity","Carrickalinga","Fleurieu","gaussian","Gaussian (identity link)","location","Carrickalinga"
"Bloom","No-take",2.7398954436380683,0.6858964438741599,1.3955631165206166,4.08422777075552,4,186,4,20,FALSE,FALSE,FALSE,"model","M2 invertebrate Simpson diversity","Carrickalinga","Fleurieu","gaussian","Gaussian (identity link)","location","Carrickalinga"
"Pre-bloom","Fished",1.6825039402633055,0.13890967228604506,1.4102459854783955,1.9547618950482155,10,256,10,212,FALSE,FALSE,FALSE,"model","M2 invertebrate Echinodermata Simpson diversity","Carrickalinga","Fleurieu","gaussian","Gaussian (identity link)","location","Carrickalinga"
"Pre-bloom","No-take",1.7746948403465843,0.1894816053174909,1.403317718191469,2.1460719625016997,4,186,4,166,FALSE,FALSE,FALSE,"model","M2 invertebrate Echinodermata Simpson diversity","Carrickalinga","Fleurieu","gaussian","Gaussian (identity link)","location","Carrickalinga"
"Bloom","Fished",0.8906949392871938,0.24485481132957046,0.4107883276398858,1.3706015509345018,10,256,10,44,FALSE,FALSE,FALSE,"model","M2 invertebrate Echinodermata Simpson diversity","Carrickalinga","Fleurieu","gaussian","Gaussian (identity link)","location","Carrickalinga"
"Bloom","No-take",0.5076598911684562,0.3131264735480032,-0.10605671959166385,1.1213765019285762,4,186,4,20,FALSE,FALSE,FALSE,"model","M2 invertebrate Echinodermata Simpson diversity","Carrickalinga","Fleurieu","gaussian","Gaussian (identity link)","location","Carrickalinga"
"Pre-bloom","Fished",0.605242316170033,0.07626325590455045,0.4557690812533525,0.7547155510867134,10,256,10,212,FALSE,FALSE,FALSE,"model","M2 invertebrate Arthropoda Simpson diversity","Carrickalinga","Fleurieu","gaussian","Gaussian (identity link)","location","Carrickalinga"
"Pre-bloom","No-take",0.7459876783648282,0.10712026148869089,0.5360358238324812,0.9559395328971751,4,186,4,166,FALSE,FALSE,FALSE,"model","M2 invertebrate Arthropoda Simpson diversity","Carrickalinga","Fleurieu","gaussian","Gaussian (identity link)","location","Carrickalinga"
"Bloom","Fished",1.281239017424782,0.11871221510292657,1.0485673512980742,1.51391068355149,10,256,10,44,FALSE,FALSE,FALSE,"model","M2 invertebrate Arthropoda Simpson diversity","Carrickalinga","Fleurieu","gaussian","Gaussian (identity link)","location","Carrickalinga"
"Bloom","No-take",1.28805571067466,0.1633207946050491,0.9679528353223001,1.6081585860270198,4,186,4,20,FALSE,FALSE,FALSE,"model","M2 invertebrate Arthropoda Simpson diversity","Carrickalinga","Fleurieu","gaussian","Gaussian (identity link)","location","Carrickalinga"
"Pre-bloom","Fished",1.3980715964675567,0.1321033343763511,1.1391538188522565,1.656989374082857,10,256,10,212,FALSE,FALSE,FALSE,"model","M2 invertebrate Mollusca Simpson diversity","Carrickalinga","Fleurieu","gaussian","Gaussian (identity link)","location","Carrickalinga"
"Pre-bloom","No-take",1.674339600727466,0.1874394408049573,1.3069650474674224,2.0417141539875097,4,186,4,166,FALSE,FALSE,FALSE,"model","M2 invertebrate Mollusca Simpson diversity","Carrickalinga","Fleurieu","gaussian","Gaussian (identity link)","location","Carrickalinga"
"Bloom","Fished",1.0698087823779807,0.22315034084636282,0.6324421511812723,1.507175413574689,10,256,10,44,FALSE,FALSE,FALSE,"model","M2 invertebrate Mollusca Simpson diversity","Carrickalinga","Fleurieu","gaussian","Gaussian (identity link)","location","Carrickalinga"
"Bloom","No-take",1.5793671481303329,0.2836458816419983,1.0234314357489054,2.1353028605117603,4,186,4,20,FALSE,FALSE,FALSE,"model","M2 invertebrate Mollusca Simpson diversity","Carrickalinga","Fleurieu","gaussian","Gaussian (identity link)","location","Carrickalinga"
"Pre-bloom","Fished",1.1975680326535352,0.4532443308586655,0.30922546797359474,2.0859105973334757,10,256,10,212,FALSE,FALSE,FALSE,"model","M1 fish B20 biomass","Carrickalinga","Fleurieu","tweedie","Tweedie (log link)","location","Carrickalinga"
"Pre-bloom","No-take",4.389858462574776,2.475380107386402,-0.46179739594946234,9.241514321099014,4,186,4,166,FALSE,FALSE,FALSE,"model","M1 fish B20 biomass","Carrickalinga","Fleurieu","tweedie","Tweedie (log link)","location","Carrickalinga"
"Bloom","Fished",0.7497616938550088,0.43252609979917045,-0.09797388412494223,1.5974972718349598,10,256,10,44,FALSE,FALSE,FALSE,"model","M1 fish B20 biomass","Carrickalinga","Fleurieu","tweedie","Tweedie (log link)","location","Carrickalinga"
"Bloom","No-take",4.803415530575114,3.4678920049526387,-1.9935279014064555,11.600358962556683,4,186,4,20,FALSE,FALSE,FALSE,"model","M1 fish B20 biomass","Carrickalinga","Fleurieu","tweedie","Tweedie (log link)","location","Carrickalinga"
"Pre-bloom","Fished",0.0052533611565814065,0.004690988804145865,-0.003940807951425104,0.014447530264587918,10,255,10,211,FALSE,FALSE,FALSE,"model","M2 fish B20 biomass","Carrickalinga","Fleurieu","tweedie","Tweedie (log link)","location","Carrickalinga"
"Pre-bloom","No-take",0.01079525151293363,0.011451252521070668,-0.011648791006238371,0.03323929403210563,4,184,4,165,FALSE,FALSE,FALSE,"model","M2 fish B20 biomass","Carrickalinga","Fleurieu","tweedie","Tweedie (log link)","location","Carrickalinga"
"Bloom","Fished",0.0041326628929119775,0.006570860999078542,-0.008745988012700838,0.017011313798524795,10,255,10,44,FALSE,FALSE,FALSE,"model","M2 fish B20 biomass","Carrickalinga","Fleurieu","tweedie","Tweedie (log link)","location","Carrickalinga"
"Bloom","No-take",0.0016963571495303348,0.0033783690650091786,-0.00492512454437191,0.00831783884343258,4,184,4,19,FALSE,FALSE,FALSE,"model","M2 fish B20 biomass","Carrickalinga","Fleurieu","tweedie","Tweedie (log link)","location","Carrickalinga"
"Pre-bloom","Fished",67.61648390873084,19.353966565824678,29.68340648172213,105.54956133573955,10,256,10,212,FALSE,FALSE,FALSE,"model","M1 fish total abundance","Carrickalinga","Fleurieu","tweedie","Tweedie (log link)","location","Carrickalinga"
"Pre-bloom","No-take",98.95782755320205,41.023138252862346,18.553954044784476,179.3617010616196,4,186,4,166,FALSE,FALSE,FALSE,"model","M1 fish total abundance","Carrickalinga","Fleurieu","tweedie","Tweedie (log link)","location","Carrickalinga"
"Bloom","Fished",11.744714466089631,6.087635411875563,-0.1868316921971278,23.67626062437639,10,256,10,44,FALSE,FALSE,FALSE,"model","M1 fish total abundance","Carrickalinga","Fleurieu","tweedie","Tweedie (log link)","location","Carrickalinga"
"Bloom","No-take",38.02478465612644,23.55422382589855,-8.140645726429945,84.19021503868282,4,186,4,20,FALSE,FALSE,FALSE,"model","M1 fish total abundance","Carrickalinga","Fleurieu","tweedie","Tweedie (log link)","location","Carrickalinga"
"Pre-bloom","Fished",3.1762030676407966,0.9209006891712248,1.3712708835270815,4.9811352517545116,10,255,10,211,FALSE,FALSE,FALSE,"model","M2 fish total abundance","Carrickalinga","Fleurieu","tweedie","Tweedie (log link)","location","Carrickalinga"
"Pre-bloom","No-take",4.846333619970693,1.950709872885317,1.0230125248287658,8.669654715112621,4,184,4,165,FALSE,FALSE,FALSE,"model","M2 fish total abundance","Carrickalinga","Fleurieu","tweedie","Tweedie (log link)","location","Carrickalinga"
"Bloom","Fished",0.5031955550200875,0.3074515367395277,-0.09939838398087986,1.1057894940210549,10,255,10,44,FALSE,FALSE,FALSE,"model","M2 fish total abundance","Carrickalinga","Fleurieu","tweedie","Tweedie (log link)","location","Carrickalinga"
"Bloom","No-take",0.4673784083675292,0.3466472512498399,-0.21203771942196414,1.1467945361570226,4,184,4,19,FALSE,FALSE,FALSE,"model","M2 fish total abundance","Carrickalinga","Fleurieu","tweedie","Tweedie (log link)","location","Carrickalinga"
"Pre-bloom","Fished",10.325331811288644,2.7753369914556596,4.885771263073805,15.764892359503483,10,256,10,212,FALSE,FALSE,FALSE,"model","M2 invertebrate total abundance","Carrickalinga","Fleurieu","tweedie","Tweedie (log link)","location","Carrickalinga"
"Pre-bloom","No-take",27.011020339310587,9.310740354941546,8.762304574221481,45.25973610439969,4,186,4,166,FALSE,FALSE,FALSE,"model","M2 invertebrate total abundance","Carrickalinga","Fleurieu","tweedie","Tweedie (log link)","location","Carrickalinga"
"Bloom","Fished",6.6380977904665945,5.298414089412577,-3.746602999961639,17.02279858089483,10,256,10,44,FALSE,FALSE,FALSE,"model","M2 invertebrate total abundance","Carrickalinga","Fleurieu","tweedie","Tweedie (log link)","location","Carrickalinga"
"Bloom","No-take",10.682701141718335,8.924154901221943,-6.808321057133272,28.173723340569943,4,186,4,20,FALSE,FALSE,FALSE,"model","M2 invertebrate total abundance","Carrickalinga","Fleurieu","tweedie","Tweedie (log link)","location","Carrickalinga"
"Pre-bloom","Fished",3.6013217778197673,0.9456565612391955,1.7478689760469484,5.454774579592586,10,256,10,212,FALSE,FALSE,FALSE,"model","M2 invertebrate Echinodermata abundance","Carrickalinga","Fleurieu","tweedie","Tweedie (log link)","location","Carrickalinga"
"Pre-bloom","No-take",3.787601422744883,1.3925567525267486,1.0582403413643995,6.516962504125367,4,186,4,166,FALSE,FALSE,FALSE,"model","M2 invertebrate Echinodermata abundance","Carrickalinga","Fleurieu","tweedie","Tweedie (log link)","location","Carrickalinga"
"Bloom","Fished",1.2008469291321648,0.6476249777982712,-0.06847470284099866,2.4701685611053286,10,256,10,44,FALSE,FALSE,FALSE,"model","M2 invertebrate Echinodermata abundance","Carrickalinga","Fleurieu","tweedie","Tweedie (log link)","location","Carrickalinga"
"Bloom","No-take",0.5487086775254104,0.3576059092622791,-0.15218602528735492,1.2496033803381756,4,186,4,20,FALSE,FALSE,FALSE,"model","M2 invertebrate Echinodermata abundance","Carrickalinga","Fleurieu","tweedie","Tweedie (log link)","location","Carrickalinga"
"Pre-bloom","Fished",0.8695978393552212,0.16660864452103216,0.5430508965809616,1.1961447821294806,10,256,10,212,FALSE,FALSE,FALSE,"model","M2 invertebrate Arthropoda abundance","Carrickalinga","Fleurieu","tweedie","Tweedie (log link)","location","Carrickalinga"
"Pre-bloom","No-take",1.3776629574674997,0.36583788666597594,0.660633875421941,2.0946920395130584,4,186,4,166,FALSE,FALSE,FALSE,"model","M2 invertebrate Arthropoda abundance","Carrickalinga","Fleurieu","tweedie","Tweedie (log link)","location","Carrickalinga"
"Bloom","Fished",3.6076184693113533,1.5052290397377144,0.6574237629416237,6.557813175681083,10,256,10,44,FALSE,FALSE,FALSE,"model","M2 invertebrate Arthropoda abundance","Carrickalinga","Fleurieu","tweedie","Tweedie (log link)","location","Carrickalinga"
"Bloom","No-take",5.72360559481489,2.621965070199046,0.5846484885027259,10.862562701127054,4,186,4,20,FALSE,FALSE,FALSE,"model","M2 invertebrate Arthropoda abundance","Carrickalinga","Fleurieu","tweedie","Tweedie (log link)","location","Carrickalinga"
"Pre-bloom","Fished",4.554869093650984,1.4267422862940307,1.7585055972943495,7.351232590007618,10,256,10,212,FALSE,FALSE,FALSE,"model","M2 invertebrate Mollusca abundance","Carrickalinga","Fleurieu","tweedie","Tweedie (log link)","location","Carrickalinga"
"Pre-bloom","No-take",19.01333196733078,7.477083744677694,4.358517118372623,33.66814681628894,4,186,4,166,FALSE,FALSE,FALSE,"model","M2 invertebrate Mollusca abundance","Carrickalinga","Fleurieu","tweedie","Tweedie (log link)","location","Carrickalinga"
"Bloom","Fished",1.6626249768270596,1.561150993084755,-1.3971747440479982,4.722424697702118,10,256,10,44,FALSE,FALSE,FALSE,"model","M2 invertebrate Mollusca abundance","Carrickalinga","Fleurieu","tweedie","Tweedie (log link)","location","Carrickalinga"
"Bloom","No-take",4.060502309796274,3.969529265807595,-3.719632086764334,11.840636706356882,4,186,4,20,FALSE,FALSE,FALSE,"model","M2 invertebrate Mollusca abundance","Carrickalinga","Fleurieu","tweedie","Tweedie (log link)","location","Carrickalinga"
"Pre-bloom","Fished",6.056944077218192,1.304952050419021,3.4992850568452147,8.61460309759117,3,23,2,11,FALSE,FALSE,FALSE,"model","M1 fish species richness","Eastern Spencer Gulf","Eastern Spencer Gulf","gaussian","Gaussian (identity link)","location","Eastern Spencer Gulf"
"Bloom","Fished",3.083330520951126,1.57460482605182,-0.002838227993397169,6.169499269895649,3,23,3,12,FALSE,FALSE,FALSE,"model","M1 fish species richness","Eastern Spencer Gulf","Eastern Spencer Gulf","gaussian","Gaussian (identity link)","location","Eastern Spencer Gulf"
"Pre-bloom","Fished",1.131112966011677,0.6500618398975795,-0.1429848279114212,2.405210759934775,3,27,3,15,FALSE,FALSE,FALSE,"model","M2 fish species richness","Eastern Spencer Gulf","Eastern Spencer Gulf","gaussian","Gaussian (identity link)","location","Eastern Spencer Gulf"
"Bloom","Fished",1.2916666666666483,0.6534375467949687,0.010952608802303754,2.572380724530993,3,27,3,12,FALSE,FALSE,FALSE,"model","M2 fish species richness","Eastern Spencer Gulf","Eastern Spencer Gulf","gaussian","Gaussian (identity link)","location","Eastern Spencer Gulf"
"Pre-bloom","Fished",7.39293074424683,1.2609966723641628,4.921422681788217,9.864438806705444,3,27,3,15,FALSE,FALSE,FALSE,"model","M2 invertebrate species richness","Eastern Spencer Gulf","Eastern Spencer Gulf","gaussian","Gaussian (identity link)","location","Eastern Spencer Gulf"
"Bloom","Fished",3.333331677320146,1.4308173686723173,0.5289811662680362,6.137682188372256,3,27,3,12,FALSE,FALSE,FALSE,"model","M2 invertebrate species richness","Eastern Spencer Gulf","Eastern Spencer Gulf","gaussian","Gaussian (identity link)","location","Eastern Spencer Gulf"
"Pre-bloom","Fished",4.5175460438931205,0.8816646373883757,2.789515108169338,6.245576979616903,3,27,3,15,FALSE,FALSE,FALSE,"model","M2 invertebrate Echinodermata species richness","Eastern Spencer Gulf","Eastern Spencer Gulf","gaussian","Gaussian (identity link)","location","Eastern Spencer Gulf"
"Bloom","Fished",0.20832287878654743,1.4055422525759993,-2.5464893150117107,2.9631350725848056,3,27,3,12,FALSE,FALSE,FALSE,"model","M2 invertebrate Echinodermata species richness","Eastern Spencer Gulf","Eastern Spencer Gulf","gaussian","Gaussian (identity link)","location","Eastern Spencer Gulf"
"Pre-bloom","Fished",0.7333333332999833,0.19040783626978164,0.36014083183701195,1.1065258347629547,3,27,3,15,FALSE,FALSE,FALSE,"model","M2 invertebrate Arthropoda species richness","Eastern Spencer Gulf","Eastern Spencer Gulf","gaussian","Gaussian (identity link)","location","Eastern Spencer Gulf"
"Bloom","Fished",1.7499999999459868,0.2128824326558709,1.3327580989992065,2.1672419008927672,3,27,3,12,FALSE,FALSE,FALSE,"model","M2 invertebrate Arthropoda species richness","Eastern Spencer Gulf","Eastern Spencer Gulf","gaussian","Gaussian (identity link)","location","Eastern Spencer Gulf"
"Pre-bloom","Fished",2.11277263009369,0.5208612254444884,1.0919033872790955,3.133641872908285,3,27,3,15,FALSE,FALSE,FALSE,"model","M2 invertebrate Mollusca species richness","Eastern Spencer Gulf","Eastern Spencer Gulf","gaussian","Gaussian (identity link)","location","Eastern Spencer Gulf"
"Bloom","Fished",1.3750000000494063,0.5373157491560782,0.32188048337733544,2.428119516721477,3,27,3,12,FALSE,FALSE,FALSE,"model","M2 invertebrate Mollusca species richness","Eastern Spencer Gulf","Eastern Spencer Gulf","gaussian","Gaussian (identity link)","location","Eastern Spencer Gulf"
"Pre-bloom","Fished",1.1545488262239034,0.30326696589328617,0.5601564953723257,1.7489411570754811,3,23,2,11,FALSE,FALSE,FALSE,"model","M1 fish Shannon diversity","Eastern Spencer Gulf","Eastern Spencer Gulf","gaussian","Gaussian (identity link)","location","Eastern Spencer Gulf"
"Bloom","Fished",0.8020874744631432,0.3461880340138921,0.12357139591718769,1.4806035530090988,3,23,3,12,FALSE,FALSE,FALSE,"model","M1 fish Shannon diversity","Eastern Spencer Gulf","Eastern Spencer Gulf","gaussian","Gaussian (identity link)","location","Eastern Spencer Gulf"
"Pre-bloom","Fished",0.2525018039090256,0.19293220618952747,-0.12563837168030384,0.6306419794983551,3,27,3,15,FALSE,FALSE,FALSE,"model","M2 fish Shannon diversity","Eastern Spencer Gulf","Eastern Spencer Gulf","gaussian","Gaussian (identity link)","location","Eastern Spencer Gulf"
"Bloom","Fished",0.35124788941706264,0.19421362306758536,-0.029403817102441998,0.7318995959365673,3,27,3,12,FALSE,FALSE,FALSE,"model","M2 fish Shannon diversity","Eastern Spencer Gulf","Eastern Spencer Gulf","gaussian","Gaussian (identity link)","location","Eastern Spencer Gulf"
"Pre-bloom","Fished",1.1454361841709015,0.22923205683597447,0.6961496086703529,1.5947227596714502,3,27,3,15,FALSE,FALSE,FALSE,"model","M2 invertebrate Shannon diversity","Eastern Spencer Gulf","Eastern Spencer Gulf","gaussian","Gaussian (identity link)","location","Eastern Spencer Gulf"
"Bloom","Fished",0.8337932990997341,0.23281025809623127,0.3774935779996464,1.2900930201998217,3,27,3,12,FALSE,FALSE,FALSE,"model","M2 invertebrate Shannon diversity","Eastern Spencer Gulf","Eastern Spencer Gulf","gaussian","Gaussian (identity link)","location","Eastern Spencer Gulf"
"Pre-bloom","Fished",0.7576240074945183,0.15521290038754096,0.45341231279893507,1.0618357021901015,3,27,3,15,FALSE,FALSE,FALSE,"model","M2 invertebrate Echinodermata Shannon diversity","Eastern Spencer Gulf","Eastern Spencer Gulf","gaussian","Gaussian (identity link)","location","Eastern Spencer Gulf"
"Bloom","Fished",-7.368017307385344e-11,0.2584237266889961,-0.5065011971347347,0.5065011969873744,3,27,3,12,FALSE,FALSE,FALSE,"model","M2 invertebrate Echinodermata Shannon diversity","Eastern Spencer Gulf","Eastern Spencer Gulf","gaussian","Gaussian (identity link)","location","Eastern Spencer Gulf"
"Pre-bloom","Fished",0.15441176254029015,0.07642070919509314,0.004629924844898686,0.30419360023568165,3,27,3,15,FALSE,FALSE,FALSE,"model","M2 invertebrate Arthropoda Shannon diversity","Eastern Spencer Gulf","Eastern Spencer Gulf","gaussian","Gaussian (identity link)","location","Eastern Spencer Gulf"
"Bloom","Fished",0.41405990229461215,0.08138161215155516,0.2545548734737568,0.5735649311154675,3,27,3,12,FALSE,FALSE,FALSE,"model","M2 invertebrate Arthropoda Shannon diversity","Eastern Spencer Gulf","Eastern Spencer Gulf","gaussian","Gaussian (identity link)","location","Eastern Spencer Gulf"
"Pre-bloom","Fished",0.5386617359929462,0.15317914657909057,0.23843612551534693,0.8388873464705455,3,27,3,15,FALSE,FALSE,FALSE,"model","M2 invertebrate Mollusca Shannon diversity","Eastern Spencer Gulf","Eastern Spencer Gulf","gaussian","Gaussian (identity link)","location","Eastern Spencer Gulf"
"Bloom","Fished",0.3964726843119284,0.15957045190729416,0.08372034557685115,0.7092250230470056,3,27,3,12,FALSE,FALSE,FALSE,"model","M2 invertebrate Mollusca Shannon diversity","Eastern Spencer Gulf","Eastern Spencer Gulf","gaussian","Gaussian (identity link)","location","Eastern Spencer Gulf"
"Pre-bloom","Fished",3.441344352562926,0.8601808538917767,1.7554208587441336,5.127267846381718,3,23,2,11,FALSE,FALSE,FALSE,"model","M1 fish Simpson diversity","Eastern Spencer Gulf","Eastern Spencer Gulf","gaussian","Gaussian (identity link)","location","Eastern Spencer Gulf"
"Bloom","Fished",2.338795457691522,1.063518856069395,0.25433680291627114,4.423254112466774,3,23,3,12,FALSE,FALSE,FALSE,"model","M1 fish Simpson diversity","Eastern Spencer Gulf","Eastern Spencer Gulf","gaussian","Gaussian (identity link)","location","Eastern Spencer Gulf"
"Pre-bloom","Fished",0.880531097380505,0.47476124085078875,-0.04998383594258704,1.811046030703597,3,27,3,15,FALSE,FALSE,FALSE,"model","M2 fish Simpson diversity","Eastern Spencer Gulf","Eastern Spencer Gulf","gaussian","Gaussian (identity link)","location","Eastern Spencer Gulf"
"Bloom","Fished",1.089528307976009,0.4775072349842648,0.15363132504954569,2.025425290902472,3,27,3,12,FALSE,FALSE,FALSE,"model","M2 fish Simpson diversity","Eastern Spencer Gulf","Eastern Spencer Gulf","gaussian","Gaussian (identity link)","location","Eastern Spencer Gulf"
"Pre-bloom","Fished",2.549581725826992,0.4337378576850613,1.6994711460327128,3.3996923056212713,3,27,3,15,FALSE,FALSE,FALSE,"model","M2 invertebrate Simpson diversity","Eastern Spencer Gulf","Eastern Spencer Gulf","gaussian","Gaussian (identity link)","location","Eastern Spencer Gulf"
"Bloom","Fished",2.4168621090677975,0.44628880417345296,1.542152126184381,3.291572091951214,3,27,3,12,FALSE,FALSE,FALSE,"model","M2 invertebrate Simpson diversity","Eastern Spencer Gulf","Eastern Spencer Gulf","gaussian","Gaussian (identity link)","location","Eastern Spencer Gulf"
"Pre-bloom","Fished",1.9878562228592884,0.21502144878120116,1.5664219273445104,2.4092905183740667,3,27,3,15,FALSE,FALSE,FALSE,"model","M2 invertebrate Echinodermata Simpson diversity","Eastern Spencer Gulf","Eastern Spencer Gulf","gaussian","Gaussian (identity link)","location","Eastern Spencer Gulf"
"Bloom","Fished",0.2083334316651706,0.21939110928709044,-0.22166524106581753,0.6383321043961587,3,27,3,12,FALSE,FALSE,FALSE,"model","M2 invertebrate Echinodermata Simpson diversity","Eastern Spencer Gulf","Eastern Spencer Gulf","gaussian","Gaussian (identity link)","location","Eastern Spencer Gulf"
"Pre-bloom","Fished",0.7200000066870418,0.1620757962914621,0.4023372831901257,1.0376627301839578,3,27,3,15,FALSE,FALSE,FALSE,"model","M2 invertebrate Arthropoda Simpson diversity","Eastern Spencer Gulf","Eastern Spencer Gulf","gaussian","Gaussian (identity link)","location","Eastern Spencer Gulf"
"Bloom","Fished",1.4690092517760478,0.18120624903832733,1.1138515298873304,1.8241669736647652,3,27,3,12,FALSE,FALSE,FALSE,"model","M2 invertebrate Arthropoda Simpson diversity","Eastern Spencer Gulf","Eastern Spencer Gulf","gaussian","Gaussian (identity link)","location","Eastern Spencer Gulf"
"Pre-bloom","Fished",1.600992850805237,0.40970720946418027,0.7979814760490358,2.404004225561438,3,27,3,15,FALSE,FALSE,FALSE,"model","M2 invertebrate Mollusca Simpson diversity","Eastern Spencer Gulf","Eastern Spencer Gulf","gaussian","Gaussian (identity link)","location","Eastern Spencer Gulf"
"Bloom","Fished",1.207984596140879,0.41839052246734154,0.38795424063199346,2.0280149516497645,3,27,3,12,FALSE,FALSE,FALSE,"model","M2 invertebrate Mollusca Simpson diversity","Eastern Spencer Gulf","Eastern Spencer Gulf","gaussian","Gaussian (identity link)","location","Eastern Spencer Gulf"
"Pre-bloom","Fished",0.7177263351229217,1.0357850925608034,-1.312375142019739,2.7478278122655824,3,23,2,11,FALSE,FALSE,FALSE,"model","M1 fish B20 biomass","Eastern Spencer Gulf","Eastern Spencer Gulf","tweedie","Tweedie (log link)","location","Eastern Spencer Gulf"
"Bloom","Fished",1.3948360615513269,2.1358630179508333,-2.791378529543332,5.581050652645986,3,23,3,12,FALSE,FALSE,FALSE,"model","M1 fish B20 biomass","Eastern Spencer Gulf","Eastern Spencer Gulf","tweedie","Tweedie (log link)","location","Eastern Spencer Gulf"
"Pre-bloom","Fished",22.54545456493029,4.946043706904474,12.851387033436538,32.23952209642404,3,23,2,11,FALSE,FALSE,FALSE,"model","M1 fish total abundance","Eastern Spencer Gulf","Eastern Spencer Gulf","tweedie","Tweedie (log link)","location","Eastern Spencer Gulf"
"Bloom","Fished",9.791666654036323,2.247947742751116,5.385770039116026,14.197563268956621,3,23,3,12,FALSE,FALSE,FALSE,"model","M1 fish total abundance","Eastern Spencer Gulf","Eastern Spencer Gulf","tweedie","Tweedie (log link)","location","Eastern Spencer Gulf"
"Pre-bloom","Fished",1.0543144227610157,0.9401779889148033,-0.7884005745692966,2.897029420091328,3,27,3,15,FALSE,FALSE,FALSE,"model","M2 fish total abundance","Eastern Spencer Gulf","Eastern Spencer Gulf","tweedie","Tweedie (log link)","location","Eastern Spencer Gulf"
"Bloom","Fished",0.9946261915743083,0.9062043010809251,-0.781501601179596,2.7707539843282127,3,27,3,12,FALSE,FALSE,FALSE,"model","M2 fish total abundance","Eastern Spencer Gulf","Eastern Spencer Gulf","tweedie","Tweedie (log link)","location","Eastern Spencer Gulf"
"Pre-bloom","Fished",37.69866109520771,17.038950325108946,4.302932123627137,71.09439006678829,3,27,3,15,FALSE,FALSE,FALSE,"model","M2 invertebrate total abundance","Eastern Spencer Gulf","Eastern Spencer Gulf","tweedie","Tweedie (log link)","location","Eastern Spencer Gulf"
"Bloom","Fished",6.036114667061948,2.860610308505973,0.42942148858622975,11.642807845537668,3,27,3,12,FALSE,FALSE,FALSE,"model","M2 invertebrate total abundance","Eastern Spencer Gulf","Eastern Spencer Gulf","tweedie","Tweedie (log link)","location","Eastern Spencer Gulf"
"Pre-bloom","Fished",38.427387198845246,23.013082969939504,-6.6774265954682335,83.53220099315872,3,27,3,15,FALSE,FALSE,FALSE,"model","M2 invertebrate Echinodermata abundance","Eastern Spencer Gulf","Eastern Spencer Gulf","tweedie","Tweedie (log link)","location","Eastern Spencer Gulf"
"Bloom","Fished",0.19461592773901587,0.18523640047761586,-0.1684407458229492,0.557672601300981,3,27,3,12,FALSE,FALSE,FALSE,"model","M2 invertebrate Echinodermata abundance","Eastern Spencer Gulf","Eastern Spencer Gulf","tweedie","Tweedie (log link)","location","Eastern Spencer Gulf"
"Pre-bloom","Fished",0.6936395650830315,0.21213451512641343,0.27786355555739395,1.109415574608669,3,27,3,15,FALSE,FALSE,FALSE,"model","M2 invertebrate Arthropoda abundance","Eastern Spencer Gulf","Eastern Spencer Gulf","tweedie","Tweedie (log link)","location","Eastern Spencer Gulf"
"Bloom","Fished",3.633605747393078,1.0072327877342777,1.659465759386017,5.6077457354001385,3,27,3,12,FALSE,FALSE,FALSE,"model","M2 invertebrate Arthropoda abundance","Eastern Spencer Gulf","Eastern Spencer Gulf","tweedie","Tweedie (log link)","location","Eastern Spencer Gulf"
"Pre-bloom","Fished",5.507726643922145,3.775480032165982,-1.8920782434733026,12.907531531317591,3,27,3,15,FALSE,FALSE,FALSE,"model","M2 invertebrate Mollusca abundance","Eastern Spencer Gulf","Eastern Spencer Gulf","tweedie","Tweedie (log link)","location","Eastern Spencer Gulf"
"Bloom","Fished",2.187863419413962,1.6214597685299745,-0.9901393292854399,5.365866168113364,3,27,3,12,FALSE,FALSE,FALSE,"model","M2 invertebrate Mollusca abundance","Eastern Spencer Gulf","Eastern Spencer Gulf","tweedie","Tweedie (log link)","location","Eastern Spencer Gulf"
"Pre-bloom","Fished",5.902063062917621,0.8085892956274743,4.317257165203161,7.486868960632082,5,143,5,115,FALSE,FALSE,FALSE,"model","M1 fish species richness","Encounter Bay","South Coast","gaussian","Gaussian (identity link)","location","Encounter Bay"
"Pre-bloom","No-take",3.613680358358458,1.3769502921493078,0.9149073772439098,6.312453339473006,2,22,2,14,FALSE,FALSE,FALSE,"model","M1 fish species richness","Encounter Bay","South Coast","gaussian","Gaussian (identity link)","location","Encounter Bay"
"Bloom","Fished",2.688912286960507,0.9490918556220085,0.8287264319210821,4.549098141999933,5,143,5,28,FALSE,FALSE,FALSE,"model","M1 fish species richness","Encounter Bay","South Coast","gaussian","Gaussian (identity link)","location","Encounter Bay"
"Bloom","No-take",1.5700087560474736,1.5018908004429663,-1.3736431215327731,4.513660633627721,2,22,2,8,FALSE,FALSE,FALSE,"model","M1 fish species richness","Encounter Bay","South Coast","gaussian","Gaussian (identity link)","location","Encounter Bay"
"Pre-bloom","Fished",0.3331416148297704,0.16641713122265572,0.006970031222889139,0.6593131984366516,5,145,5,117,FALSE,FALSE,FALSE,"model","M2 fish species richness","Encounter Bay","South Coast","gaussian","Gaussian (identity link)","location","Encounter Bay"
"Pre-bloom","No-take",0.24494434906473525,0.26094181371034314,-0.26649220786809724,0.7563809059975678,2,32,2,24,FALSE,FALSE,FALSE,"model","M2 fish species richness","Encounter Bay","South Coast","gaussian","Gaussian (identity link)","location","Encounter Bay"
"Bloom","Fished",0.17093080625694224,0.21701216392906147,-0.25440521925112036,0.5962668317650048,5,145,5,28,FALSE,FALSE,FALSE,"model","M2 fish species richness","Encounter Bay","South Coast","gaussian","Gaussian (identity link)","location","Encounter Bay"
"Bloom","No-take",0.22421386956236466,0.322478010247035,-0.40783141632796227,0.8562591554526916,2,32,2,8,FALSE,FALSE,FALSE,"model","M2 fish species richness","Encounter Bay","South Coast","gaussian","Gaussian (identity link)","location","Encounter Bay"
"Pre-bloom","Fished",9.39021942362314,0.626563806247981,8.162176929360765,10.618261917885516,5,145,5,117,FALSE,FALSE,FALSE,"model","M2 invertebrate species richness","Encounter Bay","South Coast","gaussian","Gaussian (identity link)","location","Encounter Bay"
"Pre-bloom","No-take",8.148528888955074,0.9770094186372268,6.233625615869693,10.063432162040455,2,32,2,24,FALSE,FALSE,FALSE,"model","M2 invertebrate species richness","Encounter Bay","South Coast","gaussian","Gaussian (identity link)","location","Encounter Bay"
"Bloom","Fished",3.605206089771679,0.8216549857434898,1.9947919099966676,5.21562026954669,5,145,5,28,FALSE,FALSE,FALSE,"model","M2 invertebrate species richness","Encounter Bay","South Coast","gaussian","Gaussian (identity link)","location","Encounter Bay"
"Bloom","No-take",5.459970687219253,1.205467785364173,3.0972972433822146,7.8226441310562915,2,32,2,8,FALSE,FALSE,FALSE,"model","M2 invertebrate species richness","Encounter Bay","South Coast","gaussian","Gaussian (identity link)","location","Encounter Bay"
"Pre-bloom","Fished",5.079857390461133,0.3327422161664136,4.427694630638921,5.732020150283345,5,145,5,117,FALSE,FALSE,FALSE,"model","M2 invertebrate Echinodermata species richness","Encounter Bay","South Coast","gaussian","Gaussian (identity link)","location","Encounter Bay"
"Pre-bloom","No-take",4.338661866617405,0.5508328689457012,3.259049281982959,5.41827445125185,2,32,2,24,FALSE,FALSE,FALSE,"model","M2 invertebrate Echinodermata species richness","Encounter Bay","South Coast","gaussian","Gaussian (identity link)","location","Encounter Bay"
"Bloom","Fished",1.0647366910819187,0.4182624270958627,0.24495739788771798,1.8845159842761194,5,145,5,28,FALSE,FALSE,FALSE,"model","M2 invertebrate Echinodermata species richness","Encounter Bay","South Coast","gaussian","Gaussian (identity link)","location","Encounter Bay"
"Bloom","No-take",1.7314516689523343,0.6702530457579391,0.417779838738497,3.0451234991661718,2,32,2,8,FALSE,FALSE,FALSE,"model","M2 invertebrate Echinodermata species richness","Encounter Bay","South Coast","gaussian","Gaussian (identity link)","location","Encounter Bay"
"Pre-bloom","Fished",1.2266677561979584,0.23952764286670786,0.7572022028774388,1.696133309518478,5,145,5,117,FALSE,FALSE,FALSE,"model","M2 invertebrate Arthropoda species richness","Encounter Bay","South Coast","gaussian","Gaussian (identity link)","location","Encounter Bay"
"Pre-bloom","No-take",1.0829247618937432,0.37489456277120065,0.34814492086229953,1.8177046029251869,2,32,2,24,FALSE,FALSE,FALSE,"model","M2 invertebrate Arthropoda species richness","Encounter Bay","South Coast","gaussian","Gaussian (identity link)","location","Encounter Bay"
"Bloom","Fished",1.2558841016754407,0.2965496501501837,0.6746574677531277,1.8371107355977538,5,145,5,28,FALSE,FALSE,FALSE,"model","M2 invertebrate Arthropoda species richness","Encounter Bay","South Coast","gaussian","Gaussian (identity link)","location","Encounter Bay"
"Bloom","No-take",1.4731035192018727,0.4422008164297806,0.606405845065295,2.33980119333845,2,32,2,8,FALSE,FALSE,FALSE,"model","M2 invertebrate Arthropoda species richness","Encounter Bay","South Coast","gaussian","Gaussian (identity link)","location","Encounter Bay"
"Pre-bloom","Fished",2.8473263354155676,0.27278476754064107,2.3126780155047806,3.3819746553263546,5,145,5,117,FALSE,FALSE,FALSE,"model","M2 invertebrate Mollusca species richness","Encounter Bay","South Coast","gaussian","Gaussian (identity link)","location","Encounter Bay"
"Pre-bloom","No-take",2.619562183701139,0.44508947607080246,1.747202840704564,3.4919215266977135,2,32,2,24,FALSE,FALSE,FALSE,"model","M2 invertebrate Mollusca species richness","Encounter Bay","South Coast","gaussian","Gaussian (identity link)","location","Encounter Bay"
"Bloom","Fished",1.3026623138503857,0.3106888778293433,0.6937233029077081,1.9116013247930632,5,145,5,28,FALSE,FALSE,FALSE,"model","M2 invertebrate Mollusca species richness","Encounter Bay","South Coast","gaussian","Gaussian (identity link)","location","Encounter Bay"
"Bloom","No-take",2.1956767329894946,0.5059926392121031,1.2039493836914033,3.187404082287586,2,32,2,8,FALSE,FALSE,FALSE,"model","M2 invertebrate Mollusca species richness","Encounter Bay","South Coast","gaussian","Gaussian (identity link)","location","Encounter Bay"
"Pre-bloom","Fished",1.24507521414848,0.12287168497983193,1.0042511368682583,1.4858992914287017,5,143,5,115,FALSE,FALSE,FALSE,"model","M1 fish Shannon diversity","Encounter Bay","South Coast","gaussian","Gaussian (identity link)","location","Encounter Bay"
"Pre-bloom","No-take",0.815765193679054,0.22035422815223346,0.3838788426595544,1.2476515446985537,2,22,2,14,FALSE,FALSE,FALSE,"model","M1 fish Shannon diversity","Encounter Bay","South Coast","gaussian","Gaussian (identity link)","location","Encounter Bay"
"Bloom","Fished",0.5772828660418942,0.14385609892734247,0.2953300931878719,0.8592356388959164,5,143,5,28,FALSE,FALSE,FALSE,"model","M1 fish Shannon diversity","Encounter Bay","South Coast","gaussian","Gaussian (identity link)","location","Encounter Bay"
"Bloom","No-take",0.3202051035203173,0.24195651080398123,-0.1540209434804623,0.7944311505210968,2,22,2,8,FALSE,FALSE,FALSE,"model","M1 fish Shannon diversity","Encounter Bay","South Coast","gaussian","Gaussian (identity link)","location","Encounter Bay"
"Pre-bloom","Fished",0.04610176997499873,0.03724570180691482,-0.02689846414547272,0.11910200409547017,5,145,5,117,FALSE,FALSE,FALSE,"model","M2 fish Shannon diversity","Encounter Bay","South Coast","gaussian","Gaussian (identity link)","location","Encounter Bay"
"Pre-bloom","No-take",0.055537965326981326,0.05867955061059029,-0.05947184049877095,0.17054777115273362,2,32,2,24,FALSE,FALSE,FALSE,"model","M2 fish Shannon diversity","Encounter Bay","South Coast","gaussian","Gaussian (identity link)","location","Encounter Bay"
"Bloom","Fished",0.007749213964265984,0.0529690182260968,-0.09606815405532942,0.11156658198386138,5,145,5,28,FALSE,FALSE,FALSE,"model","M2 fish Shannon diversity","Encounter Bay","South Coast","gaussian","Gaussian (identity link)","location","Encounter Bay"
"Bloom","No-take",-0.006137726180056122,0.07931599100987735,-0.1615942119575184,0.14931875959740618,2,32,2,8,FALSE,FALSE,FALSE,"model","M2 fish Shannon diversity","Encounter Bay","South Coast","gaussian","Gaussian (identity link)","location","Encounter Bay"
"Pre-bloom","Fished",1.569134793950485,0.0899048057999977,1.3929246125454218,1.7453449753555481,5,145,5,117,FALSE,FALSE,FALSE,"model","M2 invertebrate Shannon diversity","Encounter Bay","South Coast","gaussian","Gaussian (identity link)","location","Encounter Bay"
"Pre-bloom","No-take",1.5654134819846341,0.13007822023337953,1.310464855154141,1.8203621088151274,2,32,2,24,FALSE,FALSE,FALSE,"model","M2 invertebrate Shannon diversity","Encounter Bay","South Coast","gaussian","Gaussian (identity link)","location","Encounter Bay"
"Bloom","Fished",1.0311990689948973,0.13963748602853704,0.7575146254872498,1.3048835125025449,5,145,5,28,FALSE,FALSE,FALSE,"model","M2 invertebrate Shannon diversity","Encounter Bay","South Coast","gaussian","Gaussian (identity link)","location","Encounter Bay"
"Bloom","No-take",1.532606500592526,0.18355911512389522,1.17283724591565,1.892375755269402,2,32,2,8,FALSE,FALSE,FALSE,"model","M2 invertebrate Shannon diversity","Encounter Bay","South Coast","gaussian","Gaussian (identity link)","location","Encounter Bay"
"Pre-bloom","Fished",1.004010780911441,0.09603744961243621,0.8157808385039858,1.192240723318896,5,145,5,117,FALSE,FALSE,FALSE,"model","M2 invertebrate Echinodermata Shannon diversity","Encounter Bay","South Coast","gaussian","Gaussian (identity link)","location","Encounter Bay"
"Pre-bloom","No-take",1.0208912641536345,0.14470012975790603,0.7372842212698663,1.3044983070374028,2,32,2,24,FALSE,FALSE,FALSE,"model","M2 invertebrate Echinodermata Shannon diversity","Encounter Bay","South Coast","gaussian","Gaussian (identity link)","location","Encounter Bay"
"Bloom","Fished",0.2251754985497677,0.13787919888447853,-0.04506276548104532,0.49541376258058073,5,145,5,28,FALSE,FALSE,FALSE,"model","M2 invertebrate Echinodermata Shannon diversity","Encounter Bay","South Coast","gaussian","Gaussian (identity link)","location","Encounter Bay"
"Bloom","No-take",0.437203093816318,0.19128923378648868,0.06228308496453777,0.8121231026680982,2,32,2,8,FALSE,FALSE,FALSE,"model","M2 invertebrate Echinodermata Shannon diversity","Encounter Bay","South Coast","gaussian","Gaussian (identity link)","location","Encounter Bay"
"Pre-bloom","Fished",0.2628985420267366,0.0738983740862353,0.11806039030164744,0.4077366937518258,5,145,5,117,FALSE,FALSE,FALSE,"model","M2 invertebrate Arthropoda Shannon diversity","Encounter Bay","South Coast","gaussian","Gaussian (identity link)","location","Encounter Bay"
"Pre-bloom","No-take",0.19534708535255157,0.11428229346532913,-0.028642093910130645,0.41933626461523377,2,32,2,24,FALSE,FALSE,FALSE,"model","M2 invertebrate Arthropoda Shannon diversity","Encounter Bay","South Coast","gaussian","Gaussian (identity link)","location","Encounter Bay"
"Bloom","Fished",0.2173488369621684,0.1014427824571953,0.018524636854534038,0.41617303706980274,5,145,5,28,FALSE,FALSE,FALSE,"model","M2 invertebrate Arthropoda Shannon diversity","Encounter Bay","South Coast","gaussian","Gaussian (identity link)","location","Encounter Bay"
"Bloom","No-take",0.28414486520462257,0.147502583341497,-0.004954885771329187,0.5732446161805743,2,32,2,8,FALSE,FALSE,FALSE,"model","M2 invertebrate Arthropoda Shannon diversity","Encounter Bay","South Coast","gaussian","Gaussian (identity link)","location","Encounter Bay"
"Pre-bloom","Fished",0.7143943264764612,0.087244455278231145,0.5433983362803128,0.8853903166726096,5,145,5,117,FALSE,FALSE,FALSE,"model","M2 invertebrate Mollusca Shannon diversity","Encounter Bay","South Coast","gaussian","Gaussian (identity link)","location","Encounter Bay"
"Pre-bloom","No-take",0.6778953281964296,0.14218736842829016,0.39921320702045343,0.9565774493724057,2,32,2,24,FALSE,FALSE,FALSE,"model","M2 invertebrate Mollusca Shannon diversity","Encounter Bay","South Coast","gaussian","Gaussian (identity link)","location","Encounter Bay"
"Bloom","Fished",0.21982112652583463,0.1044551477798328,0.01509279887755341,0.4245494541741158,5,145,5,28,FALSE,FALSE,FALSE,"model","M2 invertebrate Mollusca Shannon diversity","Encounter Bay","South Coast","gaussian","Gaussian (identity link)","location","Encounter Bay"
"Bloom","No-take",0.5955364643119312,0.16708254639505843,0.2680606909323741,0.9230122376914882,2,32,2,8,FALSE,FALSE,FALSE,"model","M2 invertebrate Mollusca Shannon diversity","Encounter Bay","South Coast","gaussian","Gaussian (identity link)","location","Encounter Bay"
"Pre-bloom","Fished",3.3250970727953693,0.32059934369853116,2.69673390567907,3.9534602399116685,5,143,5,115,FALSE,FALSE,FALSE,"model","M1 fish Simpson diversity","Encounter Bay","South Coast","gaussian","Gaussian (identity link)","location","Encounter Bay"
"Pre-bloom","No-take",2.1668509522623145,0.5872695275834137,1.0158238289809722,3.317878075543657,2,22,2,14,FALSE,FALSE,FALSE,"model","M1 fish Simpson diversity","Encounter Bay","South Coast","gaussian","Gaussian (identity link)","location","Encounter Bay"
"Bloom","Fished",1.7315720625031423,0.3814179340338486,0.9840066487391251,2.4791374762671596,5,143,5,28,FALSE,FALSE,FALSE,"model","M1 fish Simpson diversity","Encounter Bay","South Coast","gaussian","Gaussian (identity link)","location","Encounter Bay"
"Bloom","No-take",0.9165478343596662,0.64875158969093,-0.3549819163476631,2.1880775850669956,2,22,2,8,FALSE,FALSE,FALSE,"model","M1 fish Simpson diversity","Encounter Bay","South Coast","gaussian","Gaussian (identity link)","location","Encounter Bay"
"Pre-bloom","Fished",0.3020701997668428,0.13439246515746145,0.038665808264664314,0.5654745912690213,5,145,5,117,FALSE,FALSE,FALSE,"model","M2 fish Simpson diversity","Encounter Bay","South Coast","gaussian","Gaussian (identity link)","location","Encounter Bay"
"Pre-bloom","No-take",0.278382052689246,0.21239945545422764,-0.13791323033695962,0.6946773357154516,2,32,2,24,FALSE,FALSE,FALSE,"model","M2 fish Simpson diversity","Encounter Bay","South Coast","gaussian","Gaussian (identity link)","location","Encounter Bay"
"Bloom","Fished",0.17474084412460156,0.1730804519918262,-0.16449060820729156,0.5139722964564947,5,145,5,28,FALSE,FALSE,FALSE,"model","M2 fish Simpson diversity","Encounter Bay","South Coast","gaussian","Gaussian (identity link)","location","Encounter Bay"
"Bloom","No-take",0.2302256641773004,0.2610797945681383,-0.28148133026736655,0.7419326586219673,2,32,2,8,FALSE,FALSE,FALSE,"model","M2 fish Simpson diversity","Encounter Bay","South Coast","gaussian","Gaussian (identity link)","location","Encounter Bay"
"Pre-bloom","Fished",3.8320176829653962,0.3251416374332628,3.194751783721821,4.469283582208972,5,145,5,117,FALSE,FALSE,FALSE,"model","M2 invertebrate Simpson diversity","Encounter Bay","South Coast","gaussian","Gaussian (identity link)","location","Encounter Bay"
"Pre-bloom","No-take",4.212086379878095,0.5006748610709052,3.2307816842145263,5.193391075541665,2,32,2,24,FALSE,FALSE,FALSE,"model","M2 invertebrate Simpson diversity","Encounter Bay","South Coast","gaussian","Gaussian (identity link)","location","Encounter Bay"
"Bloom","Fished",2.7779176433201784,0.4619682566312646,1.872476498322143,3.683358788318214,5,145,5,28,FALSE,FALSE,FALSE,"model","M2 invertebrate Simpson diversity","Encounter Bay","South Coast","gaussian","Gaussian (identity link)","location","Encounter Bay"
"Bloom","No-take",3.9828742528491823,0.6607185055749208,2.6878897780032105,5.277858727695154,2,32,2,8,FALSE,FALSE,FALSE,"model","M2 invertebrate Simpson diversity","Encounter Bay","South Coast","gaussian","Gaussian (identity link)","location","Encounter Bay"
"Pre-bloom","Fished",2.4239524240644745,0.2609957324205181,1.9124101884016063,2.935494659727343,5,145,5,117,FALSE,FALSE,FALSE,"model","M2 invertebrate Echinodermata Simpson diversity","Encounter Bay","South Coast","gaussian","Gaussian (identity link)","location","Encounter Bay"
"Pre-bloom","No-take",2.538420157840994,0.391775593128291,1.7705541052877258,3.306286210394262,2,32,2,24,FALSE,FALSE,FALSE,"model","M2 invertebrate Echinodermata Simpson diversity","Encounter Bay","South Coast","gaussian","Gaussian (identity link)","location","Encounter Bay"
"Bloom","Fished",1.0390072526522802,0.35875872574551376,0.3358530710515908,1.7421614342529697,5,145,5,28,FALSE,FALSE,FALSE,"model","M2 invertebrate Echinodermata Simpson diversity","Encounter Bay","South Coast","gaussian","Gaussian (identity link)","location","Encounter Bay"
"Bloom","No-take",1.4985449963955806,0.4956820614714728,0.527026008128925,2.4700639846622363,2,32,2,8,FALSE,FALSE,FALSE,"model","M2 invertebrate Echinodermata Simpson diversity","Encounter Bay","South Coast","gaussian","Gaussian (identity link)","location","Encounter Bay"
"Pre-bloom","Fished",1.0764831851181886,0.1781294970887171,0.7273557862400708,1.4256105839963065,5,145,5,117,FALSE,FALSE,FALSE,"model","M2 invertebrate Arthropoda Simpson diversity","Encounter Bay","South Coast","gaussian","Gaussian (identity link)","location","Encounter Bay"
"Pre-bloom","No-take",0.9695315950947099,0.27823846503655214,0.42419422450936073,1.514868965680059,2,32,2,24,FALSE,FALSE,FALSE,"model","M2 invertebrate Arthropoda Simpson diversity","Encounter Bay","South Coast","gaussian","Gaussian (identity link)","location","Encounter Bay"
"Bloom","Fished",1.1317543088533843,0.22786539285087623,0.6851463455425963,1.5783622721641724,5,145,5,28,FALSE,FALSE,FALSE,"model","M2 invertebrate Arthropoda Simpson diversity","Encounter Bay","South Coast","gaussian","Gaussian (identity link)","location","Encounter Bay"
"Bloom","No-take",1.3834980064189437,0.3373467655852828,0.7223104955707134,2.0446855172671743,2,32,2,8,FALSE,FALSE,FALSE,"model","M2 invertebrate Arthropoda Simpson diversity","Encounter Bay","South Coast","gaussian","Gaussian (identity link)","location","Encounter Bay"
"Pre-bloom","Fished",1.9402041656729097,0.15730349062639382,1.631894989402744,2.2485133419430756,5,145,5,117,FALSE,FALSE,FALSE,"model","M2 invertebrate Mollusca Simpson diversity","Encounter Bay","South Coast","gaussian","Gaussian (identity link)","location","Encounter Bay"
"Pre-bloom","No-take",1.8930118674784797,0.2560605375454753,1.391142436027382,2.3948812989295774,2,32,2,24,FALSE,FALSE,FALSE,"model","M2 invertebrate Mollusca Simpson diversity","Encounter Bay","South Coast","gaussian","Gaussian (identity link)","location","Encounter Bay"
"Bloom","Fished",1.1472199361722848,0.19172864297562106,0.7714387011353292,1.5230011712092404,5,145,5,28,FALSE,FALSE,FALSE,"model","M2 invertebrate Mollusca Simpson diversity","Encounter Bay","South Coast","gaussian","Gaussian (identity link)","location","Encounter Bay"
"Bloom","No-take",1.8043683334963283,0.30429826262846804,1.2079546981864204,2.4007819688062364,2,32,2,8,FALSE,FALSE,FALSE,"model","M2 invertebrate Mollusca Simpson diversity","Encounter Bay","South Coast","gaussian","Gaussian (identity link)","location","Encounter Bay"
"Pre-bloom","Fished",2.6567429859095246,0.8136898049487367,1.0619402736225796,4.25154569819647,5,143,5,115,FALSE,FALSE,FALSE,"model","M1 fish B20 biomass","Encounter Bay","South Coast","tweedie","Tweedie (log link)","location","Encounter Bay"
"Pre-bloom","No-take",1.5667501552639793,0.8461104695981272,-0.09159589209062191,3.2250962026185803,2,22,2,14,FALSE,FALSE,FALSE,"model","M1 fish B20 biomass","Encounter Bay","South Coast","tweedie","Tweedie (log link)","location","Encounter Bay"
"Bloom","Fished",1.6540481665494273,0.5702977589815921,0.536285098481603,2.7718112346172514,5,143,5,28,FALSE,FALSE,FALSE,"model","M1 fish B20 biomass","Encounter Bay","South Coast","tweedie","Tweedie (log link)","location","Encounter Bay"
"Bloom","No-take",0.9538508884305102,0.5873835645857897,-0.19739974326839393,2.1051015201294145,2,22,2,8,FALSE,FALSE,FALSE,"model","M1 fish B20 biomass","Encounter Bay","South Coast","tweedie","Tweedie (log link)","location","Encounter Bay"
"Pre-bloom","Fished",0.0066722694972063575,0.008753435751419408,-0.010484149316560984,0.0238286883109737,5,145,5,117,FALSE,FALSE,FALSE,"model","M2 fish B20 biomass","Encounter Bay","South Coast","tweedie","Tweedie (log link)","location","Encounter Bay"
"Pre-bloom","No-take",0.007919996200881022,0.014567468757432294,-0.02063171790959872,0.03647171031136076,2,32,2,24,FALSE,FALSE,FALSE,"model","M2 fish B20 biomass","Encounter Bay","South Coast","tweedie","Tweedie (log link)","location","Encounter Bay"
"Bloom","Fished",2.220446049250313e-16,6.37635017394158e-12,-1.2497194649136278e-11,1.2497638738346128e-11,5,145,5,28,FALSE,FALSE,FALSE,"model","M2 fish B20 biomass","Encounter Bay","South Coast","tweedie","Tweedie (log link)","location","Encounter Bay"
"Bloom","No-take",2.220446049250313e-16,6.376350179343236e-12,-1.2497194659723329e-11,1.2497638748933179e-11,2,32,2,8,FALSE,FALSE,FALSE,"model","M2 fish B20 biomass","Encounter Bay","South Coast","tweedie","Tweedie (log link)","location","Encounter Bay"
"Pre-bloom","Fished",17.879570849467214,5.009402457666696,8.061322448374058,27.69781925056037,5,143,5,115,FALSE,FALSE,FALSE,"model","M1 fish total abundance","Encounter Bay","South Coast","tweedie","Tweedie (log link)","location","Encounter Bay"
"Pre-bloom","No-take",14.955948897710595,7.409559944146232,0.4334782658933687,29.47841952952782,2,22,2,14,FALSE,FALSE,FALSE,"model","M1 fish total abundance","Encounter Bay","South Coast","tweedie","Tweedie (log link)","location","Encounter Bay"
"Bloom","Fished",11.943089946571892,4.012771261725316,4.078202795392923,19.80797709775086,5,143,5,28,FALSE,FALSE,FALSE,"model","M1 fish total abundance","Encounter Bay","South Coast","tweedie","Tweedie (log link)","location","Encounter Bay"
"Bloom","No-take",7.0571087416831615,4.051568629101802,-0.8838198522486893,14.998037335615013,2,22,2,8,FALSE,FALSE,FALSE,"model","M1 fish total abundance","Encounter Bay","South Coast","tweedie","Tweedie (log link)","location","Encounter Bay"
"Pre-bloom","Fished",0.3706218297935833,0.2572562638728761,-0.13359118219458638,0.8748348417817531,5,145,5,117,FALSE,FALSE,FALSE,"model","M2 fish total abundance","Encounter Bay","South Coast","tweedie","Tweedie (log link)","location","Encounter Bay"
"Pre-bloom","No-take",0.2631515659177766,0.28051041834428286,-0.2866387513252813,0.8129418831608346,2,32,2,24,FALSE,FALSE,FALSE,"model","M2 fish total abundance","Encounter Bay","South Coast","tweedie","Tweedie (log link)","location","Encounter Bay"
"Bloom","Fished",0.17118962468140006,0.14498166776353177,-0.11296922255367389,0.455348471916474,5,145,5,28,FALSE,FALSE,FALSE,"model","M2 fish total abundance","Encounter Bay","South Coast","tweedie","Tweedie (log link)","location","Encounter Bay"
"Bloom","No-take",0.27778091075045785,0.3589882583662202,-0.42582314652009334,0.981384968021009,2,32,2,8,FALSE,FALSE,FALSE,"model","M2 fish total abundance","Encounter Bay","South Coast","tweedie","Tweedie (log link)","location","Encounter Bay"
"Pre-bloom","Fished",47.07346819216695,11.37480943926558,24.77925136020017,69.36768502413372,5,145,5,117,FALSE,FALSE,FALSE,"model","M2 invertebrate total abundance","Encounter Bay","South Coast","tweedie","Tweedie (log link)","location","Encounter Bay"
"Pre-bloom","No-take",34.49544465190642,13.166513163373581,8.689553049721667,60.30133625409117,2,32,2,24,FALSE,FALSE,FALSE,"model","M2 invertebrate total abundance","Encounter Bay","South Coast","tweedie","Tweedie (log link)","location","Encounter Bay"
"Bloom","Fished",8.266759705528477,2.260738615705044,3.8357934402876532,12.697725970769302,5,145,5,28,FALSE,FALSE,FALSE,"model","M2 invertebrate total abundance","Encounter Bay","South Coast","tweedie","Tweedie (log link)","location","Encounter Bay"
"Bloom","No-take",15.963864599448856,6.690188641567816,2.851335812196991,29.076393386700722,2,32,2,8,FALSE,FALSE,FALSE,"model","M2 invertebrate total abundance","Encounter Bay","South Coast","tweedie","Tweedie (log link)","location","Encounter Bay"
"Pre-bloom","Fished",29.703615598276954,8.847610851702928,12.362616979713465,47.04461421684044,5,145,5,117,FALSE,FALSE,FALSE,"model","M2 invertebrate Echinodermata abundance","Encounter Bay","South Coast","tweedie","Tweedie (log link)","location","Encounter Bay"
"Pre-bloom","No-take",19.509589959131635,9.052659483991643,1.7667034062030673,37.2524765120602,2,32,2,24,FALSE,FALSE,FALSE,"model","M2 invertebrate Echinodermata abundance","Encounter Bay","South Coast","tweedie","Tweedie (log link)","location","Encounter Bay"
"Bloom","Fished",1.0301573226282477,0.3849722075084913,0.27562566086272466,1.7846889843937705,5,145,5,28,FALSE,FALSE,FALSE,"model","M2 invertebrate Echinodermata abundance","Encounter Bay","South Coast","tweedie","Tweedie (log link)","location","Encounter Bay"
"Bloom","No-take",4.556977081495737,2.4697749284479023,-0.28369282818213915,9.397646991173612,2,32,2,8,FALSE,FALSE,FALSE,"model","M2 invertebrate Echinodermata abundance","Encounter Bay","South Coast","tweedie","Tweedie (log link)","location","Encounter Bay"
"Pre-bloom","Fished",2.0749400771911595,0.7205688139412966,0.6626511534834754,3.487229000898844,5,145,5,117,FALSE,FALSE,FALSE,"model","M2 invertebrate Arthropoda abundance","Encounter Bay","South Coast","tweedie","Tweedie (log link)","location","Encounter Bay"
"Pre-bloom","No-take",2.3643358455270707,1.2693782562570317,-0.12359981949496657,4.852271510549108,2,32,2,24,FALSE,FALSE,FALSE,"model","M2 invertebrate Arthropoda abundance","Encounter Bay","South Coast","tweedie","Tweedie (log link)","location","Encounter Bay"
"Bloom","Fished",2.6373532482924014,1.0084001473829505,0.6609252774169365,4.613781219167866,5,145,5,28,FALSE,FALSE,FALSE,"model","M2 invertebrate Arthropoda abundance","Encounter Bay","South Coast","tweedie","Tweedie (log link)","location","Encounter Bay"
"Bloom","No-take",4.122743647949343,2.320761651167699,-0.42586560504105453,8.671352900939741,2,32,2,8,FALSE,FALSE,FALSE,"model","M2 invertebrate Arthropoda abundance","Encounter Bay","South Coast","tweedie","Tweedie (log link)","location","Encounter Bay"
"Pre-bloom","Fished",11.820952159255825,2.78440441178946,6.36361979375405,17.2782845247576,5,145,5,117,FALSE,FALSE,FALSE,"model","M2 invertebrate Mollusca abundance","Encounter Bay","South Coast","tweedie","Tweedie (log link)","location","Encounter Bay"
"Pre-bloom","No-take",8.234590801742256,3.09005898026453,2.178186490319213,14.290995113165298,2,32,2,24,FALSE,FALSE,FALSE,"model","M2 invertebrate Mollusca abundance","Encounter Bay","South Coast","tweedie","Tweedie (log link)","location","Encounter Bay"
"Bloom","Fished",3.7285212590827173,1.0786935029308207,1.6143208429809581,5.842721675184476,5,145,5,28,FALSE,FALSE,FALSE,"model","M2 invertebrate Mollusca abundance","Encounter Bay","South Coast","tweedie","Tweedie (log link)","location","Encounter Bay"
"Bloom","No-take",5.810397804700145,2.530527028269963,0.8506559673858476,10.770139642014442,2,32,2,8,FALSE,FALSE,FALSE,"model","M2 invertebrate Mollusca abundance","Encounter Bay","South Coast","tweedie","Tweedie (log link)","location","Encounter Bay"
"Pre-bloom","Fished",4.385518690371581,1.310748379195511,1.8164990743541298,6.954538306389031,3,68,3,60,FALSE,FALSE,FALSE,"model","M1 fish species richness","Metro","Adelaide Metro","gaussian","Gaussian (identity link)","location","Metro"
"Bloom","Fished",0.18553293406168336,1.9855369426944385,-3.7060479635931842,4.0771138317165505,3,68,3,8,FALSE,FALSE,FALSE,"model","M1 fish species richness","Metro","Adelaide Metro","gaussian","Gaussian (identity link)","location","Metro"
"Pre-bloom","Fished",2.1648839595082343,0.24154713595881974,1.691460272460148,2.6383076465563207,3,68,3,60,FALSE,FALSE,FALSE,"model","M2 fish species richness","Metro","Adelaide Metro","gaussian","Gaussian (identity link)","location","Metro"
"Bloom","Fished",0.14363337655622788,0.571608020368595,-0.9766977566404558,1.2639645097529115,3,68,3,8,FALSE,FALSE,FALSE,"model","M2 fish species richness","Metro","Adelaide Metro","gaussian","Gaussian (identity link)","location","Metro"
"Pre-bloom","Fished",8.438161207158572,0.5693753522010127,7.322206023159779,9.554116391157365,3,68,3,60,FALSE,FALSE,FALSE,"model","M2 invertebrate species richness","Metro","Adelaide Metro","gaussian","Gaussian (identity link)","location","Metro"
"Bloom","Fished",2.7499995006939475,1.4607455103516955,-0.11300909017395577,5.61300809156185,3,68,3,8,FALSE,FALSE,FALSE,"model","M2 invertebrate species richness","Metro","Adelaide Metro","gaussian","Gaussian (identity link)","location","Metro"
"Pre-bloom","Fished",3.5622124253545255,0.3062663026011543,2.9619415025780174,4.162483348131033,3,68,3,60,FALSE,FALSE,FALSE,"model","M2 invertebrate Echinodermata species richness","Metro","Adelaide Metro","gaussian","Gaussian (identity link)","location","Metro"
"Bloom","Fished",0.24949037130308405,0.7845594637724196,-1.2882179214209153,1.7871986640270834,3,68,3,8,FALSE,FALSE,FALSE,"model","M2 invertebrate Echinodermata species richness","Metro","Adelaide Metro","gaussian","Gaussian (identity link)","location","Metro"
"Pre-bloom","Fished",1.8856905967652855,0.1973500620884923,1.4988915827250973,2.272489610805474,3,68,3,60,FALSE,FALSE,FALSE,"model","M2 invertebrate Arthropoda species richness","Metro","Adelaide Metro","gaussian","Gaussian (identity link)","location","Metro"
"Bloom","Fished",1.8704763367447752,0.4803756541650716,0.9289573555313666,2.811995317958184,3,68,3,8,FALSE,FALSE,FALSE,"model","M2 invertebrate Arthropoda species richness","Metro","Adelaide Metro","gaussian","Gaussian (identity link)","location","Metro"
"Pre-bloom","Fished",2.9662369075067057,0.2956739423684355,2.3867266292976006,3.5457471857158107,3,68,3,60,FALSE,FALSE,FALSE,"model","M2 invertebrate Mollusca species richness","Metro","Adelaide Metro","gaussian","Gaussian (identity link)","location","Metro"
"Bloom","Fished",0.6250000001144684,0.7583801861204927,-0.8613978512704801,2.111397851499417,3,68,3,8,FALSE,FALSE,FALSE,"model","M2 invertebrate Mollusca species richness","Metro","Adelaide Metro","gaussian","Gaussian (identity link)","location","Metro"
"Pre-bloom","Fished",0.655937395493537,0.11011151770698344,0.4401227865048051,0.871752004482269,3,68,3,60,FALSE,FALSE,FALSE,"model","M1 fish Shannon diversity","Metro","Adelaide Metro","gaussian","Gaussian (identity link)","location","Metro"
"Bloom","Fished",0.08055559878205665,0.2026598752753471,-0.3166504578690029,0.4777616554331162,3,68,3,8,FALSE,FALSE,FALSE,"model","M1 fish Shannon diversity","Metro","Adelaide Metro","gaussian","Gaussian (identity link)","location","Metro"
"Pre-bloom","Fished",0.5206681165555994,0.07315795591892366,0.3772811577719402,0.6640550753392587,3,68,3,60,FALSE,FALSE,FALSE,"model","M2 fish Shannon diversity","Metro","Adelaide Metro","gaussian","Gaussian (identity link)","location","Metro"
"Bloom","Fished",-2.353672812205332e-14,0.18805532090112262,-0.3685816560673463,0.3685816560672992,3,68,3,8,FALSE,FALSE,FALSE,"model","M2 fish Shannon diversity","Metro","Adelaide Metro","gaussian","Gaussian (identity link)","location","Metro"
"Pre-bloom","Fished",1.6649193184129474,0.12204584373704323,1.4257138602255395,1.9041247766003553,3,68,3,60,FALSE,FALSE,FALSE,"model","M2 invertebrate Shannon diversity","Metro","Adelaide Metro","gaussian","Gaussian (identity link)","location","Metro"
"Bloom","Fished",0.7458101125347191,0.21611202691872225,0.3222383231480729,1.1693819019213652,3,68,3,8,FALSE,FALSE,FALSE,"model","M2 invertebrate Shannon diversity","Metro","Adelaide Metro","gaussian","Gaussian (identity link)","location","Metro"
"Pre-bloom","Fished",0.9994483382523769,0.06993631244198216,0.8623756846545514,1.1365209918502024,3,68,3,60,FALSE,FALSE,FALSE,"model","M2 invertebrate Echinodermata Shannon diversity","Metro","Adelaide Metro","gaussian","Gaussian (identity link)","location","Metro"
"Bloom","Fished",-1.7113643835386938e-11,0.1811293379697142,-0.3550069789813367,0.3550069789471094,3,68,3,8,FALSE,FALSE,FALSE,"model","M2 invertebrate Echinodermata Shannon diversity","Metro","Adelaide Metro","gaussian","Gaussian (identity link)","location","Metro"
"Pre-bloom","Fished",0.47817480187535905,0.09268408592506011,0.29651733152222554,0.6598322722284926,3,68,3,60,FALSE,FALSE,FALSE,"model","M2 invertebrate Arthropoda Shannon diversity","Metro","Adelaide Metro","gaussian","Gaussian (identity link)","location","Metro"
"Bloom","Fished",0.46372300518707354,0.2010360980556837,0.06969949340547077,0.8577465169686763,3,68,3,8,FALSE,FALSE,FALSE,"model","M2 invertebrate Arthropoda Shannon diversity","Metro","Adelaide Metro","gaussian","Gaussian (identity link)","location","Metro"
"Pre-bloom","Fished",0.6768317225014728,0.11636955088123262,0.4487515938771557,0.90491185112579,3,68,3,60,FALSE,FALSE,FALSE,"model","M2 invertebrate Mollusca Shannon diversity","Metro","Adelaide Metro","gaussian","Gaussian (identity link)","location","Metro"
"Bloom","Fished",0.029915499364673526,0.21570377624783524,-0.3928561334103698,0.45268713213971684,3,68,3,8,FALSE,FALSE,FALSE,"model","M2 invertebrate Mollusca Shannon diversity","Metro","Adelaide Metro","gaussian","Gaussian (identity link)","location","Metro"
"Pre-bloom","Fished",1.8097875996408104,0.20038972093111082,1.417030963743801,2.2025442355378195,3,68,3,60,FALSE,FALSE,FALSE,"model","M1 fish Simpson diversity","Metro","Adelaide Metro","gaussian","Gaussian (identity link)","location","Metro"
"Bloom","Fished",0.6574966802038527,0.3910283854572226,-0.10890487222514933,1.4238982326328546,3,68,3,8,FALSE,FALSE,FALSE,"model","M1 fish Simpson diversity","Metro","Adelaide Metro","gaussian","Gaussian (identity link)","location","Metro"
"Pre-bloom","Fished",1.6238675291519735,0.13514091149297777,1.358996209787822,1.888738848516125,3,68,3,60,FALSE,FALSE,FALSE,"model","M2 fish Simpson diversity","Metro","Adelaide Metro","gaussian","Gaussian (identity link)","location","Metro"
"Bloom","Fished",0.1249999999786835,0.3476469264924664,-0.5563754552825941,0.8063754552399611,3,68,3,8,FALSE,FALSE,FALSE,"model","M2 fish Simpson diversity","Metro","Adelaide Metro","gaussian","Gaussian (identity link)","location","Metro"
"Pre-bloom","Fished",4.69520711068373,0.5598609406699459,3.5978998306199204,5.792514390747539,3,68,3,60,FALSE,FALSE,FALSE,"model","M2 invertebrate Simpson diversity","Metro","Adelaide Metro","gaussian","Gaussian (identity link)","location","Metro"
"Bloom","Fished",2.001991939585559,0.9880095069094292,0.06552888965990045,3.9384549895112175,3,68,3,8,FALSE,FALSE,FALSE,"model","M2 invertebrate Simpson diversity","Metro","Adelaide Metro","gaussian","Gaussian (identity link)","location","Metro"
"Pre-bloom","Fished",2.6921670018336012,0.1672967166401891,2.364271462487028,3.0200625411801747,3,68,3,60,FALSE,FALSE,FALSE,"model","M2 invertebrate Echinodermata Simpson diversity","Metro","Adelaide Metro","gaussian","Gaussian (identity link)","location","Metro"
"Bloom","Fished",0.24999683091240277,0.43552861541428595,-0.6036235695361937,1.103617231360999,3,68,3,8,FALSE,FALSE,FALSE,"model","M2 invertebrate Echinodermata Simpson diversity","Metro","Adelaide Metro","gaussian","Gaussian (identity link)","location","Metro"
"Pre-bloom","Fished",1.5986661003492013,0.17482782156103677,1.256009866593974,1.9413223341044286,3,68,3,60,FALSE,FALSE,FALSE,"model","M2 invertebrate Arthropoda Simpson diversity","Metro","Adelaide Metro","gaussian","Gaussian (identity link)","location","Metro"
"Bloom","Fished",1.5018607461168874,0.37920685220865014,0.7586289730971302,2.2450925191366444,3,68,3,8,FALSE,FALSE,FALSE,"model","M2 invertebrate Arthropoda Simpson diversity","Metro","Adelaide Metro","gaussian","Gaussian (identity link)","location","Metro"
"Pre-bloom","Fished",1.9109300858739324,0.20757666652235082,1.5040872954592437,2.317772876288621,3,68,3,60,FALSE,FALSE,FALSE,"model","M2 invertebrate Mollusca Simpson diversity","Metro","Adelaide Metro","gaussian","Gaussian (identity link)","location","Metro"
"Bloom","Fished",0.6025195484041226,0.3899162881729376,-0.16170233340037599,1.3667414302086212,3,68,3,8,FALSE,FALSE,FALSE,"model","M2 invertebrate Mollusca Simpson diversity","Metro","Adelaide Metro","gaussian","Gaussian (identity link)","location","Metro"
"Pre-bloom","Fished",0.5424894710044461,0.41820373803260796,-0.27717479373948894,1.362153735748381,3,68,3,60,FALSE,FALSE,FALSE,"model","M1 fish B20 biomass","Metro","Adelaide Metro","tweedie","Tweedie (log link)","location","Metro"
"Bloom","Fished",0.01066943612348833,0.014354252451764672,-0.017464381706966188,0.03880325395394285,3,68,3,8,FALSE,FALSE,FALSE,"model","M1 fish B20 biomass","Metro","Adelaide Metro","tweedie","Tweedie (log link)","location","Metro"
"Pre-bloom","Fished",0.0134708065806189,0.007365592593441311,-9.654896273210388e-4,0.02790710278855884,3,68,3,60,FALSE,FALSE,FALSE,"model","M2 fish B20 biomass","Metro","Adelaide Metro","tweedie","Tweedie (log link)","location","Metro"
"Bloom","Fished",3.785757110079412e-14,3.4070524821280156e-9,-6.677662300837604e-9,6.677738015979806e-9,3,68,3,8,FALSE,FALSE,FALSE,"model","M2 fish B20 biomass","Metro","Adelaide Metro","tweedie","Tweedie (log link)","location","Metro"
"Pre-bloom","Fished",30.135632644415406,23.5135727995036,-15.950123190472294,76.2213884793031,3,68,3,60,FALSE,FALSE,FALSE,"model","M1 fish total abundance","Metro","Adelaide Metro","tweedie","Tweedie (log link)","location","Metro"
"Bloom","Fished",1.4442800050251907,2.0780570138487624,-2.6286368999392344,5.517196909989616,3,68,3,8,FALSE,FALSE,FALSE,"model","M1 fish total abundance","Metro","Adelaide Metro","tweedie","Tweedie (log link)","location","Metro"
"Pre-bloom","Fished",7.39378530175917,1.8472356351839916,3.773269985839577,11.014300617678764,3,68,3,60,FALSE,FALSE,FALSE,"model","M2 fish total abundance","Metro","Adelaide Metro","tweedie","Tweedie (log link)","location","Metro"
"Bloom","Fished",0.19049137107575953,0.14911656082511662,-0.1017717176399453,0.48275445979146436,3,68,3,8,FALSE,FALSE,FALSE,"model","M2 fish total abundance","Metro","Adelaide Metro","tweedie","Tweedie (log link)","location","Metro"
"Pre-bloom","Fished",27.973959554097867,7.85643643257921,12.575627099414273,43.37229200878146,3,68,3,60,FALSE,FALSE,FALSE,"model","M2 invertebrate total abundance","Metro","Adelaide Metro","tweedie","Tweedie (log link)","location","Metro"
"Bloom","Fished",6.471695568780305,2.7989894544826024,0.9857770448869925,11.957614092673618,3,68,3,8,FALSE,FALSE,FALSE,"model","M2 invertebrate total abundance","Metro","Adelaide Metro","tweedie","Tweedie (log link)","location","Metro"
"Pre-bloom","Fished",7.365799944939946,2.7159279254147664,2.0426790265204184,12.688920863359474,3,68,3,60,FALSE,FALSE,FALSE,"model","M2 invertebrate Echinodermata abundance","Metro","Adelaide Metro","tweedie","Tweedie (log link)","location","Metro"
"Bloom","Fished",0.19901421457401927,0.1662641754952325,-0.1268575813158834,0.5248860104639219,3,68,3,8,FALSE,FALSE,FALSE,"model","M2 invertebrate Echinodermata abundance","Metro","Adelaide Metro","tweedie","Tweedie (log link)","location","Metro"
"Pre-bloom","Fished",4.3313251780186475,1.0918929430489717,2.1912543346692193,6.471396021368076,3,68,3,60,FALSE,FALSE,FALSE,"model","M2 invertebrate Arthropoda abundance","Metro","Adelaide Metro","tweedie","Tweedie (log link)","location","Metro"
"Bloom","Fished",4.401798650641244,2.3604596561508866,-0.22461726237429236,9.028214563656782,3,68,3,8,FALSE,FALSE,FALSE,"model","M2 invertebrate Arthropoda abundance","Metro","Adelaide Metro","tweedie","Tweedie (log link)","location","Metro"
"Pre-bloom","Fished",13.161934247250993,4.73255222232956,3.886302336530063,22.437566157971922,3,68,3,60,FALSE,FALSE,FALSE,"model","M2 invertebrate Mollusca abundance","Metro","Adelaide Metro","tweedie","Tweedie (log link)","location","Metro"
"Bloom","Fished",1.0852824443998614,0.6675287584232433,-0.22304988075443344,2.3936147695541563,3,68,3,8,FALSE,FALSE,FALSE,"model","M2 invertebrate Mollusca abundance","Metro","Adelaide Metro","tweedie","Tweedie (log link)","location","Metro"
"Pre-bloom","Fished",9.8734998904455,0.8665696499985018,8.175054586352957,11.571945194538042,6,280,6,250,FALSE,FALSE,FALSE,"model","M1 fish species richness","Rapid Head","Fleurieu","gaussian","Gaussian (identity link)","location","Rapid Head"
"Pre-bloom","No-take",10.429426497823295,1.0319670521640634,8.406808242349765,12.452044753296825,4,194,4,180,FALSE,FALSE,FALSE,"model","M1 fish species richness","Rapid Head","Fleurieu","gaussian","Gaussian (identity link)","location","Rapid Head"
"Bloom","Fished",6.396324791900576,1.4088062696791945,3.6351152421351327,9.15753434166602,6,280,6,30,FALSE,FALSE,FALSE,"model","M1 fish species richness","Rapid Head","Fleurieu","gaussian","Gaussian (identity link)","location","Rapid Head"
"Bloom","No-take",7.097703319956593,1.690374748939335,3.784629691659561,10.410776948253625,4,194,4,14,FALSE,FALSE,FALSE,"model","M1 fish species richness","Rapid Head","Fleurieu","gaussian","Gaussian (identity link)","location","Rapid Head"
"Pre-bloom","Fished",1.2419842381988206,0.16267218405128675,0.9231526161718278,1.5608158602258135,6,278,6,248,FALSE,FALSE,FALSE,"model","M2 fish species richness","Rapid Head","Fleurieu","gaussian","Gaussian (identity link)","location","Rapid Head"
"Pre-bloom","No-take",1.1895685687008297,0.19143117388142186,0.8143703623750183,1.5647667750266412,4,191,4,177,FALSE,FALSE,FALSE,"model","M2 fish species richness","Rapid Head","Fleurieu","gaussian","Gaussian (identity link)","location","Rapid Head"
"Bloom","Fished",0.7626335307317913,0.3078898000211834,0.15918061148303242,1.3660864499805503,6,278,6,30,FALSE,FALSE,FALSE,"model","M2 fish species richness","Rapid Head","Fleurieu","gaussian","Gaussian (identity link)","location","Rapid Head"
"Bloom","No-take",0.9580177698362216,0.3864839897417472,0.20052306934104958,1.7155124703313935,4,191,4,14,FALSE,FALSE,FALSE,"model","M2 fish species richness","Rapid Head","Fleurieu","gaussian","Gaussian (identity link)","location","Rapid Head"
"Pre-bloom","Fished",5.446889722541608,0.33949435815083473,4.781493007611431,6.112286437471786,6,278,6,248,FALSE,FALSE,FALSE,"model","M2 invertebrate species richness","Rapid Head","Fleurieu","gaussian","Gaussian (identity link)","location","Rapid Head"
"Pre-bloom","No-take",4.749165934101075,0.3970009031270313,3.971058462142219,5.527273406059932,4,191,4,177,FALSE,FALSE,FALSE,"model","M2 invertebrate species richness","Rapid Head","Fleurieu","gaussian","Gaussian (identity link)","location","Rapid Head"
"Bloom","Fished",4.540635767387471,0.6850294303879507,3.1980027554771,5.8832687792978415,6,278,6,30,FALSE,FALSE,FALSE,"model","M2 invertebrate species richness","Rapid Head","Fleurieu","gaussian","Gaussian (identity link)","location","Rapid Head"
"Bloom","No-take",3.5686304911519464,0.8511975964795021,1.9003138583250647,5.236947123978828,4,191,4,14,FALSE,FALSE,FALSE,"model","M2 invertebrate species richness","Rapid Head","Fleurieu","gaussian","Gaussian (identity link)","location","Rapid Head"
"Pre-bloom","Fished",3.01093815376063,0.12675198835876694,2.7625088216086064,3.2593674859126534,6,278,6,248,FALSE,FALSE,FALSE,"model","M2 invertebrate Echinodermata species richness","Rapid Head","Fleurieu","gaussian","Gaussian (identity link)","location","Rapid Head"
"Pre-bloom","No-take",2.744539177925858,0.14101253848846365,2.4681596811199014,3.020918674731815,4,191,4,177,FALSE,FALSE,FALSE,"model","M2 invertebrate Echinodermata species richness","Rapid Head","Fleurieu","gaussian","Gaussian (identity link)","location","Rapid Head"
"Bloom","Fished",1.31745028635382,0.385455583092224,0.5619712258531749,2.072929346854465,6,278,6,30,FALSE,FALSE,FALSE,"model","M2 invertebrate Echinodermata species richness","Rapid Head","Fleurieu","gaussian","Gaussian (identity link)","location","Rapid Head"
"Bloom","No-take",0.7701577095157055,0.47831156656844837,-0.16731573434738567,1.7076311533787967,4,191,4,14,FALSE,FALSE,FALSE,"model","M2 invertebrate Echinodermata species richness","Rapid Head","Fleurieu","gaussian","Gaussian (identity link)","location","Rapid Head"
"Pre-bloom","Fished",0.6402493885550616,0.08636827621006654,0.4709706777765237,0.8095280993335996,6,278,6,248,FALSE,FALSE,FALSE,"model","M2 invertebrate Arthropoda species richness","Rapid Head","Fleurieu","gaussian","Gaussian (identity link)","location","Rapid Head"
"Pre-bloom","No-take",0.4565055255783412,0.10246830654530495,0.25567133519273366,0.6573397159639487,4,191,4,177,FALSE,FALSE,FALSE,"model","M2 invertebrate Arthropoda species richness","Rapid Head","Fleurieu","gaussian","Gaussian (identity link)","location","Rapid Head"
"Bloom","Fished",1.7984508064040305,0.15477719207010646,1.4950930843183836,2.1018085284896775,6,278,6,30,FALSE,FALSE,FALSE,"model","M2 invertebrate Arthropoda species richness","Rapid Head","Fleurieu","gaussian","Gaussian (identity link)","location","Rapid Head"
"Bloom","No-take",1.5496130552629666,0.20411806584246484,1.1495489976177602,1.949677112908173,4,191,4,14,FALSE,FALSE,FALSE,"model","M2 invertebrate Arthropoda species richness","Rapid Head","Fleurieu","gaussian","Gaussian (identity link)","location","Rapid Head"
"Pre-bloom","Fished",1.736109311156145,0.20665411042692503,1.3310746974622087,2.1411439248500814,6,278,6,248,FALSE,FALSE,FALSE,"model","M2 invertebrate Mollusca species richness","Rapid Head","Fleurieu","gaussian","Gaussian (identity link)","location","Rapid Head"
"Pre-bloom","No-take",1.5169487546969653,0.24469557117757224,1.0373542480124667,1.996543261381464,4,191,4,177,FALSE,FALSE,FALSE,"model","M2 invertebrate Mollusca species richness","Rapid Head","Fleurieu","gaussian","Gaussian (identity link)","location","Rapid Head"
"Bloom","Fished",1.5315629291094028,0.3602109462307042,0.8255624476601288,2.237563410558677,6,278,6,30,FALSE,FALSE,FALSE,"model","M2 invertebrate Mollusca species richness","Rapid Head","Fleurieu","gaussian","Gaussian (identity link)","location","Rapid Head"
"Bloom","No-take",1.3689177955164542,0.44689956878514114,0.49301073599109724,2.244824855041811,4,191,4,14,FALSE,FALSE,FALSE,"model","M2 invertebrate Mollusca species richness","Rapid Head","Fleurieu","gaussian","Gaussian (identity link)","location","Rapid Head"
"Pre-bloom","Fished",1.3110688095977403,0.0945993768448275,1.1256574380219462,1.4964801811735344,6,280,6,250,FALSE,FALSE,FALSE,"model","M1 fish Shannon diversity","Rapid Head","Fleurieu","gaussian","Gaussian (identity link)","location","Rapid Head"
"Pre-bloom","No-take",1.572218866387511,0.11159831115793338,1.3534901957824672,1.7909475369925547,4,194,4,180,FALSE,FALSE,FALSE,"model","M1 fish Shannon diversity","Rapid Head","Fleurieu","gaussian","Gaussian (identity link)","location","Rapid Head"
"Bloom","Fished",1.1373683686522718,0.1742592223691803,0.7958265688347219,1.4789101684698216,6,280,6,30,FALSE,FALSE,FALSE,"model","M1 fish Shannon diversity","Rapid Head","Fleurieu","gaussian","Gaussian (identity link)","location","Rapid Head"
"Bloom","No-take",1.384040541466353,0.20993247899603168,0.9725804434489196,1.7955006394837865,4,194,4,14,FALSE,FALSE,FALSE,"model","M1 fish Shannon diversity","Rapid Head","Fleurieu","gaussian","Gaussian (identity link)","location","Rapid Head"
"Pre-bloom","Fished",0.2664008521701189,0.05397302964888891,0.16061565792178412,0.37218604641845365,6,278,6,248,FALSE,FALSE,FALSE,"model","M2 fish Shannon diversity","Rapid Head","Fleurieu","gaussian","Gaussian (identity link)","location","Rapid Head"
"Pre-bloom","No-take",0.25840229490042055,0.06364256798580378,0.1336651537646033,0.3831394360362378,4,191,4,177,FALSE,FALSE,FALSE,"model","M2 fish Shannon diversity","Rapid Head","Fleurieu","gaussian","Gaussian (identity link)","location","Rapid Head"
"Bloom","Fished",0.13917336545526984,0.09914659679870609,-0.05515039345990827,0.333497124370448,6,278,6,30,FALSE,FALSE,FALSE,"model","M2 fish Shannon diversity","Rapid Head","Fleurieu","gaussian","Gaussian (identity link)","location","Rapid Head"
"Bloom","No-take",0.18114738283160225,0.1257038774675112,-0.06522768972175563,0.42752245538496014,4,191,4,14,FALSE,FALSE,FALSE,"model","M2 fish Shannon diversity","Rapid Head","Fleurieu","gaussian","Gaussian (identity link)","location","Rapid Head"
"Pre-bloom","Fished",1.38516234782068,0.04847607982893599,1.290150977244277,1.4801737183970831,6,278,6,248,FALSE,FALSE,FALSE,"model","M2 invertebrate Shannon diversity","Rapid Head","Fleurieu","gaussian","Gaussian (identity link)","location","Rapid Head"
"Pre-bloom","No-take",1.3016387084686203,0.05569298192126886,1.192482469711293,1.4107949472259476,4,191,4,177,FALSE,FALSE,FALSE,"model","M2 invertebrate Shannon diversity","Rapid Head","Fleurieu","gaussian","Gaussian (identity link)","location","Rapid Head"
"Bloom","Fished",1.2500686720291498,0.1217904431700379,1.0113637897547034,1.4887735543035963,6,278,6,30,FALSE,FALSE,FALSE,"model","M2 invertebrate Shannon diversity","Rapid Head","Fleurieu","gaussian","Gaussian (identity link)","location","Rapid Head"
"Bloom","No-take",1.059020087408378,0.1551549566607792,0.7549219603303778,1.363118214486378,4,191,4,14,FALSE,FALSE,FALSE,"model","M2 invertebrate Shannon diversity","Rapid Head","Fleurieu","gaussian","Gaussian (identity link)","location","Rapid Head"
"Pre-bloom","Fished",0.8736619780488167,0.03417319376085179,0.8066837490408384,0.9406402070567951,6,278,6,248,FALSE,FALSE,FALSE,"model","M2 invertebrate Echinodermata Shannon diversity","Rapid Head","Fleurieu","gaussian","Gaussian (identity link)","location","Rapid Head"
"Pre-bloom","No-take",0.8080409727212444,0.03870456295520981,0.73218142329167,0.8839005221508188,4,191,4,177,FALSE,FALSE,FALSE,"model","M2 invertebrate Echinodermata Shannon diversity","Rapid Head","Fleurieu","gaussian","Gaussian (identity link)","location","Rapid Head"
"Bloom","Fished",0.2957499671278714,0.10898669511289115,0.08213996991255726,0.5093599643431855,6,278,6,30,FALSE,FALSE,FALSE,"model","M2 invertebrate Echinodermata Shannon diversity","Rapid Head","Fleurieu","gaussian","Gaussian (identity link)","location","Rapid Head"
"Bloom","No-take",0.214738526720225,0.1424277339042774,-0.06441470213181302,0.49389175557226306,4,191,4,14,FALSE,FALSE,FALSE,"model","M2 invertebrate Echinodermata Shannon diversity","Rapid Head","Fleurieu","gaussian","Gaussian (identity link)","location","Rapid Head"
"Pre-bloom","Fished",0.08741403916415873,0.021336867478388744,0.04559454736361284,0.1292335309647046,6,278,6,248,FALSE,FALSE,FALSE,"model","M2 invertebrate Arthropoda Shannon diversity","Rapid Head","Fleurieu","gaussian","Gaussian (identity link)","location","Rapid Head"
"Pre-bloom","No-take",0.061486095764063456,0.025198416739825,0.012098106486575257,0.11087408504155166,4,191,4,177,FALSE,FALSE,FALSE,"model","M2 invertebrate Arthropoda Shannon diversity","Rapid Head","Fleurieu","gaussian","Gaussian (identity link)","location","Rapid Head"
"Bloom","Fished",0.43964329745188074,0.04085520006089262,0.3595685767513526,0.5197180181524089,6,278,6,30,FALSE,FALSE,FALSE,"model","M2 invertebrate Arthropoda Shannon diversity","Rapid Head","Fleurieu","gaussian","Gaussian (identity link)","location","Rapid Head"
"Bloom","No-take",0.3838265650212277,0.05683623353741019,0.27242959427099617,0.4952235357714592,4,191,4,14,FALSE,FALSE,FALSE,"model","M2 invertebrate Arthropoda Shannon diversity","Rapid Head","Fleurieu","gaussian","Gaussian (identity link)","location","Rapid Head"
"Pre-bloom","Fished",0.400829719347164,0.06386068865381349,0.27566506955776393,0.525994369136564,6,278,6,248,FALSE,FALSE,FALSE,"model","M2 invertebrate Mollusca Shannon diversity","Rapid Head","Fleurieu","gaussian","Gaussian (identity link)","location","Rapid Head"
"Pre-bloom","No-take",0.36477992553501576,0.07552243337120504,0.21675867610262803,0.5128011749674035,4,191,4,177,FALSE,FALSE,FALSE,"model","M2 invertebrate Mollusca Shannon diversity","Rapid Head","Fleurieu","gaussian","Gaussian (identity link)","location","Rapid Head"
"Bloom","Fished",0.39791693041534304,0.11172942898683151,0.1789312735879278,0.6169025872427583,6,278,6,30,FALSE,FALSE,FALSE,"model","M2 invertebrate Mollusca Shannon diversity","Rapid Head","Fleurieu","gaussian","Gaussian (identity link)","location","Rapid Head"
"Bloom","No-take",0.32216865047767146,0.1413478109648349,0.04513203169301938,0.5992052692623235,4,191,4,14,FALSE,FALSE,FALSE,"model","M2 invertebrate Mollusca Shannon diversity","Rapid Head","Fleurieu","gaussian","Gaussian (identity link)","location","Rapid Head"
"Pre-bloom","Fished",3.3369493278352858,0.3191062595535722,2.711512551868994,3.9623861038015775,6,280,6,250,FALSE,FALSE,FALSE,"model","M1 fish Simpson diversity","Rapid Head","Fleurieu","gaussian","Gaussian (identity link)","location","Rapid Head"
"Pre-bloom","No-take",4.232013680906488,0.3783291782165842,3.4905021173013475,4.973525244511628,4,194,4,180,FALSE,FALSE,FALSE,"model","M1 fish Simpson diversity","Rapid Head","Fleurieu","gaussian","Gaussian (identity link)","location","Rapid Head"
"Bloom","Fished",2.89555276739977,0.5612056089819184,1.7956099858733419,3.995495548926198,6,280,6,30,FALSE,FALSE,FALSE,"model","M1 fish Simpson diversity","Rapid Head","Fleurieu","gaussian","Gaussian (identity link)","location","Rapid Head"
"Bloom","No-take",3.582669915705728,0.6904816604824826,2.229350729174649,4.935989102236807,4,194,4,14,FALSE,FALSE,FALSE,"model","M1 fish Simpson diversity","Rapid Head","Fleurieu","gaussian","Gaussian (identity link)","location","Rapid Head"
"Pre-bloom","Fished",1.0882155735031316,0.12414782013414867,0.8448903172810437,1.3315408297252196,6,278,6,248,FALSE,FALSE,FALSE,"model","M2 fish Simpson diversity","Rapid Head","Fleurieu","gaussian","Gaussian (identity link)","location","Rapid Head"
"Pre-bloom","No-take",1.031452432698379,0.146478213388762,0.7443604099366328,1.318544455460125,4,191,4,177,FALSE,FALSE,FALSE,"model","M2 fish Simpson diversity","Rapid Head","Fleurieu","gaussian","Gaussian (identity link)","location","Rapid Head"
"Bloom","Fished",0.6664095468303297,0.23316025081152897,0.20942385261340712,1.1233952410472523,6,278,6,30,FALSE,FALSE,FALSE,"model","M2 fish Simpson diversity","Rapid Head","Fleurieu","gaussian","Gaussian (identity link)","location","Rapid Head"
"Bloom","No-take",0.91443485496995,0.2960239295408634,0.3342386145078353,1.4946310954320647,4,191,4,14,FALSE,FALSE,FALSE,"model","M2 fish Simpson diversity","Rapid Head","Fleurieu","gaussian","Gaussian (identity link)","location","Rapid Head"
"Pre-bloom","Fished",3.9153602145451547,0.15175388898110975,3.6179280576282897,4.21279237146202,6,278,6,248,FALSE,FALSE,FALSE,"model","M2 invertebrate Simpson diversity","Rapid Head","Fleurieu","gaussian","Gaussian (identity link)","location","Rapid Head"
"Pre-bloom","No-take",3.8014772052824144,0.17359826027023245,3.4612308673739483,4.1417235431908805,4,191,4,177,FALSE,FALSE,FALSE,"model","M2 invertebrate Simpson diversity","Rapid Head","Fleurieu","gaussian","Gaussian (identity link)","location","Rapid Head"
"Bloom","Fished",3.3269097002991517,0.39628534706444524,2.5502046924518833,4.10361470814642,6,278,6,30,FALSE,FALSE,FALSE,"model","M2 invertebrate Simpson diversity","Rapid Head","Fleurieu","gaussian","Gaussian (identity link)","location","Rapid Head"
"Bloom","No-take",2.7519910994752785,0.5039464591148138,1.7642741894737568,3.7397080094768,4,191,4,14,FALSE,FALSE,FALSE,"model","M2 invertebrate Simpson diversity","Rapid Head","Fleurieu","gaussian","Gaussian (identity link)","location","Rapid Head"
"Pre-bloom","Fished",2.4768284283764608,0.07612307433641712,2.327629944284618,2.6260269124683036,6,278,6,248,FALSE,FALSE,FALSE,"model","M2 invertebrate Echinodermata Simpson diversity","Rapid Head","Fleurieu","gaussian","Gaussian (identity link)","location","Rapid Head"
"Pre-bloom","No-take",2.3578111001196205,0.08684873219726244,2.187590712910022,2.528031487329219,4,191,4,177,FALSE,FALSE,FALSE,"model","M2 invertebrate Echinodermata Simpson diversity","Rapid Head","Fleurieu","gaussian","Gaussian (identity link)","location","Rapid Head"
"Bloom","Fished",1.2246179165127704,0.23964293075201387,0.7549264030891971,1.6943094299363437,6,278,6,30,FALSE,FALSE,FALSE,"model","M2 invertebrate Echinodermata Simpson diversity","Rapid Head","Fleurieu","gaussian","Gaussian (identity link)","location","Rapid Head"
"Bloom","No-take",0.8846583390727859,0.3195858412534237,0.25828160024714053,1.5110350778984314,4,191,4,14,FALSE,FALSE,FALSE,"model","M2 invertebrate Echinodermata Simpson diversity","Rapid Head","Fleurieu","gaussian","Gaussian (identity link)","location","Rapid Head"
"Pre-bloom","Fished",0.6270104878533965,0.076228843250655,0.4776047004989636,0.7764162752078294,6,278,6,248,FALSE,FALSE,FALSE,"model","M2 invertebrate Arthropoda Simpson diversity","Rapid Head","Fleurieu","gaussian","Gaussian (identity link)","location","Rapid Head"
"Pre-bloom","No-take",0.450337481171458,0.08965916785580876,0.2746087412902416,0.6260662210526744,4,191,4,177,FALSE,FALSE,FALSE,"model","M2 invertebrate Arthropoda Simpson diversity","Rapid Head","Fleurieu","gaussian","Gaussian (identity link)","location","Rapid Head"
"Bloom","Fished",1.4088054787920474,0.1497499762194418,1.115300918716212,1.702310038867883,6,278,6,30,FALSE,FALSE,FALSE,"model","M2 invertebrate Arthropoda Simpson diversity","Rapid Head","Fleurieu","gaussian","Gaussian (identity link)","location","Rapid Head"
"Bloom","No-take",1.280481193319542,0.19271263538196134,0.9027713686050984,1.6581910180339854,4,191,4,14,FALSE,FALSE,FALSE,"model","M2 invertebrate Arthropoda Simpson diversity","Rapid Head","Fleurieu","gaussian","Gaussian (identity link)","location","Rapid Head"
"Pre-bloom","Fished",1.3891135436626236,0.13375390972214898,1.12696069781579,1.6512663895094573,6,278,6,248,FALSE,FALSE,FALSE,"model","M2 invertebrate Mollusca Simpson diversity","Rapid Head","Fleurieu","gaussian","Gaussian (identity link)","location","Rapid Head"
"Pre-bloom","No-take",1.293737158536905,0.15828798967771004,0.9834983995833456,1.6039759174904646,4,191,4,177,FALSE,FALSE,FALSE,"model","M2 invertebrate Mollusca Simpson diversity","Rapid Head","Fleurieu","gaussian","Gaussian (identity link)","location","Rapid Head"
"Bloom","Fished",1.4686973580677074,0.23624024784191464,1.0056749805987386,1.9317197355366762,6,278,6,30,FALSE,FALSE,FALSE,"model","M2 invertebrate Mollusca Simpson diversity","Rapid Head","Fleurieu","gaussian","Gaussian (identity link)","location","Rapid Head"
"Bloom","No-take",1.1669407346619853,0.2991926753067507,0.5805338666225677,1.753347602701403,4,191,4,14,FALSE,FALSE,FALSE,"model","M2 invertebrate Mollusca Simpson diversity","Rapid Head","Fleurieu","gaussian","Gaussian (identity link)","location","Rapid Head"
"Pre-bloom","Fished",3.630196567154801,0.5701226072532247,2.5127767901664066,4.7476163441431956,6,280,6,250,FALSE,FALSE,FALSE,"model","M1 fish B20 biomass","Rapid Head","Fleurieu","tweedie","Tweedie (log link)","location","Rapid Head"
"Pre-bloom","No-take",4.2195385691071,0.7511564559507081,2.7472989686889653,5.691778169525235,4,194,4,180,FALSE,FALSE,FALSE,"model","M1 fish B20 biomass","Rapid Head","Fleurieu","tweedie","Tweedie (log link)","location","Rapid Head"
"Bloom","Fished",1.4352670357007389,0.5462558560331575,0.3646252315316536,2.505908839869824,6,280,6,30,FALSE,FALSE,FALSE,"model","M1 fish B20 biomass","Rapid Head","Fleurieu","tweedie","Tweedie (log link)","location","Rapid Head"
"Bloom","No-take",4.147237822729351,1.8027645582117229,0.6138842160291134,7.6805914294295885,4,194,4,14,FALSE,FALSE,FALSE,"model","M1 fish B20 biomass","Rapid Head","Fleurieu","tweedie","Tweedie (log link)","location","Rapid Head"
"Pre-bloom","Fished",0.0370210900761937,0.014655520968534952,0.008296796803193628,0.06574538334919376,6,278,6,248,FALSE,FALSE,FALSE,"model","M2 fish B20 biomass","Rapid Head","Fleurieu","tweedie","Tweedie (log link)","location","Rapid Head"
"Pre-bloom","No-take",0.03348627252066276,0.014945724354532052,0.004193191062916799,0.06277935397840873,4,191,4,177,FALSE,FALSE,FALSE,"model","M2 fish B20 biomass","Rapid Head","Fleurieu","tweedie","Tweedie (log link)","location","Rapid Head"
"Bloom","Fished",0.01487017051321455,0.01407396338626069,-0.01271429084359178,0.04245463187002088,6,278,6,30,FALSE,FALSE,FALSE,"model","M2 fish B20 biomass","Rapid Head","Fleurieu","tweedie","Tweedie (log link)","location","Rapid Head"
"Bloom","No-take",0.02933242624739813,0.03138212452186389,-0.032175407573806346,0.0908402600686026,4,191,4,14,FALSE,FALSE,FALSE,"model","M2 fish B20 biomass","Rapid Head","Fleurieu","tweedie","Tweedie (log link)","location","Rapid Head"
"Pre-bloom","Fished",101.28824930989464,45.189550092415686,12.718358651191238,189.85813996859804,6,280,6,250,FALSE,FALSE,FALSE,"model","M1 fish total abundance","Rapid Head","Fleurieu","tweedie","Tweedie (log link)","location","Rapid Head"
"Pre-bloom","No-take",88.90179344421556,47.79889870147394,-4.782326511351698,182.5859133997828,4,194,4,180,FALSE,FALSE,FALSE,"model","M1 fish total abundance","Rapid Head","Fleurieu","tweedie","Tweedie (log link)","location","Rapid Head"
"Bloom","Fished",43.604090975621176,26.70542200668387,-8.73757434942258,95.94575630066493,6,280,6,30,FALSE,FALSE,FALSE,"model","M1 fish total abundance","Rapid Head","Fleurieu","tweedie","Tweedie (log link)","location","Rapid Head"
"Bloom","No-take",51.39672247270443,37.1160126952102,-21.34932565963897,124.14277060504784,4,194,4,14,FALSE,FALSE,FALSE,"model","M1 fish total abundance","Rapid Head","Fleurieu","tweedie","Tweedie (log link)","location","Rapid Head"
"Pre-bloom","Fished",2.751254336805414,0.752253539451736,1.2768644922372312,4.225644181373597,6,278,6,248,FALSE,FALSE,FALSE,"model","M2 fish total abundance","Rapid Head","Fleurieu","tweedie","Tweedie (log link)","location","Rapid Head"
"Pre-bloom","No-take",3.048753840121834,0.9499885646045019,1.1868104677721083,4.910697212471559,4,191,4,177,FALSE,FALSE,FALSE,"model","M2 fish total abundance","Rapid Head","Fleurieu","tweedie","Tweedie (log link)","location","Rapid Head"
"Bloom","Fished",1.282623866335218,0.7915859751169216,-0.2688561355609673,2.8341038682314035,6,278,6,30,FALSE,FALSE,FALSE,"model","M2 fish total abundance","Rapid Head","Fleurieu","tweedie","Tweedie (log link)","location","Rapid Head"
"Bloom","No-take",2.24194864939283,1.5870150068413116,-0.8685436069407273,5.352440905726388,4,191,4,14,FALSE,FALSE,FALSE,"model","M2 fish total abundance","Rapid Head","Fleurieu","tweedie","Tweedie (log link)","location","Rapid Head"
"Pre-bloom","Fished",10.990715388877906,1.9490855984279956,7.170577813173336,14.810852964582475,6,278,6,248,FALSE,FALSE,FALSE,"model","M2 invertebrate total abundance","Rapid Head","Fleurieu","tweedie","Tweedie (log link)","location","Rapid Head"
"Pre-bloom","No-take",8.228532522154902,1.7607260047291216,4.777572966242724,11.67949207806708,4,191,4,177,FALSE,FALSE,FALSE,"model","M2 invertebrate total abundance","Rapid Head","Fleurieu","tweedie","Tweedie (log link)","location","Rapid Head"
"Bloom","Fished",9.731338022590075,2.561476326379784,4.710936675633735,14.751739369546414,6,278,6,30,FALSE,FALSE,FALSE,"model","M2 invertebrate total abundance","Rapid Head","Fleurieu","tweedie","Tweedie (log link)","location","Rapid Head"
"Bloom","No-take",7.290956169245575,2.3850297087329717,2.616383838070897,11.965528500420254,4,191,4,14,FALSE,FALSE,FALSE,"model","M2 invertebrate total abundance","Rapid Head","Fleurieu","tweedie","Tweedie (log link)","location","Rapid Head"
"Pre-bloom","Fished",5.641008520516645,0.6875137242188444,4.293506382170707,6.988510658862583,6,278,6,248,FALSE,FALSE,FALSE,"model","M2 invertebrate Echinodermata abundance","Rapid Head","Fleurieu","tweedie","Tweedie (log link)","location","Rapid Head"
"Pre-bloom","No-take",4.1664122660212515,0.6052084712424203,2.980225459247563,5.3525990727949395,4,191,4,177,FALSE,FALSE,FALSE,"model","M2 invertebrate Echinodermata abundance","Rapid Head","Fleurieu","tweedie","Tweedie (log link)","location","Rapid Head"
"Bloom","Fished",2.406255270524082,0.602006369106869,1.2263444686108929,3.5861660724372713,6,278,6,30,FALSE,FALSE,FALSE,"model","M2 invertebrate Echinodermata abundance","Rapid Head","Fleurieu","tweedie","Tweedie (log link)","location","Rapid Head"
"Bloom","No-take",1.0062960648072052,0.341562375397483,0.3368461105541889,1.6757460190602216,4,191,4,14,FALSE,FALSE,FALSE,"model","M2 invertebrate Echinodermata abundance","Rapid Head","Fleurieu","tweedie","Tweedie (log link)","location","Rapid Head"
"Pre-bloom","Fished",0.8327780104396334,0.1330494468882256,0.5720058863757365,1.0935501345035303,6,278,6,248,FALSE,FALSE,FALSE,"model","M2 invertebrate Arthropoda abundance","Rapid Head","Fleurieu","tweedie","Tweedie (log link)","location","Rapid Head"
"Pre-bloom","No-take",0.6071012235640043,0.11606427792207306,0.3796194189450938,0.8345830281829147,4,191,4,177,FALSE,FALSE,FALSE,"model","M2 invertebrate Arthropoda abundance","Rapid Head","Fleurieu","tweedie","Tweedie (log link)","location","Rapid Head"
"Bloom","Fished",4.314162046709412,1.1562197076361016,2.0480130615272225,6.580311031891601,6,278,6,30,FALSE,FALSE,FALSE,"model","M2 invertebrate Arthropoda abundance","Rapid Head","Fleurieu","tweedie","Tweedie (log link)","location","Rapid Head"
"Bloom","No-take",3.2488224618645445,0.9889957441701962,1.3104264224275712,5.187218501301517,4,191,4,14,FALSE,FALSE,FALSE,"model","M2 invertebrate Arthropoda abundance","Rapid Head","Fleurieu","tweedie","Tweedie (log link)","location","Rapid Head"
"Pre-bloom","Fished",3.917132399155904,1.2454693841211595,1.4760572624311497,6.358207535880658,6,278,6,248,FALSE,FALSE,FALSE,"model","M2 invertebrate Mollusca abundance","Rapid Head","Fleurieu","tweedie","Tweedie (log link)","location","Rapid Head"
"Pre-bloom","No-take",2.9057477988159484,1.1139123714880257,0.7225196687658171,5.08897592886608,4,191,4,177,FALSE,FALSE,FALSE,"model","M2 invertebrate Mollusca abundance","Rapid Head","Fleurieu","tweedie","Tweedie (log link)","location","Rapid Head"
"Bloom","Fished",2.3552207748738856,1.0834558089931567,0.23168641040659077,4.47875513934118,6,278,6,30,FALSE,FALSE,FALSE,"model","M2 invertebrate Mollusca abundance","Rapid Head","Fleurieu","tweedie","Tweedie (log link)","location","Rapid Head"
"Bloom","No-take",2.3817258068393063,1.3459372375307426,-0.2562627041722805,5.019714317850893,4,191,4,14,FALSE,FALSE,FALSE,"model","M2 invertebrate Mollusca abundance","Rapid Head","Fleurieu","tweedie","Tweedie (log link)","location","Rapid Head"
"Pre-bloom","Fished",6.571469795562127,0.6908591393770849,5.217410763992703,7.925528827131551,6,117,6,89,FALSE,FALSE,FALSE,"model","M1 fish species richness","Southern Fleurieu","South Coast","gaussian","Gaussian (identity link)","location","Southern Fleurieu"
"Bloom","Fished",6.9282466990314,1.005040316491177,4.958403875697956,8.898089522364844,6,117,6,28,FALSE,FALSE,FALSE,"model","M1 fish species richness","Southern Fleurieu","South Coast","gaussian","Gaussian (identity link)","location","Southern Fleurieu"
"Pre-bloom","Fished",0.42349776507611203,0.09431261438742228,0.23864843758895027,0.6083470925632738,6,119,6,91,FALSE,FALSE,FALSE,"model","M2 fish species richness","Southern Fleurieu","South Coast","gaussian","Gaussian (identity link)","location","Southern Fleurieu"
"Bloom","Fished",0.11984350647315906,0.1736702852712704,-0.22054399784332784,0.46023101078964596,6,119,6,28,FALSE,FALSE,FALSE,"model","M2 fish species richness","Southern Fleurieu","South Coast","gaussian","Gaussian (identity link)","location","Southern Fleurieu"
"Pre-bloom","Fished",9.934334790011956,0.5334403338827642,8.888810947700717,10.979858632323195,6,119,6,91,FALSE,FALSE,FALSE,"model","M2 invertebrate species richness","Southern Fleurieu","South Coast","gaussian","Gaussian (identity link)","location","Southern Fleurieu"
"Bloom","Fished",5.389887106213938,0.7114540936020659,3.9954627061003007,6.784311506327575,6,119,6,28,FALSE,FALSE,FALSE,"model","M2 invertebrate species richness","Southern Fleurieu","South Coast","gaussian","Gaussian (identity link)","location","Southern Fleurieu"
"Pre-bloom","Fished",5.376313420910012,0.3603728467424796,4.66999562028858,6.082631221531445,6,119,6,91,FALSE,FALSE,FALSE,"model","M2 invertebrate Echinodermata species richness","Southern Fleurieu","South Coast","gaussian","Gaussian (identity link)","location","Southern Fleurieu"
"Bloom","Fished",1.276593441640629,0.4907257800243404,0.314788586507597,2.238398296773661,6,119,6,28,FALSE,FALSE,FALSE,"model","M2 invertebrate Echinodermata species richness","Southern Fleurieu","South Coast","gaussian","Gaussian (identity link)","location","Southern Fleurieu"
"Pre-bloom","Fished",1.0218534800652748,0.15488329216075652,0.7182878056231972,1.3254191545073524,6,119,6,91,FALSE,FALSE,FALSE,"model","M2 invertebrate Arthropoda species richness","Southern Fleurieu","South Coast","gaussian","Gaussian (identity link)","location","Southern Fleurieu"
"Bloom","Fished",1.913372183716193,0.27952980823636553,1.365503826967529,2.461240540464857,6,119,6,28,FALSE,FALSE,FALSE,"model","M2 invertebrate Arthropoda species richness","Southern Fleurieu","South Coast","gaussian","Gaussian (identity link)","location","Southern Fleurieu"
"Pre-bloom","Fished",3.4426907614786755,0.2103108627593268,3.0304890449128488,3.854892478044502,6,119,6,91,FALSE,FALSE,FALSE,"model","M2 invertebrate Mollusca species richness","Southern Fleurieu","South Coast","gaussian","Gaussian (identity link)","location","Southern Fleurieu"
"Bloom","Fished",2.1314255331934424,0.33927193347324425,1.4664647626206146,2.79638630376627,6,119,6,28,FALSE,FALSE,FALSE,"model","M2 invertebrate Mollusca species richness","Southern Fleurieu","South Coast","gaussian","Gaussian (identity link)","location","Southern Fleurieu"
"Pre-bloom","Fished",1.4337934389084113,0.07027430193349694,1.2960583380800639,1.5715285397367587,6,117,6,89,FALSE,FALSE,FALSE,"model","M1 fish Shannon diversity","Southern Fleurieu","South Coast","gaussian","Gaussian (identity link)","location","Southern Fleurieu"
"Bloom","Fished",1.2641011269950981,0.08234655532195358,1.102704844313134,1.4254974096770623,6,117,6,28,FALSE,FALSE,FALSE,"model","M1 fish Shannon diversity","Southern Fleurieu","South Coast","gaussian","Gaussian (identity link)","location","Southern Fleurieu"
"Pre-bloom","Fished",0.04673109068743762,0.013068738290814277,0.021116834314062097,0.07234534706081314,6,119,6,91,FALSE,FALSE,FALSE,"model","M2 fish Shannon diversity","Southern Fleurieu","South Coast","gaussian","Gaussian (identity link)","location","Southern Fleurieu"
"Bloom","Fished",2.893134830715821e-4,0.021923766213862814,-0.04268047870157558,0.04325910566771875,6,119,6,28,FALSE,FALSE,FALSE,"model","M2 fish Shannon diversity","Southern Fleurieu","South Coast","gaussian","Gaussian (identity link)","location","Southern Fleurieu"
"Pre-bloom","Fished",1.8434190279819649,0.07762645957962225,1.6912739629585511,1.9955640930053786,6,119,6,91,FALSE,FALSE,FALSE,"model","M2 invertebrate Shannon diversity","Southern Fleurieu","South Coast","gaussian","Gaussian (identity link)","location","Southern Fleurieu"
"Bloom","Fished",1.3242915810518583,0.111012101346066,1.1067118605654584,1.5418713015382581,6,119,6,28,FALSE,FALSE,FALSE,"model","M2 invertebrate Shannon diversity","Southern Fleurieu","South Coast","gaussian","Gaussian (identity link)","location","Southern Fleurieu"
"Pre-bloom","Fished",1.3803264519998346,0.07433047147154366,1.2346414049617271,1.526011499037942,6,119,6,91,FALSE,FALSE,FALSE,"model","M2 invertebrate Echinodermata Shannon diversity","Southern Fleurieu","South Coast","gaussian","Gaussian (identity link)","location","Southern Fleurieu"
"Bloom","Fished",0.33713757870925454,0.10267931648219746,0.1358898164469576,0.5383853409715514,6,119,6,28,FALSE,FALSE,FALSE,"model","M2 invertebrate Echinodermata Shannon diversity","Southern Fleurieu","South Coast","gaussian","Gaussian (identity link)","location","Southern Fleurieu"
"Pre-bloom","Fished",0.1809998582164277,0.058595937846877194,0.06615393039620095,0.29584578603665446,6,119,6,91,FALSE,FALSE,FALSE,"model","M2 invertebrate Arthropoda Shannon diversity","Southern Fleurieu","South Coast","gaussian","Gaussian (identity link)","location","Southern Fleurieu"
"Bloom","Fished",0.4793258294752787,0.09887170371873759,0.2855408510964381,0.6731108078541193,6,119,6,28,FALSE,FALSE,FALSE,"model","M2 invertebrate Arthropoda Shannon diversity","Southern Fleurieu","South Coast","gaussian","Gaussian (identity link)","location","Southern Fleurieu"
"Pre-bloom","Fished",0.8924592765629081,0.051759045116296004,0.7910134122607843,0.993905140865032,6,119,6,91,FALSE,FALSE,FALSE,"model","M2 invertebrate Mollusca Shannon diversity","Southern Fleurieu","South Coast","gaussian","Gaussian (identity link)","location","Southern Fleurieu"
"Bloom","Fished",0.4502662988098776,0.10372177903738326,0.24697534748418493,0.6535572501355703,6,119,6,28,FALSE,FALSE,FALSE,"model","M2 invertebrate Mollusca Shannon diversity","Southern Fleurieu","South Coast","gaussian","Gaussian (identity link)","location","Southern Fleurieu"
"Pre-bloom","Fished",3.57392048364316,0.20065783250844652,3.1806383587107345,3.9672026085755854,6,117,6,89,FALSE,FALSE,FALSE,"model","M1 fish Simpson diversity","Southern Fleurieu","South Coast","gaussian","Gaussian (identity link)","location","Southern Fleurieu"
"Bloom","Fished",2.8900106521095443,0.24697562933808448,2.405947313547785,3.3740739906713038,6,117,6,28,FALSE,FALSE,FALSE,"model","M1 fish Simpson diversity","Southern Fleurieu","South Coast","gaussian","Gaussian (identity link)","location","Southern Fleurieu"
"Pre-bloom","Fished",0.41502035781262775,0.091845073954579,0.2350073207042352,0.5950333949210203,6,119,6,91,FALSE,FALSE,FALSE,"model","M2 fish Simpson diversity","Southern Fleurieu","South Coast","gaussian","Gaussian (identity link)","location","Southern Fleurieu"
"Bloom","Fished",0.11556551313599323,0.17211595225330012,-0.2217755544452905,0.45290658071727696,6,119,6,28,FALSE,FALSE,FALSE,"model","M2 fish Simpson diversity","Southern Fleurieu","South Coast","gaussian","Gaussian (identity link)","location","Southern Fleurieu"
"Pre-bloom","Fished",5.114115503686171,0.3458949523513861,4.436173854643256,5.792057152729086,6,119,6,91,FALSE,FALSE,FALSE,"model","M2 invertebrate Simpson diversity","Southern Fleurieu","South Coast","gaussian","Gaussian (identity link)","location","Southern Fleurieu"
"Bloom","Fished",3.3680447713495014,0.5350902483555411,2.319287156094048,4.416802386604955,6,119,6,28,FALSE,FALSE,FALSE,"model","M2 invertebrate Simpson diversity","Southern Fleurieu","South Coast","gaussian","Gaussian (identity link)","location","Southern Fleurieu"
"Pre-bloom","Fished",3.5656675640333306,0.2691963716947763,3.0380523707427116,4.09328275732395,6,119,6,91,FALSE,FALSE,FALSE,"model","M2 invertebrate Echinodermata Simpson diversity","Southern Fleurieu","South Coast","gaussian","Gaussian (identity link)","location","Southern Fleurieu"
"Bloom","Fished",1.1299773014453036,0.3907905355274215,0.36404192631243726,1.89591267657817,6,119,6,28,FALSE,FALSE,FALSE,"model","M2 invertebrate Echinodermata Simpson diversity","Southern Fleurieu","South Coast","gaussian","Gaussian (identity link)","location","Southern Fleurieu"
"Pre-bloom","Fished",0.9552428536180452,0.13040584830966837,0.6996520875577017,1.2108336196783887,6,119,6,91,FALSE,FALSE,FALSE,"model","M2 invertebrate Arthropoda Simpson diversity","Southern Fleurieu","South Coast","gaussian","Gaussian (identity link)","location","Southern Fleurieu"
"Bloom","Fished",1.564875851201022,0.24446655349932847,1.0857302109177038,2.0440214914843398,6,119,6,28,FALSE,FALSE,FALSE,"model","M2 invertebrate Arthropoda Simpson diversity","Southern Fleurieu","South Coast","gaussian","Gaussian (identity link)","location","Southern Fleurieu"
"Pre-bloom","Fished",2.266851781841703,0.06908741184054257,2.1314429428491533,2.4022606208342525,6,119,6,91,FALSE,FALSE,FALSE,"model","M2 invertebrate Mollusca Simpson diversity","Southern Fleurieu","South Coast","gaussian","Gaussian (identity link)","location","Southern Fleurieu"
"Bloom","Fished",1.4362840518757913,0.12454912327095169,1.1921722559586865,1.6803958477928962,6,119,6,28,FALSE,FALSE,FALSE,"model","M2 invertebrate Mollusca Simpson diversity","Southern Fleurieu","South Coast","gaussian","Gaussian (identity link)","location","Southern Fleurieu"
"Pre-bloom","Fished",5.425933439155703,1.3771826659092283,2.726705013840758,8.125161864470648,6,117,6,89,FALSE,FALSE,FALSE,"model","M1 fish B20 biomass","Southern Fleurieu","South Coast","tweedie","Tweedie (log link)","location","Southern Fleurieu"
"Bloom","Fished",8.216519590853807,2.5205308625900162,3.2763698782557,13.156669303451913,6,117,6,28,FALSE,FALSE,FALSE,"model","M1 fish B20 biomass","Southern Fleurieu","South Coast","tweedie","Tweedie (log link)","location","Southern Fleurieu"
"Pre-bloom","Fished",0.013498242150631161,0.012285361045069134,-0.010580623034775697,0.037577107336038015,6,119,6,91,FALSE,FALSE,FALSE,"model","M2 fish B20 biomass","Southern Fleurieu","South Coast","tweedie","Tweedie (log link)","location","Southern Fleurieu"
"Bloom","Fished",1.4058771579847125e-13,3.4262726362602922e-9,-6.715230380569478e-9,6.715511556001074e-9,6,119,6,28,FALSE,FALSE,FALSE,"model","M2 fish B20 biomass","Southern Fleurieu","South Coast","tweedie","Tweedie (log link)","location","Southern Fleurieu"
"Pre-bloom","Fished",25.365289239651197,5.140168201406305,15.290744690416815,35.43983378888558,6,117,6,89,FALSE,FALSE,FALSE,"model","M1 fish total abundance","Southern Fleurieu","South Coast","tweedie","Tweedie (log link)","location","Southern Fleurieu"
"Bloom","Fished",42.36787301132292,12.64222512196553,17.589567087822992,67.14617893482284,6,117,6,28,FALSE,FALSE,FALSE,"model","M1 fish total abundance","Southern Fleurieu","South Coast","tweedie","Tweedie (log link)","location","Southern Fleurieu"
"Pre-bloom","Fished",0.5778969142532036,0.2735764315120609,0.041696961470575555,1.1140968670358316,6,119,6,91,FALSE,FALSE,FALSE,"model","M2 fish total abundance","Southern Fleurieu","South Coast","tweedie","Tweedie (log link)","location","Southern Fleurieu"
"Bloom","Fished",0.1251613185282937,0.11461920441534222,-0.09948819406241133,0.34981083111899874,6,119,6,28,FALSE,FALSE,FALSE,"model","M2 fish total abundance","Southern Fleurieu","South Coast","tweedie","Tweedie (log link)","location","Southern Fleurieu"
"Pre-bloom","Fished",34.150250499974206,3.356753183052611,27.571135156200903,40.72936584374751,6,119,6,91,FALSE,FALSE,FALSE,"model","M2 invertebrate total abundance","Southern Fleurieu","South Coast","tweedie","Tweedie (log link)","location","Southern Fleurieu"
"Bloom","Fished",24.114454392611105,2.7527495781164455,18.719164361045046,29.509744424177164,6,119,6,28,FALSE,FALSE,FALSE,"model","M2 invertebrate total abundance","Southern Fleurieu","South Coast","tweedie","Tweedie (log link)","location","Southern Fleurieu"
"Pre-bloom","Fished",12.559158170271091,1.6939927551037035,9.238993380196053,15.87932296034613,6,119,6,91,FALSE,FALSE,FALSE,"model","M2 invertebrate Echinodermata abundance","Southern Fleurieu","South Coast","tweedie","Tweedie (log link)","location","Southern Fleurieu"
"Bloom","Fished",1.9290673406979544,0.40773819493845626,1.1299151634972087,2.7282195178987,6,119,6,28,FALSE,FALSE,FALSE,"model","M2 invertebrate Echinodermata abundance","Southern Fleurieu","South Coast","tweedie","Tweedie (log link)","location","Southern Fleurieu"
"Pre-bloom","Fished",1.6730177666241215,0.40643027005848925,0.8764290750825948,2.4696064581656483,6,119,6,91,FALSE,FALSE,FALSE,"model","M2 invertebrate Arthropoda abundance","Southern Fleurieu","South Coast","tweedie","Tweedie (log link)","location","Southern Fleurieu"
"Bloom","Fished",5.038328404726782,1.9876361511978093,1.1426331340092668,8.934023675444298,6,119,6,28,FALSE,FALSE,FALSE,"model","M2 invertebrate Arthropoda abundance","Southern Fleurieu","South Coast","tweedie","Tweedie (log link)","location","Southern Fleurieu"
"Pre-bloom","Fished",17.594639661844287,3.1739259150108925,11.373859178824603,23.81542014486397,6,119,6,91,FALSE,FALSE,FALSE,"model","M2 invertebrate Mollusca abundance","Southern Fleurieu","South Coast","tweedie","Tweedie (log link)","location","Southern Fleurieu"
"Bloom","Fished",12.903447317231254,2.645368445011625,7.718620439169745,18.088274195292765,6,119,6,28,FALSE,FALSE,FALSE,"model","M2 invertebrate Mollusca abundance","Southern Fleurieu","South Coast","tweedie","Tweedie (log link)","location","Southern Fleurieu"
"Pre-bloom","Fished",5.617488455228469,0.8781572200181533,3.8963319312290725,7.338644979227865,7,156,7,136,FALSE,FALSE,FALSE,"model","M1 fish species richness","Southern Metro","Adelaide Metro","gaussian","Gaussian (identity link)","location","Southern Metro"
"Pre-bloom","No-take",11.581427825987516,0.8839875311341339,9.848844102182134,13.314011549792898,7,110,7,86,FALSE,FALSE,FALSE,"model","M1 fish species richness","Southern Metro","Adelaide Metro","gaussian","Gaussian (identity link)","location","Southern Metro"
"Bloom","Fished",3.128675058141599,1.5814324540933862,0.029124404135770554,6.228225712147427,7,156,7,20,FALSE,FALSE,FALSE,"model","M1 fish species richness","Southern Metro","Adelaide Metro","gaussian","Gaussian (identity link)","location","Southern Metro"
"Bloom","No-take",6.397188759733854,1.589929160345091,3.280984867487468,9.51339265198024,7,110,7,24,FALSE,FALSE,FALSE,"model","M1 fish species richness","Southern Metro","Adelaide Metro","gaussian","Gaussian (identity link)","location","Southern Metro"
"Pre-bloom","Fished",1.438961370107095,0.17885402803332429,1.0884139166718623,1.7895088235423275,7,154,7,134,FALSE,FALSE,FALSE,"model","M2 fish species richness","Southern Metro","Adelaide Metro","gaussian","Gaussian (identity link)","location","Southern Metro"
"Pre-bloom","No-take",1.8447958350276856,0.1836561100072782,1.4848364738726942,2.204755196182677,7,110,7,86,FALSE,FALSE,FALSE,"model","M2 fish species richness","Southern Metro","Adelaide Metro","gaussian","Gaussian (identity link)","location","Southern Metro"
"Bloom","Fished",0.6418017012352051,0.40503801959154334,-0.15205822953364845,1.4356616320040585,7,154,7,20,FALSE,FALSE,FALSE,"model","M2 fish species richness","Southern Metro","Adelaide Metro","gaussian","Gaussian (identity link)","location","Southern Metro"
"Bloom","No-take",0.19616481560742027,0.4072749160585208,-0.602079351673854,0.9944089828886945,7,110,7,24,FALSE,FALSE,FALSE,"model","M2 fish species richness","Southern Metro","Adelaide Metro","gaussian","Gaussian (identity link)","location","Southern Metro"
"Pre-bloom","Fished",7.461619363177974,0.8347326284831226,5.8255734746306,9.097665251725347,7,156,7,136,FALSE,FALSE,FALSE,"model","M2 invertebrate species richness","Southern Metro","Adelaide Metro","gaussian","Gaussian (identity link)","location","Southern Metro"
"Pre-bloom","No-take",6.673004241540346,0.8341010960631028,5.03819613379128,8.30781234928941,7,110,7,86,FALSE,FALSE,FALSE,"model","M2 invertebrate species richness","Southern Metro","Adelaide Metro","gaussian","Gaussian (identity link)","location","Southern Metro"
"Bloom","Fished",2.61296842224126,1.4722550342342027,-0.27259842091556097,5.498535265398081,7,156,7,20,FALSE,FALSE,FALSE,"model","M2 invertebrate species richness","Southern Metro","Adelaide Metro","gaussian","Gaussian (identity link)","location","Southern Metro"
"Bloom","No-take",2.454527770290469,1.4774646056130165,-0.441249645143718,5.350305185724656,7,110,7,24,FALSE,FALSE,FALSE,"model","M2 invertebrate species richness","Southern Metro","Adelaide Metro","gaussian","Gaussian (identity link)","location","Southern Metro"
"Pre-bloom","Fished",3.81598684842548,0.5336419335939997,2.770067877940926,4.861905818910035,7,156,7,136,FALSE,FALSE,FALSE,"model","M2 invertebrate Echinodermata species richness","Southern Metro","Adelaide Metro","gaussian","Gaussian (identity link)","location","Southern Metro"
"Pre-bloom","No-take",2.8035261552184156,0.5334661411905877,1.7579517315133046,3.849100578923527,7,110,7,86,FALSE,FALSE,FALSE,"model","M2 invertebrate Echinodermata species richness","Southern Metro","Adelaide Metro","gaussian","Gaussian (identity link)","location","Southern Metro"
"Bloom","Fished",0.6470370517036721,0.8668730426563542,-1.0520028910714359,2.3460769944787803,7,156,7,20,FALSE,FALSE,FALSE,"model","M2 invertebrate Echinodermata species richness","Southern Metro","Adelaide Metro","gaussian","Gaussian (identity link)","location","Southern Metro"
"Bloom","No-take",0.05622020744220396,0.8704594774477602,-1.649849018356961,1.762289433241369,7,110,7,24,FALSE,FALSE,FALSE,"model","M2 invertebrate Echinodermata species richness","Southern Metro","Adelaide Metro","gaussian","Gaussian (identity link)","location","Southern Metro"
"Pre-bloom","Fished",1.0024813070681946,0.14458912760161527,0.7190918244129625,1.2858707897234267,7,156,7,136,FALSE,FALSE,FALSE,"model","M2 invertebrate Arthropoda species richness","Southern Metro","Adelaide Metro","gaussian","Gaussian (identity link)","location","Southern Metro"
"Pre-bloom","No-take",0.9055270708625117,0.14740475858044305,0.616619052895022,1.1944350888300015,7,110,7,86,FALSE,FALSE,FALSE,"model","M2 invertebrate Arthropoda species richness","Southern Metro","Adelaide Metro","gaussian","Gaussian (identity link)","location","Southern Metro"
"Bloom","Fished",1.0285696256394052,0.2648718257128317,0.509430386722885,1.5477088645559256,7,156,7,20,FALSE,FALSE,FALSE,"model","M2 invertebrate Arthropoda species richness","Southern Metro","Adelaide Metro","gaussian","Gaussian (identity link)","location","Southern Metro"
"Bloom","No-take",1.0471461514525773,0.2662462004810917,0.5253131874890068,1.5689791154161479,7,110,7,24,FALSE,FALSE,FALSE,"model","M2 invertebrate Arthropoda species richness","Southern Metro","Adelaide Metro","gaussian","Gaussian (identity link)","location","Southern Metro"
"Pre-bloom","Fished",2.7612171581734484,0.4670249450274232,1.8458650860379004,3.6765692303089965,7,156,7,136,FALSE,FALSE,FALSE,"model","M2 invertebrate Mollusca species richness","Southern Metro","Adelaide Metro","gaussian","Gaussian (identity link)","location","Southern Metro"
"Pre-bloom","No-take",3.0581563426029095,0.4684310495066608,2.1400483563295554,3.9762643288762636,7,110,7,86,FALSE,FALSE,FALSE,"model","M2 invertebrate Mollusca species richness","Southern Metro","Adelaide Metro","gaussian","Gaussian (identity link)","location","Southern Metro"
"Bloom","Fished",0.9501680405037058,0.6336970835466035,-0.29185542035570644,2.1921915013631184,7,156,7,20,FALSE,FALSE,FALSE,"model","M2 invertebrate Mollusca species richness","Southern Metro","Adelaide Metro","gaussian","Gaussian (identity link)","location","Southern Metro"
"Bloom","No-take",1.3991522002634487,0.6364575440860779,0.15171833616592267,2.6465860643609744,7,110,7,24,FALSE,FALSE,FALSE,"model","M2 invertebrate Mollusca species richness","Southern Metro","Adelaide Metro","gaussian","Gaussian (identity link)","location","Southern Metro"
"Pre-bloom","Fished",1.00849021743763,0.10484835193814455,0.8029912238004864,1.2139892110747736,7,156,7,136,FALSE,FALSE,FALSE,"model","M1 fish Shannon diversity","Southern Metro","Adelaide Metro","gaussian","Gaussian (identity link)","location","Southern Metro"
"Pre-bloom","No-take",1.0365379435858426,0.10701641479143768,0.8267896248400253,1.24628626233166,7,110,7,86,FALSE,FALSE,FALSE,"model","M1 fish Shannon diversity","Southern Metro","Adelaide Metro","gaussian","Gaussian (identity link)","location","Southern Metro"
"Bloom","Fished",0.7894985195240848,0.18452142980718342,0.42784316272616973,1.1511538763219997,7,156,7,20,FALSE,FALSE,FALSE,"model","M1 fish Shannon diversity","Southern Metro","Adelaide Metro","gaussian","Gaussian (identity link)","location","Southern Metro"
"Bloom","No-take",1.1722408234372752,0.18532724888997143,0.8090060902590406,1.5354755566155098,7,110,7,24,FALSE,FALSE,FALSE,"model","M1 fish Shannon diversity","Southern Metro","Adelaide Metro","gaussian","Gaussian (identity link)","location","Southern Metro"
"Pre-bloom","Fished",0.28605561449814115,0.05976609728809762,0.16891621631695286,0.40319501267932945,7,154,7,134,FALSE,FALSE,FALSE,"model","M2 fish Shannon diversity","Southern Metro","Adelaide Metro","gaussian","Gaussian (identity link)","location","Southern Metro"
"Pre-bloom","No-take",0.4236209894201104,0.06214338102062291,0.30182220074213956,0.5454197780980812,7,110,7,86,FALSE,FALSE,FALSE,"model","M2 fish Shannon diversity","Southern Metro","Adelaide Metro","gaussian","Gaussian (identity link)","location","Southern Metro"
"Bloom","Fished",0.13481141579602515,0.13155026291347427,-0.12302236167115951,0.3926451932632098,7,154,7,20,FALSE,FALSE,FALSE,"model","M2 fish Shannon diversity","Southern Metro","Adelaide Metro","gaussian","Gaussian (identity link)","location","Southern Metro"
"Bloom","No-take",0.01546751354707912,0.13228977681842757,-0.2438156845398806,0.27475071163403886,7,110,7,24,FALSE,FALSE,FALSE,"model","M2 fish Shannon diversity","Southern Metro","Adelaide Metro","gaussian","Gaussian (identity link)","location","Southern Metro"
"Pre-bloom","Fished",1.445596831324878,0.08372771876339542,1.2814935180409244,1.6097001446088315,7,156,7,136,FALSE,FALSE,FALSE,"model","M2 invertebrate Shannon diversity","Southern Metro","Adelaide Metro","gaussian","Gaussian (identity link)","location","Southern Metro"
"Pre-bloom","No-take",1.2756078595082565,0.08695138710092114,1.1051862723846506,1.4460294466318624,7,110,7,86,FALSE,FALSE,FALSE,"model","M2 invertebrate Shannon diversity","Southern Metro","Adelaide Metro","gaussian","Gaussian (identity link)","location","Southern Metro"
"Bloom","Fished",0.6879248002433326,0.12785551639812145,0.4373325928782443,0.9385170076084208,7,156,7,20,FALSE,FALSE,FALSE,"model","M2 invertebrate Shannon diversity","Southern Metro","Adelaide Metro","gaussian","Gaussian (identity link)","location","Southern Metro"
"Bloom","No-take",0.7995335363800814,0.12723479503475588,0.5501579205316243,1.0489091522285385,7,110,7,24,FALSE,FALSE,FALSE,"model","M2 invertebrate Shannon diversity","Southern Metro","Adelaide Metro","gaussian","Gaussian (identity link)","location","Southern Metro"
"Pre-bloom","Fished",0.8200440191402385,0.11308100678601159,0.5984093185041264,1.0416787197763506,7,156,7,136,FALSE,FALSE,FALSE,"model","M2 invertebrate Echinodermata Shannon diversity","Southern Metro","Adelaide Metro","gaussian","Gaussian (identity link)","location","Southern Metro"
"Pre-bloom","No-take",0.8155067720560297,0.11415216418930434,0.5917726414876904,1.039240902624369,7,110,7,86,FALSE,FALSE,FALSE,"model","M2 invertebrate Echinodermata Shannon diversity","Southern Metro","Adelaide Metro","gaussian","Gaussian (identity link)","location","Southern Metro"
"Bloom","Fished",0.10433599648913139,0.17368597594820648,-0.23608226098904328,0.44475425396730606,7,156,7,20,FALSE,FALSE,FALSE,"model","M2 invertebrate Echinodermata Shannon diversity","Southern Metro","Adelaide Metro","gaussian","Gaussian (identity link)","location","Southern Metro"
"Bloom","No-take",0.06608611529250716,0.1749035632086214,-0.27671856936411554,0.4088907999491299,7,110,7,24,FALSE,FALSE,FALSE,"model","M2 invertebrate Echinodermata Shannon diversity","Southern Metro","Adelaide Metro","gaussian","Gaussian (identity link)","location","Southern Metro"
"Pre-bloom","Fished",0.15681382946670458,0.04139612878210432,0.07567890795439819,0.23794875097901097,7,156,7,136,FALSE,FALSE,FALSE,"model","M2 invertebrate Arthropoda Shannon diversity","Southern Metro","Adelaide Metro","gaussian","Gaussian (identity link)","location","Southern Metro"
"Pre-bloom","No-take",0.10678618593609235,0.04323740588213096,0.022042427622175398,0.1915299442500093,7,110,7,86,FALSE,FALSE,FALSE,"model","M2 invertebrate Arthropoda Shannon diversity","Southern Metro","Adelaide Metro","gaussian","Gaussian (identity link)","location","Southern Metro"
"Bloom","Fished",0.1659360315905143,0.07889980988100571,0.011295245836685647,0.32057681734434296,7,156,7,20,FALSE,FALSE,FALSE,"model","M2 invertebrate Arthropoda Shannon diversity","Southern Metro","Adelaide Metro","gaussian","Gaussian (identity link)","location","Southern Metro"
"Bloom","No-take",0.09540733073989432,0.07936724030578898,-0.0601496018117878,0.25096426329157645,7,110,7,24,FALSE,FALSE,FALSE,"model","M2 invertebrate Arthropoda Shannon diversity","Southern Metro","Adelaide Metro","gaussian","Gaussian (identity link)","location","Southern Metro"
"Pre-bloom","Fished",0.5807833235326013,0.07011323534968453,0.4433639074076391,0.7182027396575635,7,156,7,136,FALSE,FALSE,FALSE,"model","M2 invertebrate Mollusca Shannon diversity","Southern Metro","Adelaide Metro","gaussian","Gaussian (identity link)","location","Southern Metro"
"Pre-bloom","No-take",0.5787755799615585,0.07319837453452803,0.43530940214700975,0.7222417577761072,7,110,7,86,FALSE,FALSE,FALSE,"model","M2 invertebrate Mollusca Shannon diversity","Southern Metro","Adelaide Metro","gaussian","Gaussian (identity link)","location","Southern Metro"
"Bloom","Fished",0.19503534892455687,0.12512155105125308,-0.05019838482568886,0.4402690826748026,7,156,7,20,FALSE,FALSE,FALSE,"model","M2 invertebrate Mollusca Shannon diversity","Southern Metro","Adelaide Metro","gaussian","Gaussian (identity link)","location","Southern Metro"
"Bloom","No-take",0.3279939833181496,0.12534750257778374,0.08231739271365196,0.5736705739226473,7,110,7,24,FALSE,FALSE,FALSE,"model","M2 invertebrate Mollusca Shannon diversity","Southern Metro","Adelaide Metro","gaussian","Gaussian (identity link)","location","Southern Metro"
"Pre-bloom","Fished",2.6357022418168845,0.23014973329305755,2.184617053510993,3.0867874301227762,7,156,7,136,FALSE,FALSE,FALSE,"model","M1 fish Simpson diversity","Southern Metro","Adelaide Metro","gaussian","Gaussian (identity link)","location","Southern Metro"
"Pre-bloom","No-take",2.37624186750253,0.24022165988855534,1.9054160658145316,2.847067669190529,7,110,7,86,FALSE,FALSE,FALSE,"model","M1 fish Simpson diversity","Southern Metro","Adelaide Metro","gaussian","Gaussian (identity link)","location","Southern Metro"
"Bloom","Fished",2.282310084451645,0.41347285666257605,1.4719181768081042,3.092701992095186,7,156,7,20,FALSE,FALSE,FALSE,"model","M1 fish Simpson diversity","Southern Metro","Adelaide Metro","gaussian","Gaussian (identity link)","location","Southern Metro"
"Bloom","No-take",2.852697947572617,0.41252792297729735,2.044158075920001,3.661237819225233,7,110,7,24,FALSE,FALSE,FALSE,"model","M1 fish Simpson diversity","Southern Metro","Adelaide Metro","gaussian","Gaussian (identity link)","location","Southern Metro"
"Pre-bloom","Fished",1.197028126184018,0.11321369892055232,0.9751333537431744,1.4189228986248619,7,154,7,134,FALSE,FALSE,FALSE,"model","M2 fish Simpson diversity","Southern Metro","Adelaide Metro","gaussian","Gaussian (identity link)","location","Southern Metro"
"Pre-bloom","No-take",1.4455681239401272,0.1168895430857723,1.2164688293226706,1.6746674185575838,7,110,7,86,FALSE,FALSE,FALSE,"model","M2 fish Simpson diversity","Southern Metro","Adelaide Metro","gaussian","Gaussian (identity link)","location","Southern Metro"
"Bloom","Fished",0.6316772509835055,0.2750330762107658,0.09262232705314477,1.1707321749138662,7,154,7,20,FALSE,FALSE,FALSE,"model","M2 fish Simpson diversity","Southern Metro","Adelaide Metro","gaussian","Gaussian (identity link)","location","Southern Metro"
"Bloom","No-take",0.19319669781473217,0.27668107003346093,-0.3490882346548556,0.7354816302843199,7,110,7,24,FALSE,FALSE,FALSE,"model","M2 fish Simpson diversity","Southern Metro","Adelaide Metro","gaussian","Gaussian (identity link)","location","Southern Metro"
"Pre-bloom","Fished",3.8241376730470122,0.2730978234235977,3.2888757748804816,4.359399571213543,7,156,7,136,FALSE,FALSE,FALSE,"model","M2 invertebrate Simpson diversity","Southern Metro","Adelaide Metro","gaussian","Gaussian (identity link)","location","Southern Metro"
"Pre-bloom","No-take",3.257092660062959,0.28739859977121995,2.6938017553041265,3.8203835648217916,7,110,7,86,FALSE,FALSE,FALSE,"model","M2 invertebrate Simpson diversity","Southern Metro","Adelaide Metro","gaussian","Gaussian (identity link)","location","Southern Metro"
"Bloom","Fished",1.9421166945717712,0.38305998110274325,1.1913329276918008,2.6929004614517416,7,156,7,20,FALSE,FALSE,FALSE,"model","M2 invertebrate Simpson diversity","Southern Metro","Adelaide Metro","gaussian","Gaussian (identity link)","location","Southern Metro"
"Bloom","No-take",2.271544347450553,0.3623766318786235,1.5612992001295216,2.9817894947715837,7,110,7,24,FALSE,FALSE,FALSE,"model","M2 invertebrate Simpson diversity","Southern Metro","Adelaide Metro","gaussian","Gaussian (identity link)","location","Southern Metro"
"Pre-bloom","Fished",2.276494194498355,0.23586106450034747,1.8142150027223956,2.738773386274315,7,156,7,136,FALSE,FALSE,FALSE,"model","M2 invertebrate Echinodermata Simpson diversity","Southern Metro","Adelaide Metro","gaussian","Gaussian (identity link)","location","Southern Metro"
"Pre-bloom","No-take",2.343879649309411,0.2403363192638653,1.872829119375315,2.8149301792435066,7,110,7,86,FALSE,FALSE,FALSE,"model","M2 invertebrate Echinodermata Simpson diversity","Southern Metro","Adelaide Metro","gaussian","Gaussian (identity link)","location","Southern Metro"
"Bloom","Fished",0.45537290174959577,0.3742894144405953,-0.2782208703485569,1.1889666738477485,7,156,7,20,FALSE,FALSE,FALSE,"model","M2 invertebrate Echinodermata Simpson diversity","Southern Metro","Adelaide Metro","gaussian","Gaussian (identity link)","location","Southern Metro"
"Bloom","No-take",0.419108445432068,0.3767551983439888,-0.3193181743103945,1.1575350651745304,7,110,7,24,FALSE,FALSE,FALSE,"model","M2 invertebrate Echinodermata Simpson diversity","Southern Metro","Adelaide Metro","gaussian","Gaussian (identity link)","location","Southern Metro"
"Pre-bloom","Fished",0.94348299935426,0.11508147297011011,0.7179274570450246,1.1690385416634956,7,156,7,136,FALSE,FALSE,FALSE,"model","M2 invertebrate Arthropoda Simpson diversity","Southern Metro","Adelaide Metro","gaussian","Gaussian (identity link)","location","Southern Metro"
"Pre-bloom","No-take",0.7960664549643298,0.11810164439056967,0.5645914854438564,1.0275414244848031,7,110,7,86,FALSE,FALSE,FALSE,"model","M2 invertebrate Arthropoda Simpson diversity","Southern Metro","Adelaide Metro","gaussian","Gaussian (identity link)","location","Southern Metro"
"Bloom","Fished",0.9238431146893361,0.21519726928194022,0.5020642173253657,1.3456220120533064,7,156,7,20,FALSE,FALSE,FALSE,"model","M2 invertebrate Arthropoda Simpson diversity","Southern Metro","Adelaide Metro","gaussian","Gaussian (identity link)","location","Southern Metro"
"Bloom","No-take",0.9329547087228016,0.21628354864416724,0.5090467429317171,1.356862674513886,7,110,7,24,FALSE,FALSE,FALSE,"model","M2 invertebrate Arthropoda Simpson diversity","Southern Metro","Adelaide Metro","gaussian","Gaussian (identity link)","location","Southern Metro"
"Pre-bloom","Fished",1.750481649657204,0.14785031293557682,1.460700361200497,2.040262938113911,7,156,7,136,FALSE,FALSE,FALSE,"model","M2 invertebrate Mollusca Simpson diversity","Southern Metro","Adelaide Metro","gaussian","Gaussian (identity link)","location","Southern Metro"
"Pre-bloom","No-take",1.5840056674281755,0.15446966161636436,1.2812506939560122,1.8867606409003388,7,110,7,86,FALSE,FALSE,FALSE,"model","M2 invertebrate Mollusca Simpson diversity","Southern Metro","Adelaide Metro","gaussian","Gaussian (identity link)","location","Southern Metro"
"Bloom","Fished",0.9481162560289768,0.24786864221627963,0.4623026443882244,1.4339298676697292,7,156,7,20,FALSE,FALSE,FALSE,"model","M2 invertebrate Mollusca Simpson diversity","Southern Metro","Adelaide Metro","gaussian","Gaussian (identity link)","location","Southern Metro"
"Bloom","No-take",1.3107919325659871,0.24745292597500432,0.8257931097859228,1.7957907553460515,7,110,7,24,FALSE,FALSE,FALSE,"model","M2 invertebrate Mollusca Simpson diversity","Southern Metro","Adelaide Metro","gaussian","Gaussian (identity link)","location","Southern Metro"
"Pre-bloom","Fished",1.8999235601886872,0.5292244813924756,0.8626626369225474,2.937184483454827,7,156,7,136,FALSE,FALSE,FALSE,"model","M1 fish B20 biomass","Southern Metro","Adelaide Metro","tweedie","Tweedie (log link)","location","Southern Metro"
"Pre-bloom","No-take",7.640362912881541,2.103141814702192,3.5182807016850335,11.762445124078049,7,110,7,86,FALSE,FALSE,FALSE,"model","M1 fish B20 biomass","Southern Metro","Adelaide Metro","tweedie","Tweedie (log link)","location","Southern Metro"
"Bloom","Fished",0.6117776110435792,0.27292209315665156,0.07686013787125667,1.1466950842159016,7,156,7,20,FALSE,FALSE,FALSE,"model","M1 fish B20 biomass","Southern Metro","Adelaide Metro","tweedie","Tweedie (log link)","location","Southern Metro"
"Bloom","No-take",9.61884299892471,3.5569242586290124,2.6473995562750154,16.590286441574406,7,110,7,24,FALSE,FALSE,FALSE,"model","M1 fish B20 biomass","Southern Metro","Adelaide Metro","tweedie","Tweedie (log link)","location","Southern Metro"
"Pre-bloom","Fished",0.02678409048100527,0.018169663814378505,-0.008827796206377251,0.062395977168387795,7,154,7,134,FALSE,FALSE,FALSE,"model","M2 fish B20 biomass","Southern Metro","Adelaide Metro","tweedie","Tweedie (log link)","location","Southern Metro"
"Pre-bloom","No-take",0.07742353566988502,0.04896234617835875,-0.018540899438280453,0.17338797077805052,7,110,7,86,FALSE,FALSE,FALSE,"model","M2 fish B20 biomass","Southern Metro","Adelaide Metro","tweedie","Tweedie (log link)","location","Southern Metro"
"Bloom","Fished",5.476573175752519e-4,9.466498308768672e-4,-0.0013077422569143407,0.0024030568920648445,7,154,7,20,FALSE,FALSE,FALSE,"model","M2 fish B20 biomass","Southern Metro","Adelaide Metro","tweedie","Tweedie (log link)","location","Southern Metro"
"Bloom","No-take",0.0015830877622009004,0.0026296684768883248,-0.0035709677437805146,0.006737143268182316,7,110,7,24,FALSE,FALSE,FALSE,"model","M2 fish B20 biomass","Southern Metro","Adelaide Metro","tweedie","Tweedie (log link)","location","Southern Metro"
"Pre-bloom","Fished",29.574131542803915,9.350456334925168,11.247573887336198,47.900689198271635,7,156,7,136,FALSE,FALSE,FALSE,"model","M1 fish total abundance","Southern Metro","Adelaide Metro","tweedie","Tweedie (log link)","location","Southern Metro"
"Pre-bloom","No-take",177.22342650755368,55.216591558439575,69.00089570395376,285.4459573111536,7,110,7,86,FALSE,FALSE,FALSE,"model","M1 fish total abundance","Southern Metro","Adelaide Metro","tweedie","Tweedie (log link)","location","Southern Metro"
"Bloom","Fished",6.821523862528211,3.6858446369982287,-0.40259887859842536,14.045646603654847,7,156,7,20,FALSE,FALSE,FALSE,"model","M1 fish total abundance","Southern Metro","Adelaide Metro","tweedie","Tweedie (log link)","location","Southern Metro"
"Bloom","No-take",41.35361446284051,21.800181090680333,-1.3739553313440425,84.08118425702506,7,110,7,24,FALSE,FALSE,FALSE,"model","M1 fish total abundance","Southern Metro","Adelaide Metro","tweedie","Tweedie (log link)","location","Southern Metro"
"Pre-bloom","Fished",4.768885739082703,1.4562036837046866,1.914778964866961,7.622992513298444,7,154,7,134,FALSE,FALSE,FALSE,"model","M2 fish total abundance","Southern Metro","Adelaide Metro","tweedie","Tweedie (log link)","location","Southern Metro"
"Pre-bloom","No-take",5.414836939738384,1.6698877204893332,2.1419171493536036,8.687756730123166,7,110,7,86,FALSE,FALSE,FALSE,"model","M2 fish total abundance","Southern Metro","Adelaide Metro","tweedie","Tweedie (log link)","location","Southern Metro"
"Bloom","Fished",0.9079114209501724,0.5356547254398415,-0.14195254906060772,1.9577753909609525,7,154,7,20,FALSE,FALSE,FALSE,"model","M2 fish total abundance","Southern Metro","Adelaide Metro","tweedie","Tweedie (log link)","location","Southern Metro"
"Bloom","No-take",0.2672387356285236,0.1719715081803267,-0.0698192267719519,0.6042966980289992,7,110,7,24,FALSE,FALSE,FALSE,"model","M2 fish total abundance","Southern Metro","Adelaide Metro","tweedie","Tweedie (log link)","location","Southern Metro"
"Pre-bloom","Fished",31.415914190255865,13.032747686622134,5.87219810487878,56.959630275632946,7,156,7,136,FALSE,FALSE,FALSE,"model","M2 invertebrate total abundance","Southern Metro","Adelaide Metro","tweedie","Tweedie (log link)","location","Southern Metro"
"Pre-bloom","No-take",32.01006419616973,13.322169537887227,5.899091705974154,58.1210366863653,7,110,7,86,FALSE,FALSE,FALSE,"model","M2 invertebrate total abundance","Southern Metro","Adelaide Metro","tweedie","Tweedie (log link)","location","Southern Metro"
"Bloom","Fished",5.301539995933272,2.7657996813567283,-0.11932776797827227,10.722407759844817,7,156,7,20,FALSE,FALSE,FALSE,"model","M2 invertebrate total abundance","Southern Metro","Adelaide Metro","tweedie","Tweedie (log link)","location","Southern Metro"
"Bloom","No-take",6.718198215592312,3.5017270160276537,-0.14506061951280014,13.581457050697423,7,110,7,24,FALSE,FALSE,FALSE,"model","M2 invertebrate total abundance","Southern Metro","Adelaide Metro","tweedie","Tweedie (log link)","location","Southern Metro"
"Pre-bloom","Fished",13.649647851673782,5.060768810659811,3.7307232486969504,23.568572454650614,7,156,7,136,FALSE,FALSE,FALSE,"model","M2 invertebrate Echinodermata abundance","Southern Metro","Adelaide Metro","tweedie","Tweedie (log link)","location","Southern Metro"
"Pre-bloom","No-take",6.832325540283749,2.5423230579316614,1.8494639096719565,11.815187170895541,7,110,7,86,FALSE,FALSE,FALSE,"model","M2 invertebrate Echinodermata abundance","Southern Metro","Adelaide Metro","tweedie","Tweedie (log link)","location","Southern Metro"
"Bloom","Fished",0.49468821874109703,0.29681161481969986,-0.08705185649868952,1.0764282939808836,7,156,7,20,FALSE,FALSE,FALSE,"model","M2 invertebrate Echinodermata abundance","Southern Metro","Adelaide Metro","tweedie","Tweedie (log link)","location","Southern Metro"
"Bloom","No-take",0.5813210578091109,0.3546903282048281,-0.11385921113704334,1.2765013267552652,7,110,7,24,FALSE,FALSE,FALSE,"model","M2 invertebrate Echinodermata abundance","Southern Metro","Adelaide Metro","tweedie","Tweedie (log link)","location","Southern Metro"
"Pre-bloom","Fished",1.5649366727254248,0.46446593506360007,0.6546001679550494,2.4752731774958003,7,156,7,136,FALSE,FALSE,FALSE,"model","M2 invertebrate Arthropoda abundance","Southern Metro","Adelaide Metro","tweedie","Tweedie (log link)","location","Southern Metro"
"Pre-bloom","No-take",2.007724277326331,0.5946083938414963,0.8423132404917901,3.173135314160872,7,110,7,86,FALSE,FALSE,FALSE,"model","M2 invertebrate Arthropoda abundance","Southern Metro","Adelaide Metro","tweedie","Tweedie (log link)","location","Southern Metro"
"Bloom","Fished",3.0011294814417373,1.4980837305620274,0.06493932371475797,5.937319639168717,7,156,7,20,FALSE,FALSE,FALSE,"model","M2 invertebrate Arthropoda abundance","Southern Metro","Adelaide Metro","tweedie","Tweedie (log link)","location","Southern Metro"
"Bloom","No-take",3.7132348428874082,1.849953400220686,0.08739280537745175,7.339076880397364,7,110,7,24,FALSE,FALSE,FALSE,"model","M2 invertebrate Arthropoda abundance","Southern Metro","Adelaide Metro","tweedie","Tweedie (log link)","location","Southern Metro"
"Pre-bloom","Fished",12.14553612506719,6.551435489333136,-0.6950414810632992,24.98611373119768,7,156,7,136,FALSE,FALSE,FALSE,"model","M2 invertebrate Mollusca abundance","Southern Metro","Adelaide Metro","tweedie","Tweedie (log link)","location","Southern Metro"
"Pre-bloom","No-take",19.132274943415876,10.392279118935624,-1.2362178469855891,39.50076773381734,7,110,7,86,FALSE,FALSE,FALSE,"model","M2 invertebrate Mollusca abundance","Southern Metro","Adelaide Metro","tweedie","Tweedie (log link)","location","Southern Metro"
"Bloom","Fished",1.4699729188912647,0.91916814339051,-0.3315635378906827,3.271509375673212,7,156,7,20,FALSE,FALSE,FALSE,"model","M2 invertebrate Mollusca abundance","Southern Metro","Adelaide Metro","tweedie","Tweedie (log link)","location","Southern Metro"
"Bloom","No-take",2.065431631277528,1.2824866706365678,-0.4481960538228269,4.579059316377883,7,110,7,24,FALSE,FALSE,FALSE,"model","M2 invertebrate Mollusca abundance","Southern Metro","Adelaide Metro","tweedie","Tweedie (log link)","location","Southern Metro"
"Pre-bloom","Fished",10.208326506653792,1.6660659505416573,6.9428972477236535,13.473755765583931,3,26,3,12,FALSE,FALSE,FALSE,"model","M1 fish species richness","Southern Yorke","Southern Yorke","gaussian","Gaussian (identity link)","location","Southern Yorke"
"Bloom","Fished",7.305959363152325,2.1336036350542966,3.124173081162163,11.487745645142486,3,26,3,14,FALSE,FALSE,FALSE,"model","M1 fish species richness","Southern Yorke","Southern Yorke","gaussian","Gaussian (identity link)","location","Southern Yorke"
"Pre-bloom","Fished",0.7237248012641067,0.27838819776896456,0.17809395991592236,1.269355642612291,3,34,3,19,FALSE,FALSE,FALSE,"model","M2 fish species richness","Southern Yorke","Southern Yorke","gaussian","Gaussian (identity link)","location","Southern Yorke"
"Bloom","Fished",1.3117852597185307,0.2873689950980277,0.7485523790529292,1.8750181403841322,3,34,3,15,FALSE,FALSE,FALSE,"model","M2 fish species richness","Southern Yorke","Southern Yorke","gaussian","Gaussian (identity link)","location","Southern Yorke"
"Pre-bloom","Fished",9.826004723142589,1.0562308008155774,7.7558303941821585,11.896179052103019,3,35,3,20,FALSE,FALSE,FALSE,"model","M2 invertebrate species richness","Southern Yorke","Southern Yorke","gaussian","Gaussian (identity link)","location","Southern Yorke"
"Bloom","Fished",7.037406264032427,1.1175311258781182,4.847085505708819,9.227727022356035,3,35,3,15,FALSE,FALSE,FALSE,"model","M2 invertebrate species richness","Southern Yorke","Southern Yorke","gaussian","Gaussian (identity link)","location","Southern Yorke"
"Pre-bloom","Fished",5.827326779120428,0.6820003526384197,4.490630650505509,7.164022907735347,3,35,3,20,FALSE,FALSE,FALSE,"model","M2 invertebrate Echinodermata species richness","Southern Yorke","Southern Yorke","gaussian","Gaussian (identity link)","location","Southern Yorke"
"Bloom","Fished",3.6272439562151173,0.7370306864052742,2.182690355359945,5.07179755707029,3,35,3,15,FALSE,FALSE,FALSE,"model","M2 invertebrate Echinodermata species richness","Southern Yorke","Southern Yorke","gaussian","Gaussian (identity link)","location","Southern Yorke"
"Pre-bloom","Fished",1.022356575796049,0.22448187441812634,0.5823801867544782,1.46233296483762,3,35,3,20,FALSE,FALSE,FALSE,"model","M2 invertebrate Arthropoda species richness","Southern Yorke","Southern Yorke","gaussian","Gaussian (identity link)","location","Southern Yorke"
"Bloom","Fished",1.3520533435213187,0.28308905107229665,0.7972089990019974,1.9068976880406399,3,35,3,15,FALSE,FALSE,FALSE,"model","M2 invertebrate Arthropoda species richness","Southern Yorke","Southern Yorke","gaussian","Gaussian (identity link)","location","Southern Yorke"
"Pre-bloom","Fished",2.9643696786839584,0.5827448507214554,1.822210759093736,4.106528598274181,3,35,3,20,FALSE,FALSE,FALSE,"model","M2 invertebrate Mollusca species richness","Southern Yorke","Southern Yorke","gaussian","Gaussian (identity link)","location","Southern Yorke"
"Bloom","Fished",2.0191682808371922,0.6206030232513721,0.8028087065678295,3.2355278551065547,3,35,3,15,FALSE,FALSE,FALSE,"model","M2 invertebrate Mollusca species richness","Southern Yorke","Southern Yorke","gaussian","Gaussian (identity link)","location","Southern Yorke"
"Pre-bloom","Fished",1.7187250193656947,0.1461361002188446,1.4323035260956234,2.0051465126357657,3,26,3,12,FALSE,FALSE,FALSE,"model","M1 fish Shannon diversity","Southern Yorke","Southern Yorke","gaussian","Gaussian (identity link)","location","Southern Yorke"
"Bloom","Fished",1.4791320509007138,0.13923586734293797,1.2062347655523586,1.7520293362490689,3,26,3,14,FALSE,FALSE,FALSE,"model","M1 fish Shannon diversity","Southern Yorke","Southern Yorke","gaussian","Gaussian (identity link)","location","Southern Yorke"
"Pre-bloom","Fished",0.16763592424389545,0.11876454083551159,-0.06513829843414376,0.40041014692193466,3,34,3,19,FALSE,FALSE,FALSE,"model","M2 fish Shannon diversity","Southern Yorke","Southern Yorke","gaussian","Gaussian (identity link)","location","Southern Yorke"
"Bloom","Fished",0.30105657664478747,0.12509885681793492,0.05586732277450207,0.5462458305150728,3,34,3,15,FALSE,FALSE,FALSE,"model","M2 fish Shannon diversity","Southern Yorke","Southern Yorke","gaussian","Gaussian (identity link)","location","Southern Yorke"
"Pre-bloom","Fished",1.548851794054552,0.07467981749926822,1.4024820413839623,1.695221546725142,3,35,3,20,FALSE,FALSE,FALSE,"model","M2 invertebrate Shannon diversity","Southern Yorke","Southern Yorke","gaussian","Gaussian (identity link)","location","Southern Yorke"
"Bloom","Fished",1.569931247508205,0.08132954629131166,1.410528265898251,1.729334229118159,3,35,3,15,FALSE,FALSE,FALSE,"model","M2 invertebrate Shannon diversity","Southern Yorke","Southern Yorke","gaussian","Gaussian (identity link)","location","Southern Yorke"
"Pre-bloom","Fished",1.087615307057959,0.05493682619637628,0.979941106288125,1.1952895078277932,3,35,3,20,FALSE,FALSE,FALSE,"model","M2 invertebrate Echinodermata Shannon diversity","Southern Yorke","Southern Yorke","gaussian","Gaussian (identity link)","location","Southern Yorke"
"Bloom","Fished",0.8753050624211143,0.06343558278561015,0.7509736048230093,0.9996365200192192,3,35,3,15,FALSE,FALSE,FALSE,"model","M2 invertebrate Echinodermata Shannon diversity","Southern Yorke","Southern Yorke","gaussian","Gaussian (identity link)","location","Southern Yorke"
"Pre-bloom","Fished",0.15973626769002663,0.0744752324708897,0.013767494306834854,0.3057050410732184,3,35,3,20,FALSE,FALSE,FALSE,"model","M2 invertebrate Arthropoda Shannon diversity","Southern Yorke","Southern Yorke","gaussian","Gaussian (identity link)","location","Southern Yorke"
"Bloom","Fished",0.2792040642957739,0.08035106425890798,0.12171887222885072,0.43668925636269706,3,35,3,15,FALSE,FALSE,FALSE,"model","M2 invertebrate Arthropoda Shannon diversity","Southern Yorke","Southern Yorke","gaussian","Gaussian (identity link)","location","Southern Yorke"
"Pre-bloom","Fished",0.8167550279109731,0.21022578501481412,0.4047200606602773,1.228789995161669,3,35,3,20,FALSE,FALSE,FALSE,"model","M2 invertebrate Mollusca Shannon diversity","Southern Yorke","Southern Yorke","gaussian","Gaussian (identity link)","location","Southern Yorke"
"Bloom","Fished",0.5505687934981383,0.21891292176360497,0.12150735109103805,0.9796302359052385,3,35,3,15,FALSE,FALSE,FALSE,"model","M2 invertebrate Mollusca Shannon diversity","Southern Yorke","Southern Yorke","gaussian","Gaussian (identity link)","location","Southern Yorke"
"Pre-bloom","Fished",4.611492954099236,0.44981887609014476,3.7298641573962676,5.493121750802205,3,26,3,12,FALSE,FALSE,FALSE,"model","M1 fish Simpson diversity","Southern Yorke","Southern Yorke","gaussian","Gaussian (identity link)","location","Southern Yorke"
"Bloom","Fished",4.0216561099371,0.4164513578339789,3.2054264472696996,4.837885772604501,3,26,3,14,FALSE,FALSE,FALSE,"model","M1 fish Simpson diversity","Southern Yorke","Southern Yorke","gaussian","Gaussian (identity link)","location","Southern Yorke"
"Pre-bloom","Fished",0.6169125632794152,0.1979370810339653,0.22896301324785717,1.0048621133109732,3,34,3,19,FALSE,FALSE,FALSE,"model","M2 fish Simpson diversity","Southern Yorke","Southern Yorke","gaussian","Gaussian (identity link)","location","Southern Yorke"
"Bloom","Fished",1.1062149609187868,0.21255937291642263,0.68960624542618,1.5228236764113936,3,34,3,15,FALSE,FALSE,FALSE,"model","M2 fish Simpson diversity","Southern Yorke","Southern Yorke","gaussian","Gaussian (identity link)","location","Southern Yorke"
"Pre-bloom","Fished",3.5894198090719995,0.2577983654073607,3.084144297600276,4.094695320543723,3,35,3,20,FALSE,FALSE,FALSE,"model","M2 invertebrate Simpson diversity","Southern Yorke","Southern Yorke","gaussian","Gaussian (identity link)","location","Southern Yorke"
"Bloom","Fished",4.090825347189282,0.2911695259544441,3.5201435629229714,4.661507131455593,3,35,3,15,FALSE,FALSE,FALSE,"model","M2 invertebrate Simpson diversity","Southern Yorke","Southern Yorke","gaussian","Gaussian (identity link)","location","Southern Yorke"
"Pre-bloom","Fished",2.4291093578768033,0.1357304950051187,2.1630824760629768,2.6951362396906298,3,35,3,20,FALSE,FALSE,FALSE,"model","M2 invertebrate Echinodermata Simpson diversity","Southern Yorke","Southern Yorke","gaussian","Gaussian (identity link)","location","Southern Yorke"
"Bloom","Fished",2.2750476053127686,0.15672807561984425,1.9678662217316039,2.5822289888939336,3,35,3,15,FALSE,FALSE,FALSE,"model","M2 invertebrate Echinodermata Simpson diversity","Southern Yorke","Southern Yorke","gaussian","Gaussian (identity link)","location","Southern Yorke"
"Pre-bloom","Fished",0.9902905724043615,0.1776742579376881,0.6420554258666131,1.3385257189421098,3,35,3,20,FALSE,FALSE,FALSE,"model","M2 invertebrate Arthropoda Simpson diversity","Southern Yorke","Southern Yorke","gaussian","Gaussian (identity link)","location","Southern Yorke"
"Bloom","Fished",1.1843926541246974,0.22067383956735298,0.7518798762425157,1.6169054320068792,3,35,3,15,FALSE,FALSE,FALSE,"model","M2 invertebrate Arthropoda Simpson diversity","Southern Yorke","Southern Yorke","gaussian","Gaussian (identity link)","location","Southern Yorke"
"Pre-bloom","Fished",2.2648723589618847,0.363701918738908,1.5520296971255116,2.9777150207982577,3,35,3,20,FALSE,FALSE,FALSE,"model","M2 invertebrate Mollusca Simpson diversity","Southern Yorke","Southern Yorke","gaussian","Gaussian (identity link)","location","Southern Yorke"
"Bloom","Fished",1.7429717198493488,0.3811395838994316,0.9959518623238809,2.4899915773748167,3,35,3,15,FALSE,FALSE,FALSE,"model","M2 invertebrate Mollusca Simpson diversity","Southern Yorke","Southern Yorke","gaussian","Gaussian (identity link)","location","Southern Yorke"
"Pre-bloom","Fished",3.7935360694701,2.0723490567876146,-0.268193445229175,7.855265584169375,3,26,3,12,FALSE,FALSE,FALSE,"model","M1 fish B20 biomass","Southern Yorke","Southern Yorke","tweedie","Tweedie (log link)","location","Southern Yorke"
"Bloom","Fished",5.204110663338191,2.7812459497415962,-0.24703123030323404,10.655252556979615,3,26,3,14,FALSE,FALSE,FALSE,"model","M1 fish B20 biomass","Southern Yorke","Southern Yorke","tweedie","Tweedie (log link)","location","Southern Yorke"
"Pre-bloom","Fished",2.220446049250313e-16,8.821425778884076e-11,-1.7289654614445487e-10,1.7289699023366472e-10,3,34,3,19,FALSE,FALSE,FALSE,"model","M2 fish B20 biomass","Southern Yorke","Southern Yorke","tweedie","Tweedie (log link)","location","Southern Yorke"
"Bloom","Fished",0.06904654607198736,0.04636398279128303,-0.02182519037876221,0.15991828252273693,3,34,3,15,FALSE,FALSE,FALSE,"model","M2 fish B20 biomass","Southern Yorke","Southern Yorke","tweedie","Tweedie (log link)","location","Southern Yorke"
"Pre-bloom","Fished",61.73639113940129,18.002333458641854,26.452465922782878,97.0203163560197,3,26,3,12,FALSE,FALSE,FALSE,"model","M1 fish total abundance","Southern Yorke","Southern Yorke","tweedie","Tweedie (log link)","location","Southern Yorke"
"Bloom","Fished",37.46822079122077,10.850017784062805,16.202576702838595,58.73386487960295,3,26,3,14,FALSE,FALSE,FALSE,"model","M1 fish total abundance","Southern Yorke","Southern Yorke","tweedie","Tweedie (log link)","location","Southern Yorke"
"Pre-bloom","Fished",1.2086124237353901,0.6433698779223905,-0.052369365730426276,2.4695942132012068,3,34,3,19,FALSE,FALSE,FALSE,"model","M2 fish total abundance","Southern Yorke","Southern Yorke","tweedie","Tweedie (log link)","location","Southern Yorke"
"Bloom","Fished",3.38842326143417,1.8117498016231761,-0.16254109874484213,6.939387621613182,3,34,3,15,FALSE,FALSE,FALSE,"model","M2 fish total abundance","Southern Yorke","Southern Yorke","tweedie","Tweedie (log link)","location","Southern Yorke"
"Pre-bloom","Fished",51.94845458120327,20.525460609482376,11.719291020522277,92.17761814188427,3,35,3,20,FALSE,FALSE,FALSE,"model","M2 invertebrate total abundance","Southern Yorke","Southern Yorke","tweedie","Tweedie (log link)","location","Southern Yorke"
"Bloom","Fished",27.743935517503285,11.431280116645679,5.339038191688932,50.148832843317635,3,35,3,15,FALSE,FALSE,FALSE,"model","M2 invertebrate total abundance","Southern Yorke","Southern Yorke","tweedie","Tweedie (log link)","location","Southern Yorke"
"Pre-bloom","Fished",41.80506204161017,17.749797204894634,7.016098787126978,76.59402529609336,3,35,3,20,FALSE,FALSE,FALSE,"model","M2 invertebrate Echinodermata abundance","Southern Yorke","Southern Yorke","tweedie","Tweedie (log link)","location","Southern Yorke"
"Bloom","Fished",14.091264209419506,6.415146326114562,1.517808454680523,26.66471996415849,3,35,3,15,FALSE,FALSE,FALSE,"model","M2 invertebrate Echinodermata abundance","Southern Yorke","Southern Yorke","tweedie","Tweedie (log link)","location","Southern Yorke"
"Pre-bloom","Fished",1.5571428775136955,0.6932166923652442,0.19846312699583502,2.915822628031556,3,35,3,20,FALSE,FALSE,FALSE,"model","M2 invertebrate Arthropoda abundance","Southern Yorke","Southern Yorke","tweedie","Tweedie (log link)","location","Southern Yorke"
"Bloom","Fished",2.6301166047779727,1.1982990225844652,0.2814936778028727,4.978739531753073,3,35,3,15,FALSE,FALSE,FALSE,"model","M2 invertebrate Arthropoda abundance","Southern Yorke","Southern Yorke","tweedie","Tweedie (log link)","location","Southern Yorke"
"Pre-bloom","Fished",7.019574704673854,4.120326379695012,-1.0561166040786745,15.095266013426382,3,35,3,20,FALSE,FALSE,FALSE,"model","M2 invertebrate Mollusca abundance","Southern Yorke","Southern Yorke","tweedie","Tweedie (log link)","location","Southern Yorke"
"Bloom","Fished",7.23143423185385,4.327682707065229,-1.2506680105108021,15.713536474218502,3,35,3,15,FALSE,FALSE,FALSE,"model","M2 invertebrate Mollusca abundance","Southern Yorke","Southern Yorke","tweedie","Tweedie (log link)","location","Southern Yorke"
"Pre-bloom","Fished",12.66599104622445,0.6055205261806161,11.4791926230107,13.8527894694382,3,72,3,60,FALSE,FALSE,FALSE,"model","M1 fish species richness","Sponge Gardens","Kangaroo Island","gaussian","Gaussian (identity link)","location","Sponge Gardens"
"Pre-bloom","No-take",13.277289830530849,0.5523247146205308,12.194753282103246,14.359826378958452,2,76,2,68,FALSE,FALSE,FALSE,"model","M1 fish species richness","Sponge Gardens","Kangaroo Island","gaussian","Gaussian (identity link)","location","Sponge Gardens"
"Bloom","Fished",9.66664684731996,1.5529528857714274,6.6229151215204185,12.710378573119502,3,72,3,12,FALSE,FALSE,FALSE,"model","M1 fish species richness","Sponge Gardens","Kangaroo Island","gaussian","Gaussian (identity link)","location","Sponge Gardens"
"Bloom","No-take",10.43748305761901,1.6330795182439153,7.236706017970915,13.638260097267105,2,76,2,8,FALSE,FALSE,FALSE,"model","M1 fish species richness","Sponge Gardens","Kangaroo Island","gaussian","Gaussian (identity link)","location","Sponge Gardens"
"Pre-bloom","Fished",1.2586732683802748,0.19889051514271838,0.8688550218339286,1.648491514926621,3,72,3,60,FALSE,FALSE,FALSE,"model","M2 fish species richness","Sponge Gardens","Kangaroo Island","gaussian","Gaussian (identity link)","location","Sponge Gardens"
"Pre-bloom","No-take",1.380469230657312,0.22643811125462754,0.9366586878709684,1.8242797734436558,2,76,2,68,FALSE,FALSE,FALSE,"model","M2 fish species richness","Sponge Gardens","Kangaroo Island","gaussian","Gaussian (identity link)","location","Sponge Gardens"
"Bloom","Fished",1.333334388121946,0.31636234260092333,0.7132755905594147,1.9533931856844773,3,72,3,12,FALSE,FALSE,FALSE,"model","M2 fish species richness","Sponge Gardens","Kangaroo Island","gaussian","Gaussian (identity link)","location","Sponge Gardens"
"Bloom","No-take",1.1875000284765214,0.3830269142165551,0.43678107150256074,1.938218985450482,2,76,2,8,FALSE,FALSE,FALSE,"model","M2 fish species richness","Sponge Gardens","Kangaroo Island","gaussian","Gaussian (identity link)","location","Sponge Gardens"
"Pre-bloom","Fished",4.624284237358928,0.3026464646816671,4.031108066534488,5.217460408183369,3,72,3,60,FALSE,FALSE,FALSE,"model","M2 invertebrate species richness","Sponge Gardens","Kangaroo Island","gaussian","Gaussian (identity link)","location","Sponge Gardens"
"Pre-bloom","No-take",5.461423047292121,0.270892523236542,4.93048345806732,5.992362636516923,2,76,2,68,FALSE,FALSE,FALSE,"model","M2 invertebrate species richness","Sponge Gardens","Kangaroo Island","gaussian","Gaussian (identity link)","location","Sponge Gardens"
"Bloom","Fished",4.999997304964634,0.6875596946525067,3.652405066224364,6.347589543704903,3,72,3,12,FALSE,FALSE,FALSE,"model","M2 invertebrate species richness","Sponge Gardens","Kangaroo Island","gaussian","Gaussian (identity link)","location","Sponge Gardens"
"Bloom","No-take",5.4375005639112866,0.793144529892034,3.882965850787948,6.992035277034625,2,76,2,8,FALSE,FALSE,FALSE,"model","M2 invertebrate species richness","Sponge Gardens","Kangaroo Island","gaussian","Gaussian (identity link)","location","Sponge Gardens"
"Pre-bloom","Fished",2.0792587074239477,0.21837828346368957,1.6512451368294374,2.507272278018458,3,72,3,60,FALSE,FALSE,FALSE,"model","M2 invertebrate Echinodermata species richness","Sponge Gardens","Kangaroo Island","gaussian","Gaussian (identity link)","location","Sponge Gardens"
"Pre-bloom","No-take",3.6270415991752865,0.22045502361924957,3.1949576926706307,4.059125505679942,2,76,2,68,FALSE,FALSE,FALSE,"model","M2 invertebrate Echinodermata species richness","Sponge Gardens","Kangaroo Island","gaussian","Gaussian (identity link)","location","Sponge Gardens"
"Bloom","Fished",1.4999989571627204,0.46834110950353197,0.5820672500562682,2.4179306642691722,3,72,3,12,FALSE,FALSE,FALSE,"model","M2 invertebrate Echinodermata species richness","Sponge Gardens","Kangaroo Island","gaussian","Gaussian (identity link)","location","Sponge Gardens"
"Bloom","No-take",2.1874934818032274,0.5265555835906937,1.1554635021069983,3.2195234614994566,2,76,2,8,FALSE,FALSE,FALSE,"model","M2 invertebrate Echinodermata species richness","Sponge Gardens","Kangaroo Island","gaussian","Gaussian (identity link)","location","Sponge Gardens"
"Pre-bloom","Fished",0.9831511602014952,0.10647562714277929,0.7744627657703325,1.191839554632658,3,72,3,60,FALSE,FALSE,FALSE,"model","M2 invertebrate Arthropoda species richness","Sponge Gardens","Kangaroo Island","gaussian","Gaussian (identity link)","location","Sponge Gardens"
"Pre-bloom","No-take",0.7606356240485719,0.1025594977572807,0.5596227021717853,0.9616485459253584,2,76,2,68,FALSE,FALSE,FALSE,"model","M2 invertebrate Arthropoda species richness","Sponge Gardens","Kangaroo Island","gaussian","Gaussian (identity link)","location","Sponge Gardens"
"Bloom","Fished",2.2083336175825115,0.21665200986393246,1.7837034810709875,2.6329637540940354,3,72,3,12,FALSE,FALSE,FALSE,"model","M2 invertebrate Arthropoda species richness","Sponge Gardens","Kangaroo Island","gaussian","Gaussian (identity link)","location","Sponge Gardens"
"Bloom","No-take",2.249998420597862,0.25541359738925984,1.7493969685530995,2.7505998726426246,2,76,2,8,FALSE,FALSE,FALSE,"model","M2 invertebrate Arthropoda species richness","Sponge Gardens","Kangaroo Island","gaussian","Gaussian (identity link)","location","Sponge Gardens"
"Pre-bloom","Fished",1.5666666666709315,0.1158923700529203,1.3395217952842193,1.7938115380576436,3,72,3,60,FALSE,FALSE,FALSE,"model","M2 invertebrate Mollusca species richness","Sponge Gardens","Kangaroo Island","gaussian","Gaussian (identity link)","location","Sponge Gardens"
"Pre-bloom","No-take",1.0808823529444735,0.10886192583242318,0.8675168990252536,1.2942478068636936,2,76,2,68,FALSE,FALSE,FALSE,"model","M2 invertebrate Mollusca species richness","Sponge Gardens","Kangaroo Island","gaussian","Gaussian (identity link)","location","Sponge Gardens"
"Bloom","Fished",1.2916666667106416,0.2591432174451304,0.7837552936803542,1.799578039740929,3,72,3,12,FALSE,FALSE,FALSE,"model","M2 invertebrate Mollusca species richness","Sponge Gardens","Kangaroo Island","gaussian","Gaussian (identity link)","location","Sponge Gardens"
"Bloom","No-take",1.000000000070526,0.317384326157647,0.3779381515440242,1.6220618485970277,2,76,2,8,FALSE,FALSE,FALSE,"model","M2 invertebrate Mollusca species richness","Sponge Gardens","Kangaroo Island","gaussian","Gaussian (identity link)","location","Sponge Gardens"
"Pre-bloom","Fished",1.9112286561034255,0.06479239709505866,1.784237891325093,2.038219420881758,3,72,3,60,FALSE,FALSE,FALSE,"model","M1 fish Shannon diversity","Sponge Gardens","Kangaroo Island","gaussian","Gaussian (identity link)","location","Sponge Gardens"
"Pre-bloom","No-take",1.8722176502398065,0.06279583566766071,1.7491400739520957,1.9952952265275172,2,76,2,68,FALSE,FALSE,FALSE,"model","M1 fish Shannon diversity","Sponge Gardens","Kangaroo Island","gaussian","Gaussian (identity link)","location","Sponge Gardens"
"Bloom","Fished",1.6904205134084307,0.11794842319351204,1.4592458519158584,1.921595174901003,3,72,3,12,FALSE,FALSE,FALSE,"model","M1 fish Shannon diversity","Sponge Gardens","Kangaroo Island","gaussian","Gaussian (identity link)","location","Sponge Gardens"
"Bloom","No-take",1.5635222611933346,0.13357589351553245,1.3017183207001337,1.8253262016865355,2,76,2,8,FALSE,FALSE,FALSE,"model","M1 fish Shannon diversity","Sponge Gardens","Kangaroo Island","gaussian","Gaussian (identity link)","location","Sponge Gardens"
"Pre-bloom","Fished",0.20461154618617272,0.0670777413929428,0.07314158889171327,0.33608150348063215,3,72,3,60,FALSE,FALSE,FALSE,"model","M2 fish Shannon diversity","Sponge Gardens","Kangaroo Island","gaussian","Gaussian (identity link)","location","Sponge Gardens"
"Pre-bloom","No-take",0.23333124467839605,0.07457984977131171,0.08715742515421734,0.3795050642025748,2,76,2,68,FALSE,FALSE,FALSE,"model","M2 fish Shannon diversity","Sponge Gardens","Kangaroo Island","gaussian","Gaussian (identity link)","location","Sponge Gardens"
"Bloom","Fished",0.2633203185150379,0.10743644464393837,0.05274875638588755,0.47389188064418825,3,72,3,12,FALSE,FALSE,FALSE,"model","M2 fish Shannon diversity","Sponge Gardens","Kangaroo Island","gaussian","Gaussian (identity link)","location","Sponge Gardens"
"Bloom","No-take",0.1462093381112,0.1255960529253596,-0.09995440222289129,0.39237307844529123,2,76,2,8,FALSE,FALSE,FALSE,"model","M2 fish Shannon diversity","Sponge Gardens","Kangaroo Island","gaussian","Gaussian (identity link)","location","Sponge Gardens"
"Pre-bloom","Fished",1.166426877993227,0.0663747280195599,1.036334801591248,1.296518954395206,3,72,3,60,FALSE,FALSE,FALSE,"model","M2 invertebrate Shannon diversity","Sponge Gardens","Kangaroo Island","gaussian","Gaussian (identity link)","location","Sponge Gardens"
"Pre-bloom","No-take",1.0494570123846816,0.06717575965872138,0.917794942819469,1.1811190819498942,2,76,2,68,FALSE,FALSE,FALSE,"model","M2 invertebrate Shannon diversity","Sponge Gardens","Kangaroo Island","gaussian","Gaussian (identity link)","location","Sponge Gardens"
"Bloom","Fished",1.3612871624660001,0.13542532316832318,1.095858406461389,1.6267159184706113,3,72,3,12,FALSE,FALSE,FALSE,"model","M2 invertebrate Shannon diversity","Sponge Gardens","Kangaroo Island","gaussian","Gaussian (identity link)","location","Sponge Gardens"
"Bloom","No-take",1.3985035727246935,0.15751152886946715,1.0897866489906969,1.7072204964586901,2,76,2,8,FALSE,FALSE,FALSE,"model","M2 invertebrate Shannon diversity","Sponge Gardens","Kangaroo Island","gaussian","Gaussian (identity link)","location","Sponge Gardens"
"Pre-bloom","Fished",0.5101142944572958,0.06990529743955484,0.3731024291472083,0.6471261597673834,3,72,3,60,FALSE,FALSE,FALSE,"model","M2 invertebrate Echinodermata Shannon diversity","Sponge Gardens","Kangaroo Island","gaussian","Gaussian (identity link)","location","Sponge Gardens"
"Pre-bloom","No-take",0.7413359669689825,0.07165124172329358,0.6009021137437535,0.8817698201942116,2,76,2,68,FALSE,FALSE,FALSE,"model","M2 invertebrate Echinodermata Shannon diversity","Sponge Gardens","Kangaroo Island","gaussian","Gaussian (identity link)","location","Sponge Gardens"
"Bloom","Fished",0.41164334096331096,0.1436241569509786,0.1301451660294649,0.693141515897157,3,72,3,12,FALSE,FALSE,FALSE,"model","M2 invertebrate Echinodermata Shannon diversity","Sponge Gardens","Kangaroo Island","gaussian","Gaussian (identity link)","location","Sponge Gardens"
"Bloom","No-take",0.5897182808947342,0.16013137009904752,0.27586656270554705,0.9035699990839214,2,76,2,8,FALSE,FALSE,FALSE,"model","M2 invertebrate Echinodermata Shannon diversity","Sponge Gardens","Kangaroo Island","gaussian","Gaussian (identity link)","location","Sponge Gardens"
"Pre-bloom","Fished",0.1999690998163067,0.02959767477850454,0.1419587232243083,0.2579794764083051,3,72,3,60,FALSE,FALSE,FALSE,"model","M2 invertebrate Arthropoda Shannon diversity","Sponge Gardens","Kangaroo Island","gaussian","Gaussian (identity link)","location","Sponge Gardens"
"Pre-bloom","No-take",0.13225013982808634,0.027802174414624976,0.07775887928352043,0.18674140037265224,2,76,2,68,FALSE,FALSE,FALSE,"model","M2 invertebrate Arthropoda Shannon diversity","Sponge Gardens","Kangaroo Island","gaussian","Gaussian (identity link)","location","Sponge Gardens"
"Bloom","Fished",0.6235643177629364,0.06618241269766997,0.49384917246553695,0.7532794630603359,3,72,3,12,FALSE,FALSE,FALSE,"model","M2 invertebrate Arthropoda Shannon diversity","Sponge Gardens","Kangaroo Island","gaussian","Gaussian (identity link)","location","Sponge Gardens"
"Bloom","No-take",0.6011533612841643,0.08105657052736552,0.4422854023401971,0.7600213202281315,2,76,2,8,FALSE,FALSE,FALSE,"model","M2 invertebrate Arthropoda Shannon diversity","Sponge Gardens","Kangaroo Island","gaussian","Gaussian (identity link)","location","Sponge Gardens"
"Pre-bloom","Fished",0.3606438989968767,0.04341660322331125,0.27554892034812106,0.44573887764563236,3,72,3,60,FALSE,FALSE,FALSE,"model","M2 invertebrate Mollusca Shannon diversity","Sponge Gardens","Kangaroo Island","gaussian","Gaussian (identity link)","location","Sponge Gardens"
"Pre-bloom","No-take",0.25280273555580346,0.04078279738809106,0.17286992148635083,0.3327355496252561,2,76,2,68,FALSE,FALSE,FALSE,"model","M2 invertebrate Mollusca Shannon diversity","Sponge Gardens","Kangaroo Island","gaussian","Gaussian (identity link)","location","Sponge Gardens"
"Bloom","Fished",0.23618009535453605,0.09708247611364734,0.045901938641817214,0.42645825206725485,3,72,3,12,FALSE,FALSE,FALSE,"model","M2 invertebrate Mollusca Shannon diversity","Sponge Gardens","Kangaroo Island","gaussian","Gaussian (identity link)","location","Sponge Gardens"
"Bloom","No-take",0.20042873806624648,0.11890126472040441,-0.03261345850200906,0.43347093463450204,2,76,2,8,FALSE,FALSE,FALSE,"model","M2 invertebrate Mollusca Shannon diversity","Sponge Gardens","Kangaroo Island","gaussian","Gaussian (identity link)","location","Sponge Gardens"
"Pre-bloom","Fished",5.504734546325675,0.3322719714968741,4.853493449119683,6.155975643531668,3,72,3,60,FALSE,FALSE,FALSE,"model","M1 fish Simpson diversity","Sponge Gardens","Kangaroo Island","gaussian","Gaussian (identity link)","location","Sponge Gardens"
"Pre-bloom","No-take",5.023146453336332,0.33112214674422724,4.37415897123406,5.672133935438604,2,76,2,68,FALSE,FALSE,FALSE,"model","M1 fish Simpson diversity","Sponge Gardens","Kangaroo Island","gaussian","Gaussian (identity link)","location","Sponge Gardens"
"Bloom","Fished",4.271266086539943,0.5440316261959457,3.2049836927451323,5.337548480334753,3,72,3,12,FALSE,FALSE,FALSE,"model","M1 fish Simpson diversity","Sponge Gardens","Kangaroo Island","gaussian","Gaussian (identity link)","location","Sponge Gardens"
"Bloom","No-take",3.3685013137574784,0.6438198542240855,2.1066375869464435,4.630365040568513,2,76,2,8,FALSE,FALSE,FALSE,"model","M1 fish Simpson diversity","Sponge Gardens","Kangaroo Island","gaussian","Gaussian (identity link)","location","Sponge Gardens"
"Pre-bloom","Fished",1.016123049830065,0.14047930058704783,0.7407886801060749,1.2914574195540554,3,72,3,60,FALSE,FALSE,FALSE,"model","M2 fish Simpson diversity","Sponge Gardens","Kangaroo Island","gaussian","Gaussian (identity link)","location","Sponge Gardens"
"Pre-bloom","No-take",1.1211427950477297,0.1622579323451986,0.8031230914452039,1.4391624986502556,2,76,2,68,FALSE,FALSE,FALSE,"model","M2 fish Simpson diversity","Sponge Gardens","Kangaroo Island","gaussian","Gaussian (identity link)","location","Sponge Gardens"
"Bloom","Fished",1.116145244067034,0.20968613293376076,0.7051679754593849,1.5271225126746832,3,72,3,12,FALSE,FALSE,FALSE,"model","M2 fish Simpson diversity","Sponge Gardens","Kangaroo Island","gaussian","Gaussian (identity link)","location","Sponge Gardens"
"Bloom","No-take",0.8264269259195759,0.2539914445257216,0.32861284226785864,1.324241009571293,2,76,2,8,FALSE,FALSE,FALSE,"model","M2 fish Simpson diversity","Sponge Gardens","Kangaroo Island","gaussian","Gaussian (identity link)","location","Sponge Gardens"
"Pre-bloom","Fished",3.2191664680022134,0.2136924976389619,2.800336868863438,3.637996067140989,3,72,3,60,FALSE,FALSE,FALSE,"model","M2 invertebrate Simpson diversity","Sponge Gardens","Kangaroo Island","gaussian","Gaussian (identity link)","location","Sponge Gardens"
"Pre-bloom","No-take",2.2894930082566916,0.2416912450435942,1.8157868725926023,2.763199143920781,2,76,2,68,FALSE,FALSE,FALSE,"model","M2 invertebrate Simpson diversity","Sponge Gardens","Kangaroo Island","gaussian","Gaussian (identity link)","location","Sponge Gardens"
"Bloom","Fished",3.747611078536022,0.3494332944450587,3.062734406424527,4.4324877506475175,3,72,3,12,FALSE,FALSE,FALSE,"model","M2 invertebrate Simpson diversity","Sponge Gardens","Kangaroo Island","gaussian","Gaussian (identity link)","location","Sponge Gardens"
"Bloom","No-take",3.874217809703826,0.42513592324361066,3.0409667116121644,4.707468907795487,2,76,2,8,FALSE,FALSE,FALSE,"model","M2 invertebrate Simpson diversity","Sponge Gardens","Kangaroo Island","gaussian","Gaussian (identity link)","location","Sponge Gardens"
"Pre-bloom","Fished",1.5581581570013252,0.13379305226106838,1.295928593187946,1.8203877208147043,3,72,3,60,FALSE,FALSE,FALSE,"model","M2 invertebrate Echinodermata Simpson diversity","Sponge Gardens","Kangaroo Island","gaussian","Gaussian (identity link)","location","Sponge Gardens"
"Pre-bloom","No-take",1.7924575774256888,0.1451865141238332,1.50789723870206,2.077017916149318,2,76,2,68,FALSE,FALSE,FALSE,"model","M2 invertebrate Echinodermata Simpson diversity","Sponge Gardens","Kangaroo Island","gaussian","Gaussian (identity link)","location","Sponge Gardens"
"Bloom","Fished",1.381917754694022,0.24342318844492716,0.9048170723400581,1.8590184370479859,3,72,3,12,FALSE,FALSE,FALSE,"model","M2 invertebrate Echinodermata Simpson diversity","Sponge Gardens","Kangaroo Island","gaussian","Gaussian (identity link)","location","Sponge Gardens"
"Bloom","No-take",2.016697234510638,0.2866128586696607,1.4549463540120349,2.5784481150092415,2,76,2,8,FALSE,FALSE,FALSE,"model","M2 invertebrate Echinodermata Simpson diversity","Sponge Gardens","Kangaroo Island","gaussian","Gaussian (identity link)","location","Sponge Gardens"
"Pre-bloom","Fished",0.9451693167378798,0.09056744339036507,0.7676603895208942,1.1226782439548655,3,72,3,60,FALSE,FALSE,FALSE,"model","M2 invertebrate Arthropoda Simpson diversity","Sponge Gardens","Kangaroo Island","gaussian","Gaussian (identity link)","location","Sponge Gardens"
"Pre-bloom","No-take",0.7245906045414398,0.07955633280709061,0.5686630574974598,0.8805181515854197,2,76,2,68,FALSE,FALSE,FALSE,"model","M2 invertebrate Arthropoda Simpson diversity","Sponge Gardens","Kangaroo Island","gaussian","Gaussian (identity link)","location","Sponge Gardens"
"Bloom","Fished",1.787739409949336,0.19683048885366541,1.4019587407367393,2.173520079161933,3,72,3,12,FALSE,FALSE,FALSE,"model","M2 invertebrate Arthropoda Simpson diversity","Sponge Gardens","Kangaroo Island","gaussian","Gaussian (identity link)","location","Sponge Gardens"
"Bloom","No-take",1.7982536029886433,0.23223498662935388,1.3430813932449688,2.253425812732318,2,76,2,8,FALSE,FALSE,FALSE,"model","M2 invertebrate Arthropoda Simpson diversity","Sponge Gardens","Kangaroo Island","gaussian","Gaussian (identity link)","location","Sponge Gardens"
"Pre-bloom","Fished",1.4147123368486412,0.1001193488331304,1.2184820189801033,1.610942654717179,3,72,3,60,FALSE,FALSE,FALSE,"model","M2 invertebrate Mollusca Simpson diversity","Sponge Gardens","Kangaroo Island","gaussian","Gaussian (identity link)","location","Sponge Gardens"
"Pre-bloom","No-take",0.9943610718105071,0.09404575231663652,0.8100347843709252,1.178687359250089,2,76,2,68,FALSE,FALSE,FALSE,"model","M2 invertebrate Mollusca Simpson diversity","Sponge Gardens","Kangaroo Island","gaussian","Gaussian (identity link)","location","Sponge Gardens"
"Bloom","Fished",1.1927125514712766,0.2238736698150405,0.7539282215469856,1.6314968813955677,3,72,3,12,FALSE,FALSE,FALSE,"model","M2 invertebrate Mollusca Simpson diversity","Sponge Gardens","Kangaroo Island","gaussian","Gaussian (identity link)","location","Sponge Gardens"
"Bloom","No-take",0.8964102573893435,0.2741881287306174,0.35901140008890153,1.4338091146897856,2,76,2,8,FALSE,FALSE,FALSE,"model","M2 invertebrate Mollusca Simpson diversity","Sponge Gardens","Kangaroo Island","gaussian","Gaussian (identity link)","location","Sponge Gardens"
"Pre-bloom","Fished",10.10828826403718,1.2660991675935156,7.626779494697748,12.589797033376612,3,72,3,60,FALSE,FALSE,FALSE,"model","M1 fish B20 biomass","Sponge Gardens","Kangaroo Island","tweedie","Tweedie (log link)","location","Sponge Gardens"
"Pre-bloom","No-take",10.884262950679675,1.2411513432518786,8.451651018542483,13.316874882816867,2,76,2,68,FALSE,FALSE,FALSE,"model","M1 fish B20 biomass","Sponge Gardens","Kangaroo Island","tweedie","Tweedie (log link)","location","Sponge Gardens"
"Bloom","Fished",10.553086157753864,3.219388541758128,4.243200563667011,16.862971751840718,3,72,3,12,FALSE,FALSE,FALSE,"model","M1 fish B20 biomass","Sponge Gardens","Kangaroo Island","tweedie","Tweedie (log link)","location","Sponge Gardens"
"Bloom","No-take",12.889359420588924,4.137109700023534,4.780773408451493,20.997945432726354,2,76,2,8,FALSE,FALSE,FALSE,"model","M1 fish B20 biomass","Sponge Gardens","Kangaroo Island","tweedie","Tweedie (log link)","location","Sponge Gardens"
"Pre-bloom","Fished",0.12227606049026929,0.04537229190532678,0.033348002459790596,0.211204118520748,3,72,3,60,FALSE,FALSE,FALSE,"model","M2 fish B20 biomass","Sponge Gardens","Kangaroo Island","tweedie","Tweedie (log link)","location","Sponge Gardens"
"Pre-bloom","No-take",0.2482757726401916,0.10092047694902288,0.050475272517502084,0.4460762727628811,2,76,2,68,FALSE,FALSE,FALSE,"model","M2 fish B20 biomass","Sponge Gardens","Kangaroo Island","tweedie","Tweedie (log link)","location","Sponge Gardens"
"Bloom","Fished",0.08877983300146736,0.04924612565267682,-0.007740799655913247,0.18530046565884795,3,72,3,12,FALSE,FALSE,FALSE,"model","M2 fish B20 biomass","Sponge Gardens","Kangaroo Island","tweedie","Tweedie (log link)","location","Sponge Gardens"
"Bloom","No-take",0.10708168304280904,0.0715214066482411,-0.03309769811138705,0.24726106419700514,2,76,2,8,FALSE,FALSE,FALSE,"model","M2 fish B20 biomass","Sponge Gardens","Kangaroo Island","tweedie","Tweedie (log link)","location","Sponge Gardens"
"Pre-bloom","Fished",94.00765116530182,13.094936983814751,68.34204629720335,119.67325603340029,3,72,3,60,FALSE,FALSE,FALSE,"model","M1 fish total abundance","Sponge Gardens","Kangaroo Island","tweedie","Tweedie (log link)","location","Sponge Gardens"
"Pre-bloom","No-take",91.17135495058884,12.633558468855092,66.41003535505187,115.9326745461258,2,76,2,68,FALSE,FALSE,FALSE,"model","M1 fish total abundance","Sponge Gardens","Kangaroo Island","tweedie","Tweedie (log link)","location","Sponge Gardens"
"Bloom","Fished",58.71129907286704,18.85273375777514,21.7606198975053,95.66197824822879,3,72,3,12,FALSE,FALSE,FALSE,"model","M1 fish total abundance","Sponge Gardens","Kangaroo Island","tweedie","Tweedie (log link)","location","Sponge Gardens"
"Bloom","No-take",82.4089639367812,27.970015532926432,27.588740845219526,137.2291870283429,2,76,2,8,FALSE,FALSE,FALSE,"model","M1 fish total abundance","Sponge Gardens","Kangaroo Island","tweedie","Tweedie (log link)","location","Sponge Gardens"
"Pre-bloom","Fished",8.582717084376098,3.7062758756531524,1.318549851326269,15.846884317425927,3,72,3,60,FALSE,FALSE,FALSE,"model","M2 fish total abundance","Sponge Gardens","Kangaroo Island","tweedie","Tweedie (log link)","location","Sponge Gardens"
"Pre-bloom","No-take",4.205783413370957,1.9412253335101064,0.40105167381439477,8.01051515292752,2,76,2,68,FALSE,FALSE,FALSE,"model","M2 fish total abundance","Sponge Gardens","Kangaroo Island","tweedie","Tweedie (log link)","location","Sponge Gardens"
"Bloom","Fished",2.53676811114482,2.512188777257126,-2.387031414644862,7.460567636934502,3,72,3,12,FALSE,FALSE,FALSE,"model","M2 fish total abundance","Sponge Gardens","Kangaroo Island","tweedie","Tweedie (log link)","location","Sponge Gardens"
"Bloom","No-take",6.596515081764538,6.621668191629185,-6.381716091403131,19.574746254932208,2,76,2,8,FALSE,FALSE,FALSE,"model","M2 fish total abundance","Sponge Gardens","Kangaroo Island","tweedie","Tweedie (log link)","location","Sponge Gardens"
"Pre-bloom","Fished",10.650328454824443,0.9092677495775088,8.868196413348741,12.432460496300145,3,72,3,60,FALSE,FALSE,FALSE,"model","M2 invertebrate total abundance","Sponge Gardens","Kangaroo Island","tweedie","Tweedie (log link)","location","Sponge Gardens"
"Pre-bloom","No-take",26.40834582263737,1.8641864993723227,22.754607423401815,30.062084221872922,2,76,2,68,FALSE,FALSE,FALSE,"model","M2 invertebrate total abundance","Sponge Gardens","Kangaroo Island","tweedie","Tweedie (log link)","location","Sponge Gardens"
"Bloom","Fished",10.33791346576027,1.97173454006968,6.47338478015005,14.20244215137049,3,72,3,12,FALSE,FALSE,FALSE,"model","M2 invertebrate total abundance","Sponge Gardens","Kangaroo Island","tweedie","Tweedie (log link)","location","Sponge Gardens"
"Bloom","No-take",11.880240639222945,2.702085179132825,6.584251004963149,17.17623027348274,2,76,2,8,FALSE,FALSE,FALSE,"model","M2 invertebrate total abundance","Sponge Gardens","Kangaroo Island","tweedie","Tweedie (log link)","location","Sponge Gardens"
"Pre-bloom","Fished",6.48333332293192,0.6910680249099073,5.128864883241274,7.837801762622567,3,72,3,60,FALSE,FALSE,FALSE,"model","M2 invertebrate Echinodermata abundance","Sponge Gardens","Kangaroo Island","tweedie","Tweedie (log link)","location","Sponge Gardens"
"Pre-bloom","No-take",22.52941176315931,1.6824200590577933,19.231929040538283,25.826894485780336,2,76,2,68,FALSE,FALSE,FALSE,"model","M2 invertebrate Echinodermata abundance","Sponge Gardens","Kangaroo Island","tweedie","Tweedie (log link)","location","Sponge Gardens"
"Bloom","Fished",1.999999995845666,0.6287678456609417,0.7676376637133813,3.2323623279779508,3,72,3,12,FALSE,FALSE,FALSE,"model","M2 invertebrate Echinodermata abundance","Sponge Gardens","Kangaroo Island","tweedie","Tweedie (log link)","location","Sponge Gardens"
"Bloom","No-take",3.625000008195761,1.2134062016469238,1.2467675543502446,6.003232462041277,2,76,2,8,FALSE,FALSE,FALSE,"model","M2 invertebrate Echinodermata abundance","Sponge Gardens","Kangaroo Island","tweedie","Tweedie (log link)","location","Sponge Gardens"
"Pre-bloom","Fished",1.0957624795973369,0.2369595627316649,0.6313302708509141,1.5601946883437596,3,72,3,60,FALSE,FALSE,FALSE,"model","M2 invertebrate Arthropoda abundance","Sponge Gardens","Kangaroo Island","tweedie","Tweedie (log link)","location","Sponge Gardens"
"Pre-bloom","No-take",1.2931425983675833,0.28283008627419026,0.7388058155258143,1.8474793812093524,2,76,2,68,FALSE,FALSE,FALSE,"model","M2 invertebrate Arthropoda abundance","Sponge Gardens","Kangaroo Island","tweedie","Tweedie (log link)","location","Sponge Gardens"
"Bloom","Fished",5.974167938454044,2.670840005311522,0.7394177195746954,11.208918157333393,3,72,3,12,FALSE,FALSE,FALSE,"model","M2 invertebrate Arthropoda abundance","Sponge Gardens","Kangaroo Island","tweedie","Tweedie (log link)","location","Sponge Gardens"
"Bloom","No-take",6.252928399810267,2.861846027033458,0.6438132575256494,11.862043542094884,2,76,2,8,FALSE,FALSE,FALSE,"model","M2 invertebrate Arthropoda abundance","Sponge Gardens","Kangaroo Island","tweedie","Tweedie (log link)","location","Sponge Gardens"
"Pre-bloom","Fished",2.6781834664507143,0.42999928986487934,1.8354003449377518,3.5209665879636765,3,72,3,60,FALSE,FALSE,FALSE,"model","M2 invertebrate Mollusca abundance","Sponge Gardens","Kangaroo Island","tweedie","Tweedie (log link)","location","Sponge Gardens"
"Pre-bloom","No-take",1.6311154515737505,0.25071566418973523,1.139721779401831,2.12250912374567,2,76,2,68,FALSE,FALSE,FALSE,"model","M2 invertebrate Mollusca abundance","Sponge Gardens","Kangaroo Island","tweedie","Tweedie (log link)","location","Sponge Gardens"
"Bloom","Fished",2.2563316936597144,0.8488503737055999,0.5926155329333733,3.9200478543860555,3,72,3,12,FALSE,FALSE,FALSE,"model","M2 invertebrate Mollusca abundance","Sponge Gardens","Kangaroo Island","tweedie","Tweedie (log link)","location","Sponge Gardens"
"Bloom","No-take",1.8802775852189737,0.8225603267628696,0.26808896965225126,3.492466200785696,2,76,2,8,FALSE,FALSE,FALSE,"model","M2 invertebrate Mollusca abundance","Sponge Gardens","Kangaroo Island","tweedie","Tweedie (log link)","location","Sponge Gardens"
"Pre-bloom","Fished",3.5333473508120483,0.6246343916684245,2.3090864396368507,4.7576082619872455,5,92,5,72,FALSE,FALSE,FALSE,"model","M1 fish species richness","Upper GSV","Upper Gulf St Vincent","gaussian","Gaussian (identity link)","location","Upper GSV"
"Bloom","Fished",0.924996916692697,0.809414203948365,-0.6614257716212562,2.51141960500665,5,92,5,20,FALSE,FALSE,FALSE,"model","M1 fish species richness","Upper GSV","Upper Gulf St Vincent","gaussian","Gaussian (identity link)","location","Upper GSV"
"Pre-bloom","Fished",1.5650210865589504,0.21539946183315464,1.1428458990766575,1.9871962740412434,5,92,5,72,FALSE,FALSE,FALSE,"model","M2 fish species richness","Upper GSV","Upper Gulf St Vincent","gaussian","Gaussian (identity link)","location","Upper GSV"
"Bloom","Fished",0.37499866564559325,0.48108560250155474,-0.5679117887382064,1.3179091200293929,5,92,5,20,FALSE,FALSE,FALSE,"model","M2 fish species richness","Upper GSV","Upper Gulf St Vincent","gaussian","Gaussian (identity link)","location","Upper GSV"
"Pre-bloom","Fished",5.21958215257407,0.8641345704472998,3.5259095167013723,6.913254788446768,5,92,5,72,FALSE,FALSE,FALSE,"model","M2 invertebrate species richness","Upper GSV","Upper Gulf St Vincent","gaussian","Gaussian (identity link)","location","Upper GSV"
"Bloom","Fished",1.5749994009838155,1.774737138011618,-1.9034214715446462,5.053420273512277,5,92,5,20,FALSE,FALSE,FALSE,"model","M2 invertebrate species richness","Upper GSV","Upper Gulf St Vincent","gaussian","Gaussian (identity link)","location","Upper GSV"
"Pre-bloom","Fished",1.7332339993245345,0.24021136467416535,1.2624283758859534,2.2040396227631156,5,92,5,72,FALSE,FALSE,FALSE,"model","M2 invertebrate Echinodermata species richness","Upper GSV","Upper Gulf St Vincent","gaussian","Gaussian (identity link)","location","Upper GSV"
"Bloom","Fished",0.024999701226553928,0.45193473084739666,-0.8607760945971463,0.9107754970502542,5,92,5,20,FALSE,FALSE,FALSE,"model","M2 invertebrate Echinodermata species richness","Upper GSV","Upper Gulf St Vincent","gaussian","Gaussian (identity link)","location","Upper GSV"
"Pre-bloom","Fished",1.3042471271016924,0.18113146974102246,0.9492359699424819,1.659258284260903,5,92,5,72,FALSE,FALSE,FALSE,"model","M2 invertebrate Arthropoda species richness","Upper GSV","Upper Gulf St Vincent","gaussian","Gaussian (identity link)","location","Upper GSV"
"Bloom","Fished",0.9499999805150606,0.2692468634380707,0.42228582522606795,1.4777141358040533,5,92,5,20,FALSE,FALSE,FALSE,"model","M2 invertebrate Arthropoda species richness","Upper GSV","Upper Gulf St Vincent","gaussian","Gaussian (identity link)","location","Upper GSV"
"Pre-bloom","Fished",2.034845695043031,0.36933651041706095,1.310959436449889,2.7587319536361727,5,92,5,72,FALSE,FALSE,FALSE,"model","M2 invertebrate Mollusca species richness","Upper GSV","Upper Gulf St Vincent","gaussian","Gaussian (identity link)","location","Upper GSV"
"Bloom","Fished",0.5999992351781747,0.6968975040205992,-0.765894773618057,1.9658932439744063,5,92,5,20,FALSE,FALSE,FALSE,"model","M2 invertebrate Mollusca species richness","Upper GSV","Upper Gulf St Vincent","gaussian","Gaussian (identity link)","location","Upper GSV"
"Pre-bloom","Fished",0.7396639626653335,0.14813006631141654,0.4493343676674272,1.0299935576632397,5,92,5,72,FALSE,FALSE,FALSE,"model","M1 fish Shannon diversity","Upper GSV","Upper Gulf St Vincent","gaussian","Gaussian (identity link)","location","Upper GSV"
"Bloom","Fished",0.18494604186030628,0.1884955687262326,-0.1844984840885041,0.5543905678091167,5,92,5,20,FALSE,FALSE,FALSE,"model","M1 fish Shannon diversity","Upper GSV","Upper Gulf St Vincent","gaussian","Gaussian (identity link)","location","Upper GSV"
"Pre-bloom","Fished",0.3443340987994861,0.05215979203791978,0.2421027849640643,0.44656541263490795,5,92,5,72,FALSE,FALSE,FALSE,"model","M2 fish Shannon diversity","Upper GSV","Upper Gulf St Vincent","gaussian","Gaussian (identity link)","location","Upper GSV"
"Bloom","Fished",-2.3503421431314564e-13,0.12944715726104136,-0.2537117661329686,0.2537117661324985,5,92,5,20,FALSE,FALSE,FALSE,"model","M2 fish Shannon diversity","Upper GSV","Upper Gulf St Vincent","gaussian","Gaussian (identity link)","location","Upper GSV"
"Pre-bloom","Fished",1.2737937346871582,0.13610813258174595,1.0070266968239334,1.540560772550383,5,92,5,72,FALSE,FALSE,FALSE,"model","M2 invertebrate Shannon diversity","Upper GSV","Upper Gulf St Vincent","gaussian","Gaussian (identity link)","location","Upper GSV"
"Bloom","Fished",0.34945112982183413,0.14650697822484193,0.06230272901735007,0.6365995306263181,5,92,5,20,FALSE,FALSE,FALSE,"model","M2 invertebrate Shannon diversity","Upper GSV","Upper Gulf St Vincent","gaussian","Gaussian (identity link)","location","Upper GSV"
"Pre-bloom","Fished",0.39659558554360097,0.09557101923195008,0.209279829883194,0.583911341204008,5,92,5,72,FALSE,FALSE,FALSE,"model","M2 invertebrate Echinodermata Shannon diversity","Upper GSV","Upper Gulf St Vincent","gaussian","Gaussian (identity link)","location","Upper GSV"
"Bloom","Fished",-1.1341248867813292e-7,0.11926706571642702,-0.2337592667584574,0.23375903993348005,5,92,5,20,FALSE,FALSE,FALSE,"model","M2 invertebrate Echinodermata Shannon diversity","Upper GSV","Upper Gulf St Vincent","gaussian","Gaussian (identity link)","location","Upper GSV"
"Pre-bloom","Fished",0.2772113675566294,0.07484122649615024,0.13052525906537013,0.42389747604788863,5,92,5,72,FALSE,FALSE,FALSE,"model","M2 invertebrate Arthropoda Shannon diversity","Upper GSV","Upper Gulf St Vincent","gaussian","Gaussian (identity link)","location","Upper GSV"
"Bloom","Fished",0.1283527254599641,0.15863329751955382,-0.18256282442718844,0.43926827534711665,5,92,5,20,FALSE,FALSE,FALSE,"model","M2 invertebrate Arthropoda Shannon diversity","Upper GSV","Upper Gulf St Vincent","gaussian","Gaussian (identity link)","location","Upper GSV"
"Pre-bloom","Fished",0.4741249694008466,0.07974027550962993,0.3178369012846707,0.6304130375170225,5,92,5,72,FALSE,FALSE,FALSE,"model","M2 invertebrate Mollusca Shannon diversity","Upper GSV","Upper Gulf St Vincent","gaussian","Gaussian (identity link)","location","Upper GSV"
"Bloom","Fished",0.13217293110466388,0.09827112075122194,-0.06043492628811781,0.32478078849744557,5,92,5,20,FALSE,FALSE,FALSE,"model","M2 invertebrate Mollusca Shannon diversity","Upper GSV","Upper Gulf St Vincent","gaussian","Gaussian (identity link)","location","Upper GSV"
"Pre-bloom","Fished",2.1224306599788445,0.3343684602871688,1.4670805202498824,2.7777807997078066,5,92,5,72,FALSE,FALSE,FALSE,"model","M1 fish Simpson diversity","Upper GSV","Upper Gulf St Vincent","gaussian","Gaussian (identity link)","location","Upper GSV"
"Bloom","Fished",0.7224143516500483,0.38857694178051233,-0.03918245946247312,1.4840111627625698,5,92,5,20,FALSE,FALSE,FALSE,"model","M1 fish Simpson diversity","Upper GSV","Upper Gulf St Vincent","gaussian","Gaussian (identity link)","location","Upper GSV"
"Pre-bloom","Fished",1.2862041246654334,0.1379775264195716,1.0157731422071494,1.5566351071237174,5,92,5,72,FALSE,FALSE,FALSE,"model","M2 fish Simpson diversity","Upper GSV","Upper Gulf St Vincent","gaussian","Gaussian (identity link)","location","Upper GSV"
"Bloom","Fished",0.37499979941483796,0.2894581702181697,-0.19232778924363902,0.942327388073315,5,92,5,20,FALSE,FALSE,FALSE,"model","M2 fish Simpson diversity","Upper GSV","Upper Gulf St Vincent","gaussian","Gaussian (identity link)","location","Upper GSV"
"Pre-bloom","Fished",3.4401357055235353,0.34963910858741803,2.754855645105507,4.125415765941564,5,92,5,72,FALSE,FALSE,FALSE,"model","M2 invertebrate Simpson diversity","Upper GSV","Upper Gulf St Vincent","gaussian","Gaussian (identity link)","location","Upper GSV"
"Bloom","Fished",1.2361772155032145,0.38683707556716035,0.4779904795067811,1.9943639514996478,5,92,5,20,FALSE,FALSE,FALSE,"model","M2 invertebrate Simpson diversity","Upper GSV","Upper Gulf St Vincent","gaussian","Gaussian (identity link)","location","Upper GSV"
"Pre-bloom","Fished",1.530370123757523,0.18439146189073932,1.168969499394984,1.8917707481200619,5,92,5,72,FALSE,FALSE,FALSE,"model","M2 invertebrate Echinodermata Simpson diversity","Upper GSV","Upper Gulf St Vincent","gaussian","Gaussian (identity link)","location","Upper GSV"
"Bloom","Fished",0.024999996932582036,0.3293907450658036,-0.6205940002372075,0.6705939941023715,5,92,5,20,FALSE,FALSE,FALSE,"model","M2 invertebrate Echinodermata Simpson diversity","Upper GSV","Upper Gulf St Vincent","gaussian","Gaussian (identity link)","location","Upper GSV"
"Pre-bloom","Fished",1.1947480909955088,0.16264438629156489,0.8759709515764216,1.513525230414596,5,92,5,72,FALSE,FALSE,FALSE,"model","M2 invertebrate Arthropoda Simpson diversity","Upper GSV","Upper Gulf St Vincent","gaussian","Gaussian (identity link)","location","Upper GSV"
"Bloom","Fished",0.8957495942638448,0.2529525499064855,0.39997170664956266,1.391527481878127,5,92,5,20,FALSE,FALSE,FALSE,"model","M2 invertebrate Arthropoda Simpson diversity","Upper GSV","Upper Gulf St Vincent","gaussian","Gaussian (identity link)","location","Upper GSV"
"Pre-bloom","Fished",1.5454025177521638,0.1916649313532367,1.1697461552004782,1.9210588803038493,5,92,5,72,FALSE,FALSE,FALSE,"model","M2 invertebrate Mollusca Simpson diversity","Upper GSV","Upper Gulf St Vincent","gaussian","Gaussian (identity link)","location","Upper GSV"
"Bloom","Fished",0.4969776365979295,0.22378061804922614,0.05837568478333238,0.9355795884125266,5,92,5,20,FALSE,FALSE,FALSE,"model","M2 invertebrate Mollusca Simpson diversity","Upper GSV","Upper Gulf St Vincent","gaussian","Gaussian (identity link)","location","Upper GSV"
"Pre-bloom","Fished",0.3255538759318724,0.160106345115488,0.011751205809175602,0.6393565460545692,5,92,5,72,FALSE,FALSE,FALSE,"model","M1 fish B20 biomass","Upper GSV","Upper Gulf St Vincent","tweedie","Tweedie (log link)","location","Upper GSV"
"Bloom","Fished",2.2146514489460896,1.3185672896839382,-0.3696929500270212,4.7989958479192,5,92,5,20,FALSE,FALSE,FALSE,"model","M1 fish B20 biomass","Upper GSV","Upper Gulf St Vincent","tweedie","Tweedie (log link)","location","Upper GSV"
"Pre-bloom","Fished",43.800588118021786,16.954643338145246,10.570097804535152,77.03107843150842,5,92,5,72,FALSE,FALSE,FALSE,"model","M1 fish total abundance","Upper GSV","Upper Gulf St Vincent","tweedie","Tweedie (log link)","location","Upper GSV"
"Bloom","Fished",3.765420737931114,2.2948367384779678,-0.7323766198850645,8.263218095747293,5,92,5,20,FALSE,FALSE,FALSE,"model","M1 fish total abundance","Upper GSV","Upper Gulf St Vincent","tweedie","Tweedie (log link)","location","Upper GSV"
"Pre-bloom","Fished",5.23008216090694,2.2853312555640724,0.7509152072576573,9.709249114556222,5,92,5,72,FALSE,FALSE,FALSE,"model","M2 fish total abundance","Upper GSV","Upper Gulf St Vincent","tweedie","Tweedie (log link)","location","Upper GSV"
"Bloom","Fished",0.5391606028025013,0.4152302258659899,-0.2746756851872707,1.3529968907922734,5,92,5,20,FALSE,FALSE,FALSE,"model","M2 fish total abundance","Upper GSV","Upper Gulf St Vincent","tweedie","Tweedie (log link)","location","Upper GSV"
"Pre-bloom","Fished",11.992796514633914,4.283432889980765,3.597422320077298,20.388170709190533,5,92,5,72,FALSE,FALSE,FALSE,"model","M2 invertebrate total abundance","Upper GSV","Upper Gulf St Vincent","tweedie","Tweedie (log link)","location","Upper GSV"
"Bloom","Fished",2.54043802071573,1.3512772161524915,-0.1080166560726985,5.1888926975041585,5,92,5,20,FALSE,FALSE,FALSE,"model","M2 invertebrate total abundance","Upper GSV","Upper Gulf St Vincent","tweedie","Tweedie (log link)","location","Upper GSV"
"Pre-bloom","Fished",3.401001551518598,0.6182199084232082,2.1893127964834598,4.612690306553736,5,92,5,72,FALSE,FALSE,FALSE,"model","M2 invertebrate Echinodermata abundance","Upper GSV","Upper Gulf St Vincent","tweedie","Tweedie (log link)","location","Upper GSV"
"Bloom","Fished",0.024386087699117875,0.012630371170975116,-3.6898490736633413e-4,0.04914116030560209,5,92,5,20,FALSE,FALSE,FALSE,"model","M2 invertebrate Echinodermata abundance","Upper GSV","Upper Gulf St Vincent","tweedie","Tweedie (log link)","location","Upper GSV"
"Pre-bloom","Fished",2.496638337266252,0.8699224076324439,0.7916217489622908,4.201654925570214,5,92,5,72,FALSE,FALSE,FALSE,"model","M2 invertebrate Arthropoda abundance","Upper GSV","Upper Gulf St Vincent","tweedie","Tweedie (log link)","location","Upper GSV"
"Bloom","Fished",1.659350522088238,1.0258275740811302,-0.351234577458871,3.6699356216353474,5,92,5,20,FALSE,FALSE,FALSE,"model","M2 invertebrate Arthropoda abundance","Upper GSV","Upper Gulf St Vincent","tweedie","Tweedie (log link)","location","Upper GSV"
"Pre-bloom","Fished",5.618147087412637,3.344269660873825,-0.9365010024900391,12.172795177315312,5,92,5,72,FALSE,FALSE,FALSE,"model","M2 invertebrate Mollusca abundance","Upper GSV","Upper Gulf St Vincent","tweedie","Tweedie (log link)","location","Upper GSV"
"Bloom","Fished",0.5901328440253507,0.5583175512788213,-0.5041494484177337,1.6844151364684352,5,92,5,20,FALSE,FALSE,FALSE,"model","M2 invertebrate Mollusca abundance","Upper GSV","Upper Gulf St Vincent","tweedie","Tweedie (log link)","location","Upper GSV"
