dataset_id,dataset_label,spatial_level,group_id,group_name,plot_period,n_transects,taxon_id,scientific,class,family,genus,species,common_name,display_name,n_transects_present,sum_abundance,sum_squared_abundance,occurrence_percent,occurrence_se,average_abundance,abundance_se
m1_fish,M1 fish,region,Adelaide Metro,Adelaide Metro,Bloom 2025-11,16,Antennariidae__Rhycherus__filamentosus,Antennariidae Rhycherus filamentosus,Actinopterygii,Antennariidae,Rhycherus,filamentosus,Tasselled Anglerfish,<i>Rhycherus filamentosus</i><br>(Tasselled Anglerfish),0,0,0,0,0,0,0
m1_fish,M1 fish,region,Adelaide Metro,Adelaide Metro,Bloom 2025-11,16,Aplodactylidae__Aplodactylus__arctidens,Aplodactylidae Aplodactylus arctidens,Actinopterygii,Aplodactylidae,Aplodactylus,arctidens,Marblefish,<i>Aplodactylus arctidens</i><br>(Marblefish),0,0,0,0,0,0,0
m1_fish,M1 fish,region,Adelaide Metro,Adelaide Metro,Bloom 2025-11,16,Aplodactylidae__Aplodactylus__westralis,Aplodactylidae Aplodactylus westralis,Actinopterygii,Aplodactylidae,Aplodactylus,westralis,Western Seacarp,<i>Aplodactylus westralis</i><br>(Western Seacarp),0,0,0,0,0,0,0
m1_fish,M1 fish,region,Adelaide Metro,Adelaide Metro,Bloom 2025-11,16,Apogonidae__Ostorhinchus__victoriae,Apogonidae Ostorhinchus victoriae,Actinopterygii,Apogonidae,Ostorhinchus,victoriae,Western Striped Cardinalfish,<i>Ostorhinchus victoriae</i><br>(Western Striped Cardinalfish),0,0,0,0,0,0,0
m1_fish,M1 fish,region,Adelaide Metro,Adelaide Metro,Bloom 2025-11,16,Apogonidae__Siphamia__cephalotes,Apogonidae Siphamia cephalotes,Actinopterygii,Apogonidae,Siphamia,cephalotes,Wood's Siphonfish,<i>Siphamia cephalotes</i><br>(Wood's Siphonfish),0,0,0,0,0,0,0
m1_fish,M1 fish,region,Adelaide Metro,Adelaide Metro,Bloom 2025-11,16,Apogonidae__Vincentia__conspersa,Apogonidae Vincentia conspersa,Actinopterygii,Apogonidae,Vincentia,conspersa,Southern Cardinalfish,<i>Vincentia conspersa</i><br>(Southern Cardinalfish),0,0,0,0,0,0,0
m1_fish,M1 fish,region,Adelaide Metro,Adelaide Metro,Bloom 2025-11,16,Aracanidae__Anoplocapros__amygdaloides,Aracanidae Anoplocapros amygdaloides,Actinopterygii,Aracanidae,Anoplocapros,amygdaloides,Western Smooth Boxfish,<i>Anoplocapros amygdaloides</i><br>(Western Smooth Boxfish),0,0,0,0,0,0,0
m1_fish,M1 fish,region,Adelaide Metro,Adelaide Metro,Bloom 2025-11,16,Aracanidae__Anoplocapros__lenticularis,Aracanidae Anoplocapros lenticularis,Actinopterygii,Aracanidae,Anoplocapros,lenticularis,Whitebarred Boxfish,<i>Anoplocapros lenticularis</i><br>(Whitebarred Boxfish),0,0,0,0,0,0,0
m1_fish,M1 fish,region,Adelaide Metro,Adelaide Metro,Bloom 2025-11,16,Aracanidae__Aracana__aurita,Aracanidae Aracana aurita,Actinopterygii,Aracanidae,Aracana,aurita,Shaw's Cowfish,<i>Aracana aurita</i><br>(Shaw's Cowfish),0,0,0,0,0,0,0
m1_fish,M1 fish,region,Adelaide Metro,Adelaide Metro,Bloom 2025-11,16,Aracanidae__Aracana__ornata,Aracanidae Aracana ornata,Actinopterygii,Aracanidae,Aracana,ornata,Ornate Cowfish,<i>Aracana ornata</i><br>(Ornate Cowfish),0,0,0,0,0,0,0
m1_fish,M1 fish,region,Adelaide Metro,Adelaide Metro,Bloom 2025-11,16,Arripidae__Arripis__georgianus,Arripidae Arripis georgianus,Actinopterygii,Arripidae,Arripis,georgianus,Australian Herring,<i>Arripis georgianus</i><br>(Australian Herring),0,0,0,0,0,0,0
m1_fish,M1 fish,region,Adelaide Metro,Adelaide Metro,Bloom 2025-11,16,Arripidae__Arripis__spp,Arripidae Arripis spp,Actinopterygii,Arripidae,Arripis,spp,NA,<i>Arripis spp</i>,0,0,0,0,0,0,0
m1_fish,M1 fish,region,Adelaide Metro,Adelaide Metro,Bloom 2025-11,16,Arripidae__Arripis__truttaceus,Arripidae Arripis truttaceus,Actinopterygii,Arripidae,Arripis,truttaceus,Western Australian Salmon,<i>Arripis truttaceus</i><br>(Western Australian Salmon),0,0,0,0,0,0,0
m1_fish,M1 fish,region,Adelaide Metro,Adelaide Metro,Bloom 2025-11,16,Atherinidae__Atherinidae__spp,Atherinidae Unknown spp,Actinopterygii,Atherinidae,Atherinidae,spp,NA,<i>Atherinidae spp</i>,0,0,0,0,0,0,0
m1_fish,M1 fish,region,Adelaide Metro,Adelaide Metro,Bloom 2025-11,16,Berycidae__Centroberyx__gerrardi,Berycidae Centroberyx gerrardi,Actinopterygii,Berycidae,Centroberyx,gerrardi,Bight Redfish,<i>Centroberyx gerrardi</i><br>(Bight Redfish),0,0,0,0,0,0,0
m1_fish,M1 fish,region,Adelaide Metro,Adelaide Metro,Bloom 2025-11,16,Berycidae__Centroberyx__lineatus,Berycidae Centroberyx lineatus,Actinopterygii,Berycidae,Centroberyx,lineatus,Swallowtail,<i>Centroberyx lineatus</i><br>(Swallowtail),0,0,0,0,0,0,0
m1_fish,M1 fish,region,Adelaide Metro,Adelaide Metro,Bloom 2025-11,16,Bovichtidae__Bovichtus__angustifrons,Bovichtidae Bovichtus angustifrons,Actinopterygii,Bovichtidae,Bovichtus,angustifrons,Dragonet,<i>Bovichtus angustifrons</i><br>(Dragonet),0,0,0,0,0,0,0
m1_fish,M1 fish,region,Adelaide Metro,Adelaide Metro,Bloom 2025-11,16,Callionymidae__Eocallionymus__papilio,Callionymidae Eocallionymus papilio,Actinopterygii,Callionymidae,Eocallionymus,papilio,Painted Stinkfish,<i>Eocallionymus papilio</i><br>(Painted Stinkfish),0,0,0,0,0,0,0
m1_fish,M1 fish,region,Adelaide Metro,Adelaide Metro,Bloom 2025-11,16,Carangidae__Pseudocaranx__spp,Carangidae Pseudocaranx spp,Actinopterygii,Carangidae,Pseudocaranx,spp,NA,<i>Pseudocaranx spp</i>,0,0,0,0,0,0,0
m1_fish,M1 fish,region,Adelaide Metro,Adelaide Metro,Bloom 2025-11,16,Carangidae__Seriola__lalandi,Carangidae Seriola lalandi,Actinopterygii,Carangidae,Seriola,lalandi,Yellowtail Kingfish,<i>Seriola lalandi</i><br>(Yellowtail Kingfish),0,0,0,0,0,0,0
m1_fish,M1 fish,region,Adelaide Metro,Adelaide Metro,Bloom 2025-11,16,Carangidae__Trachurus__novaezelandiae,Carangidae Trachurus novaezelandiae,Actinopterygii,Carangidae,Trachurus,novaezelandiae,Yellowtail Scad,<i>Trachurus novaezelandiae</i><br>(Yellowtail Scad),0,0,0,0,0,0,0
m1_fish,M1 fish,region,Adelaide Metro,Adelaide Metro,Bloom 2025-11,16,Chaetodontidae__Chelmonops__curiosus,Chaetodontidae Chelmonops curiosus,Actinopterygii,Chaetodontidae,Chelmonops,curiosus,Western Talma,<i>Chelmonops curiosus</i><br>(Western Talma),0,0,0,0,0,0,0
m1_fish,M1 fish,region,Adelaide Metro,Adelaide Metro,Bloom 2025-11,16,Cheilodactylidae__Cheilodactylus__nigripes,Cheilodactylidae Cheilodactylus nigripes,Actinopterygii,Cheilodactylidae,Cheilodactylus,nigripes,Magpie Perch,<i>Cheilodactylus nigripes</i><br>(Magpie Perch),6,5,5,37.5,12.103072956898178,0.3125,0.11967838846954226
m1_fish,M1 fish,region,Adelaide Metro,Adelaide Metro,Bloom 2025-11,16,Cheilodactylidae__Cheilodactylus__spectabilis,Cheilodactylidae Cheilodactylus spectabilis,Actinopterygii,Cheilodactylidae,Cheilodactylus,spectabilis,Banded Morwong,<i>Cheilodactylus spectabilis</i><br>(Banded Morwong),0,0,0,0,0,0,0
m1_fish,M1 fish,region,Adelaide Metro,Adelaide Metro,Bloom 2025-11,16,Cheilodactylidae__Dactylophora__nigricans,Cheilodactylidae Dactylophora nigricans,Actinopterygii,Cheilodactylidae,Dactylophora,nigricans,Dusky Morwong,<i>Dactylophora nigricans</i><br>(Dusky Morwong),0,0,0,0,0,0,0
m1_fish,M1 fish,region,Adelaide Metro,Adelaide Metro,Bloom 2025-11,16,Cheilodactylidae__Nemadactylus__valenciennesi,Cheilodactylidae Nemadactylus valenciennesi,Actinopterygii,Cheilodactylidae,Nemadactylus,valenciennesi,Blue Morwong,<i>Nemadactylus valenciennesi</i><br>(Blue Morwong),0,0,0,0,0,0,0
m1_fish,M1 fish,region,Adelaide Metro,Adelaide Metro,Bloom 2025-11,16,Chironemidae__Chironemus__georgianus,Chironemidae Chironemus georgianus,Actinopterygii,Chironemidae,Chironemus,georgianus,Western Kelpfish,<i>Chironemus georgianus</i><br>(Western Kelpfish),0,0,0,0,0,0,0
m1_fish,M1 fish,region,Adelaide Metro,Adelaide Metro,Bloom 2025-11,16,Chironemidae__Chironemus__maculosus,Chironemidae Chironemus maculosus,Actinopterygii,Chironemidae,Chironemus,maculosus,Silver Spot,<i>Chironemus maculosus</i><br>(Silver Spot),0,0,0,0,0,0,0
m1_fish,M1 fish,region,Adelaide Metro,Adelaide Metro,Bloom 2025-11,16,Clinidae__Heteroclinus__spp,Clinidae Heteroclinus spp,Actinopterygii,Clinidae,Heteroclinus,spp,NA,<i>Heteroclinus spp</i>,0,0,0,0,0,0,0
m1_fish,M1 fish,region,Adelaide Metro,Adelaide Metro,Bloom 2025-11,16,Clupeidae__Clupeidae__spp,Clupeidae Unknown spp,Actinopterygii,Clupeidae,Clupeidae,spp,NA,<i>Clupeidae spp</i>,0,0,0,0,0,0,0
m1_fish,M1 fish,region,Adelaide Metro,Adelaide Metro,Bloom 2025-11,16,Clupeidae__Hyperlophus__vittatus,Clupeidae Hyperlophus vittatus,Actinopterygii,Clupeidae,Hyperlophus,vittatus,Sandy Sprat,<i>Hyperlophus vittatus</i><br>(Sandy Sprat),0,0,0,0,0,0,0
m1_fish,M1 fish,region,Adelaide Metro,Adelaide Metro,Bloom 2025-11,16,Clupeidae__Spratelloides__robustus,Clupeidae Spratelloides robustus,Actinopterygii,Clupeidae,Spratelloides,robustus,Blue Sprat,<i>Spratelloides robustus</i><br>(Blue Sprat),0,0,0,0,0,0,0
m1_fish,M1 fish,region,Adelaide Metro,Adelaide Metro,Bloom 2025-11,16,Dasyatidae__Bathytoshia__lata,Dasyatidae Bathytoshia lata,Elasmobranchii,Dasyatidae,Bathytoshia,lata,Black Stingray,<i>Bathytoshia lata</i><br>(Black Stingray),0,0,0,0,0,0,0
m1_fish,M1 fish,region,Adelaide Metro,Adelaide Metro,Bloom 2025-11,16,Dinolestidae__Dinolestes__lewini,Dinolestidae Dinolestes lewini,Actinopterygii,Dinolestidae,Dinolestes,lewini,Longfin Pike,<i>Dinolestes lewini</i><br>(Longfin Pike),0,0,0,0,0,0,0
m1_fish,M1 fish,region,Adelaide Metro,Adelaide Metro,Bloom 2025-11,16,Diodontidae__Diodon__nicthemerus,Diodontidae Diodon nicthemerus,Actinopterygii,Diodontidae,Diodon,nicthemerus,Globefish,<i>Diodon nicthemerus</i><br>(Globefish),0,0,0,0,0,0,0
m1_fish,M1 fish,region,Adelaide Metro,Adelaide Metro,Bloom 2025-11,16,Enoplosidae__Enoplosus__armatus,Enoplosidae Enoplosus armatus,Actinopterygii,Enoplosidae,Enoplosus,armatus,Old Wife,<i>Enoplosus armatus</i><br>(Old Wife),1,0.5,0.25,6.25,6.051536478449089,0.03125,0.03125
m1_fish,M1 fish,region,Adelaide Metro,Adelaide Metro,Bloom 2025-11,16,Gerreidae__Parequula__melbournensis,Gerreidae Parequula melbournensis,Actinopterygii,Gerreidae,Parequula,melbournensis,Silverbelly,<i>Parequula melbournensis</i><br>(Silverbelly),0,0,0,0,0,0,0
m1_fish,M1 fish,region,Adelaide Metro,Adelaide Metro,Bloom 2025-11,16,Girellidae__Girella__tricuspidata,Girellidae Girella tricuspidata,Actinopterygii,Girellidae,Girella,tricuspidata,Luderick,<i>Girella tricuspidata</i><br>(Luderick),0,0,0,0,0,0,0
m1_fish,M1 fish,region,Adelaide Metro,Adelaide Metro,Bloom 2025-11,16,Girellidae__Girella__zebra,Girellidae Girella zebra,Actinopterygii,Girellidae,Girella,zebra,Zebrafish,<i>Girella zebra</i><br>(Zebrafish),4,11.5,55.75,25,10.825317547305483,0.71875,0.4448050837164521
m1_fish,M1 fish,region,Adelaide Metro,Adelaide Metro,Bloom 2025-11,16,Gobiesocidae__Gobiesocidae__spp,Gobiesocidae Unknown spp,Actinopterygii,Gobiesocidae,Gobiesocidae,spp,NA,<i>Gobiesocidae spp</i>,0,0,0,0,0,0,0
m1_fish,M1 fish,region,Adelaide Metro,Adelaide Metro,Bloom 2025-11,16,Gobiidae__Gobiidae__spp,Gobiidae Unknown spp,Actinopterygii,Gobiidae,Gobiidae,spp,NA,<i>Gobiidae spp</i>,0,0,0,0,0,0,0
m1_fish,M1 fish,region,Adelaide Metro,Adelaide Metro,Bloom 2025-11,16,Gobiidae__Nesogobius__pulchellus,Gobiidae Nesogobius pulchellus,Actinopterygii,Gobiidae,Nesogobius,pulchellus,Sailfin Goby,<i>Nesogobius pulchellus</i><br>(Sailfin Goby),0,0,0,0,0,0,0
m1_fish,M1 fish,region,Adelaide Metro,Adelaide Metro,Bloom 2025-11,16,Heterodontidae__Heterodontus__portusjacksoni,Heterodontidae Heterodontus portusjacksoni,Elasmobranchii,Heterodontidae,Heterodontus,portusjacksoni,Port Jackson Shark,<i>Heterodontus portusjacksoni</i><br>(Port Jackson Shark),0,0,0,0,0,0,0
m1_fish,M1 fish,region,Adelaide Metro,Adelaide Metro,Bloom 2025-11,16,Hypnidae__Hypnos__monopterygius,Hypnidae Hypnos monopterygius,Elasmobranchii,Hypnidae,Hypnos,monopterygius,Coffin Ray,<i>Hypnos monopterygius</i><br>(Coffin Ray),0,0,0,0,0,0,0
m1_fish,M1 fish,region,Adelaide Metro,Adelaide Metro,Bloom 2025-11,16,Kyphosidae__Kyphosus__sydneyanus,Kyphosidae Kyphosus sydneyanus,Actinopterygii,Kyphosidae,Kyphosus,sydneyanus,Silver Drummer,<i>Kyphosus sydneyanus</i><br>(Silver Drummer),4,12,39.5,25,10.825317547305483,0.75,0.35648749393679063
m1_fish,M1 fish,region,Adelaide Metro,Adelaide Metro,Bloom 2025-11,16,Labridae__Achoerodus__gouldii,Labridae Achoerodus gouldii,Actinopterygii,Labridae,Achoerodus,gouldii,Western Blue Groper,<i>Achoerodus gouldii</i><br>(Western Blue Groper),0,0,0,0,0,0,0
m1_fish,M1 fish,region,Adelaide Metro,Adelaide Metro,Bloom 2025-11,16,Labridae__Austrolabrus__maculatus,Labridae Austrolabrus maculatus,Actinopterygii,Labridae,Austrolabrus,maculatus,Blackspotted Wrasse,<i>Austrolabrus maculatus</i><br>(Blackspotted Wrasse),3,4.5,8.25,18.75,9.757809372497498,0.28125,0.17059180079945227
m1_fish,M1 fish,region,Adelaide Metro,Adelaide Metro,Bloom 2025-11,16,Labridae__Dotalabrus__aurantiacus,Labridae Dotalabrus aurantiacus,Actinopterygii,Labridae,Dotalabrus,aurantiacus,Castelnau's Wrasse,<i>Dotalabrus aurantiacus</i><br>(Castelnau's Wrasse),3,1.5,0.75,18.75,9.757809372497498,0.09375,0.05038911092686594
m1_fish,M1 fish,region,Adelaide Metro,Adelaide Metro,Bloom 2025-11,16,Labridae__Eupetrichthys__angustipes,Labridae Eupetrichthys angustipes,Actinopterygii,Labridae,Eupetrichthys,angustipes,Snakeskin Wrasse,<i>Eupetrichthys angustipes</i><br>(Snakeskin Wrasse),0,0,0,0,0,0,0
m1_fish,M1 fish,region,Adelaide Metro,Adelaide Metro,Bloom 2025-11,16,Labridae__Haletta__semifasciata,Labridae Haletta semifasciata,Actinopterygii,Labridae,Haletta,semifasciata,Blue Weed Whiting,<i>Haletta semifasciata</i><br>(Blue Weed Whiting),0,0,0,0,0,0,0
m1_fish,M1 fish,region,Adelaide Metro,Adelaide Metro,Bloom 2025-11,16,Labridae__Heteroscarus__acroptilus,Labridae Heteroscarus acroptilus,Actinopterygii,Labridae,Heteroscarus,acroptilus,Rainbow Cale,<i>Heteroscarus acroptilus</i><br>(Rainbow Cale),0,0,0,0,0,0,0
m1_fish,M1 fish,region,Adelaide Metro,Adelaide Metro,Bloom 2025-11,16,Labridae__Neoodax__balteatus,Labridae Neoodax balteatus,Actinopterygii,Labridae,Neoodax,balteatus,Little Weed Whiting,<i>Neoodax balteatus</i><br>(Little Weed Whiting),0,0,0,0,0,0,0
m1_fish,M1 fish,region,Adelaide Metro,Adelaide Metro,Bloom 2025-11,16,Labridae__Notolabrus__fucicola,Labridae Notolabrus fucicola,Actinopterygii,Labridae,Notolabrus,fucicola,Purple Wrasse,<i>Notolabrus fucicola</i><br>(Purple Wrasse),0,0,0,0,0,0,0
m1_fish,M1 fish,region,Adelaide Metro,Adelaide Metro,Bloom 2025-11,16,Labridae__Notolabrus__parilus,Labridae Notolabrus parilus,Actinopterygii,Labridae,Notolabrus,parilus,Brownspotted Wrasse,<i>Notolabrus parilus</i><br>(Brownspotted Wrasse),15,28,93,93.75,6.051536478449089,1.75,0.4281744192888376
m1_fish,M1 fish,region,Adelaide Metro,Adelaide Metro,Bloom 2025-11,16,Labridae__Notolabrus__tetricus,Labridae Notolabrus tetricus,Actinopterygii,Labridae,Notolabrus,tetricus,Bluethroat Wrasse,<i>Notolabrus tetricus</i><br>(Bluethroat Wrasse),1,0.5,0.25,6.25,6.051536478449089,0.03125,0.03125
m1_fish,M1 fish,region,Adelaide Metro,Adelaide Metro,Bloom 2025-11,16,Labridae__Olisthops__cyanomelas,Labridae Olisthops cyanomelas,Actinopterygii,Labridae,Olisthops,cyanomelas,Herring Cale,<i>Olisthops cyanomelas</i><br>(Herring Cale),0,0,0,0,0,0,0
m1_fish,M1 fish,region,Adelaide Metro,Adelaide Metro,Bloom 2025-11,16,Labridae__Ophthalmolepis__lineolatus,Labridae Ophthalmolepis lineolatus,Actinopterygii,Labridae,Ophthalmolepis,lineolatus,Southern Maori Wrasse,<i>Ophthalmolepis lineolatus</i><br>(Southern Maori Wrasse),0,0,0,0,0,0,0
m1_fish,M1 fish,region,Adelaide Metro,Adelaide Metro,Bloom 2025-11,16,Labridae__Pictilabrus__laticlavius,Labridae Pictilabrus laticlavius,Actinopterygii,Labridae,Pictilabrus,laticlavius,Senator Wrasse,<i>Pictilabrus laticlavius</i><br>(Senator Wrasse),2,1,0.5,12.5,8.267972847076846,0.0625,0.042695628191498324
m1_fish,M1 fish,region,Adelaide Metro,Adelaide Metro,Bloom 2025-11,16,Labridae__Pseudolabrus__rubicundus,Labridae Pseudolabrus rubicundus,Actinopterygii,Labridae,Pseudolabrus,rubicundus,Rosy Wrasse,<i>Pseudolabrus rubicundus</i><br>(Rosy Wrasse),0,0,0,0,0,0,0
m1_fish,M1 fish,region,Adelaide Metro,Adelaide Metro,Bloom 2025-11,16,Labridae__Siphonognathus__argyrophanes,Labridae Siphonognathus argyrophanes,Actinopterygii,Labridae,Siphonognathus,argyrophanes,Tubemouth,<i>Siphonognathus argyrophanes</i><br>(Tubemouth),0,0,0,0,0,0,0
m1_fish,M1 fish,region,Adelaide Metro,Adelaide Metro,Bloom 2025-11,16,Labridae__Siphonognathus__attenuatus,Labridae Siphonognathus attenuatus,Actinopterygii,Labridae,Siphonognathus,attenuatus,Slender Weed Whiting,<i>Siphonognathus attenuatus</i><br>(Slender Weed Whiting),0,0,0,0,0,0,0
m1_fish,M1 fish,region,Adelaide Metro,Adelaide Metro,Bloom 2025-11,16,Labridae__Siphonognathus__beddomei,Labridae Siphonognathus beddomei,Actinopterygii,Labridae,Siphonognathus,beddomei,Pencil Weed Whiting,<i>Siphonognathus beddomei</i><br>(Pencil Weed Whiting),0,0,0,0,0,0,0
m1_fish,M1 fish,region,Adelaide Metro,Adelaide Metro,Bloom 2025-11,16,Labridae__Siphonognathus__caninis,Labridae Siphonognathus caninis,Actinopterygii,Labridae,Siphonognathus,caninis,Sharpnose Weed Whiting,<i>Siphonognathus caninis</i><br>(Sharpnose Weed Whiting),0,0,0,0,0,0,0
m1_fish,M1 fish,region,Adelaide Metro,Adelaide Metro,Bloom 2025-11,16,Labridae__Siphonognathus__radiatus,Labridae Siphonognathus radiatus,Actinopterygii,Labridae,Siphonognathus,radiatus,Longray Weed Whiting,<i>Siphonognathus radiatus</i><br>(Longray Weed Whiting),0,0,0,0,0,0,0
m1_fish,M1 fish,region,Adelaide Metro,Adelaide Metro,Bloom 2025-11,16,Labridae__Siphonognathus__spp,Labridae Siphonognathus spp,Actinopterygii,Labridae,Siphonognathus,spp,NA,<i>Siphonognathus spp</i>,0,0,0,0,0,0,0
m1_fish,M1 fish,region,Adelaide Metro,Adelaide Metro,Bloom 2025-11,16,Labridae__Siphonognathus__tanyourus,Labridae Siphonognathus tanyourus,Actinopterygii,Labridae,Siphonognathus,tanyourus,Longtail Weed Whiting,<i>Siphonognathus tanyourus</i><br>(Longtail Weed Whiting),0,0,0,0,0,0,0
m1_fish,M1 fish,region,Adelaide Metro,Adelaide Metro,Bloom 2025-11,16,Microcanthidae__Neatypus__obliquus,Microcanthidae Neatypus obliquus,Actinopterygii,Microcanthidae,Neatypus,obliquus,Footballer Sweep,<i>Neatypus obliquus</i><br>(Footballer Sweep),0,0,0,0,0,0,0
m1_fish,M1 fish,region,Adelaide Metro,Adelaide Metro,Bloom 2025-11,16,Microcanthidae__Tilodon__sexfasciatus,Microcanthidae Tilodon sexfasciatus,Actinopterygii,Microcanthidae,Tilodon,sexfasciatus,Moonlighter,<i>Tilodon sexfasciatus</i><br>(Moonlighter),1,1,1,6.25,6.051536478449089,0.0625,0.0625
m1_fish,M1 fish,region,Adelaide Metro,Adelaide Metro,Bloom 2025-11,16,Monacanthidae__Acanthaluteres__brownii,Monacanthidae Acanthaluteres brownii,Actinopterygii,Monacanthidae,Acanthaluteres,brownii,Spinytail Leatherjacket,<i>Acanthaluteres brownii</i><br>(Spinytail Leatherjacket),1,0.5,0.25,6.25,6.051536478449089,0.03125,0.03125
m1_fish,M1 fish,region,Adelaide Metro,Adelaide Metro,Bloom 2025-11,16,Monacanthidae__Acanthaluteres__spilomelanurus,Monacanthidae Acanthaluteres spilomelanurus,Actinopterygii,Monacanthidae,Acanthaluteres,spilomelanurus,Bridled Leatherjacket,<i>Acanthaluteres spilomelanurus</i><br>(Bridled Leatherjacket),0,0,0,0,0,0,0
m1_fish,M1 fish,region,Adelaide Metro,Adelaide Metro,Bloom 2025-11,16,Monacanthidae__Acanthaluteres__vittiger,Monacanthidae Acanthaluteres vittiger,Actinopterygii,Monacanthidae,Acanthaluteres,vittiger,Toothbrush Leatherjacket,<i>Acanthaluteres vittiger</i><br>(Toothbrush Leatherjacket),0,0,0,0,0,0,0
m1_fish,M1 fish,region,Adelaide Metro,Adelaide Metro,Bloom 2025-11,16,Monacanthidae__Brachaluteres__jacksonianus,Monacanthidae Brachaluteres jacksonianus,Actinopterygii,Monacanthidae,Brachaluteres,jacksonianus,Southern Pygmy Leatherjacket,<i>Brachaluteres jacksonianus</i><br>(Southern Pygmy Leatherjacket),0,0,0,0,0,0,0
m1_fish,M1 fish,region,Adelaide Metro,Adelaide Metro,Bloom 2025-11,16,Monacanthidae__Eubalichthys__gunnii,Monacanthidae Eubalichthys gunnii,Actinopterygii,Monacanthidae,Eubalichthys,gunnii,Gunn's Leatherjacket,<i>Eubalichthys gunnii</i><br>(Gunn's Leatherjacket),0,0,0,0,0,0,0
m1_fish,M1 fish,region,Adelaide Metro,Adelaide Metro,Bloom 2025-11,16,Monacanthidae__Eubalichthys__mosaicus,Monacanthidae Eubalichthys mosaicus,Actinopterygii,Monacanthidae,Eubalichthys,mosaicus,Mosaic Leatherjacket,<i>Eubalichthys mosaicus</i><br>(Mosaic Leatherjacket),0,0,0,0,0,0,0
m1_fish,M1 fish,region,Adelaide Metro,Adelaide Metro,Bloom 2025-11,16,Monacanthidae__Meuschenia__flavolineata,Monacanthidae Meuschenia flavolineata,Actinopterygii,Monacanthidae,Meuschenia,flavolineata,Yellowstriped Leatherjacket,<i>Meuschenia flavolineata</i><br>(Yellowstriped Leatherjacket),0,0,0,0,0,0,0
m1_fish,M1 fish,region,Adelaide Metro,Adelaide Metro,Bloom 2025-11,16,Monacanthidae__Meuschenia__freycineti,Monacanthidae Meuschenia freycineti,Actinopterygii,Monacanthidae,Meuschenia,freycineti,Sixspine Leatherjacket,<i>Meuschenia freycineti</i><br>(Sixspine Leatherjacket),0,0,0,0,0,0,0
m1_fish,M1 fish,region,Adelaide Metro,Adelaide Metro,Bloom 2025-11,16,Monacanthidae__Meuschenia__galii,Monacanthidae Meuschenia galii,Actinopterygii,Monacanthidae,Meuschenia,galii,Bluelined Leatherjacket,<i>Meuschenia galii</i><br>(Bluelined Leatherjacket),1,0.5,0.25,6.25,6.051536478449089,0.03125,0.03125
m1_fish,M1 fish,region,Adelaide Metro,Adelaide Metro,Bloom 2025-11,16,Monacanthidae__Meuschenia__hippocrepis,Monacanthidae Meuschenia hippocrepis,Actinopterygii,Monacanthidae,Meuschenia,hippocrepis,Horseshoe Leatherjacket,<i>Meuschenia hippocrepis</i><br>(Horseshoe Leatherjacket),2,1,0.5,12.5,8.267972847076846,0.0625,0.042695628191498324
m1_fish,M1 fish,region,Adelaide Metro,Adelaide Metro,Bloom 2025-11,16,Monacanthidae__Meuschenia__venusta,Monacanthidae Meuschenia venusta,Actinopterygii,Monacanthidae,Meuschenia,venusta,Stars-and-stripes Leatherjacket,<i>Meuschenia venusta</i><br>(Stars-and-stripes Leatherjacket),0,0,0,0,0,0,0
m1_fish,M1 fish,region,Adelaide Metro,Adelaide Metro,Bloom 2025-11,16,Monacanthidae__Scobinichthys__granulatus,Monacanthidae Scobinichthys granulatus,Actinopterygii,Monacanthidae,Scobinichthys,granulatus,Rough Leatherjacket,<i>Scobinichthys granulatus</i><br>(Rough Leatherjacket),1,0.5,0.25,6.25,6.051536478449089,0.03125,0.03125
m1_fish,M1 fish,region,Adelaide Metro,Adelaide Metro,Bloom 2025-11,16,Monacanthidae__Thamnaconus__degeni,Monacanthidae Thamnaconus degeni,Actinopterygii,Monacanthidae,Thamnaconus,degeni,Bluefin Leatherjacket,<i>Thamnaconus degeni</i><br>(Bluefin Leatherjacket),1,7.5,56.25,6.25,6.051536478449089,0.46875,0.46875
m1_fish,M1 fish,region,Adelaide Metro,Adelaide Metro,Bloom 2025-11,16,Mullidae__Upeneichthys__vlamingii,Mullidae Upeneichthys vlamingii,Actinopterygii,Mullidae,Upeneichthys,vlamingii,Bluespotted Goatfish,<i>Upeneichthys vlamingii</i><br>(Bluespotted Goatfish),0,0,0,0,0,0,0
m1_fish,M1 fish,region,Adelaide Metro,Adelaide Metro,Bloom 2025-11,16,Myliobatidae__Myliobatis__tenuicaudatus,Myliobatidae Myliobatis tenuicaudatus,Elasmobranchii,Myliobatidae,Myliobatis,tenuicaudatus,Southern Eagle Ray,<i>Myliobatis tenuicaudatus</i><br>(Southern Eagle Ray),0,0,0,0,0,0,0
m1_fish,M1 fish,region,Adelaide Metro,Adelaide Metro,Bloom 2025-11,16,Ophiclinidae__Ophiclinus__spp,Ophiclinidae Ophiclinus spp,Actinopterygii,Ophiclinidae,Ophiclinus,spp,NA,<i>Ophiclinus spp</i>,0,0,0,0,0,0,0
m1_fish,M1 fish,region,Adelaide Metro,Adelaide Metro,Bloom 2025-11,16,Parascylliidae__Parascyllium__ferrugineum,Parascylliidae Parascyllium ferrugineum,Elasmobranchii,Parascylliidae,Parascyllium,ferrugineum,Rusty Carpetshark,<i>Parascyllium ferrugineum</i><br>(Rusty Carpetshark),0,0,0,0,0,0,0
m1_fish,M1 fish,region,Adelaide Metro,Adelaide Metro,Bloom 2025-11,16,Parascylliidae__Parascyllium__variolatum,Parascylliidae Parascyllium variolatum,Elasmobranchii,Parascylliidae,Parascyllium,variolatum,Varied Carpetshark,<i>Parascyllium variolatum</i><br>(Varied Carpetshark),0,0,0,0,0,0,0
m1_fish,M1 fish,region,Adelaide Metro,Adelaide Metro,Bloom 2025-11,16,Pataecidae__Aetapcus__maculatus,Pataecidae Aetapcus maculatus,Actinopterygii,Pataecidae,Aetapcus,maculatus,Warty Prowfish,<i>Aetapcus maculatus</i><br>(Warty Prowfish),0,0,0,0,0,0,0
m1_fish,M1 fish,region,Adelaide Metro,Adelaide Metro,Bloom 2025-11,16,Pempherididae__Parapriacanthus__elongatus,Pempherididae Parapriacanthus elongatus,Actinopterygii,Pempherididae,Parapriacanthus,elongatus,Elongate Bullseye,<i>Parapriacanthus elongatus</i><br>(Elongate Bullseye),0,0,0,0,0,0,0
m1_fish,M1 fish,region,Adelaide Metro,Adelaide Metro,Bloom 2025-11,16,Pempherididae__Pempheris__klunzingeri,Pempherididae Pempheris klunzingeri,Actinopterygii,Pempherididae,Pempheris,klunzingeri,Rough Bullseye,<i>Pempheris klunzingeri</i><br>(Rough Bullseye),2,1.5,1.25,12.5,8.267972847076846,0.09375,0.06798820363366967
m1_fish,M1 fish,region,Adelaide Metro,Adelaide Metro,Bloom 2025-11,16,Pempherididae__Pempheris__multiradiata,Pempherididae Pempheris multiradiata,Actinopterygii,Pempherididae,Pempheris,multiradiata,Bigscale Bullseye,<i>Pempheris multiradiata</i><br>(Bigscale Bullseye),0,0,0,0,0,0,0
m1_fish,M1 fish,region,Adelaide Metro,Adelaide Metro,Bloom 2025-11,16,Pempherididae__Pempheris__ornata,Pempherididae Pempheris ornata,Actinopterygii,Pempherididae,Pempheris,ornata,Orangelined Bullseye,<i>Pempheris ornata</i><br>(Orangelined Bullseye),0,0,0,0,0,0,0
m1_fish,M1 fish,region,Adelaide Metro,Adelaide Metro,Bloom 2025-11,16,Pempherididae__Pempheris__spp,Pempherididae Pempheris spp,Actinopterygii,Pempherididae,Pempheris,spp,NA,<i>Pempheris spp</i>,0,0,0,0,0,0,0
m1_fish,M1 fish,region,Adelaide Metro,Adelaide Metro,Bloom 2025-11,16,Pentacerotidae__Pentaceropsis__recurvirostris,Pentacerotidae Pentaceropsis recurvirostris,Actinopterygii,Pentacerotidae,Pentaceropsis,recurvirostris,Longsnout Boarfish,<i>Pentaceropsis recurvirostris</i><br>(Longsnout Boarfish),0,0,0,0,0,0,0
m1_fish,M1 fish,region,Adelaide Metro,Adelaide Metro,Bloom 2025-11,16,Pinguipedidae__Parapercis__haackei,Pinguipedidae Parapercis haackei,Actinopterygii,Pinguipedidae,Parapercis,haackei,Wavy Grubfish,<i>Parapercis haackei</i><br>(Wavy Grubfish),0,0,0,0,0,0,0
m1_fish,M1 fish,region,Adelaide Metro,Adelaide Metro,Bloom 2025-11,16,Pinguipedidae__Parapercis__ramsayi,Pinguipedidae Parapercis ramsayi,Actinopterygii,Pinguipedidae,Parapercis,ramsayi,Spotted Grubfish,<i>Parapercis ramsayi</i><br>(Spotted Grubfish),0,0,0,0,0,0,0
m1_fish,M1 fish,region,Adelaide Metro,Adelaide Metro,Bloom 2025-11,16,Platycephalidae__Leviprora__inops,Platycephalidae Leviprora inops,Actinopterygii,Platycephalidae,Leviprora,inops,Longhead Flathead,<i>Leviprora inops</i><br>(Longhead Flathead),0,0,0,0,0,0,0
m1_fish,M1 fish,region,Adelaide Metro,Adelaide Metro,Bloom 2025-11,16,Platycephalidae__Platycephalus__laevigatus,Platycephalidae Platycephalus laevigatus,Actinopterygii,Platycephalidae,Platycephalus,laevigatus,Rock Flathead,<i>Platycephalus laevigatus</i><br>(Rock Flathead),0,0,0,0,0,0,0
m1_fish,M1 fish,region,Adelaide Metro,Adelaide Metro,Bloom 2025-11,16,Platycephalidae__Platycephalus__speculator,Platycephalidae Platycephalus speculator,Actinopterygii,Platycephalidae,Platycephalus,speculator,Southern Bluespotted Flathead,<i>Platycephalus speculator</i><br>(Southern Bluespotted Flathead),0,0,0,0,0,0,0
m1_fish,M1 fish,region,Adelaide Metro,Adelaide Metro,Bloom 2025-11,16,Plesiopidae__Paraplesiops__meleagris,Plesiopidae Paraplesiops meleagris,Actinopterygii,Plesiopidae,Paraplesiops,meleagris,Southern Blue Devil,<i>Paraplesiops meleagris</i><br>(Southern Blue Devil),0,0,0,0,0,0,0
m1_fish,M1 fish,region,Adelaide Metro,Adelaide Metro,Bloom 2025-11,16,Plesiopidae__Trachinops__caudimaculatus,Plesiopidae Trachinops caudimaculatus,Actinopterygii,Plesiopidae,Trachinops,caudimaculatus,Southern Hulafish,<i>Trachinops caudimaculatus</i><br>(Southern Hulafish),0,0,0,0,0,0,0
m1_fish,M1 fish,region,Adelaide Metro,Adelaide Metro,Bloom 2025-11,16,Plesiopidae__Trachinops__noarlungae,Plesiopidae Trachinops noarlungae,Actinopterygii,Plesiopidae,Trachinops,noarlungae,Yellowhead Hulafish,<i>Trachinops noarlungae</i><br>(Yellowhead Hulafish),2,9,58.5,12.5,8.267972847076846,0.5625,0.47186465220442186
m1_fish,M1 fish,region,Adelaide Metro,Adelaide Metro,Bloom 2025-11,16,Plotosidae__Cnidoglanis__macrocephalus,Plotosidae Cnidoglanis macrocephalus,Actinopterygii,Plotosidae,Cnidoglanis,macrocephalus,Estuary Cobbler,<i>Cnidoglanis macrocephalus</i><br>(Estuary Cobbler),0,0,0,0,0,0,0
m1_fish,M1 fish,region,Adelaide Metro,Adelaide Metro,Bloom 2025-11,16,Pomacentridae__Parma__victoriae,Pomacentridae Parma victoriae,Actinopterygii,Pomacentridae,Parma,victoriae,Scalyfin,<i>Parma victoriae</i><br>(Scalyfin),9,6.5,5.25,56.25,12.401959270615269,0.40625,0.10427078130201832
m1_fish,M1 fish,region,Adelaide Metro,Adelaide Metro,Bloom 2025-11,16,Scombridae__Scomber__australasicus,Scombridae Scomber australasicus,Actinopterygii,Scombridae,Scomber,australasicus,Blue Mackerel,<i>Scomber australasicus</i><br>(Blue Mackerel),0,0,0,0,0,0,0
m1_fish,M1 fish,region,Adelaide Metro,Adelaide Metro,Bloom 2025-11,16,Scorpididae__Scorpis__aequipinnis,Scorpididae Scorpis aequipinnis,Actinopterygii,Scorpididae,Scorpis,aequipinnis,Sea Sweep,<i>Scorpis aequipinnis</i><br>(Sea Sweep),8,34,277,50,12.5,2.125,0.9236476600955583
m1_fish,M1 fish,region,Adelaide Metro,Adelaide Metro,Bloom 2025-11,16,Scorpididae__Scorpis__georgiana,Scorpididae Scorpis georgiana,Actinopterygii,Scorpididae,Scorpis,georgiana,Banded Sweep,<i>Scorpis georgiana</i><br>(Banded Sweep),0,0,0,0,0,0,0
m1_fish,M1 fish,region,Adelaide Metro,Adelaide Metro,Bloom 2025-11,16,Scorpididae__Scorpis__lineolata,Scorpididae Scorpis lineolata,Actinopterygii,Scorpididae,Scorpis,lineolata,Silver Sweep,<i>Scorpis lineolata</i><br>(Silver Sweep),0,0,0,0,0,0,0
m1_fish,M1 fish,region,Adelaide Metro,Adelaide Metro,Bloom 2025-11,16,Serranidae__Caesioperca__rasor,Serranidae Caesioperca rasor,Actinopterygii,Serranidae,Caesioperca,rasor,Barber Perch,<i>Caesioperca rasor</i><br>(Barber Perch),0,0,0,0,0,0,0
m1_fish,M1 fish,region,Adelaide Metro,Adelaide Metro,Bloom 2025-11,16,Serranidae__Hypoplectrodes__nigroruber,Serranidae Hypoplectrodes nigroruber,Actinopterygii,Serranidae,Hypoplectrodes,nigroruber,Banded Seaperch,<i>Hypoplectrodes nigroruber</i><br>(Banded Seaperch),0,0,0,0,0,0,0
m1_fish,M1 fish,region,Adelaide Metro,Adelaide Metro,Bloom 2025-11,16,Serranidae__Othos__dentex,Serranidae Othos dentex,Actinopterygii,Serranidae,Othos,dentex,Harlequin Fish,<i>Othos dentex</i><br>(Harlequin Fish),0,0,0,0,0,0,0
m1_fish,M1 fish,region,Adelaide Metro,Adelaide Metro,Bloom 2025-11,16,Sillaginidae__Sillaginidae__spp,Sillaginidae Unknown spp,Actinopterygii,Sillaginidae,Sillaginidae,spp,NA,<i>Sillaginidae spp</i>,0,0,0,0,0,0,0
m1_fish,M1 fish,region,Adelaide Metro,Adelaide Metro,Bloom 2025-11,16,Sillaginidae__Sillaginodes__punctatus,Sillaginidae Sillaginodes punctatus,Actinopterygii,Sillaginidae,Sillaginodes,punctatus,King George Whiting,<i>Sillaginodes punctatus</i><br>(King George Whiting),0,0,0,0,0,0,0
m1_fish,M1 fish,region,Adelaide Metro,Adelaide Metro,Bloom 2025-11,16,Sparidae__Acanthopagrus__butcheri,Sparidae Acanthopagrus butcheri,Actinopterygii,Sparidae,Acanthopagrus,butcheri,Black Bream,<i>Acanthopagrus butcheri</i><br>(Black Bream),0,0,0,0,0,0,0
m1_fish,M1 fish,region,Adelaide Metro,Adelaide Metro,Bloom 2025-11,16,Sparidae__Chrysophrys__auratus,Sparidae Chrysophrys auratus,Actinopterygii,Sparidae,Chrysophrys,auratus,Snapper,<i>Chrysophrys auratus</i><br>(Snapper),0,0,0,0,0,0,0
m1_fish,M1 fish,region,Adelaide Metro,Adelaide Metro,Bloom 2025-11,16,Sphyraenidae__Sphyraena__novaehollandiae,Sphyraenidae Sphyraena novaehollandiae,Actinopterygii,Sphyraenidae,Sphyraena,novaehollandiae,Snook,<i>Sphyraena novaehollandiae</i><br>(Snook),0,0,0,0,0,0,0
m1_fish,M1 fish,region,Adelaide Metro,Adelaide Metro,Bloom 2025-11,16,Syngnathidae__Phycodurus__eques,Syngnathidae Phycodurus eques,Actinopterygii,Syngnathidae,Phycodurus,eques,Leafy Seadragon,<i>Phycodurus eques</i><br>(Leafy Seadragon),0,0,0,0,0,0,0
m1_fish,M1 fish,region,Adelaide Metro,Adelaide Metro,Bloom 2025-11,16,Syngnathidae__Phyllopteryx__taeniolatus,Syngnathidae Phyllopteryx taeniolatus,Actinopterygii,Syngnathidae,Phyllopteryx,taeniolatus,Common Seadragon,<i>Phyllopteryx taeniolatus</i><br>(Common Seadragon),0,0,0,0,0,0,0
m1_fish,M1 fish,region,Adelaide Metro,Adelaide Metro,Bloom 2025-11,16,Syngnathidae__Pugnaso__curtirostris,Syngnathidae Pugnaso curtirostris,Actinopterygii,Syngnathidae,Pugnaso,curtirostris,Pugnose Pipefish,<i>Pugnaso curtirostris</i><br>(Pugnose Pipefish),0,0,0,0,0,0,0
m1_fish,M1 fish,region,Adelaide Metro,Adelaide Metro,Bloom 2025-11,16,Terapontidae__Helotes__octolineatus,Terapontidae Helotes octolineatus,Actinopterygii,Terapontidae,Helotes,octolineatus,NA,<i>Helotes octolineatus</i>,0,0,0,0,0,0,0
m1_fish,M1 fish,region,Adelaide Metro,Adelaide Metro,Bloom 2025-11,16,Tetraodontidae__Omegophora__armilla,Tetraodontidae Omegophora armilla,Actinopterygii,Tetraodontidae,Omegophora,armilla,Ringed Toadfish,<i>Omegophora armilla</i><br>(Ringed Toadfish),0,0,0,0,0,0,0
m1_fish,M1 fish,region,Adelaide Metro,Adelaide Metro,Bloom 2025-11,16,Tetraodontidae__Omegophora__cyanopunctata,Tetraodontidae Omegophora cyanopunctata,Actinopterygii,Tetraodontidae,Omegophora,cyanopunctata,Bluespotted Toadfish,<i>Omegophora cyanopunctata</i><br>(Bluespotted Toadfish),0,0,0,0,0,0,0
m1_fish,M1 fish,region,Adelaide Metro,Adelaide Metro,Bloom 2025-11,16,Tetraodontidae__Tetractenos__glaber,Tetraodontidae Tetractenos glaber,Actinopterygii,Tetraodontidae,Tetractenos,glaber,Smooth Toadfish,<i>Tetractenos glaber</i><br>(Smooth Toadfish),0,0,0,0,0,0,0
m1_fish,M1 fish,region,Adelaide Metro,Adelaide Metro,Bloom 2025-11,16,Tetraodontidae__Torquigener__pleurogramma,Tetraodontidae Torquigener pleurogramma,Actinopterygii,Tetraodontidae,Torquigener,pleurogramma,Weeping Toadfish,<i>Torquigener pleurogramma</i><br>(Weeping Toadfish),0,0,0,0,0,0,0
m1_fish,M1 fish,region,Adelaide Metro,Adelaide Metro,Bloom 2025-11,16,Trachichthyidae__Trachichthys__australis,Trachichthyidae Trachichthys australis,Actinopterygii,Trachichthyidae,Trachichthys,australis,Southern Roughy,<i>Trachichthys australis</i><br>(Southern Roughy),0,0,0,0,0,0,0
m1_fish,M1 fish,region,Adelaide Metro,Adelaide Metro,Bloom 2025-11,16,Tripterygiidae__Helcogramma__decurrens,Tripterygiidae Helcogramma decurrens,Actinopterygii,Tripterygiidae,Helcogramma,decurrens,Blackthroat Threefin,<i>Helcogramma decurrens</i><br>(Blackthroat Threefin),0,0,0,0,0,0,0
m1_fish,M1 fish,region,Adelaide Metro,Adelaide Metro,Bloom 2025-11,16,Tripterygiidae__Trinorfolkia__clarkei,Tripterygiidae Trinorfolkia clarkei,Actinopterygii,Tripterygiidae,Trinorfolkia,clarkei,Clark's Threefin,<i>Trinorfolkia clarkei</i><br>(Clark's Threefin),0,0,0,0,0,0,0
m1_fish,M1 fish,region,Adelaide Metro,Adelaide Metro,Bloom 2025-11,16,Tripterygiidae__Trinorfolkia__cristata,Tripterygiidae Trinorfolkia cristata,Actinopterygii,Tripterygiidae,Trinorfolkia,cristata,Crested Threefin,<i>Trinorfolkia cristata</i><br>(Crested Threefin),0,0,0,0,0,0,0
m1_fish,M1 fish,region,Adelaide Metro,Adelaide Metro,Bloom 2025-11,16,Tripterygiidae__Tripterygiidae__spp,Tripterygiidae Unknown spp,Actinopterygii,Tripterygiidae,Tripterygiidae,spp,NA,<i>Tripterygiidae spp</i>,0,0,0,0,0,0,0
m1_fish,M1 fish,region,Adelaide Metro,Adelaide Metro,Bloom 2025-11,16,Trygonorrhinidae__Aptychotrema__vincentiana,Trygonorrhinidae Aptychotrema vincentiana,Elasmobranchii,Trygonorrhinidae,Aptychotrema,vincentiana,Western Shovelnose Ray,<i>Aptychotrema vincentiana</i><br>(Western Shovelnose Ray),0,0,0,0,0,0,0
m1_fish,M1 fish,region,Adelaide Metro,Adelaide Metro,Bloom 2025-11,16,Trygonorrhinidae__Trygonorrhina__fasciata,Trygonorrhinidae Trygonorrhina fasciata,Elasmobranchii,Trygonorrhinidae,Trygonorrhina,fasciata,Eastern Fiddler Ray,<i>Trygonorrhina fasciata</i><br>(Eastern Fiddler Ray),0,0,0,0,0,0,0
m1_fish,M1 fish,region,Adelaide Metro,Adelaide Metro,Bloom 2025-11,16,Urolophidae__Urolophus__spp,Urolophidae Urolophus spp,Elasmobranchii,Urolophidae,Urolophus,spp,NA,<i>Urolophus spp</i>,0,0,0,0,0,0,0
m1_fish,M1 fish,region,Adelaide Metro,Adelaide Metro,Bloom 2026-01,36,Antennariidae__Rhycherus__filamentosus,Antennariidae Rhycherus filamentosus,Actinopterygii,Antennariidae,Rhycherus,filamentosus,Tasselled Anglerfish,<i>Rhycherus filamentosus</i><br>(Tasselled Anglerfish),0,0,0,0,0,0,0
m1_fish,M1 fish,region,Adelaide Metro,Adelaide Metro,Bloom 2026-01,36,Aplodactylidae__Aplodactylus__arctidens,Aplodactylidae Aplodactylus arctidens,Actinopterygii,Aplodactylidae,Aplodactylus,arctidens,Marblefish,<i>Aplodactylus arctidens</i><br>(Marblefish),0,0,0,0,0,0,0
m1_fish,M1 fish,region,Adelaide Metro,Adelaide Metro,Bloom 2026-01,36,Aplodactylidae__Aplodactylus__westralis,Aplodactylidae Aplodactylus westralis,Actinopterygii,Aplodactylidae,Aplodactylus,westralis,Western Seacarp,<i>Aplodactylus westralis</i><br>(Western Seacarp),0,0,0,0,0,0,0
m1_fish,M1 fish,region,Adelaide Metro,Adelaide Metro,Bloom 2026-01,36,Apogonidae__Ostorhinchus__victoriae,Apogonidae Ostorhinchus victoriae,Actinopterygii,Apogonidae,Ostorhinchus,victoriae,Western Striped Cardinalfish,<i>Ostorhinchus victoriae</i><br>(Western Striped Cardinalfish),0,0,0,0,0,0,0
m1_fish,M1 fish,region,Adelaide Metro,Adelaide Metro,Bloom 2026-01,36,Apogonidae__Siphamia__cephalotes,Apogonidae Siphamia cephalotes,Actinopterygii,Apogonidae,Siphamia,cephalotes,Wood's Siphonfish,<i>Siphamia cephalotes</i><br>(Wood's Siphonfish),0,0,0,0,0,0,0
m1_fish,M1 fish,region,Adelaide Metro,Adelaide Metro,Bloom 2026-01,36,Apogonidae__Vincentia__conspersa,Apogonidae Vincentia conspersa,Actinopterygii,Apogonidae,Vincentia,conspersa,Southern Cardinalfish,<i>Vincentia conspersa</i><br>(Southern Cardinalfish),0,0,0,0,0,0,0
m1_fish,M1 fish,region,Adelaide Metro,Adelaide Metro,Bloom 2026-01,36,Aracanidae__Anoplocapros__amygdaloides,Aracanidae Anoplocapros amygdaloides,Actinopterygii,Aracanidae,Anoplocapros,amygdaloides,Western Smooth Boxfish,<i>Anoplocapros amygdaloides</i><br>(Western Smooth Boxfish),0,0,0,0,0,0,0
m1_fish,M1 fish,region,Adelaide Metro,Adelaide Metro,Bloom 2026-01,36,Aracanidae__Anoplocapros__lenticularis,Aracanidae Anoplocapros lenticularis,Actinopterygii,Aracanidae,Anoplocapros,lenticularis,Whitebarred Boxfish,<i>Anoplocapros lenticularis</i><br>(Whitebarred Boxfish),0,0,0,0,0,0,0
m1_fish,M1 fish,region,Adelaide Metro,Adelaide Metro,Bloom 2026-01,36,Aracanidae__Aracana__aurita,Aracanidae Aracana aurita,Actinopterygii,Aracanidae,Aracana,aurita,Shaw's Cowfish,<i>Aracana aurita</i><br>(Shaw's Cowfish),0,0,0,0,0,0,0
m1_fish,M1 fish,region,Adelaide Metro,Adelaide Metro,Bloom 2026-01,36,Aracanidae__Aracana__ornata,Aracanidae Aracana ornata,Actinopterygii,Aracanidae,Aracana,ornata,Ornate Cowfish,<i>Aracana ornata</i><br>(Ornate Cowfish),1,0.5,0.25,2.7777777777777777,2.7389258255090816,0.013888888888888888,0.013888888888888888
m1_fish,M1 fish,region,Adelaide Metro,Adelaide Metro,Bloom 2026-01,36,Arripidae__Arripis__georgianus,Arripidae Arripis georgianus,Actinopterygii,Arripidae,Arripis,georgianus,Australian Herring,<i>Arripis georgianus</i><br>(Australian Herring),1,60,3600,2.7777777777777777,2.7389258255090816,1.6666666666666667,1.6666666666666667
m1_fish,M1 fish,region,Adelaide Metro,Adelaide Metro,Bloom 2026-01,36,Arripidae__Arripis__spp,Arripidae Arripis spp,Actinopterygii,Arripidae,Arripis,spp,NA,<i>Arripis spp</i>,0,0,0,0,0,0,0
m1_fish,M1 fish,region,Adelaide Metro,Adelaide Metro,Bloom 2026-01,36,Arripidae__Arripis__truttaceus,Arripidae Arripis truttaceus,Actinopterygii,Arripidae,Arripis,truttaceus,Western Australian Salmon,<i>Arripis truttaceus</i><br>(Western Australian Salmon),1,2.5,6.25,2.7777777777777777,2.7389258255090816,0.06944444444444445,0.06944444444444445
m1_fish,M1 fish,region,Adelaide Metro,Adelaide Metro,Bloom 2026-01,36,Atherinidae__Atherinidae__spp,Atherinidae Unknown spp,Actinopterygii,Atherinidae,Atherinidae,spp,NA,<i>Atherinidae spp</i>,0,0,0,0,0,0,0
m1_fish,M1 fish,region,Adelaide Metro,Adelaide Metro,Bloom 2026-01,36,Berycidae__Centroberyx__gerrardi,Berycidae Centroberyx gerrardi,Actinopterygii,Berycidae,Centroberyx,gerrardi,Bight Redfish,<i>Centroberyx gerrardi</i><br>(Bight Redfish),0,0,0,0,0,0,0
m1_fish,M1 fish,region,Adelaide Metro,Adelaide Metro,Bloom 2026-01,36,Berycidae__Centroberyx__lineatus,Berycidae Centroberyx lineatus,Actinopterygii,Berycidae,Centroberyx,lineatus,Swallowtail,<i>Centroberyx lineatus</i><br>(Swallowtail),0,0,0,0,0,0,0
m1_fish,M1 fish,region,Adelaide Metro,Adelaide Metro,Bloom 2026-01,36,Bovichtidae__Bovichtus__angustifrons,Bovichtidae Bovichtus angustifrons,Actinopterygii,Bovichtidae,Bovichtus,angustifrons,Dragonet,<i>Bovichtus angustifrons</i><br>(Dragonet),0,0,0,0,0,0,0
m1_fish,M1 fish,region,Adelaide Metro,Adelaide Metro,Bloom 2026-01,36,Callionymidae__Eocallionymus__papilio,Callionymidae Eocallionymus papilio,Actinopterygii,Callionymidae,Eocallionymus,papilio,Painted Stinkfish,<i>Eocallionymus papilio</i><br>(Painted Stinkfish),0,0,0,0,0,0,0
m1_fish,M1 fish,region,Adelaide Metro,Adelaide Metro,Bloom 2026-01,36,Carangidae__Pseudocaranx__spp,Carangidae Pseudocaranx spp,Actinopterygii,Carangidae,Pseudocaranx,spp,NA,<i>Pseudocaranx spp</i>,0,0,0,0,0,0,0
m1_fish,M1 fish,region,Adelaide Metro,Adelaide Metro,Bloom 2026-01,36,Carangidae__Seriola__lalandi,Carangidae Seriola lalandi,Actinopterygii,Carangidae,Seriola,lalandi,Yellowtail Kingfish,<i>Seriola lalandi</i><br>(Yellowtail Kingfish),0,0,0,0,0,0,0
m1_fish,M1 fish,region,Adelaide Metro,Adelaide Metro,Bloom 2026-01,36,Carangidae__Trachurus__novaezelandiae,Carangidae Trachurus novaezelandiae,Actinopterygii,Carangidae,Trachurus,novaezelandiae,Yellowtail Scad,<i>Trachurus novaezelandiae</i><br>(Yellowtail Scad),0,0,0,0,0,0,0
m1_fish,M1 fish,region,Adelaide Metro,Adelaide Metro,Bloom 2026-01,36,Chaetodontidae__Chelmonops__curiosus,Chaetodontidae Chelmonops curiosus,Actinopterygii,Chaetodontidae,Chelmonops,curiosus,Western Talma,<i>Chelmonops curiosus</i><br>(Western Talma),14,33,105.5,38.888888888888886,8.124967025363077,0.9166666666666666,0.24438130497691968
m1_fish,M1 fish,region,Adelaide Metro,Adelaide Metro,Bloom 2026-01,36,Cheilodactylidae__Cheilodactylus__nigripes,Cheilodactylidae Cheilodactylus nigripes,Actinopterygii,Cheilodactylidae,Cheilodactylus,nigripes,Magpie Perch,<i>Cheilodactylus nigripes</i><br>(Magpie Perch),19,30,93,52.77777777777778,8.320463312783069,0.8333333333333334,0.2323106841457232
m1_fish,M1 fish,region,Adelaide Metro,Adelaide Metro,Bloom 2026-01,36,Cheilodactylidae__Cheilodactylus__spectabilis,Cheilodactylidae Cheilodactylus spectabilis,Actinopterygii,Cheilodactylidae,Cheilodactylus,spectabilis,Banded Morwong,<i>Cheilodactylus spectabilis</i><br>(Banded Morwong),0,0,0,0,0,0,0
m1_fish,M1 fish,region,Adelaide Metro,Adelaide Metro,Bloom 2026-01,36,Cheilodactylidae__Dactylophora__nigricans,Cheilodactylidae Dactylophora nigricans,Actinopterygii,Cheilodactylidae,Dactylophora,nigricans,Dusky Morwong,<i>Dactylophora nigricans</i><br>(Dusky Morwong),4,2.5,1.75,11.11111111111111,5.237828008789241,0.06944444444444445,0.03537092439799898
m1_fish,M1 fish,region,Adelaide Metro,Adelaide Metro,Bloom 2026-01,36,Cheilodactylidae__Nemadactylus__valenciennesi,Cheilodactylidae Nemadactylus valenciennesi,Actinopterygii,Cheilodactylidae,Nemadactylus,valenciennesi,Blue Morwong,<i>Nemadactylus valenciennesi</i><br>(Blue Morwong),1,0.5,0.25,2.7777777777777777,2.7389258255090816,0.013888888888888888,0.013888888888888888
m1_fish,M1 fish,region,Adelaide Metro,Adelaide Metro,Bloom 2026-01,36,Chironemidae__Chironemus__georgianus,Chironemidae Chironemus georgianus,Actinopterygii,Chironemidae,Chironemus,georgianus,Western Kelpfish,<i>Chironemus georgianus</i><br>(Western Kelpfish),0,0,0,0,0,0,0
m1_fish,M1 fish,region,Adelaide Metro,Adelaide Metro,Bloom 2026-01,36,Chironemidae__Chironemus__maculosus,Chironemidae Chironemus maculosus,Actinopterygii,Chironemidae,Chironemus,maculosus,Silver Spot,<i>Chironemus maculosus</i><br>(Silver Spot),0,0,0,0,0,0,0
m1_fish,M1 fish,region,Adelaide Metro,Adelaide Metro,Bloom 2026-01,36,Clinidae__Heteroclinus__spp,Clinidae Heteroclinus spp,Actinopterygii,Clinidae,Heteroclinus,spp,NA,<i>Heteroclinus spp</i>,0,0,0,0,0,0,0
m1_fish,M1 fish,region,Adelaide Metro,Adelaide Metro,Bloom 2026-01,36,Clupeidae__Clupeidae__spp,Clupeidae Unknown spp,Actinopterygii,Clupeidae,Clupeidae,spp,NA,<i>Clupeidae spp</i>,0,0,0,0,0,0,0
m1_fish,M1 fish,region,Adelaide Metro,Adelaide Metro,Bloom 2026-01,36,Clupeidae__Hyperlophus__vittatus,Clupeidae Hyperlophus vittatus,Actinopterygii,Clupeidae,Hyperlophus,vittatus,Sandy Sprat,<i>Hyperlophus vittatus</i><br>(Sandy Sprat),0,0,0,0,0,0,0
m1_fish,M1 fish,region,Adelaide Metro,Adelaide Metro,Bloom 2026-01,36,Clupeidae__Spratelloides__robustus,Clupeidae Spratelloides robustus,Actinopterygii,Clupeidae,Spratelloides,robustus,Blue Sprat,<i>Spratelloides robustus</i><br>(Blue Sprat),0,0,0,0,0,0,0
m1_fish,M1 fish,region,Adelaide Metro,Adelaide Metro,Bloom 2026-01,36,Dasyatidae__Bathytoshia__lata,Dasyatidae Bathytoshia lata,Elasmobranchii,Dasyatidae,Bathytoshia,lata,Black Stingray,<i>Bathytoshia lata</i><br>(Black Stingray),0,0,0,0,0,0,0
m1_fish,M1 fish,region,Adelaide Metro,Adelaide Metro,Bloom 2026-01,36,Dinolestidae__Dinolestes__lewini,Dinolestidae Dinolestes lewini,Actinopterygii,Dinolestidae,Dinolestes,lewini,Longfin Pike,<i>Dinolestes lewini</i><br>(Longfin Pike),1,0.5,0.25,2.7777777777777777,2.7389258255090816,0.013888888888888888,0.013888888888888888
m1_fish,M1 fish,region,Adelaide Metro,Adelaide Metro,Bloom 2026-01,36,Diodontidae__Diodon__nicthemerus,Diodontidae Diodon nicthemerus,Actinopterygii,Diodontidae,Diodon,nicthemerus,Globefish,<i>Diodon nicthemerus</i><br>(Globefish),0,0,0,0,0,0,0
m1_fish,M1 fish,region,Adelaide Metro,Adelaide Metro,Bloom 2026-01,36,Enoplosidae__Enoplosus__armatus,Enoplosidae Enoplosus armatus,Actinopterygii,Enoplosidae,Enoplosus,armatus,Old Wife,<i>Enoplosus armatus</i><br>(Old Wife),8,9,11,22.22222222222222,6.928995160692483,0.25,0.08333333333333333
m1_fish,M1 fish,region,Adelaide Metro,Adelaide Metro,Bloom 2026-01,36,Gerreidae__Parequula__melbournensis,Gerreidae Parequula melbournensis,Actinopterygii,Gerreidae,Parequula,melbournensis,Silverbelly,<i>Parequula melbournensis</i><br>(Silverbelly),0,0,0,0,0,0,0
m1_fish,M1 fish,region,Adelaide Metro,Adelaide Metro,Bloom 2026-01,36,Girellidae__Girella__tricuspidata,Girellidae Girella tricuspidata,Actinopterygii,Girellidae,Girella,tricuspidata,Luderick,<i>Girella tricuspidata</i><br>(Luderick),0,0,0,0,0,0,0
m1_fish,M1 fish,region,Adelaide Metro,Adelaide Metro,Bloom 2026-01,36,Girellidae__Girella__zebra,Girellidae Girella zebra,Actinopterygii,Girellidae,Girella,zebra,Zebrafish,<i>Girella zebra</i><br>(Zebrafish),6,179,16526.5,16.666666666666668,6.211299937499416,4.972222222222222,3.522768597149869
m1_fish,M1 fish,region,Adelaide Metro,Adelaide Metro,Bloom 2026-01,36,Gobiesocidae__Gobiesocidae__spp,Gobiesocidae Unknown spp,Actinopterygii,Gobiesocidae,Gobiesocidae,spp,NA,<i>Gobiesocidae spp</i>,0,0,0,0,0,0,0
m1_fish,M1 fish,region,Adelaide Metro,Adelaide Metro,Bloom 2026-01,36,Gobiidae__Gobiidae__spp,Gobiidae Unknown spp,Actinopterygii,Gobiidae,Gobiidae,spp,NA,<i>Gobiidae spp</i>,0,0,0,0,0,0,0
m1_fish,M1 fish,region,Adelaide Metro,Adelaide Metro,Bloom 2026-01,36,Gobiidae__Nesogobius__pulchellus,Gobiidae Nesogobius pulchellus,Actinopterygii,Gobiidae,Nesogobius,pulchellus,Sailfin Goby,<i>Nesogobius pulchellus</i><br>(Sailfin Goby),0,0,0,0,0,0,0
m1_fish,M1 fish,region,Adelaide Metro,Adelaide Metro,Bloom 2026-01,36,Heterodontidae__Heterodontus__portusjacksoni,Heterodontidae Heterodontus portusjacksoni,Elasmobranchii,Heterodontidae,Heterodontus,portusjacksoni,Port Jackson Shark,<i>Heterodontus portusjacksoni</i><br>(Port Jackson Shark),0,0,0,0,0,0,0
m1_fish,M1 fish,region,Adelaide Metro,Adelaide Metro,Bloom 2026-01,36,Hypnidae__Hypnos__monopterygius,Hypnidae Hypnos monopterygius,Elasmobranchii,Hypnidae,Hypnos,monopterygius,Coffin Ray,<i>Hypnos monopterygius</i><br>(Coffin Ray),0,0,0,0,0,0,0
m1_fish,M1 fish,region,Adelaide Metro,Adelaide Metro,Bloom 2026-01,36,Kyphosidae__Kyphosus__sydneyanus,Kyphosidae Kyphosus sydneyanus,Actinopterygii,Kyphosidae,Kyphosus,sydneyanus,Silver Drummer,<i>Kyphosus sydneyanus</i><br>(Silver Drummer),17,52.5,301.75,47.22222222222222,8.320463312783069,1.4583333333333333,0.42275316450056066
m1_fish,M1 fish,region,Adelaide Metro,Adelaide Metro,Bloom 2026-01,36,Labridae__Achoerodus__gouldii,Labridae Achoerodus gouldii,Actinopterygii,Labridae,Achoerodus,gouldii,Western Blue Groper,<i>Achoerodus gouldii</i><br>(Western Blue Groper),0,0,0,0,0,0,0
m1_fish,M1 fish,region,Adelaide Metro,Adelaide Metro,Bloom 2026-01,36,Labridae__Austrolabrus__maculatus,Labridae Austrolabrus maculatus,Actinopterygii,Labridae,Austrolabrus,maculatus,Blackspotted Wrasse,<i>Austrolabrus maculatus</i><br>(Blackspotted Wrasse),25,82,424,69.44444444444444,7.677372199896759,2.2777777777777777,0.4339027597725919
m1_fish,M1 fish,region,Adelaide Metro,Adelaide Metro,Bloom 2026-01,36,Labridae__Dotalabrus__aurantiacus,Labridae Dotalabrus aurantiacus,Actinopterygii,Labridae,Dotalabrus,aurantiacus,Castelnau's Wrasse,<i>Dotalabrus aurantiacus</i><br>(Castelnau's Wrasse),6,4.5,4.25,16.666666666666668,6.211299937499416,0.125,0.0540979417500084
m1_fish,M1 fish,region,Adelaide Metro,Adelaide Metro,Bloom 2026-01,36,Labridae__Eupetrichthys__angustipes,Labridae Eupetrichthys angustipes,Actinopterygii,Labridae,Eupetrichthys,angustipes,Snakeskin Wrasse,<i>Eupetrichthys angustipes</i><br>(Snakeskin Wrasse),0,0,0,0,0,0,0
m1_fish,M1 fish,region,Adelaide Metro,Adelaide Metro,Bloom 2026-01,36,Labridae__Haletta__semifasciata,Labridae Haletta semifasciata,Actinopterygii,Labridae,Haletta,semifasciata,Blue Weed Whiting,<i>Haletta semifasciata</i><br>(Blue Weed Whiting),0,0,0,0,0,0,0
m1_fish,M1 fish,region,Adelaide Metro,Adelaide Metro,Bloom 2026-01,36,Labridae__Heteroscarus__acroptilus,Labridae Heteroscarus acroptilus,Actinopterygii,Labridae,Heteroscarus,acroptilus,Rainbow Cale,<i>Heteroscarus acroptilus</i><br>(Rainbow Cale),0,0,0,0,0,0,0
m1_fish,M1 fish,region,Adelaide Metro,Adelaide Metro,Bloom 2026-01,36,Labridae__Neoodax__balteatus,Labridae Neoodax balteatus,Actinopterygii,Labridae,Neoodax,balteatus,Little Weed Whiting,<i>Neoodax balteatus</i><br>(Little Weed Whiting),0,0,0,0,0,0,0
m1_fish,M1 fish,region,Adelaide Metro,Adelaide Metro,Bloom 2026-01,36,Labridae__Notolabrus__fucicola,Labridae Notolabrus fucicola,Actinopterygii,Labridae,Notolabrus,fucicola,Purple Wrasse,<i>Notolabrus fucicola</i><br>(Purple Wrasse),0,0,0,0,0,0,0
m1_fish,M1 fish,region,Adelaide Metro,Adelaide Metro,Bloom 2026-01,36,Labridae__Notolabrus__parilus,Labridae Notolabrus parilus,Actinopterygii,Labridae,Notolabrus,parilus,Brownspotted Wrasse,<i>Notolabrus parilus</i><br>(Brownspotted Wrasse),31,102,498.5,86.11111111111111,5.763842406476264,2.8333333333333335,0.40776199095776605
m1_fish,M1 fish,region,Adelaide Metro,Adelaide Metro,Bloom 2026-01,36,Labridae__Notolabrus__tetricus,Labridae Notolabrus tetricus,Actinopterygii,Labridae,Notolabrus,tetricus,Bluethroat Wrasse,<i>Notolabrus tetricus</i><br>(Bluethroat Wrasse),12,11.5,15.75,33.333333333333336,7.856742013183863,0.3194444444444444,0.09790013087888234
m1_fish,M1 fish,region,Adelaide Metro,Adelaide Metro,Bloom 2026-01,36,Labridae__Olisthops__cyanomelas,Labridae Olisthops cyanomelas,Actinopterygii,Labridae,Olisthops,cyanomelas,Herring Cale,<i>Olisthops cyanomelas</i><br>(Herring Cale),4,13.5,71.25,11.11111111111111,5.237828008789241,0.375,0.22919372134672866
m1_fish,M1 fish,region,Adelaide Metro,Adelaide Metro,Bloom 2026-01,36,Labridae__Ophthalmolepis__lineolatus,Labridae Ophthalmolepis lineolatus,Actinopterygii,Labridae,Ophthalmolepis,lineolatus,Southern Maori Wrasse,<i>Ophthalmolepis lineolatus</i><br>(Southern Maori Wrasse),0,0,0,0,0,0,0
m1_fish,M1 fish,region,Adelaide Metro,Adelaide Metro,Bloom 2026-01,36,Labridae__Pictilabrus__laticlavius,Labridae Pictilabrus laticlavius,Actinopterygii,Labridae,Pictilabrus,laticlavius,Senator Wrasse,<i>Pictilabrus laticlavius</i><br>(Senator Wrasse),1,1.5,2.25,2.7777777777777777,2.7389258255090816,0.041666666666666664,0.041666666666666664
m1_fish,M1 fish,region,Adelaide Metro,Adelaide Metro,Bloom 2026-01,36,Labridae__Pseudolabrus__rubicundus,Labridae Pseudolabrus rubicundus,Actinopterygii,Labridae,Pseudolabrus,rubicundus,Rosy Wrasse,<i>Pseudolabrus rubicundus</i><br>(Rosy Wrasse),0,0,0,0,0,0,0
m1_fish,M1 fish,region,Adelaide Metro,Adelaide Metro,Bloom 2026-01,36,Labridae__Siphonognathus__argyrophanes,Labridae Siphonognathus argyrophanes,Actinopterygii,Labridae,Siphonognathus,argyrophanes,Tubemouth,<i>Siphonognathus argyrophanes</i><br>(Tubemouth),0,0,0,0,0,0,0
m1_fish,M1 fish,region,Adelaide Metro,Adelaide Metro,Bloom 2026-01,36,Labridae__Siphonognathus__attenuatus,Labridae Siphonognathus attenuatus,Actinopterygii,Labridae,Siphonognathus,attenuatus,Slender Weed Whiting,<i>Siphonognathus attenuatus</i><br>(Slender Weed Whiting),0,0,0,0,0,0,0
m1_fish,M1 fish,region,Adelaide Metro,Adelaide Metro,Bloom 2026-01,36,Labridae__Siphonognathus__beddomei,Labridae Siphonognathus beddomei,Actinopterygii,Labridae,Siphonognathus,beddomei,Pencil Weed Whiting,<i>Siphonognathus beddomei</i><br>(Pencil Weed Whiting),0,0,0,0,0,0,0
m1_fish,M1 fish,region,Adelaide Metro,Adelaide Metro,Bloom 2026-01,36,Labridae__Siphonognathus__caninis,Labridae Siphonognathus caninis,Actinopterygii,Labridae,Siphonognathus,caninis,Sharpnose Weed Whiting,<i>Siphonognathus caninis</i><br>(Sharpnose Weed Whiting),0,0,0,0,0,0,0
m1_fish,M1 fish,region,Adelaide Metro,Adelaide Metro,Bloom 2026-01,36,Labridae__Siphonognathus__radiatus,Labridae Siphonognathus radiatus,Actinopterygii,Labridae,Siphonognathus,radiatus,Longray Weed Whiting,<i>Siphonognathus radiatus</i><br>(Longray Weed Whiting),0,0,0,0,0,0,0
m1_fish,M1 fish,region,Adelaide Metro,Adelaide Metro,Bloom 2026-01,36,Labridae__Siphonognathus__spp,Labridae Siphonognathus spp,Actinopterygii,Labridae,Siphonognathus,spp,NA,<i>Siphonognathus spp</i>,0,0,0,0,0,0,0
m1_fish,M1 fish,region,Adelaide Metro,Adelaide Metro,Bloom 2026-01,36,Labridae__Siphonognathus__tanyourus,Labridae Siphonognathus tanyourus,Actinopterygii,Labridae,Siphonognathus,tanyourus,Longtail Weed Whiting,<i>Siphonognathus tanyourus</i><br>(Longtail Weed Whiting),0,0,0,0,0,0,0
m1_fish,M1 fish,region,Adelaide Metro,Adelaide Metro,Bloom 2026-01,36,Microcanthidae__Neatypus__obliquus,Microcanthidae Neatypus obliquus,Actinopterygii,Microcanthidae,Neatypus,obliquus,Footballer Sweep,<i>Neatypus obliquus</i><br>(Footballer Sweep),0,0,0,0,0,0,0
m1_fish,M1 fish,region,Adelaide Metro,Adelaide Metro,Bloom 2026-01,36,Microcanthidae__Tilodon__sexfasciatus,Microcanthidae Tilodon sexfasciatus,Actinopterygii,Microcanthidae,Tilodon,sexfasciatus,Moonlighter,<i>Tilodon sexfasciatus</i><br>(Moonlighter),3,1.5,0.75,8.333333333333334,4.606423319938055,0.041666666666666664,0.023358829607557835
m1_fish,M1 fish,region,Adelaide Metro,Adelaide Metro,Bloom 2026-01,36,Monacanthidae__Acanthaluteres__brownii,Monacanthidae Acanthaluteres brownii,Actinopterygii,Monacanthidae,Acanthaluteres,brownii,Spinytail Leatherjacket,<i>Acanthaluteres brownii</i><br>(Spinytail Leatherjacket),0,0,0,0,0,0,0
m1_fish,M1 fish,region,Adelaide Metro,Adelaide Metro,Bloom 2026-01,36,Monacanthidae__Acanthaluteres__spilomelanurus,Monacanthidae Acanthaluteres spilomelanurus,Actinopterygii,Monacanthidae,Acanthaluteres,spilomelanurus,Bridled Leatherjacket,<i>Acanthaluteres spilomelanurus</i><br>(Bridled Leatherjacket),0,0,0,0,0,0,0
m1_fish,M1 fish,region,Adelaide Metro,Adelaide Metro,Bloom 2026-01,36,Monacanthidae__Acanthaluteres__vittiger,Monacanthidae Acanthaluteres vittiger,Actinopterygii,Monacanthidae,Acanthaluteres,vittiger,Toothbrush Leatherjacket,<i>Acanthaluteres vittiger</i><br>(Toothbrush Leatherjacket),0,0,0,0,0,0,0
m1_fish,M1 fish,region,Adelaide Metro,Adelaide Metro,Bloom 2026-01,36,Monacanthidae__Brachaluteres__jacksonianus,Monacanthidae Brachaluteres jacksonianus,Actinopterygii,Monacanthidae,Brachaluteres,jacksonianus,Southern Pygmy Leatherjacket,<i>Brachaluteres jacksonianus</i><br>(Southern Pygmy Leatherjacket),0,0,0,0,0,0,0
m1_fish,M1 fish,region,Adelaide Metro,Adelaide Metro,Bloom 2026-01,36,Monacanthidae__Eubalichthys__gunnii,Monacanthidae Eubalichthys gunnii,Actinopterygii,Monacanthidae,Eubalichthys,gunnii,Gunn's Leatherjacket,<i>Eubalichthys gunnii</i><br>(Gunn's Leatherjacket),0,0,0,0,0,0,0
m1_fish,M1 fish,region,Adelaide Metro,Adelaide Metro,Bloom 2026-01,36,Monacanthidae__Eubalichthys__mosaicus,Monacanthidae Eubalichthys mosaicus,Actinopterygii,Monacanthidae,Eubalichthys,mosaicus,Mosaic Leatherjacket,<i>Eubalichthys mosaicus</i><br>(Mosaic Leatherjacket),0,0,0,0,0,0,0
m1_fish,M1 fish,region,Adelaide Metro,Adelaide Metro,Bloom 2026-01,36,Monacanthidae__Meuschenia__flavolineata,Monacanthidae Meuschenia flavolineata,Actinopterygii,Monacanthidae,Meuschenia,flavolineata,Yellowstriped Leatherjacket,<i>Meuschenia flavolineata</i><br>(Yellowstriped Leatherjacket),6,6.5,10.25,16.666666666666668,6.211299937499416,0.18055555555555555,0.08487333647942628
m1_fish,M1 fish,region,Adelaide Metro,Adelaide Metro,Bloom 2026-01,36,Monacanthidae__Meuschenia__freycineti,Monacanthidae Meuschenia freycineti,Actinopterygii,Monacanthidae,Meuschenia,freycineti,Sixspine Leatherjacket,<i>Meuschenia freycineti</i><br>(Sixspine Leatherjacket),5,2.5,1.25,13.88888888888889,5.7638424064762654,0.06944444444444445,0.029228015600508403
m1_fish,M1 fish,region,Adelaide Metro,Adelaide Metro,Bloom 2026-01,36,Monacanthidae__Meuschenia__galii,Monacanthidae Meuschenia galii,Actinopterygii,Monacanthidae,Meuschenia,galii,Bluelined Leatherjacket,<i>Meuschenia galii</i><br>(Bluelined Leatherjacket),0,0,0,0,0,0,0
m1_fish,M1 fish,region,Adelaide Metro,Adelaide Metro,Bloom 2026-01,36,Monacanthidae__Meuschenia__hippocrepis,Monacanthidae Meuschenia hippocrepis,Actinopterygii,Monacanthidae,Meuschenia,hippocrepis,Horseshoe Leatherjacket,<i>Meuschenia hippocrepis</i><br>(Horseshoe Leatherjacket),2,1.5,1.25,5.555555555555555,3.8176903940904263,0.041666666666666664,0.030699516567208634
m1_fish,M1 fish,region,Adelaide Metro,Adelaide Metro,Bloom 2026-01,36,Monacanthidae__Meuschenia__venusta,Monacanthidae Meuschenia venusta,Actinopterygii,Monacanthidae,Meuschenia,venusta,Stars-and-stripes Leatherjacket,<i>Meuschenia venusta</i><br>(Stars-and-stripes Leatherjacket),0,0,0,0,0,0,0
m1_fish,M1 fish,region,Adelaide Metro,Adelaide Metro,Bloom 2026-01,36,Monacanthidae__Scobinichthys__granulatus,Monacanthidae Scobinichthys granulatus,Actinopterygii,Monacanthidae,Scobinichthys,granulatus,Rough Leatherjacket,<i>Scobinichthys granulatus</i><br>(Rough Leatherjacket),0,0,0,0,0,0,0
m1_fish,M1 fish,region,Adelaide Metro,Adelaide Metro,Bloom 2026-01,36,Monacanthidae__Thamnaconus__degeni,Monacanthidae Thamnaconus degeni,Actinopterygii,Monacanthidae,Thamnaconus,degeni,Bluefin Leatherjacket,<i>Thamnaconus degeni</i><br>(Bluefin Leatherjacket),0,0,0,0,0,0,0
m1_fish,M1 fish,region,Adelaide Metro,Adelaide Metro,Bloom 2026-01,36,Mullidae__Upeneichthys__vlamingii,Mullidae Upeneichthys vlamingii,Actinopterygii,Mullidae,Upeneichthys,vlamingii,Bluespotted Goatfish,<i>Upeneichthys vlamingii</i><br>(Bluespotted Goatfish),1,0.5,0.25,2.7777777777777777,2.7389258255090816,0.013888888888888888,0.013888888888888888
m1_fish,M1 fish,region,Adelaide Metro,Adelaide Metro,Bloom 2026-01,36,Myliobatidae__Myliobatis__tenuicaudatus,Myliobatidae Myliobatis tenuicaudatus,Elasmobranchii,Myliobatidae,Myliobatis,tenuicaudatus,Southern Eagle Ray,<i>Myliobatis tenuicaudatus</i><br>(Southern Eagle Ray),0,0,0,0,0,0,0
m1_fish,M1 fish,region,Adelaide Metro,Adelaide Metro,Bloom 2026-01,36,Ophiclinidae__Ophiclinus__spp,Ophiclinidae Ophiclinus spp,Actinopterygii,Ophiclinidae,Ophiclinus,spp,NA,<i>Ophiclinus spp</i>,0,0,0,0,0,0,0
m1_fish,M1 fish,region,Adelaide Metro,Adelaide Metro,Bloom 2026-01,36,Parascylliidae__Parascyllium__ferrugineum,Parascylliidae Parascyllium ferrugineum,Elasmobranchii,Parascylliidae,Parascyllium,ferrugineum,Rusty Carpetshark,<i>Parascyllium ferrugineum</i><br>(Rusty Carpetshark),0,0,0,0,0,0,0
m1_fish,M1 fish,region,Adelaide Metro,Adelaide Metro,Bloom 2026-01,36,Parascylliidae__Parascyllium__variolatum,Parascylliidae Parascyllium variolatum,Elasmobranchii,Parascylliidae,Parascyllium,variolatum,Varied Carpetshark,<i>Parascyllium variolatum</i><br>(Varied Carpetshark),0,0,0,0,0,0,0
m1_fish,M1 fish,region,Adelaide Metro,Adelaide Metro,Bloom 2026-01,36,Pataecidae__Aetapcus__maculatus,Pataecidae Aetapcus maculatus,Actinopterygii,Pataecidae,Aetapcus,maculatus,Warty Prowfish,<i>Aetapcus maculatus</i><br>(Warty Prowfish),0,0,0,0,0,0,0
m1_fish,M1 fish,region,Adelaide Metro,Adelaide Metro,Bloom 2026-01,36,Pempherididae__Parapriacanthus__elongatus,Pempherididae Parapriacanthus elongatus,Actinopterygii,Pempherididae,Parapriacanthus,elongatus,Elongate Bullseye,<i>Parapriacanthus elongatus</i><br>(Elongate Bullseye),0,0,0,0,0,0,0
m1_fish,M1 fish,region,Adelaide Metro,Adelaide Metro,Bloom 2026-01,36,Pempherididae__Pempheris__klunzingeri,Pempherididae Pempheris klunzingeri,Actinopterygii,Pempherididae,Pempheris,klunzingeri,Rough Bullseye,<i>Pempheris klunzingeri</i><br>(Rough Bullseye),3,3,3.5,8.333333333333334,4.606423319938055,0.08333333333333333,0.050787450018337
m1_fish,M1 fish,region,Adelaide Metro,Adelaide Metro,Bloom 2026-01,36,Pempherididae__Pempheris__multiradiata,Pempherididae Pempheris multiradiata,Actinopterygii,Pempherididae,Pempheris,multiradiata,Bigscale Bullseye,<i>Pempheris multiradiata</i><br>(Bigscale Bullseye),1,1,1,2.7777777777777777,2.7389258255090816,0.027777777777777776,0.027777777777777776
m1_fish,M1 fish,region,Adelaide Metro,Adelaide Metro,Bloom 2026-01,36,Pempherididae__Pempheris__ornata,Pempherididae Pempheris ornata,Actinopterygii,Pempherididae,Pempheris,ornata,Orangelined Bullseye,<i>Pempheris ornata</i><br>(Orangelined Bullseye),0,0,0,0,0,0,0
m1_fish,M1 fish,region,Adelaide Metro,Adelaide Metro,Bloom 2026-01,36,Pempherididae__Pempheris__spp,Pempherididae Pempheris spp,Actinopterygii,Pempherididae,Pempheris,spp,NA,<i>Pempheris spp</i>,0,0,0,0,0,0,0
m1_fish,M1 fish,region,Adelaide Metro,Adelaide Metro,Bloom 2026-01,36,Pentacerotidae__Pentaceropsis__recurvirostris,Pentacerotidae Pentaceropsis recurvirostris,Actinopterygii,Pentacerotidae,Pentaceropsis,recurvirostris,Longsnout Boarfish,<i>Pentaceropsis recurvirostris</i><br>(Longsnout Boarfish),0,0,0,0,0,0,0
m1_fish,M1 fish,region,Adelaide Metro,Adelaide Metro,Bloom 2026-01,36,Pinguipedidae__Parapercis__haackei,Pinguipedidae Parapercis haackei,Actinopterygii,Pinguipedidae,Parapercis,haackei,Wavy Grubfish,<i>Parapercis haackei</i><br>(Wavy Grubfish),0,0,0,0,0,0,0
m1_fish,M1 fish,region,Adelaide Metro,Adelaide Metro,Bloom 2026-01,36,Pinguipedidae__Parapercis__ramsayi,Pinguipedidae Parapercis ramsayi,Actinopterygii,Pinguipedidae,Parapercis,ramsayi,Spotted Grubfish,<i>Parapercis ramsayi</i><br>(Spotted Grubfish),0,0,0,0,0,0,0
m1_fish,M1 fish,region,Adelaide Metro,Adelaide Metro,Bloom 2026-01,36,Platycephalidae__Leviprora__inops,Platycephalidae Leviprora inops,Actinopterygii,Platycephalidae,Leviprora,inops,Longhead Flathead,<i>Leviprora inops</i><br>(Longhead Flathead),0,0,0,0,0,0,0
m1_fish,M1 fish,region,Adelaide Metro,Adelaide Metro,Bloom 2026-01,36,Platycephalidae__Platycephalus__laevigatus,Platycephalidae Platycephalus laevigatus,Actinopterygii,Platycephalidae,Platycephalus,laevigatus,Rock Flathead,<i>Platycephalus laevigatus</i><br>(Rock Flathead),0,0,0,0,0,0,0
m1_fish,M1 fish,region,Adelaide Metro,Adelaide Metro,Bloom 2026-01,36,Platycephalidae__Platycephalus__speculator,Platycephalidae Platycephalus speculator,Actinopterygii,Platycephalidae,Platycephalus,speculator,Southern Bluespotted Flathead,<i>Platycephalus speculator</i><br>(Southern Bluespotted Flathead),0,0,0,0,0,0,0
m1_fish,M1 fish,region,Adelaide Metro,Adelaide Metro,Bloom 2026-01,36,Plesiopidae__Paraplesiops__meleagris,Plesiopidae Paraplesiops meleagris,Actinopterygii,Plesiopidae,Paraplesiops,meleagris,Southern Blue Devil,<i>Paraplesiops meleagris</i><br>(Southern Blue Devil),0,0,0,0,0,0,0
m1_fish,M1 fish,region,Adelaide Metro,Adelaide Metro,Bloom 2026-01,36,Plesiopidae__Trachinops__caudimaculatus,Plesiopidae Trachinops caudimaculatus,Actinopterygii,Plesiopidae,Trachinops,caudimaculatus,Southern Hulafish,<i>Trachinops caudimaculatus</i><br>(Southern Hulafish),0,0,0,0,0,0,0
m1_fish,M1 fish,region,Adelaide Metro,Adelaide Metro,Bloom 2026-01,36,Plesiopidae__Trachinops__noarlungae,Plesiopidae Trachinops noarlungae,Actinopterygii,Plesiopidae,Trachinops,noarlungae,Yellowhead Hulafish,<i>Trachinops noarlungae</i><br>(Yellowhead Hulafish),15,925,155519,41.666666666666664,8.216777476527245,25.694444444444443,10.225692776969169
m1_fish,M1 fish,region,Adelaide Metro,Adelaide Metro,Bloom 2026-01,36,Plotosidae__Cnidoglanis__macrocephalus,Plotosidae Cnidoglanis macrocephalus,Actinopterygii,Plotosidae,Cnidoglanis,macrocephalus,Estuary Cobbler,<i>Cnidoglanis macrocephalus</i><br>(Estuary Cobbler),0,0,0,0,0,0,0
m1_fish,M1 fish,region,Adelaide Metro,Adelaide Metro,Bloom 2026-01,36,Pomacentridae__Parma__victoriae,Pomacentridae Parma victoriae,Actinopterygii,Pomacentridae,Parma,victoriae,Scalyfin,<i>Parma victoriae</i><br>(Scalyfin),26,36,67.5,72.22222222222223,7.465053470646805,1,0.15811388300841897
m1_fish,M1 fish,region,Adelaide Metro,Adelaide Metro,Bloom 2026-01,36,Scombridae__Scomber__australasicus,Scombridae Scomber australasicus,Actinopterygii,Scombridae,Scomber,australasicus,Blue Mackerel,<i>Scomber australasicus</i><br>(Blue Mackerel),0,0,0,0,0,0,0
m1_fish,M1 fish,region,Adelaide Metro,Adelaide Metro,Bloom 2026-01,36,Scorpididae__Scorpis__aequipinnis,Scorpididae Scorpis aequipinnis,Actinopterygii,Scorpididae,Scorpis,aequipinnis,Sea Sweep,<i>Scorpis aequipinnis</i><br>(Sea Sweep),28,310.5,11889.75,77.77777777777777,6.928995160692483,8.625,2.7038607758607127
m1_fish,M1 fish,region,Adelaide Metro,Adelaide Metro,Bloom 2026-01,36,Scorpididae__Scorpis__georgiana,Scorpididae Scorpis georgiana,Actinopterygii,Scorpididae,Scorpis,georgiana,Banded Sweep,<i>Scorpis georgiana</i><br>(Banded Sweep),0,0,0,0,0,0,0
m1_fish,M1 fish,region,Adelaide Metro,Adelaide Metro,Bloom 2026-01,36,Scorpididae__Scorpis__lineolata,Scorpididae Scorpis lineolata,Actinopterygii,Scorpididae,Scorpis,lineolata,Silver Sweep,<i>Scorpis lineolata</i><br>(Silver Sweep),0,0,0,0,0,0,0
m1_fish,M1 fish,region,Adelaide Metro,Adelaide Metro,Bloom 2026-01,36,Serranidae__Caesioperca__rasor,Serranidae Caesioperca rasor,Actinopterygii,Serranidae,Caesioperca,rasor,Barber Perch,<i>Caesioperca rasor</i><br>(Barber Perch),0,0,0,0,0,0,0
m1_fish,M1 fish,region,Adelaide Metro,Adelaide Metro,Bloom 2026-01,36,Serranidae__Hypoplectrodes__nigroruber,Serranidae Hypoplectrodes nigroruber,Actinopterygii,Serranidae,Hypoplectrodes,nigroruber,Banded Seaperch,<i>Hypoplectrodes nigroruber</i><br>(Banded Seaperch),3,1.5,0.75,8.333333333333334,4.606423319938055,0.041666666666666664,0.023358829607557835
m1_fish,M1 fish,region,Adelaide Metro,Adelaide Metro,Bloom 2026-01,36,Serranidae__Othos__dentex,Serranidae Othos dentex,Actinopterygii,Serranidae,Othos,dentex,Harlequin Fish,<i>Othos dentex</i><br>(Harlequin Fish),0,0,0,0,0,0,0
m1_fish,M1 fish,region,Adelaide Metro,Adelaide Metro,Bloom 2026-01,36,Sillaginidae__Sillaginidae__spp,Sillaginidae Unknown spp,Actinopterygii,Sillaginidae,Sillaginidae,spp,NA,<i>Sillaginidae spp</i>,0,0,0,0,0,0,0
m1_fish,M1 fish,region,Adelaide Metro,Adelaide Metro,Bloom 2026-01,36,Sillaginidae__Sillaginodes__punctatus,Sillaginidae Sillaginodes punctatus,Actinopterygii,Sillaginidae,Sillaginodes,punctatus,King George Whiting,<i>Sillaginodes punctatus</i><br>(King George Whiting),0,0,0,0,0,0,0
m1_fish,M1 fish,region,Adelaide Metro,Adelaide Metro,Bloom 2026-01,36,Sparidae__Acanthopagrus__butcheri,Sparidae Acanthopagrus butcheri,Actinopterygii,Sparidae,Acanthopagrus,butcheri,Black Bream,<i>Acanthopagrus butcheri</i><br>(Black Bream),0,0,0,0,0,0,0
m1_fish,M1 fish,region,Adelaide Metro,Adelaide Metro,Bloom 2026-01,36,Sparidae__Chrysophrys__auratus,Sparidae Chrysophrys auratus,Actinopterygii,Sparidae,Chrysophrys,auratus,Snapper,<i>Chrysophrys auratus</i><br>(Snapper),4,42,1021.5,11.11111111111111,5.237828008789241,1.1666666666666667,0.8785359394045282
m1_fish,M1 fish,region,Adelaide Metro,Adelaide Metro,Bloom 2026-01,36,Sphyraenidae__Sphyraena__novaehollandiae,Sphyraenidae Sphyraena novaehollandiae,Actinopterygii,Sphyraenidae,Sphyraena,novaehollandiae,Snook,<i>Sphyraena novaehollandiae</i><br>(Snook),0,0,0,0,0,0,0
m1_fish,M1 fish,region,Adelaide Metro,Adelaide Metro,Bloom 2026-01,36,Syngnathidae__Phycodurus__eques,Syngnathidae Phycodurus eques,Actinopterygii,Syngnathidae,Phycodurus,eques,Leafy Seadragon,<i>Phycodurus eques</i><br>(Leafy Seadragon),0,0,0,0,0,0,0
m1_fish,M1 fish,region,Adelaide Metro,Adelaide Metro,Bloom 2026-01,36,Syngnathidae__Phyllopteryx__taeniolatus,Syngnathidae Phyllopteryx taeniolatus,Actinopterygii,Syngnathidae,Phyllopteryx,taeniolatus,Common Seadragon,<i>Phyllopteryx taeniolatus</i><br>(Common Seadragon),0,0,0,0,0,0,0
m1_fish,M1 fish,region,Adelaide Metro,Adelaide Metro,Bloom 2026-01,36,Syngnathidae__Pugnaso__curtirostris,Syngnathidae Pugnaso curtirostris,Actinopterygii,Syngnathidae,Pugnaso,curtirostris,Pugnose Pipefish,<i>Pugnaso curtirostris</i><br>(Pugnose Pipefish),0,0,0,0,0,0,0
m1_fish,M1 fish,region,Adelaide Metro,Adelaide Metro,Bloom 2026-01,36,Terapontidae__Helotes__octolineatus,Terapontidae Helotes octolineatus,Actinopterygii,Terapontidae,Helotes,octolineatus,NA,<i>Helotes octolineatus</i>,0,0,0,0,0,0,0
m1_fish,M1 fish,region,Adelaide Metro,Adelaide Metro,Bloom 2026-01,36,Tetraodontidae__Omegophora__armilla,Tetraodontidae Omegophora armilla,Actinopterygii,Tetraodontidae,Omegophora,armilla,Ringed Toadfish,<i>Omegophora armilla</i><br>(Ringed Toadfish),0,0,0,0,0,0,0
m1_fish,M1 fish,region,Adelaide Metro,Adelaide Metro,Bloom 2026-01,36,Tetraodontidae__Omegophora__cyanopunctata,Tetraodontidae Omegophora cyanopunctata,Actinopterygii,Tetraodontidae,Omegophora,cyanopunctata,Bluespotted Toadfish,<i>Omegophora cyanopunctata</i><br>(Bluespotted Toadfish),0,0,0,0,0,0,0
m1_fish,M1 fish,region,Adelaide Metro,Adelaide Metro,Bloom 2026-01,36,Tetraodontidae__Tetractenos__glaber,Tetraodontidae Tetractenos glaber,Actinopterygii,Tetraodontidae,Tetractenos,glaber,Smooth Toadfish,<i>Tetractenos glaber</i><br>(Smooth Toadfish),0,0,0,0,0,0,0
m1_fish,M1 fish,region,Adelaide Metro,Adelaide Metro,Bloom 2026-01,36,Tetraodontidae__Torquigener__pleurogramma,Tetraodontidae Torquigener pleurogramma,Actinopterygii,Tetraodontidae,Torquigener,pleurogramma,Weeping Toadfish,<i>Torquigener pleurogramma</i><br>(Weeping Toadfish),0,0,0,0,0,0,0
m1_fish,M1 fish,region,Adelaide Metro,Adelaide Metro,Bloom 2026-01,36,Trachichthyidae__Trachichthys__australis,Trachichthyidae Trachichthys australis,Actinopterygii,Trachichthyidae,Trachichthys,australis,Southern Roughy,<i>Trachichthys australis</i><br>(Southern Roughy),0,0,0,0,0,0,0
m1_fish,M1 fish,region,Adelaide Metro,Adelaide Metro,Bloom 2026-01,36,Tripterygiidae__Helcogramma__decurrens,Tripterygiidae Helcogramma decurrens,Actinopterygii,Tripterygiidae,Helcogramma,decurrens,Blackthroat Threefin,<i>Helcogramma decurrens</i><br>(Blackthroat Threefin),0,0,0,0,0,0,0
m1_fish,M1 fish,region,Adelaide Metro,Adelaide Metro,Bloom 2026-01,36,Tripterygiidae__Trinorfolkia__clarkei,Tripterygiidae Trinorfolkia clarkei,Actinopterygii,Tripterygiidae,Trinorfolkia,clarkei,Clark's Threefin,<i>Trinorfolkia clarkei</i><br>(Clark's Threefin),0,0,0,0,0,0,0
m1_fish,M1 fish,region,Adelaide Metro,Adelaide Metro,Bloom 2026-01,36,Tripterygiidae__Trinorfolkia__cristata,Tripterygiidae Trinorfolkia cristata,Actinopterygii,Tripterygiidae,Trinorfolkia,cristata,Crested Threefin,<i>Trinorfolkia cristata</i><br>(Crested Threefin),0,0,0,0,0,0,0
m1_fish,M1 fish,region,Adelaide Metro,Adelaide Metro,Bloom 2026-01,36,Tripterygiidae__Tripterygiidae__spp,Tripterygiidae Unknown spp,Actinopterygii,Tripterygiidae,Tripterygiidae,spp,NA,<i>Tripterygiidae spp</i>,0,0,0,0,0,0,0
m1_fish,M1 fish,region,Adelaide Metro,Adelaide Metro,Bloom 2026-01,36,Trygonorrhinidae__Aptychotrema__vincentiana,Trygonorrhinidae Aptychotrema vincentiana,Elasmobranchii,Trygonorrhinidae,Aptychotrema,vincentiana,Western Shovelnose Ray,<i>Aptychotrema vincentiana</i><br>(Western Shovelnose Ray),0,0,0,0,0,0,0
m1_fish,M1 fish,region,Adelaide Metro,Adelaide Metro,Bloom 2026-01,36,Trygonorrhinidae__Trygonorrhina__fasciata,Trygonorrhinidae Trygonorrhina fasciata,Elasmobranchii,Trygonorrhinidae,Trygonorrhina,fasciata,Eastern Fiddler Ray,<i>Trygonorrhina fasciata</i><br>(Eastern Fiddler Ray),0,0,0,0,0,0,0
m1_fish,M1 fish,region,Adelaide Metro,Adelaide Metro,Bloom 2026-01,36,Urolophidae__Urolophus__spp,Urolophidae Urolophus spp,Elasmobranchii,Urolophidae,Urolophus,spp,NA,<i>Urolophus spp</i>,0,0,0,0,0,0,0
m1_fish,M1 fish,region,Adelaide Metro,Adelaide Metro,Pre-bloom,282,Antennariidae__Rhycherus__filamentosus,Antennariidae Rhycherus filamentosus,Actinopterygii,Antennariidae,Rhycherus,filamentosus,Tasselled Anglerfish,<i>Rhycherus filamentosus</i><br>(Tasselled Anglerfish),0,0,0,0,0,0,0
m1_fish,M1 fish,region,Adelaide Metro,Adelaide Metro,Pre-bloom,282,Aplodactylidae__Aplodactylus__arctidens,Aplodactylidae Aplodactylus arctidens,Actinopterygii,Aplodactylidae,Aplodactylus,arctidens,Marblefish,<i>Aplodactylus arctidens</i><br>(Marblefish),0,0,0,0,0,0,0
m1_fish,M1 fish,region,Adelaide Metro,Adelaide Metro,Pre-bloom,282,Aplodactylidae__Aplodactylus__westralis,Aplodactylidae Aplodactylus westralis,Actinopterygii,Aplodactylidae,Aplodactylus,westralis,Western Seacarp,<i>Aplodactylus westralis</i><br>(Western Seacarp),0,0,0,0,0,0,0
m1_fish,M1 fish,region,Adelaide Metro,Adelaide Metro,Pre-bloom,282,Apogonidae__Ostorhinchus__victoriae,Apogonidae Ostorhinchus victoriae,Actinopterygii,Apogonidae,Ostorhinchus,victoriae,Western Striped Cardinalfish,<i>Ostorhinchus victoriae</i><br>(Western Striped Cardinalfish),0,0,0,0,0,0,0
m1_fish,M1 fish,region,Adelaide Metro,Adelaide Metro,Pre-bloom,282,Apogonidae__Siphamia__cephalotes,Apogonidae Siphamia cephalotes,Actinopterygii,Apogonidae,Siphamia,cephalotes,Wood's Siphonfish,<i>Siphamia cephalotes</i><br>(Wood's Siphonfish),23,482,30071.5,8.156028368794326,1.6298218565652456,1.7092198581560283,0.6075301269543961
m1_fish,M1 fish,region,Adelaide Metro,Adelaide Metro,Pre-bloom,282,Apogonidae__Vincentia__conspersa,Apogonidae Vincentia conspersa,Actinopterygii,Apogonidae,Vincentia,conspersa,Southern Cardinalfish,<i>Vincentia conspersa</i><br>(Southern Cardinalfish),0,0,0,0,0,0,0
m1_fish,M1 fish,region,Adelaide Metro,Adelaide Metro,Pre-bloom,282,Aracanidae__Anoplocapros__amygdaloides,Aracanidae Anoplocapros amygdaloides,Actinopterygii,Aracanidae,Anoplocapros,amygdaloides,Western Smooth Boxfish,<i>Anoplocapros amygdaloides</i><br>(Western Smooth Boxfish),0,0,0,0,0,0,0
m1_fish,M1 fish,region,Adelaide Metro,Adelaide Metro,Pre-bloom,282,Aracanidae__Anoplocapros__lenticularis,Aracanidae Anoplocapros lenticularis,Actinopterygii,Aracanidae,Anoplocapros,lenticularis,Whitebarred Boxfish,<i>Anoplocapros lenticularis</i><br>(Whitebarred Boxfish),0,0,0,0,0,0,0
m1_fish,M1 fish,region,Adelaide Metro,Adelaide Metro,Pre-bloom,282,Aracanidae__Aracana__aurita,Aracanidae Aracana aurita,Actinopterygii,Aracanidae,Aracana,aurita,Shaw's Cowfish,<i>Aracana aurita</i><br>(Shaw's Cowfish),7,4,2.5,2.482269503546099,0.9264920656719638,0.014184397163120567,0.005552740051410486
m1_fish,M1 fish,region,Adelaide Metro,Adelaide Metro,Pre-bloom,282,Aracanidae__Aracana__ornata,Aracanidae Aracana ornata,Actinopterygii,Aracanidae,Aracana,ornata,Ornate Cowfish,<i>Aracana ornata</i><br>(Ornate Cowfish),8,4,2,2.8368794326241136,0.9886592008450036,0.014184397163120567,0.00495208409294782
m1_fish,M1 fish,region,Adelaide Metro,Adelaide Metro,Pre-bloom,282,Arripidae__Arripis__georgianus,Arripidae Arripis georgianus,Actinopterygii,Arripidae,Arripis,georgianus,Australian Herring,<i>Arripis georgianus</i><br>(Australian Herring),4,13,69.5,1.4184397163120568,0.7041719658260324,0.04609929078014184,0.029487240506102387
m1_fish,M1 fish,region,Adelaide Metro,Adelaide Metro,Pre-bloom,282,Arripidae__Arripis__spp,Arripidae Arripis spp,Actinopterygii,Arripidae,Arripis,spp,NA,<i>Arripis spp</i>,0,0,0,0,0,0,0
m1_fish,M1 fish,region,Adelaide Metro,Adelaide Metro,Pre-bloom,282,Arripidae__Arripis__truttaceus,Arripidae Arripis truttaceus,Actinopterygii,Arripidae,Arripis,truttaceus,Western Australian Salmon,<i>Arripis truttaceus</i><br>(Western Australian Salmon),5,178.5,22757.25,1.7730496453900708,0.7858709300979465,0.6329787234042553,0.5345660628200656
m1_fish,M1 fish,region,Adelaide Metro,Adelaide Metro,Pre-bloom,282,Atherinidae__Atherinidae__spp,Atherinidae Unknown spp,Actinopterygii,Atherinidae,Atherinidae,spp,NA,<i>Atherinidae spp</i>,0,0,0,0,0,0,0
m1_fish,M1 fish,region,Adelaide Metro,Adelaide Metro,Pre-bloom,282,Berycidae__Centroberyx__gerrardi,Berycidae Centroberyx gerrardi,Actinopterygii,Berycidae,Centroberyx,gerrardi,Bight Redfish,<i>Centroberyx gerrardi</i><br>(Bight Redfish),0,0,0,0,0,0,0
m1_fish,M1 fish,region,Adelaide Metro,Adelaide Metro,Pre-bloom,282,Berycidae__Centroberyx__lineatus,Berycidae Centroberyx lineatus,Actinopterygii,Berycidae,Centroberyx,lineatus,Swallowtail,<i>Centroberyx lineatus</i><br>(Swallowtail),0,0,0,0,0,0,0
m1_fish,M1 fish,region,Adelaide Metro,Adelaide Metro,Pre-bloom,282,Bovichtidae__Bovichtus__angustifrons,Bovichtidae Bovichtus angustifrons,Actinopterygii,Bovichtidae,Bovichtus,angustifrons,Dragonet,<i>Bovichtus angustifrons</i><br>(Dragonet),0,0,0,0,0,0,0
m1_fish,M1 fish,region,Adelaide Metro,Adelaide Metro,Pre-bloom,282,Callionymidae__Eocallionymus__papilio,Callionymidae Eocallionymus papilio,Actinopterygii,Callionymidae,Eocallionymus,papilio,Painted Stinkfish,<i>Eocallionymus papilio</i><br>(Painted Stinkfish),3,1.5,0.75,1.0638297872340425,0.610926644466536,0.005319148936170213,0.0030600636856815337
m1_fish,M1 fish,region,Adelaide Metro,Adelaide Metro,Pre-bloom,282,Carangidae__Pseudocaranx__spp,Carangidae Pseudocaranx spp,Actinopterygii,Carangidae,Pseudocaranx,spp,NA,<i>Pseudocaranx spp</i>,11,112.5,3361.25,3.900709219858156,1.1529416425352792,0.39893617021276595,0.20457556246733918
m1_fish,M1 fish,region,Adelaide Metro,Adelaide Metro,Pre-bloom,282,Carangidae__Seriola__lalandi,Carangidae Seriola lalandi,Actinopterygii,Carangidae,Seriola,lalandi,Yellowtail Kingfish,<i>Seriola lalandi</i><br>(Yellowtail Kingfish),1,0.5,0.25,0.3546099290780142,0.3539806296840151,0.0017730496453900709,0.001773049645390071
m1_fish,M1 fish,region,Adelaide Metro,Adelaide Metro,Pre-bloom,282,Carangidae__Trachurus__novaezelandiae,Carangidae Trachurus novaezelandiae,Actinopterygii,Carangidae,Trachurus,novaezelandiae,Yellowtail Scad,<i>Trachurus novaezelandiae</i><br>(Yellowtail Scad),1,0.5,0.25,0.3546099290780142,0.3539806296840151,0.0017730496453900709,0.001773049645390071
m1_fish,M1 fish,region,Adelaide Metro,Adelaide Metro,Pre-bloom,282,Chaetodontidae__Chelmonops__curiosus,Chaetodontidae Chelmonops curiosus,Actinopterygii,Chaetodontidae,Chelmonops,curiosus,Western Talma,<i>Chelmonops curiosus</i><br>(Western Talma),135,244.5,781.25,47.87234042553192,2.974759698701451,0.8670212765957447,0.08475764437862265
m1_fish,M1 fish,region,Adelaide Metro,Adelaide Metro,Pre-bloom,282,Cheilodactylidae__Cheilodactylus__nigripes,Cheilodactylidae Cheilodactylus nigripes,Actinopterygii,Cheilodactylidae,Cheilodactylus,nigripes,Magpie Perch,<i>Cheilodactylus nigripes</i><br>(Magpie Perch),196,440.5,1525.75,69.50354609929079,2.741596890327355,1.5620567375886525,0.10281517365655418
m1_fish,M1 fish,region,Adelaide Metro,Adelaide Metro,Pre-bloom,282,Cheilodactylidae__Cheilodactylus__spectabilis,Cheilodactylidae Cheilodactylus spectabilis,Actinopterygii,Cheilodactylidae,Cheilodactylus,spectabilis,Banded Morwong,<i>Cheilodactylus spectabilis</i><br>(Banded Morwong),0,0,0,0,0,0,0
m1_fish,M1 fish,region,Adelaide Metro,Adelaide Metro,Pre-bloom,282,Cheilodactylidae__Dactylophora__nigricans,Cheilodactylidae Dactylophora nigricans,Actinopterygii,Cheilodactylidae,Dactylophora,nigricans,Dusky Morwong,<i>Dactylophora nigricans</i><br>(Dusky Morwong),93,100,172,32.97872340425532,2.7996175923332753,0.3546099290780142,0.041509801449995436
m1_fish,M1 fish,region,Adelaide Metro,Adelaide Metro,Pre-bloom,282,Cheilodactylidae__Nemadactylus__valenciennesi,Cheilodactylidae Nemadactylus valenciennesi,Actinopterygii,Cheilodactylidae,Nemadactylus,valenciennesi,Blue Morwong,<i>Nemadactylus valenciennesi</i><br>(Blue Morwong),2,1.5,1.25,0.7092198581560284,0.49971265859945846,0.005319148936170213,0.0039590118685523205
m1_fish,M1 fish,region,Adelaide Metro,Adelaide Metro,Pre-bloom,282,Chironemidae__Chironemus__georgianus,Chironemidae Chironemus georgianus,Actinopterygii,Chironemidae,Chironemus,georgianus,Western Kelpfish,<i>Chironemus georgianus</i><br>(Western Kelpfish),0,0,0,0,0,0,0
m1_fish,M1 fish,region,Adelaide Metro,Adelaide Metro,Pre-bloom,282,Chironemidae__Chironemus__maculosus,Chironemidae Chironemus maculosus,Actinopterygii,Chironemidae,Chironemus,maculosus,Silver Spot,<i>Chironemus maculosus</i><br>(Silver Spot),0,0,0,0,0,0,0
m1_fish,M1 fish,region,Adelaide Metro,Adelaide Metro,Pre-bloom,282,Clinidae__Heteroclinus__spp,Clinidae Heteroclinus spp,Actinopterygii,Clinidae,Heteroclinus,spp,NA,<i>Heteroclinus spp</i>,4,2.5,1.75,1.4184397163120568,0.7041719658260324,0.008865248226950355,0.004669535222186985
m1_fish,M1 fish,region,Adelaide Metro,Adelaide Metro,Pre-bloom,282,Clupeidae__Clupeidae__spp,Clupeidae Unknown spp,Actinopterygii,Clupeidae,Clupeidae,spp,NA,<i>Clupeidae spp</i>,0,0,0,0,0,0,0
m1_fish,M1 fish,region,Adelaide Metro,Adelaide Metro,Pre-bloom,282,Clupeidae__Hyperlophus__vittatus,Clupeidae Hyperlophus vittatus,Actinopterygii,Clupeidae,Hyperlophus,vittatus,Sandy Sprat,<i>Hyperlophus vittatus</i><br>(Sandy Sprat),0,0,0,0,0,0,0
m1_fish,M1 fish,region,Adelaide Metro,Adelaide Metro,Pre-bloom,282,Clupeidae__Spratelloides__robustus,Clupeidae Spratelloides robustus,Actinopterygii,Clupeidae,Spratelloides,robustus,Blue Sprat,<i>Spratelloides robustus</i><br>(Blue Sprat),0,0,0,0,0,0,0
m1_fish,M1 fish,region,Adelaide Metro,Adelaide Metro,Pre-bloom,282,Dasyatidae__Bathytoshia__lata,Dasyatidae Bathytoshia lata,Elasmobranchii,Dasyatidae,Bathytoshia,lata,Black Stingray,<i>Bathytoshia lata</i><br>(Black Stingray),1,0.5,0.25,0.3546099290780142,0.3539806296840151,0.0017730496453900709,0.001773049645390071
m1_fish,M1 fish,region,Adelaide Metro,Adelaide Metro,Pre-bloom,282,Dinolestidae__Dinolestes__lewini,Dinolestidae Dinolestes lewini,Actinopterygii,Dinolestidae,Dinolestes,lewini,Longfin Pike,<i>Dinolestes lewini</i><br>(Longfin Pike),37,105.5,1125.75,13.120567375886525,2.0105285368780454,0.374113475177305,0.11708287639138393
m1_fish,M1 fish,region,Adelaide Metro,Adelaide Metro,Pre-bloom,282,Diodontidae__Diodon__nicthemerus,Diodontidae Diodon nicthemerus,Actinopterygii,Diodontidae,Diodon,nicthemerus,Globefish,<i>Diodon nicthemerus</i><br>(Globefish),2,1,0.5,0.7092198581560284,0.49971265859945846,0.0035460992907801418,0.0025030051868024845
m1_fish,M1 fish,region,Adelaide Metro,Adelaide Metro,Pre-bloom,282,Enoplosidae__Enoplosus__armatus,Enoplosidae Enoplosus armatus,Actinopterygii,Enoplosidae,Enoplosus,armatus,Old Wife,<i>Enoplosus armatus</i><br>(Old Wife),87,145.5,426.75,30.851063829787233,2.7504469292203884,0.5159574468085106,0.06661852374627217
m1_fish,M1 fish,region,Adelaide Metro,Adelaide Metro,Pre-bloom,282,Gerreidae__Parequula__melbournensis,Gerreidae Parequula melbournensis,Actinopterygii,Gerreidae,Parequula,melbournensis,Silverbelly,<i>Parequula melbournensis</i><br>(Silverbelly),27,37,101,9.574468085106384,1.7521783497966643,0.13120567375886524,0.0348326502222091
m1_fish,M1 fish,region,Adelaide Metro,Adelaide Metro,Pre-bloom,282,Girellidae__Girella__tricuspidata,Girellidae Girella tricuspidata,Actinopterygii,Girellidae,Girella,tricuspidata,Luderick,<i>Girella tricuspidata</i><br>(Luderick),0,0,0,0,0,0,0
m1_fish,M1 fish,region,Adelaide Metro,Adelaide Metro,Pre-bloom,282,Girellidae__Girella__zebra,Girellidae Girella zebra,Actinopterygii,Girellidae,Girella,zebra,Zebrafish,<i>Girella zebra</i><br>(Zebrafish),60,182,2038.5,21.27659574468085,2.437128620906629,0.6453900709219859,0.15570063278110471
m1_fish,M1 fish,region,Adelaide Metro,Adelaide Metro,Pre-bloom,282,Gobiesocidae__Gobiesocidae__spp,Gobiesocidae Unknown spp,Actinopterygii,Gobiesocidae,Gobiesocidae,spp,NA,<i>Gobiesocidae spp</i>,0,0,0,0,0,0,0
m1_fish,M1 fish,region,Adelaide Metro,Adelaide Metro,Pre-bloom,282,Gobiidae__Gobiidae__spp,Gobiidae Unknown spp,Actinopterygii,Gobiidae,Gobiidae,spp,NA,<i>Gobiidae spp</i>,1,0.5,0.25,0.3546099290780142,0.3539806296840151,0.0017730496453900709,0.001773049645390071
m1_fish,M1 fish,region,Adelaide Metro,Adelaide Metro,Pre-bloom,282,Gobiidae__Nesogobius__pulchellus,Gobiidae Nesogobius pulchellus,Actinopterygii,Gobiidae,Nesogobius,pulchellus,Sailfin Goby,<i>Nesogobius pulchellus</i><br>(Sailfin Goby),0,0,0,0,0,0,0
m1_fish,M1 fish,region,Adelaide Metro,Adelaide Metro,Pre-bloom,282,Heterodontidae__Heterodontus__portusjacksoni,Heterodontidae Heterodontus portusjacksoni,Elasmobranchii,Heterodontidae,Heterodontus,portusjacksoni,Port Jackson Shark,<i>Heterodontus portusjacksoni</i><br>(Port Jackson Shark),5,6,7.5,1.7730496453900708,0.7858709300979465,0.02127659574468085,0.009645505131024922
m1_fish,M1 fish,region,Adelaide Metro,Adelaide Metro,Pre-bloom,282,Hypnidae__Hypnos__monopterygius,Hypnidae Hypnos monopterygius,Elasmobranchii,Hypnidae,Hypnos,monopterygius,Coffin Ray,<i>Hypnos monopterygius</i><br>(Coffin Ray),1,0.5,0.25,0.3546099290780142,0.3539806296840151,0.0017730496453900709,0.001773049645390071
m1_fish,M1 fish,region,Adelaide Metro,Adelaide Metro,Pre-bloom,282,Kyphosidae__Kyphosus__sydneyanus,Kyphosidae Kyphosus sydneyanus,Actinopterygii,Kyphosidae,Kyphosus,sydneyanus,Silver Drummer,<i>Kyphosus sydneyanus</i><br>(Silver Drummer),109,517,6014,38.652482269503544,2.8997638943725446,1.8333333333333333,0.25284945532711645
m1_fish,M1 fish,region,Adelaide Metro,Adelaide Metro,Pre-bloom,282,Labridae__Achoerodus__gouldii,Labridae Achoerodus gouldii,Actinopterygii,Labridae,Achoerodus,gouldii,Western Blue Groper,<i>Achoerodus gouldii</i><br>(Western Blue Groper),2,2,2.5,0.7092198581560284,0.49971265859945846,0.0070921985815602835,0.005600886097355655
m1_fish,M1 fish,region,Adelaide Metro,Adelaide Metro,Pre-bloom,282,Labridae__Austrolabrus__maculatus,Labridae Austrolabrus maculatus,Actinopterygii,Labridae,Austrolabrus,maculatus,Blackspotted Wrasse,<i>Austrolabrus maculatus</i><br>(Blackspotted Wrasse),186,573.5,4081.75,65.95744680851064,2.8217493011029546,2.0336879432624113,0.19181103662384788
m1_fish,M1 fish,region,Adelaide Metro,Adelaide Metro,Pre-bloom,282,Labridae__Dotalabrus__aurantiacus,Labridae Dotalabrus aurantiacus,Actinopterygii,Labridae,Dotalabrus,aurantiacus,Castelnau's Wrasse,<i>Dotalabrus aurantiacus</i><br>(Castelnau's Wrasse),63,45.5,42.75,22.340425531914892,2.4803825633239174,0.16134751773049646,0.021138647812185368
m1_fish,M1 fish,region,Adelaide Metro,Adelaide Metro,Pre-bloom,282,Labridae__Eupetrichthys__angustipes,Labridae Eupetrichthys angustipes,Actinopterygii,Labridae,Eupetrichthys,angustipes,Snakeskin Wrasse,<i>Eupetrichthys angustipes</i><br>(Snakeskin Wrasse),0,0,0,0,0,0,0
m1_fish,M1 fish,region,Adelaide Metro,Adelaide Metro,Pre-bloom,282,Labridae__Haletta__semifasciata,Labridae Haletta semifasciata,Actinopterygii,Labridae,Haletta,semifasciata,Blue Weed Whiting,<i>Haletta semifasciata</i><br>(Blue Weed Whiting),3,1.5,0.75,1.0638297872340425,0.610926644466536,0.005319148936170213,0.0030600636856815337
m1_fish,M1 fish,region,Adelaide Metro,Adelaide Metro,Pre-bloom,282,Labridae__Heteroscarus__acroptilus,Labridae Heteroscarus acroptilus,Actinopterygii,Labridae,Heteroscarus,acroptilus,Rainbow Cale,<i>Heteroscarus acroptilus</i><br>(Rainbow Cale),22,14.5,11.25,7.801418439716312,1.5970714713975942,0.051418439716312055,0.011513532356550091
m1_fish,M1 fish,region,Adelaide Metro,Adelaide Metro,Pre-bloom,282,Labridae__Neoodax__balteatus,Labridae Neoodax balteatus,Actinopterygii,Labridae,Neoodax,balteatus,Little Weed Whiting,<i>Neoodax balteatus</i><br>(Little Weed Whiting),13,14.5,22.75,4.609929078014185,1.2487461252995748,0.051418439716312055,0.016663927726328073
m1_fish,M1 fish,region,Adelaide Metro,Adelaide Metro,Pre-bloom,282,Labridae__Notolabrus__fucicola,Labridae Notolabrus fucicola,Actinopterygii,Labridae,Notolabrus,fucicola,Purple Wrasse,<i>Notolabrus fucicola</i><br>(Purple Wrasse),0,0,0,0,0,0,0
m1_fish,M1 fish,region,Adelaide Metro,Adelaide Metro,Pre-bloom,282,Labridae__Notolabrus__parilus,Labridae Notolabrus parilus,Actinopterygii,Labridae,Notolabrus,parilus,Brownspotted Wrasse,<i>Notolabrus parilus</i><br>(Brownspotted Wrasse),144,180.5,400.75,51.06382978723404,2.976782656907849,0.6400709219858156,0.05999432077535915
m1_fish,M1 fish,region,Adelaide Metro,Adelaide Metro,Pre-bloom,282,Labridae__Notolabrus__tetricus,Labridae Notolabrus tetricus,Actinopterygii,Labridae,Notolabrus,tetricus,Bluethroat Wrasse,<i>Notolabrus tetricus</i><br>(Bluethroat Wrasse),80,98,257.5,28.368794326241133,2.6843986747563853,0.3475177304964539,0.05310139345694542
m1_fish,M1 fish,region,Adelaide Metro,Adelaide Metro,Pre-bloom,282,Labridae__Olisthops__cyanomelas,Labridae Olisthops cyanomelas,Actinopterygii,Labridae,Olisthops,cyanomelas,Herring Cale,<i>Olisthops cyanomelas</i><br>(Herring Cale),25,51,235,8.865248226950355,1.6926333889102692,0.18085106382978725,0.05337793225112395
m1_fish,M1 fish,region,Adelaide Metro,Adelaide Metro,Pre-bloom,282,Labridae__Ophthalmolepis__lineolatus,Labridae Ophthalmolepis lineolatus,Actinopterygii,Labridae,Ophthalmolepis,lineolatus,Southern Maori Wrasse,<i>Ophthalmolepis lineolatus</i><br>(Southern Maori Wrasse),0,0,0,0,0,0,0
m1_fish,M1 fish,region,Adelaide Metro,Adelaide Metro,Pre-bloom,282,Labridae__Pictilabrus__laticlavius,Labridae Pictilabrus laticlavius,Actinopterygii,Labridae,Pictilabrus,laticlavius,Senator Wrasse,<i>Pictilabrus laticlavius</i><br>(Senator Wrasse),25,18,16.5,8.865248226950355,1.6926333889102692,0.06382978723404255,0.013918470863306134
m1_fish,M1 fish,region,Adelaide Metro,Adelaide Metro,Pre-bloom,282,Labridae__Pseudolabrus__rubicundus,Labridae Pseudolabrus rubicundus,Actinopterygii,Labridae,Pseudolabrus,rubicundus,Rosy Wrasse,<i>Pseudolabrus rubicundus</i><br>(Rosy Wrasse),0,0,0,0,0,0,0
m1_fish,M1 fish,region,Adelaide Metro,Adelaide Metro,Pre-bloom,282,Labridae__Siphonognathus__argyrophanes,Labridae Siphonognathus argyrophanes,Actinopterygii,Labridae,Siphonognathus,argyrophanes,Tubemouth,<i>Siphonognathus argyrophanes</i><br>(Tubemouth),0,0,0,0,0,0,0
m1_fish,M1 fish,region,Adelaide Metro,Adelaide Metro,Pre-bloom,282,Labridae__Siphonognathus__attenuatus,Labridae Siphonognathus attenuatus,Actinopterygii,Labridae,Siphonognathus,attenuatus,Slender Weed Whiting,<i>Siphonognathus attenuatus</i><br>(Slender Weed Whiting),8,10.5,21.75,2.8368794326241136,0.9886592008450036,0.03723404255319149,0.01641773254178473
m1_fish,M1 fish,region,Adelaide Metro,Adelaide Metro,Pre-bloom,282,Labridae__Siphonognathus__beddomei,Labridae Siphonognathus beddomei,Actinopterygii,Labridae,Siphonognathus,beddomei,Pencil Weed Whiting,<i>Siphonognathus beddomei</i><br>(Pencil Weed Whiting),100,494,7867,35.46099290780142,2.8488004647302896,1.75177304964539,0.2972498757327646
m1_fish,M1 fish,region,Adelaide Metro,Adelaide Metro,Pre-bloom,282,Labridae__Siphonognathus__caninis,Labridae Siphonognathus caninis,Actinopterygii,Labridae,Siphonognathus,caninis,Sharpnose Weed Whiting,<i>Siphonognathus caninis</i><br>(Sharpnose Weed Whiting),15,9.5,7.25,5.319148936170213,1.3363727080929466,0.03368794326241135,0.009351640261268229
m1_fish,M1 fish,region,Adelaide Metro,Adelaide Metro,Pre-bloom,282,Labridae__Siphonognathus__radiatus,Labridae Siphonognathus radiatus,Actinopterygii,Labridae,Siphonognathus,radiatus,Longray Weed Whiting,<i>Siphonognathus radiatus</i><br>(Longray Weed Whiting),0,0,0,0,0,0,0
m1_fish,M1 fish,region,Adelaide Metro,Adelaide Metro,Pre-bloom,282,Labridae__Siphonognathus__spp,Labridae Siphonognathus spp,Actinopterygii,Labridae,Siphonognathus,spp,NA,<i>Siphonognathus spp</i>,1,1,1,0.3546099290780142,0.3539806296840151,0.0035460992907801418,0.003546099290780142
m1_fish,M1 fish,region,Adelaide Metro,Adelaide Metro,Pre-bloom,282,Labridae__Siphonognathus__tanyourus,Labridae Siphonognathus tanyourus,Actinopterygii,Labridae,Siphonognathus,tanyourus,Longtail Weed Whiting,<i>Siphonognathus tanyourus</i><br>(Longtail Weed Whiting),0,0,0,0,0,0,0
m1_fish,M1 fish,region,Adelaide Metro,Adelaide Metro,Pre-bloom,282,Microcanthidae__Neatypus__obliquus,Microcanthidae Neatypus obliquus,Actinopterygii,Microcanthidae,Neatypus,obliquus,Footballer Sweep,<i>Neatypus obliquus</i><br>(Footballer Sweep),0,0,0,0,0,0,0
m1_fish,M1 fish,region,Adelaide Metro,Adelaide Metro,Pre-bloom,282,Microcanthidae__Tilodon__sexfasciatus,Microcanthidae Tilodon sexfasciatus,Actinopterygii,Microcanthidae,Tilodon,sexfasciatus,Moonlighter,<i>Tilodon sexfasciatus</i><br>(Moonlighter),136,213.5,510.25,48.226950354609926,2.975584032878217,0.7570921985815603,0.06632736041859263
m1_fish,M1 fish,region,Adelaide Metro,Adelaide Metro,Pre-bloom,282,Monacanthidae__Acanthaluteres__brownii,Monacanthidae Acanthaluteres brownii,Actinopterygii,Monacanthidae,Acanthaluteres,brownii,Spinytail Leatherjacket,<i>Acanthaluteres brownii</i><br>(Spinytail Leatherjacket),71,281.5,4402.25,25.177304964539008,2.5846202316318423,0.99822695035461,0.22805348812579876
m1_fish,M1 fish,region,Adelaide Metro,Adelaide Metro,Pre-bloom,282,Monacanthidae__Acanthaluteres__spilomelanurus,Monacanthidae Acanthaluteres spilomelanurus,Actinopterygii,Monacanthidae,Acanthaluteres,spilomelanurus,Bridled Leatherjacket,<i>Acanthaluteres spilomelanurus</i><br>(Bridled Leatherjacket),0,0,0,0,0,0,0
m1_fish,M1 fish,region,Adelaide Metro,Adelaide Metro,Pre-bloom,282,Monacanthidae__Acanthaluteres__vittiger,Monacanthidae Acanthaluteres vittiger,Actinopterygii,Monacanthidae,Acanthaluteres,vittiger,Toothbrush Leatherjacket,<i>Acanthaluteres vittiger</i><br>(Toothbrush Leatherjacket),19,22,78,6.73758865248227,1.4927291446489168,0.07801418439716312,0.03102688145216349
m1_fish,M1 fish,region,Adelaide Metro,Adelaide Metro,Pre-bloom,282,Monacanthidae__Brachaluteres__jacksonianus,Monacanthidae Brachaluteres jacksonianus,Actinopterygii,Monacanthidae,Brachaluteres,jacksonianus,Southern Pygmy Leatherjacket,<i>Brachaluteres jacksonianus</i><br>(Southern Pygmy Leatherjacket),16,10,7,5.673758865248227,1.3776127296343106,0.03546099290780142,0.0091576180327443
m1_fish,M1 fish,region,Adelaide Metro,Adelaide Metro,Pre-bloom,282,Monacanthidae__Eubalichthys__gunnii,Monacanthidae Eubalichthys gunnii,Actinopterygii,Monacanthidae,Eubalichthys,gunnii,Gunn's Leatherjacket,<i>Eubalichthys gunnii</i><br>(Gunn's Leatherjacket),0,0,0,0,0,0,0
m1_fish,M1 fish,region,Adelaide Metro,Adelaide Metro,Pre-bloom,282,Monacanthidae__Eubalichthys__mosaicus,Monacanthidae Eubalichthys mosaicus,Actinopterygii,Monacanthidae,Eubalichthys,mosaicus,Mosaic Leatherjacket,<i>Eubalichthys mosaicus</i><br>(Mosaic Leatherjacket),9,6.5,5.75,3.1914893617021276,1.0467161276389194,0.02304964539007092,0.008406654026394445
m1_fish,M1 fish,region,Adelaide Metro,Adelaide Metro,Pre-bloom,282,Monacanthidae__Meuschenia__flavolineata,Monacanthidae Meuschenia flavolineata,Actinopterygii,Monacanthidae,Meuschenia,flavolineata,Yellowstriped Leatherjacket,<i>Meuschenia flavolineata</i><br>(Yellowstriped Leatherjacket),33,56,329.5,11.702127659574469,1.9141809112464752,0.19858156028368795,0.06338621043576394
m1_fish,M1 fish,region,Adelaide Metro,Adelaide Metro,Pre-bloom,282,Monacanthidae__Meuschenia__freycineti,Monacanthidae Meuschenia freycineti,Actinopterygii,Monacanthidae,Meuschenia,freycineti,Sixspine Leatherjacket,<i>Meuschenia freycineti</i><br>(Sixspine Leatherjacket),62,75.5,191.75,21.98581560283688,2.4662296952622667,0.26773049645390073,0.046526498028269005
m1_fish,M1 fish,region,Adelaide Metro,Adelaide Metro,Pre-bloom,282,Monacanthidae__Meuschenia__galii,Monacanthidae Meuschenia galii,Actinopterygii,Monacanthidae,Meuschenia,galii,Bluelined Leatherjacket,<i>Meuschenia galii</i><br>(Bluelined Leatherjacket),14,10,11,4.964539007092198,1.2934741457804293,0.03546099290780142,0.011590524136247414
m1_fish,M1 fish,region,Adelaide Metro,Adelaide Metro,Pre-bloom,282,Monacanthidae__Meuschenia__hippocrepis,Monacanthidae Meuschenia hippocrepis,Actinopterygii,Monacanthidae,Meuschenia,hippocrepis,Horseshoe Leatherjacket,<i>Meuschenia hippocrepis</i><br>(Horseshoe Leatherjacket),120,384.5,2686.75,42.5531914893617,2.9442485362623994,1.3634751773049645,0.16519607362632518
m1_fish,M1 fish,region,Adelaide Metro,Adelaide Metro,Pre-bloom,282,Monacanthidae__Meuschenia__venusta,Monacanthidae Meuschenia venusta,Actinopterygii,Monacanthidae,Meuschenia,venusta,Stars-and-stripes Leatherjacket,<i>Meuschenia venusta</i><br>(Stars-and-stripes Leatherjacket),0,0,0,0,0,0,0
m1_fish,M1 fish,region,Adelaide Metro,Adelaide Metro,Pre-bloom,282,Monacanthidae__Scobinichthys__granulatus,Monacanthidae Scobinichthys granulatus,Actinopterygii,Monacanthidae,Scobinichthys,granulatus,Rough Leatherjacket,<i>Scobinichthys granulatus</i><br>(Rough Leatherjacket),4,2,1,1.4184397163120568,0.7041719658260324,0.0070921985815602835,0.0035271191404342996
m1_fish,M1 fish,region,Adelaide Metro,Adelaide Metro,Pre-bloom,282,Monacanthidae__Thamnaconus__degeni,Monacanthidae Thamnaconus degeni,Actinopterygii,Monacanthidae,Thamnaconus,degeni,Bluefin Leatherjacket,<i>Thamnaconus degeni</i><br>(Bluefin Leatherjacket),0,0,0,0,0,0,0
m1_fish,M1 fish,region,Adelaide Metro,Adelaide Metro,Pre-bloom,282,Mullidae__Upeneichthys__vlamingii,Mullidae Upeneichthys vlamingii,Actinopterygii,Mullidae,Upeneichthys,vlamingii,Bluespotted Goatfish,<i>Upeneichthys vlamingii</i><br>(Bluespotted Goatfish),142,253.5,1058.25,50.354609929078016,2.977381787970957,0.898936170212766,0.10236654077524203
m1_fish,M1 fish,region,Adelaide Metro,Adelaide Metro,Pre-bloom,282,Myliobatidae__Myliobatis__tenuicaudatus,Myliobatidae Myliobatis tenuicaudatus,Elasmobranchii,Myliobatidae,Myliobatis,tenuicaudatus,Southern Eagle Ray,<i>Myliobatis tenuicaudatus</i><br>(Southern Eagle Ray),0,0,0,0,0,0,0
m1_fish,M1 fish,region,Adelaide Metro,Adelaide Metro,Pre-bloom,282,Ophiclinidae__Ophiclinus__spp,Ophiclinidae Ophiclinus spp,Actinopterygii,Ophiclinidae,Ophiclinus,spp,NA,<i>Ophiclinus spp</i>,0,0,0,0,0,0,0
m1_fish,M1 fish,region,Adelaide Metro,Adelaide Metro,Pre-bloom,282,Parascylliidae__Parascyllium__ferrugineum,Parascylliidae Parascyllium ferrugineum,Elasmobranchii,Parascylliidae,Parascyllium,ferrugineum,Rusty Carpetshark,<i>Parascyllium ferrugineum</i><br>(Rusty Carpetshark),1,0.5,0.25,0.3546099290780142,0.3539806296840151,0.0017730496453900709,0.001773049645390071
m1_fish,M1 fish,region,Adelaide Metro,Adelaide Metro,Pre-bloom,282,Parascylliidae__Parascyllium__variolatum,Parascylliidae Parascyllium variolatum,Elasmobranchii,Parascylliidae,Parascyllium,variolatum,Varied Carpetshark,<i>Parascyllium variolatum</i><br>(Varied Carpetshark),0,0,0,0,0,0,0
m1_fish,M1 fish,region,Adelaide Metro,Adelaide Metro,Pre-bloom,282,Pataecidae__Aetapcus__maculatus,Pataecidae Aetapcus maculatus,Actinopterygii,Pataecidae,Aetapcus,maculatus,Warty Prowfish,<i>Aetapcus maculatus</i><br>(Warty Prowfish),0,0,0,0,0,0,0
m1_fish,M1 fish,region,Adelaide Metro,Adelaide Metro,Pre-bloom,282,Pempherididae__Parapriacanthus__elongatus,Pempherididae Parapriacanthus elongatus,Actinopterygii,Pempherididae,Parapriacanthus,elongatus,Elongate Bullseye,<i>Parapriacanthus elongatus</i><br>(Elongate Bullseye),38,2824.5,645985.25,13.47517730496454,2.033354255586077,10.01595744680851,2.7919612829244786
m1_fish,M1 fish,region,Adelaide Metro,Adelaide Metro,Pre-bloom,282,Pempherididae__Pempheris__klunzingeri,Pempherididae Pempheris klunzingeri,Actinopterygii,Pempherididae,Pempheris,klunzingeri,Rough Bullseye,<i>Pempheris klunzingeri</i><br>(Rough Bullseye),106,869.5,20106.25,37.5886524822695,2.8842679496976222,3.0833333333333335,0.4689346387799694
m1_fish,M1 fish,region,Adelaide Metro,Adelaide Metro,Pre-bloom,282,Pempherididae__Pempheris__multiradiata,Pempherididae Pempheris multiradiata,Actinopterygii,Pempherididae,Pempheris,multiradiata,Bigscale Bullseye,<i>Pempheris multiradiata</i><br>(Bigscale Bullseye),65,202,1872,23.04964539007092,2.5079154028957644,0.7163120567375887,0.14764093827181599
m1_fish,M1 fish,region,Adelaide Metro,Adelaide Metro,Pre-bloom,282,Pempherididae__Pempheris__ornata,Pempherididae Pempheris ornata,Actinopterygii,Pempherididae,Pempheris,ornata,Orangelined Bullseye,<i>Pempheris ornata</i><br>(Orangelined Bullseye),4,25,213,1.4184397163120568,0.7041719658260324,0.08865248226950355,0.05157518391104139
m1_fish,M1 fish,region,Adelaide Metro,Adelaide Metro,Pre-bloom,282,Pempherididae__Pempheris__spp,Pempherididae Pempheris spp,Actinopterygii,Pempherididae,Pempheris,spp,NA,<i>Pempheris spp</i>,1,20,400,0.3546099290780142,0.3539806296840151,0.07092198581560284,0.07092198581560284
m1_fish,M1 fish,region,Adelaide Metro,Adelaide Metro,Pre-bloom,282,Pentacerotidae__Pentaceropsis__recurvirostris,Pentacerotidae Pentaceropsis recurvirostris,Actinopterygii,Pentacerotidae,Pentaceropsis,recurvirostris,Longsnout Boarfish,<i>Pentaceropsis recurvirostris</i><br>(Longsnout Boarfish),6,3,1.5,2.127659574468085,0.8593231341423779,0.010638297872340425,0.004304254104600884
m1_fish,M1 fish,region,Adelaide Metro,Adelaide Metro,Pre-bloom,282,Pinguipedidae__Parapercis__haackei,Pinguipedidae Parapercis haackei,Actinopterygii,Pinguipedidae,Parapercis,haackei,Wavy Grubfish,<i>Parapercis haackei</i><br>(Wavy Grubfish),49,85,261,17.375886524822697,2.256328546664257,0.30141843971631205,0.05450125987288437
m1_fish,M1 fish,region,Adelaide Metro,Adelaide Metro,Pre-bloom,282,Pinguipedidae__Parapercis__ramsayi,Pinguipedidae Parapercis ramsayi,Actinopterygii,Pinguipedidae,Parapercis,ramsayi,Spotted Grubfish,<i>Parapercis ramsayi</i><br>(Spotted Grubfish),1,1,1,0.3546099290780142,0.3539806296840151,0.0035460992907801418,0.003546099290780142
m1_fish,M1 fish,region,Adelaide Metro,Adelaide Metro,Pre-bloom,282,Platycephalidae__Leviprora__inops,Platycephalidae Leviprora inops,Actinopterygii,Platycephalidae,Leviprora,inops,Longhead Flathead,<i>Leviprora inops</i><br>(Longhead Flathead),0,0,0,0,0,0,0
m1_fish,M1 fish,region,Adelaide Metro,Adelaide Metro,Pre-bloom,282,Platycephalidae__Platycephalus__laevigatus,Platycephalidae Platycephalus laevigatus,Actinopterygii,Platycephalidae,Platycephalus,laevigatus,Rock Flathead,<i>Platycephalus laevigatus</i><br>(Rock Flathead),0,0,0,0,0,0,0
m1_fish,M1 fish,region,Adelaide Metro,Adelaide Metro,Pre-bloom,282,Platycephalidae__Platycephalus__speculator,Platycephalidae Platycephalus speculator,Actinopterygii,Platycephalidae,Platycephalus,speculator,Southern Bluespotted Flathead,<i>Platycephalus speculator</i><br>(Southern Bluespotted Flathead),1,1,1,0.3546099290780142,0.3539806296840151,0.0035460992907801418,0.003546099290780142
m1_fish,M1 fish,region,Adelaide Metro,Adelaide Metro,Pre-bloom,282,Plesiopidae__Paraplesiops__meleagris,Plesiopidae Paraplesiops meleagris,Actinopterygii,Plesiopidae,Paraplesiops,meleagris,Southern Blue Devil,<i>Paraplesiops meleagris</i><br>(Southern Blue Devil),5,3.5,3.25,1.7730496453900708,0.7858709300979465,0.012411347517730497,0.00636124306542926
m1_fish,M1 fish,region,Adelaide Metro,Adelaide Metro,Pre-bloom,282,Plesiopidae__Trachinops__caudimaculatus,Plesiopidae Trachinops caudimaculatus,Actinopterygii,Plesiopidae,Trachinops,caudimaculatus,Southern Hulafish,<i>Trachinops caudimaculatus</i><br>(Southern Hulafish),1,30,900,0.3546099290780142,0.3539806296840151,0.10638297872340426,0.10638297872340426
m1_fish,M1 fish,region,Adelaide Metro,Adelaide Metro,Pre-bloom,282,Plesiopidae__Trachinops__noarlungae,Plesiopidae Trachinops noarlungae,Actinopterygii,Plesiopidae,Trachinops,noarlungae,Yellowhead Hulafish,<i>Trachinops noarlungae</i><br>(Yellowhead Hulafish),164,33068,18105103,58.156028368794324,2.9375770406359916,117.26241134751773,13.399423660092932
m1_fish,M1 fish,region,Adelaide Metro,Adelaide Metro,Pre-bloom,282,Plotosidae__Cnidoglanis__macrocephalus,Plotosidae Cnidoglanis macrocephalus,Actinopterygii,Plotosidae,Cnidoglanis,macrocephalus,Estuary Cobbler,<i>Cnidoglanis macrocephalus</i><br>(Estuary Cobbler),0,0,0,0,0,0,0
m1_fish,M1 fish,region,Adelaide Metro,Adelaide Metro,Pre-bloom,282,Pomacentridae__Parma__victoriae,Pomacentridae Parma victoriae,Actinopterygii,Pomacentridae,Parma,victoriae,Scalyfin,<i>Parma victoriae</i><br>(Scalyfin),143,174,333,50.709219858156025,2.977157127951675,0.6170212765957447,0.05336158160760684
m1_fish,M1 fish,region,Adelaide Metro,Adelaide Metro,Pre-bloom,282,Scombridae__Scomber__australasicus,Scombridae Scomber australasicus,Actinopterygii,Scombridae,Scomber,australasicus,Blue Mackerel,<i>Scomber australasicus</i><br>(Blue Mackerel),1,5,25,0.3546099290780142,0.3539806296840151,0.01773049645390071,0.01773049645390071
m1_fish,M1 fish,region,Adelaide Metro,Adelaide Metro,Pre-bloom,282,Scorpididae__Scorpis__aequipinnis,Scorpididae Scorpis aequipinnis,Actinopterygii,Scorpididae,Scorpis,aequipinnis,Sea Sweep,<i>Scorpis aequipinnis</i><br>(Sea Sweep),155,985,14359.5,54.9645390070922,2.962743452873158,3.49290780141844,0.3712046747041767
m1_fish,M1 fish,region,Adelaide Metro,Adelaide Metro,Pre-bloom,282,Scorpididae__Scorpis__georgiana,Scorpididae Scorpis georgiana,Actinopterygii,Scorpididae,Scorpis,georgiana,Banded Sweep,<i>Scorpis georgiana</i><br>(Banded Sweep),22,15.5,12.25,7.801418439716312,1.5970714713975942,0.0549645390070922,0.011993268539585619
m1_fish,M1 fish,region,Adelaide Metro,Adelaide Metro,Pre-bloom,282,Scorpididae__Scorpis__lineolata,Scorpididae Scorpis lineolata,Actinopterygii,Scorpididae,Scorpis,lineolata,Silver Sweep,<i>Scorpis lineolata</i><br>(Silver Sweep),0,0,0,0,0,0,0
m1_fish,M1 fish,region,Adelaide Metro,Adelaide Metro,Pre-bloom,282,Serranidae__Caesioperca__rasor,Serranidae Caesioperca rasor,Actinopterygii,Serranidae,Caesioperca,rasor,Barber Perch,<i>Caesioperca rasor</i><br>(Barber Perch),0,0,0,0,0,0,0
m1_fish,M1 fish,region,Adelaide Metro,Adelaide Metro,Pre-bloom,282,Serranidae__Hypoplectrodes__nigroruber,Serranidae Hypoplectrodes nigroruber,Actinopterygii,Serranidae,Hypoplectrodes,nigroruber,Banded Seaperch,<i>Hypoplectrodes nigroruber</i><br>(Banded Seaperch),12,9.5,8.75,4.25531914893617,1.2019844316298554,0.03368794326241135,0.010314190769076689
m1_fish,M1 fish,region,Adelaide Metro,Adelaide Metro,Pre-bloom,282,Serranidae__Othos__dentex,Serranidae Othos dentex,Actinopterygii,Serranidae,Othos,dentex,Harlequin Fish,<i>Othos dentex</i><br>(Harlequin Fish),0,0,0,0,0,0,0
m1_fish,M1 fish,region,Adelaide Metro,Adelaide Metro,Pre-bloom,282,Sillaginidae__Sillaginidae__spp,Sillaginidae Unknown spp,Actinopterygii,Sillaginidae,Sillaginidae,spp,NA,<i>Sillaginidae spp</i>,0,0,0,0,0,0,0
m1_fish,M1 fish,region,Adelaide Metro,Adelaide Metro,Pre-bloom,282,Sillaginidae__Sillaginodes__punctatus,Sillaginidae Sillaginodes punctatus,Actinopterygii,Sillaginidae,Sillaginodes,punctatus,King George Whiting,<i>Sillaginodes punctatus</i><br>(King George Whiting),1,1,1,0.3546099290780142,0.3539806296840151,0.0035460992907801418,0.003546099290780142
m1_fish,M1 fish,region,Adelaide Metro,Adelaide Metro,Pre-bloom,282,Sparidae__Acanthopagrus__butcheri,Sparidae Acanthopagrus butcheri,Actinopterygii,Sparidae,Acanthopagrus,butcheri,Black Bream,<i>Acanthopagrus butcheri</i><br>(Black Bream),0,0,0,0,0,0,0
m1_fish,M1 fish,region,Adelaide Metro,Adelaide Metro,Pre-bloom,282,Sparidae__Chrysophrys__auratus,Sparidae Chrysophrys auratus,Actinopterygii,Sparidae,Chrysophrys,auratus,Snapper,<i>Chrysophrys auratus</i><br>(Snapper),5,7.5,13.25,1.7730496453900708,0.7858709300979465,0.026595744680851064,0.012833242249979044
m1_fish,M1 fish,region,Adelaide Metro,Adelaide Metro,Pre-bloom,282,Sphyraenidae__Sphyraena__novaehollandiae,Sphyraenidae Sphyraena novaehollandiae,Actinopterygii,Sphyraenidae,Sphyraena,novaehollandiae,Snook,<i>Sphyraena novaehollandiae</i><br>(Snook),8,5,3.5,2.8368794326241136,0.9886592008450036,0.01773049645390071,0.0065612300874607656
m1_fish,M1 fish,region,Adelaide Metro,Adelaide Metro,Pre-bloom,282,Syngnathidae__Phycodurus__eques,Syngnathidae Phycodurus eques,Actinopterygii,Syngnathidae,Phycodurus,eques,Leafy Seadragon,<i>Phycodurus eques</i><br>(Leafy Seadragon),0,0,0,0,0,0,0
m1_fish,M1 fish,region,Adelaide Metro,Adelaide Metro,Pre-bloom,282,Syngnathidae__Phyllopteryx__taeniolatus,Syngnathidae Phyllopteryx taeniolatus,Actinopterygii,Syngnathidae,Phyllopteryx,taeniolatus,Common Seadragon,<i>Phyllopteryx taeniolatus</i><br>(Common Seadragon),0,0,0,0,0,0,0
m1_fish,M1 fish,region,Adelaide Metro,Adelaide Metro,Pre-bloom,282,Syngnathidae__Pugnaso__curtirostris,Syngnathidae Pugnaso curtirostris,Actinopterygii,Syngnathidae,Pugnaso,curtirostris,Pugnose Pipefish,<i>Pugnaso curtirostris</i><br>(Pugnose Pipefish),0,0,0,0,0,0,0
m1_fish,M1 fish,region,Adelaide Metro,Adelaide Metro,Pre-bloom,282,Terapontidae__Helotes__octolineatus,Terapontidae Helotes octolineatus,Actinopterygii,Terapontidae,Helotes,octolineatus,NA,<i>Helotes octolineatus</i>,0,0,0,0,0,0,0
m1_fish,M1 fish,region,Adelaide Metro,Adelaide Metro,Pre-bloom,282,Tetraodontidae__Omegophora__armilla,Tetraodontidae Omegophora armilla,Actinopterygii,Tetraodontidae,Omegophora,armilla,Ringed Toadfish,<i>Omegophora armilla</i><br>(Ringed Toadfish),15,8,4.5,5.319148936170213,1.3363727080929466,0.028368794326241134,0.007343299731736977
m1_fish,M1 fish,region,Adelaide Metro,Adelaide Metro,Pre-bloom,282,Tetraodontidae__Omegophora__cyanopunctata,Tetraodontidae Omegophora cyanopunctata,Actinopterygii,Tetraodontidae,Omegophora,cyanopunctata,Bluespotted Toadfish,<i>Omegophora cyanopunctata</i><br>(Bluespotted Toadfish),1,0.5,0.25,0.3546099290780142,0.3539806296840151,0.0017730496453900709,0.001773049645390071
m1_fish,M1 fish,region,Adelaide Metro,Adelaide Metro,Pre-bloom,282,Tetraodontidae__Tetractenos__glaber,Tetraodontidae Tetractenos glaber,Actinopterygii,Tetraodontidae,Tetractenos,glaber,Smooth Toadfish,<i>Tetractenos glaber</i><br>(Smooth Toadfish),10,8.5,12.75,3.5460992907801416,1.1013130604350896,0.030141843971631204,0.012556524894879063
m1_fish,M1 fish,region,Adelaide Metro,Adelaide Metro,Pre-bloom,282,Tetraodontidae__Torquigener__pleurogramma,Tetraodontidae Torquigener pleurogramma,Actinopterygii,Tetraodontidae,Torquigener,pleurogramma,Weeping Toadfish,<i>Torquigener pleurogramma</i><br>(Weeping Toadfish),0,0,0,0,0,0,0
m1_fish,M1 fish,region,Adelaide Metro,Adelaide Metro,Pre-bloom,282,Trachichthyidae__Trachichthys__australis,Trachichthyidae Trachichthys australis,Actinopterygii,Trachichthyidae,Trachichthys,australis,Southern Roughy,<i>Trachichthys australis</i><br>(Southern Roughy),0,0,0,0,0,0,0
m1_fish,M1 fish,region,Adelaide Metro,Adelaide Metro,Pre-bloom,282,Tripterygiidae__Helcogramma__decurrens,Tripterygiidae Helcogramma decurrens,Actinopterygii,Tripterygiidae,Helcogramma,decurrens,Blackthroat Threefin,<i>Helcogramma decurrens</i><br>(Blackthroat Threefin),7,4.5,3.25,2.482269503546099,0.9264920656719638,0.015957446808510637,0.00633304123936223
m1_fish,M1 fish,region,Adelaide Metro,Adelaide Metro,Pre-bloom,282,Tripterygiidae__Trinorfolkia__clarkei,Tripterygiidae Trinorfolkia clarkei,Actinopterygii,Tripterygiidae,Trinorfolkia,clarkei,Clark's Threefin,<i>Trinorfolkia clarkei</i><br>(Clark's Threefin),1,1,1,0.3546099290780142,0.3539806296840151,0.0035460992907801418,0.003546099290780142
m1_fish,M1 fish,region,Adelaide Metro,Adelaide Metro,Pre-bloom,282,Tripterygiidae__Trinorfolkia__cristata,Tripterygiidae Trinorfolkia cristata,Actinopterygii,Tripterygiidae,Trinorfolkia,cristata,Crested Threefin,<i>Trinorfolkia cristata</i><br>(Crested Threefin),0,0,0,0,0,0,0
m1_fish,M1 fish,region,Adelaide Metro,Adelaide Metro,Pre-bloom,282,Tripterygiidae__Tripterygiidae__spp,Tripterygiidae Unknown spp,Actinopterygii,Tripterygiidae,Tripterygiidae,spp,NA,<i>Tripterygiidae spp</i>,1,0.5,0.25,0.3546099290780142,0.3539806296840151,0.0017730496453900709,0.001773049645390071
m1_fish,M1 fish,region,Adelaide Metro,Adelaide Metro,Pre-bloom,282,Trygonorrhinidae__Aptychotrema__vincentiana,Trygonorrhinidae Aptychotrema vincentiana,Elasmobranchii,Trygonorrhinidae,Aptychotrema,vincentiana,Western Shovelnose Ray,<i>Aptychotrema vincentiana</i><br>(Western Shovelnose Ray),0,0,0,0,0,0,0
m1_fish,M1 fish,region,Adelaide Metro,Adelaide Metro,Pre-bloom,282,Trygonorrhinidae__Trygonorrhina__fasciata,Trygonorrhinidae Trygonorrhina fasciata,Elasmobranchii,Trygonorrhinidae,Trygonorrhina,fasciata,Eastern Fiddler Ray,<i>Trygonorrhina fasciata</i><br>(Eastern Fiddler Ray),1,0.5,0.25,0.3546099290780142,0.3539806296840151,0.0017730496453900709,0.001773049645390071
m1_fish,M1 fish,region,Adelaide Metro,Adelaide Metro,Pre-bloom,282,Urolophidae__Urolophus__spp,Urolophidae Urolophus spp,Elasmobranchii,Urolophidae,Urolophus,spp,NA,<i>Urolophus spp</i>,0,0,0,0,0,0,0
m1_fish,M1 fish,region,Eastern Spencer Gulf,Eastern Spencer Gulf,Bloom 2026-03,12,Antennariidae__Rhycherus__filamentosus,Antennariidae Rhycherus filamentosus,Actinopterygii,Antennariidae,Rhycherus,filamentosus,Tasselled Anglerfish,<i>Rhycherus filamentosus</i><br>(Tasselled Anglerfish),0,0,0,0,0,0,0
m1_fish,M1 fish,region,Eastern Spencer Gulf,Eastern Spencer Gulf,Bloom 2026-03,12,Aplodactylidae__Aplodactylus__arctidens,Aplodactylidae Aplodactylus arctidens,Actinopterygii,Aplodactylidae,Aplodactylus,arctidens,Marblefish,<i>Aplodactylus arctidens</i><br>(Marblefish),0,0,0,0,0,0,0
m1_fish,M1 fish,region,Eastern Spencer Gulf,Eastern Spencer Gulf,Bloom 2026-03,12,Aplodactylidae__Aplodactylus__westralis,Aplodactylidae Aplodactylus westralis,Actinopterygii,Aplodactylidae,Aplodactylus,westralis,Western Seacarp,<i>Aplodactylus westralis</i><br>(Western Seacarp),0,0,0,0,0,0,0
m1_fish,M1 fish,region,Eastern Spencer Gulf,Eastern Spencer Gulf,Bloom 2026-03,12,Apogonidae__Ostorhinchus__victoriae,Apogonidae Ostorhinchus victoriae,Actinopterygii,Apogonidae,Ostorhinchus,victoriae,Western Striped Cardinalfish,<i>Ostorhinchus victoriae</i><br>(Western Striped Cardinalfish),0,0,0,0,0,0,0
m1_fish,M1 fish,region,Eastern Spencer Gulf,Eastern Spencer Gulf,Bloom 2026-03,12,Apogonidae__Siphamia__cephalotes,Apogonidae Siphamia cephalotes,Actinopterygii,Apogonidae,Siphamia,cephalotes,Wood's Siphonfish,<i>Siphamia cephalotes</i><br>(Wood's Siphonfish),0,0,0,0,0,0,0
m1_fish,M1 fish,region,Eastern Spencer Gulf,Eastern Spencer Gulf,Bloom 2026-03,12,Apogonidae__Vincentia__conspersa,Apogonidae Vincentia conspersa,Actinopterygii,Apogonidae,Vincentia,conspersa,Southern Cardinalfish,<i>Vincentia conspersa</i><br>(Southern Cardinalfish),0,0,0,0,0,0,0
m1_fish,M1 fish,region,Eastern Spencer Gulf,Eastern Spencer Gulf,Bloom 2026-03,12,Aracanidae__Anoplocapros__amygdaloides,Aracanidae Anoplocapros amygdaloides,Actinopterygii,Aracanidae,Anoplocapros,amygdaloides,Western Smooth Boxfish,<i>Anoplocapros amygdaloides</i><br>(Western Smooth Boxfish),0,0,0,0,0,0,0
m1_fish,M1 fish,region,Eastern Spencer Gulf,Eastern Spencer Gulf,Bloom 2026-03,12,Aracanidae__Anoplocapros__lenticularis,Aracanidae Anoplocapros lenticularis,Actinopterygii,Aracanidae,Anoplocapros,lenticularis,Whitebarred Boxfish,<i>Anoplocapros lenticularis</i><br>(Whitebarred Boxfish),0,0,0,0,0,0,0
m1_fish,M1 fish,region,Eastern Spencer Gulf,Eastern Spencer Gulf,Bloom 2026-03,12,Aracanidae__Aracana__aurita,Aracanidae Aracana aurita,Actinopterygii,Aracanidae,Aracana,aurita,Shaw's Cowfish,<i>Aracana aurita</i><br>(Shaw's Cowfish),1,0.5,0.25,8.333333333333334,7.9785592313028175,0.041666666666666664,0.041666666666666664
m1_fish,M1 fish,region,Eastern Spencer Gulf,Eastern Spencer Gulf,Bloom 2026-03,12,Aracanidae__Aracana__ornata,Aracanidae Aracana ornata,Actinopterygii,Aracanidae,Aracana,ornata,Ornate Cowfish,<i>Aracana ornata</i><br>(Ornate Cowfish),1,0.5,0.25,8.333333333333334,7.9785592313028175,0.041666666666666664,0.041666666666666664
m1_fish,M1 fish,region,Eastern Spencer Gulf,Eastern Spencer Gulf,Bloom 2026-03,12,Arripidae__Arripis__georgianus,Arripidae Arripis georgianus,Actinopterygii,Arripidae,Arripis,georgianus,Australian Herring,<i>Arripis georgianus</i><br>(Australian Herring),0,0,0,0,0,0,0
m1_fish,M1 fish,region,Eastern Spencer Gulf,Eastern Spencer Gulf,Bloom 2026-03,12,Arripidae__Arripis__spp,Arripidae Arripis spp,Actinopterygii,Arripidae,Arripis,spp,NA,<i>Arripis spp</i>,0,0,0,0,0,0,0
m1_fish,M1 fish,region,Eastern Spencer Gulf,Eastern Spencer Gulf,Bloom 2026-03,12,Arripidae__Arripis__truttaceus,Arripidae Arripis truttaceus,Actinopterygii,Arripidae,Arripis,truttaceus,Western Australian Salmon,<i>Arripis truttaceus</i><br>(Western Australian Salmon),1,3,9,8.333333333333334,7.9785592313028175,0.25,0.25
m1_fish,M1 fish,region,Eastern Spencer Gulf,Eastern Spencer Gulf,Bloom 2026-03,12,Atherinidae__Atherinidae__spp,Atherinidae Unknown spp,Actinopterygii,Atherinidae,Atherinidae,spp,NA,<i>Atherinidae spp</i>,0,0,0,0,0,0,0
m1_fish,M1 fish,region,Eastern Spencer Gulf,Eastern Spencer Gulf,Bloom 2026-03,12,Berycidae__Centroberyx__gerrardi,Berycidae Centroberyx gerrardi,Actinopterygii,Berycidae,Centroberyx,gerrardi,Bight Redfish,<i>Centroberyx gerrardi</i><br>(Bight Redfish),0,0,0,0,0,0,0
m1_fish,M1 fish,region,Eastern Spencer Gulf,Eastern Spencer Gulf,Bloom 2026-03,12,Berycidae__Centroberyx__lineatus,Berycidae Centroberyx lineatus,Actinopterygii,Berycidae,Centroberyx,lineatus,Swallowtail,<i>Centroberyx lineatus</i><br>(Swallowtail),0,0,0,0,0,0,0
m1_fish,M1 fish,region,Eastern Spencer Gulf,Eastern Spencer Gulf,Bloom 2026-03,12,Bovichtidae__Bovichtus__angustifrons,Bovichtidae Bovichtus angustifrons,Actinopterygii,Bovichtidae,Bovichtus,angustifrons,Dragonet,<i>Bovichtus angustifrons</i><br>(Dragonet),0,0,0,0,0,0,0
m1_fish,M1 fish,region,Eastern Spencer Gulf,Eastern Spencer Gulf,Bloom 2026-03,12,Callionymidae__Eocallionymus__papilio,Callionymidae Eocallionymus papilio,Actinopterygii,Callionymidae,Eocallionymus,papilio,Painted Stinkfish,<i>Eocallionymus papilio</i><br>(Painted Stinkfish),0,0,0,0,0,0,0
m1_fish,M1 fish,region,Eastern Spencer Gulf,Eastern Spencer Gulf,Bloom 2026-03,12,Carangidae__Pseudocaranx__spp,Carangidae Pseudocaranx spp,Actinopterygii,Carangidae,Pseudocaranx,spp,NA,<i>Pseudocaranx spp</i>,0,0,0,0,0,0,0
m1_fish,M1 fish,region,Eastern Spencer Gulf,Eastern Spencer Gulf,Bloom 2026-03,12,Carangidae__Seriola__lalandi,Carangidae Seriola lalandi,Actinopterygii,Carangidae,Seriola,lalandi,Yellowtail Kingfish,<i>Seriola lalandi</i><br>(Yellowtail Kingfish),0,0,0,0,0,0,0
m1_fish,M1 fish,region,Eastern Spencer Gulf,Eastern Spencer Gulf,Bloom 2026-03,12,Carangidae__Trachurus__novaezelandiae,Carangidae Trachurus novaezelandiae,Actinopterygii,Carangidae,Trachurus,novaezelandiae,Yellowtail Scad,<i>Trachurus novaezelandiae</i><br>(Yellowtail Scad),0,0,0,0,0,0,0
m1_fish,M1 fish,region,Eastern Spencer Gulf,Eastern Spencer Gulf,Bloom 2026-03,12,Chaetodontidae__Chelmonops__curiosus,Chaetodontidae Chelmonops curiosus,Actinopterygii,Chaetodontidae,Chelmonops,curiosus,Western Talma,<i>Chelmonops curiosus</i><br>(Western Talma),1,0.5,0.25,8.333333333333334,7.9785592313028175,0.041666666666666664,0.041666666666666664
m1_fish,M1 fish,region,Eastern Spencer Gulf,Eastern Spencer Gulf,Bloom 2026-03,12,Cheilodactylidae__Cheilodactylus__nigripes,Cheilodactylidae Cheilodactylus nigripes,Actinopterygii,Cheilodactylidae,Cheilodactylus,nigripes,Magpie Perch,<i>Cheilodactylus nigripes</i><br>(Magpie Perch),2,1.5,1.25,16.666666666666668,10.758287072798382,0.125,0.08971757032065918
m1_fish,M1 fish,region,Eastern Spencer Gulf,Eastern Spencer Gulf,Bloom 2026-03,12,Cheilodactylidae__Cheilodactylus__spectabilis,Cheilodactylidae Cheilodactylus spectabilis,Actinopterygii,Cheilodactylidae,Cheilodactylus,spectabilis,Banded Morwong,<i>Cheilodactylus spectabilis</i><br>(Banded Morwong),0,0,0,0,0,0,0
m1_fish,M1 fish,region,Eastern Spencer Gulf,Eastern Spencer Gulf,Bloom 2026-03,12,Cheilodactylidae__Dactylophora__nigricans,Cheilodactylidae Dactylophora nigricans,Actinopterygii,Cheilodactylidae,Dactylophora,nigricans,Dusky Morwong,<i>Dactylophora nigricans</i><br>(Dusky Morwong),0,0,0,0,0,0,0
m1_fish,M1 fish,region,Eastern Spencer Gulf,Eastern Spencer Gulf,Bloom 2026-03,12,Cheilodactylidae__Nemadactylus__valenciennesi,Cheilodactylidae Nemadactylus valenciennesi,Actinopterygii,Cheilodactylidae,Nemadactylus,valenciennesi,Blue Morwong,<i>Nemadactylus valenciennesi</i><br>(Blue Morwong),0,0,0,0,0,0,0
m1_fish,M1 fish,region,Eastern Spencer Gulf,Eastern Spencer Gulf,Bloom 2026-03,12,Chironemidae__Chironemus__georgianus,Chironemidae Chironemus georgianus,Actinopterygii,Chironemidae,Chironemus,georgianus,Western Kelpfish,<i>Chironemus georgianus</i><br>(Western Kelpfish),0,0,0,0,0,0,0
m1_fish,M1 fish,region,Eastern Spencer Gulf,Eastern Spencer Gulf,Bloom 2026-03,12,Chironemidae__Chironemus__maculosus,Chironemidae Chironemus maculosus,Actinopterygii,Chironemidae,Chironemus,maculosus,Silver Spot,<i>Chironemus maculosus</i><br>(Silver Spot),0,0,0,0,0,0,0
m1_fish,M1 fish,region,Eastern Spencer Gulf,Eastern Spencer Gulf,Bloom 2026-03,12,Clinidae__Heteroclinus__spp,Clinidae Heteroclinus spp,Actinopterygii,Clinidae,Heteroclinus,spp,NA,<i>Heteroclinus spp</i>,0,0,0,0,0,0,0
m1_fish,M1 fish,region,Eastern Spencer Gulf,Eastern Spencer Gulf,Bloom 2026-03,12,Clupeidae__Clupeidae__spp,Clupeidae Unknown spp,Actinopterygii,Clupeidae,Clupeidae,spp,NA,<i>Clupeidae spp</i>,0,0,0,0,0,0,0
m1_fish,M1 fish,region,Eastern Spencer Gulf,Eastern Spencer Gulf,Bloom 2026-03,12,Clupeidae__Hyperlophus__vittatus,Clupeidae Hyperlophus vittatus,Actinopterygii,Clupeidae,Hyperlophus,vittatus,Sandy Sprat,<i>Hyperlophus vittatus</i><br>(Sandy Sprat),0,0,0,0,0,0,0
m1_fish,M1 fish,region,Eastern Spencer Gulf,Eastern Spencer Gulf,Bloom 2026-03,12,Clupeidae__Spratelloides__robustus,Clupeidae Spratelloides robustus,Actinopterygii,Clupeidae,Spratelloides,robustus,Blue Sprat,<i>Spratelloides robustus</i><br>(Blue Sprat),0,0,0,0,0,0,0
m1_fish,M1 fish,region,Eastern Spencer Gulf,Eastern Spencer Gulf,Bloom 2026-03,12,Dasyatidae__Bathytoshia__lata,Dasyatidae Bathytoshia lata,Elasmobranchii,Dasyatidae,Bathytoshia,lata,Black Stingray,<i>Bathytoshia lata</i><br>(Black Stingray),0,0,0,0,0,0,0
m1_fish,M1 fish,region,Eastern Spencer Gulf,Eastern Spencer Gulf,Bloom 2026-03,12,Dinolestidae__Dinolestes__lewini,Dinolestidae Dinolestes lewini,Actinopterygii,Dinolestidae,Dinolestes,lewini,Longfin Pike,<i>Dinolestes lewini</i><br>(Longfin Pike),0,0,0,0,0,0,0
m1_fish,M1 fish,region,Eastern Spencer Gulf,Eastern Spencer Gulf,Bloom 2026-03,12,Diodontidae__Diodon__nicthemerus,Diodontidae Diodon nicthemerus,Actinopterygii,Diodontidae,Diodon,nicthemerus,Globefish,<i>Diodon nicthemerus</i><br>(Globefish),0,0,0,0,0,0,0
m1_fish,M1 fish,region,Eastern Spencer Gulf,Eastern Spencer Gulf,Bloom 2026-03,12,Enoplosidae__Enoplosus__armatus,Enoplosidae Enoplosus armatus,Actinopterygii,Enoplosidae,Enoplosus,armatus,Old Wife,<i>Enoplosus armatus</i><br>(Old Wife),0,0,0,0,0,0,0
m1_fish,M1 fish,region,Eastern Spencer Gulf,Eastern Spencer Gulf,Bloom 2026-03,12,Gerreidae__Parequula__melbournensis,Gerreidae Parequula melbournensis,Actinopterygii,Gerreidae,Parequula,melbournensis,Silverbelly,<i>Parequula melbournensis</i><br>(Silverbelly),0,0,0,0,0,0,0
m1_fish,M1 fish,region,Eastern Spencer Gulf,Eastern Spencer Gulf,Bloom 2026-03,12,Girellidae__Girella__tricuspidata,Girellidae Girella tricuspidata,Actinopterygii,Girellidae,Girella,tricuspidata,Luderick,<i>Girella tricuspidata</i><br>(Luderick),0,0,0,0,0,0,0
m1_fish,M1 fish,region,Eastern Spencer Gulf,Eastern Spencer Gulf,Bloom 2026-03,12,Girellidae__Girella__zebra,Girellidae Girella zebra,Actinopterygii,Girellidae,Girella,zebra,Zebrafish,<i>Girella zebra</i><br>(Zebrafish),6,11.5,40.25,50,14.433756729740644,0.9583333333333334,0.47056676551588383
m1_fish,M1 fish,region,Eastern Spencer Gulf,Eastern Spencer Gulf,Bloom 2026-03,12,Gobiesocidae__Gobiesocidae__spp,Gobiesocidae Unknown spp,Actinopterygii,Gobiesocidae,Gobiesocidae,spp,NA,<i>Gobiesocidae spp</i>,0,0,0,0,0,0,0
m1_fish,M1 fish,region,Eastern Spencer Gulf,Eastern Spencer Gulf,Bloom 2026-03,12,Gobiidae__Gobiidae__spp,Gobiidae Unknown spp,Actinopterygii,Gobiidae,Gobiidae,spp,NA,<i>Gobiidae spp</i>,0,0,0,0,0,0,0
m1_fish,M1 fish,region,Eastern Spencer Gulf,Eastern Spencer Gulf,Bloom 2026-03,12,Gobiidae__Nesogobius__pulchellus,Gobiidae Nesogobius pulchellus,Actinopterygii,Gobiidae,Nesogobius,pulchellus,Sailfin Goby,<i>Nesogobius pulchellus</i><br>(Sailfin Goby),0,0,0,0,0,0,0
m1_fish,M1 fish,region,Eastern Spencer Gulf,Eastern Spencer Gulf,Bloom 2026-03,12,Heterodontidae__Heterodontus__portusjacksoni,Heterodontidae Heterodontus portusjacksoni,Elasmobranchii,Heterodontidae,Heterodontus,portusjacksoni,Port Jackson Shark,<i>Heterodontus portusjacksoni</i><br>(Port Jackson Shark),0,0,0,0,0,0,0
m1_fish,M1 fish,region,Eastern Spencer Gulf,Eastern Spencer Gulf,Bloom 2026-03,12,Hypnidae__Hypnos__monopterygius,Hypnidae Hypnos monopterygius,Elasmobranchii,Hypnidae,Hypnos,monopterygius,Coffin Ray,<i>Hypnos monopterygius</i><br>(Coffin Ray),0,0,0,0,0,0,0
m1_fish,M1 fish,region,Eastern Spencer Gulf,Eastern Spencer Gulf,Bloom 2026-03,12,Kyphosidae__Kyphosus__sydneyanus,Kyphosidae Kyphosus sydneyanus,Actinopterygii,Kyphosidae,Kyphosus,sydneyanus,Silver Drummer,<i>Kyphosus sydneyanus</i><br>(Silver Drummer),2,4,10,16.666666666666668,10.758287072798382,0.3333333333333333,0.25623537159526916
m1_fish,M1 fish,region,Eastern Spencer Gulf,Eastern Spencer Gulf,Bloom 2026-03,12,Labridae__Achoerodus__gouldii,Labridae Achoerodus gouldii,Actinopterygii,Labridae,Achoerodus,gouldii,Western Blue Groper,<i>Achoerodus gouldii</i><br>(Western Blue Groper),0,0,0,0,0,0,0
m1_fish,M1 fish,region,Eastern Spencer Gulf,Eastern Spencer Gulf,Bloom 2026-03,12,Labridae__Austrolabrus__maculatus,Labridae Austrolabrus maculatus,Actinopterygii,Labridae,Austrolabrus,maculatus,Blackspotted Wrasse,<i>Austrolabrus maculatus</i><br>(Blackspotted Wrasse),1,0.5,0.25,8.333333333333334,7.9785592313028175,0.041666666666666664,0.041666666666666664
m1_fish,M1 fish,region,Eastern Spencer Gulf,Eastern Spencer Gulf,Bloom 2026-03,12,Labridae__Dotalabrus__aurantiacus,Labridae Dotalabrus aurantiacus,Actinopterygii,Labridae,Dotalabrus,aurantiacus,Castelnau's Wrasse,<i>Dotalabrus aurantiacus</i><br>(Castelnau's Wrasse),1,0.5,0.25,8.333333333333334,7.9785592313028175,0.041666666666666664,0.041666666666666664
m1_fish,M1 fish,region,Eastern Spencer Gulf,Eastern Spencer Gulf,Bloom 2026-03,12,Labridae__Eupetrichthys__angustipes,Labridae Eupetrichthys angustipes,Actinopterygii,Labridae,Eupetrichthys,angustipes,Snakeskin Wrasse,<i>Eupetrichthys angustipes</i><br>(Snakeskin Wrasse),0,0,0,0,0,0,0
m1_fish,M1 fish,region,Eastern Spencer Gulf,Eastern Spencer Gulf,Bloom 2026-03,12,Labridae__Haletta__semifasciata,Labridae Haletta semifasciata,Actinopterygii,Labridae,Haletta,semifasciata,Blue Weed Whiting,<i>Haletta semifasciata</i><br>(Blue Weed Whiting),0,0,0,0,0,0,0
m1_fish,M1 fish,region,Eastern Spencer Gulf,Eastern Spencer Gulf,Bloom 2026-03,12,Labridae__Heteroscarus__acroptilus,Labridae Heteroscarus acroptilus,Actinopterygii,Labridae,Heteroscarus,acroptilus,Rainbow Cale,<i>Heteroscarus acroptilus</i><br>(Rainbow Cale),0,0,0,0,0,0,0
m1_fish,M1 fish,region,Eastern Spencer Gulf,Eastern Spencer Gulf,Bloom 2026-03,12,Labridae__Neoodax__balteatus,Labridae Neoodax balteatus,Actinopterygii,Labridae,Neoodax,balteatus,Little Weed Whiting,<i>Neoodax balteatus</i><br>(Little Weed Whiting),4,11,39,33.333333333333336,13.608276348795433,0.9166666666666666,0.4680445027619239
m1_fish,M1 fish,region,Eastern Spencer Gulf,Eastern Spencer Gulf,Bloom 2026-03,12,Labridae__Notolabrus__fucicola,Labridae Notolabrus fucicola,Actinopterygii,Labridae,Notolabrus,fucicola,Purple Wrasse,<i>Notolabrus fucicola</i><br>(Purple Wrasse),1,0.5,0.25,8.333333333333334,7.9785592313028175,0.041666666666666664,0.041666666666666664
m1_fish,M1 fish,region,Eastern Spencer Gulf,Eastern Spencer Gulf,Bloom 2026-03,12,Labridae__Notolabrus__parilus,Labridae Notolabrus parilus,Actinopterygii,Labridae,Notolabrus,parilus,Brownspotted Wrasse,<i>Notolabrus parilus</i><br>(Brownspotted Wrasse),7,6.5,7.25,58.333333333333336,14.231876063832777,0.5416666666666666,0.1680811191843469
m1_fish,M1 fish,region,Eastern Spencer Gulf,Eastern Spencer Gulf,Bloom 2026-03,12,Labridae__Notolabrus__tetricus,Labridae Notolabrus tetricus,Actinopterygii,Labridae,Notolabrus,tetricus,Bluethroat Wrasse,<i>Notolabrus tetricus</i><br>(Bluethroat Wrasse),9,28,220.5,75,12.5,2.3333333333333335,1.084207106832016
m1_fish,M1 fish,region,Eastern Spencer Gulf,Eastern Spencer Gulf,Bloom 2026-03,12,Labridae__Olisthops__cyanomelas,Labridae Olisthops cyanomelas,Actinopterygii,Labridae,Olisthops,cyanomelas,Herring Cale,<i>Olisthops cyanomelas</i><br>(Herring Cale),0,0,0,0,0,0,0
m1_fish,M1 fish,region,Eastern Spencer Gulf,Eastern Spencer Gulf,Bloom 2026-03,12,Labridae__Ophthalmolepis__lineolatus,Labridae Ophthalmolepis lineolatus,Actinopterygii,Labridae,Ophthalmolepis,lineolatus,Southern Maori Wrasse,<i>Ophthalmolepis lineolatus</i><br>(Southern Maori Wrasse),0,0,0,0,0,0,0
m1_fish,M1 fish,region,Eastern Spencer Gulf,Eastern Spencer Gulf,Bloom 2026-03,12,Labridae__Pictilabrus__laticlavius,Labridae Pictilabrus laticlavius,Actinopterygii,Labridae,Pictilabrus,laticlavius,Senator Wrasse,<i>Pictilabrus laticlavius</i><br>(Senator Wrasse),0,0,0,0,0,0,0
m1_fish,M1 fish,region,Eastern Spencer Gulf,Eastern Spencer Gulf,Bloom 2026-03,12,Labridae__Pseudolabrus__rubicundus,Labridae Pseudolabrus rubicundus,Actinopterygii,Labridae,Pseudolabrus,rubicundus,Rosy Wrasse,<i>Pseudolabrus rubicundus</i><br>(Rosy Wrasse),0,0,0,0,0,0,0
m1_fish,M1 fish,region,Eastern Spencer Gulf,Eastern Spencer Gulf,Bloom 2026-03,12,Labridae__Siphonognathus__argyrophanes,Labridae Siphonognathus argyrophanes,Actinopterygii,Labridae,Siphonognathus,argyrophanes,Tubemouth,<i>Siphonognathus argyrophanes</i><br>(Tubemouth),0,0,0,0,0,0,0
m1_fish,M1 fish,region,Eastern Spencer Gulf,Eastern Spencer Gulf,Bloom 2026-03,12,Labridae__Siphonognathus__attenuatus,Labridae Siphonognathus attenuatus,Actinopterygii,Labridae,Siphonognathus,attenuatus,Slender Weed Whiting,<i>Siphonognathus attenuatus</i><br>(Slender Weed Whiting),0,0,0,0,0,0,0
m1_fish,M1 fish,region,Eastern Spencer Gulf,Eastern Spencer Gulf,Bloom 2026-03,12,Labridae__Siphonognathus__beddomei,Labridae Siphonognathus beddomei,Actinopterygii,Labridae,Siphonognathus,beddomei,Pencil Weed Whiting,<i>Siphonognathus beddomei</i><br>(Pencil Weed Whiting),1,0.5,0.25,8.333333333333334,7.9785592313028175,0.041666666666666664,0.041666666666666664
m1_fish,M1 fish,region,Eastern Spencer Gulf,Eastern Spencer Gulf,Bloom 2026-03,12,Labridae__Siphonognathus__caninis,Labridae Siphonognathus caninis,Actinopterygii,Labridae,Siphonognathus,caninis,Sharpnose Weed Whiting,<i>Siphonognathus caninis</i><br>(Sharpnose Weed Whiting),0,0,0,0,0,0,0
m1_fish,M1 fish,region,Eastern Spencer Gulf,Eastern Spencer Gulf,Bloom 2026-03,12,Labridae__Siphonognathus__radiatus,Labridae Siphonognathus radiatus,Actinopterygii,Labridae,Siphonognathus,radiatus,Longray Weed Whiting,<i>Siphonognathus radiatus</i><br>(Longray Weed Whiting),0,0,0,0,0,0,0
m1_fish,M1 fish,region,Eastern Spencer Gulf,Eastern Spencer Gulf,Bloom 2026-03,12,Labridae__Siphonognathus__spp,Labridae Siphonognathus spp,Actinopterygii,Labridae,Siphonognathus,spp,NA,<i>Siphonognathus spp</i>,0,0,0,0,0,0,0
m1_fish,M1 fish,region,Eastern Spencer Gulf,Eastern Spencer Gulf,Bloom 2026-03,12,Labridae__Siphonognathus__tanyourus,Labridae Siphonognathus tanyourus,Actinopterygii,Labridae,Siphonognathus,tanyourus,Longtail Weed Whiting,<i>Siphonognathus tanyourus</i><br>(Longtail Weed Whiting),0,0,0,0,0,0,0
m1_fish,M1 fish,region,Eastern Spencer Gulf,Eastern Spencer Gulf,Bloom 2026-03,12,Microcanthidae__Neatypus__obliquus,Microcanthidae Neatypus obliquus,Actinopterygii,Microcanthidae,Neatypus,obliquus,Footballer Sweep,<i>Neatypus obliquus</i><br>(Footballer Sweep),0,0,0,0,0,0,0
m1_fish,M1 fish,region,Eastern Spencer Gulf,Eastern Spencer Gulf,Bloom 2026-03,12,Microcanthidae__Tilodon__sexfasciatus,Microcanthidae Tilodon sexfasciatus,Actinopterygii,Microcanthidae,Tilodon,sexfasciatus,Moonlighter,<i>Tilodon sexfasciatus</i><br>(Moonlighter),0,0,0,0,0,0,0
m1_fish,M1 fish,region,Eastern Spencer Gulf,Eastern Spencer Gulf,Bloom 2026-03,12,Monacanthidae__Acanthaluteres__brownii,Monacanthidae Acanthaluteres brownii,Actinopterygii,Monacanthidae,Acanthaluteres,brownii,Spinytail Leatherjacket,<i>Acanthaluteres brownii</i><br>(Spinytail Leatherjacket),0,0,0,0,0,0,0
m1_fish,M1 fish,region,Eastern Spencer Gulf,Eastern Spencer Gulf,Bloom 2026-03,12,Monacanthidae__Acanthaluteres__spilomelanurus,Monacanthidae Acanthaluteres spilomelanurus,Actinopterygii,Monacanthidae,Acanthaluteres,spilomelanurus,Bridled Leatherjacket,<i>Acanthaluteres spilomelanurus</i><br>(Bridled Leatherjacket),0,0,0,0,0,0,0
m1_fish,M1 fish,region,Eastern Spencer Gulf,Eastern Spencer Gulf,Bloom 2026-03,12,Monacanthidae__Acanthaluteres__vittiger,Monacanthidae Acanthaluteres vittiger,Actinopterygii,Monacanthidae,Acanthaluteres,vittiger,Toothbrush Leatherjacket,<i>Acanthaluteres vittiger</i><br>(Toothbrush Leatherjacket),0,0,0,0,0,0,0
m1_fish,M1 fish,region,Eastern Spencer Gulf,Eastern Spencer Gulf,Bloom 2026-03,12,Monacanthidae__Brachaluteres__jacksonianus,Monacanthidae Brachaluteres jacksonianus,Actinopterygii,Monacanthidae,Brachaluteres,jacksonianus,Southern Pygmy Leatherjacket,<i>Brachaluteres jacksonianus</i><br>(Southern Pygmy Leatherjacket),0,0,0,0,0,0,0
m1_fish,M1 fish,region,Eastern Spencer Gulf,Eastern Spencer Gulf,Bloom 2026-03,12,Monacanthidae__Eubalichthys__gunnii,Monacanthidae Eubalichthys gunnii,Actinopterygii,Monacanthidae,Eubalichthys,gunnii,Gunn's Leatherjacket,<i>Eubalichthys gunnii</i><br>(Gunn's Leatherjacket),0,0,0,0,0,0,0
m1_fish,M1 fish,region,Eastern Spencer Gulf,Eastern Spencer Gulf,Bloom 2026-03,12,Monacanthidae__Eubalichthys__mosaicus,Monacanthidae Eubalichthys mosaicus,Actinopterygii,Monacanthidae,Eubalichthys,mosaicus,Mosaic Leatherjacket,<i>Eubalichthys mosaicus</i><br>(Mosaic Leatherjacket),0,0,0,0,0,0,0
m1_fish,M1 fish,region,Eastern Spencer Gulf,Eastern Spencer Gulf,Bloom 2026-03,12,Monacanthidae__Meuschenia__flavolineata,Monacanthidae Meuschenia flavolineata,Actinopterygii,Monacanthidae,Meuschenia,flavolineata,Yellowstriped Leatherjacket,<i>Meuschenia flavolineata</i><br>(Yellowstriped Leatherjacket),0,0,0,0,0,0,0
m1_fish,M1 fish,region,Eastern Spencer Gulf,Eastern Spencer Gulf,Bloom 2026-03,12,Monacanthidae__Meuschenia__freycineti,Monacanthidae Meuschenia freycineti,Actinopterygii,Monacanthidae,Meuschenia,freycineti,Sixspine Leatherjacket,<i>Meuschenia freycineti</i><br>(Sixspine Leatherjacket),0,0,0,0,0,0,0
m1_fish,M1 fish,region,Eastern Spencer Gulf,Eastern Spencer Gulf,Bloom 2026-03,12,Monacanthidae__Meuschenia__galii,Monacanthidae Meuschenia galii,Actinopterygii,Monacanthidae,Meuschenia,galii,Bluelined Leatherjacket,<i>Meuschenia galii</i><br>(Bluelined Leatherjacket),0,0,0,0,0,0,0
m1_fish,M1 fish,region,Eastern Spencer Gulf,Eastern Spencer Gulf,Bloom 2026-03,12,Monacanthidae__Meuschenia__hippocrepis,Monacanthidae Meuschenia hippocrepis,Actinopterygii,Monacanthidae,Meuschenia,hippocrepis,Horseshoe Leatherjacket,<i>Meuschenia hippocrepis</i><br>(Horseshoe Leatherjacket),1,0.5,0.25,8.333333333333334,7.9785592313028175,0.041666666666666664,0.041666666666666664
m1_fish,M1 fish,region,Eastern Spencer Gulf,Eastern Spencer Gulf,Bloom 2026-03,12,Monacanthidae__Meuschenia__venusta,Monacanthidae Meuschenia venusta,Actinopterygii,Monacanthidae,Meuschenia,venusta,Stars-and-stripes Leatherjacket,<i>Meuschenia venusta</i><br>(Stars-and-stripes Leatherjacket),0,0,0,0,0,0,0
m1_fish,M1 fish,region,Eastern Spencer Gulf,Eastern Spencer Gulf,Bloom 2026-03,12,Monacanthidae__Scobinichthys__granulatus,Monacanthidae Scobinichthys granulatus,Actinopterygii,Monacanthidae,Scobinichthys,granulatus,Rough Leatherjacket,<i>Scobinichthys granulatus</i><br>(Rough Leatherjacket),0,0,0,0,0,0,0
m1_fish,M1 fish,region,Eastern Spencer Gulf,Eastern Spencer Gulf,Bloom 2026-03,12,Monacanthidae__Thamnaconus__degeni,Monacanthidae Thamnaconus degeni,Actinopterygii,Monacanthidae,Thamnaconus,degeni,Bluefin Leatherjacket,<i>Thamnaconus degeni</i><br>(Bluefin Leatherjacket),0,0,0,0,0,0,0
m1_fish,M1 fish,region,Eastern Spencer Gulf,Eastern Spencer Gulf,Bloom 2026-03,12,Mullidae__Upeneichthys__vlamingii,Mullidae Upeneichthys vlamingii,Actinopterygii,Mullidae,Upeneichthys,vlamingii,Bluespotted Goatfish,<i>Upeneichthys vlamingii</i><br>(Bluespotted Goatfish),0,0,0,0,0,0,0
m1_fish,M1 fish,region,Eastern Spencer Gulf,Eastern Spencer Gulf,Bloom 2026-03,12,Myliobatidae__Myliobatis__tenuicaudatus,Myliobatidae Myliobatis tenuicaudatus,Elasmobranchii,Myliobatidae,Myliobatis,tenuicaudatus,Southern Eagle Ray,<i>Myliobatis tenuicaudatus</i><br>(Southern Eagle Ray),0,0,0,0,0,0,0
m1_fish,M1 fish,region,Eastern Spencer Gulf,Eastern Spencer Gulf,Bloom 2026-03,12,Ophiclinidae__Ophiclinus__spp,Ophiclinidae Ophiclinus spp,Actinopterygii,Ophiclinidae,Ophiclinus,spp,NA,<i>Ophiclinus spp</i>,0,0,0,0,0,0,0
m1_fish,M1 fish,region,Eastern Spencer Gulf,Eastern Spencer Gulf,Bloom 2026-03,12,Parascylliidae__Parascyllium__ferrugineum,Parascylliidae Parascyllium ferrugineum,Elasmobranchii,Parascylliidae,Parascyllium,ferrugineum,Rusty Carpetshark,<i>Parascyllium ferrugineum</i><br>(Rusty Carpetshark),0,0,0,0,0,0,0
m1_fish,M1 fish,region,Eastern Spencer Gulf,Eastern Spencer Gulf,Bloom 2026-03,12,Parascylliidae__Parascyllium__variolatum,Parascylliidae Parascyllium variolatum,Elasmobranchii,Parascylliidae,Parascyllium,variolatum,Varied Carpetshark,<i>Parascyllium variolatum</i><br>(Varied Carpetshark),0,0,0,0,0,0,0
m1_fish,M1 fish,region,Eastern Spencer Gulf,Eastern Spencer Gulf,Bloom 2026-03,12,Pataecidae__Aetapcus__maculatus,Pataecidae Aetapcus maculatus,Actinopterygii,Pataecidae,Aetapcus,maculatus,Warty Prowfish,<i>Aetapcus maculatus</i><br>(Warty Prowfish),0,0,0,0,0,0,0
m1_fish,M1 fish,region,Eastern Spencer Gulf,Eastern Spencer Gulf,Bloom 2026-03,12,Pempherididae__Parapriacanthus__elongatus,Pempherididae Parapriacanthus elongatus,Actinopterygii,Pempherididae,Parapriacanthus,elongatus,Elongate Bullseye,<i>Parapriacanthus elongatus</i><br>(Elongate Bullseye),0,0,0,0,0,0,0
m1_fish,M1 fish,region,Eastern Spencer Gulf,Eastern Spencer Gulf,Bloom 2026-03,12,Pempherididae__Pempheris__klunzingeri,Pempherididae Pempheris klunzingeri,Actinopterygii,Pempherididae,Pempheris,klunzingeri,Rough Bullseye,<i>Pempheris klunzingeri</i><br>(Rough Bullseye),0,0,0,0,0,0,0
m1_fish,M1 fish,region,Eastern Spencer Gulf,Eastern Spencer Gulf,Bloom 2026-03,12,Pempherididae__Pempheris__multiradiata,Pempherididae Pempheris multiradiata,Actinopterygii,Pempherididae,Pempheris,multiradiata,Bigscale Bullseye,<i>Pempheris multiradiata</i><br>(Bigscale Bullseye),0,0,0,0,0,0,0
m1_fish,M1 fish,region,Eastern Spencer Gulf,Eastern Spencer Gulf,Bloom 2026-03,12,Pempherididae__Pempheris__ornata,Pempherididae Pempheris ornata,Actinopterygii,Pempherididae,Pempheris,ornata,Orangelined Bullseye,<i>Pempheris ornata</i><br>(Orangelined Bullseye),0,0,0,0,0,0,0
m1_fish,M1 fish,region,Eastern Spencer Gulf,Eastern Spencer Gulf,Bloom 2026-03,12,Pempherididae__Pempheris__spp,Pempherididae Pempheris spp,Actinopterygii,Pempherididae,Pempheris,spp,NA,<i>Pempheris spp</i>,0,0,0,0,0,0,0
m1_fish,M1 fish,region,Eastern Spencer Gulf,Eastern Spencer Gulf,Bloom 2026-03,12,Pentacerotidae__Pentaceropsis__recurvirostris,Pentacerotidae Pentaceropsis recurvirostris,Actinopterygii,Pentacerotidae,Pentaceropsis,recurvirostris,Longsnout Boarfish,<i>Pentaceropsis recurvirostris</i><br>(Longsnout Boarfish),0,0,0,0,0,0,0
m1_fish,M1 fish,region,Eastern Spencer Gulf,Eastern Spencer Gulf,Bloom 2026-03,12,Pinguipedidae__Parapercis__haackei,Pinguipedidae Parapercis haackei,Actinopterygii,Pinguipedidae,Parapercis,haackei,Wavy Grubfish,<i>Parapercis haackei</i><br>(Wavy Grubfish),2,1.5,1.25,16.666666666666668,10.758287072798382,0.125,0.08971757032065918
m1_fish,M1 fish,region,Eastern Spencer Gulf,Eastern Spencer Gulf,Bloom 2026-03,12,Pinguipedidae__Parapercis__ramsayi,Pinguipedidae Parapercis ramsayi,Actinopterygii,Pinguipedidae,Parapercis,ramsayi,Spotted Grubfish,<i>Parapercis ramsayi</i><br>(Spotted Grubfish),0,0,0,0,0,0,0
m1_fish,M1 fish,region,Eastern Spencer Gulf,Eastern Spencer Gulf,Bloom 2026-03,12,Platycephalidae__Leviprora__inops,Platycephalidae Leviprora inops,Actinopterygii,Platycephalidae,Leviprora,inops,Longhead Flathead,<i>Leviprora inops</i><br>(Longhead Flathead),0,0,0,0,0,0,0
m1_fish,M1 fish,region,Eastern Spencer Gulf,Eastern Spencer Gulf,Bloom 2026-03,12,Platycephalidae__Platycephalus__laevigatus,Platycephalidae Platycephalus laevigatus,Actinopterygii,Platycephalidae,Platycephalus,laevigatus,Rock Flathead,<i>Platycephalus laevigatus</i><br>(Rock Flathead),0,0,0,0,0,0,0
m1_fish,M1 fish,region,Eastern Spencer Gulf,Eastern Spencer Gulf,Bloom 2026-03,12,Platycephalidae__Platycephalus__speculator,Platycephalidae Platycephalus speculator,Actinopterygii,Platycephalidae,Platycephalus,speculator,Southern Bluespotted Flathead,<i>Platycephalus speculator</i><br>(Southern Bluespotted Flathead),0,0,0,0,0,0,0
m1_fish,M1 fish,region,Eastern Spencer Gulf,Eastern Spencer Gulf,Bloom 2026-03,12,Plesiopidae__Paraplesiops__meleagris,Plesiopidae Paraplesiops meleagris,Actinopterygii,Plesiopidae,Paraplesiops,meleagris,Southern Blue Devil,<i>Paraplesiops meleagris</i><br>(Southern Blue Devil),0,0,0,0,0,0,0
m1_fish,M1 fish,region,Eastern Spencer Gulf,Eastern Spencer Gulf,Bloom 2026-03,12,Plesiopidae__Trachinops__caudimaculatus,Plesiopidae Trachinops caudimaculatus,Actinopterygii,Plesiopidae,Trachinops,caudimaculatus,Southern Hulafish,<i>Trachinops caudimaculatus</i><br>(Southern Hulafish),0,0,0,0,0,0,0
m1_fish,M1 fish,region,Eastern Spencer Gulf,Eastern Spencer Gulf,Bloom 2026-03,12,Plesiopidae__Trachinops__noarlungae,Plesiopidae Trachinops noarlungae,Actinopterygii,Plesiopidae,Trachinops,noarlungae,Yellowhead Hulafish,<i>Trachinops noarlungae</i><br>(Yellowhead Hulafish),1,21.5,462.25,8.333333333333334,7.9785592313028175,1.7916666666666667,1.7916666666666667
m1_fish,M1 fish,region,Eastern Spencer Gulf,Eastern Spencer Gulf,Bloom 2026-03,12,Plotosidae__Cnidoglanis__macrocephalus,Plotosidae Cnidoglanis macrocephalus,Actinopterygii,Plotosidae,Cnidoglanis,macrocephalus,Estuary Cobbler,<i>Cnidoglanis macrocephalus</i><br>(Estuary Cobbler),0,0,0,0,0,0,0
m1_fish,M1 fish,region,Eastern Spencer Gulf,Eastern Spencer Gulf,Bloom 2026-03,12,Pomacentridae__Parma__victoriae,Pomacentridae Parma victoriae,Actinopterygii,Pomacentridae,Parma,victoriae,Scalyfin,<i>Parma victoriae</i><br>(Scalyfin),2,1.5,1.25,16.666666666666668,10.758287072798382,0.125,0.08971757032065918
m1_fish,M1 fish,region,Eastern Spencer Gulf,Eastern Spencer Gulf,Bloom 2026-03,12,Scombridae__Scomber__australasicus,Scombridae Scomber australasicus,Actinopterygii,Scombridae,Scomber,australasicus,Blue Mackerel,<i>Scomber australasicus</i><br>(Blue Mackerel),0,0,0,0,0,0,0
m1_fish,M1 fish,region,Eastern Spencer Gulf,Eastern Spencer Gulf,Bloom 2026-03,12,Scorpididae__Scorpis__aequipinnis,Scorpididae Scorpis aequipinnis,Actinopterygii,Scorpididae,Scorpis,aequipinnis,Sea Sweep,<i>Scorpis aequipinnis</i><br>(Sea Sweep),8,23.5,96.25,66.66666666666667,13.608276348795433,1.9583333333333333,0.6168662658137418
m1_fish,M1 fish,region,Eastern Spencer Gulf,Eastern Spencer Gulf,Bloom 2026-03,12,Scorpididae__Scorpis__georgiana,Scorpididae Scorpis georgiana,Actinopterygii,Scorpididae,Scorpis,georgiana,Banded Sweep,<i>Scorpis georgiana</i><br>(Banded Sweep),0,0,0,0,0,0,0
m1_fish,M1 fish,region,Eastern Spencer Gulf,Eastern Spencer Gulf,Bloom 2026-03,12,Scorpididae__Scorpis__lineolata,Scorpididae Scorpis lineolata,Actinopterygii,Scorpididae,Scorpis,lineolata,Silver Sweep,<i>Scorpis lineolata</i><br>(Silver Sweep),0,0,0,0,0,0,0
m1_fish,M1 fish,region,Eastern Spencer Gulf,Eastern Spencer Gulf,Bloom 2026-03,12,Serranidae__Caesioperca__rasor,Serranidae Caesioperca rasor,Actinopterygii,Serranidae,Caesioperca,rasor,Barber Perch,<i>Caesioperca rasor</i><br>(Barber Perch),0,0,0,0,0,0,0
m1_fish,M1 fish,region,Eastern Spencer Gulf,Eastern Spencer Gulf,Bloom 2026-03,12,Serranidae__Hypoplectrodes__nigroruber,Serranidae Hypoplectrodes nigroruber,Actinopterygii,Serranidae,Hypoplectrodes,nigroruber,Banded Seaperch,<i>Hypoplectrodes nigroruber</i><br>(Banded Seaperch),0,0,0,0,0,0,0
m1_fish,M1 fish,region,Eastern Spencer Gulf,Eastern Spencer Gulf,Bloom 2026-03,12,Serranidae__Othos__dentex,Serranidae Othos dentex,Actinopterygii,Serranidae,Othos,dentex,Harlequin Fish,<i>Othos dentex</i><br>(Harlequin Fish),0,0,0,0,0,0,0
m1_fish,M1 fish,region,Eastern Spencer Gulf,Eastern Spencer Gulf,Bloom 2026-03,12,Sillaginidae__Sillaginidae__spp,Sillaginidae Unknown spp,Actinopterygii,Sillaginidae,Sillaginidae,spp,NA,<i>Sillaginidae spp</i>,0,0,0,0,0,0,0
m1_fish,M1 fish,region,Eastern Spencer Gulf,Eastern Spencer Gulf,Bloom 2026-03,12,Sillaginidae__Sillaginodes__punctatus,Sillaginidae Sillaginodes punctatus,Actinopterygii,Sillaginidae,Sillaginodes,punctatus,King George Whiting,<i>Sillaginodes punctatus</i><br>(King George Whiting),0,0,0,0,0,0,0
m1_fish,M1 fish,region,Eastern Spencer Gulf,Eastern Spencer Gulf,Bloom 2026-03,12,Sparidae__Acanthopagrus__butcheri,Sparidae Acanthopagrus butcheri,Actinopterygii,Sparidae,Acanthopagrus,butcheri,Black Bream,<i>Acanthopagrus butcheri</i><br>(Black Bream),0,0,0,0,0,0,0
m1_fish,M1 fish,region,Eastern Spencer Gulf,Eastern Spencer Gulf,Bloom 2026-03,12,Sparidae__Chrysophrys__auratus,Sparidae Chrysophrys auratus,Actinopterygii,Sparidae,Chrysophrys,auratus,Snapper,<i>Chrysophrys auratus</i><br>(Snapper),0,0,0,0,0,0,0
m1_fish,M1 fish,region,Eastern Spencer Gulf,Eastern Spencer Gulf,Bloom 2026-03,12,Sphyraenidae__Sphyraena__novaehollandiae,Sphyraenidae Sphyraena novaehollandiae,Actinopterygii,Sphyraenidae,Sphyraena,novaehollandiae,Snook,<i>Sphyraena novaehollandiae</i><br>(Snook),0,0,0,0,0,0,0
m1_fish,M1 fish,region,Eastern Spencer Gulf,Eastern Spencer Gulf,Bloom 2026-03,12,Syngnathidae__Phycodurus__eques,Syngnathidae Phycodurus eques,Actinopterygii,Syngnathidae,Phycodurus,eques,Leafy Seadragon,<i>Phycodurus eques</i><br>(Leafy Seadragon),0,0,0,0,0,0,0
m1_fish,M1 fish,region,Eastern Spencer Gulf,Eastern Spencer Gulf,Bloom 2026-03,12,Syngnathidae__Phyllopteryx__taeniolatus,Syngnathidae Phyllopteryx taeniolatus,Actinopterygii,Syngnathidae,Phyllopteryx,taeniolatus,Common Seadragon,<i>Phyllopteryx taeniolatus</i><br>(Common Seadragon),0,0,0,0,0,0,0
m1_fish,M1 fish,region,Eastern Spencer Gulf,Eastern Spencer Gulf,Bloom 2026-03,12,Syngnathidae__Pugnaso__curtirostris,Syngnathidae Pugnaso curtirostris,Actinopterygii,Syngnathidae,Pugnaso,curtirostris,Pugnose Pipefish,<i>Pugnaso curtirostris</i><br>(Pugnose Pipefish),0,0,0,0,0,0,0
m1_fish,M1 fish,region,Eastern Spencer Gulf,Eastern Spencer Gulf,Bloom 2026-03,12,Terapontidae__Helotes__octolineatus,Terapontidae Helotes octolineatus,Actinopterygii,Terapontidae,Helotes,octolineatus,NA,<i>Helotes octolineatus</i>,0,0,0,0,0,0,0
m1_fish,M1 fish,region,Eastern Spencer Gulf,Eastern Spencer Gulf,Bloom 2026-03,12,Tetraodontidae__Omegophora__armilla,Tetraodontidae Omegophora armilla,Actinopterygii,Tetraodontidae,Omegophora,armilla,Ringed Toadfish,<i>Omegophora armilla</i><br>(Ringed Toadfish),0,0,0,0,0,0,0
m1_fish,M1 fish,region,Eastern Spencer Gulf,Eastern Spencer Gulf,Bloom 2026-03,12,Tetraodontidae__Omegophora__cyanopunctata,Tetraodontidae Omegophora cyanopunctata,Actinopterygii,Tetraodontidae,Omegophora,cyanopunctata,Bluespotted Toadfish,<i>Omegophora cyanopunctata</i><br>(Bluespotted Toadfish),0,0,0,0,0,0,0
m1_fish,M1 fish,region,Eastern Spencer Gulf,Eastern Spencer Gulf,Bloom 2026-03,12,Tetraodontidae__Tetractenos__glaber,Tetraodontidae Tetractenos glaber,Actinopterygii,Tetraodontidae,Tetractenos,glaber,Smooth Toadfish,<i>Tetractenos glaber</i><br>(Smooth Toadfish),0,0,0,0,0,0,0
m1_fish,M1 fish,region,Eastern Spencer Gulf,Eastern Spencer Gulf,Bloom 2026-03,12,Tetraodontidae__Torquigener__pleurogramma,Tetraodontidae Torquigener pleurogramma,Actinopterygii,Tetraodontidae,Torquigener,pleurogramma,Weeping Toadfish,<i>Torquigener pleurogramma</i><br>(Weeping Toadfish),0,0,0,0,0,0,0
m1_fish,M1 fish,region,Eastern Spencer Gulf,Eastern Spencer Gulf,Bloom 2026-03,12,Trachichthyidae__Trachichthys__australis,Trachichthyidae Trachichthys australis,Actinopterygii,Trachichthyidae,Trachichthys,australis,Southern Roughy,<i>Trachichthys australis</i><br>(Southern Roughy),0,0,0,0,0,0,0
m1_fish,M1 fish,region,Eastern Spencer Gulf,Eastern Spencer Gulf,Bloom 2026-03,12,Tripterygiidae__Helcogramma__decurrens,Tripterygiidae Helcogramma decurrens,Actinopterygii,Tripterygiidae,Helcogramma,decurrens,Blackthroat Threefin,<i>Helcogramma decurrens</i><br>(Blackthroat Threefin),0,0,0,0,0,0,0
m1_fish,M1 fish,region,Eastern Spencer Gulf,Eastern Spencer Gulf,Bloom 2026-03,12,Tripterygiidae__Trinorfolkia__clarkei,Tripterygiidae Trinorfolkia clarkei,Actinopterygii,Tripterygiidae,Trinorfolkia,clarkei,Clark's Threefin,<i>Trinorfolkia clarkei</i><br>(Clark's Threefin),0,0,0,0,0,0,0
m1_fish,M1 fish,region,Eastern Spencer Gulf,Eastern Spencer Gulf,Bloom 2026-03,12,Tripterygiidae__Trinorfolkia__cristata,Tripterygiidae Trinorfolkia cristata,Actinopterygii,Tripterygiidae,Trinorfolkia,cristata,Crested Threefin,<i>Trinorfolkia cristata</i><br>(Crested Threefin),0,0,0,0,0,0,0
m1_fish,M1 fish,region,Eastern Spencer Gulf,Eastern Spencer Gulf,Bloom 2026-03,12,Tripterygiidae__Tripterygiidae__spp,Tripterygiidae Unknown spp,Actinopterygii,Tripterygiidae,Tripterygiidae,spp,NA,<i>Tripterygiidae spp</i>,0,0,0,0,0,0,0
m1_fish,M1 fish,region,Eastern Spencer Gulf,Eastern Spencer Gulf,Bloom 2026-03,12,Trygonorrhinidae__Aptychotrema__vincentiana,Trygonorrhinidae Aptychotrema vincentiana,Elasmobranchii,Trygonorrhinidae,Aptychotrema,vincentiana,Western Shovelnose Ray,<i>Aptychotrema vincentiana</i><br>(Western Shovelnose Ray),0,0,0,0,0,0,0
m1_fish,M1 fish,region,Eastern Spencer Gulf,Eastern Spencer Gulf,Bloom 2026-03,12,Trygonorrhinidae__Trygonorrhina__fasciata,Trygonorrhinidae Trygonorrhina fasciata,Elasmobranchii,Trygonorrhinidae,Trygonorrhina,fasciata,Eastern Fiddler Ray,<i>Trygonorrhina fasciata</i><br>(Eastern Fiddler Ray),0,0,0,0,0,0,0
m1_fish,M1 fish,region,Eastern Spencer Gulf,Eastern Spencer Gulf,Bloom 2026-03,12,Urolophidae__Urolophus__spp,Urolophidae Urolophus spp,Elasmobranchii,Urolophidae,Urolophus,spp,NA,<i>Urolophus spp</i>,0,0,0,0,0,0,0
m1_fish,M1 fish,region,Eastern Spencer Gulf,Eastern Spencer Gulf,Pre-bloom,11,Antennariidae__Rhycherus__filamentosus,Antennariidae Rhycherus filamentosus,Actinopterygii,Antennariidae,Rhycherus,filamentosus,Tasselled Anglerfish,<i>Rhycherus filamentosus</i><br>(Tasselled Anglerfish),0,0,0,0,0,0,0
m1_fish,M1 fish,region,Eastern Spencer Gulf,Eastern Spencer Gulf,Pre-bloom,11,Aplodactylidae__Aplodactylus__arctidens,Aplodactylidae Aplodactylus arctidens,Actinopterygii,Aplodactylidae,Aplodactylus,arctidens,Marblefish,<i>Aplodactylus arctidens</i><br>(Marblefish),0,0,0,0,0,0,0
m1_fish,M1 fish,region,Eastern Spencer Gulf,Eastern Spencer Gulf,Pre-bloom,11,Aplodactylidae__Aplodactylus__westralis,Aplodactylidae Aplodactylus westralis,Actinopterygii,Aplodactylidae,Aplodactylus,westralis,Western Seacarp,<i>Aplodactylus westralis</i><br>(Western Seacarp),0,0,0,0,0,0,0
m1_fish,M1 fish,region,Eastern Spencer Gulf,Eastern Spencer Gulf,Pre-bloom,11,Apogonidae__Ostorhinchus__victoriae,Apogonidae Ostorhinchus victoriae,Actinopterygii,Apogonidae,Ostorhinchus,victoriae,Western Striped Cardinalfish,<i>Ostorhinchus victoriae</i><br>(Western Striped Cardinalfish),0,0,0,0,0,0,0
m1_fish,M1 fish,region,Eastern Spencer Gulf,Eastern Spencer Gulf,Pre-bloom,11,Apogonidae__Siphamia__cephalotes,Apogonidae Siphamia cephalotes,Actinopterygii,Apogonidae,Siphamia,cephalotes,Wood's Siphonfish,<i>Siphamia cephalotes</i><br>(Wood's Siphonfish),1,0.5,0.25,9.090909090909092,8.667841720414476,0.045454545454545456,0.045454545454545456
m1_fish,M1 fish,region,Eastern Spencer Gulf,Eastern Spencer Gulf,Pre-bloom,11,Apogonidae__Vincentia__conspersa,Apogonidae Vincentia conspersa,Actinopterygii,Apogonidae,Vincentia,conspersa,Southern Cardinalfish,<i>Vincentia conspersa</i><br>(Southern Cardinalfish),0,0,0,0,0,0,0
m1_fish,M1 fish,region,Eastern Spencer Gulf,Eastern Spencer Gulf,Pre-bloom,11,Aracanidae__Anoplocapros__amygdaloides,Aracanidae Anoplocapros amygdaloides,Actinopterygii,Aracanidae,Anoplocapros,amygdaloides,Western Smooth Boxfish,<i>Anoplocapros amygdaloides</i><br>(Western Smooth Boxfish),0,0,0,0,0,0,0
m1_fish,M1 fish,region,Eastern Spencer Gulf,Eastern Spencer Gulf,Pre-bloom,11,Aracanidae__Anoplocapros__lenticularis,Aracanidae Anoplocapros lenticularis,Actinopterygii,Aracanidae,Anoplocapros,lenticularis,Whitebarred Boxfish,<i>Anoplocapros lenticularis</i><br>(Whitebarred Boxfish),0,0,0,0,0,0,0
m1_fish,M1 fish,region,Eastern Spencer Gulf,Eastern Spencer Gulf,Pre-bloom,11,Aracanidae__Aracana__aurita,Aracanidae Aracana aurita,Actinopterygii,Aracanidae,Aracana,aurita,Shaw's Cowfish,<i>Aracana aurita</i><br>(Shaw's Cowfish),0,0,0,0,0,0,0
m1_fish,M1 fish,region,Eastern Spencer Gulf,Eastern Spencer Gulf,Pre-bloom,11,Aracanidae__Aracana__ornata,Aracanidae Aracana ornata,Actinopterygii,Aracanidae,Aracana,ornata,Ornate Cowfish,<i>Aracana ornata</i><br>(Ornate Cowfish),0,0,0,0,0,0,0
m1_fish,M1 fish,region,Eastern Spencer Gulf,Eastern Spencer Gulf,Pre-bloom,11,Arripidae__Arripis__georgianus,Arripidae Arripis georgianus,Actinopterygii,Arripidae,Arripis,georgianus,Australian Herring,<i>Arripis georgianus</i><br>(Australian Herring),0,0,0,0,0,0,0
m1_fish,M1 fish,region,Eastern Spencer Gulf,Eastern Spencer Gulf,Pre-bloom,11,Arripidae__Arripis__spp,Arripidae Arripis spp,Actinopterygii,Arripidae,Arripis,spp,NA,<i>Arripis spp</i>,0,0,0,0,0,0,0
m1_fish,M1 fish,region,Eastern Spencer Gulf,Eastern Spencer Gulf,Pre-bloom,11,Arripidae__Arripis__truttaceus,Arripidae Arripis truttaceus,Actinopterygii,Arripidae,Arripis,truttaceus,Western Australian Salmon,<i>Arripis truttaceus</i><br>(Western Australian Salmon),0,0,0,0,0,0,0
m1_fish,M1 fish,region,Eastern Spencer Gulf,Eastern Spencer Gulf,Pre-bloom,11,Atherinidae__Atherinidae__spp,Atherinidae Unknown spp,Actinopterygii,Atherinidae,Atherinidae,spp,NA,<i>Atherinidae spp</i>,0,0,0,0,0,0,0
m1_fish,M1 fish,region,Eastern Spencer Gulf,Eastern Spencer Gulf,Pre-bloom,11,Berycidae__Centroberyx__gerrardi,Berycidae Centroberyx gerrardi,Actinopterygii,Berycidae,Centroberyx,gerrardi,Bight Redfish,<i>Centroberyx gerrardi</i><br>(Bight Redfish),0,0,0,0,0,0,0
m1_fish,M1 fish,region,Eastern Spencer Gulf,Eastern Spencer Gulf,Pre-bloom,11,Berycidae__Centroberyx__lineatus,Berycidae Centroberyx lineatus,Actinopterygii,Berycidae,Centroberyx,lineatus,Swallowtail,<i>Centroberyx lineatus</i><br>(Swallowtail),0,0,0,0,0,0,0
m1_fish,M1 fish,region,Eastern Spencer Gulf,Eastern Spencer Gulf,Pre-bloom,11,Bovichtidae__Bovichtus__angustifrons,Bovichtidae Bovichtus angustifrons,Actinopterygii,Bovichtidae,Bovichtus,angustifrons,Dragonet,<i>Bovichtus angustifrons</i><br>(Dragonet),0,0,0,0,0,0,0
m1_fish,M1 fish,region,Eastern Spencer Gulf,Eastern Spencer Gulf,Pre-bloom,11,Callionymidae__Eocallionymus__papilio,Callionymidae Eocallionymus papilio,Actinopterygii,Callionymidae,Eocallionymus,papilio,Painted Stinkfish,<i>Eocallionymus papilio</i><br>(Painted Stinkfish),0,0,0,0,0,0,0
m1_fish,M1 fish,region,Eastern Spencer Gulf,Eastern Spencer Gulf,Pre-bloom,11,Carangidae__Pseudocaranx__spp,Carangidae Pseudocaranx spp,Actinopterygii,Carangidae,Pseudocaranx,spp,NA,<i>Pseudocaranx spp</i>,0,0,0,0,0,0,0
m1_fish,M1 fish,region,Eastern Spencer Gulf,Eastern Spencer Gulf,Pre-bloom,11,Carangidae__Seriola__lalandi,Carangidae Seriola lalandi,Actinopterygii,Carangidae,Seriola,lalandi,Yellowtail Kingfish,<i>Seriola lalandi</i><br>(Yellowtail Kingfish),0,0,0,0,0,0,0
m1_fish,M1 fish,region,Eastern Spencer Gulf,Eastern Spencer Gulf,Pre-bloom,11,Carangidae__Trachurus__novaezelandiae,Carangidae Trachurus novaezelandiae,Actinopterygii,Carangidae,Trachurus,novaezelandiae,Yellowtail Scad,<i>Trachurus novaezelandiae</i><br>(Yellowtail Scad),0,0,0,0,0,0,0
m1_fish,M1 fish,region,Eastern Spencer Gulf,Eastern Spencer Gulf,Pre-bloom,11,Chaetodontidae__Chelmonops__curiosus,Chaetodontidae Chelmonops curiosus,Actinopterygii,Chaetodontidae,Chelmonops,curiosus,Western Talma,<i>Chelmonops curiosus</i><br>(Western Talma),1,1,1,9.090909090909092,8.667841720414476,0.09090909090909091,0.09090909090909091
m1_fish,M1 fish,region,Eastern Spencer Gulf,Eastern Spencer Gulf,Pre-bloom,11,Cheilodactylidae__Cheilodactylus__nigripes,Cheilodactylidae Cheilodactylus nigripes,Actinopterygii,Cheilodactylidae,Cheilodactylus,nigripes,Magpie Perch,<i>Cheilodactylus nigripes</i><br>(Magpie Perch),7,7.5,10.75,63.63636363636363,14.504073367590284,0.6818181818181818,0.22636181087252244
m1_fish,M1 fish,region,Eastern Spencer Gulf,Eastern Spencer Gulf,Pre-bloom,11,Cheilodactylidae__Cheilodactylus__spectabilis,Cheilodactylidae Cheilodactylus spectabilis,Actinopterygii,Cheilodactylidae,Cheilodactylus,spectabilis,Banded Morwong,<i>Cheilodactylus spectabilis</i><br>(Banded Morwong),0,0,0,0,0,0,0
m1_fish,M1 fish,region,Eastern Spencer Gulf,Eastern Spencer Gulf,Pre-bloom,11,Cheilodactylidae__Dactylophora__nigricans,Cheilodactylidae Dactylophora nigricans,Actinopterygii,Cheilodactylidae,Dactylophora,nigricans,Dusky Morwong,<i>Dactylophora nigricans</i><br>(Dusky Morwong),2,1.5,1.25,18.181818181818183,11.629129983033296,0.13636363636363635,0.09748913904330553
m1_fish,M1 fish,region,Eastern Spencer Gulf,Eastern Spencer Gulf,Pre-bloom,11,Cheilodactylidae__Nemadactylus__valenciennesi,Cheilodactylidae Nemadactylus valenciennesi,Actinopterygii,Cheilodactylidae,Nemadactylus,valenciennesi,Blue Morwong,<i>Nemadactylus valenciennesi</i><br>(Blue Morwong),0,0,0,0,0,0,0
m1_fish,M1 fish,region,Eastern Spencer Gulf,Eastern Spencer Gulf,Pre-bloom,11,Chironemidae__Chironemus__georgianus,Chironemidae Chironemus georgianus,Actinopterygii,Chironemidae,Chironemus,georgianus,Western Kelpfish,<i>Chironemus georgianus</i><br>(Western Kelpfish),0,0,0,0,0,0,0
m1_fish,M1 fish,region,Eastern Spencer Gulf,Eastern Spencer Gulf,Pre-bloom,11,Chironemidae__Chironemus__maculosus,Chironemidae Chironemus maculosus,Actinopterygii,Chironemidae,Chironemus,maculosus,Silver Spot,<i>Chironemus maculosus</i><br>(Silver Spot),0,0,0,0,0,0,0
m1_fish,M1 fish,region,Eastern Spencer Gulf,Eastern Spencer Gulf,Pre-bloom,11,Clinidae__Heteroclinus__spp,Clinidae Heteroclinus spp,Actinopterygii,Clinidae,Heteroclinus,spp,NA,<i>Heteroclinus spp</i>,0,0,0,0,0,0,0
m1_fish,M1 fish,region,Eastern Spencer Gulf,Eastern Spencer Gulf,Pre-bloom,11,Clupeidae__Clupeidae__spp,Clupeidae Unknown spp,Actinopterygii,Clupeidae,Clupeidae,spp,NA,<i>Clupeidae spp</i>,0,0,0,0,0,0,0
m1_fish,M1 fish,region,Eastern Spencer Gulf,Eastern Spencer Gulf,Pre-bloom,11,Clupeidae__Hyperlophus__vittatus,Clupeidae Hyperlophus vittatus,Actinopterygii,Clupeidae,Hyperlophus,vittatus,Sandy Sprat,<i>Hyperlophus vittatus</i><br>(Sandy Sprat),0,0,0,0,0,0,0
m1_fish,M1 fish,region,Eastern Spencer Gulf,Eastern Spencer Gulf,Pre-bloom,11,Clupeidae__Spratelloides__robustus,Clupeidae Spratelloides robustus,Actinopterygii,Clupeidae,Spratelloides,robustus,Blue Sprat,<i>Spratelloides robustus</i><br>(Blue Sprat),0,0,0,0,0,0,0
m1_fish,M1 fish,region,Eastern Spencer Gulf,Eastern Spencer Gulf,Pre-bloom,11,Dasyatidae__Bathytoshia__lata,Dasyatidae Bathytoshia lata,Elasmobranchii,Dasyatidae,Bathytoshia,lata,Black Stingray,<i>Bathytoshia lata</i><br>(Black Stingray),0,0,0,0,0,0,0
m1_fish,M1 fish,region,Eastern Spencer Gulf,Eastern Spencer Gulf,Pre-bloom,11,Dinolestidae__Dinolestes__lewini,Dinolestidae Dinolestes lewini,Actinopterygii,Dinolestidae,Dinolestes,lewini,Longfin Pike,<i>Dinolestes lewini</i><br>(Longfin Pike),0,0,0,0,0,0,0
m1_fish,M1 fish,region,Eastern Spencer Gulf,Eastern Spencer Gulf,Pre-bloom,11,Diodontidae__Diodon__nicthemerus,Diodontidae Diodon nicthemerus,Actinopterygii,Diodontidae,Diodon,nicthemerus,Globefish,<i>Diodon nicthemerus</i><br>(Globefish),0,0,0,0,0,0,0
m1_fish,M1 fish,region,Eastern Spencer Gulf,Eastern Spencer Gulf,Pre-bloom,11,Enoplosidae__Enoplosus__armatus,Enoplosidae Enoplosus armatus,Actinopterygii,Enoplosidae,Enoplosus,armatus,Old Wife,<i>Enoplosus armatus</i><br>(Old Wife),2,3,5,18.181818181818183,11.629129983033296,0.2727272727272727,0.19497827808661106
m1_fish,M1 fish,region,Eastern Spencer Gulf,Eastern Spencer Gulf,Pre-bloom,11,Gerreidae__Parequula__melbournensis,Gerreidae Parequula melbournensis,Actinopterygii,Gerreidae,Parequula,melbournensis,Silverbelly,<i>Parequula melbournensis</i><br>(Silverbelly),0,0,0,0,0,0,0
m1_fish,M1 fish,region,Eastern Spencer Gulf,Eastern Spencer Gulf,Pre-bloom,11,Girellidae__Girella__tricuspidata,Girellidae Girella tricuspidata,Actinopterygii,Girellidae,Girella,tricuspidata,Luderick,<i>Girella tricuspidata</i><br>(Luderick),0,0,0,0,0,0,0
m1_fish,M1 fish,region,Eastern Spencer Gulf,Eastern Spencer Gulf,Pre-bloom,11,Girellidae__Girella__zebra,Girellidae Girella zebra,Actinopterygii,Girellidae,Girella,zebra,Zebrafish,<i>Girella zebra</i><br>(Zebrafish),1,1.5,2.25,9.090909090909092,8.667841720414476,0.13636363636363635,0.13636363636363638
m1_fish,M1 fish,region,Eastern Spencer Gulf,Eastern Spencer Gulf,Pre-bloom,11,Gobiesocidae__Gobiesocidae__spp,Gobiesocidae Unknown spp,Actinopterygii,Gobiesocidae,Gobiesocidae,spp,NA,<i>Gobiesocidae spp</i>,0,0,0,0,0,0,0
m1_fish,M1 fish,region,Eastern Spencer Gulf,Eastern Spencer Gulf,Pre-bloom,11,Gobiidae__Gobiidae__spp,Gobiidae Unknown spp,Actinopterygii,Gobiidae,Gobiidae,spp,NA,<i>Gobiidae spp</i>,0,0,0,0,0,0,0
m1_fish,M1 fish,region,Eastern Spencer Gulf,Eastern Spencer Gulf,Pre-bloom,11,Gobiidae__Nesogobius__pulchellus,Gobiidae Nesogobius pulchellus,Actinopterygii,Gobiidae,Nesogobius,pulchellus,Sailfin Goby,<i>Nesogobius pulchellus</i><br>(Sailfin Goby),0,0,0,0,0,0,0
m1_fish,M1 fish,region,Eastern Spencer Gulf,Eastern Spencer Gulf,Pre-bloom,11,Heterodontidae__Heterodontus__portusjacksoni,Heterodontidae Heterodontus portusjacksoni,Elasmobranchii,Heterodontidae,Heterodontus,portusjacksoni,Port Jackson Shark,<i>Heterodontus portusjacksoni</i><br>(Port Jackson Shark),0,0,0,0,0,0,0
m1_fish,M1 fish,region,Eastern Spencer Gulf,Eastern Spencer Gulf,Pre-bloom,11,Hypnidae__Hypnos__monopterygius,Hypnidae Hypnos monopterygius,Elasmobranchii,Hypnidae,Hypnos,monopterygius,Coffin Ray,<i>Hypnos monopterygius</i><br>(Coffin Ray),0,0,0,0,0,0,0
m1_fish,M1 fish,region,Eastern Spencer Gulf,Eastern Spencer Gulf,Pre-bloom,11,Kyphosidae__Kyphosus__sydneyanus,Kyphosidae Kyphosus sydneyanus,Actinopterygii,Kyphosidae,Kyphosus,sydneyanus,Silver Drummer,<i>Kyphosus sydneyanus</i><br>(Silver Drummer),6,25,326,54.54545454545455,15.0131422517231,2.272727272727273,1.5643233163309076
m1_fish,M1 fish,region,Eastern Spencer Gulf,Eastern Spencer Gulf,Pre-bloom,11,Labridae__Achoerodus__gouldii,Labridae Achoerodus gouldii,Actinopterygii,Labridae,Achoerodus,gouldii,Western Blue Groper,<i>Achoerodus gouldii</i><br>(Western Blue Groper),1,0.5,0.25,9.090909090909092,8.667841720414476,0.045454545454545456,0.045454545454545456
m1_fish,M1 fish,region,Eastern Spencer Gulf,Eastern Spencer Gulf,Pre-bloom,11,Labridae__Austrolabrus__maculatus,Labridae Austrolabrus maculatus,Actinopterygii,Labridae,Austrolabrus,maculatus,Blackspotted Wrasse,<i>Austrolabrus maculatus</i><br>(Blackspotted Wrasse),3,2,1.5,27.272727272727273,13.428162652290842,0.18181818181818182,0.10163945352271771
m1_fish,M1 fish,region,Eastern Spencer Gulf,Eastern Spencer Gulf,Pre-bloom,11,Labridae__Dotalabrus__aurantiacus,Labridae Dotalabrus aurantiacus,Actinopterygii,Labridae,Dotalabrus,aurantiacus,Castelnau's Wrasse,<i>Dotalabrus aurantiacus</i><br>(Castelnau's Wrasse),4,4.5,6.25,36.36363636363637,14.504073367590284,0.4090909090909091,0.20020650495950215
m1_fish,M1 fish,region,Eastern Spencer Gulf,Eastern Spencer Gulf,Pre-bloom,11,Labridae__Eupetrichthys__angustipes,Labridae Eupetrichthys angustipes,Actinopterygii,Labridae,Eupetrichthys,angustipes,Snakeskin Wrasse,<i>Eupetrichthys angustipes</i><br>(Snakeskin Wrasse),0,0,0,0,0,0,0
m1_fish,M1 fish,region,Eastern Spencer Gulf,Eastern Spencer Gulf,Pre-bloom,11,Labridae__Haletta__semifasciata,Labridae Haletta semifasciata,Actinopterygii,Labridae,Haletta,semifasciata,Blue Weed Whiting,<i>Haletta semifasciata</i><br>(Blue Weed Whiting),0,0,0,0,0,0,0
m1_fish,M1 fish,region,Eastern Spencer Gulf,Eastern Spencer Gulf,Pre-bloom,11,Labridae__Heteroscarus__acroptilus,Labridae Heteroscarus acroptilus,Actinopterygii,Labridae,Heteroscarus,acroptilus,Rainbow Cale,<i>Heteroscarus acroptilus</i><br>(Rainbow Cale),4,7.5,21.75,36.36363636363637,14.504073367590284,0.6818181818181818,0.3888954479310443
m1_fish,M1 fish,region,Eastern Spencer Gulf,Eastern Spencer Gulf,Pre-bloom,11,Labridae__Neoodax__balteatus,Labridae Neoodax balteatus,Actinopterygii,Labridae,Neoodax,balteatus,Little Weed Whiting,<i>Neoodax balteatus</i><br>(Little Weed Whiting),2,4.5,16.25,18.181818181818183,11.629129983033296,0.4090909090909091,0.36192780431626154
m1_fish,M1 fish,region,Eastern Spencer Gulf,Eastern Spencer Gulf,Pre-bloom,11,Labridae__Notolabrus__fucicola,Labridae Notolabrus fucicola,Actinopterygii,Labridae,Notolabrus,fucicola,Purple Wrasse,<i>Notolabrus fucicola</i><br>(Purple Wrasse),0,0,0,0,0,0,0
m1_fish,M1 fish,region,Eastern Spencer Gulf,Eastern Spencer Gulf,Pre-bloom,11,Labridae__Notolabrus__parilus,Labridae Notolabrus parilus,Actinopterygii,Labridae,Notolabrus,parilus,Brownspotted Wrasse,<i>Notolabrus parilus</i><br>(Brownspotted Wrasse),1,0.5,0.25,9.090909090909092,8.667841720414476,0.045454545454545456,0.045454545454545456
m1_fish,M1 fish,region,Eastern Spencer Gulf,Eastern Spencer Gulf,Pre-bloom,11,Labridae__Notolabrus__tetricus,Labridae Notolabrus tetricus,Actinopterygii,Labridae,Notolabrus,tetricus,Bluethroat Wrasse,<i>Notolabrus tetricus</i><br>(Bluethroat Wrasse),9,36,180,81.81818181818181,11.629129983033296,3.272727272727273,0.7518572046594665
m1_fish,M1 fish,region,Eastern Spencer Gulf,Eastern Spencer Gulf,Pre-bloom,11,Labridae__Olisthops__cyanomelas,Labridae Olisthops cyanomelas,Actinopterygii,Labridae,Olisthops,cyanomelas,Herring Cale,<i>Olisthops cyanomelas</i><br>(Herring Cale),6,7,10.5,54.54545454545455,15.0131422517231,0.6363636363636364,0.23443267196777506
m1_fish,M1 fish,region,Eastern Spencer Gulf,Eastern Spencer Gulf,Pre-bloom,11,Labridae__Ophthalmolepis__lineolatus,Labridae Ophthalmolepis lineolatus,Actinopterygii,Labridae,Ophthalmolepis,lineolatus,Southern Maori Wrasse,<i>Ophthalmolepis lineolatus</i><br>(Southern Maori Wrasse),0,0,0,0,0,0,0
m1_fish,M1 fish,region,Eastern Spencer Gulf,Eastern Spencer Gulf,Pre-bloom,11,Labridae__Pictilabrus__laticlavius,Labridae Pictilabrus laticlavius,Actinopterygii,Labridae,Pictilabrus,laticlavius,Senator Wrasse,<i>Pictilabrus laticlavius</i><br>(Senator Wrasse),2,1.5,1.25,18.181818181818183,11.629129983033296,0.13636363636363635,0.09748913904330553
m1_fish,M1 fish,region,Eastern Spencer Gulf,Eastern Spencer Gulf,Pre-bloom,11,Labridae__Pseudolabrus__rubicundus,Labridae Pseudolabrus rubicundus,Actinopterygii,Labridae,Pseudolabrus,rubicundus,Rosy Wrasse,<i>Pseudolabrus rubicundus</i><br>(Rosy Wrasse),0,0,0,0,0,0,0
m1_fish,M1 fish,region,Eastern Spencer Gulf,Eastern Spencer Gulf,Pre-bloom,11,Labridae__Siphonognathus__argyrophanes,Labridae Siphonognathus argyrophanes,Actinopterygii,Labridae,Siphonognathus,argyrophanes,Tubemouth,<i>Siphonognathus argyrophanes</i><br>(Tubemouth),0,0,0,0,0,0,0
m1_fish,M1 fish,region,Eastern Spencer Gulf,Eastern Spencer Gulf,Pre-bloom,11,Labridae__Siphonognathus__attenuatus,Labridae Siphonognathus attenuatus,Actinopterygii,Labridae,Siphonognathus,attenuatus,Slender Weed Whiting,<i>Siphonognathus attenuatus</i><br>(Slender Weed Whiting),0,0,0,0,0,0,0
m1_fish,M1 fish,region,Eastern Spencer Gulf,Eastern Spencer Gulf,Pre-bloom,11,Labridae__Siphonognathus__beddomei,Labridae Siphonognathus beddomei,Actinopterygii,Labridae,Siphonognathus,beddomei,Pencil Weed Whiting,<i>Siphonognathus beddomei</i><br>(Pencil Weed Whiting),7,29.5,381.25,63.63636363636363,14.504073367590284,2.6818181818181817,1.657315363736194
m1_fish,M1 fish,region,Eastern Spencer Gulf,Eastern Spencer Gulf,Pre-bloom,11,Labridae__Siphonognathus__caninis,Labridae Siphonognathus caninis,Actinopterygii,Labridae,Siphonognathus,caninis,Sharpnose Weed Whiting,<i>Siphonognathus caninis</i><br>(Sharpnose Weed Whiting),0,0,0,0,0,0,0
m1_fish,M1 fish,region,Eastern Spencer Gulf,Eastern Spencer Gulf,Pre-bloom,11,Labridae__Siphonognathus__radiatus,Labridae Siphonognathus radiatus,Actinopterygii,Labridae,Siphonognathus,radiatus,Longray Weed Whiting,<i>Siphonognathus radiatus</i><br>(Longray Weed Whiting),0,0,0,0,0,0,0
m1_fish,M1 fish,region,Eastern Spencer Gulf,Eastern Spencer Gulf,Pre-bloom,11,Labridae__Siphonognathus__spp,Labridae Siphonognathus spp,Actinopterygii,Labridae,Siphonognathus,spp,NA,<i>Siphonognathus spp</i>,0,0,0,0,0,0,0
m1_fish,M1 fish,region,Eastern Spencer Gulf,Eastern Spencer Gulf,Pre-bloom,11,Labridae__Siphonognathus__tanyourus,Labridae Siphonognathus tanyourus,Actinopterygii,Labridae,Siphonognathus,tanyourus,Longtail Weed Whiting,<i>Siphonognathus tanyourus</i><br>(Longtail Weed Whiting),0,0,0,0,0,0,0
m1_fish,M1 fish,region,Eastern Spencer Gulf,Eastern Spencer Gulf,Pre-bloom,11,Microcanthidae__Neatypus__obliquus,Microcanthidae Neatypus obliquus,Actinopterygii,Microcanthidae,Neatypus,obliquus,Footballer Sweep,<i>Neatypus obliquus</i><br>(Footballer Sweep),0,0,0,0,0,0,0
m1_fish,M1 fish,region,Eastern Spencer Gulf,Eastern Spencer Gulf,Pre-bloom,11,Microcanthidae__Tilodon__sexfasciatus,Microcanthidae Tilodon sexfasciatus,Actinopterygii,Microcanthidae,Tilodon,sexfasciatus,Moonlighter,<i>Tilodon sexfasciatus</i><br>(Moonlighter),5,5.5,7.75,45.45454545454545,15.0131422517231,0.5,0.21320071635561044
m1_fish,M1 fish,region,Eastern Spencer Gulf,Eastern Spencer Gulf,Pre-bloom,11,Monacanthidae__Acanthaluteres__brownii,Monacanthidae Acanthaluteres brownii,Actinopterygii,Monacanthidae,Acanthaluteres,brownii,Spinytail Leatherjacket,<i>Acanthaluteres brownii</i><br>(Spinytail Leatherjacket),0,0,0,0,0,0,0
m1_fish,M1 fish,region,Eastern Spencer Gulf,Eastern Spencer Gulf,Pre-bloom,11,Monacanthidae__Acanthaluteres__spilomelanurus,Monacanthidae Acanthaluteres spilomelanurus,Actinopterygii,Monacanthidae,Acanthaluteres,spilomelanurus,Bridled Leatherjacket,<i>Acanthaluteres spilomelanurus</i><br>(Bridled Leatherjacket),0,0,0,0,0,0,0
m1_fish,M1 fish,region,Eastern Spencer Gulf,Eastern Spencer Gulf,Pre-bloom,11,Monacanthidae__Acanthaluteres__vittiger,Monacanthidae Acanthaluteres vittiger,Actinopterygii,Monacanthidae,Acanthaluteres,vittiger,Toothbrush Leatherjacket,<i>Acanthaluteres vittiger</i><br>(Toothbrush Leatherjacket),0,0,0,0,0,0,0
m1_fish,M1 fish,region,Eastern Spencer Gulf,Eastern Spencer Gulf,Pre-bloom,11,Monacanthidae__Brachaluteres__jacksonianus,Monacanthidae Brachaluteres jacksonianus,Actinopterygii,Monacanthidae,Brachaluteres,jacksonianus,Southern Pygmy Leatherjacket,<i>Brachaluteres jacksonianus</i><br>(Southern Pygmy Leatherjacket),0,0,0,0,0,0,0
m1_fish,M1 fish,region,Eastern Spencer Gulf,Eastern Spencer Gulf,Pre-bloom,11,Monacanthidae__Eubalichthys__gunnii,Monacanthidae Eubalichthys gunnii,Actinopterygii,Monacanthidae,Eubalichthys,gunnii,Gunn's Leatherjacket,<i>Eubalichthys gunnii</i><br>(Gunn's Leatherjacket),0,0,0,0,0,0,0
m1_fish,M1 fish,region,Eastern Spencer Gulf,Eastern Spencer Gulf,Pre-bloom,11,Monacanthidae__Eubalichthys__mosaicus,Monacanthidae Eubalichthys mosaicus,Actinopterygii,Monacanthidae,Eubalichthys,mosaicus,Mosaic Leatherjacket,<i>Eubalichthys mosaicus</i><br>(Mosaic Leatherjacket),0,0,0,0,0,0,0
m1_fish,M1 fish,region,Eastern Spencer Gulf,Eastern Spencer Gulf,Pre-bloom,11,Monacanthidae__Meuschenia__flavolineata,Monacanthidae Meuschenia flavolineata,Actinopterygii,Monacanthidae,Meuschenia,flavolineata,Yellowstriped Leatherjacket,<i>Meuschenia flavolineata</i><br>(Yellowstriped Leatherjacket),6,8,15,54.54545454545455,15.0131422517231,0.7272727272727273,0.2889136105831037
m1_fish,M1 fish,region,Eastern Spencer Gulf,Eastern Spencer Gulf,Pre-bloom,11,Monacanthidae__Meuschenia__freycineti,Monacanthidae Meuschenia freycineti,Actinopterygii,Monacanthidae,Meuschenia,freycineti,Sixspine Leatherjacket,<i>Meuschenia freycineti</i><br>(Sixspine Leatherjacket),0,0,0,0,0,0,0
m1_fish,M1 fish,region,Eastern Spencer Gulf,Eastern Spencer Gulf,Pre-bloom,11,Monacanthidae__Meuschenia__galii,Monacanthidae Meuschenia galii,Actinopterygii,Monacanthidae,Meuschenia,galii,Bluelined Leatherjacket,<i>Meuschenia galii</i><br>(Bluelined Leatherjacket),1,0.5,0.25,9.090909090909092,8.667841720414476,0.045454545454545456,0.045454545454545456
m1_fish,M1 fish,region,Eastern Spencer Gulf,Eastern Spencer Gulf,Pre-bloom,11,Monacanthidae__Meuschenia__hippocrepis,Monacanthidae Meuschenia hippocrepis,Actinopterygii,Monacanthidae,Meuschenia,hippocrepis,Horseshoe Leatherjacket,<i>Meuschenia hippocrepis</i><br>(Horseshoe Leatherjacket),8,19,61.5,72.72727272727273,13.428162652290842,1.7272727272727273,0.5106307879994043
m1_fish,M1 fish,region,Eastern Spencer Gulf,Eastern Spencer Gulf,Pre-bloom,11,Monacanthidae__Meuschenia__venusta,Monacanthidae Meuschenia venusta,Actinopterygii,Monacanthidae,Meuschenia,venusta,Stars-and-stripes Leatherjacket,<i>Meuschenia venusta</i><br>(Stars-and-stripes Leatherjacket),0,0,0,0,0,0,0
m1_fish,M1 fish,region,Eastern Spencer Gulf,Eastern Spencer Gulf,Pre-bloom,11,Monacanthidae__Scobinichthys__granulatus,Monacanthidae Scobinichthys granulatus,Actinopterygii,Monacanthidae,Scobinichthys,granulatus,Rough Leatherjacket,<i>Scobinichthys granulatus</i><br>(Rough Leatherjacket),0,0,0,0,0,0,0
m1_fish,M1 fish,region,Eastern Spencer Gulf,Eastern Spencer Gulf,Pre-bloom,11,Monacanthidae__Thamnaconus__degeni,Monacanthidae Thamnaconus degeni,Actinopterygii,Monacanthidae,Thamnaconus,degeni,Bluefin Leatherjacket,<i>Thamnaconus degeni</i><br>(Bluefin Leatherjacket),0,0,0,0,0,0,0
m1_fish,M1 fish,region,Eastern Spencer Gulf,Eastern Spencer Gulf,Pre-bloom,11,Mullidae__Upeneichthys__vlamingii,Mullidae Upeneichthys vlamingii,Actinopterygii,Mullidae,Upeneichthys,vlamingii,Bluespotted Goatfish,<i>Upeneichthys vlamingii</i><br>(Bluespotted Goatfish),4,2.5,1.75,36.36363636363637,14.504073367590284,0.22727272727272727,0.10365231137264891
m1_fish,M1 fish,region,Eastern Spencer Gulf,Eastern Spencer Gulf,Pre-bloom,11,Myliobatidae__Myliobatis__tenuicaudatus,Myliobatidae Myliobatis tenuicaudatus,Elasmobranchii,Myliobatidae,Myliobatis,tenuicaudatus,Southern Eagle Ray,<i>Myliobatis tenuicaudatus</i><br>(Southern Eagle Ray),0,0,0,0,0,0,0
m1_fish,M1 fish,region,Eastern Spencer Gulf,Eastern Spencer Gulf,Pre-bloom,11,Ophiclinidae__Ophiclinus__spp,Ophiclinidae Ophiclinus spp,Actinopterygii,Ophiclinidae,Ophiclinus,spp,NA,<i>Ophiclinus spp</i>,0,0,0,0,0,0,0
m1_fish,M1 fish,region,Eastern Spencer Gulf,Eastern Spencer Gulf,Pre-bloom,11,Parascylliidae__Parascyllium__ferrugineum,Parascylliidae Parascyllium ferrugineum,Elasmobranchii,Parascylliidae,Parascyllium,ferrugineum,Rusty Carpetshark,<i>Parascyllium ferrugineum</i><br>(Rusty Carpetshark),0,0,0,0,0,0,0
m1_fish,M1 fish,region,Eastern Spencer Gulf,Eastern Spencer Gulf,Pre-bloom,11,Parascylliidae__Parascyllium__variolatum,Parascylliidae Parascyllium variolatum,Elasmobranchii,Parascylliidae,Parascyllium,variolatum,Varied Carpetshark,<i>Parascyllium variolatum</i><br>(Varied Carpetshark),0,0,0,0,0,0,0
m1_fish,M1 fish,region,Eastern Spencer Gulf,Eastern Spencer Gulf,Pre-bloom,11,Pataecidae__Aetapcus__maculatus,Pataecidae Aetapcus maculatus,Actinopterygii,Pataecidae,Aetapcus,maculatus,Warty Prowfish,<i>Aetapcus maculatus</i><br>(Warty Prowfish),0,0,0,0,0,0,0
m1_fish,M1 fish,region,Eastern Spencer Gulf,Eastern Spencer Gulf,Pre-bloom,11,Pempherididae__Parapriacanthus__elongatus,Pempherididae Parapriacanthus elongatus,Actinopterygii,Pempherididae,Parapriacanthus,elongatus,Elongate Bullseye,<i>Parapriacanthus elongatus</i><br>(Elongate Bullseye),0,0,0,0,0,0,0
m1_fish,M1 fish,region,Eastern Spencer Gulf,Eastern Spencer Gulf,Pre-bloom,11,Pempherididae__Pempheris__klunzingeri,Pempherididae Pempheris klunzingeri,Actinopterygii,Pempherididae,Pempheris,klunzingeri,Rough Bullseye,<i>Pempheris klunzingeri</i><br>(Rough Bullseye),1,0.5,0.25,9.090909090909092,8.667841720414476,0.045454545454545456,0.045454545454545456
m1_fish,M1 fish,region,Eastern Spencer Gulf,Eastern Spencer Gulf,Pre-bloom,11,Pempherididae__Pempheris__multiradiata,Pempherididae Pempheris multiradiata,Actinopterygii,Pempherididae,Pempheris,multiradiata,Bigscale Bullseye,<i>Pempheris multiradiata</i><br>(Bigscale Bullseye),3,14,157.5,27.272727272727273,13.428162652290842,1.2727272727272727,1.1268694293234693
m1_fish,M1 fish,region,Eastern Spencer Gulf,Eastern Spencer Gulf,Pre-bloom,11,Pempherididae__Pempheris__ornata,Pempherididae Pempheris ornata,Actinopterygii,Pempherididae,Pempheris,ornata,Orangelined Bullseye,<i>Pempheris ornata</i><br>(Orangelined Bullseye),0,0,0,0,0,0,0
m1_fish,M1 fish,region,Eastern Spencer Gulf,Eastern Spencer Gulf,Pre-bloom,11,Pempherididae__Pempheris__spp,Pempherididae Pempheris spp,Actinopterygii,Pempherididae,Pempheris,spp,NA,<i>Pempheris spp</i>,0,0,0,0,0,0,0
m1_fish,M1 fish,region,Eastern Spencer Gulf,Eastern Spencer Gulf,Pre-bloom,11,Pentacerotidae__Pentaceropsis__recurvirostris,Pentacerotidae Pentaceropsis recurvirostris,Actinopterygii,Pentacerotidae,Pentaceropsis,recurvirostris,Longsnout Boarfish,<i>Pentaceropsis recurvirostris</i><br>(Longsnout Boarfish),0,0,0,0,0,0,0
m1_fish,M1 fish,region,Eastern Spencer Gulf,Eastern Spencer Gulf,Pre-bloom,11,Pinguipedidae__Parapercis__haackei,Pinguipedidae Parapercis haackei,Actinopterygii,Pinguipedidae,Parapercis,haackei,Wavy Grubfish,<i>Parapercis haackei</i><br>(Wavy Grubfish),0,0,0,0,0,0,0
m1_fish,M1 fish,region,Eastern Spencer Gulf,Eastern Spencer Gulf,Pre-bloom,11,Pinguipedidae__Parapercis__ramsayi,Pinguipedidae Parapercis ramsayi,Actinopterygii,Pinguipedidae,Parapercis,ramsayi,Spotted Grubfish,<i>Parapercis ramsayi</i><br>(Spotted Grubfish),0,0,0,0,0,0,0
m1_fish,M1 fish,region,Eastern Spencer Gulf,Eastern Spencer Gulf,Pre-bloom,11,Platycephalidae__Leviprora__inops,Platycephalidae Leviprora inops,Actinopterygii,Platycephalidae,Leviprora,inops,Longhead Flathead,<i>Leviprora inops</i><br>(Longhead Flathead),0,0,0,0,0,0,0
m1_fish,M1 fish,region,Eastern Spencer Gulf,Eastern Spencer Gulf,Pre-bloom,11,Platycephalidae__Platycephalus__laevigatus,Platycephalidae Platycephalus laevigatus,Actinopterygii,Platycephalidae,Platycephalus,laevigatus,Rock Flathead,<i>Platycephalus laevigatus</i><br>(Rock Flathead),0,0,0,0,0,0,0
m1_fish,M1 fish,region,Eastern Spencer Gulf,Eastern Spencer Gulf,Pre-bloom,11,Platycephalidae__Platycephalus__speculator,Platycephalidae Platycephalus speculator,Actinopterygii,Platycephalidae,Platycephalus,speculator,Southern Bluespotted Flathead,<i>Platycephalus speculator</i><br>(Southern Bluespotted Flathead),0,0,0,0,0,0,0
m1_fish,M1 fish,region,Eastern Spencer Gulf,Eastern Spencer Gulf,Pre-bloom,11,Plesiopidae__Paraplesiops__meleagris,Plesiopidae Paraplesiops meleagris,Actinopterygii,Plesiopidae,Paraplesiops,meleagris,Southern Blue Devil,<i>Paraplesiops meleagris</i><br>(Southern Blue Devil),0,0,0,0,0,0,0
m1_fish,M1 fish,region,Eastern Spencer Gulf,Eastern Spencer Gulf,Pre-bloom,11,Plesiopidae__Trachinops__caudimaculatus,Plesiopidae Trachinops caudimaculatus,Actinopterygii,Plesiopidae,Trachinops,caudimaculatus,Southern Hulafish,<i>Trachinops caudimaculatus</i><br>(Southern Hulafish),0,0,0,0,0,0,0
m1_fish,M1 fish,region,Eastern Spencer Gulf,Eastern Spencer Gulf,Pre-bloom,11,Plesiopidae__Trachinops__noarlungae,Plesiopidae Trachinops noarlungae,Actinopterygii,Plesiopidae,Trachinops,noarlungae,Yellowhead Hulafish,<i>Trachinops noarlungae</i><br>(Yellowhead Hulafish),2,38,1406.5,18.181818181818183,11.629129983033296,3.4545454545454546,3.4048458418277283
m1_fish,M1 fish,region,Eastern Spencer Gulf,Eastern Spencer Gulf,Pre-bloom,11,Plotosidae__Cnidoglanis__macrocephalus,Plotosidae Cnidoglanis macrocephalus,Actinopterygii,Plotosidae,Cnidoglanis,macrocephalus,Estuary Cobbler,<i>Cnidoglanis macrocephalus</i><br>(Estuary Cobbler),0,0,0,0,0,0,0
m1_fish,M1 fish,region,Eastern Spencer Gulf,Eastern Spencer Gulf,Pre-bloom,11,Pomacentridae__Parma__victoriae,Pomacentridae Parma victoriae,Actinopterygii,Pomacentridae,Parma,victoriae,Scalyfin,<i>Parma victoriae</i><br>(Scalyfin),1,1.5,2.25,9.090909090909092,8.667841720414476,0.13636363636363635,0.13636363636363638
m1_fish,M1 fish,region,Eastern Spencer Gulf,Eastern Spencer Gulf,Pre-bloom,11,Scombridae__Scomber__australasicus,Scombridae Scomber australasicus,Actinopterygii,Scombridae,Scomber,australasicus,Blue Mackerel,<i>Scomber australasicus</i><br>(Blue Mackerel),0,0,0,0,0,0,0
m1_fish,M1 fish,region,Eastern Spencer Gulf,Eastern Spencer Gulf,Pre-bloom,11,Scorpididae__Scorpis__aequipinnis,Scorpididae Scorpis aequipinnis,Actinopterygii,Scorpididae,Scorpis,aequipinnis,Sea Sweep,<i>Scorpis aequipinnis</i><br>(Sea Sweep),7,25,108.5,63.63636363636363,14.504073367590284,2.272727272727273,0.6854448998597928
m1_fish,M1 fish,region,Eastern Spencer Gulf,Eastern Spencer Gulf,Pre-bloom,11,Scorpididae__Scorpis__georgiana,Scorpididae Scorpis georgiana,Actinopterygii,Scorpididae,Scorpis,georgiana,Banded Sweep,<i>Scorpis georgiana</i><br>(Banded Sweep),0,0,0,0,0,0,0
m1_fish,M1 fish,region,Eastern Spencer Gulf,Eastern Spencer Gulf,Pre-bloom,11,Scorpididae__Scorpis__lineolata,Scorpididae Scorpis lineolata,Actinopterygii,Scorpididae,Scorpis,lineolata,Silver Sweep,<i>Scorpis lineolata</i><br>(Silver Sweep),0,0,0,0,0,0,0
m1_fish,M1 fish,region,Eastern Spencer Gulf,Eastern Spencer Gulf,Pre-bloom,11,Serranidae__Caesioperca__rasor,Serranidae Caesioperca rasor,Actinopterygii,Serranidae,Caesioperca,rasor,Barber Perch,<i>Caesioperca rasor</i><br>(Barber Perch),0,0,0,0,0,0,0
m1_fish,M1 fish,region,Eastern Spencer Gulf,Eastern Spencer Gulf,Pre-bloom,11,Serranidae__Hypoplectrodes__nigroruber,Serranidae Hypoplectrodes nigroruber,Actinopterygii,Serranidae,Hypoplectrodes,nigroruber,Banded Seaperch,<i>Hypoplectrodes nigroruber</i><br>(Banded Seaperch),0,0,0,0,0,0,0
m1_fish,M1 fish,region,Eastern Spencer Gulf,Eastern Spencer Gulf,Pre-bloom,11,Serranidae__Othos__dentex,Serranidae Othos dentex,Actinopterygii,Serranidae,Othos,dentex,Harlequin Fish,<i>Othos dentex</i><br>(Harlequin Fish),0,0,0,0,0,0,0
m1_fish,M1 fish,region,Eastern Spencer Gulf,Eastern Spencer Gulf,Pre-bloom,11,Sillaginidae__Sillaginidae__spp,Sillaginidae Unknown spp,Actinopterygii,Sillaginidae,Sillaginidae,spp,NA,<i>Sillaginidae spp</i>,0,0,0,0,0,0,0
m1_fish,M1 fish,region,Eastern Spencer Gulf,Eastern Spencer Gulf,Pre-bloom,11,Sillaginidae__Sillaginodes__punctatus,Sillaginidae Sillaginodes punctatus,Actinopterygii,Sillaginidae,Sillaginodes,punctatus,King George Whiting,<i>Sillaginodes punctatus</i><br>(King George Whiting),0,0,0,0,0,0,0
m1_fish,M1 fish,region,Eastern Spencer Gulf,Eastern Spencer Gulf,Pre-bloom,11,Sparidae__Acanthopagrus__butcheri,Sparidae Acanthopagrus butcheri,Actinopterygii,Sparidae,Acanthopagrus,butcheri,Black Bream,<i>Acanthopagrus butcheri</i><br>(Black Bream),0,0,0,0,0,0,0
m1_fish,M1 fish,region,Eastern Spencer Gulf,Eastern Spencer Gulf,Pre-bloom,11,Sparidae__Chrysophrys__auratus,Sparidae Chrysophrys auratus,Actinopterygii,Sparidae,Chrysophrys,auratus,Snapper,<i>Chrysophrys auratus</i><br>(Snapper),0,0,0,0,0,0,0
m1_fish,M1 fish,region,Eastern Spencer Gulf,Eastern Spencer Gulf,Pre-bloom,11,Sphyraenidae__Sphyraena__novaehollandiae,Sphyraenidae Sphyraena novaehollandiae,Actinopterygii,Sphyraenidae,Sphyraena,novaehollandiae,Snook,<i>Sphyraena novaehollandiae</i><br>(Snook),0,0,0,0,0,0,0
m1_fish,M1 fish,region,Eastern Spencer Gulf,Eastern Spencer Gulf,Pre-bloom,11,Syngnathidae__Phycodurus__eques,Syngnathidae Phycodurus eques,Actinopterygii,Syngnathidae,Phycodurus,eques,Leafy Seadragon,<i>Phycodurus eques</i><br>(Leafy Seadragon),0,0,0,0,0,0,0
m1_fish,M1 fish,region,Eastern Spencer Gulf,Eastern Spencer Gulf,Pre-bloom,11,Syngnathidae__Phyllopteryx__taeniolatus,Syngnathidae Phyllopteryx taeniolatus,Actinopterygii,Syngnathidae,Phyllopteryx,taeniolatus,Common Seadragon,<i>Phyllopteryx taeniolatus</i><br>(Common Seadragon),0,0,0,0,0,0,0
m1_fish,M1 fish,region,Eastern Spencer Gulf,Eastern Spencer Gulf,Pre-bloom,11,Syngnathidae__Pugnaso__curtirostris,Syngnathidae Pugnaso curtirostris,Actinopterygii,Syngnathidae,Pugnaso,curtirostris,Pugnose Pipefish,<i>Pugnaso curtirostris</i><br>(Pugnose Pipefish),0,0,0,0,0,0,0
m1_fish,M1 fish,region,Eastern Spencer Gulf,Eastern Spencer Gulf,Pre-bloom,11,Terapontidae__Helotes__octolineatus,Terapontidae Helotes octolineatus,Actinopterygii,Terapontidae,Helotes,octolineatus,NA,<i>Helotes octolineatus</i>,0,0,0,0,0,0,0
m1_fish,M1 fish,region,Eastern Spencer Gulf,Eastern Spencer Gulf,Pre-bloom,11,Tetraodontidae__Omegophora__armilla,Tetraodontidae Omegophora armilla,Actinopterygii,Tetraodontidae,Omegophora,armilla,Ringed Toadfish,<i>Omegophora armilla</i><br>(Ringed Toadfish),0,0,0,0,0,0,0
m1_fish,M1 fish,region,Eastern Spencer Gulf,Eastern Spencer Gulf,Pre-bloom,11,Tetraodontidae__Omegophora__cyanopunctata,Tetraodontidae Omegophora cyanopunctata,Actinopterygii,Tetraodontidae,Omegophora,cyanopunctata,Bluespotted Toadfish,<i>Omegophora cyanopunctata</i><br>(Bluespotted Toadfish),0,0,0,0,0,0,0
m1_fish,M1 fish,region,Eastern Spencer Gulf,Eastern Spencer Gulf,Pre-bloom,11,Tetraodontidae__Tetractenos__glaber,Tetraodontidae Tetractenos glaber,Actinopterygii,Tetraodontidae,Tetractenos,glaber,Smooth Toadfish,<i>Tetractenos glaber</i><br>(Smooth Toadfish),0,0,0,0,0,0,0
m1_fish,M1 fish,region,Eastern Spencer Gulf,Eastern Spencer Gulf,Pre-bloom,11,Tetraodontidae__Torquigener__pleurogramma,Tetraodontidae Torquigener pleurogramma,Actinopterygii,Tetraodontidae,Torquigener,pleurogramma,Weeping Toadfish,<i>Torquigener pleurogramma</i><br>(Weeping Toadfish),0,0,0,0,0,0,0
m1_fish,M1 fish,region,Eastern Spencer Gulf,Eastern Spencer Gulf,Pre-bloom,11,Trachichthyidae__Trachichthys__australis,Trachichthyidae Trachichthys australis,Actinopterygii,Trachichthyidae,Trachichthys,australis,Southern Roughy,<i>Trachichthys australis</i><br>(Southern Roughy),0,0,0,0,0,0,0
m1_fish,M1 fish,region,Eastern Spencer Gulf,Eastern Spencer Gulf,Pre-bloom,11,Tripterygiidae__Helcogramma__decurrens,Tripterygiidae Helcogramma decurrens,Actinopterygii,Tripterygiidae,Helcogramma,decurrens,Blackthroat Threefin,<i>Helcogramma decurrens</i><br>(Blackthroat Threefin),0,0,0,0,0,0,0
m1_fish,M1 fish,region,Eastern Spencer Gulf,Eastern Spencer Gulf,Pre-bloom,11,Tripterygiidae__Trinorfolkia__clarkei,Tripterygiidae Trinorfolkia clarkei,Actinopterygii,Tripterygiidae,Trinorfolkia,clarkei,Clark's Threefin,<i>Trinorfolkia clarkei</i><br>(Clark's Threefin),0,0,0,0,0,0,0
m1_fish,M1 fish,region,Eastern Spencer Gulf,Eastern Spencer Gulf,Pre-bloom,11,Tripterygiidae__Trinorfolkia__cristata,Tripterygiidae Trinorfolkia cristata,Actinopterygii,Tripterygiidae,Trinorfolkia,cristata,Crested Threefin,<i>Trinorfolkia cristata</i><br>(Crested Threefin),0,0,0,0,0,0,0
m1_fish,M1 fish,region,Eastern Spencer Gulf,Eastern Spencer Gulf,Pre-bloom,11,Tripterygiidae__Tripterygiidae__spp,Tripterygiidae Unknown spp,Actinopterygii,Tripterygiidae,Tripterygiidae,spp,NA,<i>Tripterygiidae spp</i>,0,0,0,0,0,0,0
m1_fish,M1 fish,region,Eastern Spencer Gulf,Eastern Spencer Gulf,Pre-bloom,11,Trygonorrhinidae__Aptychotrema__vincentiana,Trygonorrhinidae Aptychotrema vincentiana,Elasmobranchii,Trygonorrhinidae,Aptychotrema,vincentiana,Western Shovelnose Ray,<i>Aptychotrema vincentiana</i><br>(Western Shovelnose Ray),0,0,0,0,0,0,0
m1_fish,M1 fish,region,Eastern Spencer Gulf,Eastern Spencer Gulf,Pre-bloom,11,Trygonorrhinidae__Trygonorrhina__fasciata,Trygonorrhinidae Trygonorrhina fasciata,Elasmobranchii,Trygonorrhinidae,Trygonorrhina,fasciata,Eastern Fiddler Ray,<i>Trygonorrhina fasciata</i><br>(Eastern Fiddler Ray),0,0,0,0,0,0,0
m1_fish,M1 fish,region,Eastern Spencer Gulf,Eastern Spencer Gulf,Pre-bloom,11,Urolophidae__Urolophus__spp,Urolophidae Urolophus spp,Elasmobranchii,Urolophidae,Urolophus,spp,NA,<i>Urolophus spp</i>,0,0,0,0,0,0,0
m1_fish,M1 fish,region,Fleurieu,Fleurieu,Bloom 2026-01,104,Antennariidae__Rhycherus__filamentosus,Antennariidae Rhycherus filamentosus,Actinopterygii,Antennariidae,Rhycherus,filamentosus,Tasselled Anglerfish,<i>Rhycherus filamentosus</i><br>(Tasselled Anglerfish),0,0,0,0,0,0,0
m1_fish,M1 fish,region,Fleurieu,Fleurieu,Bloom 2026-01,104,Aplodactylidae__Aplodactylus__arctidens,Aplodactylidae Aplodactylus arctidens,Actinopterygii,Aplodactylidae,Aplodactylus,arctidens,Marblefish,<i>Aplodactylus arctidens</i><br>(Marblefish),0,0,0,0,0,0,0
m1_fish,M1 fish,region,Fleurieu,Fleurieu,Bloom 2026-01,104,Aplodactylidae__Aplodactylus__westralis,Aplodactylidae Aplodactylus westralis,Actinopterygii,Aplodactylidae,Aplodactylus,westralis,Western Seacarp,<i>Aplodactylus westralis</i><br>(Western Seacarp),0,0,0,0,0,0,0
m1_fish,M1 fish,region,Fleurieu,Fleurieu,Bloom 2026-01,104,Apogonidae__Ostorhinchus__victoriae,Apogonidae Ostorhinchus victoriae,Actinopterygii,Apogonidae,Ostorhinchus,victoriae,Western Striped Cardinalfish,<i>Ostorhinchus victoriae</i><br>(Western Striped Cardinalfish),0,0,0,0,0,0,0
m1_fish,M1 fish,region,Fleurieu,Fleurieu,Bloom 2026-01,104,Apogonidae__Siphamia__cephalotes,Apogonidae Siphamia cephalotes,Actinopterygii,Apogonidae,Siphamia,cephalotes,Wood's Siphonfish,<i>Siphamia cephalotes</i><br>(Wood's Siphonfish),0,0,0,0,0,0,0
m1_fish,M1 fish,region,Fleurieu,Fleurieu,Bloom 2026-01,104,Apogonidae__Vincentia__conspersa,Apogonidae Vincentia conspersa,Actinopterygii,Apogonidae,Vincentia,conspersa,Southern Cardinalfish,<i>Vincentia conspersa</i><br>(Southern Cardinalfish),0,0,0,0,0,0,0
m1_fish,M1 fish,region,Fleurieu,Fleurieu,Bloom 2026-01,104,Aracanidae__Anoplocapros__amygdaloides,Aracanidae Anoplocapros amygdaloides,Actinopterygii,Aracanidae,Anoplocapros,amygdaloides,Western Smooth Boxfish,<i>Anoplocapros amygdaloides</i><br>(Western Smooth Boxfish),0,0,0,0,0,0,0
m1_fish,M1 fish,region,Fleurieu,Fleurieu,Bloom 2026-01,104,Aracanidae__Anoplocapros__lenticularis,Aracanidae Anoplocapros lenticularis,Actinopterygii,Aracanidae,Anoplocapros,lenticularis,Whitebarred Boxfish,<i>Anoplocapros lenticularis</i><br>(Whitebarred Boxfish),0,0,0,0,0,0,0
m1_fish,M1 fish,region,Fleurieu,Fleurieu,Bloom 2026-01,104,Aracanidae__Aracana__aurita,Aracanidae Aracana aurita,Actinopterygii,Aracanidae,Aracana,aurita,Shaw's Cowfish,<i>Aracana aurita</i><br>(Shaw's Cowfish),5,2.5,1.25,4.8076923076923075,2.09774449717334,0.02403846153846154,0.0105395156279035
m1_fish,M1 fish,region,Fleurieu,Fleurieu,Bloom 2026-01,104,Aracanidae__Aracana__ornata,Aracanidae Aracana ornata,Actinopterygii,Aracanidae,Aracana,ornata,Ornate Cowfish,<i>Aracana ornata</i><br>(Ornate Cowfish),1,0.5,0.25,0.9615384615384616,0.9569045142703854,0.004807692307692308,0.004807692307692308
m1_fish,M1 fish,region,Fleurieu,Fleurieu,Bloom 2026-01,104,Arripidae__Arripis__georgianus,Arripidae Arripis georgianus,Actinopterygii,Arripidae,Arripis,georgianus,Australian Herring,<i>Arripis georgianus</i><br>(Australian Herring),2,13.5,92.25,1.9230769230769231,1.3466820603574796,0.12980769230769232,0.09191433294037234
m1_fish,M1 fish,region,Fleurieu,Fleurieu,Bloom 2026-01,104,Arripidae__Arripis__spp,Arripidae Arripis spp,Actinopterygii,Arripidae,Arripis,spp,NA,<i>Arripis spp</i>,0,0,0,0,0,0,0
m1_fish,M1 fish,region,Fleurieu,Fleurieu,Bloom 2026-01,104,Arripidae__Arripis__truttaceus,Arripidae Arripis truttaceus,Actinopterygii,Arripidae,Arripis,truttaceus,Western Australian Salmon,<i>Arripis truttaceus</i><br>(Western Australian Salmon),1,3.5,12.25,0.9615384615384616,0.9569045142703854,0.03365384615384615,0.03365384615384615
m1_fish,M1 fish,region,Fleurieu,Fleurieu,Bloom 2026-01,104,Atherinidae__Atherinidae__spp,Atherinidae Unknown spp,Actinopterygii,Atherinidae,Atherinidae,spp,NA,<i>Atherinidae spp</i>,0,0,0,0,0,0,0
m1_fish,M1 fish,region,Fleurieu,Fleurieu,Bloom 2026-01,104,Berycidae__Centroberyx__gerrardi,Berycidae Centroberyx gerrardi,Actinopterygii,Berycidae,Centroberyx,gerrardi,Bight Redfish,<i>Centroberyx gerrardi</i><br>(Bight Redfish),0,0,0,0,0,0,0
m1_fish,M1 fish,region,Fleurieu,Fleurieu,Bloom 2026-01,104,Berycidae__Centroberyx__lineatus,Berycidae Centroberyx lineatus,Actinopterygii,Berycidae,Centroberyx,lineatus,Swallowtail,<i>Centroberyx lineatus</i><br>(Swallowtail),1,1,1,0.9615384615384616,0.9569045142703854,0.009615384615384616,0.009615384615384616
m1_fish,M1 fish,region,Fleurieu,Fleurieu,Bloom 2026-01,104,Bovichtidae__Bovichtus__angustifrons,Bovichtidae Bovichtus angustifrons,Actinopterygii,Bovichtidae,Bovichtus,angustifrons,Dragonet,<i>Bovichtus angustifrons</i><br>(Dragonet),0,0,0,0,0,0,0
m1_fish,M1 fish,region,Fleurieu,Fleurieu,Bloom 2026-01,104,Callionymidae__Eocallionymus__papilio,Callionymidae Eocallionymus papilio,Actinopterygii,Callionymidae,Eocallionymus,papilio,Painted Stinkfish,<i>Eocallionymus papilio</i><br>(Painted Stinkfish),0,0,0,0,0,0,0
m1_fish,M1 fish,region,Fleurieu,Fleurieu,Bloom 2026-01,104,Carangidae__Pseudocaranx__spp,Carangidae Pseudocaranx spp,Actinopterygii,Carangidae,Pseudocaranx,spp,NA,<i>Pseudocaranx spp</i>,0,0,0,0,0,0,0
m1_fish,M1 fish,region,Fleurieu,Fleurieu,Bloom 2026-01,104,Carangidae__Seriola__lalandi,Carangidae Seriola lalandi,Actinopterygii,Carangidae,Seriola,lalandi,Yellowtail Kingfish,<i>Seriola lalandi</i><br>(Yellowtail Kingfish),0,0,0,0,0,0,0
m1_fish,M1 fish,region,Fleurieu,Fleurieu,Bloom 2026-01,104,Carangidae__Trachurus__novaezelandiae,Carangidae Trachurus novaezelandiae,Actinopterygii,Carangidae,Trachurus,novaezelandiae,Yellowtail Scad,<i>Trachurus novaezelandiae</i><br>(Yellowtail Scad),0,0,0,0,0,0,0
m1_fish,M1 fish,region,Fleurieu,Fleurieu,Bloom 2026-01,104,Chaetodontidae__Chelmonops__curiosus,Chaetodontidae Chelmonops curiosus,Actinopterygii,Chaetodontidae,Chelmonops,curiosus,Western Talma,<i>Chelmonops curiosus</i><br>(Western Talma),33,74,1164,31.73076923076923,4.563900161447393,0.7115384615384616,0.32209901254749235
m1_fish,M1 fish,region,Fleurieu,Fleurieu,Bloom 2026-01,104,Cheilodactylidae__Cheilodactylus__nigripes,Cheilodactylidae Cheilodactylus nigripes,Actinopterygii,Cheilodactylidae,Cheilodactylus,nigripes,Magpie Perch,<i>Cheilodactylus nigripes</i><br>(Magpie Perch),69,194,1379.5,66.34615384615384,4.633493505110652,1.8653846153846154,0.30821697239749524
m1_fish,M1 fish,region,Fleurieu,Fleurieu,Bloom 2026-01,104,Cheilodactylidae__Cheilodactylus__spectabilis,Cheilodactylidae Cheilodactylus spectabilis,Actinopterygii,Cheilodactylidae,Cheilodactylus,spectabilis,Banded Morwong,<i>Cheilodactylus spectabilis</i><br>(Banded Morwong),0,0,0,0,0,0,0
m1_fish,M1 fish,region,Fleurieu,Fleurieu,Bloom 2026-01,104,Cheilodactylidae__Dactylophora__nigricans,Cheilodactylidae Dactylophora nigricans,Actinopterygii,Cheilodactylidae,Dactylophora,nigricans,Dusky Morwong,<i>Dactylophora nigricans</i><br>(Dusky Morwong),10,7,5.5,9.615384615384615,2.890772521577338,0.0673076923076923,0.021667005460817856
m1_fish,M1 fish,region,Fleurieu,Fleurieu,Bloom 2026-01,104,Cheilodactylidae__Nemadactylus__valenciennesi,Cheilodactylidae Nemadactylus valenciennesi,Actinopterygii,Cheilodactylidae,Nemadactylus,valenciennesi,Blue Morwong,<i>Nemadactylus valenciennesi</i><br>(Blue Morwong),0,0,0,0,0,0,0
m1_fish,M1 fish,region,Fleurieu,Fleurieu,Bloom 2026-01,104,Chironemidae__Chironemus__georgianus,Chironemidae Chironemus georgianus,Actinopterygii,Chironemidae,Chironemus,georgianus,Western Kelpfish,<i>Chironemus georgianus</i><br>(Western Kelpfish),0,0,0,0,0,0,0
m1_fish,M1 fish,region,Fleurieu,Fleurieu,Bloom 2026-01,104,Chironemidae__Chironemus__maculosus,Chironemidae Chironemus maculosus,Actinopterygii,Chironemidae,Chironemus,maculosus,Silver Spot,<i>Chironemus maculosus</i><br>(Silver Spot),0,0,0,0,0,0,0
m1_fish,M1 fish,region,Fleurieu,Fleurieu,Bloom 2026-01,104,Clinidae__Heteroclinus__spp,Clinidae Heteroclinus spp,Actinopterygii,Clinidae,Heteroclinus,spp,NA,<i>Heteroclinus spp</i>,0,0,0,0,0,0,0
m1_fish,M1 fish,region,Fleurieu,Fleurieu,Bloom 2026-01,104,Clupeidae__Clupeidae__spp,Clupeidae Unknown spp,Actinopterygii,Clupeidae,Clupeidae,spp,NA,<i>Clupeidae spp</i>,0,0,0,0,0,0,0
m1_fish,M1 fish,region,Fleurieu,Fleurieu,Bloom 2026-01,104,Clupeidae__Hyperlophus__vittatus,Clupeidae Hyperlophus vittatus,Actinopterygii,Clupeidae,Hyperlophus,vittatus,Sandy Sprat,<i>Hyperlophus vittatus</i><br>(Sandy Sprat),0,0,0,0,0,0,0
m1_fish,M1 fish,region,Fleurieu,Fleurieu,Bloom 2026-01,104,Clupeidae__Spratelloides__robustus,Clupeidae Spratelloides robustus,Actinopterygii,Clupeidae,Spratelloides,robustus,Blue Sprat,<i>Spratelloides robustus</i><br>(Blue Sprat),0,0,0,0,0,0,0
m1_fish,M1 fish,region,Fleurieu,Fleurieu,Bloom 2026-01,104,Dasyatidae__Bathytoshia__lata,Dasyatidae Bathytoshia lata,Elasmobranchii,Dasyatidae,Bathytoshia,lata,Black Stingray,<i>Bathytoshia lata</i><br>(Black Stingray),0,0,0,0,0,0,0
m1_fish,M1 fish,region,Fleurieu,Fleurieu,Bloom 2026-01,104,Dinolestidae__Dinolestes__lewini,Dinolestidae Dinolestes lewini,Actinopterygii,Dinolestidae,Dinolestes,lewini,Longfin Pike,<i>Dinolestes lewini</i><br>(Longfin Pike),8,52.5,2040.75,7.6923076923076925,2.612947001872144,0.5048076923076923,0.43363182167956404
m1_fish,M1 fish,region,Fleurieu,Fleurieu,Bloom 2026-01,104,Diodontidae__Diodon__nicthemerus,Diodontidae Diodon nicthemerus,Actinopterygii,Diodontidae,Diodon,nicthemerus,Globefish,<i>Diodon nicthemerus</i><br>(Globefish),0,0,0,0,0,0,0
m1_fish,M1 fish,region,Fleurieu,Fleurieu,Bloom 2026-01,104,Enoplosidae__Enoplosus__armatus,Enoplosidae Enoplosus armatus,Actinopterygii,Enoplosidae,Enoplosus,armatus,Old Wife,<i>Enoplosus armatus</i><br>(Old Wife),14,23,91,13.461538461538462,3.3468424102807,0.22115384615384615,0.08955613178940443
m1_fish,M1 fish,region,Fleurieu,Fleurieu,Bloom 2026-01,104,Gerreidae__Parequula__melbournensis,Gerreidae Parequula melbournensis,Actinopterygii,Gerreidae,Parequula,melbournensis,Silverbelly,<i>Parequula melbournensis</i><br>(Silverbelly),1,0.5,0.25,0.9615384615384616,0.9569045142703854,0.004807692307692308,0.004807692307692308
m1_fish,M1 fish,region,Fleurieu,Fleurieu,Bloom 2026-01,104,Girellidae__Girella__tricuspidata,Girellidae Girella tricuspidata,Actinopterygii,Girellidae,Girella,tricuspidata,Luderick,<i>Girella tricuspidata</i><br>(Luderick),0,0,0,0,0,0,0
m1_fish,M1 fish,region,Fleurieu,Fleurieu,Bloom 2026-01,104,Girellidae__Girella__zebra,Girellidae Girella zebra,Actinopterygii,Girellidae,Girella,zebra,Zebrafish,<i>Girella zebra</i><br>(Zebrafish),10,5,2.5,9.615384615384615,2.890772521577338,0.04807692307692308,0.014523857509306955
m1_fish,M1 fish,region,Fleurieu,Fleurieu,Bloom 2026-01,104,Gobiesocidae__Gobiesocidae__spp,Gobiesocidae Unknown spp,Actinopterygii,Gobiesocidae,Gobiesocidae,spp,NA,<i>Gobiesocidae spp</i>,0,0,0,0,0,0,0
m1_fish,M1 fish,region,Fleurieu,Fleurieu,Bloom 2026-01,104,Gobiidae__Gobiidae__spp,Gobiidae Unknown spp,Actinopterygii,Gobiidae,Gobiidae,spp,NA,<i>Gobiidae spp</i>,0,0,0,0,0,0,0
m1_fish,M1 fish,region,Fleurieu,Fleurieu,Bloom 2026-01,104,Gobiidae__Nesogobius__pulchellus,Gobiidae Nesogobius pulchellus,Actinopterygii,Gobiidae,Nesogobius,pulchellus,Sailfin Goby,<i>Nesogobius pulchellus</i><br>(Sailfin Goby),0,0,0,0,0,0,0
m1_fish,M1 fish,region,Fleurieu,Fleurieu,Bloom 2026-01,104,Heterodontidae__Heterodontus__portusjacksoni,Heterodontidae Heterodontus portusjacksoni,Elasmobranchii,Heterodontidae,Heterodontus,portusjacksoni,Port Jackson Shark,<i>Heterodontus portusjacksoni</i><br>(Port Jackson Shark),0,0,0,0,0,0,0
m1_fish,M1 fish,region,Fleurieu,Fleurieu,Bloom 2026-01,104,Hypnidae__Hypnos__monopterygius,Hypnidae Hypnos monopterygius,Elasmobranchii,Hypnidae,Hypnos,monopterygius,Coffin Ray,<i>Hypnos monopterygius</i><br>(Coffin Ray),0,0,0,0,0,0,0
m1_fish,M1 fish,region,Fleurieu,Fleurieu,Bloom 2026-01,104,Kyphosidae__Kyphosus__sydneyanus,Kyphosidae Kyphosus sydneyanus,Actinopterygii,Kyphosidae,Kyphosus,sydneyanus,Silver Drummer,<i>Kyphosus sydneyanus</i><br>(Silver Drummer),26,102,1488.5,25,4.246038878042234,0.9807692307692307,0.360024159329261
m1_fish,M1 fish,region,Fleurieu,Fleurieu,Bloom 2026-01,104,Labridae__Achoerodus__gouldii,Labridae Achoerodus gouldii,Actinopterygii,Labridae,Achoerodus,gouldii,Western Blue Groper,<i>Achoerodus gouldii</i><br>(Western Blue Groper),2,1,0.5,1.9230769230769231,1.3466820603574796,0.009615384615384616,0.0067660178063058555
m1_fish,M1 fish,region,Fleurieu,Fleurieu,Bloom 2026-01,104,Labridae__Austrolabrus__maculatus,Labridae Austrolabrus maculatus,Actinopterygii,Labridae,Austrolabrus,maculatus,Blackspotted Wrasse,<i>Austrolabrus maculatus</i><br>(Blackspotted Wrasse),85,259.5,1112.25,81.73076923076923,3.7891016339675128,2.4951923076923075,0.20829233764891417
m1_fish,M1 fish,region,Fleurieu,Fleurieu,Bloom 2026-01,104,Labridae__Dotalabrus__aurantiacus,Labridae Dotalabrus aurantiacus,Actinopterygii,Labridae,Dotalabrus,aurantiacus,Castelnau's Wrasse,<i>Dotalabrus aurantiacus</i><br>(Castelnau's Wrasse),32,22,18,30.76923076923077,4.525756964727324,0.21153846153846154,0.03529740527426579
m1_fish,M1 fish,region,Fleurieu,Fleurieu,Bloom 2026-01,104,Labridae__Eupetrichthys__angustipes,Labridae Eupetrichthys angustipes,Actinopterygii,Labridae,Eupetrichthys,angustipes,Snakeskin Wrasse,<i>Eupetrichthys angustipes</i><br>(Snakeskin Wrasse),1,0.5,0.25,0.9615384615384616,0.9569045142703854,0.004807692307692308,0.004807692307692308
m1_fish,M1 fish,region,Fleurieu,Fleurieu,Bloom 2026-01,104,Labridae__Haletta__semifasciata,Labridae Haletta semifasciata,Actinopterygii,Labridae,Haletta,semifasciata,Blue Weed Whiting,<i>Haletta semifasciata</i><br>(Blue Weed Whiting),0,0,0,0,0,0,0
m1_fish,M1 fish,region,Fleurieu,Fleurieu,Bloom 2026-01,104,Labridae__Heteroscarus__acroptilus,Labridae Heteroscarus acroptilus,Actinopterygii,Labridae,Heteroscarus,acroptilus,Rainbow Cale,<i>Heteroscarus acroptilus</i><br>(Rainbow Cale),0,0,0,0,0,0,0
m1_fish,M1 fish,region,Fleurieu,Fleurieu,Bloom 2026-01,104,Labridae__Neoodax__balteatus,Labridae Neoodax balteatus,Actinopterygii,Labridae,Neoodax,balteatus,Little Weed Whiting,<i>Neoodax balteatus</i><br>(Little Weed Whiting),5,14,56.5,4.8076923076923075,2.09774449717334,0.1346153846153846,0.07140394654685989
m1_fish,M1 fish,region,Fleurieu,Fleurieu,Bloom 2026-01,104,Labridae__Notolabrus__fucicola,Labridae Notolabrus fucicola,Actinopterygii,Labridae,Notolabrus,fucicola,Purple Wrasse,<i>Notolabrus fucicola</i><br>(Purple Wrasse),0,0,0,0,0,0,0
m1_fish,M1 fish,region,Fleurieu,Fleurieu,Bloom 2026-01,104,Labridae__Notolabrus__parilus,Labridae Notolabrus parilus,Actinopterygii,Labridae,Notolabrus,parilus,Brownspotted Wrasse,<i>Notolabrus parilus</i><br>(Brownspotted Wrasse),95,329.5,1788.25,91.34615384615384,2.756976399361504,3.168269230769231,0.263596882943076
m1_fish,M1 fish,region,Fleurieu,Fleurieu,Bloom 2026-01,104,Labridae__Notolabrus__tetricus,Labridae Notolabrus tetricus,Actinopterygii,Labridae,Notolabrus,tetricus,Bluethroat Wrasse,<i>Notolabrus tetricus</i><br>(Bluethroat Wrasse),75,316.5,3637.25,72.11538461538461,4.397234449184214,3.043269230769231,0.4996316126534906
m1_fish,M1 fish,region,Fleurieu,Fleurieu,Bloom 2026-01,104,Labridae__Olisthops__cyanomelas,Labridae Olisthops cyanomelas,Actinopterygii,Labridae,Olisthops,cyanomelas,Herring Cale,<i>Olisthops cyanomelas</i><br>(Herring Cale),9,10.5,16.25,8.653846153846153,2.7569763993615037,0.10096153846153846,0.037656697563296565
m1_fish,M1 fish,region,Fleurieu,Fleurieu,Bloom 2026-01,104,Labridae__Ophthalmolepis__lineolatus,Labridae Ophthalmolepis lineolatus,Actinopterygii,Labridae,Ophthalmolepis,lineolatus,Southern Maori Wrasse,<i>Ophthalmolepis lineolatus</i><br>(Southern Maori Wrasse),1,1,1,0.9615384615384616,0.9569045142703854,0.009615384615384616,0.009615384615384616
m1_fish,M1 fish,region,Fleurieu,Fleurieu,Bloom 2026-01,104,Labridae__Pictilabrus__laticlavius,Labridae Pictilabrus laticlavius,Actinopterygii,Labridae,Pictilabrus,laticlavius,Senator Wrasse,<i>Pictilabrus laticlavius</i><br>(Senator Wrasse),74,210,1261,71.15384615384616,4.442490198356583,2.019230769230769,0.27952294833612773
m1_fish,M1 fish,region,Fleurieu,Fleurieu,Bloom 2026-01,104,Labridae__Pseudolabrus__rubicundus,Labridae Pseudolabrus rubicundus,Actinopterygii,Labridae,Pseudolabrus,rubicundus,Rosy Wrasse,<i>Pseudolabrus rubicundus</i><br>(Rosy Wrasse),2,1.5,1.25,1.9230769230769231,1.3466820603574796,0.014423076923076924,0.010708496590835689
m1_fish,M1 fish,region,Fleurieu,Fleurieu,Bloom 2026-01,104,Labridae__Siphonognathus__argyrophanes,Labridae Siphonognathus argyrophanes,Actinopterygii,Labridae,Siphonognathus,argyrophanes,Tubemouth,<i>Siphonognathus argyrophanes</i><br>(Tubemouth),0,0,0,0,0,0,0
m1_fish,M1 fish,region,Fleurieu,Fleurieu,Bloom 2026-01,104,Labridae__Siphonognathus__attenuatus,Labridae Siphonognathus attenuatus,Actinopterygii,Labridae,Siphonognathus,attenuatus,Slender Weed Whiting,<i>Siphonognathus attenuatus</i><br>(Slender Weed Whiting),0,0,0,0,0,0,0
m1_fish,M1 fish,region,Fleurieu,Fleurieu,Bloom 2026-01,104,Labridae__Siphonognathus__beddomei,Labridae Siphonognathus beddomei,Actinopterygii,Labridae,Siphonognathus,beddomei,Pencil Weed Whiting,<i>Siphonognathus beddomei</i><br>(Pencil Weed Whiting),2,2,2.5,1.9230769230769231,1.3466820603574796,0.019230769230769232,0.015158911971758357
m1_fish,M1 fish,region,Fleurieu,Fleurieu,Bloom 2026-01,104,Labridae__Siphonognathus__caninis,Labridae Siphonognathus caninis,Actinopterygii,Labridae,Siphonognathus,caninis,Sharpnose Weed Whiting,<i>Siphonognathus caninis</i><br>(Sharpnose Weed Whiting),3,5.5,20.75,2.8846153846153846,1.6412370233372362,0.052884615384615384,0.04370270794578616
m1_fish,M1 fish,region,Fleurieu,Fleurieu,Bloom 2026-01,104,Labridae__Siphonognathus__radiatus,Labridae Siphonognathus radiatus,Actinopterygii,Labridae,Siphonognathus,radiatus,Longray Weed Whiting,<i>Siphonognathus radiatus</i><br>(Longray Weed Whiting),0,0,0,0,0,0,0
m1_fish,M1 fish,region,Fleurieu,Fleurieu,Bloom 2026-01,104,Labridae__Siphonognathus__spp,Labridae Siphonognathus spp,Actinopterygii,Labridae,Siphonognathus,spp,NA,<i>Siphonognathus spp</i>,0,0,0,0,0,0,0
m1_fish,M1 fish,region,Fleurieu,Fleurieu,Bloom 2026-01,104,Labridae__Siphonognathus__tanyourus,Labridae Siphonognathus tanyourus,Actinopterygii,Labridae,Siphonognathus,tanyourus,Longtail Weed Whiting,<i>Siphonognathus tanyourus</i><br>(Longtail Weed Whiting),0,0,0,0,0,0,0
m1_fish,M1 fish,region,Fleurieu,Fleurieu,Bloom 2026-01,104,Microcanthidae__Neatypus__obliquus,Microcanthidae Neatypus obliquus,Actinopterygii,Microcanthidae,Neatypus,obliquus,Footballer Sweep,<i>Neatypus obliquus</i><br>(Footballer Sweep),0,0,0,0,0,0,0
m1_fish,M1 fish,region,Fleurieu,Fleurieu,Bloom 2026-01,104,Microcanthidae__Tilodon__sexfasciatus,Microcanthidae Tilodon sexfasciatus,Actinopterygii,Microcanthidae,Tilodon,sexfasciatus,Moonlighter,<i>Tilodon sexfasciatus</i><br>(Moonlighter),24,20,25.5,23.076923076923077,4.131431965612112,0.19230769230769232,0.044960614821876514
m1_fish,M1 fish,region,Fleurieu,Fleurieu,Bloom 2026-01,104,Monacanthidae__Acanthaluteres__brownii,Monacanthidae Acanthaluteres brownii,Actinopterygii,Monacanthidae,Acanthaluteres,brownii,Spinytail Leatherjacket,<i>Acanthaluteres brownii</i><br>(Spinytail Leatherjacket),3,12.5,103.25,2.8846153846153846,1.6412370233372362,0.1201923076923077,0.09746008745979289
m1_fish,M1 fish,region,Fleurieu,Fleurieu,Bloom 2026-01,104,Monacanthidae__Acanthaluteres__spilomelanurus,Monacanthidae Acanthaluteres spilomelanurus,Actinopterygii,Monacanthidae,Acanthaluteres,spilomelanurus,Bridled Leatherjacket,<i>Acanthaluteres spilomelanurus</i><br>(Bridled Leatherjacket),0,0,0,0,0,0,0
m1_fish,M1 fish,region,Fleurieu,Fleurieu,Bloom 2026-01,104,Monacanthidae__Acanthaluteres__vittiger,Monacanthidae Acanthaluteres vittiger,Actinopterygii,Monacanthidae,Acanthaluteres,vittiger,Toothbrush Leatherjacket,<i>Acanthaluteres vittiger</i><br>(Toothbrush Leatherjacket),1,0.5,0.25,0.9615384615384616,0.9569045142703854,0.004807692307692308,0.004807692307692308
m1_fish,M1 fish,region,Fleurieu,Fleurieu,Bloom 2026-01,104,Monacanthidae__Brachaluteres__jacksonianus,Monacanthidae Brachaluteres jacksonianus,Actinopterygii,Monacanthidae,Brachaluteres,jacksonianus,Southern Pygmy Leatherjacket,<i>Brachaluteres jacksonianus</i><br>(Southern Pygmy Leatherjacket),0,0,0,0,0,0,0
m1_fish,M1 fish,region,Fleurieu,Fleurieu,Bloom 2026-01,104,Monacanthidae__Eubalichthys__gunnii,Monacanthidae Eubalichthys gunnii,Actinopterygii,Monacanthidae,Eubalichthys,gunnii,Gunn's Leatherjacket,<i>Eubalichthys gunnii</i><br>(Gunn's Leatherjacket),0,0,0,0,0,0,0
m1_fish,M1 fish,region,Fleurieu,Fleurieu,Bloom 2026-01,104,Monacanthidae__Eubalichthys__mosaicus,Monacanthidae Eubalichthys mosaicus,Actinopterygii,Monacanthidae,Eubalichthys,mosaicus,Mosaic Leatherjacket,<i>Eubalichthys mosaicus</i><br>(Mosaic Leatherjacket),0,0,0,0,0,0,0
m1_fish,M1 fish,region,Fleurieu,Fleurieu,Bloom 2026-01,104,Monacanthidae__Meuschenia__flavolineata,Monacanthidae Meuschenia flavolineata,Actinopterygii,Monacanthidae,Meuschenia,flavolineata,Yellowstriped Leatherjacket,<i>Meuschenia flavolineata</i><br>(Yellowstriped Leatherjacket),0,0,0,0,0,0,0
m1_fish,M1 fish,region,Fleurieu,Fleurieu,Bloom 2026-01,104,Monacanthidae__Meuschenia__freycineti,Monacanthidae Meuschenia freycineti,Actinopterygii,Monacanthidae,Meuschenia,freycineti,Sixspine Leatherjacket,<i>Meuschenia freycineti</i><br>(Sixspine Leatherjacket),2,1,0.5,1.9230769230769231,1.3466820603574796,0.009615384615384616,0.0067660178063058555
m1_fish,M1 fish,region,Fleurieu,Fleurieu,Bloom 2026-01,104,Monacanthidae__Meuschenia__galii,Monacanthidae Meuschenia galii,Actinopterygii,Monacanthidae,Meuschenia,galii,Bluelined Leatherjacket,<i>Meuschenia galii</i><br>(Bluelined Leatherjacket),0,0,0,0,0,0,0
m1_fish,M1 fish,region,Fleurieu,Fleurieu,Bloom 2026-01,104,Monacanthidae__Meuschenia__hippocrepis,Monacanthidae Meuschenia hippocrepis,Actinopterygii,Monacanthidae,Meuschenia,hippocrepis,Horseshoe Leatherjacket,<i>Meuschenia hippocrepis</i><br>(Horseshoe Leatherjacket),9,15.5,69.25,8.653846153846153,2.7569763993615037,0.14903846153846154,0.07905098033066484
m1_fish,M1 fish,region,Fleurieu,Fleurieu,Bloom 2026-01,104,Monacanthidae__Meuschenia__venusta,Monacanthidae Meuschenia venusta,Actinopterygii,Monacanthidae,Meuschenia,venusta,Stars-and-stripes Leatherjacket,<i>Meuschenia venusta</i><br>(Stars-and-stripes Leatherjacket),0,0,0,0,0,0,0
m1_fish,M1 fish,region,Fleurieu,Fleurieu,Bloom 2026-01,104,Monacanthidae__Scobinichthys__granulatus,Monacanthidae Scobinichthys granulatus,Actinopterygii,Monacanthidae,Scobinichthys,granulatus,Rough Leatherjacket,<i>Scobinichthys granulatus</i><br>(Rough Leatherjacket),0,0,0,0,0,0,0
m1_fish,M1 fish,region,Fleurieu,Fleurieu,Bloom 2026-01,104,Monacanthidae__Thamnaconus__degeni,Monacanthidae Thamnaconus degeni,Actinopterygii,Monacanthidae,Thamnaconus,degeni,Bluefin Leatherjacket,<i>Thamnaconus degeni</i><br>(Bluefin Leatherjacket),0,0,0,0,0,0,0
m1_fish,M1 fish,region,Fleurieu,Fleurieu,Bloom 2026-01,104,Mullidae__Upeneichthys__vlamingii,Mullidae Upeneichthys vlamingii,Actinopterygii,Mullidae,Upeneichthys,vlamingii,Bluespotted Goatfish,<i>Upeneichthys vlamingii</i><br>(Bluespotted Goatfish),1,0.5,0.25,0.9615384615384616,0.9569045142703854,0.004807692307692308,0.004807692307692308
m1_fish,M1 fish,region,Fleurieu,Fleurieu,Bloom 2026-01,104,Myliobatidae__Myliobatis__tenuicaudatus,Myliobatidae Myliobatis tenuicaudatus,Elasmobranchii,Myliobatidae,Myliobatis,tenuicaudatus,Southern Eagle Ray,<i>Myliobatis tenuicaudatus</i><br>(Southern Eagle Ray),0,0,0,0,0,0,0
m1_fish,M1 fish,region,Fleurieu,Fleurieu,Bloom 2026-01,104,Ophiclinidae__Ophiclinus__spp,Ophiclinidae Ophiclinus spp,Actinopterygii,Ophiclinidae,Ophiclinus,spp,NA,<i>Ophiclinus spp</i>,0,0,0,0,0,0,0
m1_fish,M1 fish,region,Fleurieu,Fleurieu,Bloom 2026-01,104,Parascylliidae__Parascyllium__ferrugineum,Parascylliidae Parascyllium ferrugineum,Elasmobranchii,Parascylliidae,Parascyllium,ferrugineum,Rusty Carpetshark,<i>Parascyllium ferrugineum</i><br>(Rusty Carpetshark),0,0,0,0,0,0,0
m1_fish,M1 fish,region,Fleurieu,Fleurieu,Bloom 2026-01,104,Parascylliidae__Parascyllium__variolatum,Parascylliidae Parascyllium variolatum,Elasmobranchii,Parascylliidae,Parascyllium,variolatum,Varied Carpetshark,<i>Parascyllium variolatum</i><br>(Varied Carpetshark),0,0,0,0,0,0,0
m1_fish,M1 fish,region,Fleurieu,Fleurieu,Bloom 2026-01,104,Pataecidae__Aetapcus__maculatus,Pataecidae Aetapcus maculatus,Actinopterygii,Pataecidae,Aetapcus,maculatus,Warty Prowfish,<i>Aetapcus maculatus</i><br>(Warty Prowfish),0,0,0,0,0,0,0
m1_fish,M1 fish,region,Fleurieu,Fleurieu,Bloom 2026-01,104,Pempherididae__Parapriacanthus__elongatus,Pempherididae Parapriacanthus elongatus,Actinopterygii,Pempherididae,Parapriacanthus,elongatus,Elongate Bullseye,<i>Parapriacanthus elongatus</i><br>(Elongate Bullseye),1,1,1,0.9615384615384616,0.9569045142703854,0.009615384615384616,0.009615384615384616
m1_fish,M1 fish,region,Fleurieu,Fleurieu,Bloom 2026-01,104,Pempherididae__Pempheris__klunzingeri,Pempherididae Pempheris klunzingeri,Actinopterygii,Pempherididae,Pempheris,klunzingeri,Rough Bullseye,<i>Pempheris klunzingeri</i><br>(Rough Bullseye),1,1.5,2.25,0.9615384615384616,0.9569045142703854,0.014423076923076924,0.014423076923076926
m1_fish,M1 fish,region,Fleurieu,Fleurieu,Bloom 2026-01,104,Pempherididae__Pempheris__multiradiata,Pempherididae Pempheris multiradiata,Actinopterygii,Pempherididae,Pempheris,multiradiata,Bigscale Bullseye,<i>Pempheris multiradiata</i><br>(Bigscale Bullseye),8,22,158,7.6923076923076925,2.612947001872144,0.21153846153846154,0.11964682041794257
m1_fish,M1 fish,region,Fleurieu,Fleurieu,Bloom 2026-01,104,Pempherididae__Pempheris__ornata,Pempherididae Pempheris ornata,Actinopterygii,Pempherididae,Pempheris,ornata,Orangelined Bullseye,<i>Pempheris ornata</i><br>(Orangelined Bullseye),2,2.5,4.25,1.9230769230769231,1.3466820603574796,0.02403846153846154,0.0197772883821313
m1_fish,M1 fish,region,Fleurieu,Fleurieu,Bloom 2026-01,104,Pempherididae__Pempheris__spp,Pempherididae Pempheris spp,Actinopterygii,Pempherididae,Pempheris,spp,NA,<i>Pempheris spp</i>,1,25,625,0.9615384615384616,0.9569045142703854,0.2403846153846154,0.24038461538461542
m1_fish,M1 fish,region,Fleurieu,Fleurieu,Bloom 2026-01,104,Pentacerotidae__Pentaceropsis__recurvirostris,Pentacerotidae Pentaceropsis recurvirostris,Actinopterygii,Pentacerotidae,Pentaceropsis,recurvirostris,Longsnout Boarfish,<i>Pentaceropsis recurvirostris</i><br>(Longsnout Boarfish),1,0.5,0.25,0.9615384615384616,0.9569045142703854,0.004807692307692308,0.004807692307692308
m1_fish,M1 fish,region,Fleurieu,Fleurieu,Bloom 2026-01,104,Pinguipedidae__Parapercis__haackei,Pinguipedidae Parapercis haackei,Actinopterygii,Pinguipedidae,Parapercis,haackei,Wavy Grubfish,<i>Parapercis haackei</i><br>(Wavy Grubfish),0,0,0,0,0,0,0
m1_fish,M1 fish,region,Fleurieu,Fleurieu,Bloom 2026-01,104,Pinguipedidae__Parapercis__ramsayi,Pinguipedidae Parapercis ramsayi,Actinopterygii,Pinguipedidae,Parapercis,ramsayi,Spotted Grubfish,<i>Parapercis ramsayi</i><br>(Spotted Grubfish),0,0,0,0,0,0,0
m1_fish,M1 fish,region,Fleurieu,Fleurieu,Bloom 2026-01,104,Platycephalidae__Leviprora__inops,Platycephalidae Leviprora inops,Actinopterygii,Platycephalidae,Leviprora,inops,Longhead Flathead,<i>Leviprora inops</i><br>(Longhead Flathead),0,0,0,0,0,0,0
m1_fish,M1 fish,region,Fleurieu,Fleurieu,Bloom 2026-01,104,Platycephalidae__Platycephalus__laevigatus,Platycephalidae Platycephalus laevigatus,Actinopterygii,Platycephalidae,Platycephalus,laevigatus,Rock Flathead,<i>Platycephalus laevigatus</i><br>(Rock Flathead),0,0,0,0,0,0,0
m1_fish,M1 fish,region,Fleurieu,Fleurieu,Bloom 2026-01,104,Platycephalidae__Platycephalus__speculator,Platycephalidae Platycephalus speculator,Actinopterygii,Platycephalidae,Platycephalus,speculator,Southern Bluespotted Flathead,<i>Platycephalus speculator</i><br>(Southern Bluespotted Flathead),0,0,0,0,0,0,0
m1_fish,M1 fish,region,Fleurieu,Fleurieu,Bloom 2026-01,104,Plesiopidae__Paraplesiops__meleagris,Plesiopidae Paraplesiops meleagris,Actinopterygii,Plesiopidae,Paraplesiops,meleagris,Southern Blue Devil,<i>Paraplesiops meleagris</i><br>(Southern Blue Devil),7,5,4.5,6.730769230769231,2.456885279245963,0.04807692307692308,0.019941136736323764
m1_fish,M1 fish,region,Fleurieu,Fleurieu,Bloom 2026-01,104,Plesiopidae__Trachinops__caudimaculatus,Plesiopidae Trachinops caudimaculatus,Actinopterygii,Plesiopidae,Trachinops,caudimaculatus,Southern Hulafish,<i>Trachinops caudimaculatus</i><br>(Southern Hulafish),0,0,0,0,0,0,0
m1_fish,M1 fish,region,Fleurieu,Fleurieu,Bloom 2026-01,104,Plesiopidae__Trachinops__noarlungae,Plesiopidae Trachinops noarlungae,Actinopterygii,Plesiopidae,Trachinops,noarlungae,Yellowhead Hulafish,<i>Trachinops noarlungae</i><br>(Yellowhead Hulafish),34,1820,355056.5,32.69230769230769,4.599794923294709,17.5,5.4929388103010695
m1_fish,M1 fish,region,Fleurieu,Fleurieu,Bloom 2026-01,104,Plotosidae__Cnidoglanis__macrocephalus,Plotosidae Cnidoglanis macrocephalus,Actinopterygii,Plotosidae,Cnidoglanis,macrocephalus,Estuary Cobbler,<i>Cnidoglanis macrocephalus</i><br>(Estuary Cobbler),0,0,0,0,0,0,0
m1_fish,M1 fish,region,Fleurieu,Fleurieu,Bloom 2026-01,104,Pomacentridae__Parma__victoriae,Pomacentridae Parma victoriae,Actinopterygii,Pomacentridae,Parma,victoriae,Scalyfin,<i>Parma victoriae</i><br>(Scalyfin),80,105,200.5,76.92307692307692,4.131431965612112,1.0096153846153846,0.09392009568831569
m1_fish,M1 fish,region,Fleurieu,Fleurieu,Bloom 2026-01,104,Scombridae__Scomber__australasicus,Scombridae Scomber australasicus,Actinopterygii,Scombridae,Scomber,australasicus,Blue Mackerel,<i>Scomber australasicus</i><br>(Blue Mackerel),0,0,0,0,0,0,0
m1_fish,M1 fish,region,Fleurieu,Fleurieu,Bloom 2026-01,104,Scorpididae__Scorpis__aequipinnis,Scorpididae Scorpis aequipinnis,Actinopterygii,Scorpididae,Scorpis,aequipinnis,Sea Sweep,<i>Scorpis aequipinnis</i><br>(Sea Sweep),82,602.5,10832.25,78.84615384615384,4.004684046266735,5.793269230769231,0.8278776328357548
m1_fish,M1 fish,region,Fleurieu,Fleurieu,Bloom 2026-01,104,Scorpididae__Scorpis__georgiana,Scorpididae Scorpis georgiana,Actinopterygii,Scorpididae,Scorpis,georgiana,Banded Sweep,<i>Scorpis georgiana</i><br>(Banded Sweep),0,0,0,0,0,0,0
m1_fish,M1 fish,region,Fleurieu,Fleurieu,Bloom 2026-01,104,Scorpididae__Scorpis__lineolata,Scorpididae Scorpis lineolata,Actinopterygii,Scorpididae,Scorpis,lineolata,Silver Sweep,<i>Scorpis lineolata</i><br>(Silver Sweep),0,0,0,0,0,0,0
m1_fish,M1 fish,region,Fleurieu,Fleurieu,Bloom 2026-01,104,Serranidae__Caesioperca__rasor,Serranidae Caesioperca rasor,Actinopterygii,Serranidae,Caesioperca,rasor,Barber Perch,<i>Caesioperca rasor</i><br>(Barber Perch),2,1.5,1.25,1.9230769230769231,1.3466820603574796,0.014423076923076924,0.010708496590835689
m1_fish,M1 fish,region,Fleurieu,Fleurieu,Bloom 2026-01,104,Serranidae__Hypoplectrodes__nigroruber,Serranidae Hypoplectrodes nigroruber,Actinopterygii,Serranidae,Hypoplectrodes,nigroruber,Banded Seaperch,<i>Hypoplectrodes nigroruber</i><br>(Banded Seaperch),0,0,0,0,0,0,0
m1_fish,M1 fish,region,Fleurieu,Fleurieu,Bloom 2026-01,104,Serranidae__Othos__dentex,Serranidae Othos dentex,Actinopterygii,Serranidae,Othos,dentex,Harlequin Fish,<i>Othos dentex</i><br>(Harlequin Fish),0,0,0,0,0,0,0
m1_fish,M1 fish,region,Fleurieu,Fleurieu,Bloom 2026-01,104,Sillaginidae__Sillaginidae__spp,Sillaginidae Unknown spp,Actinopterygii,Sillaginidae,Sillaginidae,spp,NA,<i>Sillaginidae spp</i>,0,0,0,0,0,0,0
m1_fish,M1 fish,region,Fleurieu,Fleurieu,Bloom 2026-01,104,Sillaginidae__Sillaginodes__punctatus,Sillaginidae Sillaginodes punctatus,Actinopterygii,Sillaginidae,Sillaginodes,punctatus,King George Whiting,<i>Sillaginodes punctatus</i><br>(King George Whiting),0,0,0,0,0,0,0
m1_fish,M1 fish,region,Fleurieu,Fleurieu,Bloom 2026-01,104,Sparidae__Acanthopagrus__butcheri,Sparidae Acanthopagrus butcheri,Actinopterygii,Sparidae,Acanthopagrus,butcheri,Black Bream,<i>Acanthopagrus butcheri</i><br>(Black Bream),0,0,0,0,0,0,0
m1_fish,M1 fish,region,Fleurieu,Fleurieu,Bloom 2026-01,104,Sparidae__Chrysophrys__auratus,Sparidae Chrysophrys auratus,Actinopterygii,Sparidae,Chrysophrys,auratus,Snapper,<i>Chrysophrys auratus</i><br>(Snapper),0,0,0,0,0,0,0
m1_fish,M1 fish,region,Fleurieu,Fleurieu,Bloom 2026-01,104,Sphyraenidae__Sphyraena__novaehollandiae,Sphyraenidae Sphyraena novaehollandiae,Actinopterygii,Sphyraenidae,Sphyraena,novaehollandiae,Snook,<i>Sphyraena novaehollandiae</i><br>(Snook),0,0,0,0,0,0,0
m1_fish,M1 fish,region,Fleurieu,Fleurieu,Bloom 2026-01,104,Syngnathidae__Phycodurus__eques,Syngnathidae Phycodurus eques,Actinopterygii,Syngnathidae,Phycodurus,eques,Leafy Seadragon,<i>Phycodurus eques</i><br>(Leafy Seadragon),0,0,0,0,0,0,0
m1_fish,M1 fish,region,Fleurieu,Fleurieu,Bloom 2026-01,104,Syngnathidae__Phyllopteryx__taeniolatus,Syngnathidae Phyllopteryx taeniolatus,Actinopterygii,Syngnathidae,Phyllopteryx,taeniolatus,Common Seadragon,<i>Phyllopteryx taeniolatus</i><br>(Common Seadragon),0,0,0,0,0,0,0
m1_fish,M1 fish,region,Fleurieu,Fleurieu,Bloom 2026-01,104,Syngnathidae__Pugnaso__curtirostris,Syngnathidae Pugnaso curtirostris,Actinopterygii,Syngnathidae,Pugnaso,curtirostris,Pugnose Pipefish,<i>Pugnaso curtirostris</i><br>(Pugnose Pipefish),2,1.5,1.25,1.9230769230769231,1.3466820603574796,0.014423076923076924,0.010708496590835689
m1_fish,M1 fish,region,Fleurieu,Fleurieu,Bloom 2026-01,104,Terapontidae__Helotes__octolineatus,Terapontidae Helotes octolineatus,Actinopterygii,Terapontidae,Helotes,octolineatus,NA,<i>Helotes octolineatus</i>,0,0,0,0,0,0,0
m1_fish,M1 fish,region,Fleurieu,Fleurieu,Bloom 2026-01,104,Tetraodontidae__Omegophora__armilla,Tetraodontidae Omegophora armilla,Actinopterygii,Tetraodontidae,Omegophora,armilla,Ringed Toadfish,<i>Omegophora armilla</i><br>(Ringed Toadfish),0,0,0,0,0,0,0
m1_fish,M1 fish,region,Fleurieu,Fleurieu,Bloom 2026-01,104,Tetraodontidae__Omegophora__cyanopunctata,Tetraodontidae Omegophora cyanopunctata,Actinopterygii,Tetraodontidae,Omegophora,cyanopunctata,Bluespotted Toadfish,<i>Omegophora cyanopunctata</i><br>(Bluespotted Toadfish),0,0,0,0,0,0,0
m1_fish,M1 fish,region,Fleurieu,Fleurieu,Bloom 2026-01,104,Tetraodontidae__Tetractenos__glaber,Tetraodontidae Tetractenos glaber,Actinopterygii,Tetraodontidae,Tetractenos,glaber,Smooth Toadfish,<i>Tetractenos glaber</i><br>(Smooth Toadfish),0,0,0,0,0,0,0
m1_fish,M1 fish,region,Fleurieu,Fleurieu,Bloom 2026-01,104,Tetraodontidae__Torquigener__pleurogramma,Tetraodontidae Torquigener pleurogramma,Actinopterygii,Tetraodontidae,Torquigener,pleurogramma,Weeping Toadfish,<i>Torquigener pleurogramma</i><br>(Weeping Toadfish),0,0,0,0,0,0,0
m1_fish,M1 fish,region,Fleurieu,Fleurieu,Bloom 2026-01,104,Trachichthyidae__Trachichthys__australis,Trachichthyidae Trachichthys australis,Actinopterygii,Trachichthyidae,Trachichthys,australis,Southern Roughy,<i>Trachichthys australis</i><br>(Southern Roughy),0,0,0,0,0,0,0
m1_fish,M1 fish,region,Fleurieu,Fleurieu,Bloom 2026-01,104,Tripterygiidae__Helcogramma__decurrens,Tripterygiidae Helcogramma decurrens,Actinopterygii,Tripterygiidae,Helcogramma,decurrens,Blackthroat Threefin,<i>Helcogramma decurrens</i><br>(Blackthroat Threefin),0,0,0,0,0,0,0
m1_fish,M1 fish,region,Fleurieu,Fleurieu,Bloom 2026-01,104,Tripterygiidae__Trinorfolkia__clarkei,Tripterygiidae Trinorfolkia clarkei,Actinopterygii,Tripterygiidae,Trinorfolkia,clarkei,Clark's Threefin,<i>Trinorfolkia clarkei</i><br>(Clark's Threefin),0,0,0,0,0,0,0
m1_fish,M1 fish,region,Fleurieu,Fleurieu,Bloom 2026-01,104,Tripterygiidae__Trinorfolkia__cristata,Tripterygiidae Trinorfolkia cristata,Actinopterygii,Tripterygiidae,Trinorfolkia,cristata,Crested Threefin,<i>Trinorfolkia cristata</i><br>(Crested Threefin),0,0,0,0,0,0,0
m1_fish,M1 fish,region,Fleurieu,Fleurieu,Bloom 2026-01,104,Tripterygiidae__Tripterygiidae__spp,Tripterygiidae Unknown spp,Actinopterygii,Tripterygiidae,Tripterygiidae,spp,NA,<i>Tripterygiidae spp</i>,0,0,0,0,0,0,0
m1_fish,M1 fish,region,Fleurieu,Fleurieu,Bloom 2026-01,104,Trygonorrhinidae__Aptychotrema__vincentiana,Trygonorrhinidae Aptychotrema vincentiana,Elasmobranchii,Trygonorrhinidae,Aptychotrema,vincentiana,Western Shovelnose Ray,<i>Aptychotrema vincentiana</i><br>(Western Shovelnose Ray),1,0.5,0.25,0.9615384615384616,0.9569045142703854,0.004807692307692308,0.004807692307692308
m1_fish,M1 fish,region,Fleurieu,Fleurieu,Bloom 2026-01,104,Trygonorrhinidae__Trygonorrhina__fasciata,Trygonorrhinidae Trygonorrhina fasciata,Elasmobranchii,Trygonorrhinidae,Trygonorrhina,fasciata,Eastern Fiddler Ray,<i>Trygonorrhina fasciata</i><br>(Eastern Fiddler Ray),0,0,0,0,0,0,0
m1_fish,M1 fish,region,Fleurieu,Fleurieu,Bloom 2026-01,104,Urolophidae__Urolophus__spp,Urolophidae Urolophus spp,Elasmobranchii,Urolophidae,Urolophus,spp,NA,<i>Urolophus spp</i>,0,0,0,0,0,0,0
m1_fish,M1 fish,region,Fleurieu,Fleurieu,Bloom 2026-05,4,Antennariidae__Rhycherus__filamentosus,Antennariidae Rhycherus filamentosus,Actinopterygii,Antennariidae,Rhycherus,filamentosus,Tasselled Anglerfish,<i>Rhycherus filamentosus</i><br>(Tasselled Anglerfish),0,0,0,0,0,0,0
m1_fish,M1 fish,region,Fleurieu,Fleurieu,Bloom 2026-05,4,Aplodactylidae__Aplodactylus__arctidens,Aplodactylidae Aplodactylus arctidens,Actinopterygii,Aplodactylidae,Aplodactylus,arctidens,Marblefish,<i>Aplodactylus arctidens</i><br>(Marblefish),0,0,0,0,0,0,0
m1_fish,M1 fish,region,Fleurieu,Fleurieu,Bloom 2026-05,4,Aplodactylidae__Aplodactylus__westralis,Aplodactylidae Aplodactylus westralis,Actinopterygii,Aplodactylidae,Aplodactylus,westralis,Western Seacarp,<i>Aplodactylus westralis</i><br>(Western Seacarp),0,0,0,0,0,0,0
m1_fish,M1 fish,region,Fleurieu,Fleurieu,Bloom 2026-05,4,Apogonidae__Ostorhinchus__victoriae,Apogonidae Ostorhinchus victoriae,Actinopterygii,Apogonidae,Ostorhinchus,victoriae,Western Striped Cardinalfish,<i>Ostorhinchus victoriae</i><br>(Western Striped Cardinalfish),0,0,0,0,0,0,0
m1_fish,M1 fish,region,Fleurieu,Fleurieu,Bloom 2026-05,4,Apogonidae__Siphamia__cephalotes,Apogonidae Siphamia cephalotes,Actinopterygii,Apogonidae,Siphamia,cephalotes,Wood's Siphonfish,<i>Siphamia cephalotes</i><br>(Wood's Siphonfish),0,0,0,0,0,0,0
m1_fish,M1 fish,region,Fleurieu,Fleurieu,Bloom 2026-05,4,Apogonidae__Vincentia__conspersa,Apogonidae Vincentia conspersa,Actinopterygii,Apogonidae,Vincentia,conspersa,Southern Cardinalfish,<i>Vincentia conspersa</i><br>(Southern Cardinalfish),0,0,0,0,0,0,0
m1_fish,M1 fish,region,Fleurieu,Fleurieu,Bloom 2026-05,4,Aracanidae__Anoplocapros__amygdaloides,Aracanidae Anoplocapros amygdaloides,Actinopterygii,Aracanidae,Anoplocapros,amygdaloides,Western Smooth Boxfish,<i>Anoplocapros amygdaloides</i><br>(Western Smooth Boxfish),0,0,0,0,0,0,0
m1_fish,M1 fish,region,Fleurieu,Fleurieu,Bloom 2026-05,4,Aracanidae__Anoplocapros__lenticularis,Aracanidae Anoplocapros lenticularis,Actinopterygii,Aracanidae,Anoplocapros,lenticularis,Whitebarred Boxfish,<i>Anoplocapros lenticularis</i><br>(Whitebarred Boxfish),0,0,0,0,0,0,0
m1_fish,M1 fish,region,Fleurieu,Fleurieu,Bloom 2026-05,4,Aracanidae__Aracana__aurita,Aracanidae Aracana aurita,Actinopterygii,Aracanidae,Aracana,aurita,Shaw's Cowfish,<i>Aracana aurita</i><br>(Shaw's Cowfish),0,0,0,0,0,0,0
m1_fish,M1 fish,region,Fleurieu,Fleurieu,Bloom 2026-05,4,Aracanidae__Aracana__ornata,Aracanidae Aracana ornata,Actinopterygii,Aracanidae,Aracana,ornata,Ornate Cowfish,<i>Aracana ornata</i><br>(Ornate Cowfish),0,0,0,0,0,0,0
m1_fish,M1 fish,region,Fleurieu,Fleurieu,Bloom 2026-05,4,Arripidae__Arripis__georgianus,Arripidae Arripis georgianus,Actinopterygii,Arripidae,Arripis,georgianus,Australian Herring,<i>Arripis georgianus</i><br>(Australian Herring),0,0,0,0,0,0,0
m1_fish,M1 fish,region,Fleurieu,Fleurieu,Bloom 2026-05,4,Arripidae__Arripis__spp,Arripidae Arripis spp,Actinopterygii,Arripidae,Arripis,spp,NA,<i>Arripis spp</i>,0,0,0,0,0,0,0
m1_fish,M1 fish,region,Fleurieu,Fleurieu,Bloom 2026-05,4,Arripidae__Arripis__truttaceus,Arripidae Arripis truttaceus,Actinopterygii,Arripidae,Arripis,truttaceus,Western Australian Salmon,<i>Arripis truttaceus</i><br>(Western Australian Salmon),0,0,0,0,0,0,0
m1_fish,M1 fish,region,Fleurieu,Fleurieu,Bloom 2026-05,4,Atherinidae__Atherinidae__spp,Atherinidae Unknown spp,Actinopterygii,Atherinidae,Atherinidae,spp,NA,<i>Atherinidae spp</i>,0,0,0,0,0,0,0
m1_fish,M1 fish,region,Fleurieu,Fleurieu,Bloom 2026-05,4,Berycidae__Centroberyx__gerrardi,Berycidae Centroberyx gerrardi,Actinopterygii,Berycidae,Centroberyx,gerrardi,Bight Redfish,<i>Centroberyx gerrardi</i><br>(Bight Redfish),0,0,0,0,0,0,0
m1_fish,M1 fish,region,Fleurieu,Fleurieu,Bloom 2026-05,4,Berycidae__Centroberyx__lineatus,Berycidae Centroberyx lineatus,Actinopterygii,Berycidae,Centroberyx,lineatus,Swallowtail,<i>Centroberyx lineatus</i><br>(Swallowtail),0,0,0,0,0,0,0
m1_fish,M1 fish,region,Fleurieu,Fleurieu,Bloom 2026-05,4,Bovichtidae__Bovichtus__angustifrons,Bovichtidae Bovichtus angustifrons,Actinopterygii,Bovichtidae,Bovichtus,angustifrons,Dragonet,<i>Bovichtus angustifrons</i><br>(Dragonet),0,0,0,0,0,0,0
m1_fish,M1 fish,region,Fleurieu,Fleurieu,Bloom 2026-05,4,Callionymidae__Eocallionymus__papilio,Callionymidae Eocallionymus papilio,Actinopterygii,Callionymidae,Eocallionymus,papilio,Painted Stinkfish,<i>Eocallionymus papilio</i><br>(Painted Stinkfish),0,0,0,0,0,0,0
m1_fish,M1 fish,region,Fleurieu,Fleurieu,Bloom 2026-05,4,Carangidae__Pseudocaranx__spp,Carangidae Pseudocaranx spp,Actinopterygii,Carangidae,Pseudocaranx,spp,NA,<i>Pseudocaranx spp</i>,0,0,0,0,0,0,0
m1_fish,M1 fish,region,Fleurieu,Fleurieu,Bloom 2026-05,4,Carangidae__Seriola__lalandi,Carangidae Seriola lalandi,Actinopterygii,Carangidae,Seriola,lalandi,Yellowtail Kingfish,<i>Seriola lalandi</i><br>(Yellowtail Kingfish),0,0,0,0,0,0,0
m1_fish,M1 fish,region,Fleurieu,Fleurieu,Bloom 2026-05,4,Carangidae__Trachurus__novaezelandiae,Carangidae Trachurus novaezelandiae,Actinopterygii,Carangidae,Trachurus,novaezelandiae,Yellowtail Scad,<i>Trachurus novaezelandiae</i><br>(Yellowtail Scad),0,0,0,0,0,0,0
m1_fish,M1 fish,region,Fleurieu,Fleurieu,Bloom 2026-05,4,Chaetodontidae__Chelmonops__curiosus,Chaetodontidae Chelmonops curiosus,Actinopterygii,Chaetodontidae,Chelmonops,curiosus,Western Talma,<i>Chelmonops curiosus</i><br>(Western Talma),0,0,0,0,0,0,0
m1_fish,M1 fish,region,Fleurieu,Fleurieu,Bloom 2026-05,4,Cheilodactylidae__Cheilodactylus__nigripes,Cheilodactylidae Cheilodactylus nigripes,Actinopterygii,Cheilodactylidae,Cheilodactylus,nigripes,Magpie Perch,<i>Cheilodactylus nigripes</i><br>(Magpie Perch),0,0,0,0,0,0,0
m1_fish,M1 fish,region,Fleurieu,Fleurieu,Bloom 2026-05,4,Cheilodactylidae__Cheilodactylus__spectabilis,Cheilodactylidae Cheilodactylus spectabilis,Actinopterygii,Cheilodactylidae,Cheilodactylus,spectabilis,Banded Morwong,<i>Cheilodactylus spectabilis</i><br>(Banded Morwong),0,0,0,0,0,0,0
m1_fish,M1 fish,region,Fleurieu,Fleurieu,Bloom 2026-05,4,Cheilodactylidae__Dactylophora__nigricans,Cheilodactylidae Dactylophora nigricans,Actinopterygii,Cheilodactylidae,Dactylophora,nigricans,Dusky Morwong,<i>Dactylophora nigricans</i><br>(Dusky Morwong),0,0,0,0,0,0,0
m1_fish,M1 fish,region,Fleurieu,Fleurieu,Bloom 2026-05,4,Cheilodactylidae__Nemadactylus__valenciennesi,Cheilodactylidae Nemadactylus valenciennesi,Actinopterygii,Cheilodactylidae,Nemadactylus,valenciennesi,Blue Morwong,<i>Nemadactylus valenciennesi</i><br>(Blue Morwong),0,0,0,0,0,0,0
m1_fish,M1 fish,region,Fleurieu,Fleurieu,Bloom 2026-05,4,Chironemidae__Chironemus__georgianus,Chironemidae Chironemus georgianus,Actinopterygii,Chironemidae,Chironemus,georgianus,Western Kelpfish,<i>Chironemus georgianus</i><br>(Western Kelpfish),0,0,0,0,0,0,0
m1_fish,M1 fish,region,Fleurieu,Fleurieu,Bloom 2026-05,4,Chironemidae__Chironemus__maculosus,Chironemidae Chironemus maculosus,Actinopterygii,Chironemidae,Chironemus,maculosus,Silver Spot,<i>Chironemus maculosus</i><br>(Silver Spot),0,0,0,0,0,0,0
m1_fish,M1 fish,region,Fleurieu,Fleurieu,Bloom 2026-05,4,Clinidae__Heteroclinus__spp,Clinidae Heteroclinus spp,Actinopterygii,Clinidae,Heteroclinus,spp,NA,<i>Heteroclinus spp</i>,0,0,0,0,0,0,0
m1_fish,M1 fish,region,Fleurieu,Fleurieu,Bloom 2026-05,4,Clupeidae__Clupeidae__spp,Clupeidae Unknown spp,Actinopterygii,Clupeidae,Clupeidae,spp,NA,<i>Clupeidae spp</i>,0,0,0,0,0,0,0
m1_fish,M1 fish,region,Fleurieu,Fleurieu,Bloom 2026-05,4,Clupeidae__Hyperlophus__vittatus,Clupeidae Hyperlophus vittatus,Actinopterygii,Clupeidae,Hyperlophus,vittatus,Sandy Sprat,<i>Hyperlophus vittatus</i><br>(Sandy Sprat),0,0,0,0,0,0,0
m1_fish,M1 fish,region,Fleurieu,Fleurieu,Bloom 2026-05,4,Clupeidae__Spratelloides__robustus,Clupeidae Spratelloides robustus,Actinopterygii,Clupeidae,Spratelloides,robustus,Blue Sprat,<i>Spratelloides robustus</i><br>(Blue Sprat),0,0,0,0,0,0,0
m1_fish,M1 fish,region,Fleurieu,Fleurieu,Bloom 2026-05,4,Dasyatidae__Bathytoshia__lata,Dasyatidae Bathytoshia lata,Elasmobranchii,Dasyatidae,Bathytoshia,lata,Black Stingray,<i>Bathytoshia lata</i><br>(Black Stingray),0,0,0,0,0,0,0
m1_fish,M1 fish,region,Fleurieu,Fleurieu,Bloom 2026-05,4,Dinolestidae__Dinolestes__lewini,Dinolestidae Dinolestes lewini,Actinopterygii,Dinolestidae,Dinolestes,lewini,Longfin Pike,<i>Dinolestes lewini</i><br>(Longfin Pike),0,0,0,0,0,0,0
m1_fish,M1 fish,region,Fleurieu,Fleurieu,Bloom 2026-05,4,Diodontidae__Diodon__nicthemerus,Diodontidae Diodon nicthemerus,Actinopterygii,Diodontidae,Diodon,nicthemerus,Globefish,<i>Diodon nicthemerus</i><br>(Globefish),0,0,0,0,0,0,0
m1_fish,M1 fish,region,Fleurieu,Fleurieu,Bloom 2026-05,4,Enoplosidae__Enoplosus__armatus,Enoplosidae Enoplosus armatus,Actinopterygii,Enoplosidae,Enoplosus,armatus,Old Wife,<i>Enoplosus armatus</i><br>(Old Wife),0,0,0,0,0,0,0
m1_fish,M1 fish,region,Fleurieu,Fleurieu,Bloom 2026-05,4,Gerreidae__Parequula__melbournensis,Gerreidae Parequula melbournensis,Actinopterygii,Gerreidae,Parequula,melbournensis,Silverbelly,<i>Parequula melbournensis</i><br>(Silverbelly),0,0,0,0,0,0,0
m1_fish,M1 fish,region,Fleurieu,Fleurieu,Bloom 2026-05,4,Girellidae__Girella__tricuspidata,Girellidae Girella tricuspidata,Actinopterygii,Girellidae,Girella,tricuspidata,Luderick,<i>Girella tricuspidata</i><br>(Luderick),0,0,0,0,0,0,0
m1_fish,M1 fish,region,Fleurieu,Fleurieu,Bloom 2026-05,4,Girellidae__Girella__zebra,Girellidae Girella zebra,Actinopterygii,Girellidae,Girella,zebra,Zebrafish,<i>Girella zebra</i><br>(Zebrafish),0,0,0,0,0,0,0
m1_fish,M1 fish,region,Fleurieu,Fleurieu,Bloom 2026-05,4,Gobiesocidae__Gobiesocidae__spp,Gobiesocidae Unknown spp,Actinopterygii,Gobiesocidae,Gobiesocidae,spp,NA,<i>Gobiesocidae spp</i>,0,0,0,0,0,0,0
m1_fish,M1 fish,region,Fleurieu,Fleurieu,Bloom 2026-05,4,Gobiidae__Gobiidae__spp,Gobiidae Unknown spp,Actinopterygii,Gobiidae,Gobiidae,spp,NA,<i>Gobiidae spp</i>,0,0,0,0,0,0,0
m1_fish,M1 fish,region,Fleurieu,Fleurieu,Bloom 2026-05,4,Gobiidae__Nesogobius__pulchellus,Gobiidae Nesogobius pulchellus,Actinopterygii,Gobiidae,Nesogobius,pulchellus,Sailfin Goby,<i>Nesogobius pulchellus</i><br>(Sailfin Goby),0,0,0,0,0,0,0
m1_fish,M1 fish,region,Fleurieu,Fleurieu,Bloom 2026-05,4,Heterodontidae__Heterodontus__portusjacksoni,Heterodontidae Heterodontus portusjacksoni,Elasmobranchii,Heterodontidae,Heterodontus,portusjacksoni,Port Jackson Shark,<i>Heterodontus portusjacksoni</i><br>(Port Jackson Shark),0,0,0,0,0,0,0
m1_fish,M1 fish,region,Fleurieu,Fleurieu,Bloom 2026-05,4,Hypnidae__Hypnos__monopterygius,Hypnidae Hypnos monopterygius,Elasmobranchii,Hypnidae,Hypnos,monopterygius,Coffin Ray,<i>Hypnos monopterygius</i><br>(Coffin Ray),0,0,0,0,0,0,0
m1_fish,M1 fish,region,Fleurieu,Fleurieu,Bloom 2026-05,4,Kyphosidae__Kyphosus__sydneyanus,Kyphosidae Kyphosus sydneyanus,Actinopterygii,Kyphosidae,Kyphosus,sydneyanus,Silver Drummer,<i>Kyphosus sydneyanus</i><br>(Silver Drummer),0,0,0,0,0,0,0
m1_fish,M1 fish,region,Fleurieu,Fleurieu,Bloom 2026-05,4,Labridae__Achoerodus__gouldii,Labridae Achoerodus gouldii,Actinopterygii,Labridae,Achoerodus,gouldii,Western Blue Groper,<i>Achoerodus gouldii</i><br>(Western Blue Groper),0,0,0,0,0,0,0
m1_fish,M1 fish,region,Fleurieu,Fleurieu,Bloom 2026-05,4,Labridae__Austrolabrus__maculatus,Labridae Austrolabrus maculatus,Actinopterygii,Labridae,Austrolabrus,maculatus,Blackspotted Wrasse,<i>Austrolabrus maculatus</i><br>(Blackspotted Wrasse),1,1,1,25,21.650635094610966,0.25,0.25
m1_fish,M1 fish,region,Fleurieu,Fleurieu,Bloom 2026-05,4,Labridae__Dotalabrus__aurantiacus,Labridae Dotalabrus aurantiacus,Actinopterygii,Labridae,Dotalabrus,aurantiacus,Castelnau's Wrasse,<i>Dotalabrus aurantiacus</i><br>(Castelnau's Wrasse),1,0.5,0.25,25,21.650635094610966,0.125,0.125
m1_fish,M1 fish,region,Fleurieu,Fleurieu,Bloom 2026-05,4,Labridae__Eupetrichthys__angustipes,Labridae Eupetrichthys angustipes,Actinopterygii,Labridae,Eupetrichthys,angustipes,Snakeskin Wrasse,<i>Eupetrichthys angustipes</i><br>(Snakeskin Wrasse),0,0,0,0,0,0,0
m1_fish,M1 fish,region,Fleurieu,Fleurieu,Bloom 2026-05,4,Labridae__Haletta__semifasciata,Labridae Haletta semifasciata,Actinopterygii,Labridae,Haletta,semifasciata,Blue Weed Whiting,<i>Haletta semifasciata</i><br>(Blue Weed Whiting),0,0,0,0,0,0,0
m1_fish,M1 fish,region,Fleurieu,Fleurieu,Bloom 2026-05,4,Labridae__Heteroscarus__acroptilus,Labridae Heteroscarus acroptilus,Actinopterygii,Labridae,Heteroscarus,acroptilus,Rainbow Cale,<i>Heteroscarus acroptilus</i><br>(Rainbow Cale),0,0,0,0,0,0,0
m1_fish,M1 fish,region,Fleurieu,Fleurieu,Bloom 2026-05,4,Labridae__Neoodax__balteatus,Labridae Neoodax balteatus,Actinopterygii,Labridae,Neoodax,balteatus,Little Weed Whiting,<i>Neoodax balteatus</i><br>(Little Weed Whiting),0,0,0,0,0,0,0
m1_fish,M1 fish,region,Fleurieu,Fleurieu,Bloom 2026-05,4,Labridae__Notolabrus__fucicola,Labridae Notolabrus fucicola,Actinopterygii,Labridae,Notolabrus,fucicola,Purple Wrasse,<i>Notolabrus fucicola</i><br>(Purple Wrasse),0,0,0,0,0,0,0
m1_fish,M1 fish,region,Fleurieu,Fleurieu,Bloom 2026-05,4,Labridae__Notolabrus__parilus,Labridae Notolabrus parilus,Actinopterygii,Labridae,Notolabrus,parilus,Brownspotted Wrasse,<i>Notolabrus parilus</i><br>(Brownspotted Wrasse),2,1,0.5,50,25,0.25,0.14433756729740643
m1_fish,M1 fish,region,Fleurieu,Fleurieu,Bloom 2026-05,4,Labridae__Notolabrus__tetricus,Labridae Notolabrus tetricus,Actinopterygii,Labridae,Notolabrus,tetricus,Bluethroat Wrasse,<i>Notolabrus tetricus</i><br>(Bluethroat Wrasse),4,14.5,95.75,100,0,3.625,1.897092072972035
m1_fish,M1 fish,region,Fleurieu,Fleurieu,Bloom 2026-05,4,Labridae__Olisthops__cyanomelas,Labridae Olisthops cyanomelas,Actinopterygii,Labridae,Olisthops,cyanomelas,Herring Cale,<i>Olisthops cyanomelas</i><br>(Herring Cale),0,0,0,0,0,0,0
m1_fish,M1 fish,region,Fleurieu,Fleurieu,Bloom 2026-05,4,Labridae__Ophthalmolepis__lineolatus,Labridae Ophthalmolepis lineolatus,Actinopterygii,Labridae,Ophthalmolepis,lineolatus,Southern Maori Wrasse,<i>Ophthalmolepis lineolatus</i><br>(Southern Maori Wrasse),0,0,0,0,0,0,0
m1_fish,M1 fish,region,Fleurieu,Fleurieu,Bloom 2026-05,4,Labridae__Pictilabrus__laticlavius,Labridae Pictilabrus laticlavius,Actinopterygii,Labridae,Pictilabrus,laticlavius,Senator Wrasse,<i>Pictilabrus laticlavius</i><br>(Senator Wrasse),3,4,5.5,75,21.650635094610966,1,0.3535533905932738
m1_fish,M1 fish,region,Fleurieu,Fleurieu,Bloom 2026-05,4,Labridae__Pseudolabrus__rubicundus,Labridae Pseudolabrus rubicundus,Actinopterygii,Labridae,Pseudolabrus,rubicundus,Rosy Wrasse,<i>Pseudolabrus rubicundus</i><br>(Rosy Wrasse),0,0,0,0,0,0,0
m1_fish,M1 fish,region,Fleurieu,Fleurieu,Bloom 2026-05,4,Labridae__Siphonognathus__argyrophanes,Labridae Siphonognathus argyrophanes,Actinopterygii,Labridae,Siphonognathus,argyrophanes,Tubemouth,<i>Siphonognathus argyrophanes</i><br>(Tubemouth),0,0,0,0,0,0,0
m1_fish,M1 fish,region,Fleurieu,Fleurieu,Bloom 2026-05,4,Labridae__Siphonognathus__attenuatus,Labridae Siphonognathus attenuatus,Actinopterygii,Labridae,Siphonognathus,attenuatus,Slender Weed Whiting,<i>Siphonognathus attenuatus</i><br>(Slender Weed Whiting),0,0,0,0,0,0,0
m1_fish,M1 fish,region,Fleurieu,Fleurieu,Bloom 2026-05,4,Labridae__Siphonognathus__beddomei,Labridae Siphonognathus beddomei,Actinopterygii,Labridae,Siphonognathus,beddomei,Pencil Weed Whiting,<i>Siphonognathus beddomei</i><br>(Pencil Weed Whiting),0,0,0,0,0,0,0
m1_fish,M1 fish,region,Fleurieu,Fleurieu,Bloom 2026-05,4,Labridae__Siphonognathus__caninis,Labridae Siphonognathus caninis,Actinopterygii,Labridae,Siphonognathus,caninis,Sharpnose Weed Whiting,<i>Siphonognathus caninis</i><br>(Sharpnose Weed Whiting),0,0,0,0,0,0,0
m1_fish,M1 fish,region,Fleurieu,Fleurieu,Bloom 2026-05,4,Labridae__Siphonognathus__radiatus,Labridae Siphonognathus radiatus,Actinopterygii,Labridae,Siphonognathus,radiatus,Longray Weed Whiting,<i>Siphonognathus radiatus</i><br>(Longray Weed Whiting),0,0,0,0,0,0,0
m1_fish,M1 fish,region,Fleurieu,Fleurieu,Bloom 2026-05,4,Labridae__Siphonognathus__spp,Labridae Siphonognathus spp,Actinopterygii,Labridae,Siphonognathus,spp,NA,<i>Siphonognathus spp</i>,0,0,0,0,0,0,0
m1_fish,M1 fish,region,Fleurieu,Fleurieu,Bloom 2026-05,4,Labridae__Siphonognathus__tanyourus,Labridae Siphonognathus tanyourus,Actinopterygii,Labridae,Siphonognathus,tanyourus,Longtail Weed Whiting,<i>Siphonognathus tanyourus</i><br>(Longtail Weed Whiting),0,0,0,0,0,0,0
m1_fish,M1 fish,region,Fleurieu,Fleurieu,Bloom 2026-05,4,Microcanthidae__Neatypus__obliquus,Microcanthidae Neatypus obliquus,Actinopterygii,Microcanthidae,Neatypus,obliquus,Footballer Sweep,<i>Neatypus obliquus</i><br>(Footballer Sweep),0,0,0,0,0,0,0
m1_fish,M1 fish,region,Fleurieu,Fleurieu,Bloom 2026-05,4,Microcanthidae__Tilodon__sexfasciatus,Microcanthidae Tilodon sexfasciatus,Actinopterygii,Microcanthidae,Tilodon,sexfasciatus,Moonlighter,<i>Tilodon sexfasciatus</i><br>(Moonlighter),0,0,0,0,0,0,0
m1_fish,M1 fish,region,Fleurieu,Fleurieu,Bloom 2026-05,4,Monacanthidae__Acanthaluteres__brownii,Monacanthidae Acanthaluteres brownii,Actinopterygii,Monacanthidae,Acanthaluteres,brownii,Spinytail Leatherjacket,<i>Acanthaluteres brownii</i><br>(Spinytail Leatherjacket),0,0,0,0,0,0,0
m1_fish,M1 fish,region,Fleurieu,Fleurieu,Bloom 2026-05,4,Monacanthidae__Acanthaluteres__spilomelanurus,Monacanthidae Acanthaluteres spilomelanurus,Actinopterygii,Monacanthidae,Acanthaluteres,spilomelanurus,Bridled Leatherjacket,<i>Acanthaluteres spilomelanurus</i><br>(Bridled Leatherjacket),0,0,0,0,0,0,0
m1_fish,M1 fish,region,Fleurieu,Fleurieu,Bloom 2026-05,4,Monacanthidae__Acanthaluteres__vittiger,Monacanthidae Acanthaluteres vittiger,Actinopterygii,Monacanthidae,Acanthaluteres,vittiger,Toothbrush Leatherjacket,<i>Acanthaluteres vittiger</i><br>(Toothbrush Leatherjacket),0,0,0,0,0,0,0
m1_fish,M1 fish,region,Fleurieu,Fleurieu,Bloom 2026-05,4,Monacanthidae__Brachaluteres__jacksonianus,Monacanthidae Brachaluteres jacksonianus,Actinopterygii,Monacanthidae,Brachaluteres,jacksonianus,Southern Pygmy Leatherjacket,<i>Brachaluteres jacksonianus</i><br>(Southern Pygmy Leatherjacket),0,0,0,0,0,0,0
m1_fish,M1 fish,region,Fleurieu,Fleurieu,Bloom 2026-05,4,Monacanthidae__Eubalichthys__gunnii,Monacanthidae Eubalichthys gunnii,Actinopterygii,Monacanthidae,Eubalichthys,gunnii,Gunn's Leatherjacket,<i>Eubalichthys gunnii</i><br>(Gunn's Leatherjacket),0,0,0,0,0,0,0
m1_fish,M1 fish,region,Fleurieu,Fleurieu,Bloom 2026-05,4,Monacanthidae__Eubalichthys__mosaicus,Monacanthidae Eubalichthys mosaicus,Actinopterygii,Monacanthidae,Eubalichthys,mosaicus,Mosaic Leatherjacket,<i>Eubalichthys mosaicus</i><br>(Mosaic Leatherjacket),0,0,0,0,0,0,0
m1_fish,M1 fish,region,Fleurieu,Fleurieu,Bloom 2026-05,4,Monacanthidae__Meuschenia__flavolineata,Monacanthidae Meuschenia flavolineata,Actinopterygii,Monacanthidae,Meuschenia,flavolineata,Yellowstriped Leatherjacket,<i>Meuschenia flavolineata</i><br>(Yellowstriped Leatherjacket),0,0,0,0,0,0,0
m1_fish,M1 fish,region,Fleurieu,Fleurieu,Bloom 2026-05,4,Monacanthidae__Meuschenia__freycineti,Monacanthidae Meuschenia freycineti,Actinopterygii,Monacanthidae,Meuschenia,freycineti,Sixspine Leatherjacket,<i>Meuschenia freycineti</i><br>(Sixspine Leatherjacket),0,0,0,0,0,0,0
m1_fish,M1 fish,region,Fleurieu,Fleurieu,Bloom 2026-05,4,Monacanthidae__Meuschenia__galii,Monacanthidae Meuschenia galii,Actinopterygii,Monacanthidae,Meuschenia,galii,Bluelined Leatherjacket,<i>Meuschenia galii</i><br>(Bluelined Leatherjacket),0,0,0,0,0,0,0
m1_fish,M1 fish,region,Fleurieu,Fleurieu,Bloom 2026-05,4,Monacanthidae__Meuschenia__hippocrepis,Monacanthidae Meuschenia hippocrepis,Actinopterygii,Monacanthidae,Meuschenia,hippocrepis,Horseshoe Leatherjacket,<i>Meuschenia hippocrepis</i><br>(Horseshoe Leatherjacket),2,4,10,50,25,1,0.7071067811865476
m1_fish,M1 fish,region,Fleurieu,Fleurieu,Bloom 2026-05,4,Monacanthidae__Meuschenia__venusta,Monacanthidae Meuschenia venusta,Actinopterygii,Monacanthidae,Meuschenia,venusta,Stars-and-stripes Leatherjacket,<i>Meuschenia venusta</i><br>(Stars-and-stripes Leatherjacket),0,0,0,0,0,0,0
m1_fish,M1 fish,region,Fleurieu,Fleurieu,Bloom 2026-05,4,Monacanthidae__Scobinichthys__granulatus,Monacanthidae Scobinichthys granulatus,Actinopterygii,Monacanthidae,Scobinichthys,granulatus,Rough Leatherjacket,<i>Scobinichthys granulatus</i><br>(Rough Leatherjacket),0,0,0,0,0,0,0
m1_fish,M1 fish,region,Fleurieu,Fleurieu,Bloom 2026-05,4,Monacanthidae__Thamnaconus__degeni,Monacanthidae Thamnaconus degeni,Actinopterygii,Monacanthidae,Thamnaconus,degeni,Bluefin Leatherjacket,<i>Thamnaconus degeni</i><br>(Bluefin Leatherjacket),0,0,0,0,0,0,0
m1_fish,M1 fish,region,Fleurieu,Fleurieu,Bloom 2026-05,4,Mullidae__Upeneichthys__vlamingii,Mullidae Upeneichthys vlamingii,Actinopterygii,Mullidae,Upeneichthys,vlamingii,Bluespotted Goatfish,<i>Upeneichthys vlamingii</i><br>(Bluespotted Goatfish),0,0,0,0,0,0,0
m1_fish,M1 fish,region,Fleurieu,Fleurieu,Bloom 2026-05,4,Myliobatidae__Myliobatis__tenuicaudatus,Myliobatidae Myliobatis tenuicaudatus,Elasmobranchii,Myliobatidae,Myliobatis,tenuicaudatus,Southern Eagle Ray,<i>Myliobatis tenuicaudatus</i><br>(Southern Eagle Ray),0,0,0,0,0,0,0
m1_fish,M1 fish,region,Fleurieu,Fleurieu,Bloom 2026-05,4,Ophiclinidae__Ophiclinus__spp,Ophiclinidae Ophiclinus spp,Actinopterygii,Ophiclinidae,Ophiclinus,spp,NA,<i>Ophiclinus spp</i>,0,0,0,0,0,0,0
m1_fish,M1 fish,region,Fleurieu,Fleurieu,Bloom 2026-05,4,Parascylliidae__Parascyllium__ferrugineum,Parascylliidae Parascyllium ferrugineum,Elasmobranchii,Parascylliidae,Parascyllium,ferrugineum,Rusty Carpetshark,<i>Parascyllium ferrugineum</i><br>(Rusty Carpetshark),0,0,0,0,0,0,0
m1_fish,M1 fish,region,Fleurieu,Fleurieu,Bloom 2026-05,4,Parascylliidae__Parascyllium__variolatum,Parascylliidae Parascyllium variolatum,Elasmobranchii,Parascylliidae,Parascyllium,variolatum,Varied Carpetshark,<i>Parascyllium variolatum</i><br>(Varied Carpetshark),0,0,0,0,0,0,0
m1_fish,M1 fish,region,Fleurieu,Fleurieu,Bloom 2026-05,4,Pataecidae__Aetapcus__maculatus,Pataecidae Aetapcus maculatus,Actinopterygii,Pataecidae,Aetapcus,maculatus,Warty Prowfish,<i>Aetapcus maculatus</i><br>(Warty Prowfish),0,0,0,0,0,0,0
m1_fish,M1 fish,region,Fleurieu,Fleurieu,Bloom 2026-05,4,Pempherididae__Parapriacanthus__elongatus,Pempherididae Parapriacanthus elongatus,Actinopterygii,Pempherididae,Parapriacanthus,elongatus,Elongate Bullseye,<i>Parapriacanthus elongatus</i><br>(Elongate Bullseye),0,0,0,0,0,0,0
m1_fish,M1 fish,region,Fleurieu,Fleurieu,Bloom 2026-05,4,Pempherididae__Pempheris__klunzingeri,Pempherididae Pempheris klunzingeri,Actinopterygii,Pempherididae,Pempheris,klunzingeri,Rough Bullseye,<i>Pempheris klunzingeri</i><br>(Rough Bullseye),0,0,0,0,0,0,0
m1_fish,M1 fish,region,Fleurieu,Fleurieu,Bloom 2026-05,4,Pempherididae__Pempheris__multiradiata,Pempherididae Pempheris multiradiata,Actinopterygii,Pempherididae,Pempheris,multiradiata,Bigscale Bullseye,<i>Pempheris multiradiata</i><br>(Bigscale Bullseye),0,0,0,0,0,0,0
m1_fish,M1 fish,region,Fleurieu,Fleurieu,Bloom 2026-05,4,Pempherididae__Pempheris__ornata,Pempherididae Pempheris ornata,Actinopterygii,Pempherididae,Pempheris,ornata,Orangelined Bullseye,<i>Pempheris ornata</i><br>(Orangelined Bullseye),0,0,0,0,0,0,0
m1_fish,M1 fish,region,Fleurieu,Fleurieu,Bloom 2026-05,4,Pempherididae__Pempheris__spp,Pempherididae Pempheris spp,Actinopterygii,Pempherididae,Pempheris,spp,NA,<i>Pempheris spp</i>,0,0,0,0,0,0,0
m1_fish,M1 fish,region,Fleurieu,Fleurieu,Bloom 2026-05,4,Pentacerotidae__Pentaceropsis__recurvirostris,Pentacerotidae Pentaceropsis recurvirostris,Actinopterygii,Pentacerotidae,Pentaceropsis,recurvirostris,Longsnout Boarfish,<i>Pentaceropsis recurvirostris</i><br>(Longsnout Boarfish),0,0,0,0,0,0,0
m1_fish,M1 fish,region,Fleurieu,Fleurieu,Bloom 2026-05,4,Pinguipedidae__Parapercis__haackei,Pinguipedidae Parapercis haackei,Actinopterygii,Pinguipedidae,Parapercis,haackei,Wavy Grubfish,<i>Parapercis haackei</i><br>(Wavy Grubfish),0,0,0,0,0,0,0
m1_fish,M1 fish,region,Fleurieu,Fleurieu,Bloom 2026-05,4,Pinguipedidae__Parapercis__ramsayi,Pinguipedidae Parapercis ramsayi,Actinopterygii,Pinguipedidae,Parapercis,ramsayi,Spotted Grubfish,<i>Parapercis ramsayi</i><br>(Spotted Grubfish),0,0,0,0,0,0,0
m1_fish,M1 fish,region,Fleurieu,Fleurieu,Bloom 2026-05,4,Platycephalidae__Leviprora__inops,Platycephalidae Leviprora inops,Actinopterygii,Platycephalidae,Leviprora,inops,Longhead Flathead,<i>Leviprora inops</i><br>(Longhead Flathead),0,0,0,0,0,0,0
m1_fish,M1 fish,region,Fleurieu,Fleurieu,Bloom 2026-05,4,Platycephalidae__Platycephalus__laevigatus,Platycephalidae Platycephalus laevigatus,Actinopterygii,Platycephalidae,Platycephalus,laevigatus,Rock Flathead,<i>Platycephalus laevigatus</i><br>(Rock Flathead),0,0,0,0,0,0,0
m1_fish,M1 fish,region,Fleurieu,Fleurieu,Bloom 2026-05,4,Platycephalidae__Platycephalus__speculator,Platycephalidae Platycephalus speculator,Actinopterygii,Platycephalidae,Platycephalus,speculator,Southern Bluespotted Flathead,<i>Platycephalus speculator</i><br>(Southern Bluespotted Flathead),0,0,0,0,0,0,0
m1_fish,M1 fish,region,Fleurieu,Fleurieu,Bloom 2026-05,4,Plesiopidae__Paraplesiops__meleagris,Plesiopidae Paraplesiops meleagris,Actinopterygii,Plesiopidae,Paraplesiops,meleagris,Southern Blue Devil,<i>Paraplesiops meleagris</i><br>(Southern Blue Devil),0,0,0,0,0,0,0
m1_fish,M1 fish,region,Fleurieu,Fleurieu,Bloom 2026-05,4,Plesiopidae__Trachinops__caudimaculatus,Plesiopidae Trachinops caudimaculatus,Actinopterygii,Plesiopidae,Trachinops,caudimaculatus,Southern Hulafish,<i>Trachinops caudimaculatus</i><br>(Southern Hulafish),0,0,0,0,0,0,0
m1_fish,M1 fish,region,Fleurieu,Fleurieu,Bloom 2026-05,4,Plesiopidae__Trachinops__noarlungae,Plesiopidae Trachinops noarlungae,Actinopterygii,Plesiopidae,Trachinops,noarlungae,Yellowhead Hulafish,<i>Trachinops noarlungae</i><br>(Yellowhead Hulafish),0,0,0,0,0,0,0
m1_fish,M1 fish,region,Fleurieu,Fleurieu,Bloom 2026-05,4,Plotosidae__Cnidoglanis__macrocephalus,Plotosidae Cnidoglanis macrocephalus,Actinopterygii,Plotosidae,Cnidoglanis,macrocephalus,Estuary Cobbler,<i>Cnidoglanis macrocephalus</i><br>(Estuary Cobbler),0,0,0,0,0,0,0
m1_fish,M1 fish,region,Fleurieu,Fleurieu,Bloom 2026-05,4,Pomacentridae__Parma__victoriae,Pomacentridae Parma victoriae,Actinopterygii,Pomacentridae,Parma,victoriae,Scalyfin,<i>Parma victoriae</i><br>(Scalyfin),1,1,1,25,21.650635094610966,0.25,0.25
m1_fish,M1 fish,region,Fleurieu,Fleurieu,Bloom 2026-05,4,Scombridae__Scomber__australasicus,Scombridae Scomber australasicus,Actinopterygii,Scombridae,Scomber,australasicus,Blue Mackerel,<i>Scomber australasicus</i><br>(Blue Mackerel),0,0,0,0,0,0,0
m1_fish,M1 fish,region,Fleurieu,Fleurieu,Bloom 2026-05,4,Scorpididae__Scorpis__aequipinnis,Scorpididae Scorpis aequipinnis,Actinopterygii,Scorpididae,Scorpis,aequipinnis,Sea Sweep,<i>Scorpis aequipinnis</i><br>(Sea Sweep),3,12.5,88.25,75,21.650635094610966,3.125,2.0245884355427237
m1_fish,M1 fish,region,Fleurieu,Fleurieu,Bloom 2026-05,4,Scorpididae__Scorpis__georgiana,Scorpididae Scorpis georgiana,Actinopterygii,Scorpididae,Scorpis,georgiana,Banded Sweep,<i>Scorpis georgiana</i><br>(Banded Sweep),0,0,0,0,0,0,0
m1_fish,M1 fish,region,Fleurieu,Fleurieu,Bloom 2026-05,4,Scorpididae__Scorpis__lineolata,Scorpididae Scorpis lineolata,Actinopterygii,Scorpididae,Scorpis,lineolata,Silver Sweep,<i>Scorpis lineolata</i><br>(Silver Sweep),1,3.5,12.25,25,21.650635094610966,0.875,0.875
m1_fish,M1 fish,region,Fleurieu,Fleurieu,Bloom 2026-05,4,Serranidae__Caesioperca__rasor,Serranidae Caesioperca rasor,Actinopterygii,Serranidae,Caesioperca,rasor,Barber Perch,<i>Caesioperca rasor</i><br>(Barber Perch),0,0,0,0,0,0,0
m1_fish,M1 fish,region,Fleurieu,Fleurieu,Bloom 2026-05,4,Serranidae__Hypoplectrodes__nigroruber,Serranidae Hypoplectrodes nigroruber,Actinopterygii,Serranidae,Hypoplectrodes,nigroruber,Banded Seaperch,<i>Hypoplectrodes nigroruber</i><br>(Banded Seaperch),0,0,0,0,0,0,0
m1_fish,M1 fish,region,Fleurieu,Fleurieu,Bloom 2026-05,4,Serranidae__Othos__dentex,Serranidae Othos dentex,Actinopterygii,Serranidae,Othos,dentex,Harlequin Fish,<i>Othos dentex</i><br>(Harlequin Fish),0,0,0,0,0,0,0
m1_fish,M1 fish,region,Fleurieu,Fleurieu,Bloom 2026-05,4,Sillaginidae__Sillaginidae__spp,Sillaginidae Unknown spp,Actinopterygii,Sillaginidae,Sillaginidae,spp,NA,<i>Sillaginidae spp</i>,0,0,0,0,0,0,0
m1_fish,M1 fish,region,Fleurieu,Fleurieu,Bloom 2026-05,4,Sillaginidae__Sillaginodes__punctatus,Sillaginidae Sillaginodes punctatus,Actinopterygii,Sillaginidae,Sillaginodes,punctatus,King George Whiting,<i>Sillaginodes punctatus</i><br>(King George Whiting),0,0,0,0,0,0,0
m1_fish,M1 fish,region,Fleurieu,Fleurieu,Bloom 2026-05,4,Sparidae__Acanthopagrus__butcheri,Sparidae Acanthopagrus butcheri,Actinopterygii,Sparidae,Acanthopagrus,butcheri,Black Bream,<i>Acanthopagrus butcheri</i><br>(Black Bream),0,0,0,0,0,0,0
m1_fish,M1 fish,region,Fleurieu,Fleurieu,Bloom 2026-05,4,Sparidae__Chrysophrys__auratus,Sparidae Chrysophrys auratus,Actinopterygii,Sparidae,Chrysophrys,auratus,Snapper,<i>Chrysophrys auratus</i><br>(Snapper),0,0,0,0,0,0,0
m1_fish,M1 fish,region,Fleurieu,Fleurieu,Bloom 2026-05,4,Sphyraenidae__Sphyraena__novaehollandiae,Sphyraenidae Sphyraena novaehollandiae,Actinopterygii,Sphyraenidae,Sphyraena,novaehollandiae,Snook,<i>Sphyraena novaehollandiae</i><br>(Snook),0,0,0,0,0,0,0
m1_fish,M1 fish,region,Fleurieu,Fleurieu,Bloom 2026-05,4,Syngnathidae__Phycodurus__eques,Syngnathidae Phycodurus eques,Actinopterygii,Syngnathidae,Phycodurus,eques,Leafy Seadragon,<i>Phycodurus eques</i><br>(Leafy Seadragon),0,0,0,0,0,0,0
m1_fish,M1 fish,region,Fleurieu,Fleurieu,Bloom 2026-05,4,Syngnathidae__Phyllopteryx__taeniolatus,Syngnathidae Phyllopteryx taeniolatus,Actinopterygii,Syngnathidae,Phyllopteryx,taeniolatus,Common Seadragon,<i>Phyllopteryx taeniolatus</i><br>(Common Seadragon),0,0,0,0,0,0,0
m1_fish,M1 fish,region,Fleurieu,Fleurieu,Bloom 2026-05,4,Syngnathidae__Pugnaso__curtirostris,Syngnathidae Pugnaso curtirostris,Actinopterygii,Syngnathidae,Pugnaso,curtirostris,Pugnose Pipefish,<i>Pugnaso curtirostris</i><br>(Pugnose Pipefish),0,0,0,0,0,0,0
m1_fish,M1 fish,region,Fleurieu,Fleurieu,Bloom 2026-05,4,Terapontidae__Helotes__octolineatus,Terapontidae Helotes octolineatus,Actinopterygii,Terapontidae,Helotes,octolineatus,NA,<i>Helotes octolineatus</i>,0,0,0,0,0,0,0
m1_fish,M1 fish,region,Fleurieu,Fleurieu,Bloom 2026-05,4,Tetraodontidae__Omegophora__armilla,Tetraodontidae Omegophora armilla,Actinopterygii,Tetraodontidae,Omegophora,armilla,Ringed Toadfish,<i>Omegophora armilla</i><br>(Ringed Toadfish),0,0,0,0,0,0,0
m1_fish,M1 fish,region,Fleurieu,Fleurieu,Bloom 2026-05,4,Tetraodontidae__Omegophora__cyanopunctata,Tetraodontidae Omegophora cyanopunctata,Actinopterygii,Tetraodontidae,Omegophora,cyanopunctata,Bluespotted Toadfish,<i>Omegophora cyanopunctata</i><br>(Bluespotted Toadfish),0,0,0,0,0,0,0
m1_fish,M1 fish,region,Fleurieu,Fleurieu,Bloom 2026-05,4,Tetraodontidae__Tetractenos__glaber,Tetraodontidae Tetractenos glaber,Actinopterygii,Tetraodontidae,Tetractenos,glaber,Smooth Toadfish,<i>Tetractenos glaber</i><br>(Smooth Toadfish),0,0,0,0,0,0,0
m1_fish,M1 fish,region,Fleurieu,Fleurieu,Bloom 2026-05,4,Tetraodontidae__Torquigener__pleurogramma,Tetraodontidae Torquigener pleurogramma,Actinopterygii,Tetraodontidae,Torquigener,pleurogramma,Weeping Toadfish,<i>Torquigener pleurogramma</i><br>(Weeping Toadfish),0,0,0,0,0,0,0
m1_fish,M1 fish,region,Fleurieu,Fleurieu,Bloom 2026-05,4,Trachichthyidae__Trachichthys__australis,Trachichthyidae Trachichthys australis,Actinopterygii,Trachichthyidae,Trachichthys,australis,Southern Roughy,<i>Trachichthys australis</i><br>(Southern Roughy),0,0,0,0,0,0,0
m1_fish,M1 fish,region,Fleurieu,Fleurieu,Bloom 2026-05,4,Tripterygiidae__Helcogramma__decurrens,Tripterygiidae Helcogramma decurrens,Actinopterygii,Tripterygiidae,Helcogramma,decurrens,Blackthroat Threefin,<i>Helcogramma decurrens</i><br>(Blackthroat Threefin),0,0,0,0,0,0,0
m1_fish,M1 fish,region,Fleurieu,Fleurieu,Bloom 2026-05,4,Tripterygiidae__Trinorfolkia__clarkei,Tripterygiidae Trinorfolkia clarkei,Actinopterygii,Tripterygiidae,Trinorfolkia,clarkei,Clark's Threefin,<i>Trinorfolkia clarkei</i><br>(Clark's Threefin),0,0,0,0,0,0,0
m1_fish,M1 fish,region,Fleurieu,Fleurieu,Bloom 2026-05,4,Tripterygiidae__Trinorfolkia__cristata,Tripterygiidae Trinorfolkia cristata,Actinopterygii,Tripterygiidae,Trinorfolkia,cristata,Crested Threefin,<i>Trinorfolkia cristata</i><br>(Crested Threefin),0,0,0,0,0,0,0
m1_fish,M1 fish,region,Fleurieu,Fleurieu,Bloom 2026-05,4,Tripterygiidae__Tripterygiidae__spp,Tripterygiidae Unknown spp,Actinopterygii,Tripterygiidae,Tripterygiidae,spp,NA,<i>Tripterygiidae spp</i>,0,0,0,0,0,0,0
m1_fish,M1 fish,region,Fleurieu,Fleurieu,Bloom 2026-05,4,Trygonorrhinidae__Aptychotrema__vincentiana,Trygonorrhinidae Aptychotrema vincentiana,Elasmobranchii,Trygonorrhinidae,Aptychotrema,vincentiana,Western Shovelnose Ray,<i>Aptychotrema vincentiana</i><br>(Western Shovelnose Ray),0,0,0,0,0,0,0
m1_fish,M1 fish,region,Fleurieu,Fleurieu,Bloom 2026-05,4,Trygonorrhinidae__Trygonorrhina__fasciata,Trygonorrhinidae Trygonorrhina fasciata,Elasmobranchii,Trygonorrhinidae,Trygonorrhina,fasciata,Eastern Fiddler Ray,<i>Trygonorrhina fasciata</i><br>(Eastern Fiddler Ray),0,0,0,0,0,0,0
m1_fish,M1 fish,region,Fleurieu,Fleurieu,Bloom 2026-05,4,Urolophidae__Urolophus__spp,Urolophidae Urolophus spp,Elasmobranchii,Urolophidae,Urolophus,spp,NA,<i>Urolophus spp</i>,0,0,0,0,0,0,0
m1_fish,M1 fish,region,Fleurieu,Fleurieu,Pre-bloom,808,Antennariidae__Rhycherus__filamentosus,Antennariidae Rhycherus filamentosus,Actinopterygii,Antennariidae,Rhycherus,filamentosus,Tasselled Anglerfish,<i>Rhycherus filamentosus</i><br>(Tasselled Anglerfish),0,0,0,0,0,0,0
m1_fish,M1 fish,region,Fleurieu,Fleurieu,Pre-bloom,808,Aplodactylidae__Aplodactylus__arctidens,Aplodactylidae Aplodactylus arctidens,Actinopterygii,Aplodactylidae,Aplodactylus,arctidens,Marblefish,<i>Aplodactylus arctidens</i><br>(Marblefish),1,0.5,0.25,0.12376237623762376,0.12368576689804056,6.188118811881188e-4,6.188118811881188e-4
m1_fish,M1 fish,region,Fleurieu,Fleurieu,Pre-bloom,808,Aplodactylidae__Aplodactylus__westralis,Aplodactylidae Aplodactylus westralis,Actinopterygii,Aplodactylidae,Aplodactylus,westralis,Western Seacarp,<i>Aplodactylus westralis</i><br>(Western Seacarp),1,0.5,0.25,0.12376237623762376,0.12368576689804056,6.188118811881188e-4,6.188118811881188e-4
m1_fish,M1 fish,region,Fleurieu,Fleurieu,Pre-bloom,808,Apogonidae__Ostorhinchus__victoriae,Apogonidae Ostorhinchus victoriae,Actinopterygii,Apogonidae,Ostorhinchus,victoriae,Western Striped Cardinalfish,<i>Ostorhinchus victoriae</i><br>(Western Striped Cardinalfish),1,1.5,2.25,0.12376237623762376,0.12368576689804056,0.0018564356435643563,0.0018564356435643566
m1_fish,M1 fish,region,Fleurieu,Fleurieu,Pre-bloom,808,Apogonidae__Siphamia__cephalotes,Apogonidae Siphamia cephalotes,Actinopterygii,Apogonidae,Siphamia,cephalotes,Wood's Siphonfish,<i>Siphamia cephalotes</i><br>(Wood's Siphonfish),232,7589,1191031.5,28.712871287128714,1.5916156213392578,9.392326732673267,1.3104446896440398
m1_fish,M1 fish,region,Fleurieu,Fleurieu,Pre-bloom,808,Apogonidae__Vincentia__conspersa,Apogonidae Vincentia conspersa,Actinopterygii,Apogonidae,Vincentia,conspersa,Southern Cardinalfish,<i>Vincentia conspersa</i><br>(Southern Cardinalfish),2,1,0.5,0.24752475247524752,0.17480967990548874,0.0012376237623762376,8.745897736267509e-4
m1_fish,M1 fish,region,Fleurieu,Fleurieu,Pre-bloom,808,Aracanidae__Anoplocapros__amygdaloides,Aracanidae Anoplocapros amygdaloides,Actinopterygii,Aracanidae,Anoplocapros,amygdaloides,Western Smooth Boxfish,<i>Anoplocapros amygdaloides</i><br>(Western Smooth Boxfish),0,0,0,0,0,0,0
m1_fish,M1 fish,region,Fleurieu,Fleurieu,Pre-bloom,808,Aracanidae__Anoplocapros__lenticularis,Aracanidae Anoplocapros lenticularis,Actinopterygii,Aracanidae,Anoplocapros,lenticularis,Whitebarred Boxfish,<i>Anoplocapros lenticularis</i><br>(Whitebarred Boxfish),2,1,0.5,0.24752475247524752,0.17480967990548874,0.0012376237623762376,8.745897736267509e-4
m1_fish,M1 fish,region,Fleurieu,Fleurieu,Pre-bloom,808,Aracanidae__Aracana__aurita,Aracanidae Aracana aurita,Actinopterygii,Aracanidae,Aracana,aurita,Shaw's Cowfish,<i>Aracana aurita</i><br>(Shaw's Cowfish),3,1.5,0.75,0.3712871287128713,0.21396440303589986,0.0018564356435643563,0.0010704846488851388
m1_fish,M1 fish,region,Fleurieu,Fleurieu,Pre-bloom,808,Aracanidae__Aracana__ornata,Aracanidae Aracana ornata,Actinopterygii,Aracanidae,Aracana,ornata,Ornate Cowfish,<i>Aracana ornata</i><br>(Ornate Cowfish),2,1,0.5,0.24752475247524752,0.17480967990548874,0.0012376237623762376,8.745897736267509e-4
m1_fish,M1 fish,region,Fleurieu,Fleurieu,Pre-bloom,808,Arripidae__Arripis__georgianus,Arripidae Arripis georgianus,Actinopterygii,Arripidae,Arripis,georgianus,Australian Herring,<i>Arripis georgianus</i><br>(Australian Herring),15,42.5,459.25,1.8564356435643565,0.47485955591494305,0.0525990099009901,0.026474182720475595
m1_fish,M1 fish,region,Fleurieu,Fleurieu,Pre-bloom,808,Arripidae__Arripis__spp,Arripidae Arripis spp,Actinopterygii,Arripidae,Arripis,spp,NA,<i>Arripis spp</i>,1,10,100,0.12376237623762376,0.12368576689804056,0.012376237623762377,0.012376237623762377
m1_fish,M1 fish,region,Fleurieu,Fleurieu,Pre-bloom,808,Arripidae__Arripis__truttaceus,Arripidae Arripis truttaceus,Actinopterygii,Arripidae,Arripis,truttaceus,Western Australian Salmon,<i>Arripis truttaceus</i><br>(Western Australian Salmon),8,536,72133.5,0.9900990099009901,0.3483156162031148,0.6633663366336634,0.3317821629869766
m1_fish,M1 fish,region,Fleurieu,Fleurieu,Pre-bloom,808,Atherinidae__Atherinidae__spp,Atherinidae Unknown spp,Actinopterygii,Atherinidae,Atherinidae,spp,NA,<i>Atherinidae spp</i>,2,26,626,0.24752475247524752,0.17480967990548874,0.03217821782178218,0.03096380421846576
m1_fish,M1 fish,region,Fleurieu,Fleurieu,Pre-bloom,808,Berycidae__Centroberyx__gerrardi,Berycidae Centroberyx gerrardi,Actinopterygii,Berycidae,Centroberyx,gerrardi,Bight Redfish,<i>Centroberyx gerrardi</i><br>(Bight Redfish),1,0.5,0.25,0.12376237623762376,0.12368576689804056,6.188118811881188e-4,6.188118811881188e-4
m1_fish,M1 fish,region,Fleurieu,Fleurieu,Pre-bloom,808,Berycidae__Centroberyx__lineatus,Berycidae Centroberyx lineatus,Actinopterygii,Berycidae,Centroberyx,lineatus,Swallowtail,<i>Centroberyx lineatus</i><br>(Swallowtail),0,0,0,0,0,0,0
m1_fish,M1 fish,region,Fleurieu,Fleurieu,Pre-bloom,808,Bovichtidae__Bovichtus__angustifrons,Bovichtidae Bovichtus angustifrons,Actinopterygii,Bovichtidae,Bovichtus,angustifrons,Dragonet,<i>Bovichtus angustifrons</i><br>(Dragonet),2,1,0.5,0.24752475247524752,0.17480967990548874,0.0012376237623762376,8.745897736267509e-4
m1_fish,M1 fish,region,Fleurieu,Fleurieu,Pre-bloom,808,Callionymidae__Eocallionymus__papilio,Callionymidae Eocallionymus papilio,Actinopterygii,Callionymidae,Eocallionymus,papilio,Painted Stinkfish,<i>Eocallionymus papilio</i><br>(Painted Stinkfish),6,3.5,2.25,0.7425742574257426,0.3020269995118602,0.004331683168316832,0.0018513165502860103
m1_fish,M1 fish,region,Fleurieu,Fleurieu,Pre-bloom,808,Carangidae__Pseudocaranx__spp,Carangidae Pseudocaranx spp,Actinopterygii,Carangidae,Pseudocaranx,spp,NA,<i>Pseudocaranx spp</i>,17,143,5099.5,2.103960396039604,0.5048887121958597,0.17698019801980197,0.08821470643216263
m1_fish,M1 fish,region,Fleurieu,Fleurieu,Pre-bloom,808,Carangidae__Seriola__lalandi,Carangidae Seriola lalandi,Actinopterygii,Carangidae,Seriola,lalandi,Yellowtail Kingfish,<i>Seriola lalandi</i><br>(Yellowtail Kingfish),1,0.5,0.25,0.12376237623762376,0.12368576689804056,6.188118811881188e-4,6.188118811881188e-4
m1_fish,M1 fish,region,Fleurieu,Fleurieu,Pre-bloom,808,Carangidae__Trachurus__novaezelandiae,Carangidae Trachurus novaezelandiae,Actinopterygii,Carangidae,Trachurus,novaezelandiae,Yellowtail Scad,<i>Trachurus novaezelandiae</i><br>(Yellowtail Scad),1,4,16,0.12376237623762376,0.12368576689804056,0.0049504950495049506,0.0049504950495049506
m1_fish,M1 fish,region,Fleurieu,Fleurieu,Pre-bloom,808,Chaetodontidae__Chelmonops__curiosus,Chaetodontidae Chelmonops curiosus,Actinopterygii,Chaetodontidae,Chelmonops,curiosus,Western Talma,<i>Chelmonops curiosus</i><br>(Western Talma),370,453,937.5,45.79207920792079,1.7527536336453324,0.5606435643564357,0.032376944061823475
m1_fish,M1 fish,region,Fleurieu,Fleurieu,Pre-bloom,808,Cheilodactylidae__Cheilodactylus__nigripes,Cheilodactylidae Cheilodactylus nigripes,Actinopterygii,Cheilodactylidae,Cheilodactylus,nigripes,Magpie Perch,<i>Cheilodactylus nigripes</i><br>(Magpie Perch),680,1192,2978.5,84.15841584158416,1.2845245235015934,1.4752475247524752,0.04325520242112318
m1_fish,M1 fish,region,Fleurieu,Fleurieu,Pre-bloom,808,Cheilodactylidae__Cheilodactylus__spectabilis,Cheilodactylidae Cheilodactylus spectabilis,Actinopterygii,Cheilodactylidae,Cheilodactylus,spectabilis,Banded Morwong,<i>Cheilodactylus spectabilis</i><br>(Banded Morwong),2,1,0.5,0.24752475247524752,0.17480967990548874,0.0012376237623762376,8.745897736267509e-4
m1_fish,M1 fish,region,Fleurieu,Fleurieu,Pre-bloom,808,Cheilodactylidae__Dactylophora__nigricans,Cheilodactylidae Dactylophora nigricans,Actinopterygii,Cheilodactylidae,Dactylophora,nigricans,Dusky Morwong,<i>Dactylophora nigricans</i><br>(Dusky Morwong),242,194.5,232.25,29.95049504950495,1.6113832963551438,0.2407178217821782,0.01686351101719094
m1_fish,M1 fish,region,Fleurieu,Fleurieu,Pre-bloom,808,Cheilodactylidae__Nemadactylus__valenciennesi,Cheilodactylidae Nemadactylus valenciennesi,Actinopterygii,Cheilodactylidae,Nemadactylus,valenciennesi,Blue Morwong,<i>Nemadactylus valenciennesi</i><br>(Blue Morwong),2,1,0.5,0.24752475247524752,0.17480967990548874,0.0012376237623762376,8.745897736267509e-4
m1_fish,M1 fish,region,Fleurieu,Fleurieu,Pre-bloom,808,Chironemidae__Chironemus__georgianus,Chironemidae Chironemus georgianus,Actinopterygii,Chironemidae,Chironemus,georgianus,Western Kelpfish,<i>Chironemus georgianus</i><br>(Western Kelpfish),0,0,0,0,0,0,0
m1_fish,M1 fish,region,Fleurieu,Fleurieu,Pre-bloom,808,Chironemidae__Chironemus__maculosus,Chironemidae Chironemus maculosus,Actinopterygii,Chironemidae,Chironemus,maculosus,Silver Spot,<i>Chironemus maculosus</i><br>(Silver Spot),0,0,0,0,0,0,0
m1_fish,M1 fish,region,Fleurieu,Fleurieu,Pre-bloom,808,Clinidae__Heteroclinus__spp,Clinidae Heteroclinus spp,Actinopterygii,Clinidae,Heteroclinus,spp,NA,<i>Heteroclinus spp</i>,1,0.5,0.25,0.12376237623762376,0.12368576689804056,6.188118811881188e-4,6.188118811881188e-4
m1_fish,M1 fish,region,Fleurieu,Fleurieu,Pre-bloom,808,Clupeidae__Clupeidae__spp,Clupeidae Unknown spp,Actinopterygii,Clupeidae,Clupeidae,spp,NA,<i>Clupeidae spp</i>,8,745.5,188177.75,0.9900990099009901,0.3483156162031148,0.9226485148514851,0.5362243222316891
m1_fish,M1 fish,region,Fleurieu,Fleurieu,Pre-bloom,808,Clupeidae__Hyperlophus__vittatus,Clupeidae Hyperlophus vittatus,Actinopterygii,Clupeidae,Hyperlophus,vittatus,Sandy Sprat,<i>Hyperlophus vittatus</i><br>(Sandy Sprat),2,225,40625,0.24752475247524752,0.17480967990548874,0.2784653465346535,0.24941299709387277
m1_fish,M1 fish,region,Fleurieu,Fleurieu,Pre-bloom,808,Clupeidae__Spratelloides__robustus,Clupeidae Spratelloides robustus,Actinopterygii,Clupeidae,Spratelloides,robustus,Blue Sprat,<i>Spratelloides robustus</i><br>(Blue Sprat),3,502.5,206006.25,0.3712871287128713,0.21396440303589986,0.6219059405940595,0.5616530117208135
m1_fish,M1 fish,region,Fleurieu,Fleurieu,Pre-bloom,808,Dasyatidae__Bathytoshia__lata,Dasyatidae Bathytoshia lata,Elasmobranchii,Dasyatidae,Bathytoshia,lata,Black Stingray,<i>Bathytoshia lata</i><br>(Black Stingray),0,0,0,0,0,0,0
m1_fish,M1 fish,region,Fleurieu,Fleurieu,Pre-bloom,808,Dinolestidae__Dinolestes__lewini,Dinolestidae Dinolestes lewini,Actinopterygii,Dinolestidae,Dinolestes,lewini,Longfin Pike,<i>Dinolestes lewini</i><br>(Longfin Pike),131,1184.5,35856.75,16.212871287128714,1.2966206712159845,1.4659653465346534,0.2287515587784017
m1_fish,M1 fish,region,Fleurieu,Fleurieu,Pre-bloom,808,Diodontidae__Diodon__nicthemerus,Diodontidae Diodon nicthemerus,Actinopterygii,Diodontidae,Diodon,nicthemerus,Globefish,<i>Diodon nicthemerus</i><br>(Globefish),6,3.5,2.25,0.7425742574257426,0.3020269995118602,0.004331683168316832,0.0018513165502860103
m1_fish,M1 fish,region,Fleurieu,Fleurieu,Pre-bloom,808,Enoplosidae__Enoplosus__armatus,Enoplosidae Enoplosus armatus,Actinopterygii,Enoplosidae,Enoplosus,armatus,Old Wife,<i>Enoplosus armatus</i><br>(Old Wife),318,903.5,8949.75,39.35643564356435,1.7186781624196643,1.1181930693069306,0.11034511327487032
m1_fish,M1 fish,region,Fleurieu,Fleurieu,Pre-bloom,808,Gerreidae__Parequula__melbournensis,Gerreidae Parequula melbournensis,Actinopterygii,Gerreidae,Parequula,melbournensis,Silverbelly,<i>Parequula melbournensis</i><br>(Silverbelly),61,43.5,43.25,7.5495049504950495,0.9294117896910804,0.053836633663366336,0.00792067585942624
m1_fish,M1 fish,region,Fleurieu,Fleurieu,Pre-bloom,808,Girellidae__Girella__tricuspidata,Girellidae Girella tricuspidata,Actinopterygii,Girellidae,Girella,tricuspidata,Luderick,<i>Girella tricuspidata</i><br>(Luderick),0,0,0,0,0,0,0
m1_fish,M1 fish,region,Fleurieu,Fleurieu,Pre-bloom,808,Girellidae__Girella__zebra,Girellidae Girella zebra,Actinopterygii,Girellidae,Girella,zebra,Zebrafish,<i>Girella zebra</i><br>(Zebrafish),219,967.5,12726.75,27.103960396039604,1.5637332244012667,1.19740099009901,0.13319614574957628
m1_fish,M1 fish,region,Fleurieu,Fleurieu,Pre-bloom,808,Gobiesocidae__Gobiesocidae__spp,Gobiesocidae Unknown spp,Actinopterygii,Gobiesocidae,Gobiesocidae,spp,NA,<i>Gobiesocidae spp</i>,3,2,1.5,0.3712871287128713,0.21396440303589986,0.0024752475247524753,0.001514207311917408
m1_fish,M1 fish,region,Fleurieu,Fleurieu,Pre-bloom,808,Gobiidae__Gobiidae__spp,Gobiidae Unknown spp,Actinopterygii,Gobiidae,Gobiidae,spp,NA,<i>Gobiidae spp</i>,2,2,2,0.24752475247524752,0.17480967990548874,0.0024752475247524753,0.0017491795472535019
m1_fish,M1 fish,region,Fleurieu,Fleurieu,Pre-bloom,808,Gobiidae__Nesogobius__pulchellus,Gobiidae Nesogobius pulchellus,Actinopterygii,Gobiidae,Nesogobius,pulchellus,Sailfin Goby,<i>Nesogobius pulchellus</i><br>(Sailfin Goby),1,0.5,0.25,0.12376237623762376,0.12368576689804056,6.188118811881188e-4,6.188118811881188e-4
m1_fish,M1 fish,region,Fleurieu,Fleurieu,Pre-bloom,808,Heterodontidae__Heterodontus__portusjacksoni,Heterodontidae Heterodontus portusjacksoni,Elasmobranchii,Heterodontidae,Heterodontus,portusjacksoni,Port Jackson Shark,<i>Heterodontus portusjacksoni</i><br>(Port Jackson Shark),0,0,0,0,0,0,0
m1_fish,M1 fish,region,Fleurieu,Fleurieu,Pre-bloom,808,Hypnidae__Hypnos__monopterygius,Hypnidae Hypnos monopterygius,Elasmobranchii,Hypnidae,Hypnos,monopterygius,Coffin Ray,<i>Hypnos monopterygius</i><br>(Coffin Ray),1,0.5,0.25,0.12376237623762376,0.12368576689804056,6.188118811881188e-4,6.188118811881188e-4
m1_fish,M1 fish,region,Fleurieu,Fleurieu,Pre-bloom,808,Kyphosidae__Kyphosus__sydneyanus,Kyphosidae Kyphosus sydneyanus,Actinopterygii,Kyphosidae,Kyphosus,sydneyanus,Silver Drummer,<i>Kyphosus sydneyanus</i><br>(Silver Drummer),257,1334,30698.5,31.806930693069308,1.6384202988653975,1.650990099009901,0.20904996871661832
m1_fish,M1 fish,region,Fleurieu,Fleurieu,Pre-bloom,808,Labridae__Achoerodus__gouldii,Labridae Achoerodus gouldii,Actinopterygii,Labridae,Achoerodus,gouldii,Western Blue Groper,<i>Achoerodus gouldii</i><br>(Western Blue Groper),28,16.5,11.25,3.4653465346534653,0.643441807761499,0.02042079207920792,0.004091012087232397
m1_fish,M1 fish,region,Fleurieu,Fleurieu,Pre-bloom,808,Labridae__Austrolabrus__maculatus,Labridae Austrolabrus maculatus,Actinopterygii,Labridae,Austrolabrus,maculatus,Blackspotted Wrasse,<i>Austrolabrus maculatus</i><br>(Blackspotted Wrasse),543,1370,6649,67.20297029702971,1.6516035610792605,1.6955445544554455,0.08145280188057313
m1_fish,M1 fish,region,Fleurieu,Fleurieu,Pre-bloom,808,Labridae__Dotalabrus__aurantiacus,Labridae Dotalabrus aurantiacus,Actinopterygii,Labridae,Dotalabrus,aurantiacus,Castelnau's Wrasse,<i>Dotalabrus aurantiacus</i><br>(Castelnau's Wrasse),380,367,494.5,47.02970297029703,1.7558873160816464,0.4542079207920792,0.02242155857545694
m1_fish,M1 fish,region,Fleurieu,Fleurieu,Pre-bloom,808,Labridae__Eupetrichthys__angustipes,Labridae Eupetrichthys angustipes,Actinopterygii,Labridae,Eupetrichthys,angustipes,Snakeskin Wrasse,<i>Eupetrichthys angustipes</i><br>(Snakeskin Wrasse),6,3.5,2.25,0.7425742574257426,0.3020269995118602,0.004331683168316832,0.0018513165502860103
m1_fish,M1 fish,region,Fleurieu,Fleurieu,Pre-bloom,808,Labridae__Haletta__semifasciata,Labridae Haletta semifasciata,Actinopterygii,Labridae,Haletta,semifasciata,Blue Weed Whiting,<i>Haletta semifasciata</i><br>(Blue Weed Whiting),0,0,0,0,0,0,0
m1_fish,M1 fish,region,Fleurieu,Fleurieu,Pre-bloom,808,Labridae__Heteroscarus__acroptilus,Labridae Heteroscarus acroptilus,Actinopterygii,Labridae,Heteroscarus,acroptilus,Rainbow Cale,<i>Heteroscarus acroptilus</i><br>(Rainbow Cale),177,115,96,21.905940594059405,1.455071289675857,0.14232673267326731,0.011051024071520803
m1_fish,M1 fish,region,Fleurieu,Fleurieu,Pre-bloom,808,Labridae__Neoodax__balteatus,Labridae Neoodax balteatus,Actinopterygii,Labridae,Neoodax,balteatus,Little Weed Whiting,<i>Neoodax balteatus</i><br>(Little Weed Whiting),44,146,1209,5.445544554455446,0.7982813376239883,0.1806930693069307,0.042587283989969006
m1_fish,M1 fish,region,Fleurieu,Fleurieu,Pre-bloom,808,Labridae__Notolabrus__fucicola,Labridae Notolabrus fucicola,Actinopterygii,Labridae,Notolabrus,fucicola,Purple Wrasse,<i>Notolabrus fucicola</i><br>(Purple Wrasse),0,0,0,0,0,0,0
m1_fish,M1 fish,region,Fleurieu,Fleurieu,Pre-bloom,808,Labridae__Notolabrus__parilus,Labridae Notolabrus parilus,Actinopterygii,Labridae,Notolabrus,parilus,Brownspotted Wrasse,<i>Notolabrus parilus</i><br>(Brownspotted Wrasse),479,684,1972,59.28217821782178,1.7284175385422182,0.8465346534653465,0.046219844516430186
m1_fish,M1 fish,region,Fleurieu,Fleurieu,Pre-bloom,808,Labridae__Notolabrus__tetricus,Labridae Notolabrus tetricus,Actinopterygii,Labridae,Notolabrus,tetricus,Bluethroat Wrasse,<i>Notolabrus tetricus</i><br>(Bluethroat Wrasse),636,3019,28538.5,78.7128712871287,1.4400439274312635,3.7363861386138613,0.1626886260713147
m1_fish,M1 fish,region,Fleurieu,Fleurieu,Pre-bloom,808,Labridae__Olisthops__cyanomelas,Labridae Olisthops cyanomelas,Actinopterygii,Labridae,Olisthops,cyanomelas,Herring Cale,<i>Olisthops cyanomelas</i><br>(Herring Cale),238,296,722.5,29.455445544554454,1.603647328820063,0.36633663366336633,0.030687711096355222
m1_fish,M1 fish,region,Fleurieu,Fleurieu,Pre-bloom,808,Labridae__Ophthalmolepis__lineolatus,Labridae Ophthalmolepis lineolatus,Actinopterygii,Labridae,Ophthalmolepis,lineolatus,Southern Maori Wrasse,<i>Ophthalmolepis lineolatus</i><br>(Southern Maori Wrasse),1,0.5,0.25,0.12376237623762376,0.12368576689804056,6.188118811881188e-4,6.188118811881188e-4
m1_fish,M1 fish,region,Fleurieu,Fleurieu,Pre-bloom,808,Labridae__Pictilabrus__laticlavius,Labridae Pictilabrus laticlavius,Actinopterygii,Labridae,Pictilabrus,laticlavius,Senator Wrasse,<i>Pictilabrus laticlavius</i><br>(Senator Wrasse),645,1217.5,4242.25,79.82673267326733,1.411746170544247,1.5068069306930694,0.060765891181223004
m1_fish,M1 fish,region,Fleurieu,Fleurieu,Pre-bloom,808,Labridae__Pseudolabrus__rubicundus,Labridae Pseudolabrus rubicundus,Actinopterygii,Labridae,Pseudolabrus,rubicundus,Rosy Wrasse,<i>Pseudolabrus rubicundus</i><br>(Rosy Wrasse),0,0,0,0,0,0,0
m1_fish,M1 fish,region,Fleurieu,Fleurieu,Pre-bloom,808,Labridae__Siphonognathus__argyrophanes,Labridae Siphonognathus argyrophanes,Actinopterygii,Labridae,Siphonognathus,argyrophanes,Tubemouth,<i>Siphonognathus argyrophanes</i><br>(Tubemouth),3,3.5,6.75,0.3712871287128713,0.21396440303589986,0.004331683168316832,0.0032138171564286755
m1_fish,M1 fish,region,Fleurieu,Fleurieu,Pre-bloom,808,Labridae__Siphonognathus__attenuatus,Labridae Siphonognathus attenuatus,Actinopterygii,Labridae,Siphonognathus,attenuatus,Slender Weed Whiting,<i>Siphonognathus attenuatus</i><br>(Slender Weed Whiting),23,28.5,133.25,2.8465346534653464,0.5850348066707498,0.03527227722772277,0.014241205586253693
m1_fish,M1 fish,region,Fleurieu,Fleurieu,Pre-bloom,808,Labridae__Siphonognathus__beddomei,Labridae Siphonognathus beddomei,Actinopterygii,Labridae,Siphonognathus,beddomei,Pencil Weed Whiting,<i>Siphonognathus beddomei</i><br>(Pencil Weed Whiting),385,2722.5,296355.25,47.648514851485146,1.7570475198821889,3.3694306930693068,0.6636454805117408
m1_fish,M1 fish,region,Fleurieu,Fleurieu,Pre-bloom,808,Labridae__Siphonognathus__caninis,Labridae Siphonognathus caninis,Actinopterygii,Labridae,Siphonognathus,caninis,Sharpnose Weed Whiting,<i>Siphonognathus caninis</i><br>(Sharpnose Weed Whiting),28,31,183,3.4653465346534653,0.643441807761499,0.038366336633663366,0.016698105641214506
m1_fish,M1 fish,region,Fleurieu,Fleurieu,Pre-bloom,808,Labridae__Siphonognathus__radiatus,Labridae Siphonognathus radiatus,Actinopterygii,Labridae,Siphonognathus,radiatus,Longray Weed Whiting,<i>Siphonognathus radiatus</i><br>(Longray Weed Whiting),15,13,17.5,1.8564356435643565,0.47485955591494305,0.01608910891089109,0.005149506589137528
m1_fish,M1 fish,region,Fleurieu,Fleurieu,Pre-bloom,808,Labridae__Siphonognathus__spp,Labridae Siphonognathus spp,Actinopterygii,Labridae,Siphonognathus,spp,NA,<i>Siphonognathus spp</i>,0,0,0,0,0,0,0
m1_fish,M1 fish,region,Fleurieu,Fleurieu,Pre-bloom,808,Labridae__Siphonognathus__tanyourus,Labridae Siphonognathus tanyourus,Actinopterygii,Labridae,Siphonognathus,tanyourus,Longtail Weed Whiting,<i>Siphonognathus tanyourus</i><br>(Longtail Weed Whiting),0,0,0,0,0,0,0
m1_fish,M1 fish,region,Fleurieu,Fleurieu,Pre-bloom,808,Microcanthidae__Neatypus__obliquus,Microcanthidae Neatypus obliquus,Actinopterygii,Microcanthidae,Neatypus,obliquus,Footballer Sweep,<i>Neatypus obliquus</i><br>(Footballer Sweep),1,0.5,0.25,0.12376237623762376,0.12368576689804056,6.188118811881188e-4,6.188118811881188e-4
m1_fish,M1 fish,region,Fleurieu,Fleurieu,Pre-bloom,808,Microcanthidae__Tilodon__sexfasciatus,Microcanthidae Tilodon sexfasciatus,Actinopterygii,Microcanthidae,Tilodon,sexfasciatus,Moonlighter,<i>Tilodon sexfasciatus</i><br>(Moonlighter),579,1021.5,2772.75,71.65841584158416,1.5854041178426859,1.2642326732673268,0.04766333081158512
m1_fish,M1 fish,region,Fleurieu,Fleurieu,Pre-bloom,808,Monacanthidae__Acanthaluteres__brownii,Monacanthidae Acanthaluteres brownii,Actinopterygii,Monacanthidae,Acanthaluteres,brownii,Spinytail Leatherjacket,<i>Acanthaluteres brownii</i><br>(Spinytail Leatherjacket),157,497,4235.5,19.43069306930693,1.3919488589606062,0.6150990099009901,0.07763231622451675
m1_fish,M1 fish,region,Fleurieu,Fleurieu,Pre-bloom,808,Monacanthidae__Acanthaluteres__spilomelanurus,Monacanthidae Acanthaluteres spilomelanurus,Actinopterygii,Monacanthidae,Acanthaluteres,spilomelanurus,Bridled Leatherjacket,<i>Acanthaluteres spilomelanurus</i><br>(Bridled Leatherjacket),1,0.5,0.25,0.12376237623762376,0.12368576689804056,6.188118811881188e-4,6.188118811881188e-4
m1_fish,M1 fish,region,Fleurieu,Fleurieu,Pre-bloom,808,Monacanthidae__Acanthaluteres__vittiger,Monacanthidae Acanthaluteres vittiger,Actinopterygii,Monacanthidae,Acanthaluteres,vittiger,Toothbrush Leatherjacket,<i>Acanthaluteres vittiger</i><br>(Toothbrush Leatherjacket),80,175.5,1011.25,9.900990099009901,1.0507360721264383,0.2172029702970297,0.0386316429969111
m1_fish,M1 fish,region,Fleurieu,Fleurieu,Pre-bloom,808,Monacanthidae__Brachaluteres__jacksonianus,Monacanthidae Brachaluteres jacksonianus,Actinopterygii,Monacanthidae,Brachaluteres,jacksonianus,Southern Pygmy Leatherjacket,<i>Brachaluteres jacksonianus</i><br>(Southern Pygmy Leatherjacket),20,12.5,11.75,2.4752475247524752,0.5465892241061637,0.01547029702970297,0.004209911759551954
m1_fish,M1 fish,region,Fleurieu,Fleurieu,Pre-bloom,808,Monacanthidae__Eubalichthys__gunnii,Monacanthidae Eubalichthys gunnii,Actinopterygii,Monacanthidae,Eubalichthys,gunnii,Gunn's Leatherjacket,<i>Eubalichthys gunnii</i><br>(Gunn's Leatherjacket),3,2.5,2.25,0.3712871287128713,0.21396440303589986,0.003094059405940594,0.0018543897020213637
m1_fish,M1 fish,region,Fleurieu,Fleurieu,Pre-bloom,808,Monacanthidae__Eubalichthys__mosaicus,Monacanthidae Eubalichthys mosaicus,Actinopterygii,Monacanthidae,Eubalichthys,mosaicus,Mosaic Leatherjacket,<i>Eubalichthys mosaicus</i><br>(Mosaic Leatherjacket),34,26,26.5,4.207920792079208,0.7063060034883945,0.03217821782178218,0.006273564449781056
m1_fish,M1 fish,region,Fleurieu,Fleurieu,Pre-bloom,808,Monacanthidae__Meuschenia__flavolineata,Monacanthidae Meuschenia flavolineata,Actinopterygii,Monacanthidae,Meuschenia,flavolineata,Yellowstriped Leatherjacket,<i>Meuschenia flavolineata</i><br>(Yellowstriped Leatherjacket),159,156.5,260.25,19.678217821782177,1.3986333169802647,0.1936881188118812,0.018778579929679944
m1_fish,M1 fish,region,Fleurieu,Fleurieu,Pre-bloom,808,Monacanthidae__Meuschenia__freycineti,Monacanthidae Meuschenia freycineti,Actinopterygii,Monacanthidae,Meuschenia,freycineti,Sixspine Leatherjacket,<i>Meuschenia freycineti</i><br>(Sixspine Leatherjacket),33,47,120,4.084158415841584,0.6962909973517929,0.05816831683168317,0.013410463022061121
m1_fish,M1 fish,region,Fleurieu,Fleurieu,Pre-bloom,808,Monacanthidae__Meuschenia__galii,Monacanthidae Meuschenia galii,Actinopterygii,Monacanthidae,Meuschenia,galii,Bluelined Leatherjacket,<i>Meuschenia galii</i><br>(Bluelined Leatherjacket),127,106,136,15.717821782178218,1.2804374719625413,0.1311881188118812,0.013683740166306649
m1_fish,M1 fish,region,Fleurieu,Fleurieu,Pre-bloom,808,Monacanthidae__Meuschenia__hippocrepis,Monacanthidae Meuschenia hippocrepis,Actinopterygii,Monacanthidae,Meuschenia,hippocrepis,Horseshoe Leatherjacket,<i>Meuschenia hippocrepis</i><br>(Horseshoe Leatherjacket),469,1221.5,7010.75,58.04455445544554,1.7360779826660253,1.5117574257425743,0.08899313061073935
m1_fish,M1 fish,region,Fleurieu,Fleurieu,Pre-bloom,808,Monacanthidae__Meuschenia__venusta,Monacanthidae Meuschenia venusta,Actinopterygii,Monacanthidae,Meuschenia,venusta,Stars-and-stripes Leatherjacket,<i>Meuschenia venusta</i><br>(Stars-and-stripes Leatherjacket),3,1.5,0.75,0.3712871287128713,0.21396440303589986,0.0018564356435643563,0.0010704846488851388
m1_fish,M1 fish,region,Fleurieu,Fleurieu,Pre-bloom,808,Monacanthidae__Scobinichthys__granulatus,Monacanthidae Scobinichthys granulatus,Actinopterygii,Monacanthidae,Scobinichthys,granulatus,Rough Leatherjacket,<i>Scobinichthys granulatus</i><br>(Rough Leatherjacket),49,43,75.5,6.064356435643564,0.8396569494765339,0.053217821782178217,0.010596137889401483
m1_fish,M1 fish,region,Fleurieu,Fleurieu,Pre-bloom,808,Monacanthidae__Thamnaconus__degeni,Monacanthidae Thamnaconus degeni,Actinopterygii,Monacanthidae,Thamnaconus,degeni,Bluefin Leatherjacket,<i>Thamnaconus degeni</i><br>(Bluefin Leatherjacket),0,0,0,0,0,0,0
m1_fish,M1 fish,region,Fleurieu,Fleurieu,Pre-bloom,808,Mullidae__Upeneichthys__vlamingii,Mullidae Upeneichthys vlamingii,Actinopterygii,Mullidae,Upeneichthys,vlamingii,Bluespotted Goatfish,<i>Upeneichthys vlamingii</i><br>(Bluespotted Goatfish),568,1082.5,4020.25,70.29702970297029,1.607543551154168,1.3397277227722773,0.062780340883101
m1_fish,M1 fish,region,Fleurieu,Fleurieu,Pre-bloom,808,Myliobatidae__Myliobatis__tenuicaudatus,Myliobatidae Myliobatis tenuicaudatus,Elasmobranchii,Myliobatidae,Myliobatis,tenuicaudatus,Southern Eagle Ray,<i>Myliobatis tenuicaudatus</i><br>(Southern Eagle Ray),3,1.5,0.75,0.3712871287128713,0.21396440303589986,0.0018564356435643563,0.0010704846488851388
m1_fish,M1 fish,region,Fleurieu,Fleurieu,Pre-bloom,808,Ophiclinidae__Ophiclinus__spp,Ophiclinidae Ophiclinus spp,Actinopterygii,Ophiclinidae,Ophiclinus,spp,NA,<i>Ophiclinus spp</i>,0,0,0,0,0,0,0
m1_fish,M1 fish,region,Fleurieu,Fleurieu,Pre-bloom,808,Parascylliidae__Parascyllium__ferrugineum,Parascylliidae Parascyllium ferrugineum,Elasmobranchii,Parascylliidae,Parascyllium,ferrugineum,Rusty Carpetshark,<i>Parascyllium ferrugineum</i><br>(Rusty Carpetshark),0,0,0,0,0,0,0
m1_fish,M1 fish,region,Fleurieu,Fleurieu,Pre-bloom,808,Parascylliidae__Parascyllium__variolatum,Parascylliidae Parascyllium variolatum,Elasmobranchii,Parascylliidae,Parascyllium,variolatum,Varied Carpetshark,<i>Parascyllium variolatum</i><br>(Varied Carpetshark),1,1.5,2.25,0.12376237623762376,0.12368576689804056,0.0018564356435643563,0.0018564356435643566
m1_fish,M1 fish,region,Fleurieu,Fleurieu,Pre-bloom,808,Pataecidae__Aetapcus__maculatus,Pataecidae Aetapcus maculatus,Actinopterygii,Pataecidae,Aetapcus,maculatus,Warty Prowfish,<i>Aetapcus maculatus</i><br>(Warty Prowfish),1,0.5,0.25,0.12376237623762376,0.12368576689804056,6.188118811881188e-4,6.188118811881188e-4
m1_fish,M1 fish,region,Fleurieu,Fleurieu,Pre-bloom,808,Pempherididae__Parapriacanthus__elongatus,Pempherididae Parapriacanthus elongatus,Actinopterygii,Pempherididae,Parapriacanthus,elongatus,Elongate Bullseye,<i>Parapriacanthus elongatus</i><br>(Elongate Bullseye),113,17344,14933111,13.985148514851485,1.2201538170475934,21.465346534653467,4.725528748756842
m1_fish,M1 fish,region,Fleurieu,Fleurieu,Pre-bloom,808,Pempherididae__Pempheris__klunzingeri,Pempherididae Pempheris klunzingeri,Actinopterygii,Pempherididae,Pempheris,klunzingeri,Rough Bullseye,<i>Pempheris klunzingeri</i><br>(Rough Bullseye),186,3391.5,249077.75,23.019801980198018,1.4809303148831623,4.19740099009901,0.6001304763208375
m1_fish,M1 fish,region,Fleurieu,Fleurieu,Pre-bloom,808,Pempherididae__Pempheris__multiradiata,Pempherididae Pempheris multiradiata,Actinopterygii,Pempherididae,Pempheris,multiradiata,Bigscale Bullseye,<i>Pempheris multiradiata</i><br>(Bigscale Bullseye),228,2201,112845.5,28.217821782178216,1.5833042558031505,2.724009900990099,0.40480393212683563
m1_fish,M1 fish,region,Fleurieu,Fleurieu,Pre-bloom,808,Pempherididae__Pempheris__ornata,Pempherididae Pempheris ornata,Actinopterygii,Pempherididae,Pempheris,ornata,Orangelined Bullseye,<i>Pempheris ornata</i><br>(Orangelined Bullseye),42,621.5,89121.75,5.198019801980198,0.7809477695294175,0.7691831683168316,0.3687070963815279
m1_fish,M1 fish,region,Fleurieu,Fleurieu,Pre-bloom,808,Pempherididae__Pempheris__spp,Pempherididae Pempheris spp,Actinopterygii,Pempherididae,Pempheris,spp,NA,<i>Pempheris spp</i>,0,0,0,0,0,0,0
m1_fish,M1 fish,region,Fleurieu,Fleurieu,Pre-bloom,808,Pentacerotidae__Pentaceropsis__recurvirostris,Pentacerotidae Pentaceropsis recurvirostris,Actinopterygii,Pentacerotidae,Pentaceropsis,recurvirostris,Longsnout Boarfish,<i>Pentaceropsis recurvirostris</i><br>(Longsnout Boarfish),19,12,8.5,2.3514851485148514,0.5330872075479177,0.01485148514851485,0.0035724464227919897
m1_fish,M1 fish,region,Fleurieu,Fleurieu,Pre-bloom,808,Pinguipedidae__Parapercis__haackei,Pinguipedidae Parapercis haackei,Actinopterygii,Pinguipedidae,Parapercis,haackei,Wavy Grubfish,<i>Parapercis haackei</i><br>(Wavy Grubfish),1,1,1,0.12376237623762376,0.12368576689804056,0.0012376237623762376,0.0012376237623762376
m1_fish,M1 fish,region,Fleurieu,Fleurieu,Pre-bloom,808,Pinguipedidae__Parapercis__ramsayi,Pinguipedidae Parapercis ramsayi,Actinopterygii,Pinguipedidae,Parapercis,ramsayi,Spotted Grubfish,<i>Parapercis ramsayi</i><br>(Spotted Grubfish),0,0,0,0,0,0,0
m1_fish,M1 fish,region,Fleurieu,Fleurieu,Pre-bloom,808,Platycephalidae__Leviprora__inops,Platycephalidae Leviprora inops,Actinopterygii,Platycephalidae,Leviprora,inops,Longhead Flathead,<i>Leviprora inops</i><br>(Longhead Flathead),1,0.5,0.25,0.12376237623762376,0.12368576689804056,6.188118811881188e-4,6.188118811881188e-4
m1_fish,M1 fish,region,Fleurieu,Fleurieu,Pre-bloom,808,Platycephalidae__Platycephalus__laevigatus,Platycephalidae Platycephalus laevigatus,Actinopterygii,Platycephalidae,Platycephalus,laevigatus,Rock Flathead,<i>Platycephalus laevigatus</i><br>(Rock Flathead),0,0,0,0,0,0,0
m1_fish,M1 fish,region,Fleurieu,Fleurieu,Pre-bloom,808,Platycephalidae__Platycephalus__speculator,Platycephalidae Platycephalus speculator,Actinopterygii,Platycephalidae,Platycephalus,speculator,Southern Bluespotted Flathead,<i>Platycephalus speculator</i><br>(Southern Bluespotted Flathead),1,0.5,0.25,0.12376237623762376,0.12368576689804056,6.188118811881188e-4,6.188118811881188e-4
m1_fish,M1 fish,region,Fleurieu,Fleurieu,Pre-bloom,808,Plesiopidae__Paraplesiops__meleagris,Plesiopidae Paraplesiops meleagris,Actinopterygii,Plesiopidae,Paraplesiops,meleagris,Southern Blue Devil,<i>Paraplesiops meleagris</i><br>(Southern Blue Devil),111,96.5,185.75,13.737623762376238,1.2110465513374011,0.11943069306930693,0.016346045810792874
m1_fish,M1 fish,region,Fleurieu,Fleurieu,Pre-bloom,808,Plesiopidae__Trachinops__caudimaculatus,Plesiopidae Trachinops caudimaculatus,Actinopterygii,Plesiopidae,Trachinops,caudimaculatus,Southern Hulafish,<i>Trachinops caudimaculatus</i><br>(Southern Hulafish),12,549,69001,1.4851485148514851,0.4255299336976791,0.6794554455445545,0.32442040115497467
m1_fish,M1 fish,region,Fleurieu,Fleurieu,Pre-bloom,808,Plesiopidae__Trachinops__noarlungae,Plesiopidae Trachinops noarlungae,Actinopterygii,Plesiopidae,Trachinops,noarlungae,Yellowhead Hulafish,<i>Trachinops noarlungae</i><br>(Yellowhead Hulafish),468,89998.5,62141784.75,57.92079207920792,1.736782137778479,111.38428217821782,8.940231883444367
m1_fish,M1 fish,region,Fleurieu,Fleurieu,Pre-bloom,808,Plotosidae__Cnidoglanis__macrocephalus,Plotosidae Cnidoglanis macrocephalus,Actinopterygii,Plotosidae,Cnidoglanis,macrocephalus,Estuary Cobbler,<i>Cnidoglanis macrocephalus</i><br>(Estuary Cobbler),1,0.5,0.25,0.12376237623762376,0.12368576689804056,6.188118811881188e-4,6.188118811881188e-4
m1_fish,M1 fish,region,Fleurieu,Fleurieu,Pre-bloom,808,Pomacentridae__Parma__victoriae,Pomacentridae Parma victoriae,Actinopterygii,Pomacentridae,Parma,victoriae,Scalyfin,<i>Parma victoriae</i><br>(Scalyfin),544,723.5,1600.75,67.32673267326733,1.650001625737697,0.8954207920792079,0.03822823007466984
m1_fish,M1 fish,region,Fleurieu,Fleurieu,Pre-bloom,808,Scombridae__Scomber__australasicus,Scombridae Scomber australasicus,Actinopterygii,Scombridae,Scomber,australasicus,Blue Mackerel,<i>Scomber australasicus</i><br>(Blue Mackerel),0,0,0,0,0,0,0
m1_fish,M1 fish,region,Fleurieu,Fleurieu,Pre-bloom,808,Scorpididae__Scorpis__aequipinnis,Scorpididae Scorpis aequipinnis,Actinopterygii,Scorpididae,Scorpis,aequipinnis,Sea Sweep,<i>Scorpis aequipinnis</i><br>(Sea Sweep),523,2516,25280.5,64.72772277227723,1.6809555649437997,3.113861386138614,0.16357080627366044
m1_fish,M1 fish,region,Fleurieu,Fleurieu,Pre-bloom,808,Scorpididae__Scorpis__georgiana,Scorpididae Scorpis georgiana,Actinopterygii,Scorpididae,Scorpis,georgiana,Banded Sweep,<i>Scorpis georgiana</i><br>(Banded Sweep),14,12.5,22.25,1.7326732673267327,0.45904707862890104,0.01547029702970297,0.005816035456356511
m1_fish,M1 fish,region,Fleurieu,Fleurieu,Pre-bloom,808,Scorpididae__Scorpis__lineolata,Scorpididae Scorpis lineolata,Actinopterygii,Scorpididae,Scorpis,lineolata,Silver Sweep,<i>Scorpis lineolata</i><br>(Silver Sweep),0,0,0,0,0,0,0
m1_fish,M1 fish,region,Fleurieu,Fleurieu,Pre-bloom,808,Serranidae__Caesioperca__rasor,Serranidae Caesioperca rasor,Actinopterygii,Serranidae,Caesioperca,rasor,Barber Perch,<i>Caesioperca rasor</i><br>(Barber Perch),1,0.5,0.25,0.12376237623762376,0.12368576689804056,6.188118811881188e-4,6.188118811881188e-4
m1_fish,M1 fish,region,Fleurieu,Fleurieu,Pre-bloom,808,Serranidae__Hypoplectrodes__nigroruber,Serranidae Hypoplectrodes nigroruber,Actinopterygii,Serranidae,Hypoplectrodes,nigroruber,Banded Seaperch,<i>Hypoplectrodes nigroruber</i><br>(Banded Seaperch),22,15.5,26.25,2.722772277227723,0.5725396553877299,0.019183168316831683,0.006308825255443588
m1_fish,M1 fish,region,Fleurieu,Fleurieu,Pre-bloom,808,Serranidae__Othos__dentex,Serranidae Othos dentex,Actinopterygii,Serranidae,Othos,dentex,Harlequin Fish,<i>Othos dentex</i><br>(Harlequin Fish),4,2,1,0.49504950495049505,0.24691130728807295,0.0024752475247524753,0.0012353212045449233
m1_fish,M1 fish,region,Fleurieu,Fleurieu,Pre-bloom,808,Sillaginidae__Sillaginidae__spp,Sillaginidae Unknown spp,Actinopterygii,Sillaginidae,Sillaginidae,spp,NA,<i>Sillaginidae spp</i>,1,1,1,0.12376237623762376,0.12368576689804056,0.0012376237623762376,0.0012376237623762376
m1_fish,M1 fish,region,Fleurieu,Fleurieu,Pre-bloom,808,Sillaginidae__Sillaginodes__punctatus,Sillaginidae Sillaginodes punctatus,Actinopterygii,Sillaginidae,Sillaginodes,punctatus,King George Whiting,<i>Sillaginodes punctatus</i><br>(King George Whiting),0,0,0,0,0,0,0
m1_fish,M1 fish,region,Fleurieu,Fleurieu,Pre-bloom,808,Sparidae__Acanthopagrus__butcheri,Sparidae Acanthopagrus butcheri,Actinopterygii,Sparidae,Acanthopagrus,butcheri,Black Bream,<i>Acanthopagrus butcheri</i><br>(Black Bream),0,0,0,0,0,0,0
m1_fish,M1 fish,region,Fleurieu,Fleurieu,Pre-bloom,808,Sparidae__Chrysophrys__auratus,Sparidae Chrysophrys auratus,Actinopterygii,Sparidae,Chrysophrys,auratus,Snapper,<i>Chrysophrys auratus</i><br>(Snapper),5,3,2,0.6188118811881188,0.27588350419923247,0.0037128712871287127,0.00174646469299076
m1_fish,M1 fish,region,Fleurieu,Fleurieu,Pre-bloom,808,Sphyraenidae__Sphyraena__novaehollandiae,Sphyraenidae Sphyraena novaehollandiae,Actinopterygii,Sphyraenidae,Sphyraena,novaehollandiae,Snook,<i>Sphyraena novaehollandiae</i><br>(Snook),36,31.5,40.75,4.455445544554456,0.72584327831287,0.038985148514851485,0.0077853265303882155
m1_fish,M1 fish,region,Fleurieu,Fleurieu,Pre-bloom,808,Syngnathidae__Phycodurus__eques,Syngnathidae Phycodurus eques,Actinopterygii,Syngnathidae,Phycodurus,eques,Leafy Seadragon,<i>Phycodurus eques</i><br>(Leafy Seadragon),5,3,2,0.6188118811881188,0.27588350419923247,0.0037128712871287127,0.00174646469299076
m1_fish,M1 fish,region,Fleurieu,Fleurieu,Pre-bloom,808,Syngnathidae__Phyllopteryx__taeniolatus,Syngnathidae Phyllopteryx taeniolatus,Actinopterygii,Syngnathidae,Phyllopteryx,taeniolatus,Common Seadragon,<i>Phyllopteryx taeniolatus</i><br>(Common Seadragon),1,0.5,0.25,0.12376237623762376,0.12368576689804056,6.188118811881188e-4,6.188118811881188e-4
m1_fish,M1 fish,region,Fleurieu,Fleurieu,Pre-bloom,808,Syngnathidae__Pugnaso__curtirostris,Syngnathidae Pugnaso curtirostris,Actinopterygii,Syngnathidae,Pugnaso,curtirostris,Pugnose Pipefish,<i>Pugnaso curtirostris</i><br>(Pugnose Pipefish),0,0,0,0,0,0,0
m1_fish,M1 fish,region,Fleurieu,Fleurieu,Pre-bloom,808,Terapontidae__Helotes__octolineatus,Terapontidae Helotes octolineatus,Actinopterygii,Terapontidae,Helotes,octolineatus,NA,<i>Helotes octolineatus</i>,1,0.5,0.25,0.12376237623762376,0.12368576689804056,6.188118811881188e-4,6.188118811881188e-4
m1_fish,M1 fish,region,Fleurieu,Fleurieu,Pre-bloom,808,Tetraodontidae__Omegophora__armilla,Tetraodontidae Omegophora armilla,Actinopterygii,Tetraodontidae,Omegophora,armilla,Ringed Toadfish,<i>Omegophora armilla</i><br>(Ringed Toadfish),19,9.5,4.75,2.3514851485148514,0.5330872075479177,0.011757425742574257,0.0026670869738147215
m1_fish,M1 fish,region,Fleurieu,Fleurieu,Pre-bloom,808,Tetraodontidae__Omegophora__cyanopunctata,Tetraodontidae Omegophora cyanopunctata,Actinopterygii,Tetraodontidae,Omegophora,cyanopunctata,Bluespotted Toadfish,<i>Omegophora cyanopunctata</i><br>(Bluespotted Toadfish),0,0,0,0,0,0,0
m1_fish,M1 fish,region,Fleurieu,Fleurieu,Pre-bloom,808,Tetraodontidae__Tetractenos__glaber,Tetraodontidae Tetractenos glaber,Actinopterygii,Tetraodontidae,Tetractenos,glaber,Smooth Toadfish,<i>Tetractenos glaber</i><br>(Smooth Toadfish),1,0.5,0.25,0.12376237623762376,0.12368576689804056,6.188118811881188e-4,6.188118811881188e-4
m1_fish,M1 fish,region,Fleurieu,Fleurieu,Pre-bloom,808,Tetraodontidae__Torquigener__pleurogramma,Tetraodontidae Torquigener pleurogramma,Actinopterygii,Tetraodontidae,Torquigener,pleurogramma,Weeping Toadfish,<i>Torquigener pleurogramma</i><br>(Weeping Toadfish),0,0,0,0,0,0,0
m1_fish,M1 fish,region,Fleurieu,Fleurieu,Pre-bloom,808,Trachichthyidae__Trachichthys__australis,Trachichthyidae Trachichthys australis,Actinopterygii,Trachichthyidae,Trachichthys,australis,Southern Roughy,<i>Trachichthys australis</i><br>(Southern Roughy),2,2,2.5,0.24752475247524752,0.17480967990548874,0.0024752475247524753,0.0019561273970771405
m1_fish,M1 fish,region,Fleurieu,Fleurieu,Pre-bloom,808,Tripterygiidae__Helcogramma__decurrens,Tripterygiidae Helcogramma decurrens,Actinopterygii,Tripterygiidae,Helcogramma,decurrens,Blackthroat Threefin,<i>Helcogramma decurrens</i><br>(Blackthroat Threefin),18,17.5,33.25,2.227722772277228,0.5191976965625347,0.021658415841584157,0.007100090154430753
m1_fish,M1 fish,region,Fleurieu,Fleurieu,Pre-bloom,808,Tripterygiidae__Trinorfolkia__clarkei,Tripterygiidae Trinorfolkia clarkei,Actinopterygii,Tripterygiidae,Trinorfolkia,clarkei,Clark's Threefin,<i>Trinorfolkia clarkei</i><br>(Clark's Threefin),4,4.5,6.25,0.49504950495049505,0.24691130728807295,0.005569306930693069,0.003089762312285983
m1_fish,M1 fish,region,Fleurieu,Fleurieu,Pre-bloom,808,Tripterygiidae__Trinorfolkia__cristata,Tripterygiidae Trinorfolkia cristata,Actinopterygii,Tripterygiidae,Trinorfolkia,cristata,Crested Threefin,<i>Trinorfolkia cristata</i><br>(Crested Threefin),3,5,10.5,0.3712871287128713,0.21396440303589986,0.006188118811881188,0.004006926575699759
m1_fish,M1 fish,region,Fleurieu,Fleurieu,Pre-bloom,808,Tripterygiidae__Tripterygiidae__spp,Tripterygiidae Unknown spp,Actinopterygii,Tripterygiidae,Tripterygiidae,spp,NA,<i>Tripterygiidae spp</i>,0,0,0,0,0,0,0
m1_fish,M1 fish,region,Fleurieu,Fleurieu,Pre-bloom,808,Trygonorrhinidae__Aptychotrema__vincentiana,Trygonorrhinidae Aptychotrema vincentiana,Elasmobranchii,Trygonorrhinidae,Aptychotrema,vincentiana,Western Shovelnose Ray,<i>Aptychotrema vincentiana</i><br>(Western Shovelnose Ray),0,0,0,0,0,0,0
m1_fish,M1 fish,region,Fleurieu,Fleurieu,Pre-bloom,808,Trygonorrhinidae__Trygonorrhina__fasciata,Trygonorrhinidae Trygonorrhina fasciata,Elasmobranchii,Trygonorrhinidae,Trygonorrhina,fasciata,Eastern Fiddler Ray,<i>Trygonorrhina fasciata</i><br>(Eastern Fiddler Ray),0,0,0,0,0,0,0
m1_fish,M1 fish,region,Fleurieu,Fleurieu,Pre-bloom,808,Urolophidae__Urolophus__spp,Urolophidae Urolophus spp,Elasmobranchii,Urolophidae,Urolophus,spp,NA,<i>Urolophus spp</i>,2,1,0.5,0.24752475247524752,0.17480967990548874,0.0012376237623762376,8.745897736267509e-4
m1_fish,M1 fish,region,Kangaroo Island,Kangaroo Island,Bloom 2026-02,20,Antennariidae__Rhycherus__filamentosus,Antennariidae Rhycherus filamentosus,Actinopterygii,Antennariidae,Rhycherus,filamentosus,Tasselled Anglerfish,<i>Rhycherus filamentosus</i><br>(Tasselled Anglerfish),0,0,0,0,0,0,0
m1_fish,M1 fish,region,Kangaroo Island,Kangaroo Island,Bloom 2026-02,20,Aplodactylidae__Aplodactylus__arctidens,Aplodactylidae Aplodactylus arctidens,Actinopterygii,Aplodactylidae,Aplodactylus,arctidens,Marblefish,<i>Aplodactylus arctidens</i><br>(Marblefish),4,2.5,1.75,20,8.944271909999161,0.125,0.06150524153958022
m1_fish,M1 fish,region,Kangaroo Island,Kangaroo Island,Bloom 2026-02,20,Aplodactylidae__Aplodactylus__westralis,Aplodactylidae Aplodactylus westralis,Actinopterygii,Aplodactylidae,Aplodactylus,westralis,Western Seacarp,<i>Aplodactylus westralis</i><br>(Western Seacarp),0,0,0,0,0,0,0
m1_fish,M1 fish,region,Kangaroo Island,Kangaroo Island,Bloom 2026-02,20,Apogonidae__Ostorhinchus__victoriae,Apogonidae Ostorhinchus victoriae,Actinopterygii,Apogonidae,Ostorhinchus,victoriae,Western Striped Cardinalfish,<i>Ostorhinchus victoriae</i><br>(Western Striped Cardinalfish),0,0,0,0,0,0,0
m1_fish,M1 fish,region,Kangaroo Island,Kangaroo Island,Bloom 2026-02,20,Apogonidae__Siphamia__cephalotes,Apogonidae Siphamia cephalotes,Actinopterygii,Apogonidae,Siphamia,cephalotes,Wood's Siphonfish,<i>Siphamia cephalotes</i><br>(Wood's Siphonfish),0,0,0,0,0,0,0
m1_fish,M1 fish,region,Kangaroo Island,Kangaroo Island,Bloom 2026-02,20,Apogonidae__Vincentia__conspersa,Apogonidae Vincentia conspersa,Actinopterygii,Apogonidae,Vincentia,conspersa,Southern Cardinalfish,<i>Vincentia conspersa</i><br>(Southern Cardinalfish),0,0,0,0,0,0,0
m1_fish,M1 fish,region,Kangaroo Island,Kangaroo Island,Bloom 2026-02,20,Aracanidae__Anoplocapros__amygdaloides,Aracanidae Anoplocapros amygdaloides,Actinopterygii,Aracanidae,Anoplocapros,amygdaloides,Western Smooth Boxfish,<i>Anoplocapros amygdaloides</i><br>(Western Smooth Boxfish),0,0,0,0,0,0,0
m1_fish,M1 fish,region,Kangaroo Island,Kangaroo Island,Bloom 2026-02,20,Aracanidae__Anoplocapros__lenticularis,Aracanidae Anoplocapros lenticularis,Actinopterygii,Aracanidae,Anoplocapros,lenticularis,Whitebarred Boxfish,<i>Anoplocapros lenticularis</i><br>(Whitebarred Boxfish),0,0,0,0,0,0,0
m1_fish,M1 fish,region,Kangaroo Island,Kangaroo Island,Bloom 2026-02,20,Aracanidae__Aracana__aurita,Aracanidae Aracana aurita,Actinopterygii,Aracanidae,Aracana,aurita,Shaw's Cowfish,<i>Aracana aurita</i><br>(Shaw's Cowfish),0,0,0,0,0,0,0
m1_fish,M1 fish,region,Kangaroo Island,Kangaroo Island,Bloom 2026-02,20,Aracanidae__Aracana__ornata,Aracanidae Aracana ornata,Actinopterygii,Aracanidae,Aracana,ornata,Ornate Cowfish,<i>Aracana ornata</i><br>(Ornate Cowfish),0,0,0,0,0,0,0
m1_fish,M1 fish,region,Kangaroo Island,Kangaroo Island,Bloom 2026-02,20,Arripidae__Arripis__georgianus,Arripidae Arripis georgianus,Actinopterygii,Arripidae,Arripis,georgianus,Australian Herring,<i>Arripis georgianus</i><br>(Australian Herring),0,0,0,0,0,0,0
m1_fish,M1 fish,region,Kangaroo Island,Kangaroo Island,Bloom 2026-02,20,Arripidae__Arripis__spp,Arripidae Arripis spp,Actinopterygii,Arripidae,Arripis,spp,NA,<i>Arripis spp</i>,0,0,0,0,0,0,0
m1_fish,M1 fish,region,Kangaroo Island,Kangaroo Island,Bloom 2026-02,20,Arripidae__Arripis__truttaceus,Arripidae Arripis truttaceus,Actinopterygii,Arripidae,Arripis,truttaceus,Western Australian Salmon,<i>Arripis truttaceus</i><br>(Western Australian Salmon),1,0.5,0.25,5,4.873397172404482,0.025,0.024999999999999998
m1_fish,M1 fish,region,Kangaroo Island,Kangaroo Island,Bloom 2026-02,20,Atherinidae__Atherinidae__spp,Atherinidae Unknown spp,Actinopterygii,Atherinidae,Atherinidae,spp,NA,<i>Atherinidae spp</i>,0,0,0,0,0,0,0
m1_fish,M1 fish,region,Kangaroo Island,Kangaroo Island,Bloom 2026-02,20,Berycidae__Centroberyx__gerrardi,Berycidae Centroberyx gerrardi,Actinopterygii,Berycidae,Centroberyx,gerrardi,Bight Redfish,<i>Centroberyx gerrardi</i><br>(Bight Redfish),0,0,0,0,0,0,0
m1_fish,M1 fish,region,Kangaroo Island,Kangaroo Island,Bloom 2026-02,20,Berycidae__Centroberyx__lineatus,Berycidae Centroberyx lineatus,Actinopterygii,Berycidae,Centroberyx,lineatus,Swallowtail,<i>Centroberyx lineatus</i><br>(Swallowtail),0,0,0,0,0,0,0
m1_fish,M1 fish,region,Kangaroo Island,Kangaroo Island,Bloom 2026-02,20,Bovichtidae__Bovichtus__angustifrons,Bovichtidae Bovichtus angustifrons,Actinopterygii,Bovichtidae,Bovichtus,angustifrons,Dragonet,<i>Bovichtus angustifrons</i><br>(Dragonet),0,0,0,0,0,0,0
m1_fish,M1 fish,region,Kangaroo Island,Kangaroo Island,Bloom 2026-02,20,Callionymidae__Eocallionymus__papilio,Callionymidae Eocallionymus papilio,Actinopterygii,Callionymidae,Eocallionymus,papilio,Painted Stinkfish,<i>Eocallionymus papilio</i><br>(Painted Stinkfish),0,0,0,0,0,0,0
m1_fish,M1 fish,region,Kangaroo Island,Kangaroo Island,Bloom 2026-02,20,Carangidae__Pseudocaranx__spp,Carangidae Pseudocaranx spp,Actinopterygii,Carangidae,Pseudocaranx,spp,NA,<i>Pseudocaranx spp</i>,1,0.5,0.25,5,4.873397172404482,0.025,0.024999999999999998
m1_fish,M1 fish,region,Kangaroo Island,Kangaroo Island,Bloom 2026-02,20,Carangidae__Seriola__lalandi,Carangidae Seriola lalandi,Actinopterygii,Carangidae,Seriola,lalandi,Yellowtail Kingfish,<i>Seriola lalandi</i><br>(Yellowtail Kingfish),0,0,0,0,0,0,0
m1_fish,M1 fish,region,Kangaroo Island,Kangaroo Island,Bloom 2026-02,20,Carangidae__Trachurus__novaezelandiae,Carangidae Trachurus novaezelandiae,Actinopterygii,Carangidae,Trachurus,novaezelandiae,Yellowtail Scad,<i>Trachurus novaezelandiae</i><br>(Yellowtail Scad),0,0,0,0,0,0,0
m1_fish,M1 fish,region,Kangaroo Island,Kangaroo Island,Bloom 2026-02,20,Chaetodontidae__Chelmonops__curiosus,Chaetodontidae Chelmonops curiosus,Actinopterygii,Chaetodontidae,Chelmonops,curiosus,Western Talma,<i>Chelmonops curiosus</i><br>(Western Talma),5,5,8,25,9.682458365518542,0.25,0.13327849749579576
m1_fish,M1 fish,region,Kangaroo Island,Kangaroo Island,Bloom 2026-02,20,Cheilodactylidae__Cheilodactylus__nigripes,Cheilodactylidae Cheilodactylus nigripes,Actinopterygii,Cheilodactylidae,Cheilodactylus,nigripes,Magpie Perch,<i>Cheilodactylus nigripes</i><br>(Magpie Perch),20,55.5,200.25,100,0,2.775,0.34882320963340063
m1_fish,M1 fish,region,Kangaroo Island,Kangaroo Island,Bloom 2026-02,20,Cheilodactylidae__Cheilodactylus__spectabilis,Cheilodactylidae Cheilodactylus spectabilis,Actinopterygii,Cheilodactylidae,Cheilodactylus,spectabilis,Banded Morwong,<i>Cheilodactylus spectabilis</i><br>(Banded Morwong),0,0,0,0,0,0,0
m1_fish,M1 fish,region,Kangaroo Island,Kangaroo Island,Bloom 2026-02,20,Cheilodactylidae__Dactylophora__nigricans,Cheilodactylidae Dactylophora nigricans,Actinopterygii,Cheilodactylidae,Dactylophora,nigricans,Dusky Morwong,<i>Dactylophora nigricans</i><br>(Dusky Morwong),6,5,5,30,10.246950765959598,0.25,0.09933992677987828
m1_fish,M1 fish,region,Kangaroo Island,Kangaroo Island,Bloom 2026-02,20,Cheilodactylidae__Nemadactylus__valenciennesi,Cheilodactylidae Nemadactylus valenciennesi,Actinopterygii,Cheilodactylidae,Nemadactylus,valenciennesi,Blue Morwong,<i>Nemadactylus valenciennesi</i><br>(Blue Morwong),0,0,0,0,0,0,0
m1_fish,M1 fish,region,Kangaroo Island,Kangaroo Island,Bloom 2026-02,20,Chironemidae__Chironemus__georgianus,Chironemidae Chironemus georgianus,Actinopterygii,Chironemidae,Chironemus,georgianus,Western Kelpfish,<i>Chironemus georgianus</i><br>(Western Kelpfish),0,0,0,0,0,0,0
m1_fish,M1 fish,region,Kangaroo Island,Kangaroo Island,Bloom 2026-02,20,Chironemidae__Chironemus__maculosus,Chironemidae Chironemus maculosus,Actinopterygii,Chironemidae,Chironemus,maculosus,Silver Spot,<i>Chironemus maculosus</i><br>(Silver Spot),0,0,0,0,0,0,0
m1_fish,M1 fish,region,Kangaroo Island,Kangaroo Island,Bloom 2026-02,20,Clinidae__Heteroclinus__spp,Clinidae Heteroclinus spp,Actinopterygii,Clinidae,Heteroclinus,spp,NA,<i>Heteroclinus spp</i>,0,0,0,0,0,0,0
m1_fish,M1 fish,region,Kangaroo Island,Kangaroo Island,Bloom 2026-02,20,Clupeidae__Clupeidae__spp,Clupeidae Unknown spp,Actinopterygii,Clupeidae,Clupeidae,spp,NA,<i>Clupeidae spp</i>,0,0,0,0,0,0,0
m1_fish,M1 fish,region,Kangaroo Island,Kangaroo Island,Bloom 2026-02,20,Clupeidae__Hyperlophus__vittatus,Clupeidae Hyperlophus vittatus,Actinopterygii,Clupeidae,Hyperlophus,vittatus,Sandy Sprat,<i>Hyperlophus vittatus</i><br>(Sandy Sprat),0,0,0,0,0,0,0
m1_fish,M1 fish,region,Kangaroo Island,Kangaroo Island,Bloom 2026-02,20,Clupeidae__Spratelloides__robustus,Clupeidae Spratelloides robustus,Actinopterygii,Clupeidae,Spratelloides,robustus,Blue Sprat,<i>Spratelloides robustus</i><br>(Blue Sprat),0,0,0,0,0,0,0
m1_fish,M1 fish,region,Kangaroo Island,Kangaroo Island,Bloom 2026-02,20,Dasyatidae__Bathytoshia__lata,Dasyatidae Bathytoshia lata,Elasmobranchii,Dasyatidae,Bathytoshia,lata,Black Stingray,<i>Bathytoshia lata</i><br>(Black Stingray),0,0,0,0,0,0,0
m1_fish,M1 fish,region,Kangaroo Island,Kangaroo Island,Bloom 2026-02,20,Dinolestidae__Dinolestes__lewini,Dinolestidae Dinolestes lewini,Actinopterygii,Dinolestidae,Dinolestes,lewini,Longfin Pike,<i>Dinolestes lewini</i><br>(Longfin Pike),1,0.5,0.25,5,4.873397172404482,0.025,0.024999999999999998
m1_fish,M1 fish,region,Kangaroo Island,Kangaroo Island,Bloom 2026-02,20,Diodontidae__Diodon__nicthemerus,Diodontidae Diodon nicthemerus,Actinopterygii,Diodontidae,Diodon,nicthemerus,Globefish,<i>Diodon nicthemerus</i><br>(Globefish),0,0,0,0,0,0,0
m1_fish,M1 fish,region,Kangaroo Island,Kangaroo Island,Bloom 2026-02,20,Enoplosidae__Enoplosus__armatus,Enoplosidae Enoplosus armatus,Actinopterygii,Enoplosidae,Enoplosus,armatus,Old Wife,<i>Enoplosus armatus</i><br>(Old Wife),4,14,72.5,20,8.944271909999161,0.7,0.406201920231798
m1_fish,M1 fish,region,Kangaroo Island,Kangaroo Island,Bloom 2026-02,20,Gerreidae__Parequula__melbournensis,Gerreidae Parequula melbournensis,Actinopterygii,Gerreidae,Parequula,melbournensis,Silverbelly,<i>Parequula melbournensis</i><br>(Silverbelly),0,0,0,0,0,0,0
m1_fish,M1 fish,region,Kangaroo Island,Kangaroo Island,Bloom 2026-02,20,Girellidae__Girella__tricuspidata,Girellidae Girella tricuspidata,Actinopterygii,Girellidae,Girella,tricuspidata,Luderick,<i>Girella tricuspidata</i><br>(Luderick),0,0,0,0,0,0,0
m1_fish,M1 fish,region,Kangaroo Island,Kangaroo Island,Bloom 2026-02,20,Girellidae__Girella__zebra,Girellidae Girella zebra,Actinopterygii,Girellidae,Girella,zebra,Zebrafish,<i>Girella zebra</i><br>(Zebrafish),15,21.5,41.25,75,9.682458365518542,1.075,0.21847256843341853
m1_fish,M1 fish,region,Kangaroo Island,Kangaroo Island,Bloom 2026-02,20,Gobiesocidae__Gobiesocidae__spp,Gobiesocidae Unknown spp,Actinopterygii,Gobiesocidae,Gobiesocidae,spp,NA,<i>Gobiesocidae spp</i>,0,0,0,0,0,0,0
m1_fish,M1 fish,region,Kangaroo Island,Kangaroo Island,Bloom 2026-02,20,Gobiidae__Gobiidae__spp,Gobiidae Unknown spp,Actinopterygii,Gobiidae,Gobiidae,spp,NA,<i>Gobiidae spp</i>,0,0,0,0,0,0,0
m1_fish,M1 fish,region,Kangaroo Island,Kangaroo Island,Bloom 2026-02,20,Gobiidae__Nesogobius__pulchellus,Gobiidae Nesogobius pulchellus,Actinopterygii,Gobiidae,Nesogobius,pulchellus,Sailfin Goby,<i>Nesogobius pulchellus</i><br>(Sailfin Goby),0,0,0,0,0,0,0
m1_fish,M1 fish,region,Kangaroo Island,Kangaroo Island,Bloom 2026-02,20,Heterodontidae__Heterodontus__portusjacksoni,Heterodontidae Heterodontus portusjacksoni,Elasmobranchii,Heterodontidae,Heterodontus,portusjacksoni,Port Jackson Shark,<i>Heterodontus portusjacksoni</i><br>(Port Jackson Shark),0,0,0,0,0,0,0
m1_fish,M1 fish,region,Kangaroo Island,Kangaroo Island,Bloom 2026-02,20,Hypnidae__Hypnos__monopterygius,Hypnidae Hypnos monopterygius,Elasmobranchii,Hypnidae,Hypnos,monopterygius,Coffin Ray,<i>Hypnos monopterygius</i><br>(Coffin Ray),0,0,0,0,0,0,0
m1_fish,M1 fish,region,Kangaroo Island,Kangaroo Island,Bloom 2026-02,20,Kyphosidae__Kyphosus__sydneyanus,Kyphosidae Kyphosus sydneyanus,Actinopterygii,Kyphosidae,Kyphosus,sydneyanus,Silver Drummer,<i>Kyphosus sydneyanus</i><br>(Silver Drummer),18,71.5,456.25,90,6.708203932499368,3.575,0.7266315579801303
m1_fish,M1 fish,region,Kangaroo Island,Kangaroo Island,Bloom 2026-02,20,Labridae__Achoerodus__gouldii,Labridae Achoerodus gouldii,Actinopterygii,Labridae,Achoerodus,gouldii,Western Blue Groper,<i>Achoerodus gouldii</i><br>(Western Blue Groper),17,35,124,85,7.984359711335657,1.75,0.4063638504436245
m1_fish,M1 fish,region,Kangaroo Island,Kangaroo Island,Bloom 2026-02,20,Labridae__Austrolabrus__maculatus,Labridae Austrolabrus maculatus,Actinopterygii,Labridae,Austrolabrus,maculatus,Blackspotted Wrasse,<i>Austrolabrus maculatus</i><br>(Blackspotted Wrasse),12,15.5,24.75,60,10.954451150103322,0.775,0.18308396118203596
m1_fish,M1 fish,region,Kangaroo Island,Kangaroo Island,Bloom 2026-02,20,Labridae__Dotalabrus__aurantiacus,Labridae Dotalabrus aurantiacus,Actinopterygii,Labridae,Dotalabrus,aurantiacus,Castelnau's Wrasse,<i>Dotalabrus aurantiacus</i><br>(Castelnau's Wrasse),7,8,16,35,10.66536450385077,0.4,0.1835325870964494
m1_fish,M1 fish,region,Kangaroo Island,Kangaroo Island,Bloom 2026-02,20,Labridae__Eupetrichthys__angustipes,Labridae Eupetrichthys angustipes,Actinopterygii,Labridae,Eupetrichthys,angustipes,Snakeskin Wrasse,<i>Eupetrichthys angustipes</i><br>(Snakeskin Wrasse),0,0,0,0,0,0,0
m1_fish,M1 fish,region,Kangaroo Island,Kangaroo Island,Bloom 2026-02,20,Labridae__Haletta__semifasciata,Labridae Haletta semifasciata,Actinopterygii,Labridae,Haletta,semifasciata,Blue Weed Whiting,<i>Haletta semifasciata</i><br>(Blue Weed Whiting),0,0,0,0,0,0,0
m1_fish,M1 fish,region,Kangaroo Island,Kangaroo Island,Bloom 2026-02,20,Labridae__Heteroscarus__acroptilus,Labridae Heteroscarus acroptilus,Actinopterygii,Labridae,Heteroscarus,acroptilus,Rainbow Cale,<i>Heteroscarus acroptilus</i><br>(Rainbow Cale),0,0,0,0,0,0,0
m1_fish,M1 fish,region,Kangaroo Island,Kangaroo Island,Bloom 2026-02,20,Labridae__Neoodax__balteatus,Labridae Neoodax balteatus,Actinopterygii,Labridae,Neoodax,balteatus,Little Weed Whiting,<i>Neoodax balteatus</i><br>(Little Weed Whiting),5,8,19,25,9.682458365518542,0.4,0.20390916450326857
m1_fish,M1 fish,region,Kangaroo Island,Kangaroo Island,Bloom 2026-02,20,Labridae__Notolabrus__fucicola,Labridae Notolabrus fucicola,Actinopterygii,Labridae,Notolabrus,fucicola,Purple Wrasse,<i>Notolabrus fucicola</i><br>(Purple Wrasse),1,0.5,0.25,5,4.873397172404482,0.025,0.024999999999999998
m1_fish,M1 fish,region,Kangaroo Island,Kangaroo Island,Bloom 2026-02,20,Labridae__Notolabrus__parilus,Labridae Notolabrus parilus,Actinopterygii,Labridae,Notolabrus,parilus,Brownspotted Wrasse,<i>Notolabrus parilus</i><br>(Brownspotted Wrasse),9,6,5,45,11.124297730643494,0.3,0.0917662935482247
m1_fish,M1 fish,region,Kangaroo Island,Kangaroo Island,Bloom 2026-02,20,Labridae__Notolabrus__tetricus,Labridae Notolabrus tetricus,Actinopterygii,Labridae,Notolabrus,tetricus,Bluethroat Wrasse,<i>Notolabrus tetricus</i><br>(Bluethroat Wrasse),20,411,10920,100,0,20.55,2.5515475180450995
m1_fish,M1 fish,region,Kangaroo Island,Kangaroo Island,Bloom 2026-02,20,Labridae__Olisthops__cyanomelas,Labridae Olisthops cyanomelas,Actinopterygii,Labridae,Olisthops,cyanomelas,Herring Cale,<i>Olisthops cyanomelas</i><br>(Herring Cale),4,3.5,3.75,20,8.944271909999161,0.175,0.09086571931905024
m1_fish,M1 fish,region,Kangaroo Island,Kangaroo Island,Bloom 2026-02,20,Labridae__Ophthalmolepis__lineolatus,Labridae Ophthalmolepis lineolatus,Actinopterygii,Labridae,Ophthalmolepis,lineolatus,Southern Maori Wrasse,<i>Ophthalmolepis lineolatus</i><br>(Southern Maori Wrasse),0,0,0,0,0,0,0
m1_fish,M1 fish,region,Kangaroo Island,Kangaroo Island,Bloom 2026-02,20,Labridae__Pictilabrus__laticlavius,Labridae Pictilabrus laticlavius,Actinopterygii,Labridae,Pictilabrus,laticlavius,Senator Wrasse,<i>Pictilabrus laticlavius</i><br>(Senator Wrasse),20,87.5,514.75,100,0,4.375,0.5892401440570908
m1_fish,M1 fish,region,Kangaroo Island,Kangaroo Island,Bloom 2026-02,20,Labridae__Pseudolabrus__rubicundus,Labridae Pseudolabrus rubicundus,Actinopterygii,Labridae,Pseudolabrus,rubicundus,Rosy Wrasse,<i>Pseudolabrus rubicundus</i><br>(Rosy Wrasse),0,0,0,0,0,0,0
m1_fish,M1 fish,region,Kangaroo Island,Kangaroo Island,Bloom 2026-02,20,Labridae__Siphonognathus__argyrophanes,Labridae Siphonognathus argyrophanes,Actinopterygii,Labridae,Siphonognathus,argyrophanes,Tubemouth,<i>Siphonognathus argyrophanes</i><br>(Tubemouth),0,0,0,0,0,0,0
m1_fish,M1 fish,region,Kangaroo Island,Kangaroo Island,Bloom 2026-02,20,Labridae__Siphonognathus__attenuatus,Labridae Siphonognathus attenuatus,Actinopterygii,Labridae,Siphonognathus,attenuatus,Slender Weed Whiting,<i>Siphonognathus attenuatus</i><br>(Slender Weed Whiting),0,0,0,0,0,0,0
m1_fish,M1 fish,region,Kangaroo Island,Kangaroo Island,Bloom 2026-02,20,Labridae__Siphonognathus__beddomei,Labridae Siphonognathus beddomei,Actinopterygii,Labridae,Siphonognathus,beddomei,Pencil Weed Whiting,<i>Siphonognathus beddomei</i><br>(Pencil Weed Whiting),7,13.5,64.25,35,10.66536450385077,0.675,0.3809182119701371
m1_fish,M1 fish,region,Kangaroo Island,Kangaroo Island,Bloom 2026-02,20,Labridae__Siphonognathus__caninis,Labridae Siphonognathus caninis,Actinopterygii,Labridae,Siphonognathus,caninis,Sharpnose Weed Whiting,<i>Siphonognathus caninis</i><br>(Sharpnose Weed Whiting),0,0,0,0,0,0,0
m1_fish,M1 fish,region,Kangaroo Island,Kangaroo Island,Bloom 2026-02,20,Labridae__Siphonognathus__radiatus,Labridae Siphonognathus radiatus,Actinopterygii,Labridae,Siphonognathus,radiatus,Longray Weed Whiting,<i>Siphonognathus radiatus</i><br>(Longray Weed Whiting),0,0,0,0,0,0,0
m1_fish,M1 fish,region,Kangaroo Island,Kangaroo Island,Bloom 2026-02,20,Labridae__Siphonognathus__spp,Labridae Siphonognathus spp,Actinopterygii,Labridae,Siphonognathus,spp,NA,<i>Siphonognathus spp</i>,0,0,0,0,0,0,0
m1_fish,M1 fish,region,Kangaroo Island,Kangaroo Island,Bloom 2026-02,20,Labridae__Siphonognathus__tanyourus,Labridae Siphonognathus tanyourus,Actinopterygii,Labridae,Siphonognathus,tanyourus,Longtail Weed Whiting,<i>Siphonognathus tanyourus</i><br>(Longtail Weed Whiting),0,0,0,0,0,0,0
m1_fish,M1 fish,region,Kangaroo Island,Kangaroo Island,Bloom 2026-02,20,Microcanthidae__Neatypus__obliquus,Microcanthidae Neatypus obliquus,Actinopterygii,Microcanthidae,Neatypus,obliquus,Footballer Sweep,<i>Neatypus obliquus</i><br>(Footballer Sweep),0,0,0,0,0,0,0
m1_fish,M1 fish,region,Kangaroo Island,Kangaroo Island,Bloom 2026-02,20,Microcanthidae__Tilodon__sexfasciatus,Microcanthidae Tilodon sexfasciatus,Actinopterygii,Microcanthidae,Tilodon,sexfasciatus,Moonlighter,<i>Tilodon sexfasciatus</i><br>(Moonlighter),16,20.5,42.25,80,8.944271909999157,1.025,0.2364067636399958
m1_fish,M1 fish,region,Kangaroo Island,Kangaroo Island,Bloom 2026-02,20,Monacanthidae__Acanthaluteres__brownii,Monacanthidae Acanthaluteres brownii,Actinopterygii,Monacanthidae,Acanthaluteres,brownii,Spinytail Leatherjacket,<i>Acanthaluteres brownii</i><br>(Spinytail Leatherjacket),0,0,0,0,0,0,0
m1_fish,M1 fish,region,Kangaroo Island,Kangaroo Island,Bloom 2026-02,20,Monacanthidae__Acanthaluteres__spilomelanurus,Monacanthidae Acanthaluteres spilomelanurus,Actinopterygii,Monacanthidae,Acanthaluteres,spilomelanurus,Bridled Leatherjacket,<i>Acanthaluteres spilomelanurus</i><br>(Bridled Leatherjacket),0,0,0,0,0,0,0
m1_fish,M1 fish,region,Kangaroo Island,Kangaroo Island,Bloom 2026-02,20,Monacanthidae__Acanthaluteres__vittiger,Monacanthidae Acanthaluteres vittiger,Actinopterygii,Monacanthidae,Acanthaluteres,vittiger,Toothbrush Leatherjacket,<i>Acanthaluteres vittiger</i><br>(Toothbrush Leatherjacket),0,0,0,0,0,0,0
m1_fish,M1 fish,region,Kangaroo Island,Kangaroo Island,Bloom 2026-02,20,Monacanthidae__Brachaluteres__jacksonianus,Monacanthidae Brachaluteres jacksonianus,Actinopterygii,Monacanthidae,Brachaluteres,jacksonianus,Southern Pygmy Leatherjacket,<i>Brachaluteres jacksonianus</i><br>(Southern Pygmy Leatherjacket),0,0,0,0,0,0,0
m1_fish,M1 fish,region,Kangaroo Island,Kangaroo Island,Bloom 2026-02,20,Monacanthidae__Eubalichthys__gunnii,Monacanthidae Eubalichthys gunnii,Actinopterygii,Monacanthidae,Eubalichthys,gunnii,Gunn's Leatherjacket,<i>Eubalichthys gunnii</i><br>(Gunn's Leatherjacket),0,0,0,0,0,0,0
m1_fish,M1 fish,region,Kangaroo Island,Kangaroo Island,Bloom 2026-02,20,Monacanthidae__Eubalichthys__mosaicus,Monacanthidae Eubalichthys mosaicus,Actinopterygii,Monacanthidae,Eubalichthys,mosaicus,Mosaic Leatherjacket,<i>Eubalichthys mosaicus</i><br>(Mosaic Leatherjacket),0,0,0,0,0,0,0
m1_fish,M1 fish,region,Kangaroo Island,Kangaroo Island,Bloom 2026-02,20,Monacanthidae__Meuschenia__flavolineata,Monacanthidae Meuschenia flavolineata,Actinopterygii,Monacanthidae,Meuschenia,flavolineata,Yellowstriped Leatherjacket,<i>Meuschenia flavolineata</i><br>(Yellowstriped Leatherjacket),6,7.5,14.75,30,10.246950765959598,0.375,0.17724128662422456
m1_fish,M1 fish,region,Kangaroo Island,Kangaroo Island,Bloom 2026-02,20,Monacanthidae__Meuschenia__freycineti,Monacanthidae Meuschenia freycineti,Actinopterygii,Monacanthidae,Meuschenia,freycineti,Sixspine Leatherjacket,<i>Meuschenia freycineti</i><br>(Sixspine Leatherjacket),0,0,0,0,0,0,0
m1_fish,M1 fish,region,Kangaroo Island,Kangaroo Island,Bloom 2026-02,20,Monacanthidae__Meuschenia__galii,Monacanthidae Meuschenia galii,Actinopterygii,Monacanthidae,Meuschenia,galii,Bluelined Leatherjacket,<i>Meuschenia galii</i><br>(Bluelined Leatherjacket),0,0,0,0,0,0,0
m1_fish,M1 fish,region,Kangaroo Island,Kangaroo Island,Bloom 2026-02,20,Monacanthidae__Meuschenia__hippocrepis,Monacanthidae Meuschenia hippocrepis,Actinopterygii,Monacanthidae,Meuschenia,hippocrepis,Horseshoe Leatherjacket,<i>Meuschenia hippocrepis</i><br>(Horseshoe Leatherjacket),9,8.5,9.75,45,11.124297730643494,0.425,0.1270878270703913
m1_fish,M1 fish,region,Kangaroo Island,Kangaroo Island,Bloom 2026-02,20,Monacanthidae__Meuschenia__venusta,Monacanthidae Meuschenia venusta,Actinopterygii,Monacanthidae,Meuschenia,venusta,Stars-and-stripes Leatherjacket,<i>Meuschenia venusta</i><br>(Stars-and-stripes Leatherjacket),0,0,0,0,0,0,0
m1_fish,M1 fish,region,Kangaroo Island,Kangaroo Island,Bloom 2026-02,20,Monacanthidae__Scobinichthys__granulatus,Monacanthidae Scobinichthys granulatus,Actinopterygii,Monacanthidae,Scobinichthys,granulatus,Rough Leatherjacket,<i>Scobinichthys granulatus</i><br>(Rough Leatherjacket),0,0,0,0,0,0,0
m1_fish,M1 fish,region,Kangaroo Island,Kangaroo Island,Bloom 2026-02,20,Monacanthidae__Thamnaconus__degeni,Monacanthidae Thamnaconus degeni,Actinopterygii,Monacanthidae,Thamnaconus,degeni,Bluefin Leatherjacket,<i>Thamnaconus degeni</i><br>(Bluefin Leatherjacket),0,0,0,0,0,0,0
m1_fish,M1 fish,region,Kangaroo Island,Kangaroo Island,Bloom 2026-02,20,Mullidae__Upeneichthys__vlamingii,Mullidae Upeneichthys vlamingii,Actinopterygii,Mullidae,Upeneichthys,vlamingii,Bluespotted Goatfish,<i>Upeneichthys vlamingii</i><br>(Bluespotted Goatfish),0,0,0,0,0,0,0
m1_fish,M1 fish,region,Kangaroo Island,Kangaroo Island,Bloom 2026-02,20,Myliobatidae__Myliobatis__tenuicaudatus,Myliobatidae Myliobatis tenuicaudatus,Elasmobranchii,Myliobatidae,Myliobatis,tenuicaudatus,Southern Eagle Ray,<i>Myliobatis tenuicaudatus</i><br>(Southern Eagle Ray),0,0,0,0,0,0,0
m1_fish,M1 fish,region,Kangaroo Island,Kangaroo Island,Bloom 2026-02,20,Ophiclinidae__Ophiclinus__spp,Ophiclinidae Ophiclinus spp,Actinopterygii,Ophiclinidae,Ophiclinus,spp,NA,<i>Ophiclinus spp</i>,0,0,0,0,0,0,0
m1_fish,M1 fish,region,Kangaroo Island,Kangaroo Island,Bloom 2026-02,20,Parascylliidae__Parascyllium__ferrugineum,Parascylliidae Parascyllium ferrugineum,Elasmobranchii,Parascylliidae,Parascyllium,ferrugineum,Rusty Carpetshark,<i>Parascyllium ferrugineum</i><br>(Rusty Carpetshark),0,0,0,0,0,0,0
m1_fish,M1 fish,region,Kangaroo Island,Kangaroo Island,Bloom 2026-02,20,Parascylliidae__Parascyllium__variolatum,Parascylliidae Parascyllium variolatum,Elasmobranchii,Parascylliidae,Parascyllium,variolatum,Varied Carpetshark,<i>Parascyllium variolatum</i><br>(Varied Carpetshark),0,0,0,0,0,0,0
m1_fish,M1 fish,region,Kangaroo Island,Kangaroo Island,Bloom 2026-02,20,Pataecidae__Aetapcus__maculatus,Pataecidae Aetapcus maculatus,Actinopterygii,Pataecidae,Aetapcus,maculatus,Warty Prowfish,<i>Aetapcus maculatus</i><br>(Warty Prowfish),0,0,0,0,0,0,0
m1_fish,M1 fish,region,Kangaroo Island,Kangaroo Island,Bloom 2026-02,20,Pempherididae__Parapriacanthus__elongatus,Pempherididae Parapriacanthus elongatus,Actinopterygii,Pempherididae,Parapriacanthus,elongatus,Elongate Bullseye,<i>Parapriacanthus elongatus</i><br>(Elongate Bullseye),0,0,0,0,0,0,0
m1_fish,M1 fish,region,Kangaroo Island,Kangaroo Island,Bloom 2026-02,20,Pempherididae__Pempheris__klunzingeri,Pempherididae Pempheris klunzingeri,Actinopterygii,Pempherididae,Pempheris,klunzingeri,Rough Bullseye,<i>Pempheris klunzingeri</i><br>(Rough Bullseye),0,0,0,0,0,0,0
m1_fish,M1 fish,region,Kangaroo Island,Kangaroo Island,Bloom 2026-02,20,Pempherididae__Pempheris__multiradiata,Pempherididae Pempheris multiradiata,Actinopterygii,Pempherididae,Pempheris,multiradiata,Bigscale Bullseye,<i>Pempheris multiradiata</i><br>(Bigscale Bullseye),2,30.5,816.25,10,6.708203932499369,1.525,1.4232445327490282
m1_fish,M1 fish,region,Kangaroo Island,Kangaroo Island,Bloom 2026-02,20,Pempherididae__Pempheris__ornata,Pempherididae Pempheris ornata,Actinopterygii,Pempherididae,Pempheris,ornata,Orangelined Bullseye,<i>Pempheris ornata</i><br>(Orangelined Bullseye),0,0,0,0,0,0,0
m1_fish,M1 fish,region,Kangaroo Island,Kangaroo Island,Bloom 2026-02,20,Pempherididae__Pempheris__spp,Pempherididae Pempheris spp,Actinopterygii,Pempherididae,Pempheris,spp,NA,<i>Pempheris spp</i>,0,0,0,0,0,0,0
m1_fish,M1 fish,region,Kangaroo Island,Kangaroo Island,Bloom 2026-02,20,Pentacerotidae__Pentaceropsis__recurvirostris,Pentacerotidae Pentaceropsis recurvirostris,Actinopterygii,Pentacerotidae,Pentaceropsis,recurvirostris,Longsnout Boarfish,<i>Pentaceropsis recurvirostris</i><br>(Longsnout Boarfish),1,0.5,0.25,5,4.873397172404482,0.025,0.024999999999999998
m1_fish,M1 fish,region,Kangaroo Island,Kangaroo Island,Bloom 2026-02,20,Pinguipedidae__Parapercis__haackei,Pinguipedidae Parapercis haackei,Actinopterygii,Pinguipedidae,Parapercis,haackei,Wavy Grubfish,<i>Parapercis haackei</i><br>(Wavy Grubfish),0,0,0,0,0,0,0
m1_fish,M1 fish,region,Kangaroo Island,Kangaroo Island,Bloom 2026-02,20,Pinguipedidae__Parapercis__ramsayi,Pinguipedidae Parapercis ramsayi,Actinopterygii,Pinguipedidae,Parapercis,ramsayi,Spotted Grubfish,<i>Parapercis ramsayi</i><br>(Spotted Grubfish),0,0,0,0,0,0,0
m1_fish,M1 fish,region,Kangaroo Island,Kangaroo Island,Bloom 2026-02,20,Platycephalidae__Leviprora__inops,Platycephalidae Leviprora inops,Actinopterygii,Platycephalidae,Leviprora,inops,Longhead Flathead,<i>Leviprora inops</i><br>(Longhead Flathead),0,0,0,0,0,0,0
m1_fish,M1 fish,region,Kangaroo Island,Kangaroo Island,Bloom 2026-02,20,Platycephalidae__Platycephalus__laevigatus,Platycephalidae Platycephalus laevigatus,Actinopterygii,Platycephalidae,Platycephalus,laevigatus,Rock Flathead,<i>Platycephalus laevigatus</i><br>(Rock Flathead),0,0,0,0,0,0,0
m1_fish,M1 fish,region,Kangaroo Island,Kangaroo Island,Bloom 2026-02,20,Platycephalidae__Platycephalus__speculator,Platycephalidae Platycephalus speculator,Actinopterygii,Platycephalidae,Platycephalus,speculator,Southern Bluespotted Flathead,<i>Platycephalus speculator</i><br>(Southern Bluespotted Flathead),0,0,0,0,0,0,0
m1_fish,M1 fish,region,Kangaroo Island,Kangaroo Island,Bloom 2026-02,20,Plesiopidae__Paraplesiops__meleagris,Plesiopidae Paraplesiops meleagris,Actinopterygii,Plesiopidae,Paraplesiops,meleagris,Southern Blue Devil,<i>Paraplesiops meleagris</i><br>(Southern Blue Devil),1,0.5,0.25,5,4.873397172404482,0.025,0.024999999999999998
m1_fish,M1 fish,region,Kangaroo Island,Kangaroo Island,Bloom 2026-02,20,Plesiopidae__Trachinops__caudimaculatus,Plesiopidae Trachinops caudimaculatus,Actinopterygii,Plesiopidae,Trachinops,caudimaculatus,Southern Hulafish,<i>Trachinops caudimaculatus</i><br>(Southern Hulafish),0,0,0,0,0,0,0
m1_fish,M1 fish,region,Kangaroo Island,Kangaroo Island,Bloom 2026-02,20,Plesiopidae__Trachinops__noarlungae,Plesiopidae Trachinops noarlungae,Actinopterygii,Plesiopidae,Trachinops,noarlungae,Yellowhead Hulafish,<i>Trachinops noarlungae</i><br>(Yellowhead Hulafish),2,62.5,3331.25,10,6.708203932499369,3.125,2.8727107590676715
m1_fish,M1 fish,region,Kangaroo Island,Kangaroo Island,Bloom 2026-02,20,Plotosidae__Cnidoglanis__macrocephalus,Plotosidae Cnidoglanis macrocephalus,Actinopterygii,Plotosidae,Cnidoglanis,macrocephalus,Estuary Cobbler,<i>Cnidoglanis macrocephalus</i><br>(Estuary Cobbler),0,0,0,0,0,0,0
m1_fish,M1 fish,region,Kangaroo Island,Kangaroo Island,Bloom 2026-02,20,Pomacentridae__Parma__victoriae,Pomacentridae Parma victoriae,Actinopterygii,Pomacentridae,Parma,victoriae,Scalyfin,<i>Parma victoriae</i><br>(Scalyfin),19,19.5,29.75,95,4.873397172404484,0.975,0.1680969331884684
m1_fish,M1 fish,region,Kangaroo Island,Kangaroo Island,Bloom 2026-02,20,Scombridae__Scomber__australasicus,Scombridae Scomber australasicus,Actinopterygii,Scombridae,Scomber,australasicus,Blue Mackerel,<i>Scomber australasicus</i><br>(Blue Mackerel),0,0,0,0,0,0,0
m1_fish,M1 fish,region,Kangaroo Island,Kangaroo Island,Bloom 2026-02,20,Scorpididae__Scorpis__aequipinnis,Scorpididae Scorpis aequipinnis,Actinopterygii,Scorpididae,Scorpis,aequipinnis,Sea Sweep,<i>Scorpis aequipinnis</i><br>(Sea Sweep),20,440,13497.5,100,0,22,3.169550856443062
m1_fish,M1 fish,region,Kangaroo Island,Kangaroo Island,Bloom 2026-02,20,Scorpididae__Scorpis__georgiana,Scorpididae Scorpis georgiana,Actinopterygii,Scorpididae,Scorpis,georgiana,Banded Sweep,<i>Scorpis georgiana</i><br>(Banded Sweep),0,0,0,0,0,0,0
m1_fish,M1 fish,region,Kangaroo Island,Kangaroo Island,Bloom 2026-02,20,Scorpididae__Scorpis__lineolata,Scorpididae Scorpis lineolata,Actinopterygii,Scorpididae,Scorpis,lineolata,Silver Sweep,<i>Scorpis lineolata</i><br>(Silver Sweep),0,0,0,0,0,0,0
m1_fish,M1 fish,region,Kangaroo Island,Kangaroo Island,Bloom 2026-02,20,Serranidae__Caesioperca__rasor,Serranidae Caesioperca rasor,Actinopterygii,Serranidae,Caesioperca,rasor,Barber Perch,<i>Caesioperca rasor</i><br>(Barber Perch),2,2,2.5,10,6.708203932499369,0.1,0.0777986605215499
m1_fish,M1 fish,region,Kangaroo Island,Kangaroo Island,Bloom 2026-02,20,Serranidae__Hypoplectrodes__nigroruber,Serranidae Hypoplectrodes nigroruber,Actinopterygii,Serranidae,Hypoplectrodes,nigroruber,Banded Seaperch,<i>Hypoplectrodes nigroruber</i><br>(Banded Seaperch),0,0,0,0,0,0,0
m1_fish,M1 fish,region,Kangaroo Island,Kangaroo Island,Bloom 2026-02,20,Serranidae__Othos__dentex,Serranidae Othos dentex,Actinopterygii,Serranidae,Othos,dentex,Harlequin Fish,<i>Othos dentex</i><br>(Harlequin Fish),1,0.5,0.25,5,4.873397172404482,0.025,0.024999999999999998
m1_fish,M1 fish,region,Kangaroo Island,Kangaroo Island,Bloom 2026-02,20,Sillaginidae__Sillaginidae__spp,Sillaginidae Unknown spp,Actinopterygii,Sillaginidae,Sillaginidae,spp,NA,<i>Sillaginidae spp</i>,0,0,0,0,0,0,0
m1_fish,M1 fish,region,Kangaroo Island,Kangaroo Island,Bloom 2026-02,20,Sillaginidae__Sillaginodes__punctatus,Sillaginidae Sillaginodes punctatus,Actinopterygii,Sillaginidae,Sillaginodes,punctatus,King George Whiting,<i>Sillaginodes punctatus</i><br>(King George Whiting),0,0,0,0,0,0,0
m1_fish,M1 fish,region,Kangaroo Island,Kangaroo Island,Bloom 2026-02,20,Sparidae__Acanthopagrus__butcheri,Sparidae Acanthopagrus butcheri,Actinopterygii,Sparidae,Acanthopagrus,butcheri,Black Bream,<i>Acanthopagrus butcheri</i><br>(Black Bream),0,0,0,0,0,0,0
m1_fish,M1 fish,region,Kangaroo Island,Kangaroo Island,Bloom 2026-02,20,Sparidae__Chrysophrys__auratus,Sparidae Chrysophrys auratus,Actinopterygii,Sparidae,Chrysophrys,auratus,Snapper,<i>Chrysophrys auratus</i><br>(Snapper),1,0.5,0.25,5,4.873397172404482,0.025,0.024999999999999998
m1_fish,M1 fish,region,Kangaroo Island,Kangaroo Island,Bloom 2026-02,20,Sphyraenidae__Sphyraena__novaehollandiae,Sphyraenidae Sphyraena novaehollandiae,Actinopterygii,Sphyraenidae,Sphyraena,novaehollandiae,Snook,<i>Sphyraena novaehollandiae</i><br>(Snook),0,0,0,0,0,0,0
m1_fish,M1 fish,region,Kangaroo Island,Kangaroo Island,Bloom 2026-02,20,Syngnathidae__Phycodurus__eques,Syngnathidae Phycodurus eques,Actinopterygii,Syngnathidae,Phycodurus,eques,Leafy Seadragon,<i>Phycodurus eques</i><br>(Leafy Seadragon),0,0,0,0,0,0,0
m1_fish,M1 fish,region,Kangaroo Island,Kangaroo Island,Bloom 2026-02,20,Syngnathidae__Phyllopteryx__taeniolatus,Syngnathidae Phyllopteryx taeniolatus,Actinopterygii,Syngnathidae,Phyllopteryx,taeniolatus,Common Seadragon,<i>Phyllopteryx taeniolatus</i><br>(Common Seadragon),0,0,0,0,0,0,0
m1_fish,M1 fish,region,Kangaroo Island,Kangaroo Island,Bloom 2026-02,20,Syngnathidae__Pugnaso__curtirostris,Syngnathidae Pugnaso curtirostris,Actinopterygii,Syngnathidae,Pugnaso,curtirostris,Pugnose Pipefish,<i>Pugnaso curtirostris</i><br>(Pugnose Pipefish),0,0,0,0,0,0,0
m1_fish,M1 fish,region,Kangaroo Island,Kangaroo Island,Bloom 2026-02,20,Terapontidae__Helotes__octolineatus,Terapontidae Helotes octolineatus,Actinopterygii,Terapontidae,Helotes,octolineatus,NA,<i>Helotes octolineatus</i>,0,0,0,0,0,0,0
m1_fish,M1 fish,region,Kangaroo Island,Kangaroo Island,Bloom 2026-02,20,Tetraodontidae__Omegophora__armilla,Tetraodontidae Omegophora armilla,Actinopterygii,Tetraodontidae,Omegophora,armilla,Ringed Toadfish,<i>Omegophora armilla</i><br>(Ringed Toadfish),0,0,0,0,0,0,0
m1_fish,M1 fish,region,Kangaroo Island,Kangaroo Island,Bloom 2026-02,20,Tetraodontidae__Omegophora__cyanopunctata,Tetraodontidae Omegophora cyanopunctata,Actinopterygii,Tetraodontidae,Omegophora,cyanopunctata,Bluespotted Toadfish,<i>Omegophora cyanopunctata</i><br>(Bluespotted Toadfish),0,0,0,0,0,0,0
m1_fish,M1 fish,region,Kangaroo Island,Kangaroo Island,Bloom 2026-02,20,Tetraodontidae__Tetractenos__glaber,Tetraodontidae Tetractenos glaber,Actinopterygii,Tetraodontidae,Tetractenos,glaber,Smooth Toadfish,<i>Tetractenos glaber</i><br>(Smooth Toadfish),0,0,0,0,0,0,0
m1_fish,M1 fish,region,Kangaroo Island,Kangaroo Island,Bloom 2026-02,20,Tetraodontidae__Torquigener__pleurogramma,Tetraodontidae Torquigener pleurogramma,Actinopterygii,Tetraodontidae,Torquigener,pleurogramma,Weeping Toadfish,<i>Torquigener pleurogramma</i><br>(Weeping Toadfish),0,0,0,0,0,0,0
m1_fish,M1 fish,region,Kangaroo Island,Kangaroo Island,Bloom 2026-02,20,Trachichthyidae__Trachichthys__australis,Trachichthyidae Trachichthys australis,Actinopterygii,Trachichthyidae,Trachichthys,australis,Southern Roughy,<i>Trachichthys australis</i><br>(Southern Roughy),0,0,0,0,0,0,0
m1_fish,M1 fish,region,Kangaroo Island,Kangaroo Island,Bloom 2026-02,20,Tripterygiidae__Helcogramma__decurrens,Tripterygiidae Helcogramma decurrens,Actinopterygii,Tripterygiidae,Helcogramma,decurrens,Blackthroat Threefin,<i>Helcogramma decurrens</i><br>(Blackthroat Threefin),0,0,0,0,0,0,0
m1_fish,M1 fish,region,Kangaroo Island,Kangaroo Island,Bloom 2026-02,20,Tripterygiidae__Trinorfolkia__clarkei,Tripterygiidae Trinorfolkia clarkei,Actinopterygii,Tripterygiidae,Trinorfolkia,clarkei,Clark's Threefin,<i>Trinorfolkia clarkei</i><br>(Clark's Threefin),0,0,0,0,0,0,0
m1_fish,M1 fish,region,Kangaroo Island,Kangaroo Island,Bloom 2026-02,20,Tripterygiidae__Trinorfolkia__cristata,Tripterygiidae Trinorfolkia cristata,Actinopterygii,Tripterygiidae,Trinorfolkia,cristata,Crested Threefin,<i>Trinorfolkia cristata</i><br>(Crested Threefin),0,0,0,0,0,0,0
m1_fish,M1 fish,region,Kangaroo Island,Kangaroo Island,Bloom 2026-02,20,Tripterygiidae__Tripterygiidae__spp,Tripterygiidae Unknown spp,Actinopterygii,Tripterygiidae,Tripterygiidae,spp,NA,<i>Tripterygiidae spp</i>,0,0,0,0,0,0,0
m1_fish,M1 fish,region,Kangaroo Island,Kangaroo Island,Bloom 2026-02,20,Trygonorrhinidae__Aptychotrema__vincentiana,Trygonorrhinidae Aptychotrema vincentiana,Elasmobranchii,Trygonorrhinidae,Aptychotrema,vincentiana,Western Shovelnose Ray,<i>Aptychotrema vincentiana</i><br>(Western Shovelnose Ray),0,0,0,0,0,0,0
m1_fish,M1 fish,region,Kangaroo Island,Kangaroo Island,Bloom 2026-02,20,Trygonorrhinidae__Trygonorrhina__fasciata,Trygonorrhinidae Trygonorrhina fasciata,Elasmobranchii,Trygonorrhinidae,Trygonorrhina,fasciata,Eastern Fiddler Ray,<i>Trygonorrhina fasciata</i><br>(Eastern Fiddler Ray),0,0,0,0,0,0,0
m1_fish,M1 fish,region,Kangaroo Island,Kangaroo Island,Bloom 2026-02,20,Urolophidae__Urolophus__spp,Urolophidae Urolophus spp,Elasmobranchii,Urolophidae,Urolophus,spp,NA,<i>Urolophus spp</i>,0,0,0,0,0,0,0
m1_fish,M1 fish,region,Kangaroo Island,Kangaroo Island,Pre-bloom,128,Antennariidae__Rhycherus__filamentosus,Antennariidae Rhycherus filamentosus,Actinopterygii,Antennariidae,Rhycherus,filamentosus,Tasselled Anglerfish,<i>Rhycherus filamentosus</i><br>(Tasselled Anglerfish),0,0,0,0,0,0,0
m1_fish,M1 fish,region,Kangaroo Island,Kangaroo Island,Pre-bloom,128,Aplodactylidae__Aplodactylus__arctidens,Aplodactylidae Aplodactylus arctidens,Actinopterygii,Aplodactylidae,Aplodactylus,arctidens,Marblefish,<i>Aplodactylus arctidens</i><br>(Marblefish),10,8,8,7.8125,2.372062070603734,0.0625,0.021479481144483458
m1_fish,M1 fish,region,Kangaroo Island,Kangaroo Island,Pre-bloom,128,Aplodactylidae__Aplodactylus__westralis,Aplodactylidae Aplodactylus westralis,Actinopterygii,Aplodactylidae,Aplodactylus,westralis,Western Seacarp,<i>Aplodactylus westralis</i><br>(Western Seacarp),2,1.5,1.25,1.5625,1.0961886875314282,0.01171875,0.00870708639735497
m1_fish,M1 fish,region,Kangaroo Island,Kangaroo Island,Pre-bloom,128,Apogonidae__Ostorhinchus__victoriae,Apogonidae Ostorhinchus victoriae,Actinopterygii,Apogonidae,Ostorhinchus,victoriae,Western Striped Cardinalfish,<i>Ostorhinchus victoriae</i><br>(Western Striped Cardinalfish),0,0,0,0,0,0,0
m1_fish,M1 fish,region,Kangaroo Island,Kangaroo Island,Pre-bloom,128,Apogonidae__Siphamia__cephalotes,Apogonidae Siphamia cephalotes,Actinopterygii,Apogonidae,Siphamia,cephalotes,Wood's Siphonfish,<i>Siphamia cephalotes</i><br>(Wood's Siphonfish),24,322,19267,18.75,3.4499065884093154,2.515625,1.0655487971229645
m1_fish,M1 fish,region,Kangaroo Island,Kangaroo Island,Pre-bloom,128,Apogonidae__Vincentia__conspersa,Apogonidae Vincentia conspersa,Actinopterygii,Apogonidae,Vincentia,conspersa,Southern Cardinalfish,<i>Vincentia conspersa</i><br>(Southern Cardinalfish),0,0,0,0,0,0,0
m1_fish,M1 fish,region,Kangaroo Island,Kangaroo Island,Pre-bloom,128,Aracanidae__Anoplocapros__amygdaloides,Aracanidae Anoplocapros amygdaloides,Actinopterygii,Aracanidae,Anoplocapros,amygdaloides,Western Smooth Boxfish,<i>Anoplocapros amygdaloides</i><br>(Western Smooth Boxfish),0,0,0,0,0,0,0
m1_fish,M1 fish,region,Kangaroo Island,Kangaroo Island,Pre-bloom,128,Aracanidae__Anoplocapros__lenticularis,Aracanidae Anoplocapros lenticularis,Actinopterygii,Aracanidae,Anoplocapros,lenticularis,Whitebarred Boxfish,<i>Anoplocapros lenticularis</i><br>(Whitebarred Boxfish),1,0.5,0.25,0.78125,0.7781922583256459,0.00390625,0.00390625
m1_fish,M1 fish,region,Kangaroo Island,Kangaroo Island,Pre-bloom,128,Aracanidae__Aracana__aurita,Aracanidae Aracana aurita,Actinopterygii,Aracanidae,Aracana,aurita,Shaw's Cowfish,<i>Aracana aurita</i><br>(Shaw's Cowfish),0,0,0,0,0,0,0
m1_fish,M1 fish,region,Kangaroo Island,Kangaroo Island,Pre-bloom,128,Aracanidae__Aracana__ornata,Aracanidae Aracana ornata,Actinopterygii,Aracanidae,Aracana,ornata,Ornate Cowfish,<i>Aracana ornata</i><br>(Ornate Cowfish),0,0,0,0,0,0,0
m1_fish,M1 fish,region,Kangaroo Island,Kangaroo Island,Pre-bloom,128,Arripidae__Arripis__georgianus,Arripidae Arripis georgianus,Actinopterygii,Arripidae,Arripis,georgianus,Australian Herring,<i>Arripis georgianus</i><br>(Australian Herring),0,0,0,0,0,0,0
m1_fish,M1 fish,region,Kangaroo Island,Kangaroo Island,Pre-bloom,128,Arripidae__Arripis__spp,Arripidae Arripis spp,Actinopterygii,Arripidae,Arripis,spp,NA,<i>Arripis spp</i>,0,0,0,0,0,0,0
m1_fish,M1 fish,region,Kangaroo Island,Kangaroo Island,Pre-bloom,128,Arripidae__Arripis__truttaceus,Arripidae Arripis truttaceus,Actinopterygii,Arripidae,Arripis,truttaceus,Western Australian Salmon,<i>Arripis truttaceus</i><br>(Western Australian Salmon),1,20,400,0.78125,0.7781922583256459,0.15625,0.15625
m1_fish,M1 fish,region,Kangaroo Island,Kangaroo Island,Pre-bloom,128,Atherinidae__Atherinidae__spp,Atherinidae Unknown spp,Actinopterygii,Atherinidae,Atherinidae,spp,NA,<i>Atherinidae spp</i>,0,0,0,0,0,0,0
m1_fish,M1 fish,region,Kangaroo Island,Kangaroo Island,Pre-bloom,128,Berycidae__Centroberyx__gerrardi,Berycidae Centroberyx gerrardi,Actinopterygii,Berycidae,Centroberyx,gerrardi,Bight Redfish,<i>Centroberyx gerrardi</i><br>(Bight Redfish),0,0,0,0,0,0,0
m1_fish,M1 fish,region,Kangaroo Island,Kangaroo Island,Pre-bloom,128,Berycidae__Centroberyx__lineatus,Berycidae Centroberyx lineatus,Actinopterygii,Berycidae,Centroberyx,lineatus,Swallowtail,<i>Centroberyx lineatus</i><br>(Swallowtail),0,0,0,0,0,0,0
m1_fish,M1 fish,region,Kangaroo Island,Kangaroo Island,Pre-bloom,128,Bovichtidae__Bovichtus__angustifrons,Bovichtidae Bovichtus angustifrons,Actinopterygii,Bovichtidae,Bovichtus,angustifrons,Dragonet,<i>Bovichtus angustifrons</i><br>(Dragonet),0,0,0,0,0,0,0
m1_fish,M1 fish,region,Kangaroo Island,Kangaroo Island,Pre-bloom,128,Callionymidae__Eocallionymus__papilio,Callionymidae Eocallionymus papilio,Actinopterygii,Callionymidae,Eocallionymus,papilio,Painted Stinkfish,<i>Eocallionymus papilio</i><br>(Painted Stinkfish),0,0,0,0,0,0,0
m1_fish,M1 fish,region,Kangaroo Island,Kangaroo Island,Pre-bloom,128,Carangidae__Pseudocaranx__spp,Carangidae Pseudocaranx spp,Actinopterygii,Carangidae,Pseudocaranx,spp,NA,<i>Pseudocaranx spp</i>,1,15,225,0.78125,0.7781922583256459,0.1171875,0.1171875
m1_fish,M1 fish,region,Kangaroo Island,Kangaroo Island,Pre-bloom,128,Carangidae__Seriola__lalandi,Carangidae Seriola lalandi,Actinopterygii,Carangidae,Seriola,lalandi,Yellowtail Kingfish,<i>Seriola lalandi</i><br>(Yellowtail Kingfish),0,0,0,0,0,0,0
m1_fish,M1 fish,region,Kangaroo Island,Kangaroo Island,Pre-bloom,128,Carangidae__Trachurus__novaezelandiae,Carangidae Trachurus novaezelandiae,Actinopterygii,Carangidae,Trachurus,novaezelandiae,Yellowtail Scad,<i>Trachurus novaezelandiae</i><br>(Yellowtail Scad),0,0,0,0,0,0,0
m1_fish,M1 fish,region,Kangaroo Island,Kangaroo Island,Pre-bloom,128,Chaetodontidae__Chelmonops__curiosus,Chaetodontidae Chelmonops curiosus,Actinopterygii,Chaetodontidae,Chelmonops,curiosus,Western Talma,<i>Chelmonops curiosus</i><br>(Western Talma),43,44,64.5,33.59375,4.174733300742003,0.34375,0.05511206817980176
m1_fish,M1 fish,region,Kangaroo Island,Kangaroo Island,Pre-bloom,128,Cheilodactylidae__Cheilodactylus__nigripes,Cheilodactylidae Cheilodactylus nigripes,Actinopterygii,Cheilodactylidae,Cheilodactylus,nigripes,Magpie Perch,<i>Cheilodactylus nigripes</i><br>(Magpie Perch),123,198,440,96.09375,1.7124685465576348,1.546875,0.09069624541339412
m1_fish,M1 fish,region,Kangaroo Island,Kangaroo Island,Pre-bloom,128,Cheilodactylidae__Cheilodactylus__spectabilis,Cheilodactylidae Cheilodactylus spectabilis,Actinopterygii,Cheilodactylidae,Cheilodactylus,spectabilis,Banded Morwong,<i>Cheilodactylus spectabilis</i><br>(Banded Morwong),0,0,0,0,0,0,0
m1_fish,M1 fish,region,Kangaroo Island,Kangaroo Island,Pre-bloom,128,Cheilodactylidae__Dactylophora__nigricans,Cheilodactylidae Dactylophora nigricans,Actinopterygii,Cheilodactylidae,Dactylophora,nigricans,Dusky Morwong,<i>Dactylophora nigricans</i><br>(Dusky Morwong),69,68.5,103.25,53.90625,4.405909748332258,0.53515625,0.06400347019909988
m1_fish,M1 fish,region,Kangaroo Island,Kangaroo Island,Pre-bloom,128,Cheilodactylidae__Nemadactylus__valenciennesi,Cheilodactylidae Nemadactylus valenciennesi,Actinopterygii,Cheilodactylidae,Nemadactylus,valenciennesi,Blue Morwong,<i>Nemadactylus valenciennesi</i><br>(Blue Morwong),9,6.5,8.25,7.03125,2.2598508721496358,0.05078125,0.02207260561174493
m1_fish,M1 fish,region,Kangaroo Island,Kangaroo Island,Pre-bloom,128,Chironemidae__Chironemus__georgianus,Chironemidae Chironemus georgianus,Actinopterygii,Chironemidae,Chironemus,georgianus,Western Kelpfish,<i>Chironemus georgianus</i><br>(Western Kelpfish),0,0,0,0,0,0,0
m1_fish,M1 fish,region,Kangaroo Island,Kangaroo Island,Pre-bloom,128,Chironemidae__Chironemus__maculosus,Chironemidae Chironemus maculosus,Actinopterygii,Chironemidae,Chironemus,maculosus,Silver Spot,<i>Chironemus maculosus</i><br>(Silver Spot),1,0.5,0.25,0.78125,0.7781922583256459,0.00390625,0.00390625
m1_fish,M1 fish,region,Kangaroo Island,Kangaroo Island,Pre-bloom,128,Clinidae__Heteroclinus__spp,Clinidae Heteroclinus spp,Actinopterygii,Clinidae,Heteroclinus,spp,NA,<i>Heteroclinus spp</i>,0,0,0,0,0,0,0
m1_fish,M1 fish,region,Kangaroo Island,Kangaroo Island,Pre-bloom,128,Clupeidae__Clupeidae__spp,Clupeidae Unknown spp,Actinopterygii,Clupeidae,Clupeidae,spp,NA,<i>Clupeidae spp</i>,0,0,0,0,0,0,0
m1_fish,M1 fish,region,Kangaroo Island,Kangaroo Island,Pre-bloom,128,Clupeidae__Hyperlophus__vittatus,Clupeidae Hyperlophus vittatus,Actinopterygii,Clupeidae,Hyperlophus,vittatus,Sandy Sprat,<i>Hyperlophus vittatus</i><br>(Sandy Sprat),0,0,0,0,0,0,0
m1_fish,M1 fish,region,Kangaroo Island,Kangaroo Island,Pre-bloom,128,Clupeidae__Spratelloides__robustus,Clupeidae Spratelloides robustus,Actinopterygii,Clupeidae,Spratelloides,robustus,Blue Sprat,<i>Spratelloides robustus</i><br>(Blue Sprat),1,200,40000,0.78125,0.7781922583256459,1.5625,1.5625
m1_fish,M1 fish,region,Kangaroo Island,Kangaroo Island,Pre-bloom,128,Dasyatidae__Bathytoshia__lata,Dasyatidae Bathytoshia lata,Elasmobranchii,Dasyatidae,Bathytoshia,lata,Black Stingray,<i>Bathytoshia lata</i><br>(Black Stingray),0,0,0,0,0,0,0
m1_fish,M1 fish,region,Kangaroo Island,Kangaroo Island,Pre-bloom,128,Dinolestidae__Dinolestes__lewini,Dinolestidae Dinolestes lewini,Actinopterygii,Dinolestidae,Dinolestes,lewini,Longfin Pike,<i>Dinolestes lewini</i><br>(Longfin Pike),28,311.5,7541.25,21.875,3.6539622917714274,2.43359375,0.6459665107050429
m1_fish,M1 fish,region,Kangaroo Island,Kangaroo Island,Pre-bloom,128,Diodontidae__Diodon__nicthemerus,Diodontidae Diodon nicthemerus,Actinopterygii,Diodontidae,Diodon,nicthemerus,Globefish,<i>Diodon nicthemerus</i><br>(Globefish),0,0,0,0,0,0,0
m1_fish,M1 fish,region,Kangaroo Island,Kangaroo Island,Pre-bloom,128,Enoplosidae__Enoplosus__armatus,Enoplosidae Enoplosus armatus,Actinopterygii,Enoplosidae,Enoplosus,armatus,Old Wife,<i>Enoplosus armatus</i><br>(Old Wife),76,354,12137,59.375,4.3410372599400135,2.765625,0.8284870512979107
m1_fish,M1 fish,region,Kangaroo Island,Kangaroo Island,Pre-bloom,128,Gerreidae__Parequula__melbournensis,Gerreidae Parequula melbournensis,Actinopterygii,Gerreidae,Parequula,melbournensis,Silverbelly,<i>Parequula melbournensis</i><br>(Silverbelly),2,1,0.5,1.5625,1.0961886875314282,0.0078125,0.005502479644146988
m1_fish,M1 fish,region,Kangaroo Island,Kangaroo Island,Pre-bloom,128,Girellidae__Girella__tricuspidata,Girellidae Girella tricuspidata,Actinopterygii,Girellidae,Girella,tricuspidata,Luderick,<i>Girella tricuspidata</i><br>(Luderick),1,0.5,0.25,0.78125,0.7781922583256459,0.00390625,0.00390625
m1_fish,M1 fish,region,Kangaroo Island,Kangaroo Island,Pre-bloom,128,Girellidae__Girella__zebra,Girellidae Girella zebra,Actinopterygii,Girellidae,Girella,zebra,Zebrafish,<i>Girella zebra</i><br>(Zebrafish),117,444.5,6089.75,91.40625,2.4772755652277,3.47265625,0.52882897257891
m1_fish,M1 fish,region,Kangaroo Island,Kangaroo Island,Pre-bloom,128,Gobiesocidae__Gobiesocidae__spp,Gobiesocidae Unknown spp,Actinopterygii,Gobiesocidae,Gobiesocidae,spp,NA,<i>Gobiesocidae spp</i>,0,0,0,0,0,0,0
m1_fish,M1 fish,region,Kangaroo Island,Kangaroo Island,Pre-bloom,128,Gobiidae__Gobiidae__spp,Gobiidae Unknown spp,Actinopterygii,Gobiidae,Gobiidae,spp,NA,<i>Gobiidae spp</i>,0,0,0,0,0,0,0
m1_fish,M1 fish,region,Kangaroo Island,Kangaroo Island,Pre-bloom,128,Gobiidae__Nesogobius__pulchellus,Gobiidae Nesogobius pulchellus,Actinopterygii,Gobiidae,Nesogobius,pulchellus,Sailfin Goby,<i>Nesogobius pulchellus</i><br>(Sailfin Goby),0,0,0,0,0,0,0
m1_fish,M1 fish,region,Kangaroo Island,Kangaroo Island,Pre-bloom,128,Heterodontidae__Heterodontus__portusjacksoni,Heterodontidae Heterodontus portusjacksoni,Elasmobranchii,Heterodontidae,Heterodontus,portusjacksoni,Port Jackson Shark,<i>Heterodontus portusjacksoni</i><br>(Port Jackson Shark),0,0,0,0,0,0,0
m1_fish,M1 fish,region,Kangaroo Island,Kangaroo Island,Pre-bloom,128,Hypnidae__Hypnos__monopterygius,Hypnidae Hypnos monopterygius,Elasmobranchii,Hypnidae,Hypnos,monopterygius,Coffin Ray,<i>Hypnos monopterygius</i><br>(Coffin Ray),0,0,0,0,0,0,0
m1_fish,M1 fish,region,Kangaroo Island,Kangaroo Island,Pre-bloom,128,Kyphosidae__Kyphosus__sydneyanus,Kyphosidae Kyphosus sydneyanus,Actinopterygii,Kyphosidae,Kyphosus,sydneyanus,Silver Drummer,<i>Kyphosus sydneyanus</i><br>(Silver Drummer),108,289.5,2657.25,84.375,3.2093118603818325,2.26171875,0.3509760734032485
m1_fish,M1 fish,region,Kangaroo Island,Kangaroo Island,Pre-bloom,128,Labridae__Achoerodus__gouldii,Labridae Achoerodus gouldii,Actinopterygii,Labridae,Achoerodus,gouldii,Western Blue Groper,<i>Achoerodus gouldii</i><br>(Western Blue Groper),114,245.5,804.75,89.0625,2.7586810335596748,1.91796875,0.1433157751597268
m1_fish,M1 fish,region,Kangaroo Island,Kangaroo Island,Pre-bloom,128,Labridae__Austrolabrus__maculatus,Labridae Austrolabrus maculatus,Actinopterygii,Labridae,Austrolabrus,maculatus,Blackspotted Wrasse,<i>Austrolabrus maculatus</i><br>(Blackspotted Wrasse),43,55.5,147.25,33.59375,4.174733300742003,0.43359375,0.08705085331393682
m1_fish,M1 fish,region,Kangaroo Island,Kangaroo Island,Pre-bloom,128,Labridae__Dotalabrus__aurantiacus,Labridae Dotalabrus aurantiacus,Actinopterygii,Labridae,Dotalabrus,aurantiacus,Castelnau's Wrasse,<i>Dotalabrus aurantiacus</i><br>(Castelnau's Wrasse),32,24.5,23.25,25,3.8273277230987155,0.19140625,0.0337900270033818
m1_fish,M1 fish,region,Kangaroo Island,Kangaroo Island,Pre-bloom,128,Labridae__Eupetrichthys__angustipes,Labridae Eupetrichthys angustipes,Actinopterygii,Labridae,Eupetrichthys,angustipes,Snakeskin Wrasse,<i>Eupetrichthys angustipes</i><br>(Snakeskin Wrasse),1,1,1,0.78125,0.7781922583256459,0.0078125,0.0078125
m1_fish,M1 fish,region,Kangaroo Island,Kangaroo Island,Pre-bloom,128,Labridae__Haletta__semifasciata,Labridae Haletta semifasciata,Actinopterygii,Labridae,Haletta,semifasciata,Blue Weed Whiting,<i>Haletta semifasciata</i><br>(Blue Weed Whiting),0,0,0,0,0,0,0
m1_fish,M1 fish,region,Kangaroo Island,Kangaroo Island,Pre-bloom,128,Labridae__Heteroscarus__acroptilus,Labridae Heteroscarus acroptilus,Actinopterygii,Labridae,Heteroscarus,acroptilus,Rainbow Cale,<i>Heteroscarus acroptilus</i><br>(Rainbow Cale),35,25.5,21.75,27.34375,3.939676319129748,0.19921875,0.03202284674677166
m1_fish,M1 fish,region,Kangaroo Island,Kangaroo Island,Pre-bloom,128,Labridae__Neoodax__balteatus,Labridae Neoodax balteatus,Actinopterygii,Labridae,Neoodax,balteatus,Little Weed Whiting,<i>Neoodax balteatus</i><br>(Little Weed Whiting),20,23.5,39.75,15.625,3.2093118603818325,0.18359375,0.046688801365217844
m1_fish,M1 fish,region,Kangaroo Island,Kangaroo Island,Pre-bloom,128,Labridae__Notolabrus__fucicola,Labridae Notolabrus fucicola,Actinopterygii,Labridae,Notolabrus,fucicola,Purple Wrasse,<i>Notolabrus fucicola</i><br>(Purple Wrasse),0,0,0,0,0,0,0
m1_fish,M1 fish,region,Kangaroo Island,Kangaroo Island,Pre-bloom,128,Labridae__Notolabrus__parilus,Labridae Notolabrus parilus,Actinopterygii,Labridae,Notolabrus,parilus,Brownspotted Wrasse,<i>Notolabrus parilus</i><br>(Brownspotted Wrasse),12,6,3,9.375,2.5763488199751796,0.046875,0.012932360185234167
m1_fish,M1 fish,region,Kangaroo Island,Kangaroo Island,Pre-bloom,128,Labridae__Notolabrus__tetricus,Labridae Notolabrus tetricus,Actinopterygii,Labridae,Notolabrus,tetricus,Bluethroat Wrasse,<i>Notolabrus tetricus</i><br>(Bluethroat Wrasse),128,1730.5,38252.25,100,0,13.51953125,0.9559921996900889
m1_fish,M1 fish,region,Kangaroo Island,Kangaroo Island,Pre-bloom,128,Labridae__Olisthops__cyanomelas,Labridae Olisthops cyanomelas,Actinopterygii,Labridae,Olisthops,cyanomelas,Herring Cale,<i>Olisthops cyanomelas</i><br>(Herring Cale),119,288,1030,92.96875,2.2598508721496358,2.25,0.15329388685799408
m1_fish,M1 fish,region,Kangaroo Island,Kangaroo Island,Pre-bloom,128,Labridae__Ophthalmolepis__lineolatus,Labridae Ophthalmolepis lineolatus,Actinopterygii,Labridae,Ophthalmolepis,lineolatus,Southern Maori Wrasse,<i>Ophthalmolepis lineolatus</i><br>(Southern Maori Wrasse),0,0,0,0,0,0,0
m1_fish,M1 fish,region,Kangaroo Island,Kangaroo Island,Pre-bloom,128,Labridae__Pictilabrus__laticlavius,Labridae Pictilabrus laticlavius,Actinopterygii,Labridae,Pictilabrus,laticlavius,Senator Wrasse,<i>Pictilabrus laticlavius</i><br>(Senator Wrasse),108,176.5,473.75,84.375,3.2093118603818325,1.37890625,0.11904440476062086
m1_fish,M1 fish,region,Kangaroo Island,Kangaroo Island,Pre-bloom,128,Labridae__Pseudolabrus__rubicundus,Labridae Pseudolabrus rubicundus,Actinopterygii,Labridae,Pseudolabrus,rubicundus,Rosy Wrasse,<i>Pseudolabrus rubicundus</i><br>(Rosy Wrasse),0,0,0,0,0,0,0
m1_fish,M1 fish,region,Kangaroo Island,Kangaroo Island,Pre-bloom,128,Labridae__Siphonognathus__argyrophanes,Labridae Siphonognathus argyrophanes,Actinopterygii,Labridae,Siphonognathus,argyrophanes,Tubemouth,<i>Siphonognathus argyrophanes</i><br>(Tubemouth),0,0,0,0,0,0,0
m1_fish,M1 fish,region,Kangaroo Island,Kangaroo Island,Pre-bloom,128,Labridae__Siphonognathus__attenuatus,Labridae Siphonognathus attenuatus,Actinopterygii,Labridae,Siphonognathus,attenuatus,Slender Weed Whiting,<i>Siphonognathus attenuatus</i><br>(Slender Weed Whiting),1,0.5,0.25,0.78125,0.7781922583256459,0.00390625,0.00390625
m1_fish,M1 fish,region,Kangaroo Island,Kangaroo Island,Pre-bloom,128,Labridae__Siphonognathus__beddomei,Labridae Siphonognathus beddomei,Actinopterygii,Labridae,Siphonognathus,beddomei,Pencil Weed Whiting,<i>Siphonognathus beddomei</i><br>(Pencil Weed Whiting),113,1561,43802,88.28125,2.842954419533132,12.1953125,1.2342790239150636
m1_fish,M1 fish,region,Kangaroo Island,Kangaroo Island,Pre-bloom,128,Labridae__Siphonognathus__caninis,Labridae Siphonognathus caninis,Actinopterygii,Labridae,Siphonognathus,caninis,Sharpnose Weed Whiting,<i>Siphonognathus caninis</i><br>(Sharpnose Weed Whiting),6,8.5,21.75,4.6875,1.8682740693075188,0.06640625,0.036100481485320225
m1_fish,M1 fish,region,Kangaroo Island,Kangaroo Island,Pre-bloom,128,Labridae__Siphonognathus__radiatus,Labridae Siphonognathus radiatus,Actinopterygii,Labridae,Siphonognathus,radiatus,Longray Weed Whiting,<i>Siphonognathus radiatus</i><br>(Longray Weed Whiting),1,1,1,0.78125,0.7781922583256459,0.0078125,0.0078125
m1_fish,M1 fish,region,Kangaroo Island,Kangaroo Island,Pre-bloom,128,Labridae__Siphonognathus__spp,Labridae Siphonognathus spp,Actinopterygii,Labridae,Siphonognathus,spp,NA,<i>Siphonognathus spp</i>,0,0,0,0,0,0,0
m1_fish,M1 fish,region,Kangaroo Island,Kangaroo Island,Pre-bloom,128,Labridae__Siphonognathus__tanyourus,Labridae Siphonognathus tanyourus,Actinopterygii,Labridae,Siphonognathus,tanyourus,Longtail Weed Whiting,<i>Siphonognathus tanyourus</i><br>(Longtail Weed Whiting),2,1.5,1.25,1.5625,1.0961886875314282,0.01171875,0.00870708639735497
m1_fish,M1 fish,region,Kangaroo Island,Kangaroo Island,Pre-bloom,128,Microcanthidae__Neatypus__obliquus,Microcanthidae Neatypus obliquus,Actinopterygii,Microcanthidae,Neatypus,obliquus,Footballer Sweep,<i>Neatypus obliquus</i><br>(Footballer Sweep),0,0,0,0,0,0,0
m1_fish,M1 fish,region,Kangaroo Island,Kangaroo Island,Pre-bloom,128,Microcanthidae__Tilodon__sexfasciatus,Microcanthidae Tilodon sexfasciatus,Actinopterygii,Microcanthidae,Tilodon,sexfasciatus,Moonlighter,<i>Tilodon sexfasciatus</i><br>(Moonlighter),87,196.5,1225.75,67.96875,4.124170393316148,1.53515625,0.2384244075897745
m1_fish,M1 fish,region,Kangaroo Island,Kangaroo Island,Pre-bloom,128,Monacanthidae__Acanthaluteres__brownii,Monacanthidae Acanthaluteres brownii,Actinopterygii,Monacanthidae,Acanthaluteres,brownii,Spinytail Leatherjacket,<i>Acanthaluteres brownii</i><br>(Spinytail Leatherjacket),32,91.5,518.75,25,3.8273277230987155,0.71484375,0.16699598722337064
m1_fish,M1 fish,region,Kangaroo Island,Kangaroo Island,Pre-bloom,128,Monacanthidae__Acanthaluteres__spilomelanurus,Monacanthidae Acanthaluteres spilomelanurus,Actinopterygii,Monacanthidae,Acanthaluteres,spilomelanurus,Bridled Leatherjacket,<i>Acanthaluteres spilomelanurus</i><br>(Bridled Leatherjacket),0,0,0,0,0,0,0
m1_fish,M1 fish,region,Kangaroo Island,Kangaroo Island,Pre-bloom,128,Monacanthidae__Acanthaluteres__vittiger,Monacanthidae Acanthaluteres vittiger,Actinopterygii,Monacanthidae,Acanthaluteres,vittiger,Toothbrush Leatherjacket,<i>Acanthaluteres vittiger</i><br>(Toothbrush Leatherjacket),3,20,343.5,2.34375,1.337213275159097,0.15625,0.1447011497404926
m1_fish,M1 fish,region,Kangaroo Island,Kangaroo Island,Pre-bloom,128,Monacanthidae__Brachaluteres__jacksonianus,Monacanthidae Brachaluteres jacksonianus,Actinopterygii,Monacanthidae,Brachaluteres,jacksonianus,Southern Pygmy Leatherjacket,<i>Brachaluteres jacksonianus</i><br>(Southern Pygmy Leatherjacket),0,0,0,0,0,0,0
m1_fish,M1 fish,region,Kangaroo Island,Kangaroo Island,Pre-bloom,128,Monacanthidae__Eubalichthys__gunnii,Monacanthidae Eubalichthys gunnii,Actinopterygii,Monacanthidae,Eubalichthys,gunnii,Gunn's Leatherjacket,<i>Eubalichthys gunnii</i><br>(Gunn's Leatherjacket),0,0,0,0,0,0,0
m1_fish,M1 fish,region,Kangaroo Island,Kangaroo Island,Pre-bloom,128,Monacanthidae__Eubalichthys__mosaicus,Monacanthidae Eubalichthys mosaicus,Actinopterygii,Monacanthidae,Eubalichthys,mosaicus,Mosaic Leatherjacket,<i>Eubalichthys mosaicus</i><br>(Mosaic Leatherjacket),0,0,0,0,0,0,0
m1_fish,M1 fish,region,Kangaroo Island,Kangaroo Island,Pre-bloom,128,Monacanthidae__Meuschenia__flavolineata,Monacanthidae Meuschenia flavolineata,Actinopterygii,Monacanthidae,Meuschenia,flavolineata,Yellowstriped Leatherjacket,<i>Meuschenia flavolineata</i><br>(Yellowstriped Leatherjacket),95,173,476.5,74.21875,3.8663736122713193,1.3515625,0.12218274226997936
m1_fish,M1 fish,region,Kangaroo Island,Kangaroo Island,Pre-bloom,128,Monacanthidae__Meuschenia__freycineti,Monacanthidae Meuschenia freycineti,Actinopterygii,Monacanthidae,Meuschenia,freycineti,Sixspine Leatherjacket,<i>Meuschenia freycineti</i><br>(Sixspine Leatherjacket),7,11,36.5,5.46875,2.009679260474285,0.0859375,0.046767223539446755
m1_fish,M1 fish,region,Kangaroo Island,Kangaroo Island,Pre-bloom,128,Monacanthidae__Meuschenia__galii,Monacanthidae Meuschenia galii,Actinopterygii,Monacanthidae,Meuschenia,galii,Bluelined Leatherjacket,<i>Meuschenia galii</i><br>(Bluelined Leatherjacket),0,0,0,0,0,0,0
m1_fish,M1 fish,region,Kangaroo Island,Kangaroo Island,Pre-bloom,128,Monacanthidae__Meuschenia__hippocrepis,Monacanthidae Meuschenia hippocrepis,Actinopterygii,Monacanthidae,Meuschenia,hippocrepis,Horseshoe Leatherjacket,<i>Meuschenia hippocrepis</i><br>(Horseshoe Leatherjacket),118,449.5,4645.75,92.1875,2.372062070603734,3.51171875,0.43437667619025994
m1_fish,M1 fish,region,Kangaroo Island,Kangaroo Island,Pre-bloom,128,Monacanthidae__Meuschenia__venusta,Monacanthidae Meuschenia venusta,Actinopterygii,Monacanthidae,Meuschenia,venusta,Stars-and-stripes Leatherjacket,<i>Meuschenia venusta</i><br>(Stars-and-stripes Leatherjacket),0,0,0,0,0,0,0
m1_fish,M1 fish,region,Kangaroo Island,Kangaroo Island,Pre-bloom,128,Monacanthidae__Scobinichthys__granulatus,Monacanthidae Scobinichthys granulatus,Actinopterygii,Monacanthidae,Scobinichthys,granulatus,Rough Leatherjacket,<i>Scobinichthys granulatus</i><br>(Rough Leatherjacket),0,0,0,0,0,0,0
m1_fish,M1 fish,region,Kangaroo Island,Kangaroo Island,Pre-bloom,128,Monacanthidae__Thamnaconus__degeni,Monacanthidae Thamnaconus degeni,Actinopterygii,Monacanthidae,Thamnaconus,degeni,Bluefin Leatherjacket,<i>Thamnaconus degeni</i><br>(Bluefin Leatherjacket),0,0,0,0,0,0,0
m1_fish,M1 fish,region,Kangaroo Island,Kangaroo Island,Pre-bloom,128,Mullidae__Upeneichthys__vlamingii,Mullidae Upeneichthys vlamingii,Actinopterygii,Mullidae,Upeneichthys,vlamingii,Bluespotted Goatfish,<i>Upeneichthys vlamingii</i><br>(Bluespotted Goatfish),25,36,88.5,19.53125,3.504077171486163,0.28125,0.06943555826785368
m1_fish,M1 fish,region,Kangaroo Island,Kangaroo Island,Pre-bloom,128,Myliobatidae__Myliobatis__tenuicaudatus,Myliobatidae Myliobatis tenuicaudatus,Elasmobranchii,Myliobatidae,Myliobatis,tenuicaudatus,Southern Eagle Ray,<i>Myliobatis tenuicaudatus</i><br>(Southern Eagle Ray),0,0,0,0,0,0,0
m1_fish,M1 fish,region,Kangaroo Island,Kangaroo Island,Pre-bloom,128,Ophiclinidae__Ophiclinus__spp,Ophiclinidae Ophiclinus spp,Actinopterygii,Ophiclinidae,Ophiclinus,spp,NA,<i>Ophiclinus spp</i>,0,0,0,0,0,0,0
m1_fish,M1 fish,region,Kangaroo Island,Kangaroo Island,Pre-bloom,128,Parascylliidae__Parascyllium__ferrugineum,Parascylliidae Parascyllium ferrugineum,Elasmobranchii,Parascylliidae,Parascyllium,ferrugineum,Rusty Carpetshark,<i>Parascyllium ferrugineum</i><br>(Rusty Carpetshark),0,0,0,0,0,0,0
m1_fish,M1 fish,region,Kangaroo Island,Kangaroo Island,Pre-bloom,128,Parascylliidae__Parascyllium__variolatum,Parascylliidae Parascyllium variolatum,Elasmobranchii,Parascylliidae,Parascyllium,variolatum,Varied Carpetshark,<i>Parascyllium variolatum</i><br>(Varied Carpetshark),0,0,0,0,0,0,0
m1_fish,M1 fish,region,Kangaroo Island,Kangaroo Island,Pre-bloom,128,Pataecidae__Aetapcus__maculatus,Pataecidae Aetapcus maculatus,Actinopterygii,Pataecidae,Aetapcus,maculatus,Warty Prowfish,<i>Aetapcus maculatus</i><br>(Warty Prowfish),0,0,0,0,0,0,0
m1_fish,M1 fish,region,Kangaroo Island,Kangaroo Island,Pre-bloom,128,Pempherididae__Parapriacanthus__elongatus,Pempherididae Parapriacanthus elongatus,Actinopterygii,Pempherididae,Parapriacanthus,elongatus,Elongate Bullseye,<i>Parapriacanthus elongatus</i><br>(Elongate Bullseye),16,1842.5,463003.25,12.5,2.9231698334171416,14.39453125,5.181744424539125
m1_fish,M1 fish,region,Kangaroo Island,Kangaroo Island,Pre-bloom,128,Pempherididae__Pempheris__klunzingeri,Pempherididae Pempheris klunzingeri,Actinopterygii,Pempherididae,Pempheris,klunzingeri,Rough Bullseye,<i>Pempheris klunzingeri</i><br>(Rough Bullseye),2,6.5,36.25,1.5625,1.0961886875314282,0.05078125,0.0470068172010563
m1_fish,M1 fish,region,Kangaroo Island,Kangaroo Island,Pre-bloom,128,Pempherididae__Pempheris__multiradiata,Pempherididae Pempheris multiradiata,Actinopterygii,Pempherididae,Pempheris,multiradiata,Bigscale Bullseye,<i>Pempheris multiradiata</i><br>(Bigscale Bullseye),53,716.5,24934.75,41.40625,4.35365100100757,5.59765625,1.1345295562611861
m1_fish,M1 fish,region,Kangaroo Island,Kangaroo Island,Pre-bloom,128,Pempherididae__Pempheris__ornata,Pempherididae Pempheris ornata,Actinopterygii,Pempherididae,Pempheris,ornata,Orangelined Bullseye,<i>Pempheris ornata</i><br>(Orangelined Bullseye),2,10,50,1.5625,1.0961886875314282,0.078125,0.05502479644146988
m1_fish,M1 fish,region,Kangaroo Island,Kangaroo Island,Pre-bloom,128,Pempherididae__Pempheris__spp,Pempherididae Pempheris spp,Actinopterygii,Pempherididae,Pempheris,spp,NA,<i>Pempheris spp</i>,0,0,0,0,0,0,0
m1_fish,M1 fish,region,Kangaroo Island,Kangaroo Island,Pre-bloom,128,Pentacerotidae__Pentaceropsis__recurvirostris,Pentacerotidae Pentaceropsis recurvirostris,Actinopterygii,Pentacerotidae,Pentaceropsis,recurvirostris,Longsnout Boarfish,<i>Pentaceropsis recurvirostris</i><br>(Longsnout Boarfish),15,11.5,10.75,11.71875,2.842954419533132,0.08984375,0.024448640621427774
m1_fish,M1 fish,region,Kangaroo Island,Kangaroo Island,Pre-bloom,128,Pinguipedidae__Parapercis__haackei,Pinguipedidae Parapercis haackei,Actinopterygii,Pinguipedidae,Parapercis,haackei,Wavy Grubfish,<i>Parapercis haackei</i><br>(Wavy Grubfish),0,0,0,0,0,0,0
m1_fish,M1 fish,region,Kangaroo Island,Kangaroo Island,Pre-bloom,128,Pinguipedidae__Parapercis__ramsayi,Pinguipedidae Parapercis ramsayi,Actinopterygii,Pinguipedidae,Parapercis,ramsayi,Spotted Grubfish,<i>Parapercis ramsayi</i><br>(Spotted Grubfish),0,0,0,0,0,0,0
m1_fish,M1 fish,region,Kangaroo Island,Kangaroo Island,Pre-bloom,128,Platycephalidae__Leviprora__inops,Platycephalidae Leviprora inops,Actinopterygii,Platycephalidae,Leviprora,inops,Longhead Flathead,<i>Leviprora inops</i><br>(Longhead Flathead),0,0,0,0,0,0,0
m1_fish,M1 fish,region,Kangaroo Island,Kangaroo Island,Pre-bloom,128,Platycephalidae__Platycephalus__laevigatus,Platycephalidae Platycephalus laevigatus,Actinopterygii,Platycephalidae,Platycephalus,laevigatus,Rock Flathead,<i>Platycephalus laevigatus</i><br>(Rock Flathead),0,0,0,0,0,0,0
m1_fish,M1 fish,region,Kangaroo Island,Kangaroo Island,Pre-bloom,128,Platycephalidae__Platycephalus__speculator,Platycephalidae Platycephalus speculator,Actinopterygii,Platycephalidae,Platycephalus,speculator,Southern Bluespotted Flathead,<i>Platycephalus speculator</i><br>(Southern Bluespotted Flathead),0,0,0,0,0,0,0
m1_fish,M1 fish,region,Kangaroo Island,Kangaroo Island,Pre-bloom,128,Plesiopidae__Paraplesiops__meleagris,Plesiopidae Paraplesiops meleagris,Actinopterygii,Plesiopidae,Paraplesiops,meleagris,Southern Blue Devil,<i>Paraplesiops meleagris</i><br>(Southern Blue Devil),30,34,57,23.4375,3.7441971704454713,0.265625,0.05432157525685192
m1_fish,M1 fish,region,Kangaroo Island,Kangaroo Island,Pre-bloom,128,Plesiopidae__Trachinops__caudimaculatus,Plesiopidae Trachinops caudimaculatus,Actinopterygii,Plesiopidae,Trachinops,caudimaculatus,Southern Hulafish,<i>Trachinops caudimaculatus</i><br>(Southern Hulafish),0,0,0,0,0,0,0
m1_fish,M1 fish,region,Kangaroo Island,Kangaroo Island,Pre-bloom,128,Plesiopidae__Trachinops__noarlungae,Plesiopidae Trachinops noarlungae,Actinopterygii,Plesiopidae,Trachinops,noarlungae,Yellowhead Hulafish,<i>Trachinops noarlungae</i><br>(Yellowhead Hulafish),23,441.5,14240.25,17.96875,3.3934668659949327,3.44921875,0.8844894569890535
m1_fish,M1 fish,region,Kangaroo Island,Kangaroo Island,Pre-bloom,128,Plotosidae__Cnidoglanis__macrocephalus,Plotosidae Cnidoglanis macrocephalus,Actinopterygii,Plotosidae,Cnidoglanis,macrocephalus,Estuary Cobbler,<i>Cnidoglanis macrocephalus</i><br>(Estuary Cobbler),0,0,0,0,0,0,0
m1_fish,M1 fish,region,Kangaroo Island,Kangaroo Island,Pre-bloom,128,Pomacentridae__Parma__victoriae,Pomacentridae Parma victoriae,Actinopterygii,Pomacentridae,Parma,victoriae,Scalyfin,<i>Parma victoriae</i><br>(Scalyfin),113,191.5,454.25,88.28125,2.842954419533132,1.49609375,0.10158320030565138
m1_fish,M1 fish,region,Kangaroo Island,Kangaroo Island,Pre-bloom,128,Scombridae__Scomber__australasicus,Scombridae Scomber australasicus,Actinopterygii,Scombridae,Scomber,australasicus,Blue Mackerel,<i>Scomber australasicus</i><br>(Blue Mackerel),0,0,0,0,0,0,0
m1_fish,M1 fish,region,Kangaroo Island,Kangaroo Island,Pre-bloom,128,Scorpididae__Scorpis__aequipinnis,Scorpididae Scorpis aequipinnis,Actinopterygii,Scorpididae,Scorpis,aequipinnis,Sea Sweep,<i>Scorpis aequipinnis</i><br>(Sea Sweep),127,1499.5,37953.75,99.21875,0.7781922583256459,11.71484375,1.11988507491106
m1_fish,M1 fish,region,Kangaroo Island,Kangaroo Island,Pre-bloom,128,Scorpididae__Scorpis__georgiana,Scorpididae Scorpis georgiana,Actinopterygii,Scorpididae,Scorpis,georgiana,Banded Sweep,<i>Scorpis georgiana</i><br>(Banded Sweep),3,1.5,0.75,2.34375,1.337213275159097,0.01171875,0.006712337857651081
m1_fish,M1 fish,region,Kangaroo Island,Kangaroo Island,Pre-bloom,128,Scorpididae__Scorpis__lineolata,Scorpididae Scorpis lineolata,Actinopterygii,Scorpididae,Scorpis,lineolata,Silver Sweep,<i>Scorpis lineolata</i><br>(Silver Sweep),0,0,0,0,0,0,0
m1_fish,M1 fish,region,Kangaroo Island,Kangaroo Island,Pre-bloom,128,Serranidae__Caesioperca__rasor,Serranidae Caesioperca rasor,Actinopterygii,Serranidae,Caesioperca,rasor,Barber Perch,<i>Caesioperca rasor</i><br>(Barber Perch),11,17.5,38.25,8.59375,2.4772755652277,0.13671875,0.04696590389976067
m1_fish,M1 fish,region,Kangaroo Island,Kangaroo Island,Pre-bloom,128,Serranidae__Hypoplectrodes__nigroruber,Serranidae Hypoplectrodes nigroruber,Actinopterygii,Serranidae,Hypoplectrodes,nigroruber,Banded Seaperch,<i>Hypoplectrodes nigroruber</i><br>(Banded Seaperch),4,2,1,3.125,1.5378921628929318,0.015625,0.007719674922269189
m1_fish,M1 fish,region,Kangaroo Island,Kangaroo Island,Pre-bloom,128,Serranidae__Othos__dentex,Serranidae Othos dentex,Actinopterygii,Serranidae,Othos,dentex,Harlequin Fish,<i>Othos dentex</i><br>(Harlequin Fish),26,15.5,10.25,20.3125,3.5560823156314694,0.12109375,0.02269524711957121
m1_fish,M1 fish,region,Kangaroo Island,Kangaroo Island,Pre-bloom,128,Sillaginidae__Sillaginidae__spp,Sillaginidae Unknown spp,Actinopterygii,Sillaginidae,Sillaginidae,spp,NA,<i>Sillaginidae spp</i>,0,0,0,0,0,0,0
m1_fish,M1 fish,region,Kangaroo Island,Kangaroo Island,Pre-bloom,128,Sillaginidae__Sillaginodes__punctatus,Sillaginidae Sillaginodes punctatus,Actinopterygii,Sillaginidae,Sillaginodes,punctatus,King George Whiting,<i>Sillaginodes punctatus</i><br>(King George Whiting),0,0,0,0,0,0,0
m1_fish,M1 fish,region,Kangaroo Island,Kangaroo Island,Pre-bloom,128,Sparidae__Acanthopagrus__butcheri,Sparidae Acanthopagrus butcheri,Actinopterygii,Sparidae,Acanthopagrus,butcheri,Black Bream,<i>Acanthopagrus butcheri</i><br>(Black Bream),0,0,0,0,0,0,0
m1_fish,M1 fish,region,Kangaroo Island,Kangaroo Island,Pre-bloom,128,Sparidae__Chrysophrys__auratus,Sparidae Chrysophrys auratus,Actinopterygii,Sparidae,Chrysophrys,auratus,Snapper,<i>Chrysophrys auratus</i><br>(Snapper),0,0,0,0,0,0,0
m1_fish,M1 fish,region,Kangaroo Island,Kangaroo Island,Pre-bloom,128,Sphyraenidae__Sphyraena__novaehollandiae,Sphyraenidae Sphyraena novaehollandiae,Actinopterygii,Sphyraenidae,Sphyraena,novaehollandiae,Snook,<i>Sphyraena novaehollandiae</i><br>(Snook),1,0.5,0.25,0.78125,0.7781922583256459,0.00390625,0.00390625
m1_fish,M1 fish,region,Kangaroo Island,Kangaroo Island,Pre-bloom,128,Syngnathidae__Phycodurus__eques,Syngnathidae Phycodurus eques,Actinopterygii,Syngnathidae,Phycodurus,eques,Leafy Seadragon,<i>Phycodurus eques</i><br>(Leafy Seadragon),0,0,0,0,0,0,0
m1_fish,M1 fish,region,Kangaroo Island,Kangaroo Island,Pre-bloom,128,Syngnathidae__Phyllopteryx__taeniolatus,Syngnathidae Phyllopteryx taeniolatus,Actinopterygii,Syngnathidae,Phyllopteryx,taeniolatus,Common Seadragon,<i>Phyllopteryx taeniolatus</i><br>(Common Seadragon),0,0,0,0,0,0,0
m1_fish,M1 fish,region,Kangaroo Island,Kangaroo Island,Pre-bloom,128,Syngnathidae__Pugnaso__curtirostris,Syngnathidae Pugnaso curtirostris,Actinopterygii,Syngnathidae,Pugnaso,curtirostris,Pugnose Pipefish,<i>Pugnaso curtirostris</i><br>(Pugnose Pipefish),0,0,0,0,0,0,0
m1_fish,M1 fish,region,Kangaroo Island,Kangaroo Island,Pre-bloom,128,Terapontidae__Helotes__octolineatus,Terapontidae Helotes octolineatus,Actinopterygii,Terapontidae,Helotes,octolineatus,NA,<i>Helotes octolineatus</i>,0,0,0,0,0,0,0
m1_fish,M1 fish,region,Kangaroo Island,Kangaroo Island,Pre-bloom,128,Tetraodontidae__Omegophora__armilla,Tetraodontidae Omegophora armilla,Actinopterygii,Tetraodontidae,Omegophora,armilla,Ringed Toadfish,<i>Omegophora armilla</i><br>(Ringed Toadfish),3,2,1.5,2.34375,1.337213275159097,0.015625,0.009505327712459988
m1_fish,M1 fish,region,Kangaroo Island,Kangaroo Island,Pre-bloom,128,Tetraodontidae__Omegophora__cyanopunctata,Tetraodontidae Omegophora cyanopunctata,Actinopterygii,Tetraodontidae,Omegophora,cyanopunctata,Bluespotted Toadfish,<i>Omegophora cyanopunctata</i><br>(Bluespotted Toadfish),0,0,0,0,0,0,0
m1_fish,M1 fish,region,Kangaroo Island,Kangaroo Island,Pre-bloom,128,Tetraodontidae__Tetractenos__glaber,Tetraodontidae Tetractenos glaber,Actinopterygii,Tetraodontidae,Tetractenos,glaber,Smooth Toadfish,<i>Tetractenos glaber</i><br>(Smooth Toadfish),0,0,0,0,0,0,0
m1_fish,M1 fish,region,Kangaroo Island,Kangaroo Island,Pre-bloom,128,Tetraodontidae__Torquigener__pleurogramma,Tetraodontidae Torquigener pleurogramma,Actinopterygii,Tetraodontidae,Torquigener,pleurogramma,Weeping Toadfish,<i>Torquigener pleurogramma</i><br>(Weeping Toadfish),0,0,0,0,0,0,0
m1_fish,M1 fish,region,Kangaroo Island,Kangaroo Island,Pre-bloom,128,Trachichthyidae__Trachichthys__australis,Trachichthyidae Trachichthys australis,Actinopterygii,Trachichthyidae,Trachichthys,australis,Southern Roughy,<i>Trachichthys australis</i><br>(Southern Roughy),0,0,0,0,0,0,0
m1_fish,M1 fish,region,Kangaroo Island,Kangaroo Island,Pre-bloom,128,Tripterygiidae__Helcogramma__decurrens,Tripterygiidae Helcogramma decurrens,Actinopterygii,Tripterygiidae,Helcogramma,decurrens,Blackthroat Threefin,<i>Helcogramma decurrens</i><br>(Blackthroat Threefin),0,0,0,0,0,0,0
m1_fish,M1 fish,region,Kangaroo Island,Kangaroo Island,Pre-bloom,128,Tripterygiidae__Trinorfolkia__clarkei,Tripterygiidae Trinorfolkia clarkei,Actinopterygii,Tripterygiidae,Trinorfolkia,clarkei,Clark's Threefin,<i>Trinorfolkia clarkei</i><br>(Clark's Threefin),0,0,0,0,0,0,0
m1_fish,M1 fish,region,Kangaroo Island,Kangaroo Island,Pre-bloom,128,Tripterygiidae__Trinorfolkia__cristata,Tripterygiidae Trinorfolkia cristata,Actinopterygii,Tripterygiidae,Trinorfolkia,cristata,Crested Threefin,<i>Trinorfolkia cristata</i><br>(Crested Threefin),0,0,0,0,0,0,0
m1_fish,M1 fish,region,Kangaroo Island,Kangaroo Island,Pre-bloom,128,Tripterygiidae__Tripterygiidae__spp,Tripterygiidae Unknown spp,Actinopterygii,Tripterygiidae,Tripterygiidae,spp,NA,<i>Tripterygiidae spp</i>,0,0,0,0,0,0,0
m1_fish,M1 fish,region,Kangaroo Island,Kangaroo Island,Pre-bloom,128,Trygonorrhinidae__Aptychotrema__vincentiana,Trygonorrhinidae Aptychotrema vincentiana,Elasmobranchii,Trygonorrhinidae,Aptychotrema,vincentiana,Western Shovelnose Ray,<i>Aptychotrema vincentiana</i><br>(Western Shovelnose Ray),0,0,0,0,0,0,0
m1_fish,M1 fish,region,Kangaroo Island,Kangaroo Island,Pre-bloom,128,Trygonorrhinidae__Trygonorrhina__fasciata,Trygonorrhinidae Trygonorrhina fasciata,Elasmobranchii,Trygonorrhinidae,Trygonorrhina,fasciata,Eastern Fiddler Ray,<i>Trygonorrhina fasciata</i><br>(Eastern Fiddler Ray),0,0,0,0,0,0,0
m1_fish,M1 fish,region,Kangaroo Island,Kangaroo Island,Pre-bloom,128,Urolophidae__Urolophus__spp,Urolophidae Urolophus spp,Elasmobranchii,Urolophidae,Urolophus,spp,NA,<i>Urolophus spp</i>,0,0,0,0,0,0,0
m1_fish,M1 fish,region,South Coast,South Coast,Bloom 2025-06,12,Antennariidae__Rhycherus__filamentosus,Antennariidae Rhycherus filamentosus,Actinopterygii,Antennariidae,Rhycherus,filamentosus,Tasselled Anglerfish,<i>Rhycherus filamentosus</i><br>(Tasselled Anglerfish),0,0,0,0,0,0,0
m1_fish,M1 fish,region,South Coast,South Coast,Bloom 2025-06,12,Aplodactylidae__Aplodactylus__arctidens,Aplodactylidae Aplodactylus arctidens,Actinopterygii,Aplodactylidae,Aplodactylus,arctidens,Marblefish,<i>Aplodactylus arctidens</i><br>(Marblefish),1,0.5,0.25,8.333333333333334,7.9785592313028175,0.041666666666666664,0.041666666666666664
m1_fish,M1 fish,region,South Coast,South Coast,Bloom 2025-06,12,Aplodactylidae__Aplodactylus__westralis,Aplodactylidae Aplodactylus westralis,Actinopterygii,Aplodactylidae,Aplodactylus,westralis,Western Seacarp,<i>Aplodactylus westralis</i><br>(Western Seacarp),0,0,0,0,0,0,0
m1_fish,M1 fish,region,South Coast,South Coast,Bloom 2025-06,12,Apogonidae__Ostorhinchus__victoriae,Apogonidae Ostorhinchus victoriae,Actinopterygii,Apogonidae,Ostorhinchus,victoriae,Western Striped Cardinalfish,<i>Ostorhinchus victoriae</i><br>(Western Striped Cardinalfish),0,0,0,0,0,0,0
m1_fish,M1 fish,region,South Coast,South Coast,Bloom 2025-06,12,Apogonidae__Siphamia__cephalotes,Apogonidae Siphamia cephalotes,Actinopterygii,Apogonidae,Siphamia,cephalotes,Wood's Siphonfish,<i>Siphamia cephalotes</i><br>(Wood's Siphonfish),0,0,0,0,0,0,0
m1_fish,M1 fish,region,South Coast,South Coast,Bloom 2025-06,12,Apogonidae__Vincentia__conspersa,Apogonidae Vincentia conspersa,Actinopterygii,Apogonidae,Vincentia,conspersa,Southern Cardinalfish,<i>Vincentia conspersa</i><br>(Southern Cardinalfish),0,0,0,0,0,0,0
m1_fish,M1 fish,region,South Coast,South Coast,Bloom 2025-06,12,Aracanidae__Anoplocapros__amygdaloides,Aracanidae Anoplocapros amygdaloides,Actinopterygii,Aracanidae,Anoplocapros,amygdaloides,Western Smooth Boxfish,<i>Anoplocapros amygdaloides</i><br>(Western Smooth Boxfish),0,0,0,0,0,0,0
m1_fish,M1 fish,region,South Coast,South Coast,Bloom 2025-06,12,Aracanidae__Anoplocapros__lenticularis,Aracanidae Anoplocapros lenticularis,Actinopterygii,Aracanidae,Anoplocapros,lenticularis,Whitebarred Boxfish,<i>Anoplocapros lenticularis</i><br>(Whitebarred Boxfish),2,1,0.5,16.666666666666668,10.758287072798382,0.08333333333333333,0.056183321871936844
m1_fish,M1 fish,region,South Coast,South Coast,Bloom 2025-06,12,Aracanidae__Aracana__aurita,Aracanidae Aracana aurita,Actinopterygii,Aracanidae,Aracana,aurita,Shaw's Cowfish,<i>Aracana aurita</i><br>(Shaw's Cowfish),1,0.5,0.25,8.333333333333334,7.9785592313028175,0.041666666666666664,0.041666666666666664
m1_fish,M1 fish,region,South Coast,South Coast,Bloom 2025-06,12,Aracanidae__Aracana__ornata,Aracanidae Aracana ornata,Actinopterygii,Aracanidae,Aracana,ornata,Ornate Cowfish,<i>Aracana ornata</i><br>(Ornate Cowfish),0,0,0,0,0,0,0
m1_fish,M1 fish,region,South Coast,South Coast,Bloom 2025-06,12,Arripidae__Arripis__georgianus,Arripidae Arripis georgianus,Actinopterygii,Arripidae,Arripis,georgianus,Australian Herring,<i>Arripis georgianus</i><br>(Australian Herring),0,0,0,0,0,0,0
m1_fish,M1 fish,region,South Coast,South Coast,Bloom 2025-06,12,Arripidae__Arripis__spp,Arripidae Arripis spp,Actinopterygii,Arripidae,Arripis,spp,NA,<i>Arripis spp</i>,0,0,0,0,0,0,0
m1_fish,M1 fish,region,South Coast,South Coast,Bloom 2025-06,12,Arripidae__Arripis__truttaceus,Arripidae Arripis truttaceus,Actinopterygii,Arripidae,Arripis,truttaceus,Western Australian Salmon,<i>Arripis truttaceus</i><br>(Western Australian Salmon),0,0,0,0,0,0,0
m1_fish,M1 fish,region,South Coast,South Coast,Bloom 2025-06,12,Atherinidae__Atherinidae__spp,Atherinidae Unknown spp,Actinopterygii,Atherinidae,Atherinidae,spp,NA,<i>Atherinidae spp</i>,0,0,0,0,0,0,0
m1_fish,M1 fish,region,South Coast,South Coast,Bloom 2025-06,12,Berycidae__Centroberyx__gerrardi,Berycidae Centroberyx gerrardi,Actinopterygii,Berycidae,Centroberyx,gerrardi,Bight Redfish,<i>Centroberyx gerrardi</i><br>(Bight Redfish),0,0,0,0,0,0,0
m1_fish,M1 fish,region,South Coast,South Coast,Bloom 2025-06,12,Berycidae__Centroberyx__lineatus,Berycidae Centroberyx lineatus,Actinopterygii,Berycidae,Centroberyx,lineatus,Swallowtail,<i>Centroberyx lineatus</i><br>(Swallowtail),0,0,0,0,0,0,0
m1_fish,M1 fish,region,South Coast,South Coast,Bloom 2025-06,12,Bovichtidae__Bovichtus__angustifrons,Bovichtidae Bovichtus angustifrons,Actinopterygii,Bovichtidae,Bovichtus,angustifrons,Dragonet,<i>Bovichtus angustifrons</i><br>(Dragonet),0,0,0,0,0,0,0
m1_fish,M1 fish,region,South Coast,South Coast,Bloom 2025-06,12,Callionymidae__Eocallionymus__papilio,Callionymidae Eocallionymus papilio,Actinopterygii,Callionymidae,Eocallionymus,papilio,Painted Stinkfish,<i>Eocallionymus papilio</i><br>(Painted Stinkfish),0,0,0,0,0,0,0
m1_fish,M1 fish,region,South Coast,South Coast,Bloom 2025-06,12,Carangidae__Pseudocaranx__spp,Carangidae Pseudocaranx spp,Actinopterygii,Carangidae,Pseudocaranx,spp,NA,<i>Pseudocaranx spp</i>,0,0,0,0,0,0,0
m1_fish,M1 fish,region,South Coast,South Coast,Bloom 2025-06,12,Carangidae__Seriola__lalandi,Carangidae Seriola lalandi,Actinopterygii,Carangidae,Seriola,lalandi,Yellowtail Kingfish,<i>Seriola lalandi</i><br>(Yellowtail Kingfish),0,0,0,0,0,0,0
m1_fish,M1 fish,region,South Coast,South Coast,Bloom 2025-06,12,Carangidae__Trachurus__novaezelandiae,Carangidae Trachurus novaezelandiae,Actinopterygii,Carangidae,Trachurus,novaezelandiae,Yellowtail Scad,<i>Trachurus novaezelandiae</i><br>(Yellowtail Scad),0,0,0,0,0,0,0
m1_fish,M1 fish,region,South Coast,South Coast,Bloom 2025-06,12,Chaetodontidae__Chelmonops__curiosus,Chaetodontidae Chelmonops curiosus,Actinopterygii,Chaetodontidae,Chelmonops,curiosus,Western Talma,<i>Chelmonops curiosus</i><br>(Western Talma),0,0,0,0,0,0,0
m1_fish,M1 fish,region,South Coast,South Coast,Bloom 2025-06,12,Cheilodactylidae__Cheilodactylus__nigripes,Cheilodactylidae Cheilodactylus nigripes,Actinopterygii,Cheilodactylidae,Cheilodactylus,nigripes,Magpie Perch,<i>Cheilodactylus nigripes</i><br>(Magpie Perch),8,21,81,66.66666666666667,13.608276348795433,1.75,0.5789881455844089
m1_fish,M1 fish,region,South Coast,South Coast,Bloom 2025-06,12,Cheilodactylidae__Cheilodactylus__spectabilis,Cheilodactylidae Cheilodactylus spectabilis,Actinopterygii,Cheilodactylidae,Cheilodactylus,spectabilis,Banded Morwong,<i>Cheilodactylus spectabilis</i><br>(Banded Morwong),1,1.5,2.25,8.333333333333334,7.9785592313028175,0.125,0.125
m1_fish,M1 fish,region,South Coast,South Coast,Bloom 2025-06,12,Cheilodactylidae__Dactylophora__nigricans,Cheilodactylidae Dactylophora nigricans,Actinopterygii,Cheilodactylidae,Dactylophora,nigricans,Dusky Morwong,<i>Dactylophora nigricans</i><br>(Dusky Morwong),0,0,0,0,0,0,0
m1_fish,M1 fish,region,South Coast,South Coast,Bloom 2025-06,12,Cheilodactylidae__Nemadactylus__valenciennesi,Cheilodactylidae Nemadactylus valenciennesi,Actinopterygii,Cheilodactylidae,Nemadactylus,valenciennesi,Blue Morwong,<i>Nemadactylus valenciennesi</i><br>(Blue Morwong),0,0,0,0,0,0,0
m1_fish,M1 fish,region,South Coast,South Coast,Bloom 2025-06,12,Chironemidae__Chironemus__georgianus,Chironemidae Chironemus georgianus,Actinopterygii,Chironemidae,Chironemus,georgianus,Western Kelpfish,<i>Chironemus georgianus</i><br>(Western Kelpfish),0,0,0,0,0,0,0
m1_fish,M1 fish,region,South Coast,South Coast,Bloom 2025-06,12,Chironemidae__Chironemus__maculosus,Chironemidae Chironemus maculosus,Actinopterygii,Chironemidae,Chironemus,maculosus,Silver Spot,<i>Chironemus maculosus</i><br>(Silver Spot),0,0,0,0,0,0,0
m1_fish,M1 fish,region,South Coast,South Coast,Bloom 2025-06,12,Clinidae__Heteroclinus__spp,Clinidae Heteroclinus spp,Actinopterygii,Clinidae,Heteroclinus,spp,NA,<i>Heteroclinus spp</i>,0,0,0,0,0,0,0
m1_fish,M1 fish,region,South Coast,South Coast,Bloom 2025-06,12,Clupeidae__Clupeidae__spp,Clupeidae Unknown spp,Actinopterygii,Clupeidae,Clupeidae,spp,NA,<i>Clupeidae spp</i>,0,0,0,0,0,0,0
m1_fish,M1 fish,region,South Coast,South Coast,Bloom 2025-06,12,Clupeidae__Hyperlophus__vittatus,Clupeidae Hyperlophus vittatus,Actinopterygii,Clupeidae,Hyperlophus,vittatus,Sandy Sprat,<i>Hyperlophus vittatus</i><br>(Sandy Sprat),0,0,0,0,0,0,0
m1_fish,M1 fish,region,South Coast,South Coast,Bloom 2025-06,12,Clupeidae__Spratelloides__robustus,Clupeidae Spratelloides robustus,Actinopterygii,Clupeidae,Spratelloides,robustus,Blue Sprat,<i>Spratelloides robustus</i><br>(Blue Sprat),0,0,0,0,0,0,0
m1_fish,M1 fish,region,South Coast,South Coast,Bloom 2025-06,12,Dasyatidae__Bathytoshia__lata,Dasyatidae Bathytoshia lata,Elasmobranchii,Dasyatidae,Bathytoshia,lata,Black Stingray,<i>Bathytoshia lata</i><br>(Black Stingray),0,0,0,0,0,0,0
m1_fish,M1 fish,region,South Coast,South Coast,Bloom 2025-06,12,Dinolestidae__Dinolestes__lewini,Dinolestidae Dinolestes lewini,Actinopterygii,Dinolestidae,Dinolestes,lewini,Longfin Pike,<i>Dinolestes lewini</i><br>(Longfin Pike),0,0,0,0,0,0,0
m1_fish,M1 fish,region,South Coast,South Coast,Bloom 2025-06,12,Diodontidae__Diodon__nicthemerus,Diodontidae Diodon nicthemerus,Actinopterygii,Diodontidae,Diodon,nicthemerus,Globefish,<i>Diodon nicthemerus</i><br>(Globefish),0,0,0,0,0,0,0
m1_fish,M1 fish,region,South Coast,South Coast,Bloom 2025-06,12,Enoplosidae__Enoplosus__armatus,Enoplosidae Enoplosus armatus,Actinopterygii,Enoplosidae,Enoplosus,armatus,Old Wife,<i>Enoplosus armatus</i><br>(Old Wife),5,4.5,4.75,41.666666666666664,14.231876063832773,0.375,0.1523179489612356
m1_fish,M1 fish,region,South Coast,South Coast,Bloom 2025-06,12,Gerreidae__Parequula__melbournensis,Gerreidae Parequula melbournensis,Actinopterygii,Gerreidae,Parequula,melbournensis,Silverbelly,<i>Parequula melbournensis</i><br>(Silverbelly),0,0,0,0,0,0,0
m1_fish,M1 fish,region,South Coast,South Coast,Bloom 2025-06,12,Girellidae__Girella__tricuspidata,Girellidae Girella tricuspidata,Actinopterygii,Girellidae,Girella,tricuspidata,Luderick,<i>Girella tricuspidata</i><br>(Luderick),0,0,0,0,0,0,0
m1_fish,M1 fish,region,South Coast,South Coast,Bloom 2025-06,12,Girellidae__Girella__zebra,Girellidae Girella zebra,Actinopterygii,Girellidae,Girella,zebra,Zebrafish,<i>Girella zebra</i><br>(Zebrafish),5,10.5,29.25,41.666666666666664,14.231876063832773,0.875,0.3898571999638283
m1_fish,M1 fish,region,South Coast,South Coast,Bloom 2025-06,12,Gobiesocidae__Gobiesocidae__spp,Gobiesocidae Unknown spp,Actinopterygii,Gobiesocidae,Gobiesocidae,spp,NA,<i>Gobiesocidae spp</i>,0,0,0,0,0,0,0
m1_fish,M1 fish,region,South Coast,South Coast,Bloom 2025-06,12,Gobiidae__Gobiidae__spp,Gobiidae Unknown spp,Actinopterygii,Gobiidae,Gobiidae,spp,NA,<i>Gobiidae spp</i>,0,0,0,0,0,0,0
m1_fish,M1 fish,region,South Coast,South Coast,Bloom 2025-06,12,Gobiidae__Nesogobius__pulchellus,Gobiidae Nesogobius pulchellus,Actinopterygii,Gobiidae,Nesogobius,pulchellus,Sailfin Goby,<i>Nesogobius pulchellus</i><br>(Sailfin Goby),0,0,0,0,0,0,0
m1_fish,M1 fish,region,South Coast,South Coast,Bloom 2025-06,12,Heterodontidae__Heterodontus__portusjacksoni,Heterodontidae Heterodontus portusjacksoni,Elasmobranchii,Heterodontidae,Heterodontus,portusjacksoni,Port Jackson Shark,<i>Heterodontus portusjacksoni</i><br>(Port Jackson Shark),0,0,0,0,0,0,0
m1_fish,M1 fish,region,South Coast,South Coast,Bloom 2025-06,12,Hypnidae__Hypnos__monopterygius,Hypnidae Hypnos monopterygius,Elasmobranchii,Hypnidae,Hypnos,monopterygius,Coffin Ray,<i>Hypnos monopterygius</i><br>(Coffin Ray),0,0,0,0,0,0,0
m1_fish,M1 fish,region,South Coast,South Coast,Bloom 2025-06,12,Kyphosidae__Kyphosus__sydneyanus,Kyphosidae Kyphosus sydneyanus,Actinopterygii,Kyphosidae,Kyphosus,sydneyanus,Silver Drummer,<i>Kyphosus sydneyanus</i><br>(Silver Drummer),6,24,164,50,14.433756729740644,2,0.937436866561092
m1_fish,M1 fish,region,South Coast,South Coast,Bloom 2025-06,12,Labridae__Achoerodus__gouldii,Labridae Achoerodus gouldii,Actinopterygii,Labridae,Achoerodus,gouldii,Western Blue Groper,<i>Achoerodus gouldii</i><br>(Western Blue Groper),1,0.5,0.25,8.333333333333334,7.9785592313028175,0.041666666666666664,0.041666666666666664
m1_fish,M1 fish,region,South Coast,South Coast,Bloom 2025-06,12,Labridae__Austrolabrus__maculatus,Labridae Austrolabrus maculatus,Actinopterygii,Labridae,Austrolabrus,maculatus,Blackspotted Wrasse,<i>Austrolabrus maculatus</i><br>(Blackspotted Wrasse),0,0,0,0,0,0,0
m1_fish,M1 fish,region,South Coast,South Coast,Bloom 2025-06,12,Labridae__Dotalabrus__aurantiacus,Labridae Dotalabrus aurantiacus,Actinopterygii,Labridae,Dotalabrus,aurantiacus,Castelnau's Wrasse,<i>Dotalabrus aurantiacus</i><br>(Castelnau's Wrasse),1,1,1,8.333333333333334,7.9785592313028175,0.08333333333333333,0.08333333333333333
m1_fish,M1 fish,region,South Coast,South Coast,Bloom 2025-06,12,Labridae__Eupetrichthys__angustipes,Labridae Eupetrichthys angustipes,Actinopterygii,Labridae,Eupetrichthys,angustipes,Snakeskin Wrasse,<i>Eupetrichthys angustipes</i><br>(Snakeskin Wrasse),0,0,0,0,0,0,0
m1_fish,M1 fish,region,South Coast,South Coast,Bloom 2025-06,12,Labridae__Haletta__semifasciata,Labridae Haletta semifasciata,Actinopterygii,Labridae,Haletta,semifasciata,Blue Weed Whiting,<i>Haletta semifasciata</i><br>(Blue Weed Whiting),0,0,0,0,0,0,0
m1_fish,M1 fish,region,South Coast,South Coast,Bloom 2025-06,12,Labridae__Heteroscarus__acroptilus,Labridae Heteroscarus acroptilus,Actinopterygii,Labridae,Heteroscarus,acroptilus,Rainbow Cale,<i>Heteroscarus acroptilus</i><br>(Rainbow Cale),0,0,0,0,0,0,0
m1_fish,M1 fish,region,South Coast,South Coast,Bloom 2025-06,12,Labridae__Neoodax__balteatus,Labridae Neoodax balteatus,Actinopterygii,Labridae,Neoodax,balteatus,Little Weed Whiting,<i>Neoodax balteatus</i><br>(Little Weed Whiting),0,0,0,0,0,0,0
m1_fish,M1 fish,region,South Coast,South Coast,Bloom 2025-06,12,Labridae__Notolabrus__fucicola,Labridae Notolabrus fucicola,Actinopterygii,Labridae,Notolabrus,fucicola,Purple Wrasse,<i>Notolabrus fucicola</i><br>(Purple Wrasse),0,0,0,0,0,0,0
m1_fish,M1 fish,region,South Coast,South Coast,Bloom 2025-06,12,Labridae__Notolabrus__parilus,Labridae Notolabrus parilus,Actinopterygii,Labridae,Notolabrus,parilus,Brownspotted Wrasse,<i>Notolabrus parilus</i><br>(Brownspotted Wrasse),6,5.5,6.75,50,14.433756729740644,0.4583333333333333,0.17899480834410092
m1_fish,M1 fish,region,South Coast,South Coast,Bloom 2025-06,12,Labridae__Notolabrus__tetricus,Labridae Notolabrus tetricus,Actinopterygii,Labridae,Notolabrus,tetricus,Bluethroat Wrasse,<i>Notolabrus tetricus</i><br>(Bluethroat Wrasse),10,50,370.5,83.33333333333333,10.75828707279838,4.166666666666667,1.1083931403321448
m1_fish,M1 fish,region,South Coast,South Coast,Bloom 2025-06,12,Labridae__Olisthops__cyanomelas,Labridae Olisthops cyanomelas,Actinopterygii,Labridae,Olisthops,cyanomelas,Herring Cale,<i>Olisthops cyanomelas</i><br>(Herring Cale),2,1,0.5,16.666666666666668,10.758287072798382,0.08333333333333333,0.056183321871936844
m1_fish,M1 fish,region,South Coast,South Coast,Bloom 2025-06,12,Labridae__Ophthalmolepis__lineolatus,Labridae Ophthalmolepis lineolatus,Actinopterygii,Labridae,Ophthalmolepis,lineolatus,Southern Maori Wrasse,<i>Ophthalmolepis lineolatus</i><br>(Southern Maori Wrasse),0,0,0,0,0,0,0
m1_fish,M1 fish,region,South Coast,South Coast,Bloom 2025-06,12,Labridae__Pictilabrus__laticlavius,Labridae Pictilabrus laticlavius,Actinopterygii,Labridae,Pictilabrus,laticlavius,Senator Wrasse,<i>Pictilabrus laticlavius</i><br>(Senator Wrasse),5,7,13,41.666666666666664,14.231876063832773,0.5833333333333334,0.2599047999758855
m1_fish,M1 fish,region,South Coast,South Coast,Bloom 2025-06,12,Labridae__Pseudolabrus__rubicundus,Labridae Pseudolabrus rubicundus,Actinopterygii,Labridae,Pseudolabrus,rubicundus,Rosy Wrasse,<i>Pseudolabrus rubicundus</i><br>(Rosy Wrasse),0,0,0,0,0,0,0
m1_fish,M1 fish,region,South Coast,South Coast,Bloom 2025-06,12,Labridae__Siphonognathus__argyrophanes,Labridae Siphonognathus argyrophanes,Actinopterygii,Labridae,Siphonognathus,argyrophanes,Tubemouth,<i>Siphonognathus argyrophanes</i><br>(Tubemouth),0,0,0,0,0,0,0
m1_fish,M1 fish,region,South Coast,South Coast,Bloom 2025-06,12,Labridae__Siphonognathus__attenuatus,Labridae Siphonognathus attenuatus,Actinopterygii,Labridae,Siphonognathus,attenuatus,Slender Weed Whiting,<i>Siphonognathus attenuatus</i><br>(Slender Weed Whiting),0,0,0,0,0,0,0
m1_fish,M1 fish,region,South Coast,South Coast,Bloom 2025-06,12,Labridae__Siphonognathus__beddomei,Labridae Siphonognathus beddomei,Actinopterygii,Labridae,Siphonognathus,beddomei,Pencil Weed Whiting,<i>Siphonognathus beddomei</i><br>(Pencil Weed Whiting),0,0,0,0,0,0,0
m1_fish,M1 fish,region,South Coast,South Coast,Bloom 2025-06,12,Labridae__Siphonognathus__caninis,Labridae Siphonognathus caninis,Actinopterygii,Labridae,Siphonognathus,caninis,Sharpnose Weed Whiting,<i>Siphonognathus caninis</i><br>(Sharpnose Weed Whiting),0,0,0,0,0,0,0
m1_fish,M1 fish,region,South Coast,South Coast,Bloom 2025-06,12,Labridae__Siphonognathus__radiatus,Labridae Siphonognathus radiatus,Actinopterygii,Labridae,Siphonognathus,radiatus,Longray Weed Whiting,<i>Siphonognathus radiatus</i><br>(Longray Weed Whiting),0,0,0,0,0,0,0
m1_fish,M1 fish,region,South Coast,South Coast,Bloom 2025-06,12,Labridae__Siphonognathus__spp,Labridae Siphonognathus spp,Actinopterygii,Labridae,Siphonognathus,spp,NA,<i>Siphonognathus spp</i>,0,0,0,0,0,0,0
m1_fish,M1 fish,region,South Coast,South Coast,Bloom 2025-06,12,Labridae__Siphonognathus__tanyourus,Labridae Siphonognathus tanyourus,Actinopterygii,Labridae,Siphonognathus,tanyourus,Longtail Weed Whiting,<i>Siphonognathus tanyourus</i><br>(Longtail Weed Whiting),0,0,0,0,0,0,0
m1_fish,M1 fish,region,South Coast,South Coast,Bloom 2025-06,12,Microcanthidae__Neatypus__obliquus,Microcanthidae Neatypus obliquus,Actinopterygii,Microcanthidae,Neatypus,obliquus,Footballer Sweep,<i>Neatypus obliquus</i><br>(Footballer Sweep),0,0,0,0,0,0,0
m1_fish,M1 fish,region,South Coast,South Coast,Bloom 2025-06,12,Microcanthidae__Tilodon__sexfasciatus,Microcanthidae Tilodon sexfasciatus,Actinopterygii,Microcanthidae,Tilodon,sexfasciatus,Moonlighter,<i>Tilodon sexfasciatus</i><br>(Moonlighter),4,3,3,33.333333333333336,13.608276348795433,0.25,0.1305582419667734
m1_fish,M1 fish,region,South Coast,South Coast,Bloom 2025-06,12,Monacanthidae__Acanthaluteres__brownii,Monacanthidae Acanthaluteres brownii,Actinopterygii,Monacanthidae,Acanthaluteres,brownii,Spinytail Leatherjacket,<i>Acanthaluteres brownii</i><br>(Spinytail Leatherjacket),1,0.5,0.25,8.333333333333334,7.9785592313028175,0.041666666666666664,0.041666666666666664
m1_fish,M1 fish,region,South Coast,South Coast,Bloom 2025-06,12,Monacanthidae__Acanthaluteres__spilomelanurus,Monacanthidae Acanthaluteres spilomelanurus,Actinopterygii,Monacanthidae,Acanthaluteres,spilomelanurus,Bridled Leatherjacket,<i>Acanthaluteres spilomelanurus</i><br>(Bridled Leatherjacket),0,0,0,0,0,0,0
m1_fish,M1 fish,region,South Coast,South Coast,Bloom 2025-06,12,Monacanthidae__Acanthaluteres__vittiger,Monacanthidae Acanthaluteres vittiger,Actinopterygii,Monacanthidae,Acanthaluteres,vittiger,Toothbrush Leatherjacket,<i>Acanthaluteres vittiger</i><br>(Toothbrush Leatherjacket),0,0,0,0,0,0,0
m1_fish,M1 fish,region,South Coast,South Coast,Bloom 2025-06,12,Monacanthidae__Brachaluteres__jacksonianus,Monacanthidae Brachaluteres jacksonianus,Actinopterygii,Monacanthidae,Brachaluteres,jacksonianus,Southern Pygmy Leatherjacket,<i>Brachaluteres jacksonianus</i><br>(Southern Pygmy Leatherjacket),0,0,0,0,0,0,0
m1_fish,M1 fish,region,South Coast,South Coast,Bloom 2025-06,12,Monacanthidae__Eubalichthys__gunnii,Monacanthidae Eubalichthys gunnii,Actinopterygii,Monacanthidae,Eubalichthys,gunnii,Gunn's Leatherjacket,<i>Eubalichthys gunnii</i><br>(Gunn's Leatherjacket),0,0,0,0,0,0,0
m1_fish,M1 fish,region,South Coast,South Coast,Bloom 2025-06,12,Monacanthidae__Eubalichthys__mosaicus,Monacanthidae Eubalichthys mosaicus,Actinopterygii,Monacanthidae,Eubalichthys,mosaicus,Mosaic Leatherjacket,<i>Eubalichthys mosaicus</i><br>(Mosaic Leatherjacket),0,0,0,0,0,0,0
m1_fish,M1 fish,region,South Coast,South Coast,Bloom 2025-06,12,Monacanthidae__Meuschenia__flavolineata,Monacanthidae Meuschenia flavolineata,Actinopterygii,Monacanthidae,Meuschenia,flavolineata,Yellowstriped Leatherjacket,<i>Meuschenia flavolineata</i><br>(Yellowstriped Leatherjacket),0,0,0,0,0,0,0
m1_fish,M1 fish,region,South Coast,South Coast,Bloom 2025-06,12,Monacanthidae__Meuschenia__freycineti,Monacanthidae Meuschenia freycineti,Actinopterygii,Monacanthidae,Meuschenia,freycineti,Sixspine Leatherjacket,<i>Meuschenia freycineti</i><br>(Sixspine Leatherjacket),0,0,0,0,0,0,0
m1_fish,M1 fish,region,South Coast,South Coast,Bloom 2025-06,12,Monacanthidae__Meuschenia__galii,Monacanthidae Meuschenia galii,Actinopterygii,Monacanthidae,Meuschenia,galii,Bluelined Leatherjacket,<i>Meuschenia galii</i><br>(Bluelined Leatherjacket),0,0,0,0,0,0,0
m1_fish,M1 fish,region,South Coast,South Coast,Bloom 2025-06,12,Monacanthidae__Meuschenia__hippocrepis,Monacanthidae Meuschenia hippocrepis,Actinopterygii,Monacanthidae,Meuschenia,hippocrepis,Horseshoe Leatherjacket,<i>Meuschenia hippocrepis</i><br>(Horseshoe Leatherjacket),2,1,0.5,16.666666666666668,10.758287072798382,0.08333333333333333,0.056183321871936844
m1_fish,M1 fish,region,South Coast,South Coast,Bloom 2025-06,12,Monacanthidae__Meuschenia__venusta,Monacanthidae Meuschenia venusta,Actinopterygii,Monacanthidae,Meuschenia,venusta,Stars-and-stripes Leatherjacket,<i>Meuschenia venusta</i><br>(Stars-and-stripes Leatherjacket),0,0,0,0,0,0,0
m1_fish,M1 fish,region,South Coast,South Coast,Bloom 2025-06,12,Monacanthidae__Scobinichthys__granulatus,Monacanthidae Scobinichthys granulatus,Actinopterygii,Monacanthidae,Scobinichthys,granulatus,Rough Leatherjacket,<i>Scobinichthys granulatus</i><br>(Rough Leatherjacket),1,0.5,0.25,8.333333333333334,7.9785592313028175,0.041666666666666664,0.041666666666666664
m1_fish,M1 fish,region,South Coast,South Coast,Bloom 2025-06,12,Monacanthidae__Thamnaconus__degeni,Monacanthidae Thamnaconus degeni,Actinopterygii,Monacanthidae,Thamnaconus,degeni,Bluefin Leatherjacket,<i>Thamnaconus degeni</i><br>(Bluefin Leatherjacket),0,0,0,0,0,0,0
m1_fish,M1 fish,region,South Coast,South Coast,Bloom 2025-06,12,Mullidae__Upeneichthys__vlamingii,Mullidae Upeneichthys vlamingii,Actinopterygii,Mullidae,Upeneichthys,vlamingii,Bluespotted Goatfish,<i>Upeneichthys vlamingii</i><br>(Bluespotted Goatfish),0,0,0,0,0,0,0
m1_fish,M1 fish,region,South Coast,South Coast,Bloom 2025-06,12,Myliobatidae__Myliobatis__tenuicaudatus,Myliobatidae Myliobatis tenuicaudatus,Elasmobranchii,Myliobatidae,Myliobatis,tenuicaudatus,Southern Eagle Ray,<i>Myliobatis tenuicaudatus</i><br>(Southern Eagle Ray),0,0,0,0,0,0,0
m1_fish,M1 fish,region,South Coast,South Coast,Bloom 2025-06,12,Ophiclinidae__Ophiclinus__spp,Ophiclinidae Ophiclinus spp,Actinopterygii,Ophiclinidae,Ophiclinus,spp,NA,<i>Ophiclinus spp</i>,0,0,0,0,0,0,0
m1_fish,M1 fish,region,South Coast,South Coast,Bloom 2025-06,12,Parascylliidae__Parascyllium__ferrugineum,Parascylliidae Parascyllium ferrugineum,Elasmobranchii,Parascylliidae,Parascyllium,ferrugineum,Rusty Carpetshark,<i>Parascyllium ferrugineum</i><br>(Rusty Carpetshark),0,0,0,0,0,0,0
m1_fish,M1 fish,region,South Coast,South Coast,Bloom 2025-06,12,Parascylliidae__Parascyllium__variolatum,Parascylliidae Parascyllium variolatum,Elasmobranchii,Parascylliidae,Parascyllium,variolatum,Varied Carpetshark,<i>Parascyllium variolatum</i><br>(Varied Carpetshark),0,0,0,0,0,0,0
m1_fish,M1 fish,region,South Coast,South Coast,Bloom 2025-06,12,Pataecidae__Aetapcus__maculatus,Pataecidae Aetapcus maculatus,Actinopterygii,Pataecidae,Aetapcus,maculatus,Warty Prowfish,<i>Aetapcus maculatus</i><br>(Warty Prowfish),0,0,0,0,0,0,0
m1_fish,M1 fish,region,South Coast,South Coast,Bloom 2025-06,12,Pempherididae__Parapriacanthus__elongatus,Pempherididae Parapriacanthus elongatus,Actinopterygii,Pempherididae,Parapriacanthus,elongatus,Elongate Bullseye,<i>Parapriacanthus elongatus</i><br>(Elongate Bullseye),0,0,0,0,0,0,0
m1_fish,M1 fish,region,South Coast,South Coast,Bloom 2025-06,12,Pempherididae__Pempheris__klunzingeri,Pempherididae Pempheris klunzingeri,Actinopterygii,Pempherididae,Pempheris,klunzingeri,Rough Bullseye,<i>Pempheris klunzingeri</i><br>(Rough Bullseye),0,0,0,0,0,0,0
m1_fish,M1 fish,region,South Coast,South Coast,Bloom 2025-06,12,Pempherididae__Pempheris__multiradiata,Pempherididae Pempheris multiradiata,Actinopterygii,Pempherididae,Pempheris,multiradiata,Bigscale Bullseye,<i>Pempheris multiradiata</i><br>(Bigscale Bullseye),1,2.5,6.25,8.333333333333334,7.9785592313028175,0.20833333333333334,0.20833333333333337
m1_fish,M1 fish,region,South Coast,South Coast,Bloom 2025-06,12,Pempherididae__Pempheris__ornata,Pempherididae Pempheris ornata,Actinopterygii,Pempherididae,Pempheris,ornata,Orangelined Bullseye,<i>Pempheris ornata</i><br>(Orangelined Bullseye),0,0,0,0,0,0,0
m1_fish,M1 fish,region,South Coast,South Coast,Bloom 2025-06,12,Pempherididae__Pempheris__spp,Pempherididae Pempheris spp,Actinopterygii,Pempherididae,Pempheris,spp,NA,<i>Pempheris spp</i>,0,0,0,0,0,0,0
m1_fish,M1 fish,region,South Coast,South Coast,Bloom 2025-06,12,Pentacerotidae__Pentaceropsis__recurvirostris,Pentacerotidae Pentaceropsis recurvirostris,Actinopterygii,Pentacerotidae,Pentaceropsis,recurvirostris,Longsnout Boarfish,<i>Pentaceropsis recurvirostris</i><br>(Longsnout Boarfish),0,0,0,0,0,0,0
m1_fish,M1 fish,region,South Coast,South Coast,Bloom 2025-06,12,Pinguipedidae__Parapercis__haackei,Pinguipedidae Parapercis haackei,Actinopterygii,Pinguipedidae,Parapercis,haackei,Wavy Grubfish,<i>Parapercis haackei</i><br>(Wavy Grubfish),0,0,0,0,0,0,0
m1_fish,M1 fish,region,South Coast,South Coast,Bloom 2025-06,12,Pinguipedidae__Parapercis__ramsayi,Pinguipedidae Parapercis ramsayi,Actinopterygii,Pinguipedidae,Parapercis,ramsayi,Spotted Grubfish,<i>Parapercis ramsayi</i><br>(Spotted Grubfish),0,0,0,0,0,0,0
m1_fish,M1 fish,region,South Coast,South Coast,Bloom 2025-06,12,Platycephalidae__Leviprora__inops,Platycephalidae Leviprora inops,Actinopterygii,Platycephalidae,Leviprora,inops,Longhead Flathead,<i>Leviprora inops</i><br>(Longhead Flathead),0,0,0,0,0,0,0
m1_fish,M1 fish,region,South Coast,South Coast,Bloom 2025-06,12,Platycephalidae__Platycephalus__laevigatus,Platycephalidae Platycephalus laevigatus,Actinopterygii,Platycephalidae,Platycephalus,laevigatus,Rock Flathead,<i>Platycephalus laevigatus</i><br>(Rock Flathead),0,0,0,0,0,0,0
m1_fish,M1 fish,region,South Coast,South Coast,Bloom 2025-06,12,Platycephalidae__Platycephalus__speculator,Platycephalidae Platycephalus speculator,Actinopterygii,Platycephalidae,Platycephalus,speculator,Southern Bluespotted Flathead,<i>Platycephalus speculator</i><br>(Southern Bluespotted Flathead),0,0,0,0,0,0,0
m1_fish,M1 fish,region,South Coast,South Coast,Bloom 2025-06,12,Plesiopidae__Paraplesiops__meleagris,Plesiopidae Paraplesiops meleagris,Actinopterygii,Plesiopidae,Paraplesiops,meleagris,Southern Blue Devil,<i>Paraplesiops meleagris</i><br>(Southern Blue Devil),0,0,0,0,0,0,0
m1_fish,M1 fish,region,South Coast,South Coast,Bloom 2025-06,12,Plesiopidae__Trachinops__caudimaculatus,Plesiopidae Trachinops caudimaculatus,Actinopterygii,Plesiopidae,Trachinops,caudimaculatus,Southern Hulafish,<i>Trachinops caudimaculatus</i><br>(Southern Hulafish),0,0,0,0,0,0,0
m1_fish,M1 fish,region,South Coast,South Coast,Bloom 2025-06,12,Plesiopidae__Trachinops__noarlungae,Plesiopidae Trachinops noarlungae,Actinopterygii,Plesiopidae,Trachinops,noarlungae,Yellowhead Hulafish,<i>Trachinops noarlungae</i><br>(Yellowhead Hulafish),0,0,0,0,0,0,0
m1_fish,M1 fish,region,South Coast,South Coast,Bloom 2025-06,12,Plotosidae__Cnidoglanis__macrocephalus,Plotosidae Cnidoglanis macrocephalus,Actinopterygii,Plotosidae,Cnidoglanis,macrocephalus,Estuary Cobbler,<i>Cnidoglanis macrocephalus</i><br>(Estuary Cobbler),0,0,0,0,0,0,0
m1_fish,M1 fish,region,South Coast,South Coast,Bloom 2025-06,12,Pomacentridae__Parma__victoriae,Pomacentridae Parma victoriae,Actinopterygii,Pomacentridae,Parma,victoriae,Scalyfin,<i>Parma victoriae</i><br>(Scalyfin),7,15,54.5,58.333333333333336,14.231876063832777,1.25,0.5204164998665332
m1_fish,M1 fish,region,South Coast,South Coast,Bloom 2025-06,12,Scombridae__Scomber__australasicus,Scombridae Scomber australasicus,Actinopterygii,Scombridae,Scomber,australasicus,Blue Mackerel,<i>Scomber australasicus</i><br>(Blue Mackerel),0,0,0,0,0,0,0
m1_fish,M1 fish,region,South Coast,South Coast,Bloom 2025-06,12,Scorpididae__Scorpis__aequipinnis,Scorpididae Scorpis aequipinnis,Actinopterygii,Scorpididae,Scorpis,aequipinnis,Sea Sweep,<i>Scorpis aequipinnis</i><br>(Sea Sweep),9,235.5,9020.75,75,12.5,19.625,5.772887584268904
m1_fish,M1 fish,region,South Coast,South Coast,Bloom 2025-06,12,Scorpididae__Scorpis__georgiana,Scorpididae Scorpis georgiana,Actinopterygii,Scorpididae,Scorpis,georgiana,Banded Sweep,<i>Scorpis georgiana</i><br>(Banded Sweep),1,0.5,0.25,8.333333333333334,7.9785592313028175,0.041666666666666664,0.041666666666666664
m1_fish,M1 fish,region,South Coast,South Coast,Bloom 2025-06,12,Scorpididae__Scorpis__lineolata,Scorpididae Scorpis lineolata,Actinopterygii,Scorpididae,Scorpis,lineolata,Silver Sweep,<i>Scorpis lineolata</i><br>(Silver Sweep),1,3,9,8.333333333333334,7.9785592313028175,0.25,0.25
m1_fish,M1 fish,region,South Coast,South Coast,Bloom 2025-06,12,Serranidae__Caesioperca__rasor,Serranidae Caesioperca rasor,Actinopterygii,Serranidae,Caesioperca,rasor,Barber Perch,<i>Caesioperca rasor</i><br>(Barber Perch),0,0,0,0,0,0,0
m1_fish,M1 fish,region,South Coast,South Coast,Bloom 2025-06,12,Serranidae__Hypoplectrodes__nigroruber,Serranidae Hypoplectrodes nigroruber,Actinopterygii,Serranidae,Hypoplectrodes,nigroruber,Banded Seaperch,<i>Hypoplectrodes nigroruber</i><br>(Banded Seaperch),0,0,0,0,0,0,0
m1_fish,M1 fish,region,South Coast,South Coast,Bloom 2025-06,12,Serranidae__Othos__dentex,Serranidae Othos dentex,Actinopterygii,Serranidae,Othos,dentex,Harlequin Fish,<i>Othos dentex</i><br>(Harlequin Fish),0,0,0,0,0,0,0
m1_fish,M1 fish,region,South Coast,South Coast,Bloom 2025-06,12,Sillaginidae__Sillaginidae__spp,Sillaginidae Unknown spp,Actinopterygii,Sillaginidae,Sillaginidae,spp,NA,<i>Sillaginidae spp</i>,0,0,0,0,0,0,0
m1_fish,M1 fish,region,South Coast,South Coast,Bloom 2025-06,12,Sillaginidae__Sillaginodes__punctatus,Sillaginidae Sillaginodes punctatus,Actinopterygii,Sillaginidae,Sillaginodes,punctatus,King George Whiting,<i>Sillaginodes punctatus</i><br>(King George Whiting),0,0,0,0,0,0,0
m1_fish,M1 fish,region,South Coast,South Coast,Bloom 2025-06,12,Sparidae__Acanthopagrus__butcheri,Sparidae Acanthopagrus butcheri,Actinopterygii,Sparidae,Acanthopagrus,butcheri,Black Bream,<i>Acanthopagrus butcheri</i><br>(Black Bream),0,0,0,0,0,0,0
m1_fish,M1 fish,region,South Coast,South Coast,Bloom 2025-06,12,Sparidae__Chrysophrys__auratus,Sparidae Chrysophrys auratus,Actinopterygii,Sparidae,Chrysophrys,auratus,Snapper,<i>Chrysophrys auratus</i><br>(Snapper),0,0,0,0,0,0,0
m1_fish,M1 fish,region,South Coast,South Coast,Bloom 2025-06,12,Sphyraenidae__Sphyraena__novaehollandiae,Sphyraenidae Sphyraena novaehollandiae,Actinopterygii,Sphyraenidae,Sphyraena,novaehollandiae,Snook,<i>Sphyraena novaehollandiae</i><br>(Snook),0,0,0,0,0,0,0
m1_fish,M1 fish,region,South Coast,South Coast,Bloom 2025-06,12,Syngnathidae__Phycodurus__eques,Syngnathidae Phycodurus eques,Actinopterygii,Syngnathidae,Phycodurus,eques,Leafy Seadragon,<i>Phycodurus eques</i><br>(Leafy Seadragon),0,0,0,0,0,0,0
m1_fish,M1 fish,region,South Coast,South Coast,Bloom 2025-06,12,Syngnathidae__Phyllopteryx__taeniolatus,Syngnathidae Phyllopteryx taeniolatus,Actinopterygii,Syngnathidae,Phyllopteryx,taeniolatus,Common Seadragon,<i>Phyllopteryx taeniolatus</i><br>(Common Seadragon),0,0,0,0,0,0,0
m1_fish,M1 fish,region,South Coast,South Coast,Bloom 2025-06,12,Syngnathidae__Pugnaso__curtirostris,Syngnathidae Pugnaso curtirostris,Actinopterygii,Syngnathidae,Pugnaso,curtirostris,Pugnose Pipefish,<i>Pugnaso curtirostris</i><br>(Pugnose Pipefish),0,0,0,0,0,0,0
m1_fish,M1 fish,region,South Coast,South Coast,Bloom 2025-06,12,Terapontidae__Helotes__octolineatus,Terapontidae Helotes octolineatus,Actinopterygii,Terapontidae,Helotes,octolineatus,NA,<i>Helotes octolineatus</i>,0,0,0,0,0,0,0
m1_fish,M1 fish,region,South Coast,South Coast,Bloom 2025-06,12,Tetraodontidae__Omegophora__armilla,Tetraodontidae Omegophora armilla,Actinopterygii,Tetraodontidae,Omegophora,armilla,Ringed Toadfish,<i>Omegophora armilla</i><br>(Ringed Toadfish),0,0,0,0,0,0,0
m1_fish,M1 fish,region,South Coast,South Coast,Bloom 2025-06,12,Tetraodontidae__Omegophora__cyanopunctata,Tetraodontidae Omegophora cyanopunctata,Actinopterygii,Tetraodontidae,Omegophora,cyanopunctata,Bluespotted Toadfish,<i>Omegophora cyanopunctata</i><br>(Bluespotted Toadfish),0,0,0,0,0,0,0
m1_fish,M1 fish,region,South Coast,South Coast,Bloom 2025-06,12,Tetraodontidae__Tetractenos__glaber,Tetraodontidae Tetractenos glaber,Actinopterygii,Tetraodontidae,Tetractenos,glaber,Smooth Toadfish,<i>Tetractenos glaber</i><br>(Smooth Toadfish),1,0.5,0.25,8.333333333333334,7.9785592313028175,0.041666666666666664,0.041666666666666664
m1_fish,M1 fish,region,South Coast,South Coast,Bloom 2025-06,12,Tetraodontidae__Torquigener__pleurogramma,Tetraodontidae Torquigener pleurogramma,Actinopterygii,Tetraodontidae,Torquigener,pleurogramma,Weeping Toadfish,<i>Torquigener pleurogramma</i><br>(Weeping Toadfish),0,0,0,0,0,0,0
m1_fish,M1 fish,region,South Coast,South Coast,Bloom 2025-06,12,Trachichthyidae__Trachichthys__australis,Trachichthyidae Trachichthys australis,Actinopterygii,Trachichthyidae,Trachichthys,australis,Southern Roughy,<i>Trachichthys australis</i><br>(Southern Roughy),0,0,0,0,0,0,0
m1_fish,M1 fish,region,South Coast,South Coast,Bloom 2025-06,12,Tripterygiidae__Helcogramma__decurrens,Tripterygiidae Helcogramma decurrens,Actinopterygii,Tripterygiidae,Helcogramma,decurrens,Blackthroat Threefin,<i>Helcogramma decurrens</i><br>(Blackthroat Threefin),0,0,0,0,0,0,0
m1_fish,M1 fish,region,South Coast,South Coast,Bloom 2025-06,12,Tripterygiidae__Trinorfolkia__clarkei,Tripterygiidae Trinorfolkia clarkei,Actinopterygii,Tripterygiidae,Trinorfolkia,clarkei,Clark's Threefin,<i>Trinorfolkia clarkei</i><br>(Clark's Threefin),0,0,0,0,0,0,0
m1_fish,M1 fish,region,South Coast,South Coast,Bloom 2025-06,12,Tripterygiidae__Trinorfolkia__cristata,Tripterygiidae Trinorfolkia cristata,Actinopterygii,Tripterygiidae,Trinorfolkia,cristata,Crested Threefin,<i>Trinorfolkia cristata</i><br>(Crested Threefin),0,0,0,0,0,0,0
m1_fish,M1 fish,region,South Coast,South Coast,Bloom 2025-06,12,Tripterygiidae__Tripterygiidae__spp,Tripterygiidae Unknown spp,Actinopterygii,Tripterygiidae,Tripterygiidae,spp,NA,<i>Tripterygiidae spp</i>,0,0,0,0,0,0,0
m1_fish,M1 fish,region,South Coast,South Coast,Bloom 2025-06,12,Trygonorrhinidae__Aptychotrema__vincentiana,Trygonorrhinidae Aptychotrema vincentiana,Elasmobranchii,Trygonorrhinidae,Aptychotrema,vincentiana,Western Shovelnose Ray,<i>Aptychotrema vincentiana</i><br>(Western Shovelnose Ray),0,0,0,0,0,0,0
m1_fish,M1 fish,region,South Coast,South Coast,Bloom 2025-06,12,Trygonorrhinidae__Trygonorrhina__fasciata,Trygonorrhinidae Trygonorrhina fasciata,Elasmobranchii,Trygonorrhinidae,Trygonorrhina,fasciata,Eastern Fiddler Ray,<i>Trygonorrhina fasciata</i><br>(Eastern Fiddler Ray),0,0,0,0,0,0,0
m1_fish,M1 fish,region,South Coast,South Coast,Bloom 2025-06,12,Urolophidae__Urolophus__spp,Urolophidae Urolophus spp,Elasmobranchii,Urolophidae,Urolophus,spp,NA,<i>Urolophus spp</i>,0,0,0,0,0,0,0
m1_fish,M1 fish,region,South Coast,South Coast,Bloom 2026-02,16,Antennariidae__Rhycherus__filamentosus,Antennariidae Rhycherus filamentosus,Actinopterygii,Antennariidae,Rhycherus,filamentosus,Tasselled Anglerfish,<i>Rhycherus filamentosus</i><br>(Tasselled Anglerfish),0,0,0,0,0,0,0
m1_fish,M1 fish,region,South Coast,South Coast,Bloom 2026-02,16,Aplodactylidae__Aplodactylus__arctidens,Aplodactylidae Aplodactylus arctidens,Actinopterygii,Aplodactylidae,Aplodactylus,arctidens,Marblefish,<i>Aplodactylus arctidens</i><br>(Marblefish),0,0,0,0,0,0,0
m1_fish,M1 fish,region,South Coast,South Coast,Bloom 2026-02,16,Aplodactylidae__Aplodactylus__westralis,Aplodactylidae Aplodactylus westralis,Actinopterygii,Aplodactylidae,Aplodactylus,westralis,Western Seacarp,<i>Aplodactylus westralis</i><br>(Western Seacarp),0,0,0,0,0,0,0
m1_fish,M1 fish,region,South Coast,South Coast,Bloom 2026-02,16,Apogonidae__Ostorhinchus__victoriae,Apogonidae Ostorhinchus victoriae,Actinopterygii,Apogonidae,Ostorhinchus,victoriae,Western Striped Cardinalfish,<i>Ostorhinchus victoriae</i><br>(Western Striped Cardinalfish),0,0,0,0,0,0,0
m1_fish,M1 fish,region,South Coast,South Coast,Bloom 2026-02,16,Apogonidae__Siphamia__cephalotes,Apogonidae Siphamia cephalotes,Actinopterygii,Apogonidae,Siphamia,cephalotes,Wood's Siphonfish,<i>Siphamia cephalotes</i><br>(Wood's Siphonfish),0,0,0,0,0,0,0
m1_fish,M1 fish,region,South Coast,South Coast,Bloom 2026-02,16,Apogonidae__Vincentia__conspersa,Apogonidae Vincentia conspersa,Actinopterygii,Apogonidae,Vincentia,conspersa,Southern Cardinalfish,<i>Vincentia conspersa</i><br>(Southern Cardinalfish),0,0,0,0,0,0,0
m1_fish,M1 fish,region,South Coast,South Coast,Bloom 2026-02,16,Aracanidae__Anoplocapros__amygdaloides,Aracanidae Anoplocapros amygdaloides,Actinopterygii,Aracanidae,Anoplocapros,amygdaloides,Western Smooth Boxfish,<i>Anoplocapros amygdaloides</i><br>(Western Smooth Boxfish),0,0,0,0,0,0,0
m1_fish,M1 fish,region,South Coast,South Coast,Bloom 2026-02,16,Aracanidae__Anoplocapros__lenticularis,Aracanidae Anoplocapros lenticularis,Actinopterygii,Aracanidae,Anoplocapros,lenticularis,Whitebarred Boxfish,<i>Anoplocapros lenticularis</i><br>(Whitebarred Boxfish),0,0,0,0,0,0,0
m1_fish,M1 fish,region,South Coast,South Coast,Bloom 2026-02,16,Aracanidae__Aracana__aurita,Aracanidae Aracana aurita,Actinopterygii,Aracanidae,Aracana,aurita,Shaw's Cowfish,<i>Aracana aurita</i><br>(Shaw's Cowfish),0,0,0,0,0,0,0
m1_fish,M1 fish,region,South Coast,South Coast,Bloom 2026-02,16,Aracanidae__Aracana__ornata,Aracanidae Aracana ornata,Actinopterygii,Aracanidae,Aracana,ornata,Ornate Cowfish,<i>Aracana ornata</i><br>(Ornate Cowfish),0,0,0,0,0,0,0
m1_fish,M1 fish,region,South Coast,South Coast,Bloom 2026-02,16,Arripidae__Arripis__georgianus,Arripidae Arripis georgianus,Actinopterygii,Arripidae,Arripis,georgianus,Australian Herring,<i>Arripis georgianus</i><br>(Australian Herring),4,156.5,9722.75,25,10.825317547305483,9.78125,5.842368374997135
m1_fish,M1 fish,region,South Coast,South Coast,Bloom 2026-02,16,Arripidae__Arripis__spp,Arripidae Arripis spp,Actinopterygii,Arripidae,Arripis,spp,NA,<i>Arripis spp</i>,0,0,0,0,0,0,0
m1_fish,M1 fish,region,South Coast,South Coast,Bloom 2026-02,16,Arripidae__Arripis__truttaceus,Arripidae Arripis truttaceus,Actinopterygii,Arripidae,Arripis,truttaceus,Western Australian Salmon,<i>Arripis truttaceus</i><br>(Western Australian Salmon),0,0,0,0,0,0,0
m1_fish,M1 fish,region,South Coast,South Coast,Bloom 2026-02,16,Atherinidae__Atherinidae__spp,Atherinidae Unknown spp,Actinopterygii,Atherinidae,Atherinidae,spp,NA,<i>Atherinidae spp</i>,0,0,0,0,0,0,0
m1_fish,M1 fish,region,South Coast,South Coast,Bloom 2026-02,16,Berycidae__Centroberyx__gerrardi,Berycidae Centroberyx gerrardi,Actinopterygii,Berycidae,Centroberyx,gerrardi,Bight Redfish,<i>Centroberyx gerrardi</i><br>(Bight Redfish),0,0,0,0,0,0,0
m1_fish,M1 fish,region,South Coast,South Coast,Bloom 2026-02,16,Berycidae__Centroberyx__lineatus,Berycidae Centroberyx lineatus,Actinopterygii,Berycidae,Centroberyx,lineatus,Swallowtail,<i>Centroberyx lineatus</i><br>(Swallowtail),0,0,0,0,0,0,0
m1_fish,M1 fish,region,South Coast,South Coast,Bloom 2026-02,16,Bovichtidae__Bovichtus__angustifrons,Bovichtidae Bovichtus angustifrons,Actinopterygii,Bovichtidae,Bovichtus,angustifrons,Dragonet,<i>Bovichtus angustifrons</i><br>(Dragonet),0,0,0,0,0,0,0
m1_fish,M1 fish,region,South Coast,South Coast,Bloom 2026-02,16,Callionymidae__Eocallionymus__papilio,Callionymidae Eocallionymus papilio,Actinopterygii,Callionymidae,Eocallionymus,papilio,Painted Stinkfish,<i>Eocallionymus papilio</i><br>(Painted Stinkfish),0,0,0,0,0,0,0
m1_fish,M1 fish,region,South Coast,South Coast,Bloom 2026-02,16,Carangidae__Pseudocaranx__spp,Carangidae Pseudocaranx spp,Actinopterygii,Carangidae,Pseudocaranx,spp,NA,<i>Pseudocaranx spp</i>,0,0,0,0,0,0,0
m1_fish,M1 fish,region,South Coast,South Coast,Bloom 2026-02,16,Carangidae__Seriola__lalandi,Carangidae Seriola lalandi,Actinopterygii,Carangidae,Seriola,lalandi,Yellowtail Kingfish,<i>Seriola lalandi</i><br>(Yellowtail Kingfish),0,0,0,0,0,0,0
m1_fish,M1 fish,region,South Coast,South Coast,Bloom 2026-02,16,Carangidae__Trachurus__novaezelandiae,Carangidae Trachurus novaezelandiae,Actinopterygii,Carangidae,Trachurus,novaezelandiae,Yellowtail Scad,<i>Trachurus novaezelandiae</i><br>(Yellowtail Scad),0,0,0,0,0,0,0
m1_fish,M1 fish,region,South Coast,South Coast,Bloom 2026-02,16,Chaetodontidae__Chelmonops__curiosus,Chaetodontidae Chelmonops curiosus,Actinopterygii,Chaetodontidae,Chelmonops,curiosus,Western Talma,<i>Chelmonops curiosus</i><br>(Western Talma),0,0,0,0,0,0,0
m1_fish,M1 fish,region,South Coast,South Coast,Bloom 2026-02,16,Cheilodactylidae__Cheilodactylus__nigripes,Cheilodactylidae Cheilodactylus nigripes,Actinopterygii,Cheilodactylidae,Cheilodactylus,nigripes,Magpie Perch,<i>Cheilodactylus nigripes</i><br>(Magpie Perch),10,16.5,35.75,62.5,12.103072956898178,1.03125,0.27939201104064043
m1_fish,M1 fish,region,South Coast,South Coast,Bloom 2026-02,16,Cheilodactylidae__Cheilodactylus__spectabilis,Cheilodactylidae Cheilodactylus spectabilis,Actinopterygii,Cheilodactylidae,Cheilodactylus,spectabilis,Banded Morwong,<i>Cheilodactylus spectabilis</i><br>(Banded Morwong),0,0,0,0,0,0,0
m1_fish,M1 fish,region,South Coast,South Coast,Bloom 2026-02,16,Cheilodactylidae__Dactylophora__nigricans,Cheilodactylidae Dactylophora nigricans,Actinopterygii,Cheilodactylidae,Dactylophora,nigricans,Dusky Morwong,<i>Dactylophora nigricans</i><br>(Dusky Morwong),2,2,2.5,12.5,8.267972847076846,0.125,0.09682458365518543
m1_fish,M1 fish,region,South Coast,South Coast,Bloom 2026-02,16,Cheilodactylidae__Nemadactylus__valenciennesi,Cheilodactylidae Nemadactylus valenciennesi,Actinopterygii,Cheilodactylidae,Nemadactylus,valenciennesi,Blue Morwong,<i>Nemadactylus valenciennesi</i><br>(Blue Morwong),0,0,0,0,0,0,0
m1_fish,M1 fish,region,South Coast,South Coast,Bloom 2026-02,16,Chironemidae__Chironemus__georgianus,Chironemidae Chironemus georgianus,Actinopterygii,Chironemidae,Chironemus,georgianus,Western Kelpfish,<i>Chironemus georgianus</i><br>(Western Kelpfish),0,0,0,0,0,0,0
m1_fish,M1 fish,region,South Coast,South Coast,Bloom 2026-02,16,Chironemidae__Chironemus__maculosus,Chironemidae Chironemus maculosus,Actinopterygii,Chironemidae,Chironemus,maculosus,Silver Spot,<i>Chironemus maculosus</i><br>(Silver Spot),0,0,0,0,0,0,0
m1_fish,M1 fish,region,South Coast,South Coast,Bloom 2026-02,16,Clinidae__Heteroclinus__spp,Clinidae Heteroclinus spp,Actinopterygii,Clinidae,Heteroclinus,spp,NA,<i>Heteroclinus spp</i>,0,0,0,0,0,0,0
m1_fish,M1 fish,region,South Coast,South Coast,Bloom 2026-02,16,Clupeidae__Clupeidae__spp,Clupeidae Unknown spp,Actinopterygii,Clupeidae,Clupeidae,spp,NA,<i>Clupeidae spp</i>,0,0,0,0,0,0,0
m1_fish,M1 fish,region,South Coast,South Coast,Bloom 2026-02,16,Clupeidae__Hyperlophus__vittatus,Clupeidae Hyperlophus vittatus,Actinopterygii,Clupeidae,Hyperlophus,vittatus,Sandy Sprat,<i>Hyperlophus vittatus</i><br>(Sandy Sprat),0,0,0,0,0,0,0
m1_fish,M1 fish,region,South Coast,South Coast,Bloom 2026-02,16,Clupeidae__Spratelloides__robustus,Clupeidae Spratelloides robustus,Actinopterygii,Clupeidae,Spratelloides,robustus,Blue Sprat,<i>Spratelloides robustus</i><br>(Blue Sprat),0,0,0,0,0,0,0
m1_fish,M1 fish,region,South Coast,South Coast,Bloom 2026-02,16,Dasyatidae__Bathytoshia__lata,Dasyatidae Bathytoshia lata,Elasmobranchii,Dasyatidae,Bathytoshia,lata,Black Stingray,<i>Bathytoshia lata</i><br>(Black Stingray),0,0,0,0,0,0,0
m1_fish,M1 fish,region,South Coast,South Coast,Bloom 2026-02,16,Dinolestidae__Dinolestes__lewini,Dinolestidae Dinolestes lewini,Actinopterygii,Dinolestidae,Dinolestes,lewini,Longfin Pike,<i>Dinolestes lewini</i><br>(Longfin Pike),0,0,0,0,0,0,0
m1_fish,M1 fish,region,South Coast,South Coast,Bloom 2026-02,16,Diodontidae__Diodon__nicthemerus,Diodontidae Diodon nicthemerus,Actinopterygii,Diodontidae,Diodon,nicthemerus,Globefish,<i>Diodon nicthemerus</i><br>(Globefish),0,0,0,0,0,0,0
m1_fish,M1 fish,region,South Coast,South Coast,Bloom 2026-02,16,Enoplosidae__Enoplosus__armatus,Enoplosidae Enoplosus armatus,Actinopterygii,Enoplosidae,Enoplosus,armatus,Old Wife,<i>Enoplosus armatus</i><br>(Old Wife),1,0.5,0.25,6.25,6.051536478449089,0.03125,0.03125
m1_fish,M1 fish,region,South Coast,South Coast,Bloom 2026-02,16,Gerreidae__Parequula__melbournensis,Gerreidae Parequula melbournensis,Actinopterygii,Gerreidae,Parequula,melbournensis,Silverbelly,<i>Parequula melbournensis</i><br>(Silverbelly),0,0,0,0,0,0,0
m1_fish,M1 fish,region,South Coast,South Coast,Bloom 2026-02,16,Girellidae__Girella__tricuspidata,Girellidae Girella tricuspidata,Actinopterygii,Girellidae,Girella,tricuspidata,Luderick,<i>Girella tricuspidata</i><br>(Luderick),0,0,0,0,0,0,0
m1_fish,M1 fish,region,South Coast,South Coast,Bloom 2026-02,16,Girellidae__Girella__zebra,Girellidae Girella zebra,Actinopterygii,Girellidae,Girella,zebra,Zebrafish,<i>Girella zebra</i><br>(Zebrafish),3,12.5,112.25,18.75,9.757809372497498,0.78125,0.653466318310796
m1_fish,M1 fish,region,South Coast,South Coast,Bloom 2026-02,16,Gobiesocidae__Gobiesocidae__spp,Gobiesocidae Unknown spp,Actinopterygii,Gobiesocidae,Gobiesocidae,spp,NA,<i>Gobiesocidae spp</i>,0,0,0,0,0,0,0
m1_fish,M1 fish,region,South Coast,South Coast,Bloom 2026-02,16,Gobiidae__Gobiidae__spp,Gobiidae Unknown spp,Actinopterygii,Gobiidae,Gobiidae,spp,NA,<i>Gobiidae spp</i>,0,0,0,0,0,0,0
m1_fish,M1 fish,region,South Coast,South Coast,Bloom 2026-02,16,Gobiidae__Nesogobius__pulchellus,Gobiidae Nesogobius pulchellus,Actinopterygii,Gobiidae,Nesogobius,pulchellus,Sailfin Goby,<i>Nesogobius pulchellus</i><br>(Sailfin Goby),0,0,0,0,0,0,0
m1_fish,M1 fish,region,South Coast,South Coast,Bloom 2026-02,16,Heterodontidae__Heterodontus__portusjacksoni,Heterodontidae Heterodontus portusjacksoni,Elasmobranchii,Heterodontidae,Heterodontus,portusjacksoni,Port Jackson Shark,<i>Heterodontus portusjacksoni</i><br>(Port Jackson Shark),0,0,0,0,0,0,0
m1_fish,M1 fish,region,South Coast,South Coast,Bloom 2026-02,16,Hypnidae__Hypnos__monopterygius,Hypnidae Hypnos monopterygius,Elasmobranchii,Hypnidae,Hypnos,monopterygius,Coffin Ray,<i>Hypnos monopterygius</i><br>(Coffin Ray),0,0,0,0,0,0,0
m1_fish,M1 fish,region,South Coast,South Coast,Bloom 2026-02,16,Kyphosidae__Kyphosus__sydneyanus,Kyphosidae Kyphosus sydneyanus,Actinopterygii,Kyphosidae,Kyphosus,sydneyanus,Silver Drummer,<i>Kyphosus sydneyanus</i><br>(Silver Drummer),2,2.5,4.25,12.5,8.267972847076846,0.15625,0.12680981494611002
m1_fish,M1 fish,region,South Coast,South Coast,Bloom 2026-02,16,Labridae__Achoerodus__gouldii,Labridae Achoerodus gouldii,Actinopterygii,Labridae,Achoerodus,gouldii,Western Blue Groper,<i>Achoerodus gouldii</i><br>(Western Blue Groper),0,0,0,0,0,0,0
m1_fish,M1 fish,region,South Coast,South Coast,Bloom 2026-02,16,Labridae__Austrolabrus__maculatus,Labridae Austrolabrus maculatus,Actinopterygii,Labridae,Austrolabrus,maculatus,Blackspotted Wrasse,<i>Austrolabrus maculatus</i><br>(Blackspotted Wrasse),0,0,0,0,0,0,0
m1_fish,M1 fish,region,South Coast,South Coast,Bloom 2026-02,16,Labridae__Dotalabrus__aurantiacus,Labridae Dotalabrus aurantiacus,Actinopterygii,Labridae,Dotalabrus,aurantiacus,Castelnau's Wrasse,<i>Dotalabrus aurantiacus</i><br>(Castelnau's Wrasse),0,0,0,0,0,0,0
m1_fish,M1 fish,region,South Coast,South Coast,Bloom 2026-02,16,Labridae__Eupetrichthys__angustipes,Labridae Eupetrichthys angustipes,Actinopterygii,Labridae,Eupetrichthys,angustipes,Snakeskin Wrasse,<i>Eupetrichthys angustipes</i><br>(Snakeskin Wrasse),0,0,0,0,0,0,0
m1_fish,M1 fish,region,South Coast,South Coast,Bloom 2026-02,16,Labridae__Haletta__semifasciata,Labridae Haletta semifasciata,Actinopterygii,Labridae,Haletta,semifasciata,Blue Weed Whiting,<i>Haletta semifasciata</i><br>(Blue Weed Whiting),0,0,0,0,0,0,0
m1_fish,M1 fish,region,South Coast,South Coast,Bloom 2026-02,16,Labridae__Heteroscarus__acroptilus,Labridae Heteroscarus acroptilus,Actinopterygii,Labridae,Heteroscarus,acroptilus,Rainbow Cale,<i>Heteroscarus acroptilus</i><br>(Rainbow Cale),0,0,0,0,0,0,0
m1_fish,M1 fish,region,South Coast,South Coast,Bloom 2026-02,16,Labridae__Neoodax__balteatus,Labridae Neoodax balteatus,Actinopterygii,Labridae,Neoodax,balteatus,Little Weed Whiting,<i>Neoodax balteatus</i><br>(Little Weed Whiting),0,0,0,0,0,0,0
m1_fish,M1 fish,region,South Coast,South Coast,Bloom 2026-02,16,Labridae__Notolabrus__fucicola,Labridae Notolabrus fucicola,Actinopterygii,Labridae,Notolabrus,fucicola,Purple Wrasse,<i>Notolabrus fucicola</i><br>(Purple Wrasse),0,0,0,0,0,0,0
m1_fish,M1 fish,region,South Coast,South Coast,Bloom 2026-02,16,Labridae__Notolabrus__parilus,Labridae Notolabrus parilus,Actinopterygii,Labridae,Notolabrus,parilus,Brownspotted Wrasse,<i>Notolabrus parilus</i><br>(Brownspotted Wrasse),7,4.5,3.25,43.75,12.401959270615269,0.28125,0.09092980351164665
m1_fish,M1 fish,region,South Coast,South Coast,Bloom 2026-02,16,Labridae__Notolabrus__tetricus,Labridae Notolabrus tetricus,Actinopterygii,Labridae,Notolabrus,tetricus,Bluethroat Wrasse,<i>Notolabrus tetricus</i><br>(Bluethroat Wrasse),9,13,29.5,56.25,12.401959270615269,0.8125,0.2809025631780529
m1_fish,M1 fish,region,South Coast,South Coast,Bloom 2026-02,16,Labridae__Olisthops__cyanomelas,Labridae Olisthops cyanomelas,Actinopterygii,Labridae,Olisthops,cyanomelas,Herring Cale,<i>Olisthops cyanomelas</i><br>(Herring Cale),5,5,5.5,31.25,11.587810136086974,0.3125,0.128086884574495
m1_fish,M1 fish,region,South Coast,South Coast,Bloom 2026-02,16,Labridae__Ophthalmolepis__lineolatus,Labridae Ophthalmolepis lineolatus,Actinopterygii,Labridae,Ophthalmolepis,lineolatus,Southern Maori Wrasse,<i>Ophthalmolepis lineolatus</i><br>(Southern Maori Wrasse),0,0,0,0,0,0,0
m1_fish,M1 fish,region,South Coast,South Coast,Bloom 2026-02,16,Labridae__Pictilabrus__laticlavius,Labridae Pictilabrus laticlavius,Actinopterygii,Labridae,Pictilabrus,laticlavius,Senator Wrasse,<i>Pictilabrus laticlavius</i><br>(Senator Wrasse),2,1,0.5,12.5,8.267972847076846,0.0625,0.042695628191498324
m1_fish,M1 fish,region,South Coast,South Coast,Bloom 2026-02,16,Labridae__Pseudolabrus__rubicundus,Labridae Pseudolabrus rubicundus,Actinopterygii,Labridae,Pseudolabrus,rubicundus,Rosy Wrasse,<i>Pseudolabrus rubicundus</i><br>(Rosy Wrasse),0,0,0,0,0,0,0
m1_fish,M1 fish,region,South Coast,South Coast,Bloom 2026-02,16,Labridae__Siphonognathus__argyrophanes,Labridae Siphonognathus argyrophanes,Actinopterygii,Labridae,Siphonognathus,argyrophanes,Tubemouth,<i>Siphonognathus argyrophanes</i><br>(Tubemouth),0,0,0,0,0,0,0
m1_fish,M1 fish,region,South Coast,South Coast,Bloom 2026-02,16,Labridae__Siphonognathus__attenuatus,Labridae Siphonognathus attenuatus,Actinopterygii,Labridae,Siphonognathus,attenuatus,Slender Weed Whiting,<i>Siphonognathus attenuatus</i><br>(Slender Weed Whiting),0,0,0,0,0,0,0
m1_fish,M1 fish,region,South Coast,South Coast,Bloom 2026-02,16,Labridae__Siphonognathus__beddomei,Labridae Siphonognathus beddomei,Actinopterygii,Labridae,Siphonognathus,beddomei,Pencil Weed Whiting,<i>Siphonognathus beddomei</i><br>(Pencil Weed Whiting),0,0,0,0,0,0,0
m1_fish,M1 fish,region,South Coast,South Coast,Bloom 2026-02,16,Labridae__Siphonognathus__caninis,Labridae Siphonognathus caninis,Actinopterygii,Labridae,Siphonognathus,caninis,Sharpnose Weed Whiting,<i>Siphonognathus caninis</i><br>(Sharpnose Weed Whiting),0,0,0,0,0,0,0
m1_fish,M1 fish,region,South Coast,South Coast,Bloom 2026-02,16,Labridae__Siphonognathus__radiatus,Labridae Siphonognathus radiatus,Actinopterygii,Labridae,Siphonognathus,radiatus,Longray Weed Whiting,<i>Siphonognathus radiatus</i><br>(Longray Weed Whiting),0,0,0,0,0,0,0
m1_fish,M1 fish,region,South Coast,South Coast,Bloom 2026-02,16,Labridae__Siphonognathus__spp,Labridae Siphonognathus spp,Actinopterygii,Labridae,Siphonognathus,spp,NA,<i>Siphonognathus spp</i>,0,0,0,0,0,0,0
m1_fish,M1 fish,region,South Coast,South Coast,Bloom 2026-02,16,Labridae__Siphonognathus__tanyourus,Labridae Siphonognathus tanyourus,Actinopterygii,Labridae,Siphonognathus,tanyourus,Longtail Weed Whiting,<i>Siphonognathus tanyourus</i><br>(Longtail Weed Whiting),0,0,0,0,0,0,0
m1_fish,M1 fish,region,South Coast,South Coast,Bloom 2026-02,16,Microcanthidae__Neatypus__obliquus,Microcanthidae Neatypus obliquus,Actinopterygii,Microcanthidae,Neatypus,obliquus,Footballer Sweep,<i>Neatypus obliquus</i><br>(Footballer Sweep),0,0,0,0,0,0,0
m1_fish,M1 fish,region,South Coast,South Coast,Bloom 2026-02,16,Microcanthidae__Tilodon__sexfasciatus,Microcanthidae Tilodon sexfasciatus,Actinopterygii,Microcanthidae,Tilodon,sexfasciatus,Moonlighter,<i>Tilodon sexfasciatus</i><br>(Moonlighter),1,2,4,6.25,6.051536478449089,0.125,0.125
m1_fish,M1 fish,region,South Coast,South Coast,Bloom 2026-02,16,Monacanthidae__Acanthaluteres__brownii,Monacanthidae Acanthaluteres brownii,Actinopterygii,Monacanthidae,Acanthaluteres,brownii,Spinytail Leatherjacket,<i>Acanthaluteres brownii</i><br>(Spinytail Leatherjacket),1,0.5,0.25,6.25,6.051536478449089,0.03125,0.03125
m1_fish,M1 fish,region,South Coast,South Coast,Bloom 2026-02,16,Monacanthidae__Acanthaluteres__spilomelanurus,Monacanthidae Acanthaluteres spilomelanurus,Actinopterygii,Monacanthidae,Acanthaluteres,spilomelanurus,Bridled Leatherjacket,<i>Acanthaluteres spilomelanurus</i><br>(Bridled Leatherjacket),0,0,0,0,0,0,0
m1_fish,M1 fish,region,South Coast,South Coast,Bloom 2026-02,16,Monacanthidae__Acanthaluteres__vittiger,Monacanthidae Acanthaluteres vittiger,Actinopterygii,Monacanthidae,Acanthaluteres,vittiger,Toothbrush Leatherjacket,<i>Acanthaluteres vittiger</i><br>(Toothbrush Leatherjacket),3,9.5,65.25,18.75,9.757809372497498,0.59375,0.4983697380794036
m1_fish,M1 fish,region,South Coast,South Coast,Bloom 2026-02,16,Monacanthidae__Brachaluteres__jacksonianus,Monacanthidae Brachaluteres jacksonianus,Actinopterygii,Monacanthidae,Brachaluteres,jacksonianus,Southern Pygmy Leatherjacket,<i>Brachaluteres jacksonianus</i><br>(Southern Pygmy Leatherjacket),0,0,0,0,0,0,0
m1_fish,M1 fish,region,South Coast,South Coast,Bloom 2026-02,16,Monacanthidae__Eubalichthys__gunnii,Monacanthidae Eubalichthys gunnii,Actinopterygii,Monacanthidae,Eubalichthys,gunnii,Gunn's Leatherjacket,<i>Eubalichthys gunnii</i><br>(Gunn's Leatherjacket),0,0,0,0,0,0,0
m1_fish,M1 fish,region,South Coast,South Coast,Bloom 2026-02,16,Monacanthidae__Eubalichthys__mosaicus,Monacanthidae Eubalichthys mosaicus,Actinopterygii,Monacanthidae,Eubalichthys,mosaicus,Mosaic Leatherjacket,<i>Eubalichthys mosaicus</i><br>(Mosaic Leatherjacket),0,0,0,0,0,0,0
m1_fish,M1 fish,region,South Coast,South Coast,Bloom 2026-02,16,Monacanthidae__Meuschenia__flavolineata,Monacanthidae Meuschenia flavolineata,Actinopterygii,Monacanthidae,Meuschenia,flavolineata,Yellowstriped Leatherjacket,<i>Meuschenia flavolineata</i><br>(Yellowstriped Leatherjacket),0,0,0,0,0,0,0
m1_fish,M1 fish,region,South Coast,South Coast,Bloom 2026-02,16,Monacanthidae__Meuschenia__freycineti,Monacanthidae Meuschenia freycineti,Actinopterygii,Monacanthidae,Meuschenia,freycineti,Sixspine Leatherjacket,<i>Meuschenia freycineti</i><br>(Sixspine Leatherjacket),0,0,0,0,0,0,0
m1_fish,M1 fish,region,South Coast,South Coast,Bloom 2026-02,16,Monacanthidae__Meuschenia__galii,Monacanthidae Meuschenia galii,Actinopterygii,Monacanthidae,Meuschenia,galii,Bluelined Leatherjacket,<i>Meuschenia galii</i><br>(Bluelined Leatherjacket),0,0,0,0,0,0,0
m1_fish,M1 fish,region,South Coast,South Coast,Bloom 2026-02,16,Monacanthidae__Meuschenia__hippocrepis,Monacanthidae Meuschenia hippocrepis,Actinopterygii,Monacanthidae,Meuschenia,hippocrepis,Horseshoe Leatherjacket,<i>Meuschenia hippocrepis</i><br>(Horseshoe Leatherjacket),2,2,2.5,12.5,8.267972847076846,0.125,0.09682458365518543
m1_fish,M1 fish,region,South Coast,South Coast,Bloom 2026-02,16,Monacanthidae__Meuschenia__venusta,Monacanthidae Meuschenia venusta,Actinopterygii,Monacanthidae,Meuschenia,venusta,Stars-and-stripes Leatherjacket,<i>Meuschenia venusta</i><br>(Stars-and-stripes Leatherjacket),0,0,0,0,0,0,0
m1_fish,M1 fish,region,South Coast,South Coast,Bloom 2026-02,16,Monacanthidae__Scobinichthys__granulatus,Monacanthidae Scobinichthys granulatus,Actinopterygii,Monacanthidae,Scobinichthys,granulatus,Rough Leatherjacket,<i>Scobinichthys granulatus</i><br>(Rough Leatherjacket),0,0,0,0,0,0,0
m1_fish,M1 fish,region,South Coast,South Coast,Bloom 2026-02,16,Monacanthidae__Thamnaconus__degeni,Monacanthidae Thamnaconus degeni,Actinopterygii,Monacanthidae,Thamnaconus,degeni,Bluefin Leatherjacket,<i>Thamnaconus degeni</i><br>(Bluefin Leatherjacket),0,0,0,0,0,0,0
m1_fish,M1 fish,region,South Coast,South Coast,Bloom 2026-02,16,Mullidae__Upeneichthys__vlamingii,Mullidae Upeneichthys vlamingii,Actinopterygii,Mullidae,Upeneichthys,vlamingii,Bluespotted Goatfish,<i>Upeneichthys vlamingii</i><br>(Bluespotted Goatfish),1,0.5,0.25,6.25,6.051536478449089,0.03125,0.03125
m1_fish,M1 fish,region,South Coast,South Coast,Bloom 2026-02,16,Myliobatidae__Myliobatis__tenuicaudatus,Myliobatidae Myliobatis tenuicaudatus,Elasmobranchii,Myliobatidae,Myliobatis,tenuicaudatus,Southern Eagle Ray,<i>Myliobatis tenuicaudatus</i><br>(Southern Eagle Ray),0,0,0,0,0,0,0
m1_fish,M1 fish,region,South Coast,South Coast,Bloom 2026-02,16,Ophiclinidae__Ophiclinus__spp,Ophiclinidae Ophiclinus spp,Actinopterygii,Ophiclinidae,Ophiclinus,spp,NA,<i>Ophiclinus spp</i>,0,0,0,0,0,0,0
m1_fish,M1 fish,region,South Coast,South Coast,Bloom 2026-02,16,Parascylliidae__Parascyllium__ferrugineum,Parascylliidae Parascyllium ferrugineum,Elasmobranchii,Parascylliidae,Parascyllium,ferrugineum,Rusty Carpetshark,<i>Parascyllium ferrugineum</i><br>(Rusty Carpetshark),0,0,0,0,0,0,0
m1_fish,M1 fish,region,South Coast,South Coast,Bloom 2026-02,16,Parascylliidae__Parascyllium__variolatum,Parascylliidae Parascyllium variolatum,Elasmobranchii,Parascylliidae,Parascyllium,variolatum,Varied Carpetshark,<i>Parascyllium variolatum</i><br>(Varied Carpetshark),0,0,0,0,0,0,0
m1_fish,M1 fish,region,South Coast,South Coast,Bloom 2026-02,16,Pataecidae__Aetapcus__maculatus,Pataecidae Aetapcus maculatus,Actinopterygii,Pataecidae,Aetapcus,maculatus,Warty Prowfish,<i>Aetapcus maculatus</i><br>(Warty Prowfish),0,0,0,0,0,0,0
m1_fish,M1 fish,region,South Coast,South Coast,Bloom 2026-02,16,Pempherididae__Parapriacanthus__elongatus,Pempherididae Parapriacanthus elongatus,Actinopterygii,Pempherididae,Parapriacanthus,elongatus,Elongate Bullseye,<i>Parapriacanthus elongatus</i><br>(Elongate Bullseye),0,0,0,0,0,0,0
m1_fish,M1 fish,region,South Coast,South Coast,Bloom 2026-02,16,Pempherididae__Pempheris__klunzingeri,Pempherididae Pempheris klunzingeri,Actinopterygii,Pempherididae,Pempheris,klunzingeri,Rough Bullseye,<i>Pempheris klunzingeri</i><br>(Rough Bullseye),0,0,0,0,0,0,0
m1_fish,M1 fish,region,South Coast,South Coast,Bloom 2026-02,16,Pempherididae__Pempheris__multiradiata,Pempherididae Pempheris multiradiata,Actinopterygii,Pempherididae,Pempheris,multiradiata,Bigscale Bullseye,<i>Pempheris multiradiata</i><br>(Bigscale Bullseye),0,0,0,0,0,0,0
m1_fish,M1 fish,region,South Coast,South Coast,Bloom 2026-02,16,Pempherididae__Pempheris__ornata,Pempherididae Pempheris ornata,Actinopterygii,Pempherididae,Pempheris,ornata,Orangelined Bullseye,<i>Pempheris ornata</i><br>(Orangelined Bullseye),0,0,0,0,0,0,0
m1_fish,M1 fish,region,South Coast,South Coast,Bloom 2026-02,16,Pempherididae__Pempheris__spp,Pempherididae Pempheris spp,Actinopterygii,Pempherididae,Pempheris,spp,NA,<i>Pempheris spp</i>,0,0,0,0,0,0,0
m1_fish,M1 fish,region,South Coast,South Coast,Bloom 2026-02,16,Pentacerotidae__Pentaceropsis__recurvirostris,Pentacerotidae Pentaceropsis recurvirostris,Actinopterygii,Pentacerotidae,Pentaceropsis,recurvirostris,Longsnout Boarfish,<i>Pentaceropsis recurvirostris</i><br>(Longsnout Boarfish),0,0,0,0,0,0,0
m1_fish,M1 fish,region,South Coast,South Coast,Bloom 2026-02,16,Pinguipedidae__Parapercis__haackei,Pinguipedidae Parapercis haackei,Actinopterygii,Pinguipedidae,Parapercis,haackei,Wavy Grubfish,<i>Parapercis haackei</i><br>(Wavy Grubfish),0,0,0,0,0,0,0
m1_fish,M1 fish,region,South Coast,South Coast,Bloom 2026-02,16,Pinguipedidae__Parapercis__ramsayi,Pinguipedidae Parapercis ramsayi,Actinopterygii,Pinguipedidae,Parapercis,ramsayi,Spotted Grubfish,<i>Parapercis ramsayi</i><br>(Spotted Grubfish),0,0,0,0,0,0,0
m1_fish,M1 fish,region,South Coast,South Coast,Bloom 2026-02,16,Platycephalidae__Leviprora__inops,Platycephalidae Leviprora inops,Actinopterygii,Platycephalidae,Leviprora,inops,Longhead Flathead,<i>Leviprora inops</i><br>(Longhead Flathead),0,0,0,0,0,0,0
m1_fish,M1 fish,region,South Coast,South Coast,Bloom 2026-02,16,Platycephalidae__Platycephalus__laevigatus,Platycephalidae Platycephalus laevigatus,Actinopterygii,Platycephalidae,Platycephalus,laevigatus,Rock Flathead,<i>Platycephalus laevigatus</i><br>(Rock Flathead),0,0,0,0,0,0,0
m1_fish,M1 fish,region,South Coast,South Coast,Bloom 2026-02,16,Platycephalidae__Platycephalus__speculator,Platycephalidae Platycephalus speculator,Actinopterygii,Platycephalidae,Platycephalus,speculator,Southern Bluespotted Flathead,<i>Platycephalus speculator</i><br>(Southern Bluespotted Flathead),0,0,0,0,0,0,0
m1_fish,M1 fish,region,South Coast,South Coast,Bloom 2026-02,16,Plesiopidae__Paraplesiops__meleagris,Plesiopidae Paraplesiops meleagris,Actinopterygii,Plesiopidae,Paraplesiops,meleagris,Southern Blue Devil,<i>Paraplesiops meleagris</i><br>(Southern Blue Devil),0,0,0,0,0,0,0
m1_fish,M1 fish,region,South Coast,South Coast,Bloom 2026-02,16,Plesiopidae__Trachinops__caudimaculatus,Plesiopidae Trachinops caudimaculatus,Actinopterygii,Plesiopidae,Trachinops,caudimaculatus,Southern Hulafish,<i>Trachinops caudimaculatus</i><br>(Southern Hulafish),0,0,0,0,0,0,0
m1_fish,M1 fish,region,South Coast,South Coast,Bloom 2026-02,16,Plesiopidae__Trachinops__noarlungae,Plesiopidae Trachinops noarlungae,Actinopterygii,Plesiopidae,Trachinops,noarlungae,Yellowhead Hulafish,<i>Trachinops noarlungae</i><br>(Yellowhead Hulafish),0,0,0,0,0,0,0
m1_fish,M1 fish,region,South Coast,South Coast,Bloom 2026-02,16,Plotosidae__Cnidoglanis__macrocephalus,Plotosidae Cnidoglanis macrocephalus,Actinopterygii,Plotosidae,Cnidoglanis,macrocephalus,Estuary Cobbler,<i>Cnidoglanis macrocephalus</i><br>(Estuary Cobbler),0,0,0,0,0,0,0
m1_fish,M1 fish,region,South Coast,South Coast,Bloom 2026-02,16,Pomacentridae__Parma__victoriae,Pomacentridae Parma victoriae,Actinopterygii,Pomacentridae,Parma,victoriae,Scalyfin,<i>Parma victoriae</i><br>(Scalyfin),3,1.5,0.75,18.75,9.757809372497498,0.09375,0.05038911092686594
m1_fish,M1 fish,region,South Coast,South Coast,Bloom 2026-02,16,Scombridae__Scomber__australasicus,Scombridae Scomber australasicus,Actinopterygii,Scombridae,Scomber,australasicus,Blue Mackerel,<i>Scomber australasicus</i><br>(Blue Mackerel),0,0,0,0,0,0,0
m1_fish,M1 fish,region,South Coast,South Coast,Bloom 2026-02,16,Scorpididae__Scorpis__aequipinnis,Scorpididae Scorpis aequipinnis,Actinopterygii,Scorpididae,Scorpis,aequipinnis,Sea Sweep,<i>Scorpis aequipinnis</i><br>(Sea Sweep),13,106.5,1506.75,81.25,9.757809372497498,6.65625,1.8232975792502988
m1_fish,M1 fish,region,South Coast,South Coast,Bloom 2026-02,16,Scorpididae__Scorpis__georgiana,Scorpididae Scorpis georgiana,Actinopterygii,Scorpididae,Scorpis,georgiana,Banded Sweep,<i>Scorpis georgiana</i><br>(Banded Sweep),0,0,0,0,0,0,0
m1_fish,M1 fish,region,South Coast,South Coast,Bloom 2026-02,16,Scorpididae__Scorpis__lineolata,Scorpididae Scorpis lineolata,Actinopterygii,Scorpididae,Scorpis,lineolata,Silver Sweep,<i>Scorpis lineolata</i><br>(Silver Sweep),0,0,0,0,0,0,0
m1_fish,M1 fish,region,South Coast,South Coast,Bloom 2026-02,16,Serranidae__Caesioperca__rasor,Serranidae Caesioperca rasor,Actinopterygii,Serranidae,Caesioperca,rasor,Barber Perch,<i>Caesioperca rasor</i><br>(Barber Perch),0,0,0,0,0,0,0
m1_fish,M1 fish,region,South Coast,South Coast,Bloom 2026-02,16,Serranidae__Hypoplectrodes__nigroruber,Serranidae Hypoplectrodes nigroruber,Actinopterygii,Serranidae,Hypoplectrodes,nigroruber,Banded Seaperch,<i>Hypoplectrodes nigroruber</i><br>(Banded Seaperch),0,0,0,0,0,0,0
m1_fish,M1 fish,region,South Coast,South Coast,Bloom 2026-02,16,Serranidae__Othos__dentex,Serranidae Othos dentex,Actinopterygii,Serranidae,Othos,dentex,Harlequin Fish,<i>Othos dentex</i><br>(Harlequin Fish),0,0,0,0,0,0,0
m1_fish,M1 fish,region,South Coast,South Coast,Bloom 2026-02,16,Sillaginidae__Sillaginidae__spp,Sillaginidae Unknown spp,Actinopterygii,Sillaginidae,Sillaginidae,spp,NA,<i>Sillaginidae spp</i>,0,0,0,0,0,0,0
m1_fish,M1 fish,region,South Coast,South Coast,Bloom 2026-02,16,Sillaginidae__Sillaginodes__punctatus,Sillaginidae Sillaginodes punctatus,Actinopterygii,Sillaginidae,Sillaginodes,punctatus,King George Whiting,<i>Sillaginodes punctatus</i><br>(King George Whiting),0,0,0,0,0,0,0
m1_fish,M1 fish,region,South Coast,South Coast,Bloom 2026-02,16,Sparidae__Acanthopagrus__butcheri,Sparidae Acanthopagrus butcheri,Actinopterygii,Sparidae,Acanthopagrus,butcheri,Black Bream,<i>Acanthopagrus butcheri</i><br>(Black Bream),0,0,0,0,0,0,0
m1_fish,M1 fish,region,South Coast,South Coast,Bloom 2026-02,16,Sparidae__Chrysophrys__auratus,Sparidae Chrysophrys auratus,Actinopterygii,Sparidae,Chrysophrys,auratus,Snapper,<i>Chrysophrys auratus</i><br>(Snapper),0,0,0,0,0,0,0
m1_fish,M1 fish,region,South Coast,South Coast,Bloom 2026-02,16,Sphyraenidae__Sphyraena__novaehollandiae,Sphyraenidae Sphyraena novaehollandiae,Actinopterygii,Sphyraenidae,Sphyraena,novaehollandiae,Snook,<i>Sphyraena novaehollandiae</i><br>(Snook),0,0,0,0,0,0,0
m1_fish,M1 fish,region,South Coast,South Coast,Bloom 2026-02,16,Syngnathidae__Phycodurus__eques,Syngnathidae Phycodurus eques,Actinopterygii,Syngnathidae,Phycodurus,eques,Leafy Seadragon,<i>Phycodurus eques</i><br>(Leafy Seadragon),0,0,0,0,0,0,0
m1_fish,M1 fish,region,South Coast,South Coast,Bloom 2026-02,16,Syngnathidae__Phyllopteryx__taeniolatus,Syngnathidae Phyllopteryx taeniolatus,Actinopterygii,Syngnathidae,Phyllopteryx,taeniolatus,Common Seadragon,<i>Phyllopteryx taeniolatus</i><br>(Common Seadragon),0,0,0,0,0,0,0
m1_fish,M1 fish,region,South Coast,South Coast,Bloom 2026-02,16,Syngnathidae__Pugnaso__curtirostris,Syngnathidae Pugnaso curtirostris,Actinopterygii,Syngnathidae,Pugnaso,curtirostris,Pugnose Pipefish,<i>Pugnaso curtirostris</i><br>(Pugnose Pipefish),0,0,0,0,0,0,0
m1_fish,M1 fish,region,South Coast,South Coast,Bloom 2026-02,16,Terapontidae__Helotes__octolineatus,Terapontidae Helotes octolineatus,Actinopterygii,Terapontidae,Helotes,octolineatus,NA,<i>Helotes octolineatus</i>,0,0,0,0,0,0,0
m1_fish,M1 fish,region,South Coast,South Coast,Bloom 2026-02,16,Tetraodontidae__Omegophora__armilla,Tetraodontidae Omegophora armilla,Actinopterygii,Tetraodontidae,Omegophora,armilla,Ringed Toadfish,<i>Omegophora armilla</i><br>(Ringed Toadfish),0,0,0,0,0,0,0
m1_fish,M1 fish,region,South Coast,South Coast,Bloom 2026-02,16,Tetraodontidae__Omegophora__cyanopunctata,Tetraodontidae Omegophora cyanopunctata,Actinopterygii,Tetraodontidae,Omegophora,cyanopunctata,Bluespotted Toadfish,<i>Omegophora cyanopunctata</i><br>(Bluespotted Toadfish),0,0,0,0,0,0,0
m1_fish,M1 fish,region,South Coast,South Coast,Bloom 2026-02,16,Tetraodontidae__Tetractenos__glaber,Tetraodontidae Tetractenos glaber,Actinopterygii,Tetraodontidae,Tetractenos,glaber,Smooth Toadfish,<i>Tetractenos glaber</i><br>(Smooth Toadfish),0,0,0,0,0,0,0
m1_fish,M1 fish,region,South Coast,South Coast,Bloom 2026-02,16,Tetraodontidae__Torquigener__pleurogramma,Tetraodontidae Torquigener pleurogramma,Actinopterygii,Tetraodontidae,Torquigener,pleurogramma,Weeping Toadfish,<i>Torquigener pleurogramma</i><br>(Weeping Toadfish),0,0,0,0,0,0,0
m1_fish,M1 fish,region,South Coast,South Coast,Bloom 2026-02,16,Trachichthyidae__Trachichthys__australis,Trachichthyidae Trachichthys australis,Actinopterygii,Trachichthyidae,Trachichthys,australis,Southern Roughy,<i>Trachichthys australis</i><br>(Southern Roughy),0,0,0,0,0,0,0
m1_fish,M1 fish,region,South Coast,South Coast,Bloom 2026-02,16,Tripterygiidae__Helcogramma__decurrens,Tripterygiidae Helcogramma decurrens,Actinopterygii,Tripterygiidae,Helcogramma,decurrens,Blackthroat Threefin,<i>Helcogramma decurrens</i><br>(Blackthroat Threefin),0,0,0,0,0,0,0
m1_fish,M1 fish,region,South Coast,South Coast,Bloom 2026-02,16,Tripterygiidae__Trinorfolkia__clarkei,Tripterygiidae Trinorfolkia clarkei,Actinopterygii,Tripterygiidae,Trinorfolkia,clarkei,Clark's Threefin,<i>Trinorfolkia clarkei</i><br>(Clark's Threefin),0,0,0,0,0,0,0
m1_fish,M1 fish,region,South Coast,South Coast,Bloom 2026-02,16,Tripterygiidae__Trinorfolkia__cristata,Tripterygiidae Trinorfolkia cristata,Actinopterygii,Tripterygiidae,Trinorfolkia,cristata,Crested Threefin,<i>Trinorfolkia cristata</i><br>(Crested Threefin),0,0,0,0,0,0,0
m1_fish,M1 fish,region,South Coast,South Coast,Bloom 2026-02,16,Tripterygiidae__Tripterygiidae__spp,Tripterygiidae Unknown spp,Actinopterygii,Tripterygiidae,Tripterygiidae,spp,NA,<i>Tripterygiidae spp</i>,0,0,0,0,0,0,0
m1_fish,M1 fish,region,South Coast,South Coast,Bloom 2026-02,16,Trygonorrhinidae__Aptychotrema__vincentiana,Trygonorrhinidae Aptychotrema vincentiana,Elasmobranchii,Trygonorrhinidae,Aptychotrema,vincentiana,Western Shovelnose Ray,<i>Aptychotrema vincentiana</i><br>(Western Shovelnose Ray),0,0,0,0,0,0,0
m1_fish,M1 fish,region,South Coast,South Coast,Bloom 2026-02,16,Trygonorrhinidae__Trygonorrhina__fasciata,Trygonorrhinidae Trygonorrhina fasciata,Elasmobranchii,Trygonorrhinidae,Trygonorrhina,fasciata,Eastern Fiddler Ray,<i>Trygonorrhina fasciata</i><br>(Eastern Fiddler Ray),0,0,0,0,0,0,0
m1_fish,M1 fish,region,South Coast,South Coast,Bloom 2026-02,16,Urolophidae__Urolophus__spp,Urolophidae Urolophus spp,Elasmobranchii,Urolophidae,Urolophus,spp,NA,<i>Urolophus spp</i>,0,0,0,0,0,0,0
m1_fish,M1 fish,region,South Coast,South Coast,Bloom 2026-05,36,Antennariidae__Rhycherus__filamentosus,Antennariidae Rhycherus filamentosus,Actinopterygii,Antennariidae,Rhycherus,filamentosus,Tasselled Anglerfish,<i>Rhycherus filamentosus</i><br>(Tasselled Anglerfish),0,0,0,0,0,0,0
m1_fish,M1 fish,region,South Coast,South Coast,Bloom 2026-05,36,Aplodactylidae__Aplodactylus__arctidens,Aplodactylidae Aplodactylus arctidens,Actinopterygii,Aplodactylidae,Aplodactylus,arctidens,Marblefish,<i>Aplodactylus arctidens</i><br>(Marblefish),0,0,0,0,0,0,0
m1_fish,M1 fish,region,South Coast,South Coast,Bloom 2026-05,36,Aplodactylidae__Aplodactylus__westralis,Aplodactylidae Aplodactylus westralis,Actinopterygii,Aplodactylidae,Aplodactylus,westralis,Western Seacarp,<i>Aplodactylus westralis</i><br>(Western Seacarp),6,4,3,16.666666666666668,6.211299937499416,0.1111111111111111,0.045035749076543195
m1_fish,M1 fish,region,South Coast,South Coast,Bloom 2026-05,36,Apogonidae__Ostorhinchus__victoriae,Apogonidae Ostorhinchus victoriae,Actinopterygii,Apogonidae,Ostorhinchus,victoriae,Western Striped Cardinalfish,<i>Ostorhinchus victoriae</i><br>(Western Striped Cardinalfish),0,0,0,0,0,0,0
m1_fish,M1 fish,region,South Coast,South Coast,Bloom 2026-05,36,Apogonidae__Siphamia__cephalotes,Apogonidae Siphamia cephalotes,Actinopterygii,Apogonidae,Siphamia,cephalotes,Wood's Siphonfish,<i>Siphamia cephalotes</i><br>(Wood's Siphonfish),0,0,0,0,0,0,0
m1_fish,M1 fish,region,South Coast,South Coast,Bloom 2026-05,36,Apogonidae__Vincentia__conspersa,Apogonidae Vincentia conspersa,Actinopterygii,Apogonidae,Vincentia,conspersa,Southern Cardinalfish,<i>Vincentia conspersa</i><br>(Southern Cardinalfish),0,0,0,0,0,0,0
m1_fish,M1 fish,region,South Coast,South Coast,Bloom 2026-05,36,Aracanidae__Anoplocapros__amygdaloides,Aracanidae Anoplocapros amygdaloides,Actinopterygii,Aracanidae,Anoplocapros,amygdaloides,Western Smooth Boxfish,<i>Anoplocapros amygdaloides</i><br>(Western Smooth Boxfish),0,0,0,0,0,0,0
m1_fish,M1 fish,region,South Coast,South Coast,Bloom 2026-05,36,Aracanidae__Anoplocapros__lenticularis,Aracanidae Anoplocapros lenticularis,Actinopterygii,Aracanidae,Anoplocapros,lenticularis,Whitebarred Boxfish,<i>Anoplocapros lenticularis</i><br>(Whitebarred Boxfish),0,0,0,0,0,0,0
m1_fish,M1 fish,region,South Coast,South Coast,Bloom 2026-05,36,Aracanidae__Aracana__aurita,Aracanidae Aracana aurita,Actinopterygii,Aracanidae,Aracana,aurita,Shaw's Cowfish,<i>Aracana aurita</i><br>(Shaw's Cowfish),0,0,0,0,0,0,0
m1_fish,M1 fish,region,South Coast,South Coast,Bloom 2026-05,36,Aracanidae__Aracana__ornata,Aracanidae Aracana ornata,Actinopterygii,Aracanidae,Aracana,ornata,Ornate Cowfish,<i>Aracana ornata</i><br>(Ornate Cowfish),0,0,0,0,0,0,0
m1_fish,M1 fish,region,South Coast,South Coast,Bloom 2026-05,36,Arripidae__Arripis__georgianus,Arripidae Arripis georgianus,Actinopterygii,Arripidae,Arripis,georgianus,Australian Herring,<i>Arripis georgianus</i><br>(Australian Herring),1,0.5,0.25,2.7777777777777777,2.7389258255090816,0.013888888888888888,0.013888888888888888
m1_fish,M1 fish,region,South Coast,South Coast,Bloom 2026-05,36,Arripidae__Arripis__spp,Arripidae Arripis spp,Actinopterygii,Arripidae,Arripis,spp,NA,<i>Arripis spp</i>,0,0,0,0,0,0,0
m1_fish,M1 fish,region,South Coast,South Coast,Bloom 2026-05,36,Arripidae__Arripis__truttaceus,Arripidae Arripis truttaceus,Actinopterygii,Arripidae,Arripis,truttaceus,Western Australian Salmon,<i>Arripis truttaceus</i><br>(Western Australian Salmon),0,0,0,0,0,0,0
m1_fish,M1 fish,region,South Coast,South Coast,Bloom 2026-05,36,Atherinidae__Atherinidae__spp,Atherinidae Unknown spp,Actinopterygii,Atherinidae,Atherinidae,spp,NA,<i>Atherinidae spp</i>,0,0,0,0,0,0,0
m1_fish,M1 fish,region,South Coast,South Coast,Bloom 2026-05,36,Berycidae__Centroberyx__gerrardi,Berycidae Centroberyx gerrardi,Actinopterygii,Berycidae,Centroberyx,gerrardi,Bight Redfish,<i>Centroberyx gerrardi</i><br>(Bight Redfish),0,0,0,0,0,0,0
m1_fish,M1 fish,region,South Coast,South Coast,Bloom 2026-05,36,Berycidae__Centroberyx__lineatus,Berycidae Centroberyx lineatus,Actinopterygii,Berycidae,Centroberyx,lineatus,Swallowtail,<i>Centroberyx lineatus</i><br>(Swallowtail),0,0,0,0,0,0,0
m1_fish,M1 fish,region,South Coast,South Coast,Bloom 2026-05,36,Bovichtidae__Bovichtus__angustifrons,Bovichtidae Bovichtus angustifrons,Actinopterygii,Bovichtidae,Bovichtus,angustifrons,Dragonet,<i>Bovichtus angustifrons</i><br>(Dragonet),0,0,0,0,0,0,0
m1_fish,M1 fish,region,South Coast,South Coast,Bloom 2026-05,36,Callionymidae__Eocallionymus__papilio,Callionymidae Eocallionymus papilio,Actinopterygii,Callionymidae,Eocallionymus,papilio,Painted Stinkfish,<i>Eocallionymus papilio</i><br>(Painted Stinkfish),0,0,0,0,0,0,0
m1_fish,M1 fish,region,South Coast,South Coast,Bloom 2026-05,36,Carangidae__Pseudocaranx__spp,Carangidae Pseudocaranx spp,Actinopterygii,Carangidae,Pseudocaranx,spp,NA,<i>Pseudocaranx spp</i>,0,0,0,0,0,0,0
m1_fish,M1 fish,region,South Coast,South Coast,Bloom 2026-05,36,Carangidae__Seriola__lalandi,Carangidae Seriola lalandi,Actinopterygii,Carangidae,Seriola,lalandi,Yellowtail Kingfish,<i>Seriola lalandi</i><br>(Yellowtail Kingfish),0,0,0,0,0,0,0
m1_fish,M1 fish,region,South Coast,South Coast,Bloom 2026-05,36,Carangidae__Trachurus__novaezelandiae,Carangidae Trachurus novaezelandiae,Actinopterygii,Carangidae,Trachurus,novaezelandiae,Yellowtail Scad,<i>Trachurus novaezelandiae</i><br>(Yellowtail Scad),0,0,0,0,0,0,0
m1_fish,M1 fish,region,South Coast,South Coast,Bloom 2026-05,36,Chaetodontidae__Chelmonops__curiosus,Chaetodontidae Chelmonops curiosus,Actinopterygii,Chaetodontidae,Chelmonops,curiosus,Western Talma,<i>Chelmonops curiosus</i><br>(Western Talma),1,0.5,0.25,2.7777777777777777,2.7389258255090816,0.013888888888888888,0.013888888888888888
m1_fish,M1 fish,region,South Coast,South Coast,Bloom 2026-05,36,Cheilodactylidae__Cheilodactylus__nigripes,Cheilodactylidae Cheilodactylus nigripes,Actinopterygii,Cheilodactylidae,Cheilodactylus,nigripes,Magpie Perch,<i>Cheilodactylus nigripes</i><br>(Magpie Perch),22,59.5,246.75,61.111111111111114,8.124967025363077,1.6527777777777777,0.34319891291663573
m1_fish,M1 fish,region,South Coast,South Coast,Bloom 2026-05,36,Cheilodactylidae__Cheilodactylus__spectabilis,Cheilodactylidae Cheilodactylus spectabilis,Actinopterygii,Cheilodactylidae,Cheilodactylus,spectabilis,Banded Morwong,<i>Cheilodactylus spectabilis</i><br>(Banded Morwong),3,2,1.5,8.333333333333334,4.606423319938055,0.05555555555555555,0.033200794703733154
m1_fish,M1 fish,region,South Coast,South Coast,Bloom 2026-05,36,Cheilodactylidae__Dactylophora__nigricans,Cheilodactylidae Dactylophora nigricans,Actinopterygii,Cheilodactylidae,Dactylophora,nigricans,Dusky Morwong,<i>Dactylophora nigricans</i><br>(Dusky Morwong),1,0.5,0.25,2.7777777777777777,2.7389258255090816,0.013888888888888888,0.013888888888888888
m1_fish,M1 fish,region,South Coast,South Coast,Bloom 2026-05,36,Cheilodactylidae__Nemadactylus__valenciennesi,Cheilodactylidae Nemadactylus valenciennesi,Actinopterygii,Cheilodactylidae,Nemadactylus,valenciennesi,Blue Morwong,<i>Nemadactylus valenciennesi</i><br>(Blue Morwong),2,1,0.5,5.555555555555555,3.8176903940904263,0.027777777777777776,0.019359223678810267
m1_fish,M1 fish,region,South Coast,South Coast,Bloom 2026-05,36,Chironemidae__Chironemus__georgianus,Chironemidae Chironemus georgianus,Actinopterygii,Chironemidae,Chironemus,georgianus,Western Kelpfish,<i>Chironemus georgianus</i><br>(Western Kelpfish),0,0,0,0,0,0,0
m1_fish,M1 fish,region,South Coast,South Coast,Bloom 2026-05,36,Chironemidae__Chironemus__maculosus,Chironemidae Chironemus maculosus,Actinopterygii,Chironemidae,Chironemus,maculosus,Silver Spot,<i>Chironemus maculosus</i><br>(Silver Spot),0,0,0,0,0,0,0
m1_fish,M1 fish,region,South Coast,South Coast,Bloom 2026-05,36,Clinidae__Heteroclinus__spp,Clinidae Heteroclinus spp,Actinopterygii,Clinidae,Heteroclinus,spp,NA,<i>Heteroclinus spp</i>,0,0,0,0,0,0,0
m1_fish,M1 fish,region,South Coast,South Coast,Bloom 2026-05,36,Clupeidae__Clupeidae__spp,Clupeidae Unknown spp,Actinopterygii,Clupeidae,Clupeidae,spp,NA,<i>Clupeidae spp</i>,0,0,0,0,0,0,0
m1_fish,M1 fish,region,South Coast,South Coast,Bloom 2026-05,36,Clupeidae__Hyperlophus__vittatus,Clupeidae Hyperlophus vittatus,Actinopterygii,Clupeidae,Hyperlophus,vittatus,Sandy Sprat,<i>Hyperlophus vittatus</i><br>(Sandy Sprat),0,0,0,0,0,0,0
m1_fish,M1 fish,region,South Coast,South Coast,Bloom 2026-05,36,Clupeidae__Spratelloides__robustus,Clupeidae Spratelloides robustus,Actinopterygii,Clupeidae,Spratelloides,robustus,Blue Sprat,<i>Spratelloides robustus</i><br>(Blue Sprat),0,0,0,0,0,0,0
m1_fish,M1 fish,region,South Coast,South Coast,Bloom 2026-05,36,Dasyatidae__Bathytoshia__lata,Dasyatidae Bathytoshia lata,Elasmobranchii,Dasyatidae,Bathytoshia,lata,Black Stingray,<i>Bathytoshia lata</i><br>(Black Stingray),0,0,0,0,0,0,0
m1_fish,M1 fish,region,South Coast,South Coast,Bloom 2026-05,36,Dinolestidae__Dinolestes__lewini,Dinolestidae Dinolestes lewini,Actinopterygii,Dinolestidae,Dinolestes,lewini,Longfin Pike,<i>Dinolestes lewini</i><br>(Longfin Pike),1,3.5,12.25,2.7777777777777777,2.7389258255090816,0.09722222222222222,0.09722222222222221
m1_fish,M1 fish,region,South Coast,South Coast,Bloom 2026-05,36,Diodontidae__Diodon__nicthemerus,Diodontidae Diodon nicthemerus,Actinopterygii,Diodontidae,Diodon,nicthemerus,Globefish,<i>Diodon nicthemerus</i><br>(Globefish),0,0,0,0,0,0,0
m1_fish,M1 fish,region,South Coast,South Coast,Bloom 2026-05,36,Enoplosidae__Enoplosus__armatus,Enoplosidae Enoplosus armatus,Actinopterygii,Enoplosidae,Enoplosus,armatus,Old Wife,<i>Enoplosus armatus</i><br>(Old Wife),3,1.5,0.75,8.333333333333334,4.606423319938055,0.041666666666666664,0.023358829607557835
m1_fish,M1 fish,region,South Coast,South Coast,Bloom 2026-05,36,Gerreidae__Parequula__melbournensis,Gerreidae Parequula melbournensis,Actinopterygii,Gerreidae,Parequula,melbournensis,Silverbelly,<i>Parequula melbournensis</i><br>(Silverbelly),0,0,0,0,0,0,0
m1_fish,M1 fish,region,South Coast,South Coast,Bloom 2026-05,36,Girellidae__Girella__tricuspidata,Girellidae Girella tricuspidata,Actinopterygii,Girellidae,Girella,tricuspidata,Luderick,<i>Girella tricuspidata</i><br>(Luderick),0,0,0,0,0,0,0
m1_fish,M1 fish,region,South Coast,South Coast,Bloom 2026-05,36,Girellidae__Girella__zebra,Girellidae Girella zebra,Actinopterygii,Girellidae,Girella,zebra,Zebrafish,<i>Girella zebra</i><br>(Zebrafish),12,40.5,450.75,33.333333333333336,7.856742013183863,1.125,0.5670779319920508
m1_fish,M1 fish,region,South Coast,South Coast,Bloom 2026-05,36,Gobiesocidae__Gobiesocidae__spp,Gobiesocidae Unknown spp,Actinopterygii,Gobiesocidae,Gobiesocidae,spp,NA,<i>Gobiesocidae spp</i>,0,0,0,0,0,0,0
m1_fish,M1 fish,region,South Coast,South Coast,Bloom 2026-05,36,Gobiidae__Gobiidae__spp,Gobiidae Unknown spp,Actinopterygii,Gobiidae,Gobiidae,spp,NA,<i>Gobiidae spp</i>,0,0,0,0,0,0,0
m1_fish,M1 fish,region,South Coast,South Coast,Bloom 2026-05,36,Gobiidae__Nesogobius__pulchellus,Gobiidae Nesogobius pulchellus,Actinopterygii,Gobiidae,Nesogobius,pulchellus,Sailfin Goby,<i>Nesogobius pulchellus</i><br>(Sailfin Goby),0,0,0,0,0,0,0
m1_fish,M1 fish,region,South Coast,South Coast,Bloom 2026-05,36,Heterodontidae__Heterodontus__portusjacksoni,Heterodontidae Heterodontus portusjacksoni,Elasmobranchii,Heterodontidae,Heterodontus,portusjacksoni,Port Jackson Shark,<i>Heterodontus portusjacksoni</i><br>(Port Jackson Shark),0,0,0,0,0,0,0
m1_fish,M1 fish,region,South Coast,South Coast,Bloom 2026-05,36,Hypnidae__Hypnos__monopterygius,Hypnidae Hypnos monopterygius,Elasmobranchii,Hypnidae,Hypnos,monopterygius,Coffin Ray,<i>Hypnos monopterygius</i><br>(Coffin Ray),0,0,0,0,0,0,0
m1_fish,M1 fish,region,South Coast,South Coast,Bloom 2026-05,36,Kyphosidae__Kyphosus__sydneyanus,Kyphosidae Kyphosus sydneyanus,Actinopterygii,Kyphosidae,Kyphosus,sydneyanus,Silver Drummer,<i>Kyphosus sydneyanus</i><br>(Silver Drummer),21,57,221.5,58.333333333333336,8.216777476527245,1.5833333333333333,0.3227486121839514
m1_fish,M1 fish,region,South Coast,South Coast,Bloom 2026-05,36,Labridae__Achoerodus__gouldii,Labridae Achoerodus gouldii,Actinopterygii,Labridae,Achoerodus,gouldii,Western Blue Groper,<i>Achoerodus gouldii</i><br>(Western Blue Groper),2,2,2,5.555555555555555,3.8176903940904263,0.05555555555555555,0.038718447357620533
m1_fish,M1 fish,region,South Coast,South Coast,Bloom 2026-05,36,Labridae__Austrolabrus__maculatus,Labridae Austrolabrus maculatus,Actinopterygii,Labridae,Austrolabrus,maculatus,Blackspotted Wrasse,<i>Austrolabrus maculatus</i><br>(Blackspotted Wrasse),2,1,0.5,5.555555555555555,3.8176903940904263,0.027777777777777776,0.019359223678810267
m1_fish,M1 fish,region,South Coast,South Coast,Bloom 2026-05,36,Labridae__Dotalabrus__aurantiacus,Labridae Dotalabrus aurantiacus,Actinopterygii,Labridae,Dotalabrus,aurantiacus,Castelnau's Wrasse,<i>Dotalabrus aurantiacus</i><br>(Castelnau's Wrasse),0,0,0,0,0,0,0
m1_fish,M1 fish,region,South Coast,South Coast,Bloom 2026-05,36,Labridae__Eupetrichthys__angustipes,Labridae Eupetrichthys angustipes,Actinopterygii,Labridae,Eupetrichthys,angustipes,Snakeskin Wrasse,<i>Eupetrichthys angustipes</i><br>(Snakeskin Wrasse),0,0,0,0,0,0,0
m1_fish,M1 fish,region,South Coast,South Coast,Bloom 2026-05,36,Labridae__Haletta__semifasciata,Labridae Haletta semifasciata,Actinopterygii,Labridae,Haletta,semifasciata,Blue Weed Whiting,<i>Haletta semifasciata</i><br>(Blue Weed Whiting),0,0,0,0,0,0,0
m1_fish,M1 fish,region,South Coast,South Coast,Bloom 2026-05,36,Labridae__Heteroscarus__acroptilus,Labridae Heteroscarus acroptilus,Actinopterygii,Labridae,Heteroscarus,acroptilus,Rainbow Cale,<i>Heteroscarus acroptilus</i><br>(Rainbow Cale),0,0,0,0,0,0,0
m1_fish,M1 fish,region,South Coast,South Coast,Bloom 2026-05,36,Labridae__Neoodax__balteatus,Labridae Neoodax balteatus,Actinopterygii,Labridae,Neoodax,balteatus,Little Weed Whiting,<i>Neoodax balteatus</i><br>(Little Weed Whiting),0,0,0,0,0,0,0
m1_fish,M1 fish,region,South Coast,South Coast,Bloom 2026-05,36,Labridae__Notolabrus__fucicola,Labridae Notolabrus fucicola,Actinopterygii,Labridae,Notolabrus,fucicola,Purple Wrasse,<i>Notolabrus fucicola</i><br>(Purple Wrasse),5,4.5,4.75,13.88888888888889,5.7638424064762654,0.125,0.057649047680015476
m1_fish,M1 fish,region,South Coast,South Coast,Bloom 2026-05,36,Labridae__Notolabrus__parilus,Labridae Notolabrus parilus,Actinopterygii,Labridae,Notolabrus,parilus,Brownspotted Wrasse,<i>Notolabrus parilus</i><br>(Brownspotted Wrasse),23,31.5,60.75,63.888888888888886,8.005377993421567,0.875,0.1622938252500252
m1_fish,M1 fish,region,South Coast,South Coast,Bloom 2026-05,36,Labridae__Notolabrus__tetricus,Labridae Notolabrus tetricus,Actinopterygii,Labridae,Notolabrus,tetricus,Bluethroat Wrasse,<i>Notolabrus tetricus</i><br>(Bluethroat Wrasse),23,176,1724,63.888888888888886,8.005377993421567,4.888888888888889,0.8278656606166357
m1_fish,M1 fish,region,South Coast,South Coast,Bloom 2026-05,36,Labridae__Olisthops__cyanomelas,Labridae Olisthops cyanomelas,Actinopterygii,Labridae,Olisthops,cyanomelas,Herring Cale,<i>Olisthops cyanomelas</i><br>(Herring Cale),0,0,0,0,0,0,0
m1_fish,M1 fish,region,South Coast,South Coast,Bloom 2026-05,36,Labridae__Ophthalmolepis__lineolatus,Labridae Ophthalmolepis lineolatus,Actinopterygii,Labridae,Ophthalmolepis,lineolatus,Southern Maori Wrasse,<i>Ophthalmolepis lineolatus</i><br>(Southern Maori Wrasse),0,0,0,0,0,0,0
m1_fish,M1 fish,region,South Coast,South Coast,Bloom 2026-05,36,Labridae__Pictilabrus__laticlavius,Labridae Pictilabrus laticlavius,Actinopterygii,Labridae,Pictilabrus,laticlavius,Senator Wrasse,<i>Pictilabrus laticlavius</i><br>(Senator Wrasse),15,17.5,32.75,41.666666666666664,8.216777476527245,0.4861111111111111,0.1387102025165667
m1_fish,M1 fish,region,South Coast,South Coast,Bloom 2026-05,36,Labridae__Pseudolabrus__rubicundus,Labridae Pseudolabrus rubicundus,Actinopterygii,Labridae,Pseudolabrus,rubicundus,Rosy Wrasse,<i>Pseudolabrus rubicundus</i><br>(Rosy Wrasse),0,0,0,0,0,0,0
m1_fish,M1 fish,region,South Coast,South Coast,Bloom 2026-05,36,Labridae__Siphonognathus__argyrophanes,Labridae Siphonognathus argyrophanes,Actinopterygii,Labridae,Siphonognathus,argyrophanes,Tubemouth,<i>Siphonognathus argyrophanes</i><br>(Tubemouth),0,0,0,0,0,0,0
m1_fish,M1 fish,region,South Coast,South Coast,Bloom 2026-05,36,Labridae__Siphonognathus__attenuatus,Labridae Siphonognathus attenuatus,Actinopterygii,Labridae,Siphonognathus,attenuatus,Slender Weed Whiting,<i>Siphonognathus attenuatus</i><br>(Slender Weed Whiting),0,0,0,0,0,0,0
m1_fish,M1 fish,region,South Coast,South Coast,Bloom 2026-05,36,Labridae__Siphonognathus__beddomei,Labridae Siphonognathus beddomei,Actinopterygii,Labridae,Siphonognathus,beddomei,Pencil Weed Whiting,<i>Siphonognathus beddomei</i><br>(Pencil Weed Whiting),0,0,0,0,0,0,0
m1_fish,M1 fish,region,South Coast,South Coast,Bloom 2026-05,36,Labridae__Siphonognathus__caninis,Labridae Siphonognathus caninis,Actinopterygii,Labridae,Siphonognathus,caninis,Sharpnose Weed Whiting,<i>Siphonognathus caninis</i><br>(Sharpnose Weed Whiting),0,0,0,0,0,0,0
m1_fish,M1 fish,region,South Coast,South Coast,Bloom 2026-05,36,Labridae__Siphonognathus__radiatus,Labridae Siphonognathus radiatus,Actinopterygii,Labridae,Siphonognathus,radiatus,Longray Weed Whiting,<i>Siphonognathus radiatus</i><br>(Longray Weed Whiting),0,0,0,0,0,0,0
m1_fish,M1 fish,region,South Coast,South Coast,Bloom 2026-05,36,Labridae__Siphonognathus__spp,Labridae Siphonognathus spp,Actinopterygii,Labridae,Siphonognathus,spp,NA,<i>Siphonognathus spp</i>,0,0,0,0,0,0,0
m1_fish,M1 fish,region,South Coast,South Coast,Bloom 2026-05,36,Labridae__Siphonognathus__tanyourus,Labridae Siphonognathus tanyourus,Actinopterygii,Labridae,Siphonognathus,tanyourus,Longtail Weed Whiting,<i>Siphonognathus tanyourus</i><br>(Longtail Weed Whiting),0,0,0,0,0,0,0
m1_fish,M1 fish,region,South Coast,South Coast,Bloom 2026-05,36,Microcanthidae__Neatypus__obliquus,Microcanthidae Neatypus obliquus,Actinopterygii,Microcanthidae,Neatypus,obliquus,Footballer Sweep,<i>Neatypus obliquus</i><br>(Footballer Sweep),0,0,0,0,0,0,0
m1_fish,M1 fish,region,South Coast,South Coast,Bloom 2026-05,36,Microcanthidae__Tilodon__sexfasciatus,Microcanthidae Tilodon sexfasciatus,Actinopterygii,Microcanthidae,Tilodon,sexfasciatus,Moonlighter,<i>Tilodon sexfasciatus</i><br>(Moonlighter),10,9,10.5,27.77777777777778,7.465053470646805,0.25,0.0809173593712687
m1_fish,M1 fish,region,South Coast,South Coast,Bloom 2026-05,36,Monacanthidae__Acanthaluteres__brownii,Monacanthidae Acanthaluteres brownii,Actinopterygii,Monacanthidae,Acanthaluteres,brownii,Spinytail Leatherjacket,<i>Acanthaluteres brownii</i><br>(Spinytail Leatherjacket),1,0.5,0.25,2.7777777777777777,2.7389258255090816,0.013888888888888888,0.013888888888888888
m1_fish,M1 fish,region,South Coast,South Coast,Bloom 2026-05,36,Monacanthidae__Acanthaluteres__spilomelanurus,Monacanthidae Acanthaluteres spilomelanurus,Actinopterygii,Monacanthidae,Acanthaluteres,spilomelanurus,Bridled Leatherjacket,<i>Acanthaluteres spilomelanurus</i><br>(Bridled Leatherjacket),0,0,0,0,0,0,0
m1_fish,M1 fish,region,South Coast,South Coast,Bloom 2026-05,36,Monacanthidae__Acanthaluteres__vittiger,Monacanthidae Acanthaluteres vittiger,Actinopterygii,Monacanthidae,Acanthaluteres,vittiger,Toothbrush Leatherjacket,<i>Acanthaluteres vittiger</i><br>(Toothbrush Leatherjacket),0,0,0,0,0,0,0
m1_fish,M1 fish,region,South Coast,South Coast,Bloom 2026-05,36,Monacanthidae__Brachaluteres__jacksonianus,Monacanthidae Brachaluteres jacksonianus,Actinopterygii,Monacanthidae,Brachaluteres,jacksonianus,Southern Pygmy Leatherjacket,<i>Brachaluteres jacksonianus</i><br>(Southern Pygmy Leatherjacket),0,0,0,0,0,0,0
m1_fish,M1 fish,region,South Coast,South Coast,Bloom 2026-05,36,Monacanthidae__Eubalichthys__gunnii,Monacanthidae Eubalichthys gunnii,Actinopterygii,Monacanthidae,Eubalichthys,gunnii,Gunn's Leatherjacket,<i>Eubalichthys gunnii</i><br>(Gunn's Leatherjacket),0,0,0,0,0,0,0
m1_fish,M1 fish,region,South Coast,South Coast,Bloom 2026-05,36,Monacanthidae__Eubalichthys__mosaicus,Monacanthidae Eubalichthys mosaicus,Actinopterygii,Monacanthidae,Eubalichthys,mosaicus,Mosaic Leatherjacket,<i>Eubalichthys mosaicus</i><br>(Mosaic Leatherjacket),0,0,0,0,0,0,0
m1_fish,M1 fish,region,South Coast,South Coast,Bloom 2026-05,36,Monacanthidae__Meuschenia__flavolineata,Monacanthidae Meuschenia flavolineata,Actinopterygii,Monacanthidae,Meuschenia,flavolineata,Yellowstriped Leatherjacket,<i>Meuschenia flavolineata</i><br>(Yellowstriped Leatherjacket),2,1,0.5,5.555555555555555,3.8176903940904263,0.027777777777777776,0.019359223678810267
m1_fish,M1 fish,region,South Coast,South Coast,Bloom 2026-05,36,Monacanthidae__Meuschenia__freycineti,Monacanthidae Meuschenia freycineti,Actinopterygii,Monacanthidae,Meuschenia,freycineti,Sixspine Leatherjacket,<i>Meuschenia freycineti</i><br>(Sixspine Leatherjacket),2,1,0.5,5.555555555555555,3.8176903940904263,0.027777777777777776,0.019359223678810267
m1_fish,M1 fish,region,South Coast,South Coast,Bloom 2026-05,36,Monacanthidae__Meuschenia__galii,Monacanthidae Meuschenia galii,Actinopterygii,Monacanthidae,Meuschenia,galii,Bluelined Leatherjacket,<i>Meuschenia galii</i><br>(Bluelined Leatherjacket),0,0,0,0,0,0,0
m1_fish,M1 fish,region,South Coast,South Coast,Bloom 2026-05,36,Monacanthidae__Meuschenia__hippocrepis,Monacanthidae Meuschenia hippocrepis,Actinopterygii,Monacanthidae,Meuschenia,hippocrepis,Horseshoe Leatherjacket,<i>Meuschenia hippocrepis</i><br>(Horseshoe Leatherjacket),10,12,27.5,27.77777777777778,7.465053470646805,0.3333333333333333,0.1365679085685713
m1_fish,M1 fish,region,South Coast,South Coast,Bloom 2026-05,36,Monacanthidae__Meuschenia__venusta,Monacanthidae Meuschenia venusta,Actinopterygii,Monacanthidae,Meuschenia,venusta,Stars-and-stripes Leatherjacket,<i>Meuschenia venusta</i><br>(Stars-and-stripes Leatherjacket),0,0,0,0,0,0,0
m1_fish,M1 fish,region,South Coast,South Coast,Bloom 2026-05,36,Monacanthidae__Scobinichthys__granulatus,Monacanthidae Scobinichthys granulatus,Actinopterygii,Monacanthidae,Scobinichthys,granulatus,Rough Leatherjacket,<i>Scobinichthys granulatus</i><br>(Rough Leatherjacket),0,0,0,0,0,0,0
m1_fish,M1 fish,region,South Coast,South Coast,Bloom 2026-05,36,Monacanthidae__Thamnaconus__degeni,Monacanthidae Thamnaconus degeni,Actinopterygii,Monacanthidae,Thamnaconus,degeni,Bluefin Leatherjacket,<i>Thamnaconus degeni</i><br>(Bluefin Leatherjacket),0,0,0,0,0,0,0
m1_fish,M1 fish,region,South Coast,South Coast,Bloom 2026-05,36,Mullidae__Upeneichthys__vlamingii,Mullidae Upeneichthys vlamingii,Actinopterygii,Mullidae,Upeneichthys,vlamingii,Bluespotted Goatfish,<i>Upeneichthys vlamingii</i><br>(Bluespotted Goatfish),0,0,0,0,0,0,0
m1_fish,M1 fish,region,South Coast,South Coast,Bloom 2026-05,36,Myliobatidae__Myliobatis__tenuicaudatus,Myliobatidae Myliobatis tenuicaudatus,Elasmobranchii,Myliobatidae,Myliobatis,tenuicaudatus,Southern Eagle Ray,<i>Myliobatis tenuicaudatus</i><br>(Southern Eagle Ray),0,0,0,0,0,0,0
m1_fish,M1 fish,region,South Coast,South Coast,Bloom 2026-05,36,Ophiclinidae__Ophiclinus__spp,Ophiclinidae Ophiclinus spp,Actinopterygii,Ophiclinidae,Ophiclinus,spp,NA,<i>Ophiclinus spp</i>,0,0,0,0,0,0,0
m1_fish,M1 fish,region,South Coast,South Coast,Bloom 2026-05,36,Parascylliidae__Parascyllium__ferrugineum,Parascylliidae Parascyllium ferrugineum,Elasmobranchii,Parascylliidae,Parascyllium,ferrugineum,Rusty Carpetshark,<i>Parascyllium ferrugineum</i><br>(Rusty Carpetshark),0,0,0,0,0,0,0
m1_fish,M1 fish,region,South Coast,South Coast,Bloom 2026-05,36,Parascylliidae__Parascyllium__variolatum,Parascylliidae Parascyllium variolatum,Elasmobranchii,Parascylliidae,Parascyllium,variolatum,Varied Carpetshark,<i>Parascyllium variolatum</i><br>(Varied Carpetshark),0,0,0,0,0,0,0
m1_fish,M1 fish,region,South Coast,South Coast,Bloom 2026-05,36,Pataecidae__Aetapcus__maculatus,Pataecidae Aetapcus maculatus,Actinopterygii,Pataecidae,Aetapcus,maculatus,Warty Prowfish,<i>Aetapcus maculatus</i><br>(Warty Prowfish),0,0,0,0,0,0,0
m1_fish,M1 fish,region,South Coast,South Coast,Bloom 2026-05,36,Pempherididae__Parapriacanthus__elongatus,Pempherididae Parapriacanthus elongatus,Actinopterygii,Pempherididae,Parapriacanthus,elongatus,Elongate Bullseye,<i>Parapriacanthus elongatus</i><br>(Elongate Bullseye),0,0,0,0,0,0,0
m1_fish,M1 fish,region,South Coast,South Coast,Bloom 2026-05,36,Pempherididae__Pempheris__klunzingeri,Pempherididae Pempheris klunzingeri,Actinopterygii,Pempherididae,Pempheris,klunzingeri,Rough Bullseye,<i>Pempheris klunzingeri</i><br>(Rough Bullseye),0,0,0,0,0,0,0
m1_fish,M1 fish,region,South Coast,South Coast,Bloom 2026-05,36,Pempherididae__Pempheris__multiradiata,Pempherididae Pempheris multiradiata,Actinopterygii,Pempherididae,Pempheris,multiradiata,Bigscale Bullseye,<i>Pempheris multiradiata</i><br>(Bigscale Bullseye),0,0,0,0,0,0,0
m1_fish,M1 fish,region,South Coast,South Coast,Bloom 2026-05,36,Pempherididae__Pempheris__ornata,Pempherididae Pempheris ornata,Actinopterygii,Pempherididae,Pempheris,ornata,Orangelined Bullseye,<i>Pempheris ornata</i><br>(Orangelined Bullseye),0,0,0,0,0,0,0
m1_fish,M1 fish,region,South Coast,South Coast,Bloom 2026-05,36,Pempherididae__Pempheris__spp,Pempherididae Pempheris spp,Actinopterygii,Pempherididae,Pempheris,spp,NA,<i>Pempheris spp</i>,0,0,0,0,0,0,0
m1_fish,M1 fish,region,South Coast,South Coast,Bloom 2026-05,36,Pentacerotidae__Pentaceropsis__recurvirostris,Pentacerotidae Pentaceropsis recurvirostris,Actinopterygii,Pentacerotidae,Pentaceropsis,recurvirostris,Longsnout Boarfish,<i>Pentaceropsis recurvirostris</i><br>(Longsnout Boarfish),0,0,0,0,0,0,0
m1_fish,M1 fish,region,South Coast,South Coast,Bloom 2026-05,36,Pinguipedidae__Parapercis__haackei,Pinguipedidae Parapercis haackei,Actinopterygii,Pinguipedidae,Parapercis,haackei,Wavy Grubfish,<i>Parapercis haackei</i><br>(Wavy Grubfish),0,0,0,0,0,0,0
m1_fish,M1 fish,region,South Coast,South Coast,Bloom 2026-05,36,Pinguipedidae__Parapercis__ramsayi,Pinguipedidae Parapercis ramsayi,Actinopterygii,Pinguipedidae,Parapercis,ramsayi,Spotted Grubfish,<i>Parapercis ramsayi</i><br>(Spotted Grubfish),0,0,0,0,0,0,0
m1_fish,M1 fish,region,South Coast,South Coast,Bloom 2026-05,36,Platycephalidae__Leviprora__inops,Platycephalidae Leviprora inops,Actinopterygii,Platycephalidae,Leviprora,inops,Longhead Flathead,<i>Leviprora inops</i><br>(Longhead Flathead),0,0,0,0,0,0,0
m1_fish,M1 fish,region,South Coast,South Coast,Bloom 2026-05,36,Platycephalidae__Platycephalus__laevigatus,Platycephalidae Platycephalus laevigatus,Actinopterygii,Platycephalidae,Platycephalus,laevigatus,Rock Flathead,<i>Platycephalus laevigatus</i><br>(Rock Flathead),0,0,0,0,0,0,0
m1_fish,M1 fish,region,South Coast,South Coast,Bloom 2026-05,36,Platycephalidae__Platycephalus__speculator,Platycephalidae Platycephalus speculator,Actinopterygii,Platycephalidae,Platycephalus,speculator,Southern Bluespotted Flathead,<i>Platycephalus speculator</i><br>(Southern Bluespotted Flathead),0,0,0,0,0,0,0
m1_fish,M1 fish,region,South Coast,South Coast,Bloom 2026-05,36,Plesiopidae__Paraplesiops__meleagris,Plesiopidae Paraplesiops meleagris,Actinopterygii,Plesiopidae,Paraplesiops,meleagris,Southern Blue Devil,<i>Paraplesiops meleagris</i><br>(Southern Blue Devil),1,0.5,0.25,2.7777777777777777,2.7389258255090816,0.013888888888888888,0.013888888888888888
m1_fish,M1 fish,region,South Coast,South Coast,Bloom 2026-05,36,Plesiopidae__Trachinops__caudimaculatus,Plesiopidae Trachinops caudimaculatus,Actinopterygii,Plesiopidae,Trachinops,caudimaculatus,Southern Hulafish,<i>Trachinops caudimaculatus</i><br>(Southern Hulafish),0,0,0,0,0,0,0
m1_fish,M1 fish,region,South Coast,South Coast,Bloom 2026-05,36,Plesiopidae__Trachinops__noarlungae,Plesiopidae Trachinops noarlungae,Actinopterygii,Plesiopidae,Trachinops,noarlungae,Yellowhead Hulafish,<i>Trachinops noarlungae</i><br>(Yellowhead Hulafish),0,0,0,0,0,0,0
m1_fish,M1 fish,region,South Coast,South Coast,Bloom 2026-05,36,Plotosidae__Cnidoglanis__macrocephalus,Plotosidae Cnidoglanis macrocephalus,Actinopterygii,Plotosidae,Cnidoglanis,macrocephalus,Estuary Cobbler,<i>Cnidoglanis macrocephalus</i><br>(Estuary Cobbler),0,0,0,0,0,0,0
m1_fish,M1 fish,region,South Coast,South Coast,Bloom 2026-05,36,Pomacentridae__Parma__victoriae,Pomacentridae Parma victoriae,Actinopterygii,Pomacentridae,Parma,victoriae,Scalyfin,<i>Parma victoriae</i><br>(Scalyfin),18,25.5,58.25,50,8.333333333333332,0.7083333333333334,0.1785912687390995
m1_fish,M1 fish,region,South Coast,South Coast,Bloom 2026-05,36,Scombridae__Scomber__australasicus,Scombridae Scomber australasicus,Actinopterygii,Scombridae,Scomber,australasicus,Blue Mackerel,<i>Scomber australasicus</i><br>(Blue Mackerel),0,0,0,0,0,0,0
m1_fish,M1 fish,region,South Coast,South Coast,Bloom 2026-05,36,Scorpididae__Scorpis__aequipinnis,Scorpididae Scorpis aequipinnis,Actinopterygii,Scorpididae,Scorpis,aequipinnis,Sea Sweep,<i>Scorpis aequipinnis</i><br>(Sea Sweep),32,555,16335,88.88888888888889,5.237828008789243,15.416666666666666,2.484675252645929
m1_fish,M1 fish,region,South Coast,South Coast,Bloom 2026-05,36,Scorpididae__Scorpis__georgiana,Scorpididae Scorpis georgiana,Actinopterygii,Scorpididae,Scorpis,georgiana,Banded Sweep,<i>Scorpis georgiana</i><br>(Banded Sweep),0,0,0,0,0,0,0
m1_fish,M1 fish,region,South Coast,South Coast,Bloom 2026-05,36,Scorpididae__Scorpis__lineolata,Scorpididae Scorpis lineolata,Actinopterygii,Scorpididae,Scorpis,lineolata,Silver Sweep,<i>Scorpis lineolata</i><br>(Silver Sweep),2,1.5,1.25,5.555555555555555,3.8176903940904263,0.041666666666666664,0.030699516567208634
m1_fish,M1 fish,region,South Coast,South Coast,Bloom 2026-05,36,Serranidae__Caesioperca__rasor,Serranidae Caesioperca rasor,Actinopterygii,Serranidae,Caesioperca,rasor,Barber Perch,<i>Caesioperca rasor</i><br>(Barber Perch),1,0.5,0.25,2.7777777777777777,2.7389258255090816,0.013888888888888888,0.013888888888888888
m1_fish,M1 fish,region,South Coast,South Coast,Bloom 2026-05,36,Serranidae__Hypoplectrodes__nigroruber,Serranidae Hypoplectrodes nigroruber,Actinopterygii,Serranidae,Hypoplectrodes,nigroruber,Banded Seaperch,<i>Hypoplectrodes nigroruber</i><br>(Banded Seaperch),0,0,0,0,0,0,0
m1_fish,M1 fish,region,South Coast,South Coast,Bloom 2026-05,36,Serranidae__Othos__dentex,Serranidae Othos dentex,Actinopterygii,Serranidae,Othos,dentex,Harlequin Fish,<i>Othos dentex</i><br>(Harlequin Fish),0,0,0,0,0,0,0
m1_fish,M1 fish,region,South Coast,South Coast,Bloom 2026-05,36,Sillaginidae__Sillaginidae__spp,Sillaginidae Unknown spp,Actinopterygii,Sillaginidae,Sillaginidae,spp,NA,<i>Sillaginidae spp</i>,0,0,0,0,0,0,0
m1_fish,M1 fish,region,South Coast,South Coast,Bloom 2026-05,36,Sillaginidae__Sillaginodes__punctatus,Sillaginidae Sillaginodes punctatus,Actinopterygii,Sillaginidae,Sillaginodes,punctatus,King George Whiting,<i>Sillaginodes punctatus</i><br>(King George Whiting),0,0,0,0,0,0,0
m1_fish,M1 fish,region,South Coast,South Coast,Bloom 2026-05,36,Sparidae__Acanthopagrus__butcheri,Sparidae Acanthopagrus butcheri,Actinopterygii,Sparidae,Acanthopagrus,butcheri,Black Bream,<i>Acanthopagrus butcheri</i><br>(Black Bream),0,0,0,0,0,0,0
m1_fish,M1 fish,region,South Coast,South Coast,Bloom 2026-05,36,Sparidae__Chrysophrys__auratus,Sparidae Chrysophrys auratus,Actinopterygii,Sparidae,Chrysophrys,auratus,Snapper,<i>Chrysophrys auratus</i><br>(Snapper),1,0.5,0.25,2.7777777777777777,2.7389258255090816,0.013888888888888888,0.013888888888888888
m1_fish,M1 fish,region,South Coast,South Coast,Bloom 2026-05,36,Sphyraenidae__Sphyraena__novaehollandiae,Sphyraenidae Sphyraena novaehollandiae,Actinopterygii,Sphyraenidae,Sphyraena,novaehollandiae,Snook,<i>Sphyraena novaehollandiae</i><br>(Snook),0,0,0,0,0,0,0
m1_fish,M1 fish,region,South Coast,South Coast,Bloom 2026-05,36,Syngnathidae__Phycodurus__eques,Syngnathidae Phycodurus eques,Actinopterygii,Syngnathidae,Phycodurus,eques,Leafy Seadragon,<i>Phycodurus eques</i><br>(Leafy Seadragon),0,0,0,0,0,0,0
m1_fish,M1 fish,region,South Coast,South Coast,Bloom 2026-05,36,Syngnathidae__Phyllopteryx__taeniolatus,Syngnathidae Phyllopteryx taeniolatus,Actinopterygii,Syngnathidae,Phyllopteryx,taeniolatus,Common Seadragon,<i>Phyllopteryx taeniolatus</i><br>(Common Seadragon),0,0,0,0,0,0,0
m1_fish,M1 fish,region,South Coast,South Coast,Bloom 2026-05,36,Syngnathidae__Pugnaso__curtirostris,Syngnathidae Pugnaso curtirostris,Actinopterygii,Syngnathidae,Pugnaso,curtirostris,Pugnose Pipefish,<i>Pugnaso curtirostris</i><br>(Pugnose Pipefish),0,0,0,0,0,0,0
m1_fish,M1 fish,region,South Coast,South Coast,Bloom 2026-05,36,Terapontidae__Helotes__octolineatus,Terapontidae Helotes octolineatus,Actinopterygii,Terapontidae,Helotes,octolineatus,NA,<i>Helotes octolineatus</i>,0,0,0,0,0,0,0
m1_fish,M1 fish,region,South Coast,South Coast,Bloom 2026-05,36,Tetraodontidae__Omegophora__armilla,Tetraodontidae Omegophora armilla,Actinopterygii,Tetraodontidae,Omegophora,armilla,Ringed Toadfish,<i>Omegophora armilla</i><br>(Ringed Toadfish),0,0,0,0,0,0,0
m1_fish,M1 fish,region,South Coast,South Coast,Bloom 2026-05,36,Tetraodontidae__Omegophora__cyanopunctata,Tetraodontidae Omegophora cyanopunctata,Actinopterygii,Tetraodontidae,Omegophora,cyanopunctata,Bluespotted Toadfish,<i>Omegophora cyanopunctata</i><br>(Bluespotted Toadfish),0,0,0,0,0,0,0
m1_fish,M1 fish,region,South Coast,South Coast,Bloom 2026-05,36,Tetraodontidae__Tetractenos__glaber,Tetraodontidae Tetractenos glaber,Actinopterygii,Tetraodontidae,Tetractenos,glaber,Smooth Toadfish,<i>Tetractenos glaber</i><br>(Smooth Toadfish),0,0,0,0,0,0,0
m1_fish,M1 fish,region,South Coast,South Coast,Bloom 2026-05,36,Tetraodontidae__Torquigener__pleurogramma,Tetraodontidae Torquigener pleurogramma,Actinopterygii,Tetraodontidae,Torquigener,pleurogramma,Weeping Toadfish,<i>Torquigener pleurogramma</i><br>(Weeping Toadfish),0,0,0,0,0,0,0
m1_fish,M1 fish,region,South Coast,South Coast,Bloom 2026-05,36,Trachichthyidae__Trachichthys__australis,Trachichthyidae Trachichthys australis,Actinopterygii,Trachichthyidae,Trachichthys,australis,Southern Roughy,<i>Trachichthys australis</i><br>(Southern Roughy),0,0,0,0,0,0,0
m1_fish,M1 fish,region,South Coast,South Coast,Bloom 2026-05,36,Tripterygiidae__Helcogramma__decurrens,Tripterygiidae Helcogramma decurrens,Actinopterygii,Tripterygiidae,Helcogramma,decurrens,Blackthroat Threefin,<i>Helcogramma decurrens</i><br>(Blackthroat Threefin),0,0,0,0,0,0,0
m1_fish,M1 fish,region,South Coast,South Coast,Bloom 2026-05,36,Tripterygiidae__Trinorfolkia__clarkei,Tripterygiidae Trinorfolkia clarkei,Actinopterygii,Tripterygiidae,Trinorfolkia,clarkei,Clark's Threefin,<i>Trinorfolkia clarkei</i><br>(Clark's Threefin),0,0,0,0,0,0,0
m1_fish,M1 fish,region,South Coast,South Coast,Bloom 2026-05,36,Tripterygiidae__Trinorfolkia__cristata,Tripterygiidae Trinorfolkia cristata,Actinopterygii,Tripterygiidae,Trinorfolkia,cristata,Crested Threefin,<i>Trinorfolkia cristata</i><br>(Crested Threefin),0,0,0,0,0,0,0
m1_fish,M1 fish,region,South Coast,South Coast,Bloom 2026-05,36,Tripterygiidae__Tripterygiidae__spp,Tripterygiidae Unknown spp,Actinopterygii,Tripterygiidae,Tripterygiidae,spp,NA,<i>Tripterygiidae spp</i>,0,0,0,0,0,0,0
m1_fish,M1 fish,region,South Coast,South Coast,Bloom 2026-05,36,Trygonorrhinidae__Aptychotrema__vincentiana,Trygonorrhinidae Aptychotrema vincentiana,Elasmobranchii,Trygonorrhinidae,Aptychotrema,vincentiana,Western Shovelnose Ray,<i>Aptychotrema vincentiana</i><br>(Western Shovelnose Ray),0,0,0,0,0,0,0
m1_fish,M1 fish,region,South Coast,South Coast,Bloom 2026-05,36,Trygonorrhinidae__Trygonorrhina__fasciata,Trygonorrhinidae Trygonorrhina fasciata,Elasmobranchii,Trygonorrhinidae,Trygonorrhina,fasciata,Eastern Fiddler Ray,<i>Trygonorrhina fasciata</i><br>(Eastern Fiddler Ray),0,0,0,0,0,0,0
m1_fish,M1 fish,region,South Coast,South Coast,Bloom 2026-05,36,Urolophidae__Urolophus__spp,Urolophidae Urolophus spp,Elasmobranchii,Urolophidae,Urolophus,spp,NA,<i>Urolophus spp</i>,0,0,0,0,0,0,0
m1_fish,M1 fish,region,South Coast,South Coast,Pre-bloom,218,Antennariidae__Rhycherus__filamentosus,Antennariidae Rhycherus filamentosus,Actinopterygii,Antennariidae,Rhycherus,filamentosus,Tasselled Anglerfish,<i>Rhycherus filamentosus</i><br>(Tasselled Anglerfish),0,0,0,0,0,0,0
m1_fish,M1 fish,region,South Coast,South Coast,Pre-bloom,218,Aplodactylidae__Aplodactylus__arctidens,Aplodactylidae Aplodactylus arctidens,Actinopterygii,Aplodactylidae,Aplodactylus,arctidens,Marblefish,<i>Aplodactylus arctidens</i><br>(Marblefish),13,9.5,8.75,5.963302752293578,1.6038504350323384,0.04357798165137615,0.013274585779697272
m1_fish,M1 fish,region,South Coast,South Coast,Pre-bloom,218,Aplodactylidae__Aplodactylus__westralis,Aplodactylidae Aplodactylus westralis,Actinopterygii,Aplodactylidae,Aplodactylus,westralis,Western Seacarp,<i>Aplodactylus westralis</i><br>(Western Seacarp),0,0,0,0,0,0,0
m1_fish,M1 fish,region,South Coast,South Coast,Pre-bloom,218,Apogonidae__Ostorhinchus__victoriae,Apogonidae Ostorhinchus victoriae,Actinopterygii,Apogonidae,Ostorhinchus,victoriae,Western Striped Cardinalfish,<i>Ostorhinchus victoriae</i><br>(Western Striped Cardinalfish),0,0,0,0,0,0,0
m1_fish,M1 fish,region,South Coast,South Coast,Pre-bloom,218,Apogonidae__Siphamia__cephalotes,Apogonidae Siphamia cephalotes,Actinopterygii,Apogonidae,Siphamia,cephalotes,Wood's Siphonfish,<i>Siphamia cephalotes</i><br>(Wood's Siphonfish),43,261,2508,19.724770642201836,2.6950604555973112,1.1972477064220184,0.21543210340406363
m1_fish,M1 fish,region,South Coast,South Coast,Pre-bloom,218,Apogonidae__Vincentia__conspersa,Apogonidae Vincentia conspersa,Actinopterygii,Apogonidae,Vincentia,conspersa,Southern Cardinalfish,<i>Vincentia conspersa</i><br>(Southern Cardinalfish),0,0,0,0,0,0,0
m1_fish,M1 fish,region,South Coast,South Coast,Pre-bloom,218,Aracanidae__Anoplocapros__amygdaloides,Aracanidae Anoplocapros amygdaloides,Actinopterygii,Aracanidae,Anoplocapros,amygdaloides,Western Smooth Boxfish,<i>Anoplocapros amygdaloides</i><br>(Western Smooth Boxfish),1,0.5,0.25,0.45871559633027525,0.4576622870267592,0.0022935779816513763,0.0022935779816513763
m1_fish,M1 fish,region,South Coast,South Coast,Pre-bloom,218,Aracanidae__Anoplocapros__lenticularis,Aracanidae Anoplocapros lenticularis,Actinopterygii,Aracanidae,Anoplocapros,lenticularis,Whitebarred Boxfish,<i>Anoplocapros lenticularis</i><br>(Whitebarred Boxfish),0,0,0,0,0,0,0
m1_fish,M1 fish,region,South Coast,South Coast,Pre-bloom,218,Aracanidae__Aracana__aurita,Aracanidae Aracana aurita,Actinopterygii,Aracanidae,Aracana,aurita,Shaw's Cowfish,<i>Aracana aurita</i><br>(Shaw's Cowfish),1,0.5,0.25,0.45871559633027525,0.4576622870267592,0.0022935779816513763,0.0022935779816513763
m1_fish,M1 fish,region,South Coast,South Coast,Pre-bloom,218,Aracanidae__Aracana__ornata,Aracanidae Aracana ornata,Actinopterygii,Aracanidae,Aracana,ornata,Ornate Cowfish,<i>Aracana ornata</i><br>(Ornate Cowfish),0,0,0,0,0,0,0
m1_fish,M1 fish,region,South Coast,South Coast,Pre-bloom,218,Arripidae__Arripis__georgianus,Arripidae Arripis georgianus,Actinopterygii,Arripidae,Arripis,georgianus,Australian Herring,<i>Arripis georgianus</i><br>(Australian Herring),23,99,1313,10.55045871559633,2.0806377952667163,0.4541284403669725,0.1637225811915111
m1_fish,M1 fish,region,South Coast,South Coast,Pre-bloom,218,Arripidae__Arripis__spp,Arripidae Arripis spp,Actinopterygii,Arripidae,Arripis,spp,NA,<i>Arripis spp</i>,0,0,0,0,0,0,0
m1_fish,M1 fish,region,South Coast,South Coast,Pre-bloom,218,Arripidae__Arripis__truttaceus,Arripidae Arripis truttaceus,Actinopterygii,Arripidae,Arripis,truttaceus,Western Australian Salmon,<i>Arripis truttaceus</i><br>(Western Australian Salmon),0,0,0,0,0,0,0
m1_fish,M1 fish,region,South Coast,South Coast,Pre-bloom,218,Atherinidae__Atherinidae__spp,Atherinidae Unknown spp,Actinopterygii,Atherinidae,Atherinidae,spp,NA,<i>Atherinidae spp</i>,0,0,0,0,0,0,0
m1_fish,M1 fish,region,South Coast,South Coast,Pre-bloom,218,Berycidae__Centroberyx__gerrardi,Berycidae Centroberyx gerrardi,Actinopterygii,Berycidae,Centroberyx,gerrardi,Bight Redfish,<i>Centroberyx gerrardi</i><br>(Bight Redfish),0,0,0,0,0,0,0
m1_fish,M1 fish,region,South Coast,South Coast,Pre-bloom,218,Berycidae__Centroberyx__lineatus,Berycidae Centroberyx lineatus,Actinopterygii,Berycidae,Centroberyx,lineatus,Swallowtail,<i>Centroberyx lineatus</i><br>(Swallowtail),0,0,0,0,0,0,0
m1_fish,M1 fish,region,South Coast,South Coast,Pre-bloom,218,Bovichtidae__Bovichtus__angustifrons,Bovichtidae Bovichtus angustifrons,Actinopterygii,Bovichtidae,Bovichtus,angustifrons,Dragonet,<i>Bovichtus angustifrons</i><br>(Dragonet),0,0,0,0,0,0,0
m1_fish,M1 fish,region,South Coast,South Coast,Pre-bloom,218,Callionymidae__Eocallionymus__papilio,Callionymidae Eocallionymus papilio,Actinopterygii,Callionymidae,Eocallionymus,papilio,Painted Stinkfish,<i>Eocallionymus papilio</i><br>(Painted Stinkfish),0,0,0,0,0,0,0
m1_fish,M1 fish,region,South Coast,South Coast,Pre-bloom,218,Carangidae__Pseudocaranx__spp,Carangidae Pseudocaranx spp,Actinopterygii,Carangidae,Pseudocaranx,spp,NA,<i>Pseudocaranx spp</i>,16,75.5,1688.25,7.339449541284404,1.7662449602041899,0.3463302752293578,0.18744364923430687
m1_fish,M1 fish,region,South Coast,South Coast,Pre-bloom,218,Carangidae__Seriola__lalandi,Carangidae Seriola lalandi,Actinopterygii,Carangidae,Seriola,lalandi,Yellowtail Kingfish,<i>Seriola lalandi</i><br>(Yellowtail Kingfish),1,2,4,0.45871559633027525,0.4576622870267592,0.009174311926605505,0.009174311926605505
m1_fish,M1 fish,region,South Coast,South Coast,Pre-bloom,218,Carangidae__Trachurus__novaezelandiae,Carangidae Trachurus novaezelandiae,Actinopterygii,Carangidae,Trachurus,novaezelandiae,Yellowtail Scad,<i>Trachurus novaezelandiae</i><br>(Yellowtail Scad),1,5,25,0.45871559633027525,0.4576622870267592,0.022935779816513763,0.022935779816513763
m1_fish,M1 fish,region,South Coast,South Coast,Pre-bloom,218,Chaetodontidae__Chelmonops__curiosus,Chaetodontidae Chelmonops curiosus,Actinopterygii,Chaetodontidae,Chelmonops,curiosus,Western Talma,<i>Chelmonops curiosus</i><br>(Western Talma),30,26.5,39.25,13.761467889908257,2.3332152782009854,0.12155963302752294,0.02759726220123843
m1_fish,M1 fish,region,South Coast,South Coast,Pre-bloom,218,Cheilodactylidae__Cheilodactylus__nigripes,Cheilodactylidae Cheilodactylus nigripes,Actinopterygii,Cheilodactylidae,Cheilodactylus,nigripes,Magpie Perch,<i>Cheilodactylus nigripes</i><br>(Magpie Perch),149,199.5,366.25,68.34862385321101,3.150162368535113,0.9151376146788991,0.06231217002683888
m1_fish,M1 fish,region,South Coast,South Coast,Pre-bloom,218,Cheilodactylidae__Cheilodactylus__spectabilis,Cheilodactylidae Cheilodactylus spectabilis,Actinopterygii,Cheilodactylidae,Cheilodactylus,spectabilis,Banded Morwong,<i>Cheilodactylus spectabilis</i><br>(Banded Morwong),3,2,1.5,1.3761467889908257,0.7890329085654368,0.009174311926605505,0.005596479285639915
m1_fish,M1 fish,region,South Coast,South Coast,Pre-bloom,218,Cheilodactylidae__Dactylophora__nigricans,Cheilodactylidae Dactylophora nigricans,Actinopterygii,Cheilodactylidae,Dactylophora,nigricans,Dusky Morwong,<i>Dactylophora nigricans</i><br>(Dusky Morwong),47,47.5,77.75,21.559633027522935,2.7852375637570788,0.21788990825688073,0.03774614235647635
m1_fish,M1 fish,region,South Coast,South Coast,Pre-bloom,218,Cheilodactylidae__Nemadactylus__valenciennesi,Cheilodactylidae Nemadactylus valenciennesi,Actinopterygii,Cheilodactylidae,Nemadactylus,valenciennesi,Blue Morwong,<i>Nemadactylus valenciennesi</i><br>(Blue Morwong),4,3,2.5,1.834862385321101,0.9089754252263034,0.013761467889908258,0.007209348740463433
m1_fish,M1 fish,region,South Coast,South Coast,Pre-bloom,218,Chironemidae__Chironemus__georgianus,Chironemidae Chironemus georgianus,Actinopterygii,Chironemidae,Chironemus,georgianus,Western Kelpfish,<i>Chironemus georgianus</i><br>(Western Kelpfish),1,1,1,0.45871559633027525,0.4576622870267592,0.0045871559633027525,0.0045871559633027525
m1_fish,M1 fish,region,South Coast,South Coast,Pre-bloom,218,Chironemidae__Chironemus__maculosus,Chironemidae Chironemus maculosus,Actinopterygii,Chironemidae,Chironemus,maculosus,Silver Spot,<i>Chironemus maculosus</i><br>(Silver Spot),0,0,0,0,0,0,0
m1_fish,M1 fish,region,South Coast,South Coast,Pre-bloom,218,Clinidae__Heteroclinus__spp,Clinidae Heteroclinus spp,Actinopterygii,Clinidae,Heteroclinus,spp,NA,<i>Heteroclinus spp</i>,0,0,0,0,0,0,0
m1_fish,M1 fish,region,South Coast,South Coast,Pre-bloom,218,Clupeidae__Clupeidae__spp,Clupeidae Unknown spp,Actinopterygii,Clupeidae,Clupeidae,spp,NA,<i>Clupeidae spp</i>,0,0,0,0,0,0,0
m1_fish,M1 fish,region,South Coast,South Coast,Pre-bloom,218,Clupeidae__Hyperlophus__vittatus,Clupeidae Hyperlophus vittatus,Actinopterygii,Clupeidae,Hyperlophus,vittatus,Sandy Sprat,<i>Hyperlophus vittatus</i><br>(Sandy Sprat),0,0,0,0,0,0,0
m1_fish,M1 fish,region,South Coast,South Coast,Pre-bloom,218,Clupeidae__Spratelloides__robustus,Clupeidae Spratelloides robustus,Actinopterygii,Clupeidae,Spratelloides,robustus,Blue Sprat,<i>Spratelloides robustus</i><br>(Blue Sprat),0,0,0,0,0,0,0
m1_fish,M1 fish,region,South Coast,South Coast,Pre-bloom,218,Dasyatidae__Bathytoshia__lata,Dasyatidae Bathytoshia lata,Elasmobranchii,Dasyatidae,Bathytoshia,lata,Black Stingray,<i>Bathytoshia lata</i><br>(Black Stingray),0,0,0,0,0,0,0
m1_fish,M1 fish,region,South Coast,South Coast,Pre-bloom,218,Dinolestidae__Dinolestes__lewini,Dinolestidae Dinolestes lewini,Actinopterygii,Dinolestidae,Dinolestes,lewini,Longfin Pike,<i>Dinolestes lewini</i><br>(Longfin Pike),11,115,3323.5,5.045871559633028,1.4825070759101975,0.5275229357798165,0.2626270365964672
m1_fish,M1 fish,region,South Coast,South Coast,Pre-bloom,218,Diodontidae__Diodon__nicthemerus,Diodontidae Diodon nicthemerus,Actinopterygii,Diodontidae,Diodon,nicthemerus,Globefish,<i>Diodon nicthemerus</i><br>(Globefish),2,1,0.5,0.9174311926605505,0.6457391727570619,0.0045871559633027525,0.0032361267041406357
m1_fish,M1 fish,region,South Coast,South Coast,Pre-bloom,218,Enoplosidae__Enoplosus__armatus,Enoplosidae Enoplosus armatus,Actinopterygii,Enoplosidae,Enoplosus,armatus,Old Wife,<i>Enoplosus armatus</i><br>(Old Wife),50,147,2120,22.93577981651376,2.8474421048796015,0.6743119266055045,0.2066863211140628
m1_fish,M1 fish,region,South Coast,South Coast,Pre-bloom,218,Gerreidae__Parequula__melbournensis,Gerreidae Parequula melbournensis,Actinopterygii,Gerreidae,Parequula,melbournensis,Silverbelly,<i>Parequula melbournensis</i><br>(Silverbelly),2,1.5,1.25,0.9174311926605505,0.6457391727570619,0.006880733944954129,0.005119133915851417
m1_fish,M1 fish,region,South Coast,South Coast,Pre-bloom,218,Girellidae__Girella__tricuspidata,Girellidae Girella tricuspidata,Actinopterygii,Girellidae,Girella,tricuspidata,Luderick,<i>Girella tricuspidata</i><br>(Luderick),1,0.5,0.25,0.45871559633027525,0.4576622870267592,0.0022935779816513763,0.0022935779816513763
m1_fish,M1 fish,region,South Coast,South Coast,Pre-bloom,218,Girellidae__Girella__zebra,Girellidae Girella zebra,Actinopterygii,Girellidae,Girella,zebra,Zebrafish,<i>Girella zebra</i><br>(Zebrafish),75,222,1836.5,34.403669724770644,3.217465583276477,1.018348623853211,0.18450679063973252
m1_fish,M1 fish,region,South Coast,South Coast,Pre-bloom,218,Gobiesocidae__Gobiesocidae__spp,Gobiesocidae Unknown spp,Actinopterygii,Gobiesocidae,Gobiesocidae,spp,NA,<i>Gobiesocidae spp</i>,0,0,0,0,0,0,0
m1_fish,M1 fish,region,South Coast,South Coast,Pre-bloom,218,Gobiidae__Gobiidae__spp,Gobiidae Unknown spp,Actinopterygii,Gobiidae,Gobiidae,spp,NA,<i>Gobiidae spp</i>,0,0,0,0,0,0,0
m1_fish,M1 fish,region,South Coast,South Coast,Pre-bloom,218,Gobiidae__Nesogobius__pulchellus,Gobiidae Nesogobius pulchellus,Actinopterygii,Gobiidae,Nesogobius,pulchellus,Sailfin Goby,<i>Nesogobius pulchellus</i><br>(Sailfin Goby),0,0,0,0,0,0,0
m1_fish,M1 fish,region,South Coast,South Coast,Pre-bloom,218,Heterodontidae__Heterodontus__portusjacksoni,Heterodontidae Heterodontus portusjacksoni,Elasmobranchii,Heterodontidae,Heterodontus,portusjacksoni,Port Jackson Shark,<i>Heterodontus portusjacksoni</i><br>(Port Jackson Shark),0,0,0,0,0,0,0
m1_fish,M1 fish,region,South Coast,South Coast,Pre-bloom,218,Hypnidae__Hypnos__monopterygius,Hypnidae Hypnos monopterygius,Elasmobranchii,Hypnidae,Hypnos,monopterygius,Coffin Ray,<i>Hypnos monopterygius</i><br>(Coffin Ray),0,0,0,0,0,0,0
m1_fish,M1 fish,region,South Coast,South Coast,Pre-bloom,218,Kyphosidae__Kyphosus__sydneyanus,Kyphosidae Kyphosus sydneyanus,Actinopterygii,Kyphosidae,Kyphosus,sydneyanus,Silver Drummer,<i>Kyphosus sydneyanus</i><br>(Silver Drummer),86,194.5,1136.75,39.44954128440367,3.310178784003441,0.8922018348623854,0.1426934038363339
m1_fish,M1 fish,region,South Coast,South Coast,Pre-bloom,218,Labridae__Achoerodus__gouldii,Labridae Achoerodus gouldii,Actinopterygii,Labridae,Achoerodus,gouldii,Western Blue Groper,<i>Achoerodus gouldii</i><br>(Western Blue Groper),52,42.5,44.75,23.853211009174313,2.886496102519261,0.19495412844036697,0.02776365999673095
m1_fish,M1 fish,region,South Coast,South Coast,Pre-bloom,218,Labridae__Austrolabrus__maculatus,Labridae Austrolabrus maculatus,Actinopterygii,Labridae,Austrolabrus,maculatus,Blackspotted Wrasse,<i>Austrolabrus maculatus</i><br>(Blackspotted Wrasse),8,4,2,3.669724770642202,1.2734148217011747,0.01834862385321101,0.006381727923305068
m1_fish,M1 fish,region,South Coast,South Coast,Pre-bloom,218,Labridae__Dotalabrus__aurantiacus,Labridae Dotalabrus aurantiacus,Actinopterygii,Labridae,Dotalabrus,aurantiacus,Castelnau's Wrasse,<i>Dotalabrus aurantiacus</i><br>(Castelnau's Wrasse),19,11.5,7.75,8.715596330275229,1.9103748775145166,0.052752293577981654,0.012288328402228196
m1_fish,M1 fish,region,South Coast,South Coast,Pre-bloom,218,Labridae__Eupetrichthys__angustipes,Labridae Eupetrichthys angustipes,Actinopterygii,Labridae,Eupetrichthys,angustipes,Snakeskin Wrasse,<i>Eupetrichthys angustipes</i><br>(Snakeskin Wrasse),0,0,0,0,0,0,0
m1_fish,M1 fish,region,South Coast,South Coast,Pre-bloom,218,Labridae__Haletta__semifasciata,Labridae Haletta semifasciata,Actinopterygii,Labridae,Haletta,semifasciata,Blue Weed Whiting,<i>Haletta semifasciata</i><br>(Blue Weed Whiting),0,0,0,0,0,0,0
m1_fish,M1 fish,region,South Coast,South Coast,Pre-bloom,218,Labridae__Heteroscarus__acroptilus,Labridae Heteroscarus acroptilus,Actinopterygii,Labridae,Heteroscarus,acroptilus,Rainbow Cale,<i>Heteroscarus acroptilus</i><br>(Rainbow Cale),26,14.5,8.75,11.926605504587156,2.195091095053014,0.06651376146788991,0.012828815170676208
m1_fish,M1 fish,region,South Coast,South Coast,Pre-bloom,218,Labridae__Neoodax__balteatus,Labridae Neoodax balteatus,Actinopterygii,Labridae,Neoodax,balteatus,Little Weed Whiting,<i>Neoodax balteatus</i><br>(Little Weed Whiting),1,0.5,0.25,0.45871559633027525,0.4576622870267592,0.0022935779816513763,0.0022935779816513763
m1_fish,M1 fish,region,South Coast,South Coast,Pre-bloom,218,Labridae__Notolabrus__fucicola,Labridae Notolabrus fucicola,Actinopterygii,Labridae,Notolabrus,fucicola,Purple Wrasse,<i>Notolabrus fucicola</i><br>(Purple Wrasse),0,0,0,0,0,0,0
m1_fish,M1 fish,region,South Coast,South Coast,Pre-bloom,218,Labridae__Notolabrus__parilus,Labridae Notolabrus parilus,Actinopterygii,Labridae,Notolabrus,parilus,Brownspotted Wrasse,<i>Notolabrus parilus</i><br>(Brownspotted Wrasse),47,48.5,82.25,21.559633027522935,2.7852375637570788,0.22247706422018348,0.03886627990587406
m1_fish,M1 fish,region,South Coast,South Coast,Pre-bloom,218,Labridae__Notolabrus__tetricus,Labridae Notolabrus tetricus,Actinopterygii,Labridae,Notolabrus,tetricus,Bluethroat Wrasse,<i>Notolabrus tetricus</i><br>(Bluethroat Wrasse),177,998.5,11316.25,81.19266055045871,2.6466335963831353,4.580275229357798,0.3775404424459536
m1_fish,M1 fish,region,South Coast,South Coast,Pre-bloom,218,Labridae__Olisthops__cyanomelas,Labridae Olisthops cyanomelas,Actinopterygii,Labridae,Olisthops,cyanomelas,Herring Cale,<i>Olisthops cyanomelas</i><br>(Herring Cale),135,285,1191.5,61.92660550458716,3.2886767654491806,1.3073394495412844,0.13157079876370537
m1_fish,M1 fish,region,South Coast,South Coast,Pre-bloom,218,Labridae__Ophthalmolepis__lineolatus,Labridae Ophthalmolepis lineolatus,Actinopterygii,Labridae,Ophthalmolepis,lineolatus,Southern Maori Wrasse,<i>Ophthalmolepis lineolatus</i><br>(Southern Maori Wrasse),0,0,0,0,0,0,0
m1_fish,M1 fish,region,South Coast,South Coast,Pre-bloom,218,Labridae__Pictilabrus__laticlavius,Labridae Pictilabrus laticlavius,Actinopterygii,Labridae,Pictilabrus,laticlavius,Senator Wrasse,<i>Pictilabrus laticlavius</i><br>(Senator Wrasse),84,81.5,115.75,38.53211009174312,3.2961525396223967,0.3738532110091743,0.04245882143720022
m1_fish,M1 fish,region,South Coast,South Coast,Pre-bloom,218,Labridae__Pseudolabrus__rubicundus,Labridae Pseudolabrus rubicundus,Actinopterygii,Labridae,Pseudolabrus,rubicundus,Rosy Wrasse,<i>Pseudolabrus rubicundus</i><br>(Rosy Wrasse),0,0,0,0,0,0,0
m1_fish,M1 fish,region,South Coast,South Coast,Pre-bloom,218,Labridae__Siphonognathus__argyrophanes,Labridae Siphonognathus argyrophanes,Actinopterygii,Labridae,Siphonognathus,argyrophanes,Tubemouth,<i>Siphonognathus argyrophanes</i><br>(Tubemouth),0,0,0,0,0,0,0
m1_fish,M1 fish,region,South Coast,South Coast,Pre-bloom,218,Labridae__Siphonognathus__attenuatus,Labridae Siphonognathus attenuatus,Actinopterygii,Labridae,Siphonognathus,attenuatus,Slender Weed Whiting,<i>Siphonognathus attenuatus</i><br>(Slender Weed Whiting),0,0,0,0,0,0,0
m1_fish,M1 fish,region,South Coast,South Coast,Pre-bloom,218,Labridae__Siphonognathus__beddomei,Labridae Siphonognathus beddomei,Actinopterygii,Labridae,Siphonognathus,beddomei,Pencil Weed Whiting,<i>Siphonognathus beddomei</i><br>(Pencil Weed Whiting),56,141,832,25.68807339449541,2.9591486383574024,0.6467889908256881,0.12513914399017012
m1_fish,M1 fish,region,South Coast,South Coast,Pre-bloom,218,Labridae__Siphonognathus__caninis,Labridae Siphonognathus caninis,Actinopterygii,Labridae,Siphonognathus,caninis,Sharpnose Weed Whiting,<i>Siphonognathus caninis</i><br>(Sharpnose Weed Whiting),1,0.5,0.25,0.45871559633027525,0.4576622870267592,0.0022935779816513763,0.0022935779816513763
m1_fish,M1 fish,region,South Coast,South Coast,Pre-bloom,218,Labridae__Siphonognathus__radiatus,Labridae Siphonognathus radiatus,Actinopterygii,Labridae,Siphonognathus,radiatus,Longray Weed Whiting,<i>Siphonognathus radiatus</i><br>(Longray Weed Whiting),0,0,0,0,0,0,0
m1_fish,M1 fish,region,South Coast,South Coast,Pre-bloom,218,Labridae__Siphonognathus__spp,Labridae Siphonognathus spp,Actinopterygii,Labridae,Siphonognathus,spp,NA,<i>Siphonognathus spp</i>,0,0,0,0,0,0,0
m1_fish,M1 fish,region,South Coast,South Coast,Pre-bloom,218,Labridae__Siphonognathus__tanyourus,Labridae Siphonognathus tanyourus,Actinopterygii,Labridae,Siphonognathus,tanyourus,Longtail Weed Whiting,<i>Siphonognathus tanyourus</i><br>(Longtail Weed Whiting),0,0,0,0,0,0,0
m1_fish,M1 fish,region,South Coast,South Coast,Pre-bloom,218,Microcanthidae__Neatypus__obliquus,Microcanthidae Neatypus obliquus,Actinopterygii,Microcanthidae,Neatypus,obliquus,Footballer Sweep,<i>Neatypus obliquus</i><br>(Footballer Sweep),0,0,0,0,0,0,0
m1_fish,M1 fish,region,South Coast,South Coast,Pre-bloom,218,Microcanthidae__Tilodon__sexfasciatus,Microcanthidae Tilodon sexfasciatus,Actinopterygii,Microcanthidae,Tilodon,sexfasciatus,Moonlighter,<i>Tilodon sexfasciatus</i><br>(Moonlighter),60,63,102,27.522935779816514,3.02495855157118,0.2889908256880734,0.04208693060517726
m1_fish,M1 fish,region,South Coast,South Coast,Pre-bloom,218,Monacanthidae__Acanthaluteres__brownii,Monacanthidae Acanthaluteres brownii,Actinopterygii,Monacanthidae,Acanthaluteres,brownii,Spinytail Leatherjacket,<i>Acanthaluteres brownii</i><br>(Spinytail Leatherjacket),7,13,64.5,3.2110091743119265,1.1940032454154972,0.05963302752293578,0.03670253206784425
m1_fish,M1 fish,region,South Coast,South Coast,Pre-bloom,218,Monacanthidae__Acanthaluteres__spilomelanurus,Monacanthidae Acanthaluteres spilomelanurus,Actinopterygii,Monacanthidae,Acanthaluteres,spilomelanurus,Bridled Leatherjacket,<i>Acanthaluteres spilomelanurus</i><br>(Bridled Leatherjacket),0,0,0,0,0,0,0
m1_fish,M1 fish,region,South Coast,South Coast,Pre-bloom,218,Monacanthidae__Acanthaluteres__vittiger,Monacanthidae Acanthaluteres vittiger,Actinopterygii,Monacanthidae,Acanthaluteres,vittiger,Toothbrush Leatherjacket,<i>Acanthaluteres vittiger</i><br>(Toothbrush Leatherjacket),13,18,39,5.963302752293578,1.6038504350323384,0.08256880733944955,0.028160294515582922
m1_fish,M1 fish,region,South Coast,South Coast,Pre-bloom,218,Monacanthidae__Brachaluteres__jacksonianus,Monacanthidae Brachaluteres jacksonianus,Actinopterygii,Monacanthidae,Brachaluteres,jacksonianus,Southern Pygmy Leatherjacket,<i>Brachaluteres jacksonianus</i><br>(Southern Pygmy Leatherjacket),0,0,0,0,0,0,0
m1_fish,M1 fish,region,South Coast,South Coast,Pre-bloom,218,Monacanthidae__Eubalichthys__gunnii,Monacanthidae Eubalichthys gunnii,Actinopterygii,Monacanthidae,Eubalichthys,gunnii,Gunn's Leatherjacket,<i>Eubalichthys gunnii</i><br>(Gunn's Leatherjacket),0,0,0,0,0,0,0
m1_fish,M1 fish,region,South Coast,South Coast,Pre-bloom,218,Monacanthidae__Eubalichthys__mosaicus,Monacanthidae Eubalichthys mosaicus,Actinopterygii,Monacanthidae,Eubalichthys,mosaicus,Mosaic Leatherjacket,<i>Eubalichthys mosaicus</i><br>(Mosaic Leatherjacket),0,0,0,0,0,0,0
m1_fish,M1 fish,region,South Coast,South Coast,Pre-bloom,218,Monacanthidae__Meuschenia__flavolineata,Monacanthidae Meuschenia flavolineata,Actinopterygii,Monacanthidae,Meuschenia,flavolineata,Yellowstriped Leatherjacket,<i>Meuschenia flavolineata</i><br>(Yellowstriped Leatherjacket),54,51,70.5,24.770642201834864,2.9237084540487244,0.23394495412844038,0.03518641952696502
m1_fish,M1 fish,region,South Coast,South Coast,Pre-bloom,218,Monacanthidae__Meuschenia__freycineti,Monacanthidae Meuschenia freycineti,Actinopterygii,Monacanthidae,Meuschenia,freycineti,Sixspine Leatherjacket,<i>Meuschenia freycineti</i><br>(Sixspine Leatherjacket),3,1.5,0.75,1.3761467889908257,0.7890329085654368,0.006880733944954129,0.003954244335142732
m1_fish,M1 fish,region,South Coast,South Coast,Pre-bloom,218,Monacanthidae__Meuschenia__galii,Monacanthidae Meuschenia galii,Actinopterygii,Monacanthidae,Meuschenia,galii,Bluelined Leatherjacket,<i>Meuschenia galii</i><br>(Bluelined Leatherjacket),6,3,1.5,2.7522935779816513,1.1080486150422697,0.013761467889908258,0.00555299393920054
m1_fish,M1 fish,region,South Coast,South Coast,Pre-bloom,218,Monacanthidae__Meuschenia__hippocrepis,Monacanthidae Meuschenia hippocrepis,Actinopterygii,Monacanthidae,Meuschenia,hippocrepis,Horseshoe Leatherjacket,<i>Meuschenia hippocrepis</i><br>(Horseshoe Leatherjacket),124,293.5,2058.25,56.88073394495413,3.354208297719404,1.3463302752293578,0.1875000282822557
m1_fish,M1 fish,region,South Coast,South Coast,Pre-bloom,218,Monacanthidae__Meuschenia__venusta,Monacanthidae Meuschenia venusta,Actinopterygii,Monacanthidae,Meuschenia,venusta,Stars-and-stripes Leatherjacket,<i>Meuschenia venusta</i><br>(Stars-and-stripes Leatherjacket),1,0.5,0.25,0.45871559633027525,0.4576622870267592,0.0022935779816513763,0.0022935779816513763
m1_fish,M1 fish,region,South Coast,South Coast,Pre-bloom,218,Monacanthidae__Scobinichthys__granulatus,Monacanthidae Scobinichthys granulatus,Actinopterygii,Monacanthidae,Scobinichthys,granulatus,Rough Leatherjacket,<i>Scobinichthys granulatus</i><br>(Rough Leatherjacket),0,0,0,0,0,0,0
m1_fish,M1 fish,region,South Coast,South Coast,Pre-bloom,218,Monacanthidae__Thamnaconus__degeni,Monacanthidae Thamnaconus degeni,Actinopterygii,Monacanthidae,Thamnaconus,degeni,Bluefin Leatherjacket,<i>Thamnaconus degeni</i><br>(Bluefin Leatherjacket),0,0,0,0,0,0,0
m1_fish,M1 fish,region,South Coast,South Coast,Pre-bloom,218,Mullidae__Upeneichthys__vlamingii,Mullidae Upeneichthys vlamingii,Actinopterygii,Mullidae,Upeneichthys,vlamingii,Bluespotted Goatfish,<i>Upeneichthys vlamingii</i><br>(Bluespotted Goatfish),34,29.5,33.75,15.596330275229358,2.457330831222675,0.1353211009174312,0.025080948523501578
m1_fish,M1 fish,region,South Coast,South Coast,Pre-bloom,218,Myliobatidae__Myliobatis__tenuicaudatus,Myliobatidae Myliobatis tenuicaudatus,Elasmobranchii,Myliobatidae,Myliobatis,tenuicaudatus,Southern Eagle Ray,<i>Myliobatis tenuicaudatus</i><br>(Southern Eagle Ray),0,0,0,0,0,0,0
m1_fish,M1 fish,region,South Coast,South Coast,Pre-bloom,218,Ophiclinidae__Ophiclinus__spp,Ophiclinidae Ophiclinus spp,Actinopterygii,Ophiclinidae,Ophiclinus,spp,NA,<i>Ophiclinus spp</i>,0,0,0,0,0,0,0
m1_fish,M1 fish,region,South Coast,South Coast,Pre-bloom,218,Parascylliidae__Parascyllium__ferrugineum,Parascylliidae Parascyllium ferrugineum,Elasmobranchii,Parascylliidae,Parascyllium,ferrugineum,Rusty Carpetshark,<i>Parascyllium ferrugineum</i><br>(Rusty Carpetshark),0,0,0,0,0,0,0
m1_fish,M1 fish,region,South Coast,South Coast,Pre-bloom,218,Parascylliidae__Parascyllium__variolatum,Parascylliidae Parascyllium variolatum,Elasmobranchii,Parascylliidae,Parascyllium,variolatum,Varied Carpetshark,<i>Parascyllium variolatum</i><br>(Varied Carpetshark),1,0.5,0.25,0.45871559633027525,0.4576622870267592,0.0022935779816513763,0.0022935779816513763
m1_fish,M1 fish,region,South Coast,South Coast,Pre-bloom,218,Pataecidae__Aetapcus__maculatus,Pataecidae Aetapcus maculatus,Actinopterygii,Pataecidae,Aetapcus,maculatus,Warty Prowfish,<i>Aetapcus maculatus</i><br>(Warty Prowfish),0,0,0,0,0,0,0
m1_fish,M1 fish,region,South Coast,South Coast,Pre-bloom,218,Pempherididae__Parapriacanthus__elongatus,Pempherididae Parapriacanthus elongatus,Actinopterygii,Pempherididae,Parapriacanthus,elongatus,Elongate Bullseye,<i>Parapriacanthus elongatus</i><br>(Elongate Bullseye),4,65,1375,1.834862385321101,0.9089754252263034,0.2981651376146789,0.1692819887236464
m1_fish,M1 fish,region,South Coast,South Coast,Pre-bloom,218,Pempherididae__Pempheris__klunzingeri,Pempherididae Pempheris klunzingeri,Actinopterygii,Pempherididae,Pempheris,klunzingeri,Rough Bullseye,<i>Pempheris klunzingeri</i><br>(Rough Bullseye),10,38.5,275.75,4.587155963302752,1.416925209091421,0.17660550458715596,0.07540119278812583
m1_fish,M1 fish,region,South Coast,South Coast,Pre-bloom,218,Pempherididae__Pempheris__multiradiata,Pempherididae Pempheris multiradiata,Actinopterygii,Pempherididae,Pempheris,multiradiata,Bigscale Bullseye,<i>Pempheris multiradiata</i><br>(Bigscale Bullseye),46,163,1544.5,21.10091743119266,2.7634931911991254,0.7477064220183486,0.17341510747726996
m1_fish,M1 fish,region,South Coast,South Coast,Pre-bloom,218,Pempherididae__Pempheris__ornata,Pempherididae Pempheris ornata,Actinopterygii,Pempherididae,Pempheris,ornata,Orangelined Bullseye,<i>Pempheris ornata</i><br>(Orangelined Bullseye),1,0.5,0.25,0.45871559633027525,0.4576622870267592,0.0022935779816513763,0.0022935779816513763
m1_fish,M1 fish,region,South Coast,South Coast,Pre-bloom,218,Pempherididae__Pempheris__spp,Pempherididae Pempheris spp,Actinopterygii,Pempherididae,Pempheris,spp,NA,<i>Pempheris spp</i>,0,0,0,0,0,0,0
m1_fish,M1 fish,region,South Coast,South Coast,Pre-bloom,218,Pentacerotidae__Pentaceropsis__recurvirostris,Pentacerotidae Pentaceropsis recurvirostris,Actinopterygii,Pentacerotidae,Pentaceropsis,recurvirostris,Longsnout Boarfish,<i>Pentaceropsis recurvirostris</i><br>(Longsnout Boarfish),5,2.5,1.25,2.293577981651376,1.0138881880322366,0.011467889908256881,0.005081108253499555
m1_fish,M1 fish,region,South Coast,South Coast,Pre-bloom,218,Pinguipedidae__Parapercis__haackei,Pinguipedidae Parapercis haackei,Actinopterygii,Pinguipedidae,Parapercis,haackei,Wavy Grubfish,<i>Parapercis haackei</i><br>(Wavy Grubfish),0,0,0,0,0,0,0
m1_fish,M1 fish,region,South Coast,South Coast,Pre-bloom,218,Pinguipedidae__Parapercis__ramsayi,Pinguipedidae Parapercis ramsayi,Actinopterygii,Pinguipedidae,Parapercis,ramsayi,Spotted Grubfish,<i>Parapercis ramsayi</i><br>(Spotted Grubfish),0,0,0,0,0,0,0
m1_fish,M1 fish,region,South Coast,South Coast,Pre-bloom,218,Platycephalidae__Leviprora__inops,Platycephalidae Leviprora inops,Actinopterygii,Platycephalidae,Leviprora,inops,Longhead Flathead,<i>Leviprora inops</i><br>(Longhead Flathead),0,0,0,0,0,0,0
m1_fish,M1 fish,region,South Coast,South Coast,Pre-bloom,218,Platycephalidae__Platycephalus__laevigatus,Platycephalidae Platycephalus laevigatus,Actinopterygii,Platycephalidae,Platycephalus,laevigatus,Rock Flathead,<i>Platycephalus laevigatus</i><br>(Rock Flathead),0,0,0,0,0,0,0
m1_fish,M1 fish,region,South Coast,South Coast,Pre-bloom,218,Platycephalidae__Platycephalus__speculator,Platycephalidae Platycephalus speculator,Actinopterygii,Platycephalidae,Platycephalus,speculator,Southern Bluespotted Flathead,<i>Platycephalus speculator</i><br>(Southern Bluespotted Flathead),0,0,0,0,0,0,0
m1_fish,M1 fish,region,South Coast,South Coast,Pre-bloom,218,Plesiopidae__Paraplesiops__meleagris,Plesiopidae Paraplesiops meleagris,Actinopterygii,Plesiopidae,Paraplesiops,meleagris,Southern Blue Devil,<i>Paraplesiops meleagris</i><br>(Southern Blue Devil),0,0,0,0,0,0,0
m1_fish,M1 fish,region,South Coast,South Coast,Pre-bloom,218,Plesiopidae__Trachinops__caudimaculatus,Plesiopidae Trachinops caudimaculatus,Actinopterygii,Plesiopidae,Trachinops,caudimaculatus,Southern Hulafish,<i>Trachinops caudimaculatus</i><br>(Southern Hulafish),0,0,0,0,0,0,0
m1_fish,M1 fish,region,South Coast,South Coast,Pre-bloom,218,Plesiopidae__Trachinops__noarlungae,Plesiopidae Trachinops noarlungae,Actinopterygii,Plesiopidae,Trachinops,noarlungae,Yellowhead Hulafish,<i>Trachinops noarlungae</i><br>(Yellowhead Hulafish),0,0,0,0,0,0,0
m1_fish,M1 fish,region,South Coast,South Coast,Pre-bloom,218,Plotosidae__Cnidoglanis__macrocephalus,Plotosidae Cnidoglanis macrocephalus,Actinopterygii,Plotosidae,Cnidoglanis,macrocephalus,Estuary Cobbler,<i>Cnidoglanis macrocephalus</i><br>(Estuary Cobbler),0,0,0,0,0,0,0
m1_fish,M1 fish,region,South Coast,South Coast,Pre-bloom,218,Pomacentridae__Parma__victoriae,Pomacentridae Parma victoriae,Actinopterygii,Pomacentridae,Parma,victoriae,Scalyfin,<i>Parma victoriae</i><br>(Scalyfin),158,225,479.5,72.4770642201835,3.02495855157118,1.0321100917431192,0.07229898377541034
m1_fish,M1 fish,region,South Coast,South Coast,Pre-bloom,218,Scombridae__Scomber__australasicus,Scombridae Scomber australasicus,Actinopterygii,Scombridae,Scomber,australasicus,Blue Mackerel,<i>Scomber australasicus</i><br>(Blue Mackerel),0,0,0,0,0,0,0
m1_fish,M1 fish,region,South Coast,South Coast,Pre-bloom,218,Scorpididae__Scorpis__aequipinnis,Scorpididae Scorpis aequipinnis,Actinopterygii,Scorpididae,Scorpis,aequipinnis,Sea Sweep,<i>Scorpis aequipinnis</i><br>(Sea Sweep),191,1507,21579.5,87.61467889908256,2.231073230161582,6.912844036697248,0.4857467026595849
m1_fish,M1 fish,region,South Coast,South Coast,Pre-bloom,218,Scorpididae__Scorpis__georgiana,Scorpididae Scorpis georgiana,Actinopterygii,Scorpididae,Scorpis,georgiana,Banded Sweep,<i>Scorpis georgiana</i><br>(Banded Sweep),2,3,6.5,0.9174311926605505,0.6457391727570619,0.013761467889908258,0.011684630056314005
m1_fish,M1 fish,region,South Coast,South Coast,Pre-bloom,218,Scorpididae__Scorpis__lineolata,Scorpididae Scorpis lineolata,Actinopterygii,Scorpididae,Scorpis,lineolata,Silver Sweep,<i>Scorpis lineolata</i><br>(Silver Sweep),1,0.5,0.25,0.45871559633027525,0.4576622870267592,0.0022935779816513763,0.0022935779816513763
m1_fish,M1 fish,region,South Coast,South Coast,Pre-bloom,218,Serranidae__Caesioperca__rasor,Serranidae Caesioperca rasor,Actinopterygii,Serranidae,Caesioperca,rasor,Barber Perch,<i>Caesioperca rasor</i><br>(Barber Perch),0,0,0,0,0,0,0
m1_fish,M1 fish,region,South Coast,South Coast,Pre-bloom,218,Serranidae__Hypoplectrodes__nigroruber,Serranidae Hypoplectrodes nigroruber,Actinopterygii,Serranidae,Hypoplectrodes,nigroruber,Banded Seaperch,<i>Hypoplectrodes nigroruber</i><br>(Banded Seaperch),0,0,0,0,0,0,0
m1_fish,M1 fish,region,South Coast,South Coast,Pre-bloom,218,Serranidae__Othos__dentex,Serranidae Othos dentex,Actinopterygii,Serranidae,Othos,dentex,Harlequin Fish,<i>Othos dentex</i><br>(Harlequin Fish),0,0,0,0,0,0,0
m1_fish,M1 fish,region,South Coast,South Coast,Pre-bloom,218,Sillaginidae__Sillaginidae__spp,Sillaginidae Unknown spp,Actinopterygii,Sillaginidae,Sillaginidae,spp,NA,<i>Sillaginidae spp</i>,0,0,0,0,0,0,0
m1_fish,M1 fish,region,South Coast,South Coast,Pre-bloom,218,Sillaginidae__Sillaginodes__punctatus,Sillaginidae Sillaginodes punctatus,Actinopterygii,Sillaginidae,Sillaginodes,punctatus,King George Whiting,<i>Sillaginodes punctatus</i><br>(King George Whiting),0,0,0,0,0,0,0
m1_fish,M1 fish,region,South Coast,South Coast,Pre-bloom,218,Sparidae__Acanthopagrus__butcheri,Sparidae Acanthopagrus butcheri,Actinopterygii,Sparidae,Acanthopagrus,butcheri,Black Bream,<i>Acanthopagrus butcheri</i><br>(Black Bream),0,0,0,0,0,0,0
m1_fish,M1 fish,region,South Coast,South Coast,Pre-bloom,218,Sparidae__Chrysophrys__auratus,Sparidae Chrysophrys auratus,Actinopterygii,Sparidae,Chrysophrys,auratus,Snapper,<i>Chrysophrys auratus</i><br>(Snapper),0,0,0,0,0,0,0
m1_fish,M1 fish,region,South Coast,South Coast,Pre-bloom,218,Sphyraenidae__Sphyraena__novaehollandiae,Sphyraenidae Sphyraena novaehollandiae,Actinopterygii,Sphyraenidae,Sphyraena,novaehollandiae,Snook,<i>Sphyraena novaehollandiae</i><br>(Snook),1,0.5,0.25,0.45871559633027525,0.4576622870267592,0.0022935779816513763,0.0022935779816513763
m1_fish,M1 fish,region,South Coast,South Coast,Pre-bloom,218,Syngnathidae__Phycodurus__eques,Syngnathidae Phycodurus eques,Actinopterygii,Syngnathidae,Phycodurus,eques,Leafy Seadragon,<i>Phycodurus eques</i><br>(Leafy Seadragon),4,2,1,1.834862385321101,0.9089754252263034,0.009174311926605505,0.004555337156367767
m1_fish,M1 fish,region,South Coast,South Coast,Pre-bloom,218,Syngnathidae__Phyllopteryx__taeniolatus,Syngnathidae Phyllopteryx taeniolatus,Actinopterygii,Syngnathidae,Phyllopteryx,taeniolatus,Common Seadragon,<i>Phyllopteryx taeniolatus</i><br>(Common Seadragon),0,0,0,0,0,0,0
m1_fish,M1 fish,region,South Coast,South Coast,Pre-bloom,218,Syngnathidae__Pugnaso__curtirostris,Syngnathidae Pugnaso curtirostris,Actinopterygii,Syngnathidae,Pugnaso,curtirostris,Pugnose Pipefish,<i>Pugnaso curtirostris</i><br>(Pugnose Pipefish),0,0,0,0,0,0,0
m1_fish,M1 fish,region,South Coast,South Coast,Pre-bloom,218,Terapontidae__Helotes__octolineatus,Terapontidae Helotes octolineatus,Actinopterygii,Terapontidae,Helotes,octolineatus,NA,<i>Helotes octolineatus</i>,0,0,0,0,0,0,0
m1_fish,M1 fish,region,South Coast,South Coast,Pre-bloom,218,Tetraodontidae__Omegophora__armilla,Tetraodontidae Omegophora armilla,Actinopterygii,Tetraodontidae,Omegophora,armilla,Ringed Toadfish,<i>Omegophora armilla</i><br>(Ringed Toadfish),0,0,0,0,0,0,0
m1_fish,M1 fish,region,South Coast,South Coast,Pre-bloom,218,Tetraodontidae__Omegophora__cyanopunctata,Tetraodontidae Omegophora cyanopunctata,Actinopterygii,Tetraodontidae,Omegophora,cyanopunctata,Bluespotted Toadfish,<i>Omegophora cyanopunctata</i><br>(Bluespotted Toadfish),0,0,0,0,0,0,0
m1_fish,M1 fish,region,South Coast,South Coast,Pre-bloom,218,Tetraodontidae__Tetractenos__glaber,Tetraodontidae Tetractenos glaber,Actinopterygii,Tetraodontidae,Tetractenos,glaber,Smooth Toadfish,<i>Tetractenos glaber</i><br>(Smooth Toadfish),0,0,0,0,0,0,0
m1_fish,M1 fish,region,South Coast,South Coast,Pre-bloom,218,Tetraodontidae__Torquigener__pleurogramma,Tetraodontidae Torquigener pleurogramma,Actinopterygii,Tetraodontidae,Torquigener,pleurogramma,Weeping Toadfish,<i>Torquigener pleurogramma</i><br>(Weeping Toadfish),0,0,0,0,0,0,0
m1_fish,M1 fish,region,South Coast,South Coast,Pre-bloom,218,Trachichthyidae__Trachichthys__australis,Trachichthyidae Trachichthys australis,Actinopterygii,Trachichthyidae,Trachichthys,australis,Southern Roughy,<i>Trachichthys australis</i><br>(Southern Roughy),0,0,0,0,0,0,0
m1_fish,M1 fish,region,South Coast,South Coast,Pre-bloom,218,Tripterygiidae__Helcogramma__decurrens,Tripterygiidae Helcogramma decurrens,Actinopterygii,Tripterygiidae,Helcogramma,decurrens,Blackthroat Threefin,<i>Helcogramma decurrens</i><br>(Blackthroat Threefin),0,0,0,0,0,0,0
m1_fish,M1 fish,region,South Coast,South Coast,Pre-bloom,218,Tripterygiidae__Trinorfolkia__clarkei,Tripterygiidae Trinorfolkia clarkei,Actinopterygii,Tripterygiidae,Trinorfolkia,clarkei,Clark's Threefin,<i>Trinorfolkia clarkei</i><br>(Clark's Threefin),0,0,0,0,0,0,0
m1_fish,M1 fish,region,South Coast,South Coast,Pre-bloom,218,Tripterygiidae__Trinorfolkia__cristata,Tripterygiidae Trinorfolkia cristata,Actinopterygii,Tripterygiidae,Trinorfolkia,cristata,Crested Threefin,<i>Trinorfolkia cristata</i><br>(Crested Threefin),0,0,0,0,0,0,0
m1_fish,M1 fish,region,South Coast,South Coast,Pre-bloom,218,Tripterygiidae__Tripterygiidae__spp,Tripterygiidae Unknown spp,Actinopterygii,Tripterygiidae,Tripterygiidae,spp,NA,<i>Tripterygiidae spp</i>,0,0,0,0,0,0,0
m1_fish,M1 fish,region,South Coast,South Coast,Pre-bloom,218,Trygonorrhinidae__Aptychotrema__vincentiana,Trygonorrhinidae Aptychotrema vincentiana,Elasmobranchii,Trygonorrhinidae,Aptychotrema,vincentiana,Western Shovelnose Ray,<i>Aptychotrema vincentiana</i><br>(Western Shovelnose Ray),0,0,0,0,0,0,0
m1_fish,M1 fish,region,South Coast,South Coast,Pre-bloom,218,Trygonorrhinidae__Trygonorrhina__fasciata,Trygonorrhinidae Trygonorrhina fasciata,Elasmobranchii,Trygonorrhinidae,Trygonorrhina,fasciata,Eastern Fiddler Ray,<i>Trygonorrhina fasciata</i><br>(Eastern Fiddler Ray),0,0,0,0,0,0,0
m1_fish,M1 fish,region,South Coast,South Coast,Pre-bloom,218,Urolophidae__Urolophus__spp,Urolophidae Urolophus spp,Elasmobranchii,Urolophidae,Urolophus,spp,NA,<i>Urolophus spp</i>,0,0,0,0,0,0,0
m1_fish,M1 fish,region,Southern Yorke,Southern Yorke,Bloom 2025-06,2,Antennariidae__Rhycherus__filamentosus,Antennariidae Rhycherus filamentosus,Actinopterygii,Antennariidae,Rhycherus,filamentosus,Tasselled Anglerfish,<i>Rhycherus filamentosus</i><br>(Tasselled Anglerfish),0,0,0,0,0,0,0
m1_fish,M1 fish,region,Southern Yorke,Southern Yorke,Bloom 2025-06,2,Aplodactylidae__Aplodactylus__arctidens,Aplodactylidae Aplodactylus arctidens,Actinopterygii,Aplodactylidae,Aplodactylus,arctidens,Marblefish,<i>Aplodactylus arctidens</i><br>(Marblefish),0,0,0,0,0,0,0
m1_fish,M1 fish,region,Southern Yorke,Southern Yorke,Bloom 2025-06,2,Aplodactylidae__Aplodactylus__westralis,Aplodactylidae Aplodactylus westralis,Actinopterygii,Aplodactylidae,Aplodactylus,westralis,Western Seacarp,<i>Aplodactylus westralis</i><br>(Western Seacarp),0,0,0,0,0,0,0
m1_fish,M1 fish,region,Southern Yorke,Southern Yorke,Bloom 2025-06,2,Apogonidae__Ostorhinchus__victoriae,Apogonidae Ostorhinchus victoriae,Actinopterygii,Apogonidae,Ostorhinchus,victoriae,Western Striped Cardinalfish,<i>Ostorhinchus victoriae</i><br>(Western Striped Cardinalfish),0,0,0,0,0,0,0
m1_fish,M1 fish,region,Southern Yorke,Southern Yorke,Bloom 2025-06,2,Apogonidae__Siphamia__cephalotes,Apogonidae Siphamia cephalotes,Actinopterygii,Apogonidae,Siphamia,cephalotes,Wood's Siphonfish,<i>Siphamia cephalotes</i><br>(Wood's Siphonfish),0,0,0,0,0,0,0
m1_fish,M1 fish,region,Southern Yorke,Southern Yorke,Bloom 2025-06,2,Apogonidae__Vincentia__conspersa,Apogonidae Vincentia conspersa,Actinopterygii,Apogonidae,Vincentia,conspersa,Southern Cardinalfish,<i>Vincentia conspersa</i><br>(Southern Cardinalfish),0,0,0,0,0,0,0
m1_fish,M1 fish,region,Southern Yorke,Southern Yorke,Bloom 2025-06,2,Aracanidae__Anoplocapros__amygdaloides,Aracanidae Anoplocapros amygdaloides,Actinopterygii,Aracanidae,Anoplocapros,amygdaloides,Western Smooth Boxfish,<i>Anoplocapros amygdaloides</i><br>(Western Smooth Boxfish),0,0,0,0,0,0,0
m1_fish,M1 fish,region,Southern Yorke,Southern Yorke,Bloom 2025-06,2,Aracanidae__Anoplocapros__lenticularis,Aracanidae Anoplocapros lenticularis,Actinopterygii,Aracanidae,Anoplocapros,lenticularis,Whitebarred Boxfish,<i>Anoplocapros lenticularis</i><br>(Whitebarred Boxfish),0,0,0,0,0,0,0
m1_fish,M1 fish,region,Southern Yorke,Southern Yorke,Bloom 2025-06,2,Aracanidae__Aracana__aurita,Aracanidae Aracana aurita,Actinopterygii,Aracanidae,Aracana,aurita,Shaw's Cowfish,<i>Aracana aurita</i><br>(Shaw's Cowfish),0,0,0,0,0,0,0
m1_fish,M1 fish,region,Southern Yorke,Southern Yorke,Bloom 2025-06,2,Aracanidae__Aracana__ornata,Aracanidae Aracana ornata,Actinopterygii,Aracanidae,Aracana,ornata,Ornate Cowfish,<i>Aracana ornata</i><br>(Ornate Cowfish),0,0,0,0,0,0,0
m1_fish,M1 fish,region,Southern Yorke,Southern Yorke,Bloom 2025-06,2,Arripidae__Arripis__georgianus,Arripidae Arripis georgianus,Actinopterygii,Arripidae,Arripis,georgianus,Australian Herring,<i>Arripis georgianus</i><br>(Australian Herring),0,0,0,0,0,0,0
m1_fish,M1 fish,region,Southern Yorke,Southern Yorke,Bloom 2025-06,2,Arripidae__Arripis__spp,Arripidae Arripis spp,Actinopterygii,Arripidae,Arripis,spp,NA,<i>Arripis spp</i>,0,0,0,0,0,0,0
m1_fish,M1 fish,region,Southern Yorke,Southern Yorke,Bloom 2025-06,2,Arripidae__Arripis__truttaceus,Arripidae Arripis truttaceus,Actinopterygii,Arripidae,Arripis,truttaceus,Western Australian Salmon,<i>Arripis truttaceus</i><br>(Western Australian Salmon),0,0,0,0,0,0,0
m1_fish,M1 fish,region,Southern Yorke,Southern Yorke,Bloom 2025-06,2,Atherinidae__Atherinidae__spp,Atherinidae Unknown spp,Actinopterygii,Atherinidae,Atherinidae,spp,NA,<i>Atherinidae spp</i>,0,0,0,0,0,0,0
m1_fish,M1 fish,region,Southern Yorke,Southern Yorke,Bloom 2025-06,2,Berycidae__Centroberyx__gerrardi,Berycidae Centroberyx gerrardi,Actinopterygii,Berycidae,Centroberyx,gerrardi,Bight Redfish,<i>Centroberyx gerrardi</i><br>(Bight Redfish),0,0,0,0,0,0,0
m1_fish,M1 fish,region,Southern Yorke,Southern Yorke,Bloom 2025-06,2,Berycidae__Centroberyx__lineatus,Berycidae Centroberyx lineatus,Actinopterygii,Berycidae,Centroberyx,lineatus,Swallowtail,<i>Centroberyx lineatus</i><br>(Swallowtail),0,0,0,0,0,0,0
m1_fish,M1 fish,region,Southern Yorke,Southern Yorke,Bloom 2025-06,2,Bovichtidae__Bovichtus__angustifrons,Bovichtidae Bovichtus angustifrons,Actinopterygii,Bovichtidae,Bovichtus,angustifrons,Dragonet,<i>Bovichtus angustifrons</i><br>(Dragonet),0,0,0,0,0,0,0
m1_fish,M1 fish,region,Southern Yorke,Southern Yorke,Bloom 2025-06,2,Callionymidae__Eocallionymus__papilio,Callionymidae Eocallionymus papilio,Actinopterygii,Callionymidae,Eocallionymus,papilio,Painted Stinkfish,<i>Eocallionymus papilio</i><br>(Painted Stinkfish),0,0,0,0,0,0,0
m1_fish,M1 fish,region,Southern Yorke,Southern Yorke,Bloom 2025-06,2,Carangidae__Pseudocaranx__spp,Carangidae Pseudocaranx spp,Actinopterygii,Carangidae,Pseudocaranx,spp,NA,<i>Pseudocaranx spp</i>,0,0,0,0,0,0,0
m1_fish,M1 fish,region,Southern Yorke,Southern Yorke,Bloom 2025-06,2,Carangidae__Seriola__lalandi,Carangidae Seriola lalandi,Actinopterygii,Carangidae,Seriola,lalandi,Yellowtail Kingfish,<i>Seriola lalandi</i><br>(Yellowtail Kingfish),0,0,0,0,0,0,0
m1_fish,M1 fish,region,Southern Yorke,Southern Yorke,Bloom 2025-06,2,Carangidae__Trachurus__novaezelandiae,Carangidae Trachurus novaezelandiae,Actinopterygii,Carangidae,Trachurus,novaezelandiae,Yellowtail Scad,<i>Trachurus novaezelandiae</i><br>(Yellowtail Scad),0,0,0,0,0,0,0
m1_fish,M1 fish,region,Southern Yorke,Southern Yorke,Bloom 2025-06,2,Chaetodontidae__Chelmonops__curiosus,Chaetodontidae Chelmonops curiosus,Actinopterygii,Chaetodontidae,Chelmonops,curiosus,Western Talma,<i>Chelmonops curiosus</i><br>(Western Talma),0,0,0,0,0,0,0
m1_fish,M1 fish,region,Southern Yorke,Southern Yorke,Bloom 2025-06,2,Cheilodactylidae__Cheilodactylus__nigripes,Cheilodactylidae Cheilodactylus nigripes,Actinopterygii,Cheilodactylidae,Cheilodactylus,nigripes,Magpie Perch,<i>Cheilodactylus nigripes</i><br>(Magpie Perch),1,0.5,0.25,50,35.35533905932738,0.25,0.25
m1_fish,M1 fish,region,Southern Yorke,Southern Yorke,Bloom 2025-06,2,Cheilodactylidae__Cheilodactylus__spectabilis,Cheilodactylidae Cheilodactylus spectabilis,Actinopterygii,Cheilodactylidae,Cheilodactylus,spectabilis,Banded Morwong,<i>Cheilodactylus spectabilis</i><br>(Banded Morwong),0,0,0,0,0,0,0
m1_fish,M1 fish,region,Southern Yorke,Southern Yorke,Bloom 2025-06,2,Cheilodactylidae__Dactylophora__nigricans,Cheilodactylidae Dactylophora nigricans,Actinopterygii,Cheilodactylidae,Dactylophora,nigricans,Dusky Morwong,<i>Dactylophora nigricans</i><br>(Dusky Morwong),1,0.5,0.25,50,35.35533905932738,0.25,0.25
m1_fish,M1 fish,region,Southern Yorke,Southern Yorke,Bloom 2025-06,2,Cheilodactylidae__Nemadactylus__valenciennesi,Cheilodactylidae Nemadactylus valenciennesi,Actinopterygii,Cheilodactylidae,Nemadactylus,valenciennesi,Blue Morwong,<i>Nemadactylus valenciennesi</i><br>(Blue Morwong),0,0,0,0,0,0,0
m1_fish,M1 fish,region,Southern Yorke,Southern Yorke,Bloom 2025-06,2,Chironemidae__Chironemus__georgianus,Chironemidae Chironemus georgianus,Actinopterygii,Chironemidae,Chironemus,georgianus,Western Kelpfish,<i>Chironemus georgianus</i><br>(Western Kelpfish),0,0,0,0,0,0,0
m1_fish,M1 fish,region,Southern Yorke,Southern Yorke,Bloom 2025-06,2,Chironemidae__Chironemus__maculosus,Chironemidae Chironemus maculosus,Actinopterygii,Chironemidae,Chironemus,maculosus,Silver Spot,<i>Chironemus maculosus</i><br>(Silver Spot),0,0,0,0,0,0,0
m1_fish,M1 fish,region,Southern Yorke,Southern Yorke,Bloom 2025-06,2,Clinidae__Heteroclinus__spp,Clinidae Heteroclinus spp,Actinopterygii,Clinidae,Heteroclinus,spp,NA,<i>Heteroclinus spp</i>,0,0,0,0,0,0,0
m1_fish,M1 fish,region,Southern Yorke,Southern Yorke,Bloom 2025-06,2,Clupeidae__Clupeidae__spp,Clupeidae Unknown spp,Actinopterygii,Clupeidae,Clupeidae,spp,NA,<i>Clupeidae spp</i>,0,0,0,0,0,0,0
m1_fish,M1 fish,region,Southern Yorke,Southern Yorke,Bloom 2025-06,2,Clupeidae__Hyperlophus__vittatus,Clupeidae Hyperlophus vittatus,Actinopterygii,Clupeidae,Hyperlophus,vittatus,Sandy Sprat,<i>Hyperlophus vittatus</i><br>(Sandy Sprat),0,0,0,0,0,0,0
m1_fish,M1 fish,region,Southern Yorke,Southern Yorke,Bloom 2025-06,2,Clupeidae__Spratelloides__robustus,Clupeidae Spratelloides robustus,Actinopterygii,Clupeidae,Spratelloides,robustus,Blue Sprat,<i>Spratelloides robustus</i><br>(Blue Sprat),0,0,0,0,0,0,0
m1_fish,M1 fish,region,Southern Yorke,Southern Yorke,Bloom 2025-06,2,Dasyatidae__Bathytoshia__lata,Dasyatidae Bathytoshia lata,Elasmobranchii,Dasyatidae,Bathytoshia,lata,Black Stingray,<i>Bathytoshia lata</i><br>(Black Stingray),0,0,0,0,0,0,0
m1_fish,M1 fish,region,Southern Yorke,Southern Yorke,Bloom 2025-06,2,Dinolestidae__Dinolestes__lewini,Dinolestidae Dinolestes lewini,Actinopterygii,Dinolestidae,Dinolestes,lewini,Longfin Pike,<i>Dinolestes lewini</i><br>(Longfin Pike),0,0,0,0,0,0,0
m1_fish,M1 fish,region,Southern Yorke,Southern Yorke,Bloom 2025-06,2,Diodontidae__Diodon__nicthemerus,Diodontidae Diodon nicthemerus,Actinopterygii,Diodontidae,Diodon,nicthemerus,Globefish,<i>Diodon nicthemerus</i><br>(Globefish),0,0,0,0,0,0,0
m1_fish,M1 fish,region,Southern Yorke,Southern Yorke,Bloom 2025-06,2,Enoplosidae__Enoplosus__armatus,Enoplosidae Enoplosus armatus,Actinopterygii,Enoplosidae,Enoplosus,armatus,Old Wife,<i>Enoplosus armatus</i><br>(Old Wife),0,0,0,0,0,0,0
m1_fish,M1 fish,region,Southern Yorke,Southern Yorke,Bloom 2025-06,2,Gerreidae__Parequula__melbournensis,Gerreidae Parequula melbournensis,Actinopterygii,Gerreidae,Parequula,melbournensis,Silverbelly,<i>Parequula melbournensis</i><br>(Silverbelly),0,0,0,0,0,0,0
m1_fish,M1 fish,region,Southern Yorke,Southern Yorke,Bloom 2025-06,2,Girellidae__Girella__tricuspidata,Girellidae Girella tricuspidata,Actinopterygii,Girellidae,Girella,tricuspidata,Luderick,<i>Girella tricuspidata</i><br>(Luderick),0,0,0,0,0,0,0
m1_fish,M1 fish,region,Southern Yorke,Southern Yorke,Bloom 2025-06,2,Girellidae__Girella__zebra,Girellidae Girella zebra,Actinopterygii,Girellidae,Girella,zebra,Zebrafish,<i>Girella zebra</i><br>(Zebrafish),0,0,0,0,0,0,0
m1_fish,M1 fish,region,Southern Yorke,Southern Yorke,Bloom 2025-06,2,Gobiesocidae__Gobiesocidae__spp,Gobiesocidae Unknown spp,Actinopterygii,Gobiesocidae,Gobiesocidae,spp,NA,<i>Gobiesocidae spp</i>,0,0,0,0,0,0,0
m1_fish,M1 fish,region,Southern Yorke,Southern Yorke,Bloom 2025-06,2,Gobiidae__Gobiidae__spp,Gobiidae Unknown spp,Actinopterygii,Gobiidae,Gobiidae,spp,NA,<i>Gobiidae spp</i>,0,0,0,0,0,0,0
m1_fish,M1 fish,region,Southern Yorke,Southern Yorke,Bloom 2025-06,2,Gobiidae__Nesogobius__pulchellus,Gobiidae Nesogobius pulchellus,Actinopterygii,Gobiidae,Nesogobius,pulchellus,Sailfin Goby,<i>Nesogobius pulchellus</i><br>(Sailfin Goby),0,0,0,0,0,0,0
m1_fish,M1 fish,region,Southern Yorke,Southern Yorke,Bloom 2025-06,2,Heterodontidae__Heterodontus__portusjacksoni,Heterodontidae Heterodontus portusjacksoni,Elasmobranchii,Heterodontidae,Heterodontus,portusjacksoni,Port Jackson Shark,<i>Heterodontus portusjacksoni</i><br>(Port Jackson Shark),0,0,0,0,0,0,0
m1_fish,M1 fish,region,Southern Yorke,Southern Yorke,Bloom 2025-06,2,Hypnidae__Hypnos__monopterygius,Hypnidae Hypnos monopterygius,Elasmobranchii,Hypnidae,Hypnos,monopterygius,Coffin Ray,<i>Hypnos monopterygius</i><br>(Coffin Ray),0,0,0,0,0,0,0
m1_fish,M1 fish,region,Southern Yorke,Southern Yorke,Bloom 2025-06,2,Kyphosidae__Kyphosus__sydneyanus,Kyphosidae Kyphosus sydneyanus,Actinopterygii,Kyphosidae,Kyphosus,sydneyanus,Silver Drummer,<i>Kyphosus sydneyanus</i><br>(Silver Drummer),0,0,0,0,0,0,0
m1_fish,M1 fish,region,Southern Yorke,Southern Yorke,Bloom 2025-06,2,Labridae__Achoerodus__gouldii,Labridae Achoerodus gouldii,Actinopterygii,Labridae,Achoerodus,gouldii,Western Blue Groper,<i>Achoerodus gouldii</i><br>(Western Blue Groper),0,0,0,0,0,0,0
m1_fish,M1 fish,region,Southern Yorke,Southern Yorke,Bloom 2025-06,2,Labridae__Austrolabrus__maculatus,Labridae Austrolabrus maculatus,Actinopterygii,Labridae,Austrolabrus,maculatus,Blackspotted Wrasse,<i>Austrolabrus maculatus</i><br>(Blackspotted Wrasse),0,0,0,0,0,0,0
m1_fish,M1 fish,region,Southern Yorke,Southern Yorke,Bloom 2025-06,2,Labridae__Dotalabrus__aurantiacus,Labridae Dotalabrus aurantiacus,Actinopterygii,Labridae,Dotalabrus,aurantiacus,Castelnau's Wrasse,<i>Dotalabrus aurantiacus</i><br>(Castelnau's Wrasse),0,0,0,0,0,0,0
m1_fish,M1 fish,region,Southern Yorke,Southern Yorke,Bloom 2025-06,2,Labridae__Eupetrichthys__angustipes,Labridae Eupetrichthys angustipes,Actinopterygii,Labridae,Eupetrichthys,angustipes,Snakeskin Wrasse,<i>Eupetrichthys angustipes</i><br>(Snakeskin Wrasse),0,0,0,0,0,0,0
m1_fish,M1 fish,region,Southern Yorke,Southern Yorke,Bloom 2025-06,2,Labridae__Haletta__semifasciata,Labridae Haletta semifasciata,Actinopterygii,Labridae,Haletta,semifasciata,Blue Weed Whiting,<i>Haletta semifasciata</i><br>(Blue Weed Whiting),0,0,0,0,0,0,0
m1_fish,M1 fish,region,Southern Yorke,Southern Yorke,Bloom 2025-06,2,Labridae__Heteroscarus__acroptilus,Labridae Heteroscarus acroptilus,Actinopterygii,Labridae,Heteroscarus,acroptilus,Rainbow Cale,<i>Heteroscarus acroptilus</i><br>(Rainbow Cale),0,0,0,0,0,0,0
m1_fish,M1 fish,region,Southern Yorke,Southern Yorke,Bloom 2025-06,2,Labridae__Neoodax__balteatus,Labridae Neoodax balteatus,Actinopterygii,Labridae,Neoodax,balteatus,Little Weed Whiting,<i>Neoodax balteatus</i><br>(Little Weed Whiting),2,7.5,31.25,100,0,3.75,1.25
m1_fish,M1 fish,region,Southern Yorke,Southern Yorke,Bloom 2025-06,2,Labridae__Notolabrus__fucicola,Labridae Notolabrus fucicola,Actinopterygii,Labridae,Notolabrus,fucicola,Purple Wrasse,<i>Notolabrus fucicola</i><br>(Purple Wrasse),0,0,0,0,0,0,0
m1_fish,M1 fish,region,Southern Yorke,Southern Yorke,Bloom 2025-06,2,Labridae__Notolabrus__parilus,Labridae Notolabrus parilus,Actinopterygii,Labridae,Notolabrus,parilus,Brownspotted Wrasse,<i>Notolabrus parilus</i><br>(Brownspotted Wrasse),1,1.5,2.25,50,35.35533905932738,0.75,0.7499999999999999
m1_fish,M1 fish,region,Southern Yorke,Southern Yorke,Bloom 2025-06,2,Labridae__Notolabrus__tetricus,Labridae Notolabrus tetricus,Actinopterygii,Labridae,Notolabrus,tetricus,Bluethroat Wrasse,<i>Notolabrus tetricus</i><br>(Bluethroat Wrasse),0,0,0,0,0,0,0
m1_fish,M1 fish,region,Southern Yorke,Southern Yorke,Bloom 2025-06,2,Labridae__Olisthops__cyanomelas,Labridae Olisthops cyanomelas,Actinopterygii,Labridae,Olisthops,cyanomelas,Herring Cale,<i>Olisthops cyanomelas</i><br>(Herring Cale),0,0,0,0,0,0,0
m1_fish,M1 fish,region,Southern Yorke,Southern Yorke,Bloom 2025-06,2,Labridae__Ophthalmolepis__lineolatus,Labridae Ophthalmolepis lineolatus,Actinopterygii,Labridae,Ophthalmolepis,lineolatus,Southern Maori Wrasse,<i>Ophthalmolepis lineolatus</i><br>(Southern Maori Wrasse),0,0,0,0,0,0,0
m1_fish,M1 fish,region,Southern Yorke,Southern Yorke,Bloom 2025-06,2,Labridae__Pictilabrus__laticlavius,Labridae Pictilabrus laticlavius,Actinopterygii,Labridae,Pictilabrus,laticlavius,Senator Wrasse,<i>Pictilabrus laticlavius</i><br>(Senator Wrasse),0,0,0,0,0,0,0
m1_fish,M1 fish,region,Southern Yorke,Southern Yorke,Bloom 2025-06,2,Labridae__Pseudolabrus__rubicundus,Labridae Pseudolabrus rubicundus,Actinopterygii,Labridae,Pseudolabrus,rubicundus,Rosy Wrasse,<i>Pseudolabrus rubicundus</i><br>(Rosy Wrasse),0,0,0,0,0,0,0
m1_fish,M1 fish,region,Southern Yorke,Southern Yorke,Bloom 2025-06,2,Labridae__Siphonognathus__argyrophanes,Labridae Siphonognathus argyrophanes,Actinopterygii,Labridae,Siphonognathus,argyrophanes,Tubemouth,<i>Siphonognathus argyrophanes</i><br>(Tubemouth),0,0,0,0,0,0,0
m1_fish,M1 fish,region,Southern Yorke,Southern Yorke,Bloom 2025-06,2,Labridae__Siphonognathus__attenuatus,Labridae Siphonognathus attenuatus,Actinopterygii,Labridae,Siphonognathus,attenuatus,Slender Weed Whiting,<i>Siphonognathus attenuatus</i><br>(Slender Weed Whiting),0,0,0,0,0,0,0
m1_fish,M1 fish,region,Southern Yorke,Southern Yorke,Bloom 2025-06,2,Labridae__Siphonognathus__beddomei,Labridae Siphonognathus beddomei,Actinopterygii,Labridae,Siphonognathus,beddomei,Pencil Weed Whiting,<i>Siphonognathus beddomei</i><br>(Pencil Weed Whiting),0,0,0,0,0,0,0
m1_fish,M1 fish,region,Southern Yorke,Southern Yorke,Bloom 2025-06,2,Labridae__Siphonognathus__caninis,Labridae Siphonognathus caninis,Actinopterygii,Labridae,Siphonognathus,caninis,Sharpnose Weed Whiting,<i>Siphonognathus caninis</i><br>(Sharpnose Weed Whiting),0,0,0,0,0,0,0
m1_fish,M1 fish,region,Southern Yorke,Southern Yorke,Bloom 2025-06,2,Labridae__Siphonognathus__radiatus,Labridae Siphonognathus radiatus,Actinopterygii,Labridae,Siphonognathus,radiatus,Longray Weed Whiting,<i>Siphonognathus radiatus</i><br>(Longray Weed Whiting),0,0,0,0,0,0,0
m1_fish,M1 fish,region,Southern Yorke,Southern Yorke,Bloom 2025-06,2,Labridae__Siphonognathus__spp,Labridae Siphonognathus spp,Actinopterygii,Labridae,Siphonognathus,spp,NA,<i>Siphonognathus spp</i>,0,0,0,0,0,0,0
m1_fish,M1 fish,region,Southern Yorke,Southern Yorke,Bloom 2025-06,2,Labridae__Siphonognathus__tanyourus,Labridae Siphonognathus tanyourus,Actinopterygii,Labridae,Siphonognathus,tanyourus,Longtail Weed Whiting,<i>Siphonognathus tanyourus</i><br>(Longtail Weed Whiting),0,0,0,0,0,0,0
m1_fish,M1 fish,region,Southern Yorke,Southern Yorke,Bloom 2025-06,2,Microcanthidae__Neatypus__obliquus,Microcanthidae Neatypus obliquus,Actinopterygii,Microcanthidae,Neatypus,obliquus,Footballer Sweep,<i>Neatypus obliquus</i><br>(Footballer Sweep),0,0,0,0,0,0,0
m1_fish,M1 fish,region,Southern Yorke,Southern Yorke,Bloom 2025-06,2,Microcanthidae__Tilodon__sexfasciatus,Microcanthidae Tilodon sexfasciatus,Actinopterygii,Microcanthidae,Tilodon,sexfasciatus,Moonlighter,<i>Tilodon sexfasciatus</i><br>(Moonlighter),0,0,0,0,0,0,0
m1_fish,M1 fish,region,Southern Yorke,Southern Yorke,Bloom 2025-06,2,Monacanthidae__Acanthaluteres__brownii,Monacanthidae Acanthaluteres brownii,Actinopterygii,Monacanthidae,Acanthaluteres,brownii,Spinytail Leatherjacket,<i>Acanthaluteres brownii</i><br>(Spinytail Leatherjacket),0,0,0,0,0,0,0
m1_fish,M1 fish,region,Southern Yorke,Southern Yorke,Bloom 2025-06,2,Monacanthidae__Acanthaluteres__spilomelanurus,Monacanthidae Acanthaluteres spilomelanurus,Actinopterygii,Monacanthidae,Acanthaluteres,spilomelanurus,Bridled Leatherjacket,<i>Acanthaluteres spilomelanurus</i><br>(Bridled Leatherjacket),0,0,0,0,0,0,0
m1_fish,M1 fish,region,Southern Yorke,Southern Yorke,Bloom 2025-06,2,Monacanthidae__Acanthaluteres__vittiger,Monacanthidae Acanthaluteres vittiger,Actinopterygii,Monacanthidae,Acanthaluteres,vittiger,Toothbrush Leatherjacket,<i>Acanthaluteres vittiger</i><br>(Toothbrush Leatherjacket),0,0,0,0,0,0,0
m1_fish,M1 fish,region,Southern Yorke,Southern Yorke,Bloom 2025-06,2,Monacanthidae__Brachaluteres__jacksonianus,Monacanthidae Brachaluteres jacksonianus,Actinopterygii,Monacanthidae,Brachaluteres,jacksonianus,Southern Pygmy Leatherjacket,<i>Brachaluteres jacksonianus</i><br>(Southern Pygmy Leatherjacket),0,0,0,0,0,0,0
m1_fish,M1 fish,region,Southern Yorke,Southern Yorke,Bloom 2025-06,2,Monacanthidae__Eubalichthys__gunnii,Monacanthidae Eubalichthys gunnii,Actinopterygii,Monacanthidae,Eubalichthys,gunnii,Gunn's Leatherjacket,<i>Eubalichthys gunnii</i><br>(Gunn's Leatherjacket),0,0,0,0,0,0,0
m1_fish,M1 fish,region,Southern Yorke,Southern Yorke,Bloom 2025-06,2,Monacanthidae__Eubalichthys__mosaicus,Monacanthidae Eubalichthys mosaicus,Actinopterygii,Monacanthidae,Eubalichthys,mosaicus,Mosaic Leatherjacket,<i>Eubalichthys mosaicus</i><br>(Mosaic Leatherjacket),0,0,0,0,0,0,0
m1_fish,M1 fish,region,Southern Yorke,Southern Yorke,Bloom 2025-06,2,Monacanthidae__Meuschenia__flavolineata,Monacanthidae Meuschenia flavolineata,Actinopterygii,Monacanthidae,Meuschenia,flavolineata,Yellowstriped Leatherjacket,<i>Meuschenia flavolineata</i><br>(Yellowstriped Leatherjacket),0,0,0,0,0,0,0
m1_fish,M1 fish,region,Southern Yorke,Southern Yorke,Bloom 2025-06,2,Monacanthidae__Meuschenia__freycineti,Monacanthidae Meuschenia freycineti,Actinopterygii,Monacanthidae,Meuschenia,freycineti,Sixspine Leatherjacket,<i>Meuschenia freycineti</i><br>(Sixspine Leatherjacket),0,0,0,0,0,0,0
m1_fish,M1 fish,region,Southern Yorke,Southern Yorke,Bloom 2025-06,2,Monacanthidae__Meuschenia__galii,Monacanthidae Meuschenia galii,Actinopterygii,Monacanthidae,Meuschenia,galii,Bluelined Leatherjacket,<i>Meuschenia galii</i><br>(Bluelined Leatherjacket),0,0,0,0,0,0,0
m1_fish,M1 fish,region,Southern Yorke,Southern Yorke,Bloom 2025-06,2,Monacanthidae__Meuschenia__hippocrepis,Monacanthidae Meuschenia hippocrepis,Actinopterygii,Monacanthidae,Meuschenia,hippocrepis,Horseshoe Leatherjacket,<i>Meuschenia hippocrepis</i><br>(Horseshoe Leatherjacket),0,0,0,0,0,0,0
m1_fish,M1 fish,region,Southern Yorke,Southern Yorke,Bloom 2025-06,2,Monacanthidae__Meuschenia__venusta,Monacanthidae Meuschenia venusta,Actinopterygii,Monacanthidae,Meuschenia,venusta,Stars-and-stripes Leatherjacket,<i>Meuschenia venusta</i><br>(Stars-and-stripes Leatherjacket),0,0,0,0,0,0,0
m1_fish,M1 fish,region,Southern Yorke,Southern Yorke,Bloom 2025-06,2,Monacanthidae__Scobinichthys__granulatus,Monacanthidae Scobinichthys granulatus,Actinopterygii,Monacanthidae,Scobinichthys,granulatus,Rough Leatherjacket,<i>Scobinichthys granulatus</i><br>(Rough Leatherjacket),1,0.5,0.25,50,35.35533905932738,0.25,0.25
m1_fish,M1 fish,region,Southern Yorke,Southern Yorke,Bloom 2025-06,2,Monacanthidae__Thamnaconus__degeni,Monacanthidae Thamnaconus degeni,Actinopterygii,Monacanthidae,Thamnaconus,degeni,Bluefin Leatherjacket,<i>Thamnaconus degeni</i><br>(Bluefin Leatherjacket),0,0,0,0,0,0,0
m1_fish,M1 fish,region,Southern Yorke,Southern Yorke,Bloom 2025-06,2,Mullidae__Upeneichthys__vlamingii,Mullidae Upeneichthys vlamingii,Actinopterygii,Mullidae,Upeneichthys,vlamingii,Bluespotted Goatfish,<i>Upeneichthys vlamingii</i><br>(Bluespotted Goatfish),0,0,0,0,0,0,0
m1_fish,M1 fish,region,Southern Yorke,Southern Yorke,Bloom 2025-06,2,Myliobatidae__Myliobatis__tenuicaudatus,Myliobatidae Myliobatis tenuicaudatus,Elasmobranchii,Myliobatidae,Myliobatis,tenuicaudatus,Southern Eagle Ray,<i>Myliobatis tenuicaudatus</i><br>(Southern Eagle Ray),0,0,0,0,0,0,0
m1_fish,M1 fish,region,Southern Yorke,Southern Yorke,Bloom 2025-06,2,Ophiclinidae__Ophiclinus__spp,Ophiclinidae Ophiclinus spp,Actinopterygii,Ophiclinidae,Ophiclinus,spp,NA,<i>Ophiclinus spp</i>,0,0,0,0,0,0,0
m1_fish,M1 fish,region,Southern Yorke,Southern Yorke,Bloom 2025-06,2,Parascylliidae__Parascyllium__ferrugineum,Parascylliidae Parascyllium ferrugineum,Elasmobranchii,Parascylliidae,Parascyllium,ferrugineum,Rusty Carpetshark,<i>Parascyllium ferrugineum</i><br>(Rusty Carpetshark),0,0,0,0,0,0,0
m1_fish,M1 fish,region,Southern Yorke,Southern Yorke,Bloom 2025-06,2,Parascylliidae__Parascyllium__variolatum,Parascylliidae Parascyllium variolatum,Elasmobranchii,Parascylliidae,Parascyllium,variolatum,Varied Carpetshark,<i>Parascyllium variolatum</i><br>(Varied Carpetshark),0,0,0,0,0,0,0
m1_fish,M1 fish,region,Southern Yorke,Southern Yorke,Bloom 2025-06,2,Pataecidae__Aetapcus__maculatus,Pataecidae Aetapcus maculatus,Actinopterygii,Pataecidae,Aetapcus,maculatus,Warty Prowfish,<i>Aetapcus maculatus</i><br>(Warty Prowfish),0,0,0,0,0,0,0
m1_fish,M1 fish,region,Southern Yorke,Southern Yorke,Bloom 2025-06,2,Pempherididae__Parapriacanthus__elongatus,Pempherididae Parapriacanthus elongatus,Actinopterygii,Pempherididae,Parapriacanthus,elongatus,Elongate Bullseye,<i>Parapriacanthus elongatus</i><br>(Elongate Bullseye),0,0,0,0,0,0,0
m1_fish,M1 fish,region,Southern Yorke,Southern Yorke,Bloom 2025-06,2,Pempherididae__Pempheris__klunzingeri,Pempherididae Pempheris klunzingeri,Actinopterygii,Pempherididae,Pempheris,klunzingeri,Rough Bullseye,<i>Pempheris klunzingeri</i><br>(Rough Bullseye),0,0,0,0,0,0,0
m1_fish,M1 fish,region,Southern Yorke,Southern Yorke,Bloom 2025-06,2,Pempherididae__Pempheris__multiradiata,Pempherididae Pempheris multiradiata,Actinopterygii,Pempherididae,Pempheris,multiradiata,Bigscale Bullseye,<i>Pempheris multiradiata</i><br>(Bigscale Bullseye),0,0,0,0,0,0,0
m1_fish,M1 fish,region,Southern Yorke,Southern Yorke,Bloom 2025-06,2,Pempherididae__Pempheris__ornata,Pempherididae Pempheris ornata,Actinopterygii,Pempherididae,Pempheris,ornata,Orangelined Bullseye,<i>Pempheris ornata</i><br>(Orangelined Bullseye),0,0,0,0,0,0,0
m1_fish,M1 fish,region,Southern Yorke,Southern Yorke,Bloom 2025-06,2,Pempherididae__Pempheris__spp,Pempherididae Pempheris spp,Actinopterygii,Pempherididae,Pempheris,spp,NA,<i>Pempheris spp</i>,0,0,0,0,0,0,0
m1_fish,M1 fish,region,Southern Yorke,Southern Yorke,Bloom 2025-06,2,Pentacerotidae__Pentaceropsis__recurvirostris,Pentacerotidae Pentaceropsis recurvirostris,Actinopterygii,Pentacerotidae,Pentaceropsis,recurvirostris,Longsnout Boarfish,<i>Pentaceropsis recurvirostris</i><br>(Longsnout Boarfish),0,0,0,0,0,0,0
m1_fish,M1 fish,region,Southern Yorke,Southern Yorke,Bloom 2025-06,2,Pinguipedidae__Parapercis__haackei,Pinguipedidae Parapercis haackei,Actinopterygii,Pinguipedidae,Parapercis,haackei,Wavy Grubfish,<i>Parapercis haackei</i><br>(Wavy Grubfish),0,0,0,0,0,0,0
m1_fish,M1 fish,region,Southern Yorke,Southern Yorke,Bloom 2025-06,2,Pinguipedidae__Parapercis__ramsayi,Pinguipedidae Parapercis ramsayi,Actinopterygii,Pinguipedidae,Parapercis,ramsayi,Spotted Grubfish,<i>Parapercis ramsayi</i><br>(Spotted Grubfish),0,0,0,0,0,0,0
m1_fish,M1 fish,region,Southern Yorke,Southern Yorke,Bloom 2025-06,2,Platycephalidae__Leviprora__inops,Platycephalidae Leviprora inops,Actinopterygii,Platycephalidae,Leviprora,inops,Longhead Flathead,<i>Leviprora inops</i><br>(Longhead Flathead),0,0,0,0,0,0,0
m1_fish,M1 fish,region,Southern Yorke,Southern Yorke,Bloom 2025-06,2,Platycephalidae__Platycephalus__laevigatus,Platycephalidae Platycephalus laevigatus,Actinopterygii,Platycephalidae,Platycephalus,laevigatus,Rock Flathead,<i>Platycephalus laevigatus</i><br>(Rock Flathead),0,0,0,0,0,0,0
m1_fish,M1 fish,region,Southern Yorke,Southern Yorke,Bloom 2025-06,2,Platycephalidae__Platycephalus__speculator,Platycephalidae Platycephalus speculator,Actinopterygii,Platycephalidae,Platycephalus,speculator,Southern Bluespotted Flathead,<i>Platycephalus speculator</i><br>(Southern Bluespotted Flathead),0,0,0,0,0,0,0
m1_fish,M1 fish,region,Southern Yorke,Southern Yorke,Bloom 2025-06,2,Plesiopidae__Paraplesiops__meleagris,Plesiopidae Paraplesiops meleagris,Actinopterygii,Plesiopidae,Paraplesiops,meleagris,Southern Blue Devil,<i>Paraplesiops meleagris</i><br>(Southern Blue Devil),0,0,0,0,0,0,0
m1_fish,M1 fish,region,Southern Yorke,Southern Yorke,Bloom 2025-06,2,Plesiopidae__Trachinops__caudimaculatus,Plesiopidae Trachinops caudimaculatus,Actinopterygii,Plesiopidae,Trachinops,caudimaculatus,Southern Hulafish,<i>Trachinops caudimaculatus</i><br>(Southern Hulafish),0,0,0,0,0,0,0
m1_fish,M1 fish,region,Southern Yorke,Southern Yorke,Bloom 2025-06,2,Plesiopidae__Trachinops__noarlungae,Plesiopidae Trachinops noarlungae,Actinopterygii,Plesiopidae,Trachinops,noarlungae,Yellowhead Hulafish,<i>Trachinops noarlungae</i><br>(Yellowhead Hulafish),0,0,0,0,0,0,0
m1_fish,M1 fish,region,Southern Yorke,Southern Yorke,Bloom 2025-06,2,Plotosidae__Cnidoglanis__macrocephalus,Plotosidae Cnidoglanis macrocephalus,Actinopterygii,Plotosidae,Cnidoglanis,macrocephalus,Estuary Cobbler,<i>Cnidoglanis macrocephalus</i><br>(Estuary Cobbler),0,0,0,0,0,0,0
m1_fish,M1 fish,region,Southern Yorke,Southern Yorke,Bloom 2025-06,2,Pomacentridae__Parma__victoriae,Pomacentridae Parma victoriae,Actinopterygii,Pomacentridae,Parma,victoriae,Scalyfin,<i>Parma victoriae</i><br>(Scalyfin),1,1,1,50,35.35533905932738,0.5,0.5
m1_fish,M1 fish,region,Southern Yorke,Southern Yorke,Bloom 2025-06,2,Scombridae__Scomber__australasicus,Scombridae Scomber australasicus,Actinopterygii,Scombridae,Scomber,australasicus,Blue Mackerel,<i>Scomber australasicus</i><br>(Blue Mackerel),0,0,0,0,0,0,0
m1_fish,M1 fish,region,Southern Yorke,Southern Yorke,Bloom 2025-06,2,Scorpididae__Scorpis__aequipinnis,Scorpididae Scorpis aequipinnis,Actinopterygii,Scorpididae,Scorpis,aequipinnis,Sea Sweep,<i>Scorpis aequipinnis</i><br>(Sea Sweep),0,0,0,0,0,0,0
m1_fish,M1 fish,region,Southern Yorke,Southern Yorke,Bloom 2025-06,2,Scorpididae__Scorpis__georgiana,Scorpididae Scorpis georgiana,Actinopterygii,Scorpididae,Scorpis,georgiana,Banded Sweep,<i>Scorpis georgiana</i><br>(Banded Sweep),0,0,0,0,0,0,0
m1_fish,M1 fish,region,Southern Yorke,Southern Yorke,Bloom 2025-06,2,Scorpididae__Scorpis__lineolata,Scorpididae Scorpis lineolata,Actinopterygii,Scorpididae,Scorpis,lineolata,Silver Sweep,<i>Scorpis lineolata</i><br>(Silver Sweep),0,0,0,0,0,0,0
m1_fish,M1 fish,region,Southern Yorke,Southern Yorke,Bloom 2025-06,2,Serranidae__Caesioperca__rasor,Serranidae Caesioperca rasor,Actinopterygii,Serranidae,Caesioperca,rasor,Barber Perch,<i>Caesioperca rasor</i><br>(Barber Perch),0,0,0,0,0,0,0
m1_fish,M1 fish,region,Southern Yorke,Southern Yorke,Bloom 2025-06,2,Serranidae__Hypoplectrodes__nigroruber,Serranidae Hypoplectrodes nigroruber,Actinopterygii,Serranidae,Hypoplectrodes,nigroruber,Banded Seaperch,<i>Hypoplectrodes nigroruber</i><br>(Banded Seaperch),0,0,0,0,0,0,0
m1_fish,M1 fish,region,Southern Yorke,Southern Yorke,Bloom 2025-06,2,Serranidae__Othos__dentex,Serranidae Othos dentex,Actinopterygii,Serranidae,Othos,dentex,Harlequin Fish,<i>Othos dentex</i><br>(Harlequin Fish),0,0,0,0,0,0,0
m1_fish,M1 fish,region,Southern Yorke,Southern Yorke,Bloom 2025-06,2,Sillaginidae__Sillaginidae__spp,Sillaginidae Unknown spp,Actinopterygii,Sillaginidae,Sillaginidae,spp,NA,<i>Sillaginidae spp</i>,0,0,0,0,0,0,0
m1_fish,M1 fish,region,Southern Yorke,Southern Yorke,Bloom 2025-06,2,Sillaginidae__Sillaginodes__punctatus,Sillaginidae Sillaginodes punctatus,Actinopterygii,Sillaginidae,Sillaginodes,punctatus,King George Whiting,<i>Sillaginodes punctatus</i><br>(King George Whiting),0,0,0,0,0,0,0
m1_fish,M1 fish,region,Southern Yorke,Southern Yorke,Bloom 2025-06,2,Sparidae__Acanthopagrus__butcheri,Sparidae Acanthopagrus butcheri,Actinopterygii,Sparidae,Acanthopagrus,butcheri,Black Bream,<i>Acanthopagrus butcheri</i><br>(Black Bream),0,0,0,0,0,0,0
m1_fish,M1 fish,region,Southern Yorke,Southern Yorke,Bloom 2025-06,2,Sparidae__Chrysophrys__auratus,Sparidae Chrysophrys auratus,Actinopterygii,Sparidae,Chrysophrys,auratus,Snapper,<i>Chrysophrys auratus</i><br>(Snapper),0,0,0,0,0,0,0
m1_fish,M1 fish,region,Southern Yorke,Southern Yorke,Bloom 2025-06,2,Sphyraenidae__Sphyraena__novaehollandiae,Sphyraenidae Sphyraena novaehollandiae,Actinopterygii,Sphyraenidae,Sphyraena,novaehollandiae,Snook,<i>Sphyraena novaehollandiae</i><br>(Snook),0,0,0,0,0,0,0
m1_fish,M1 fish,region,Southern Yorke,Southern Yorke,Bloom 2025-06,2,Syngnathidae__Phycodurus__eques,Syngnathidae Phycodurus eques,Actinopterygii,Syngnathidae,Phycodurus,eques,Leafy Seadragon,<i>Phycodurus eques</i><br>(Leafy Seadragon),0,0,0,0,0,0,0
m1_fish,M1 fish,region,Southern Yorke,Southern Yorke,Bloom 2025-06,2,Syngnathidae__Phyllopteryx__taeniolatus,Syngnathidae Phyllopteryx taeniolatus,Actinopterygii,Syngnathidae,Phyllopteryx,taeniolatus,Common Seadragon,<i>Phyllopteryx taeniolatus</i><br>(Common Seadragon),0,0,0,0,0,0,0
m1_fish,M1 fish,region,Southern Yorke,Southern Yorke,Bloom 2025-06,2,Syngnathidae__Pugnaso__curtirostris,Syngnathidae Pugnaso curtirostris,Actinopterygii,Syngnathidae,Pugnaso,curtirostris,Pugnose Pipefish,<i>Pugnaso curtirostris</i><br>(Pugnose Pipefish),0,0,0,0,0,0,0
m1_fish,M1 fish,region,Southern Yorke,Southern Yorke,Bloom 2025-06,2,Terapontidae__Helotes__octolineatus,Terapontidae Helotes octolineatus,Actinopterygii,Terapontidae,Helotes,octolineatus,NA,<i>Helotes octolineatus</i>,0,0,0,0,0,0,0
m1_fish,M1 fish,region,Southern Yorke,Southern Yorke,Bloom 2025-06,2,Tetraodontidae__Omegophora__armilla,Tetraodontidae Omegophora armilla,Actinopterygii,Tetraodontidae,Omegophora,armilla,Ringed Toadfish,<i>Omegophora armilla</i><br>(Ringed Toadfish),0,0,0,0,0,0,0
m1_fish,M1 fish,region,Southern Yorke,Southern Yorke,Bloom 2025-06,2,Tetraodontidae__Omegophora__cyanopunctata,Tetraodontidae Omegophora cyanopunctata,Actinopterygii,Tetraodontidae,Omegophora,cyanopunctata,Bluespotted Toadfish,<i>Omegophora cyanopunctata</i><br>(Bluespotted Toadfish),0,0,0,0,0,0,0
m1_fish,M1 fish,region,Southern Yorke,Southern Yorke,Bloom 2025-06,2,Tetraodontidae__Tetractenos__glaber,Tetraodontidae Tetractenos glaber,Actinopterygii,Tetraodontidae,Tetractenos,glaber,Smooth Toadfish,<i>Tetractenos glaber</i><br>(Smooth Toadfish),0,0,0,0,0,0,0
m1_fish,M1 fish,region,Southern Yorke,Southern Yorke,Bloom 2025-06,2,Tetraodontidae__Torquigener__pleurogramma,Tetraodontidae Torquigener pleurogramma,Actinopterygii,Tetraodontidae,Torquigener,pleurogramma,Weeping Toadfish,<i>Torquigener pleurogramma</i><br>(Weeping Toadfish),0,0,0,0,0,0,0
m1_fish,M1 fish,region,Southern Yorke,Southern Yorke,Bloom 2025-06,2,Trachichthyidae__Trachichthys__australis,Trachichthyidae Trachichthys australis,Actinopterygii,Trachichthyidae,Trachichthys,australis,Southern Roughy,<i>Trachichthys australis</i><br>(Southern Roughy),0,0,0,0,0,0,0
m1_fish,M1 fish,region,Southern Yorke,Southern Yorke,Bloom 2025-06,2,Tripterygiidae__Helcogramma__decurrens,Tripterygiidae Helcogramma decurrens,Actinopterygii,Tripterygiidae,Helcogramma,decurrens,Blackthroat Threefin,<i>Helcogramma decurrens</i><br>(Blackthroat Threefin),0,0,0,0,0,0,0
m1_fish,M1 fish,region,Southern Yorke,Southern Yorke,Bloom 2025-06,2,Tripterygiidae__Trinorfolkia__clarkei,Tripterygiidae Trinorfolkia clarkei,Actinopterygii,Tripterygiidae,Trinorfolkia,clarkei,Clark's Threefin,<i>Trinorfolkia clarkei</i><br>(Clark's Threefin),0,0,0,0,0,0,0
m1_fish,M1 fish,region,Southern Yorke,Southern Yorke,Bloom 2025-06,2,Tripterygiidae__Trinorfolkia__cristata,Tripterygiidae Trinorfolkia cristata,Actinopterygii,Tripterygiidae,Trinorfolkia,cristata,Crested Threefin,<i>Trinorfolkia cristata</i><br>(Crested Threefin),0,0,0,0,0,0,0
m1_fish,M1 fish,region,Southern Yorke,Southern Yorke,Bloom 2025-06,2,Tripterygiidae__Tripterygiidae__spp,Tripterygiidae Unknown spp,Actinopterygii,Tripterygiidae,Tripterygiidae,spp,NA,<i>Tripterygiidae spp</i>,0,0,0,0,0,0,0
m1_fish,M1 fish,region,Southern Yorke,Southern Yorke,Bloom 2025-06,2,Trygonorrhinidae__Aptychotrema__vincentiana,Trygonorrhinidae Aptychotrema vincentiana,Elasmobranchii,Trygonorrhinidae,Aptychotrema,vincentiana,Western Shovelnose Ray,<i>Aptychotrema vincentiana</i><br>(Western Shovelnose Ray),0,0,0,0,0,0,0
m1_fish,M1 fish,region,Southern Yorke,Southern Yorke,Bloom 2025-06,2,Trygonorrhinidae__Trygonorrhina__fasciata,Trygonorrhinidae Trygonorrhina fasciata,Elasmobranchii,Trygonorrhinidae,Trygonorrhina,fasciata,Eastern Fiddler Ray,<i>Trygonorrhina fasciata</i><br>(Eastern Fiddler Ray),0,0,0,0,0,0,0
m1_fish,M1 fish,region,Southern Yorke,Southern Yorke,Bloom 2025-06,2,Urolophidae__Urolophus__spp,Urolophidae Urolophus spp,Elasmobranchii,Urolophidae,Urolophus,spp,NA,<i>Urolophus spp</i>,0,0,0,0,0,0,0
m1_fish,M1 fish,region,Southern Yorke,Southern Yorke,Bloom 2026-04,12,Antennariidae__Rhycherus__filamentosus,Antennariidae Rhycherus filamentosus,Actinopterygii,Antennariidae,Rhycherus,filamentosus,Tasselled Anglerfish,<i>Rhycherus filamentosus</i><br>(Tasselled Anglerfish),0,0,0,0,0,0,0
m1_fish,M1 fish,region,Southern Yorke,Southern Yorke,Bloom 2026-04,12,Aplodactylidae__Aplodactylus__arctidens,Aplodactylidae Aplodactylus arctidens,Actinopterygii,Aplodactylidae,Aplodactylus,arctidens,Marblefish,<i>Aplodactylus arctidens</i><br>(Marblefish),0,0,0,0,0,0,0
m1_fish,M1 fish,region,Southern Yorke,Southern Yorke,Bloom 2026-04,12,Aplodactylidae__Aplodactylus__westralis,Aplodactylidae Aplodactylus westralis,Actinopterygii,Aplodactylidae,Aplodactylus,westralis,Western Seacarp,<i>Aplodactylus westralis</i><br>(Western Seacarp),0,0,0,0,0,0,0
m1_fish,M1 fish,region,Southern Yorke,Southern Yorke,Bloom 2026-04,12,Apogonidae__Ostorhinchus__victoriae,Apogonidae Ostorhinchus victoriae,Actinopterygii,Apogonidae,Ostorhinchus,victoriae,Western Striped Cardinalfish,<i>Ostorhinchus victoriae</i><br>(Western Striped Cardinalfish),0,0,0,0,0,0,0
m1_fish,M1 fish,region,Southern Yorke,Southern Yorke,Bloom 2026-04,12,Apogonidae__Siphamia__cephalotes,Apogonidae Siphamia cephalotes,Actinopterygii,Apogonidae,Siphamia,cephalotes,Wood's Siphonfish,<i>Siphamia cephalotes</i><br>(Wood's Siphonfish),0,0,0,0,0,0,0
m1_fish,M1 fish,region,Southern Yorke,Southern Yorke,Bloom 2026-04,12,Apogonidae__Vincentia__conspersa,Apogonidae Vincentia conspersa,Actinopterygii,Apogonidae,Vincentia,conspersa,Southern Cardinalfish,<i>Vincentia conspersa</i><br>(Southern Cardinalfish),0,0,0,0,0,0,0
m1_fish,M1 fish,region,Southern Yorke,Southern Yorke,Bloom 2026-04,12,Aracanidae__Anoplocapros__amygdaloides,Aracanidae Anoplocapros amygdaloides,Actinopterygii,Aracanidae,Anoplocapros,amygdaloides,Western Smooth Boxfish,<i>Anoplocapros amygdaloides</i><br>(Western Smooth Boxfish),0,0,0,0,0,0,0
m1_fish,M1 fish,region,Southern Yorke,Southern Yorke,Bloom 2026-04,12,Aracanidae__Anoplocapros__lenticularis,Aracanidae Anoplocapros lenticularis,Actinopterygii,Aracanidae,Anoplocapros,lenticularis,Whitebarred Boxfish,<i>Anoplocapros lenticularis</i><br>(Whitebarred Boxfish),0,0,0,0,0,0,0
m1_fish,M1 fish,region,Southern Yorke,Southern Yorke,Bloom 2026-04,12,Aracanidae__Aracana__aurita,Aracanidae Aracana aurita,Actinopterygii,Aracanidae,Aracana,aurita,Shaw's Cowfish,<i>Aracana aurita</i><br>(Shaw's Cowfish),0,0,0,0,0,0,0
m1_fish,M1 fish,region,Southern Yorke,Southern Yorke,Bloom 2026-04,12,Aracanidae__Aracana__ornata,Aracanidae Aracana ornata,Actinopterygii,Aracanidae,Aracana,ornata,Ornate Cowfish,<i>Aracana ornata</i><br>(Ornate Cowfish),0,0,0,0,0,0,0
m1_fish,M1 fish,region,Southern Yorke,Southern Yorke,Bloom 2026-04,12,Arripidae__Arripis__georgianus,Arripidae Arripis georgianus,Actinopterygii,Arripidae,Arripis,georgianus,Australian Herring,<i>Arripis georgianus</i><br>(Australian Herring),1,1.5,2.25,8.333333333333334,7.9785592313028175,0.125,0.125
m1_fish,M1 fish,region,Southern Yorke,Southern Yorke,Bloom 2026-04,12,Arripidae__Arripis__spp,Arripidae Arripis spp,Actinopterygii,Arripidae,Arripis,spp,NA,<i>Arripis spp</i>,0,0,0,0,0,0,0
m1_fish,M1 fish,region,Southern Yorke,Southern Yorke,Bloom 2026-04,12,Arripidae__Arripis__truttaceus,Arripidae Arripis truttaceus,Actinopterygii,Arripidae,Arripis,truttaceus,Western Australian Salmon,<i>Arripis truttaceus</i><br>(Western Australian Salmon),0,0,0,0,0,0,0
m1_fish,M1 fish,region,Southern Yorke,Southern Yorke,Bloom 2026-04,12,Atherinidae__Atherinidae__spp,Atherinidae Unknown spp,Actinopterygii,Atherinidae,Atherinidae,spp,NA,<i>Atherinidae spp</i>,0,0,0,0,0,0,0
m1_fish,M1 fish,region,Southern Yorke,Southern Yorke,Bloom 2026-04,12,Berycidae__Centroberyx__gerrardi,Berycidae Centroberyx gerrardi,Actinopterygii,Berycidae,Centroberyx,gerrardi,Bight Redfish,<i>Centroberyx gerrardi</i><br>(Bight Redfish),0,0,0,0,0,0,0
m1_fish,M1 fish,region,Southern Yorke,Southern Yorke,Bloom 2026-04,12,Berycidae__Centroberyx__lineatus,Berycidae Centroberyx lineatus,Actinopterygii,Berycidae,Centroberyx,lineatus,Swallowtail,<i>Centroberyx lineatus</i><br>(Swallowtail),0,0,0,0,0,0,0
m1_fish,M1 fish,region,Southern Yorke,Southern Yorke,Bloom 2026-04,12,Bovichtidae__Bovichtus__angustifrons,Bovichtidae Bovichtus angustifrons,Actinopterygii,Bovichtidae,Bovichtus,angustifrons,Dragonet,<i>Bovichtus angustifrons</i><br>(Dragonet),0,0,0,0,0,0,0
m1_fish,M1 fish,region,Southern Yorke,Southern Yorke,Bloom 2026-04,12,Callionymidae__Eocallionymus__papilio,Callionymidae Eocallionymus papilio,Actinopterygii,Callionymidae,Eocallionymus,papilio,Painted Stinkfish,<i>Eocallionymus papilio</i><br>(Painted Stinkfish),0,0,0,0,0,0,0
m1_fish,M1 fish,region,Southern Yorke,Southern Yorke,Bloom 2026-04,12,Carangidae__Pseudocaranx__spp,Carangidae Pseudocaranx spp,Actinopterygii,Carangidae,Pseudocaranx,spp,NA,<i>Pseudocaranx spp</i>,0,0,0,0,0,0,0
m1_fish,M1 fish,region,Southern Yorke,Southern Yorke,Bloom 2026-04,12,Carangidae__Seriola__lalandi,Carangidae Seriola lalandi,Actinopterygii,Carangidae,Seriola,lalandi,Yellowtail Kingfish,<i>Seriola lalandi</i><br>(Yellowtail Kingfish),0,0,0,0,0,0,0
m1_fish,M1 fish,region,Southern Yorke,Southern Yorke,Bloom 2026-04,12,Carangidae__Trachurus__novaezelandiae,Carangidae Trachurus novaezelandiae,Actinopterygii,Carangidae,Trachurus,novaezelandiae,Yellowtail Scad,<i>Trachurus novaezelandiae</i><br>(Yellowtail Scad),0,0,0,0,0,0,0
m1_fish,M1 fish,region,Southern Yorke,Southern Yorke,Bloom 2026-04,12,Chaetodontidae__Chelmonops__curiosus,Chaetodontidae Chelmonops curiosus,Actinopterygii,Chaetodontidae,Chelmonops,curiosus,Western Talma,<i>Chelmonops curiosus</i><br>(Western Talma),8,10.5,21.25,66.66666666666667,13.608276348795433,0.875,0.30229551064740573
m1_fish,M1 fish,region,Southern Yorke,Southern Yorke,Bloom 2026-04,12,Cheilodactylidae__Cheilodactylus__nigripes,Cheilodactylidae Cheilodactylus nigripes,Actinopterygii,Cheilodactylidae,Cheilodactylus,nigripes,Magpie Perch,<i>Cheilodactylus nigripes</i><br>(Magpie Perch),10,23.5,71.25,83.33333333333333,10.75828707279838,1.9583333333333333,0.43718422947888974
m1_fish,M1 fish,region,Southern Yorke,Southern Yorke,Bloom 2026-04,12,Cheilodactylidae__Cheilodactylus__spectabilis,Cheilodactylidae Cheilodactylus spectabilis,Actinopterygii,Cheilodactylidae,Cheilodactylus,spectabilis,Banded Morwong,<i>Cheilodactylus spectabilis</i><br>(Banded Morwong),0,0,0,0,0,0,0
m1_fish,M1 fish,region,Southern Yorke,Southern Yorke,Bloom 2026-04,12,Cheilodactylidae__Dactylophora__nigricans,Cheilodactylidae Dactylophora nigricans,Actinopterygii,Cheilodactylidae,Dactylophora,nigricans,Dusky Morwong,<i>Dactylophora nigricans</i><br>(Dusky Morwong),4,3.5,3.75,33.333333333333336,13.608276348795433,0.2916666666666667,0.1437897946674417
m1_fish,M1 fish,region,Southern Yorke,Southern Yorke,Bloom 2026-04,12,Cheilodactylidae__Nemadactylus__valenciennesi,Cheilodactylidae Nemadactylus valenciennesi,Actinopterygii,Cheilodactylidae,Nemadactylus,valenciennesi,Blue Morwong,<i>Nemadactylus valenciennesi</i><br>(Blue Morwong),0,0,0,0,0,0,0
m1_fish,M1 fish,region,Southern Yorke,Southern Yorke,Bloom 2026-04,12,Chironemidae__Chironemus__georgianus,Chironemidae Chironemus georgianus,Actinopterygii,Chironemidae,Chironemus,georgianus,Western Kelpfish,<i>Chironemus georgianus</i><br>(Western Kelpfish),0,0,0,0,0,0,0
m1_fish,M1 fish,region,Southern Yorke,Southern Yorke,Bloom 2026-04,12,Chironemidae__Chironemus__maculosus,Chironemidae Chironemus maculosus,Actinopterygii,Chironemidae,Chironemus,maculosus,Silver Spot,<i>Chironemus maculosus</i><br>(Silver Spot),0,0,0,0,0,0,0
m1_fish,M1 fish,region,Southern Yorke,Southern Yorke,Bloom 2026-04,12,Clinidae__Heteroclinus__spp,Clinidae Heteroclinus spp,Actinopterygii,Clinidae,Heteroclinus,spp,NA,<i>Heteroclinus spp</i>,0,0,0,0,0,0,0
m1_fish,M1 fish,region,Southern Yorke,Southern Yorke,Bloom 2026-04,12,Clupeidae__Clupeidae__spp,Clupeidae Unknown spp,Actinopterygii,Clupeidae,Clupeidae,spp,NA,<i>Clupeidae spp</i>,0,0,0,0,0,0,0
m1_fish,M1 fish,region,Southern Yorke,Southern Yorke,Bloom 2026-04,12,Clupeidae__Hyperlophus__vittatus,Clupeidae Hyperlophus vittatus,Actinopterygii,Clupeidae,Hyperlophus,vittatus,Sandy Sprat,<i>Hyperlophus vittatus</i><br>(Sandy Sprat),0,0,0,0,0,0,0
m1_fish,M1 fish,region,Southern Yorke,Southern Yorke,Bloom 2026-04,12,Clupeidae__Spratelloides__robustus,Clupeidae Spratelloides robustus,Actinopterygii,Clupeidae,Spratelloides,robustus,Blue Sprat,<i>Spratelloides robustus</i><br>(Blue Sprat),0,0,0,0,0,0,0
m1_fish,M1 fish,region,Southern Yorke,Southern Yorke,Bloom 2026-04,12,Dasyatidae__Bathytoshia__lata,Dasyatidae Bathytoshia lata,Elasmobranchii,Dasyatidae,Bathytoshia,lata,Black Stingray,<i>Bathytoshia lata</i><br>(Black Stingray),0,0,0,0,0,0,0
m1_fish,M1 fish,region,Southern Yorke,Southern Yorke,Bloom 2026-04,12,Dinolestidae__Dinolestes__lewini,Dinolestidae Dinolestes lewini,Actinopterygii,Dinolestidae,Dinolestes,lewini,Longfin Pike,<i>Dinolestes lewini</i><br>(Longfin Pike),3,8.5,44.25,25,12.5,0.7083333333333334,0.5381588046198807
m1_fish,M1 fish,region,Southern Yorke,Southern Yorke,Bloom 2026-04,12,Diodontidae__Diodon__nicthemerus,Diodontidae Diodon nicthemerus,Actinopterygii,Diodontidae,Diodon,nicthemerus,Globefish,<i>Diodon nicthemerus</i><br>(Globefish),0,0,0,0,0,0,0
m1_fish,M1 fish,region,Southern Yorke,Southern Yorke,Bloom 2026-04,12,Enoplosidae__Enoplosus__armatus,Enoplosidae Enoplosus armatus,Actinopterygii,Enoplosidae,Enoplosus,armatus,Old Wife,<i>Enoplosus armatus</i><br>(Old Wife),0,0,0,0,0,0,0
m1_fish,M1 fish,region,Southern Yorke,Southern Yorke,Bloom 2026-04,12,Gerreidae__Parequula__melbournensis,Gerreidae Parequula melbournensis,Actinopterygii,Gerreidae,Parequula,melbournensis,Silverbelly,<i>Parequula melbournensis</i><br>(Silverbelly),0,0,0,0,0,0,0
m1_fish,M1 fish,region,Southern Yorke,Southern Yorke,Bloom 2026-04,12,Girellidae__Girella__tricuspidata,Girellidae Girella tricuspidata,Actinopterygii,Girellidae,Girella,tricuspidata,Luderick,<i>Girella tricuspidata</i><br>(Luderick),0,0,0,0,0,0,0
m1_fish,M1 fish,region,Southern Yorke,Southern Yorke,Bloom 2026-04,12,Girellidae__Girella__zebra,Girellidae Girella zebra,Actinopterygii,Girellidae,Girella,zebra,Zebrafish,<i>Girella zebra</i><br>(Zebrafish),8,21,104,66.66666666666667,13.608276348795433,1.75,0.7137714599013447
m1_fish,M1 fish,region,Southern Yorke,Southern Yorke,Bloom 2026-04,12,Gobiesocidae__Gobiesocidae__spp,Gobiesocidae Unknown spp,Actinopterygii,Gobiesocidae,Gobiesocidae,spp,NA,<i>Gobiesocidae spp</i>,0,0,0,0,0,0,0
m1_fish,M1 fish,region,Southern Yorke,Southern Yorke,Bloom 2026-04,12,Gobiidae__Gobiidae__spp,Gobiidae Unknown spp,Actinopterygii,Gobiidae,Gobiidae,spp,NA,<i>Gobiidae spp</i>,0,0,0,0,0,0,0
m1_fish,M1 fish,region,Southern Yorke,Southern Yorke,Bloom 2026-04,12,Gobiidae__Nesogobius__pulchellus,Gobiidae Nesogobius pulchellus,Actinopterygii,Gobiidae,Nesogobius,pulchellus,Sailfin Goby,<i>Nesogobius pulchellus</i><br>(Sailfin Goby),0,0,0,0,0,0,0
m1_fish,M1 fish,region,Southern Yorke,Southern Yorke,Bloom 2026-04,12,Heterodontidae__Heterodontus__portusjacksoni,Heterodontidae Heterodontus portusjacksoni,Elasmobranchii,Heterodontidae,Heterodontus,portusjacksoni,Port Jackson Shark,<i>Heterodontus portusjacksoni</i><br>(Port Jackson Shark),0,0,0,0,0,0,0
m1_fish,M1 fish,region,Southern Yorke,Southern Yorke,Bloom 2026-04,12,Hypnidae__Hypnos__monopterygius,Hypnidae Hypnos monopterygius,Elasmobranchii,Hypnidae,Hypnos,monopterygius,Coffin Ray,<i>Hypnos monopterygius</i><br>(Coffin Ray),0,0,0,0,0,0,0
m1_fish,M1 fish,region,Southern Yorke,Southern Yorke,Bloom 2026-04,12,Kyphosidae__Kyphosus__sydneyanus,Kyphosidae Kyphosus sydneyanus,Actinopterygii,Kyphosidae,Kyphosus,sydneyanus,Silver Drummer,<i>Kyphosus sydneyanus</i><br>(Silver Drummer),5,66.5,1286.75,41.666666666666664,14.231876063832773,5.541666666666667,2.637476363051727
m1_fish,M1 fish,region,Southern Yorke,Southern Yorke,Bloom 2026-04,12,Labridae__Achoerodus__gouldii,Labridae Achoerodus gouldii,Actinopterygii,Labridae,Achoerodus,gouldii,Western Blue Groper,<i>Achoerodus gouldii</i><br>(Western Blue Groper),2,2.5,3.25,16.666666666666668,10.758287072798382,0.20833333333333334,0.1437897946674417
m1_fish,M1 fish,region,Southern Yorke,Southern Yorke,Bloom 2026-04,12,Labridae__Austrolabrus__maculatus,Labridae Austrolabrus maculatus,Actinopterygii,Labridae,Austrolabrus,maculatus,Blackspotted Wrasse,<i>Austrolabrus maculatus</i><br>(Blackspotted Wrasse),6,8,13.5,50,14.433756729740644,0.6666666666666666,0.24873416908154555
m1_fish,M1 fish,region,Southern Yorke,Southern Yorke,Bloom 2026-04,12,Labridae__Dotalabrus__aurantiacus,Labridae Dotalabrus aurantiacus,Actinopterygii,Labridae,Dotalabrus,aurantiacus,Castelnau's Wrasse,<i>Dotalabrus aurantiacus</i><br>(Castelnau's Wrasse),1,0.5,0.25,8.333333333333334,7.9785592313028175,0.041666666666666664,0.041666666666666664
m1_fish,M1 fish,region,Southern Yorke,Southern Yorke,Bloom 2026-04,12,Labridae__Eupetrichthys__angustipes,Labridae Eupetrichthys angustipes,Actinopterygii,Labridae,Eupetrichthys,angustipes,Snakeskin Wrasse,<i>Eupetrichthys angustipes</i><br>(Snakeskin Wrasse),0,0,0,0,0,0,0
m1_fish,M1 fish,region,Southern Yorke,Southern Yorke,Bloom 2026-04,12,Labridae__Haletta__semifasciata,Labridae Haletta semifasciata,Actinopterygii,Labridae,Haletta,semifasciata,Blue Weed Whiting,<i>Haletta semifasciata</i><br>(Blue Weed Whiting),0,0,0,0,0,0,0
m1_fish,M1 fish,region,Southern Yorke,Southern Yorke,Bloom 2026-04,12,Labridae__Heteroscarus__acroptilus,Labridae Heteroscarus acroptilus,Actinopterygii,Labridae,Heteroscarus,acroptilus,Rainbow Cale,<i>Heteroscarus acroptilus</i><br>(Rainbow Cale),0,0,0,0,0,0,0
m1_fish,M1 fish,region,Southern Yorke,Southern Yorke,Bloom 2026-04,12,Labridae__Neoodax__balteatus,Labridae Neoodax balteatus,Actinopterygii,Labridae,Neoodax,balteatus,Little Weed Whiting,<i>Neoodax balteatus</i><br>(Little Weed Whiting),4,9,21,33.333333333333336,13.608276348795433,0.75,0.32856437033638547
m1_fish,M1 fish,region,Southern Yorke,Southern Yorke,Bloom 2026-04,12,Labridae__Notolabrus__fucicola,Labridae Notolabrus fucicola,Actinopterygii,Labridae,Notolabrus,fucicola,Purple Wrasse,<i>Notolabrus fucicola</i><br>(Purple Wrasse),0,0,0,0,0,0,0
m1_fish,M1 fish,region,Southern Yorke,Southern Yorke,Bloom 2026-04,12,Labridae__Notolabrus__parilus,Labridae Notolabrus parilus,Actinopterygii,Labridae,Notolabrus,parilus,Brownspotted Wrasse,<i>Notolabrus parilus</i><br>(Brownspotted Wrasse),11,21.5,51.75,91.66666666666667,7.978559231302819,1.7916666666666667,0.31657694103639256
m1_fish,M1 fish,region,Southern Yorke,Southern Yorke,Bloom 2026-04,12,Labridae__Notolabrus__tetricus,Labridae Notolabrus tetricus,Actinopterygii,Labridae,Notolabrus,tetricus,Bluethroat Wrasse,<i>Notolabrus tetricus</i><br>(Bluethroat Wrasse),9,14,33.5,75,12.5,1.1666666666666667,0.3606251586488456
m1_fish,M1 fish,region,Southern Yorke,Southern Yorke,Bloom 2026-04,12,Labridae__Olisthops__cyanomelas,Labridae Olisthops cyanomelas,Actinopterygii,Labridae,Olisthops,cyanomelas,Herring Cale,<i>Olisthops cyanomelas</i><br>(Herring Cale),2,6,22.5,16.666666666666668,10.758287072798382,0.5,0.3843530573929037
m1_fish,M1 fish,region,Southern Yorke,Southern Yorke,Bloom 2026-04,12,Labridae__Ophthalmolepis__lineolatus,Labridae Ophthalmolepis lineolatus,Actinopterygii,Labridae,Ophthalmolepis,lineolatus,Southern Maori Wrasse,<i>Ophthalmolepis lineolatus</i><br>(Southern Maori Wrasse),0,0,0,0,0,0,0
m1_fish,M1 fish,region,Southern Yorke,Southern Yorke,Bloom 2026-04,12,Labridae__Pictilabrus__laticlavius,Labridae Pictilabrus laticlavius,Actinopterygii,Labridae,Pictilabrus,laticlavius,Senator Wrasse,<i>Pictilabrus laticlavius</i><br>(Senator Wrasse),7,11,25.5,58.333333333333336,14.231876063832777,0.9166666666666666,0.3417498051103019
m1_fish,M1 fish,region,Southern Yorke,Southern Yorke,Bloom 2026-04,12,Labridae__Pseudolabrus__rubicundus,Labridae Pseudolabrus rubicundus,Actinopterygii,Labridae,Pseudolabrus,rubicundus,Rosy Wrasse,<i>Pseudolabrus rubicundus</i><br>(Rosy Wrasse),0,0,0,0,0,0,0
m1_fish,M1 fish,region,Southern Yorke,Southern Yorke,Bloom 2026-04,12,Labridae__Siphonognathus__argyrophanes,Labridae Siphonognathus argyrophanes,Actinopterygii,Labridae,Siphonognathus,argyrophanes,Tubemouth,<i>Siphonognathus argyrophanes</i><br>(Tubemouth),0,0,0,0,0,0,0
m1_fish,M1 fish,region,Southern Yorke,Southern Yorke,Bloom 2026-04,12,Labridae__Siphonognathus__attenuatus,Labridae Siphonognathus attenuatus,Actinopterygii,Labridae,Siphonognathus,attenuatus,Slender Weed Whiting,<i>Siphonognathus attenuatus</i><br>(Slender Weed Whiting),0,0,0,0,0,0,0
m1_fish,M1 fish,region,Southern Yorke,Southern Yorke,Bloom 2026-04,12,Labridae__Siphonognathus__beddomei,Labridae Siphonognathus beddomei,Actinopterygii,Labridae,Siphonognathus,beddomei,Pencil Weed Whiting,<i>Siphonognathus beddomei</i><br>(Pencil Weed Whiting),5,6.5,10.75,41.666666666666664,14.231876063832773,0.5416666666666666,0.23402225138096194
m1_fish,M1 fish,region,Southern Yorke,Southern Yorke,Bloom 2026-04,12,Labridae__Siphonognathus__caninis,Labridae Siphonognathus caninis,Actinopterygii,Labridae,Siphonognathus,caninis,Sharpnose Weed Whiting,<i>Siphonognathus caninis</i><br>(Sharpnose Weed Whiting),0,0,0,0,0,0,0
m1_fish,M1 fish,region,Southern Yorke,Southern Yorke,Bloom 2026-04,12,Labridae__Siphonognathus__radiatus,Labridae Siphonognathus radiatus,Actinopterygii,Labridae,Siphonognathus,radiatus,Longray Weed Whiting,<i>Siphonognathus radiatus</i><br>(Longray Weed Whiting),0,0,0,0,0,0,0
m1_fish,M1 fish,region,Southern Yorke,Southern Yorke,Bloom 2026-04,12,Labridae__Siphonognathus__spp,Labridae Siphonognathus spp,Actinopterygii,Labridae,Siphonognathus,spp,NA,<i>Siphonognathus spp</i>,0,0,0,0,0,0,0
m1_fish,M1 fish,region,Southern Yorke,Southern Yorke,Bloom 2026-04,12,Labridae__Siphonognathus__tanyourus,Labridae Siphonognathus tanyourus,Actinopterygii,Labridae,Siphonognathus,tanyourus,Longtail Weed Whiting,<i>Siphonognathus tanyourus</i><br>(Longtail Weed Whiting),0,0,0,0,0,0,0
m1_fish,M1 fish,region,Southern Yorke,Southern Yorke,Bloom 2026-04,12,Microcanthidae__Neatypus__obliquus,Microcanthidae Neatypus obliquus,Actinopterygii,Microcanthidae,Neatypus,obliquus,Footballer Sweep,<i>Neatypus obliquus</i><br>(Footballer Sweep),0,0,0,0,0,0,0
m1_fish,M1 fish,region,Southern Yorke,Southern Yorke,Bloom 2026-04,12,Microcanthidae__Tilodon__sexfasciatus,Microcanthidae Tilodon sexfasciatus,Actinopterygii,Microcanthidae,Tilodon,sexfasciatus,Moonlighter,<i>Tilodon sexfasciatus</i><br>(Moonlighter),11,15.5,35.75,91.66666666666667,7.978559231302819,1.2916666666666667,0.3451961088067963
m1_fish,M1 fish,region,Southern Yorke,Southern Yorke,Bloom 2026-04,12,Monacanthidae__Acanthaluteres__brownii,Monacanthidae Acanthaluteres brownii,Actinopterygii,Monacanthidae,Acanthaluteres,brownii,Spinytail Leatherjacket,<i>Acanthaluteres brownii</i><br>(Spinytail Leatherjacket),0,0,0,0,0,0,0
m1_fish,M1 fish,region,Southern Yorke,Southern Yorke,Bloom 2026-04,12,Monacanthidae__Acanthaluteres__spilomelanurus,Monacanthidae Acanthaluteres spilomelanurus,Actinopterygii,Monacanthidae,Acanthaluteres,spilomelanurus,Bridled Leatherjacket,<i>Acanthaluteres spilomelanurus</i><br>(Bridled Leatherjacket),0,0,0,0,0,0,0
m1_fish,M1 fish,region,Southern Yorke,Southern Yorke,Bloom 2026-04,12,Monacanthidae__Acanthaluteres__vittiger,Monacanthidae Acanthaluteres vittiger,Actinopterygii,Monacanthidae,Acanthaluteres,vittiger,Toothbrush Leatherjacket,<i>Acanthaluteres vittiger</i><br>(Toothbrush Leatherjacket),1,0.5,0.25,8.333333333333334,7.9785592313028175,0.041666666666666664,0.041666666666666664
m1_fish,M1 fish,region,Southern Yorke,Southern Yorke,Bloom 2026-04,12,Monacanthidae__Brachaluteres__jacksonianus,Monacanthidae Brachaluteres jacksonianus,Actinopterygii,Monacanthidae,Brachaluteres,jacksonianus,Southern Pygmy Leatherjacket,<i>Brachaluteres jacksonianus</i><br>(Southern Pygmy Leatherjacket),0,0,0,0,0,0,0
m1_fish,M1 fish,region,Southern Yorke,Southern Yorke,Bloom 2026-04,12,Monacanthidae__Eubalichthys__gunnii,Monacanthidae Eubalichthys gunnii,Actinopterygii,Monacanthidae,Eubalichthys,gunnii,Gunn's Leatherjacket,<i>Eubalichthys gunnii</i><br>(Gunn's Leatherjacket),0,0,0,0,0,0,0
m1_fish,M1 fish,region,Southern Yorke,Southern Yorke,Bloom 2026-04,12,Monacanthidae__Eubalichthys__mosaicus,Monacanthidae Eubalichthys mosaicus,Actinopterygii,Monacanthidae,Eubalichthys,mosaicus,Mosaic Leatherjacket,<i>Eubalichthys mosaicus</i><br>(Mosaic Leatherjacket),0,0,0,0,0,0,0
m1_fish,M1 fish,region,Southern Yorke,Southern Yorke,Bloom 2026-04,12,Monacanthidae__Meuschenia__flavolineata,Monacanthidae Meuschenia flavolineata,Actinopterygii,Monacanthidae,Meuschenia,flavolineata,Yellowstriped Leatherjacket,<i>Meuschenia flavolineata</i><br>(Yellowstriped Leatherjacket),1,0.5,0.25,8.333333333333334,7.9785592313028175,0.041666666666666664,0.041666666666666664
m1_fish,M1 fish,region,Southern Yorke,Southern Yorke,Bloom 2026-04,12,Monacanthidae__Meuschenia__freycineti,Monacanthidae Meuschenia freycineti,Actinopterygii,Monacanthidae,Meuschenia,freycineti,Sixspine Leatherjacket,<i>Meuschenia freycineti</i><br>(Sixspine Leatherjacket),0,0,0,0,0,0,0
m1_fish,M1 fish,region,Southern Yorke,Southern Yorke,Bloom 2026-04,12,Monacanthidae__Meuschenia__galii,Monacanthidae Meuschenia galii,Actinopterygii,Monacanthidae,Meuschenia,galii,Bluelined Leatherjacket,<i>Meuschenia galii</i><br>(Bluelined Leatherjacket),0,0,0,0,0,0,0
m1_fish,M1 fish,region,Southern Yorke,Southern Yorke,Bloom 2026-04,12,Monacanthidae__Meuschenia__hippocrepis,Monacanthidae Meuschenia hippocrepis,Actinopterygii,Monacanthidae,Meuschenia,hippocrepis,Horseshoe Leatherjacket,<i>Meuschenia hippocrepis</i><br>(Horseshoe Leatherjacket),7,28.5,251.75,58.333333333333336,14.231876063832777,2.375,1.1808526067159606
m1_fish,M1 fish,region,Southern Yorke,Southern Yorke,Bloom 2026-04,12,Monacanthidae__Meuschenia__venusta,Monacanthidae Meuschenia venusta,Actinopterygii,Monacanthidae,Meuschenia,venusta,Stars-and-stripes Leatherjacket,<i>Meuschenia venusta</i><br>(Stars-and-stripes Leatherjacket),0,0,0,0,0,0,0
m1_fish,M1 fish,region,Southern Yorke,Southern Yorke,Bloom 2026-04,12,Monacanthidae__Scobinichthys__granulatus,Monacanthidae Scobinichthys granulatus,Actinopterygii,Monacanthidae,Scobinichthys,granulatus,Rough Leatherjacket,<i>Scobinichthys granulatus</i><br>(Rough Leatherjacket),0,0,0,0,0,0,0
m1_fish,M1 fish,region,Southern Yorke,Southern Yorke,Bloom 2026-04,12,Monacanthidae__Thamnaconus__degeni,Monacanthidae Thamnaconus degeni,Actinopterygii,Monacanthidae,Thamnaconus,degeni,Bluefin Leatherjacket,<i>Thamnaconus degeni</i><br>(Bluefin Leatherjacket),0,0,0,0,0,0,0
m1_fish,M1 fish,region,Southern Yorke,Southern Yorke,Bloom 2026-04,12,Mullidae__Upeneichthys__vlamingii,Mullidae Upeneichthys vlamingii,Actinopterygii,Mullidae,Upeneichthys,vlamingii,Bluespotted Goatfish,<i>Upeneichthys vlamingii</i><br>(Bluespotted Goatfish),0,0,0,0,0,0,0
m1_fish,M1 fish,region,Southern Yorke,Southern Yorke,Bloom 2026-04,12,Myliobatidae__Myliobatis__tenuicaudatus,Myliobatidae Myliobatis tenuicaudatus,Elasmobranchii,Myliobatidae,Myliobatis,tenuicaudatus,Southern Eagle Ray,<i>Myliobatis tenuicaudatus</i><br>(Southern Eagle Ray),0,0,0,0,0,0,0
m1_fish,M1 fish,region,Southern Yorke,Southern Yorke,Bloom 2026-04,12,Ophiclinidae__Ophiclinus__spp,Ophiclinidae Ophiclinus spp,Actinopterygii,Ophiclinidae,Ophiclinus,spp,NA,<i>Ophiclinus spp</i>,0,0,0,0,0,0,0
m1_fish,M1 fish,region,Southern Yorke,Southern Yorke,Bloom 2026-04,12,Parascylliidae__Parascyllium__ferrugineum,Parascylliidae Parascyllium ferrugineum,Elasmobranchii,Parascylliidae,Parascyllium,ferrugineum,Rusty Carpetshark,<i>Parascyllium ferrugineum</i><br>(Rusty Carpetshark),0,0,0,0,0,0,0
m1_fish,M1 fish,region,Southern Yorke,Southern Yorke,Bloom 2026-04,12,Parascylliidae__Parascyllium__variolatum,Parascylliidae Parascyllium variolatum,Elasmobranchii,Parascylliidae,Parascyllium,variolatum,Varied Carpetshark,<i>Parascyllium variolatum</i><br>(Varied Carpetshark),0,0,0,0,0,0,0
m1_fish,M1 fish,region,Southern Yorke,Southern Yorke,Bloom 2026-04,12,Pataecidae__Aetapcus__maculatus,Pataecidae Aetapcus maculatus,Actinopterygii,Pataecidae,Aetapcus,maculatus,Warty Prowfish,<i>Aetapcus maculatus</i><br>(Warty Prowfish),0,0,0,0,0,0,0
m1_fish,M1 fish,region,Southern Yorke,Southern Yorke,Bloom 2026-04,12,Pempherididae__Parapriacanthus__elongatus,Pempherididae Parapriacanthus elongatus,Actinopterygii,Pempherididae,Parapriacanthus,elongatus,Elongate Bullseye,<i>Parapriacanthus elongatus</i><br>(Elongate Bullseye),0,0,0,0,0,0,0
m1_fish,M1 fish,region,Southern Yorke,Southern Yorke,Bloom 2026-04,12,Pempherididae__Pempheris__klunzingeri,Pempherididae Pempheris klunzingeri,Actinopterygii,Pempherididae,Pempheris,klunzingeri,Rough Bullseye,<i>Pempheris klunzingeri</i><br>(Rough Bullseye),3,4,6.5,25,12.5,0.3333333333333333,0.1978418917757666
m1_fish,M1 fish,region,Southern Yorke,Southern Yorke,Bloom 2026-04,12,Pempherididae__Pempheris__multiradiata,Pempherididae Pempheris multiradiata,Actinopterygii,Pempherididae,Pempheris,multiradiata,Bigscale Bullseye,<i>Pempheris multiradiata</i><br>(Bigscale Bullseye),2,1,0.5,16.666666666666668,10.758287072798382,0.08333333333333333,0.056183321871936844
m1_fish,M1 fish,region,Southern Yorke,Southern Yorke,Bloom 2026-04,12,Pempherididae__Pempheris__ornata,Pempherididae Pempheris ornata,Actinopterygii,Pempherididae,Pempheris,ornata,Orangelined Bullseye,<i>Pempheris ornata</i><br>(Orangelined Bullseye),0,0,0,0,0,0,0
m1_fish,M1 fish,region,Southern Yorke,Southern Yorke,Bloom 2026-04,12,Pempherididae__Pempheris__spp,Pempherididae Pempheris spp,Actinopterygii,Pempherididae,Pempheris,spp,NA,<i>Pempheris spp</i>,0,0,0,0,0,0,0
m1_fish,M1 fish,region,Southern Yorke,Southern Yorke,Bloom 2026-04,12,Pentacerotidae__Pentaceropsis__recurvirostris,Pentacerotidae Pentaceropsis recurvirostris,Actinopterygii,Pentacerotidae,Pentaceropsis,recurvirostris,Longsnout Boarfish,<i>Pentaceropsis recurvirostris</i><br>(Longsnout Boarfish),0,0,0,0,0,0,0
m1_fish,M1 fish,region,Southern Yorke,Southern Yorke,Bloom 2026-04,12,Pinguipedidae__Parapercis__haackei,Pinguipedidae Parapercis haackei,Actinopterygii,Pinguipedidae,Parapercis,haackei,Wavy Grubfish,<i>Parapercis haackei</i><br>(Wavy Grubfish),0,0,0,0,0,0,0
m1_fish,M1 fish,region,Southern Yorke,Southern Yorke,Bloom 2026-04,12,Pinguipedidae__Parapercis__ramsayi,Pinguipedidae Parapercis ramsayi,Actinopterygii,Pinguipedidae,Parapercis,ramsayi,Spotted Grubfish,<i>Parapercis ramsayi</i><br>(Spotted Grubfish),0,0,0,0,0,0,0
m1_fish,M1 fish,region,Southern Yorke,Southern Yorke,Bloom 2026-04,12,Platycephalidae__Leviprora__inops,Platycephalidae Leviprora inops,Actinopterygii,Platycephalidae,Leviprora,inops,Longhead Flathead,<i>Leviprora inops</i><br>(Longhead Flathead),0,0,0,0,0,0,0
m1_fish,M1 fish,region,Southern Yorke,Southern Yorke,Bloom 2026-04,12,Platycephalidae__Platycephalus__laevigatus,Platycephalidae Platycephalus laevigatus,Actinopterygii,Platycephalidae,Platycephalus,laevigatus,Rock Flathead,<i>Platycephalus laevigatus</i><br>(Rock Flathead),0,0,0,0,0,0,0
m1_fish,M1 fish,region,Southern Yorke,Southern Yorke,Bloom 2026-04,12,Platycephalidae__Platycephalus__speculator,Platycephalidae Platycephalus speculator,Actinopterygii,Platycephalidae,Platycephalus,speculator,Southern Bluespotted Flathead,<i>Platycephalus speculator</i><br>(Southern Bluespotted Flathead),0,0,0,0,0,0,0
m1_fish,M1 fish,region,Southern Yorke,Southern Yorke,Bloom 2026-04,12,Plesiopidae__Paraplesiops__meleagris,Plesiopidae Paraplesiops meleagris,Actinopterygii,Plesiopidae,Paraplesiops,meleagris,Southern Blue Devil,<i>Paraplesiops meleagris</i><br>(Southern Blue Devil),0,0,0,0,0,0,0
m1_fish,M1 fish,region,Southern Yorke,Southern Yorke,Bloom 2026-04,12,Plesiopidae__Trachinops__caudimaculatus,Plesiopidae Trachinops caudimaculatus,Actinopterygii,Plesiopidae,Trachinops,caudimaculatus,Southern Hulafish,<i>Trachinops caudimaculatus</i><br>(Southern Hulafish),0,0,0,0,0,0,0
m1_fish,M1 fish,region,Southern Yorke,Southern Yorke,Bloom 2026-04,12,Plesiopidae__Trachinops__noarlungae,Plesiopidae Trachinops noarlungae,Actinopterygii,Plesiopidae,Trachinops,noarlungae,Yellowhead Hulafish,<i>Trachinops noarlungae</i><br>(Yellowhead Hulafish),5,165,18481.5,41.666666666666664,14.231876063832773,13.75,11.082592821012764
m1_fish,M1 fish,region,Southern Yorke,Southern Yorke,Bloom 2026-04,12,Plotosidae__Cnidoglanis__macrocephalus,Plotosidae Cnidoglanis macrocephalus,Actinopterygii,Plotosidae,Cnidoglanis,macrocephalus,Estuary Cobbler,<i>Cnidoglanis macrocephalus</i><br>(Estuary Cobbler),0,0,0,0,0,0,0
m1_fish,M1 fish,region,Southern Yorke,Southern Yorke,Bloom 2026-04,12,Pomacentridae__Parma__victoriae,Pomacentridae Parma victoriae,Actinopterygii,Pomacentridae,Parma,victoriae,Scalyfin,<i>Parma victoriae</i><br>(Scalyfin),9,12,20.5,75,12.5,1,0.2537596094612762
m1_fish,M1 fish,region,Southern Yorke,Southern Yorke,Bloom 2026-04,12,Scombridae__Scomber__australasicus,Scombridae Scomber australasicus,Actinopterygii,Scombridae,Scomber,australasicus,Blue Mackerel,<i>Scomber australasicus</i><br>(Blue Mackerel),0,0,0,0,0,0,0
m1_fish,M1 fish,region,Southern Yorke,Southern Yorke,Bloom 2026-04,12,Scorpididae__Scorpis__aequipinnis,Scorpididae Scorpis aequipinnis,Actinopterygii,Scorpididae,Scorpis,aequipinnis,Sea Sweep,<i>Scorpis aequipinnis</i><br>(Sea Sweep),12,116,1495.5,100,0,9.666666666666666,1.6836258371728448
m1_fish,M1 fish,region,Southern Yorke,Southern Yorke,Bloom 2026-04,12,Scorpididae__Scorpis__georgiana,Scorpididae Scorpis georgiana,Actinopterygii,Scorpididae,Scorpis,georgiana,Banded Sweep,<i>Scorpis georgiana</i><br>(Banded Sweep),0,0,0,0,0,0,0
m1_fish,M1 fish,region,Southern Yorke,Southern Yorke,Bloom 2026-04,12,Scorpididae__Scorpis__lineolata,Scorpididae Scorpis lineolata,Actinopterygii,Scorpididae,Scorpis,lineolata,Silver Sweep,<i>Scorpis lineolata</i><br>(Silver Sweep),0,0,0,0,0,0,0
m1_fish,M1 fish,region,Southern Yorke,Southern Yorke,Bloom 2026-04,12,Serranidae__Caesioperca__rasor,Serranidae Caesioperca rasor,Actinopterygii,Serranidae,Caesioperca,rasor,Barber Perch,<i>Caesioperca rasor</i><br>(Barber Perch),0,0,0,0,0,0,0
m1_fish,M1 fish,region,Southern Yorke,Southern Yorke,Bloom 2026-04,12,Serranidae__Hypoplectrodes__nigroruber,Serranidae Hypoplectrodes nigroruber,Actinopterygii,Serranidae,Hypoplectrodes,nigroruber,Banded Seaperch,<i>Hypoplectrodes nigroruber</i><br>(Banded Seaperch),0,0,0,0,0,0,0
m1_fish,M1 fish,region,Southern Yorke,Southern Yorke,Bloom 2026-04,12,Serranidae__Othos__dentex,Serranidae Othos dentex,Actinopterygii,Serranidae,Othos,dentex,Harlequin Fish,<i>Othos dentex</i><br>(Harlequin Fish),0,0,0,0,0,0,0
m1_fish,M1 fish,region,Southern Yorke,Southern Yorke,Bloom 2026-04,12,Sillaginidae__Sillaginidae__spp,Sillaginidae Unknown spp,Actinopterygii,Sillaginidae,Sillaginidae,spp,NA,<i>Sillaginidae spp</i>,0,0,0,0,0,0,0
m1_fish,M1 fish,region,Southern Yorke,Southern Yorke,Bloom 2026-04,12,Sillaginidae__Sillaginodes__punctatus,Sillaginidae Sillaginodes punctatus,Actinopterygii,Sillaginidae,Sillaginodes,punctatus,King George Whiting,<i>Sillaginodes punctatus</i><br>(King George Whiting),0,0,0,0,0,0,0
m1_fish,M1 fish,region,Southern Yorke,Southern Yorke,Bloom 2026-04,12,Sparidae__Acanthopagrus__butcheri,Sparidae Acanthopagrus butcheri,Actinopterygii,Sparidae,Acanthopagrus,butcheri,Black Bream,<i>Acanthopagrus butcheri</i><br>(Black Bream),0,0,0,0,0,0,0
m1_fish,M1 fish,region,Southern Yorke,Southern Yorke,Bloom 2026-04,12,Sparidae__Chrysophrys__auratus,Sparidae Chrysophrys auratus,Actinopterygii,Sparidae,Chrysophrys,auratus,Snapper,<i>Chrysophrys auratus</i><br>(Snapper),0,0,0,0,0,0,0
m1_fish,M1 fish,region,Southern Yorke,Southern Yorke,Bloom 2026-04,12,Sphyraenidae__Sphyraena__novaehollandiae,Sphyraenidae Sphyraena novaehollandiae,Actinopterygii,Sphyraenidae,Sphyraena,novaehollandiae,Snook,<i>Sphyraena novaehollandiae</i><br>(Snook),0,0,0,0,0,0,0
m1_fish,M1 fish,region,Southern Yorke,Southern Yorke,Bloom 2026-04,12,Syngnathidae__Phycodurus__eques,Syngnathidae Phycodurus eques,Actinopterygii,Syngnathidae,Phycodurus,eques,Leafy Seadragon,<i>Phycodurus eques</i><br>(Leafy Seadragon),0,0,0,0,0,0,0
m1_fish,M1 fish,region,Southern Yorke,Southern Yorke,Bloom 2026-04,12,Syngnathidae__Phyllopteryx__taeniolatus,Syngnathidae Phyllopteryx taeniolatus,Actinopterygii,Syngnathidae,Phyllopteryx,taeniolatus,Common Seadragon,<i>Phyllopteryx taeniolatus</i><br>(Common Seadragon),0,0,0,0,0,0,0
m1_fish,M1 fish,region,Southern Yorke,Southern Yorke,Bloom 2026-04,12,Syngnathidae__Pugnaso__curtirostris,Syngnathidae Pugnaso curtirostris,Actinopterygii,Syngnathidae,Pugnaso,curtirostris,Pugnose Pipefish,<i>Pugnaso curtirostris</i><br>(Pugnose Pipefish),0,0,0,0,0,0,0
m1_fish,M1 fish,region,Southern Yorke,Southern Yorke,Bloom 2026-04,12,Terapontidae__Helotes__octolineatus,Terapontidae Helotes octolineatus,Actinopterygii,Terapontidae,Helotes,octolineatus,NA,<i>Helotes octolineatus</i>,0,0,0,0,0,0,0
m1_fish,M1 fish,region,Southern Yorke,Southern Yorke,Bloom 2026-04,12,Tetraodontidae__Omegophora__armilla,Tetraodontidae Omegophora armilla,Actinopterygii,Tetraodontidae,Omegophora,armilla,Ringed Toadfish,<i>Omegophora armilla</i><br>(Ringed Toadfish),0,0,0,0,0,0,0
m1_fish,M1 fish,region,Southern Yorke,Southern Yorke,Bloom 2026-04,12,Tetraodontidae__Omegophora__cyanopunctata,Tetraodontidae Omegophora cyanopunctata,Actinopterygii,Tetraodontidae,Omegophora,cyanopunctata,Bluespotted Toadfish,<i>Omegophora cyanopunctata</i><br>(Bluespotted Toadfish),0,0,0,0,0,0,0
m1_fish,M1 fish,region,Southern Yorke,Southern Yorke,Bloom 2026-04,12,Tetraodontidae__Tetractenos__glaber,Tetraodontidae Tetractenos glaber,Actinopterygii,Tetraodontidae,Tetractenos,glaber,Smooth Toadfish,<i>Tetractenos glaber</i><br>(Smooth Toadfish),0,0,0,0,0,0,0
m1_fish,M1 fish,region,Southern Yorke,Southern Yorke,Bloom 2026-04,12,Tetraodontidae__Torquigener__pleurogramma,Tetraodontidae Torquigener pleurogramma,Actinopterygii,Tetraodontidae,Torquigener,pleurogramma,Weeping Toadfish,<i>Torquigener pleurogramma</i><br>(Weeping Toadfish),0,0,0,0,0,0,0
m1_fish,M1 fish,region,Southern Yorke,Southern Yorke,Bloom 2026-04,12,Trachichthyidae__Trachichthys__australis,Trachichthyidae Trachichthys australis,Actinopterygii,Trachichthyidae,Trachichthys,australis,Southern Roughy,<i>Trachichthys australis</i><br>(Southern Roughy),0,0,0,0,0,0,0
m1_fish,M1 fish,region,Southern Yorke,Southern Yorke,Bloom 2026-04,12,Tripterygiidae__Helcogramma__decurrens,Tripterygiidae Helcogramma decurrens,Actinopterygii,Tripterygiidae,Helcogramma,decurrens,Blackthroat Threefin,<i>Helcogramma decurrens</i><br>(Blackthroat Threefin),0,0,0,0,0,0,0
m1_fish,M1 fish,region,Southern Yorke,Southern Yorke,Bloom 2026-04,12,Tripterygiidae__Trinorfolkia__clarkei,Tripterygiidae Trinorfolkia clarkei,Actinopterygii,Tripterygiidae,Trinorfolkia,clarkei,Clark's Threefin,<i>Trinorfolkia clarkei</i><br>(Clark's Threefin),0,0,0,0,0,0,0
m1_fish,M1 fish,region,Southern Yorke,Southern Yorke,Bloom 2026-04,12,Tripterygiidae__Trinorfolkia__cristata,Tripterygiidae Trinorfolkia cristata,Actinopterygii,Tripterygiidae,Trinorfolkia,cristata,Crested Threefin,<i>Trinorfolkia cristata</i><br>(Crested Threefin),0,0,0,0,0,0,0
m1_fish,M1 fish,region,Southern Yorke,Southern Yorke,Bloom 2026-04,12,Tripterygiidae__Tripterygiidae__spp,Tripterygiidae Unknown spp,Actinopterygii,Tripterygiidae,Tripterygiidae,spp,NA,<i>Tripterygiidae spp</i>,0,0,0,0,0,0,0
m1_fish,M1 fish,region,Southern Yorke,Southern Yorke,Bloom 2026-04,12,Trygonorrhinidae__Aptychotrema__vincentiana,Trygonorrhinidae Aptychotrema vincentiana,Elasmobranchii,Trygonorrhinidae,Aptychotrema,vincentiana,Western Shovelnose Ray,<i>Aptychotrema vincentiana</i><br>(Western Shovelnose Ray),0,0,0,0,0,0,0
m1_fish,M1 fish,region,Southern Yorke,Southern Yorke,Bloom 2026-04,12,Trygonorrhinidae__Trygonorrhina__fasciata,Trygonorrhinidae Trygonorrhina fasciata,Elasmobranchii,Trygonorrhinidae,Trygonorrhina,fasciata,Eastern Fiddler Ray,<i>Trygonorrhina fasciata</i><br>(Eastern Fiddler Ray),0,0,0,0,0,0,0
m1_fish,M1 fish,region,Southern Yorke,Southern Yorke,Bloom 2026-04,12,Urolophidae__Urolophus__spp,Urolophidae Urolophus spp,Elasmobranchii,Urolophidae,Urolophus,spp,NA,<i>Urolophus spp</i>,0,0,0,0,0,0,0
m1_fish,M1 fish,region,Southern Yorke,Southern Yorke,Pre-bloom,12,Antennariidae__Rhycherus__filamentosus,Antennariidae Rhycherus filamentosus,Actinopterygii,Antennariidae,Rhycherus,filamentosus,Tasselled Anglerfish,<i>Rhycherus filamentosus</i><br>(Tasselled Anglerfish),0,0,0,0,0,0,0
m1_fish,M1 fish,region,Southern Yorke,Southern Yorke,Pre-bloom,12,Aplodactylidae__Aplodactylus__arctidens,Aplodactylidae Aplodactylus arctidens,Actinopterygii,Aplodactylidae,Aplodactylus,arctidens,Marblefish,<i>Aplodactylus arctidens</i><br>(Marblefish),0,0,0,0,0,0,0
m1_fish,M1 fish,region,Southern Yorke,Southern Yorke,Pre-bloom,12,Aplodactylidae__Aplodactylus__westralis,Aplodactylidae Aplodactylus westralis,Actinopterygii,Aplodactylidae,Aplodactylus,westralis,Western Seacarp,<i>Aplodactylus westralis</i><br>(Western Seacarp),0,0,0,0,0,0,0
m1_fish,M1 fish,region,Southern Yorke,Southern Yorke,Pre-bloom,12,Apogonidae__Ostorhinchus__victoriae,Apogonidae Ostorhinchus victoriae,Actinopterygii,Apogonidae,Ostorhinchus,victoriae,Western Striped Cardinalfish,<i>Ostorhinchus victoriae</i><br>(Western Striped Cardinalfish),0,0,0,0,0,0,0
m1_fish,M1 fish,region,Southern Yorke,Southern Yorke,Pre-bloom,12,Apogonidae__Siphamia__cephalotes,Apogonidae Siphamia cephalotes,Actinopterygii,Apogonidae,Siphamia,cephalotes,Wood's Siphonfish,<i>Siphamia cephalotes</i><br>(Wood's Siphonfish),1,2,4,8.333333333333334,7.9785592313028175,0.16666666666666666,0.16666666666666666
m1_fish,M1 fish,region,Southern Yorke,Southern Yorke,Pre-bloom,12,Apogonidae__Vincentia__conspersa,Apogonidae Vincentia conspersa,Actinopterygii,Apogonidae,Vincentia,conspersa,Southern Cardinalfish,<i>Vincentia conspersa</i><br>(Southern Cardinalfish),0,0,0,0,0,0,0
m1_fish,M1 fish,region,Southern Yorke,Southern Yorke,Pre-bloom,12,Aracanidae__Anoplocapros__amygdaloides,Aracanidae Anoplocapros amygdaloides,Actinopterygii,Aracanidae,Anoplocapros,amygdaloides,Western Smooth Boxfish,<i>Anoplocapros amygdaloides</i><br>(Western Smooth Boxfish),0,0,0,0,0,0,0
m1_fish,M1 fish,region,Southern Yorke,Southern Yorke,Pre-bloom,12,Aracanidae__Anoplocapros__lenticularis,Aracanidae Anoplocapros lenticularis,Actinopterygii,Aracanidae,Anoplocapros,lenticularis,Whitebarred Boxfish,<i>Anoplocapros lenticularis</i><br>(Whitebarred Boxfish),0,0,0,0,0,0,0
m1_fish,M1 fish,region,Southern Yorke,Southern Yorke,Pre-bloom,12,Aracanidae__Aracana__aurita,Aracanidae Aracana aurita,Actinopterygii,Aracanidae,Aracana,aurita,Shaw's Cowfish,<i>Aracana aurita</i><br>(Shaw's Cowfish),1,0.5,0.25,8.333333333333334,7.9785592313028175,0.041666666666666664,0.041666666666666664
m1_fish,M1 fish,region,Southern Yorke,Southern Yorke,Pre-bloom,12,Aracanidae__Aracana__ornata,Aracanidae Aracana ornata,Actinopterygii,Aracanidae,Aracana,ornata,Ornate Cowfish,<i>Aracana ornata</i><br>(Ornate Cowfish),0,0,0,0,0,0,0
m1_fish,M1 fish,region,Southern Yorke,Southern Yorke,Pre-bloom,12,Arripidae__Arripis__georgianus,Arripidae Arripis georgianus,Actinopterygii,Arripidae,Arripis,georgianus,Australian Herring,<i>Arripis georgianus</i><br>(Australian Herring),0,0,0,0,0,0,0
m1_fish,M1 fish,region,Southern Yorke,Southern Yorke,Pre-bloom,12,Arripidae__Arripis__spp,Arripidae Arripis spp,Actinopterygii,Arripidae,Arripis,spp,NA,<i>Arripis spp</i>,0,0,0,0,0,0,0
m1_fish,M1 fish,region,Southern Yorke,Southern Yorke,Pre-bloom,12,Arripidae__Arripis__truttaceus,Arripidae Arripis truttaceus,Actinopterygii,Arripidae,Arripis,truttaceus,Western Australian Salmon,<i>Arripis truttaceus</i><br>(Western Australian Salmon),0,0,0,0,0,0,0
m1_fish,M1 fish,region,Southern Yorke,Southern Yorke,Pre-bloom,12,Atherinidae__Atherinidae__spp,Atherinidae Unknown spp,Actinopterygii,Atherinidae,Atherinidae,spp,NA,<i>Atherinidae spp</i>,0,0,0,0,0,0,0
m1_fish,M1 fish,region,Southern Yorke,Southern Yorke,Pre-bloom,12,Berycidae__Centroberyx__gerrardi,Berycidae Centroberyx gerrardi,Actinopterygii,Berycidae,Centroberyx,gerrardi,Bight Redfish,<i>Centroberyx gerrardi</i><br>(Bight Redfish),0,0,0,0,0,0,0
m1_fish,M1 fish,region,Southern Yorke,Southern Yorke,Pre-bloom,12,Berycidae__Centroberyx__lineatus,Berycidae Centroberyx lineatus,Actinopterygii,Berycidae,Centroberyx,lineatus,Swallowtail,<i>Centroberyx lineatus</i><br>(Swallowtail),0,0,0,0,0,0,0
m1_fish,M1 fish,region,Southern Yorke,Southern Yorke,Pre-bloom,12,Bovichtidae__Bovichtus__angustifrons,Bovichtidae Bovichtus angustifrons,Actinopterygii,Bovichtidae,Bovichtus,angustifrons,Dragonet,<i>Bovichtus angustifrons</i><br>(Dragonet),0,0,0,0,0,0,0
m1_fish,M1 fish,region,Southern Yorke,Southern Yorke,Pre-bloom,12,Callionymidae__Eocallionymus__papilio,Callionymidae Eocallionymus papilio,Actinopterygii,Callionymidae,Eocallionymus,papilio,Painted Stinkfish,<i>Eocallionymus papilio</i><br>(Painted Stinkfish),0,0,0,0,0,0,0
m1_fish,M1 fish,region,Southern Yorke,Southern Yorke,Pre-bloom,12,Carangidae__Pseudocaranx__spp,Carangidae Pseudocaranx spp,Actinopterygii,Carangidae,Pseudocaranx,spp,NA,<i>Pseudocaranx spp</i>,0,0,0,0,0,0,0
m1_fish,M1 fish,region,Southern Yorke,Southern Yorke,Pre-bloom,12,Carangidae__Seriola__lalandi,Carangidae Seriola lalandi,Actinopterygii,Carangidae,Seriola,lalandi,Yellowtail Kingfish,<i>Seriola lalandi</i><br>(Yellowtail Kingfish),0,0,0,0,0,0,0
m1_fish,M1 fish,region,Southern Yorke,Southern Yorke,Pre-bloom,12,Carangidae__Trachurus__novaezelandiae,Carangidae Trachurus novaezelandiae,Actinopterygii,Carangidae,Trachurus,novaezelandiae,Yellowtail Scad,<i>Trachurus novaezelandiae</i><br>(Yellowtail Scad),0,0,0,0,0,0,0
m1_fish,M1 fish,region,Southern Yorke,Southern Yorke,Pre-bloom,12,Chaetodontidae__Chelmonops__curiosus,Chaetodontidae Chelmonops curiosus,Actinopterygii,Chaetodontidae,Chelmonops,curiosus,Western Talma,<i>Chelmonops curiosus</i><br>(Western Talma),7,8,17.5,58.333333333333336,14.231876063832777,0.6666666666666666,0.30359795317445276
m1_fish,M1 fish,region,Southern Yorke,Southern Yorke,Pre-bloom,12,Cheilodactylidae__Cheilodactylus__nigripes,Cheilodactylidae Cheilodactylus nigripes,Actinopterygii,Cheilodactylidae,Cheilodactylus,nigripes,Magpie Perch,<i>Cheilodactylus nigripes</i><br>(Magpie Perch),10,13.5,21.75,83.33333333333333,10.75828707279838,1.125,0.22297064625396118
m1_fish,M1 fish,region,Southern Yorke,Southern Yorke,Pre-bloom,12,Cheilodactylidae__Cheilodactylus__spectabilis,Cheilodactylidae Cheilodactylus spectabilis,Actinopterygii,Cheilodactylidae,Cheilodactylus,spectabilis,Banded Morwong,<i>Cheilodactylus spectabilis</i><br>(Banded Morwong),0,0,0,0,0,0,0
m1_fish,M1 fish,region,Southern Yorke,Southern Yorke,Pre-bloom,12,Cheilodactylidae__Dactylophora__nigricans,Cheilodactylidae Dactylophora nigricans,Actinopterygii,Cheilodactylidae,Dactylophora,nigricans,Dusky Morwong,<i>Dactylophora nigricans</i><br>(Dusky Morwong),2,1,0.5,16.666666666666668,10.758287072798382,0.08333333333333333,0.056183321871936844
m1_fish,M1 fish,region,Southern Yorke,Southern Yorke,Pre-bloom,12,Cheilodactylidae__Nemadactylus__valenciennesi,Cheilodactylidae Nemadactylus valenciennesi,Actinopterygii,Cheilodactylidae,Nemadactylus,valenciennesi,Blue Morwong,<i>Nemadactylus valenciennesi</i><br>(Blue Morwong),0,0,0,0,0,0,0
m1_fish,M1 fish,region,Southern Yorke,Southern Yorke,Pre-bloom,12,Chironemidae__Chironemus__georgianus,Chironemidae Chironemus georgianus,Actinopterygii,Chironemidae,Chironemus,georgianus,Western Kelpfish,<i>Chironemus georgianus</i><br>(Western Kelpfish),0,0,0,0,0,0,0
m1_fish,M1 fish,region,Southern Yorke,Southern Yorke,Pre-bloom,12,Chironemidae__Chironemus__maculosus,Chironemidae Chironemus maculosus,Actinopterygii,Chironemidae,Chironemus,maculosus,Silver Spot,<i>Chironemus maculosus</i><br>(Silver Spot),0,0,0,0,0,0,0
m1_fish,M1 fish,region,Southern Yorke,Southern Yorke,Pre-bloom,12,Clinidae__Heteroclinus__spp,Clinidae Heteroclinus spp,Actinopterygii,Clinidae,Heteroclinus,spp,NA,<i>Heteroclinus spp</i>,0,0,0,0,0,0,0
m1_fish,M1 fish,region,Southern Yorke,Southern Yorke,Pre-bloom,12,Clupeidae__Clupeidae__spp,Clupeidae Unknown spp,Actinopterygii,Clupeidae,Clupeidae,spp,NA,<i>Clupeidae spp</i>,0,0,0,0,0,0,0
m1_fish,M1 fish,region,Southern Yorke,Southern Yorke,Pre-bloom,12,Clupeidae__Hyperlophus__vittatus,Clupeidae Hyperlophus vittatus,Actinopterygii,Clupeidae,Hyperlophus,vittatus,Sandy Sprat,<i>Hyperlophus vittatus</i><br>(Sandy Sprat),0,0,0,0,0,0,0
m1_fish,M1 fish,region,Southern Yorke,Southern Yorke,Pre-bloom,12,Clupeidae__Spratelloides__robustus,Clupeidae Spratelloides robustus,Actinopterygii,Clupeidae,Spratelloides,robustus,Blue Sprat,<i>Spratelloides robustus</i><br>(Blue Sprat),0,0,0,0,0,0,0
m1_fish,M1 fish,region,Southern Yorke,Southern Yorke,Pre-bloom,12,Dasyatidae__Bathytoshia__lata,Dasyatidae Bathytoshia lata,Elasmobranchii,Dasyatidae,Bathytoshia,lata,Black Stingray,<i>Bathytoshia lata</i><br>(Black Stingray),0,0,0,0,0,0,0
m1_fish,M1 fish,region,Southern Yorke,Southern Yorke,Pre-bloom,12,Dinolestidae__Dinolestes__lewini,Dinolestidae Dinolestes lewini,Actinopterygii,Dinolestidae,Dinolestes,lewini,Longfin Pike,<i>Dinolestes lewini</i><br>(Longfin Pike),1,0.5,0.25,8.333333333333334,7.9785592313028175,0.041666666666666664,0.041666666666666664
m1_fish,M1 fish,region,Southern Yorke,Southern Yorke,Pre-bloom,12,Diodontidae__Diodon__nicthemerus,Diodontidae Diodon nicthemerus,Actinopterygii,Diodontidae,Diodon,nicthemerus,Globefish,<i>Diodon nicthemerus</i><br>(Globefish),0,0,0,0,0,0,0
m1_fish,M1 fish,region,Southern Yorke,Southern Yorke,Pre-bloom,12,Enoplosidae__Enoplosus__armatus,Enoplosidae Enoplosus armatus,Actinopterygii,Enoplosidae,Enoplosus,armatus,Old Wife,<i>Enoplosus armatus</i><br>(Old Wife),7,13,29,58.333333333333336,14.231876063832777,1.0833333333333333,0.3361622383686938
m1_fish,M1 fish,region,Southern Yorke,Southern Yorke,Pre-bloom,12,Gerreidae__Parequula__melbournensis,Gerreidae Parequula melbournensis,Actinopterygii,Gerreidae,Parequula,melbournensis,Silverbelly,<i>Parequula melbournensis</i><br>(Silverbelly),0,0,0,0,0,0,0
m1_fish,M1 fish,region,Southern Yorke,Southern Yorke,Pre-bloom,12,Girellidae__Girella__tricuspidata,Girellidae Girella tricuspidata,Actinopterygii,Girellidae,Girella,tricuspidata,Luderick,<i>Girella tricuspidata</i><br>(Luderick),0,0,0,0,0,0,0
m1_fish,M1 fish,region,Southern Yorke,Southern Yorke,Pre-bloom,12,Girellidae__Girella__zebra,Girellidae Girella zebra,Actinopterygii,Girellidae,Girella,zebra,Zebrafish,<i>Girella zebra</i><br>(Zebrafish),7,26,124.5,58.333333333333336,14.231876063832777,2.1666666666666665,0.7186196082867079
m1_fish,M1 fish,region,Southern Yorke,Southern Yorke,Pre-bloom,12,Gobiesocidae__Gobiesocidae__spp,Gobiesocidae Unknown spp,Actinopterygii,Gobiesocidae,Gobiesocidae,spp,NA,<i>Gobiesocidae spp</i>,0,0,0,0,0,0,0
m1_fish,M1 fish,region,Southern Yorke,Southern Yorke,Pre-bloom,12,Gobiidae__Gobiidae__spp,Gobiidae Unknown spp,Actinopterygii,Gobiidae,Gobiidae,spp,NA,<i>Gobiidae spp</i>,0,0,0,0,0,0,0
m1_fish,M1 fish,region,Southern Yorke,Southern Yorke,Pre-bloom,12,Gobiidae__Nesogobius__pulchellus,Gobiidae Nesogobius pulchellus,Actinopterygii,Gobiidae,Nesogobius,pulchellus,Sailfin Goby,<i>Nesogobius pulchellus</i><br>(Sailfin Goby),0,0,0,0,0,0,0
m1_fish,M1 fish,region,Southern Yorke,Southern Yorke,Pre-bloom,12,Heterodontidae__Heterodontus__portusjacksoni,Heterodontidae Heterodontus portusjacksoni,Elasmobranchii,Heterodontidae,Heterodontus,portusjacksoni,Port Jackson Shark,<i>Heterodontus portusjacksoni</i><br>(Port Jackson Shark),0,0,0,0,0,0,0
m1_fish,M1 fish,region,Southern Yorke,Southern Yorke,Pre-bloom,12,Hypnidae__Hypnos__monopterygius,Hypnidae Hypnos monopterygius,Elasmobranchii,Hypnidae,Hypnos,monopterygius,Coffin Ray,<i>Hypnos monopterygius</i><br>(Coffin Ray),0,0,0,0,0,0,0
m1_fish,M1 fish,region,Southern Yorke,Southern Yorke,Pre-bloom,12,Kyphosidae__Kyphosus__sydneyanus,Kyphosidae Kyphosus sydneyanus,Actinopterygii,Kyphosidae,Kyphosus,sydneyanus,Silver Drummer,<i>Kyphosus sydneyanus</i><br>(Silver Drummer),4,38.5,674.25,33.333333333333336,13.608276348795433,3.2083333333333335,2.0425940998068257
m1_fish,M1 fish,region,Southern Yorke,Southern Yorke,Pre-bloom,12,Labridae__Achoerodus__gouldii,Labridae Achoerodus gouldii,Actinopterygii,Labridae,Achoerodus,gouldii,Western Blue Groper,<i>Achoerodus gouldii</i><br>(Western Blue Groper),3,2.5,2.75,25,12.5,0.20833333333333334,0.12995239998794275
m1_fish,M1 fish,region,Southern Yorke,Southern Yorke,Pre-bloom,12,Labridae__Austrolabrus__maculatus,Labridae Austrolabrus maculatus,Actinopterygii,Labridae,Austrolabrus,maculatus,Blackspotted Wrasse,<i>Austrolabrus maculatus</i><br>(Blackspotted Wrasse),0,0,0,0,0,0,0
m1_fish,M1 fish,region,Southern Yorke,Southern Yorke,Pre-bloom,12,Labridae__Dotalabrus__aurantiacus,Labridae Dotalabrus aurantiacus,Actinopterygii,Labridae,Dotalabrus,aurantiacus,Castelnau's Wrasse,<i>Dotalabrus aurantiacus</i><br>(Castelnau's Wrasse),3,3.5,4.75,25,12.5,0.2916666666666667,0.1680811191843469
m1_fish,M1 fish,region,Southern Yorke,Southern Yorke,Pre-bloom,12,Labridae__Eupetrichthys__angustipes,Labridae Eupetrichthys angustipes,Actinopterygii,Labridae,Eupetrichthys,angustipes,Snakeskin Wrasse,<i>Eupetrichthys angustipes</i><br>(Snakeskin Wrasse),0,0,0,0,0,0,0
m1_fish,M1 fish,region,Southern Yorke,Southern Yorke,Pre-bloom,12,Labridae__Haletta__semifasciata,Labridae Haletta semifasciata,Actinopterygii,Labridae,Haletta,semifasciata,Blue Weed Whiting,<i>Haletta semifasciata</i><br>(Blue Weed Whiting),0,0,0,0,0,0,0
m1_fish,M1 fish,region,Southern Yorke,Southern Yorke,Pre-bloom,12,Labridae__Heteroscarus__acroptilus,Labridae Heteroscarus acroptilus,Actinopterygii,Labridae,Heteroscarus,acroptilus,Rainbow Cale,<i>Heteroscarus acroptilus</i><br>(Rainbow Cale),1,0.5,0.25,8.333333333333334,7.9785592313028175,0.041666666666666664,0.041666666666666664
m1_fish,M1 fish,region,Southern Yorke,Southern Yorke,Pre-bloom,12,Labridae__Neoodax__balteatus,Labridae Neoodax balteatus,Actinopterygii,Labridae,Neoodax,balteatus,Little Weed Whiting,<i>Neoodax balteatus</i><br>(Little Weed Whiting),4,16.5,86.75,33.333333333333336,13.608276348795433,1.375,0.696650536278391
m1_fish,M1 fish,region,Southern Yorke,Southern Yorke,Pre-bloom,12,Labridae__Notolabrus__fucicola,Labridae Notolabrus fucicola,Actinopterygii,Labridae,Notolabrus,fucicola,Purple Wrasse,<i>Notolabrus fucicola</i><br>(Purple Wrasse),0,0,0,0,0,0,0
m1_fish,M1 fish,region,Southern Yorke,Southern Yorke,Pre-bloom,12,Labridae__Notolabrus__parilus,Labridae Notolabrus parilus,Actinopterygii,Labridae,Notolabrus,parilus,Brownspotted Wrasse,<i>Notolabrus parilus</i><br>(Brownspotted Wrasse),7,7,8,58.333333333333336,14.231876063832777,0.5833333333333334,0.1722548030439708
m1_fish,M1 fish,region,Southern Yorke,Southern Yorke,Pre-bloom,12,Labridae__Notolabrus__tetricus,Labridae Notolabrus tetricus,Actinopterygii,Labridae,Notolabrus,tetricus,Bluethroat Wrasse,<i>Notolabrus tetricus</i><br>(Bluethroat Wrasse),12,92.5,955.75,100,0,7.708333333333333,1.3560447349672224
m1_fish,M1 fish,region,Southern Yorke,Southern Yorke,Pre-bloom,12,Labridae__Olisthops__cyanomelas,Labridae Olisthops cyanomelas,Actinopterygii,Labridae,Olisthops,cyanomelas,Herring Cale,<i>Olisthops cyanomelas</i><br>(Herring Cale),9,17.5,69.75,75,12.5,1.4583333333333333,0.578851832893742
m1_fish,M1 fish,region,Southern Yorke,Southern Yorke,Pre-bloom,12,Labridae__Ophthalmolepis__lineolatus,Labridae Ophthalmolepis lineolatus,Actinopterygii,Labridae,Ophthalmolepis,lineolatus,Southern Maori Wrasse,<i>Ophthalmolepis lineolatus</i><br>(Southern Maori Wrasse),0,0,0,0,0,0,0
m1_fish,M1 fish,region,Southern Yorke,Southern Yorke,Pre-bloom,12,Labridae__Pictilabrus__laticlavius,Labridae Pictilabrus laticlavius,Actinopterygii,Labridae,Pictilabrus,laticlavius,Senator Wrasse,<i>Pictilabrus laticlavius</i><br>(Senator Wrasse),3,1.5,0.75,25,12.5,0.125,0.0652791209833867
m1_fish,M1 fish,region,Southern Yorke,Southern Yorke,Pre-bloom,12,Labridae__Pseudolabrus__rubicundus,Labridae Pseudolabrus rubicundus,Actinopterygii,Labridae,Pseudolabrus,rubicundus,Rosy Wrasse,<i>Pseudolabrus rubicundus</i><br>(Rosy Wrasse),0,0,0,0,0,0,0
m1_fish,M1 fish,region,Southern Yorke,Southern Yorke,Pre-bloom,12,Labridae__Siphonognathus__argyrophanes,Labridae Siphonognathus argyrophanes,Actinopterygii,Labridae,Siphonognathus,argyrophanes,Tubemouth,<i>Siphonognathus argyrophanes</i><br>(Tubemouth),0,0,0,0,0,0,0
m1_fish,M1 fish,region,Southern Yorke,Southern Yorke,Pre-bloom,12,Labridae__Siphonognathus__attenuatus,Labridae Siphonognathus attenuatus,Actinopterygii,Labridae,Siphonognathus,attenuatus,Slender Weed Whiting,<i>Siphonognathus attenuatus</i><br>(Slender Weed Whiting),0,0,0,0,0,0,0
m1_fish,M1 fish,region,Southern Yorke,Southern Yorke,Pre-bloom,12,Labridae__Siphonognathus__beddomei,Labridae Siphonognathus beddomei,Actinopterygii,Labridae,Siphonognathus,beddomei,Pencil Weed Whiting,<i>Siphonognathus beddomei</i><br>(Pencil Weed Whiting),4,14.5,157.75,33.333333333333336,13.608276348795433,1.2083333333333333,1.0306998455986942
m1_fish,M1 fish,region,Southern Yorke,Southern Yorke,Pre-bloom,12,Labridae__Siphonognathus__caninis,Labridae Siphonognathus caninis,Actinopterygii,Labridae,Siphonognathus,caninis,Sharpnose Weed Whiting,<i>Siphonognathus caninis</i><br>(Sharpnose Weed Whiting),0,0,0,0,0,0,0
m1_fish,M1 fish,region,Southern Yorke,Southern Yorke,Pre-bloom,12,Labridae__Siphonognathus__radiatus,Labridae Siphonognathus radiatus,Actinopterygii,Labridae,Siphonognathus,radiatus,Longray Weed Whiting,<i>Siphonognathus radiatus</i><br>(Longray Weed Whiting),0,0,0,0,0,0,0
m1_fish,M1 fish,region,Southern Yorke,Southern Yorke,Pre-bloom,12,Labridae__Siphonognathus__spp,Labridae Siphonognathus spp,Actinopterygii,Labridae,Siphonognathus,spp,NA,<i>Siphonognathus spp</i>,0,0,0,0,0,0,0
m1_fish,M1 fish,region,Southern Yorke,Southern Yorke,Pre-bloom,12,Labridae__Siphonognathus__tanyourus,Labridae Siphonognathus tanyourus,Actinopterygii,Labridae,Siphonognathus,tanyourus,Longtail Weed Whiting,<i>Siphonognathus tanyourus</i><br>(Longtail Weed Whiting),0,0,0,0,0,0,0
m1_fish,M1 fish,region,Southern Yorke,Southern Yorke,Pre-bloom,12,Microcanthidae__Neatypus__obliquus,Microcanthidae Neatypus obliquus,Actinopterygii,Microcanthidae,Neatypus,obliquus,Footballer Sweep,<i>Neatypus obliquus</i><br>(Footballer Sweep),0,0,0,0,0,0,0
m1_fish,M1 fish,region,Southern Yorke,Southern Yorke,Pre-bloom,12,Microcanthidae__Tilodon__sexfasciatus,Microcanthidae Tilodon sexfasciatus,Actinopterygii,Microcanthidae,Tilodon,sexfasciatus,Moonlighter,<i>Tilodon sexfasciatus</i><br>(Moonlighter),10,18.5,54.25,83.33333333333333,10.75828707279838,1.5416666666666667,0.44149510675989295
m1_fish,M1 fish,region,Southern Yorke,Southern Yorke,Pre-bloom,12,Monacanthidae__Acanthaluteres__brownii,Monacanthidae Acanthaluteres brownii,Actinopterygii,Monacanthidae,Acanthaluteres,brownii,Spinytail Leatherjacket,<i>Acanthaluteres brownii</i><br>(Spinytail Leatherjacket),5,15.5,73.75,41.666666666666664,14.231876063832773,1.2916666666666667,0.6379961923194694
m1_fish,M1 fish,region,Southern Yorke,Southern Yorke,Pre-bloom,12,Monacanthidae__Acanthaluteres__spilomelanurus,Monacanthidae Acanthaluteres spilomelanurus,Actinopterygii,Monacanthidae,Acanthaluteres,spilomelanurus,Bridled Leatherjacket,<i>Acanthaluteres spilomelanurus</i><br>(Bridled Leatherjacket),0,0,0,0,0,0,0
m1_fish,M1 fish,region,Southern Yorke,Southern Yorke,Pre-bloom,12,Monacanthidae__Acanthaluteres__vittiger,Monacanthidae Acanthaluteres vittiger,Actinopterygii,Monacanthidae,Acanthaluteres,vittiger,Toothbrush Leatherjacket,<i>Acanthaluteres vittiger</i><br>(Toothbrush Leatherjacket),1,1.5,2.25,8.333333333333334,7.9785592313028175,0.125,0.125
m1_fish,M1 fish,region,Southern Yorke,Southern Yorke,Pre-bloom,12,Monacanthidae__Brachaluteres__jacksonianus,Monacanthidae Brachaluteres jacksonianus,Actinopterygii,Monacanthidae,Brachaluteres,jacksonianus,Southern Pygmy Leatherjacket,<i>Brachaluteres jacksonianus</i><br>(Southern Pygmy Leatherjacket),0,0,0,0,0,0,0
m1_fish,M1 fish,region,Southern Yorke,Southern Yorke,Pre-bloom,12,Monacanthidae__Eubalichthys__gunnii,Monacanthidae Eubalichthys gunnii,Actinopterygii,Monacanthidae,Eubalichthys,gunnii,Gunn's Leatherjacket,<i>Eubalichthys gunnii</i><br>(Gunn's Leatherjacket),0,0,0,0,0,0,0
m1_fish,M1 fish,region,Southern Yorke,Southern Yorke,Pre-bloom,12,Monacanthidae__Eubalichthys__mosaicus,Monacanthidae Eubalichthys mosaicus,Actinopterygii,Monacanthidae,Eubalichthys,mosaicus,Mosaic Leatherjacket,<i>Eubalichthys mosaicus</i><br>(Mosaic Leatherjacket),0,0,0,0,0,0,0
m1_fish,M1 fish,region,Southern Yorke,Southern Yorke,Pre-bloom,12,Monacanthidae__Meuschenia__flavolineata,Monacanthidae Meuschenia flavolineata,Actinopterygii,Monacanthidae,Meuschenia,flavolineata,Yellowstriped Leatherjacket,<i>Meuschenia flavolineata</i><br>(Yellowstriped Leatherjacket),3,3.5,4.25,25,12.5,0.2916666666666667,0.15640774865198923
m1_fish,M1 fish,region,Southern Yorke,Southern Yorke,Pre-bloom,12,Monacanthidae__Meuschenia__freycineti,Monacanthidae Meuschenia freycineti,Actinopterygii,Monacanthidae,Meuschenia,freycineti,Sixspine Leatherjacket,<i>Meuschenia freycineti</i><br>(Sixspine Leatherjacket),1,0.5,0.25,8.333333333333334,7.9785592313028175,0.041666666666666664,0.041666666666666664
m1_fish,M1 fish,region,Southern Yorke,Southern Yorke,Pre-bloom,12,Monacanthidae__Meuschenia__galii,Monacanthidae Meuschenia galii,Actinopterygii,Monacanthidae,Meuschenia,galii,Bluelined Leatherjacket,<i>Meuschenia galii</i><br>(Bluelined Leatherjacket),2,1.5,1.25,16.666666666666668,10.758287072798382,0.125,0.08971757032065918
m1_fish,M1 fish,region,Southern Yorke,Southern Yorke,Pre-bloom,12,Monacanthidae__Meuschenia__hippocrepis,Monacanthidae Meuschenia hippocrepis,Actinopterygii,Monacanthidae,Meuschenia,hippocrepis,Horseshoe Leatherjacket,<i>Meuschenia hippocrepis</i><br>(Horseshoe Leatherjacket),11,56,619,91.66666666666667,7.978559231302819,4.666666666666667,1.6460850402078135
m1_fish,M1 fish,region,Southern Yorke,Southern Yorke,Pre-bloom,12,Monacanthidae__Meuschenia__venusta,Monacanthidae Meuschenia venusta,Actinopterygii,Monacanthidae,Meuschenia,venusta,Stars-and-stripes Leatherjacket,<i>Meuschenia venusta</i><br>(Stars-and-stripes Leatherjacket),0,0,0,0,0,0,0
m1_fish,M1 fish,region,Southern Yorke,Southern Yorke,Pre-bloom,12,Monacanthidae__Scobinichthys__granulatus,Monacanthidae Scobinichthys granulatus,Actinopterygii,Monacanthidae,Scobinichthys,granulatus,Rough Leatherjacket,<i>Scobinichthys granulatus</i><br>(Rough Leatherjacket),0,0,0,0,0,0,0
m1_fish,M1 fish,region,Southern Yorke,Southern Yorke,Pre-bloom,12,Monacanthidae__Thamnaconus__degeni,Monacanthidae Thamnaconus degeni,Actinopterygii,Monacanthidae,Thamnaconus,degeni,Bluefin Leatherjacket,<i>Thamnaconus degeni</i><br>(Bluefin Leatherjacket),0,0,0,0,0,0,0
m1_fish,M1 fish,region,Southern Yorke,Southern Yorke,Pre-bloom,12,Mullidae__Upeneichthys__vlamingii,Mullidae Upeneichthys vlamingii,Actinopterygii,Mullidae,Upeneichthys,vlamingii,Bluespotted Goatfish,<i>Upeneichthys vlamingii</i><br>(Bluespotted Goatfish),4,4.5,6.25,33.333333333333336,13.608276348795433,0.375,0.1859150180576974
m1_fish,M1 fish,region,Southern Yorke,Southern Yorke,Pre-bloom,12,Myliobatidae__Myliobatis__tenuicaudatus,Myliobatidae Myliobatis tenuicaudatus,Elasmobranchii,Myliobatidae,Myliobatis,tenuicaudatus,Southern Eagle Ray,<i>Myliobatis tenuicaudatus</i><br>(Southern Eagle Ray),0,0,0,0,0,0,0
m1_fish,M1 fish,region,Southern Yorke,Southern Yorke,Pre-bloom,12,Ophiclinidae__Ophiclinus__spp,Ophiclinidae Ophiclinus spp,Actinopterygii,Ophiclinidae,Ophiclinus,spp,NA,<i>Ophiclinus spp</i>,0,0,0,0,0,0,0
m1_fish,M1 fish,region,Southern Yorke,Southern Yorke,Pre-bloom,12,Parascylliidae__Parascyllium__ferrugineum,Parascylliidae Parascyllium ferrugineum,Elasmobranchii,Parascylliidae,Parascyllium,ferrugineum,Rusty Carpetshark,<i>Parascyllium ferrugineum</i><br>(Rusty Carpetshark),0,0,0,0,0,0,0
m1_fish,M1 fish,region,Southern Yorke,Southern Yorke,Pre-bloom,12,Parascylliidae__Parascyllium__variolatum,Parascylliidae Parascyllium variolatum,Elasmobranchii,Parascylliidae,Parascyllium,variolatum,Varied Carpetshark,<i>Parascyllium variolatum</i><br>(Varied Carpetshark),0,0,0,0,0,0,0
m1_fish,M1 fish,region,Southern Yorke,Southern Yorke,Pre-bloom,12,Pataecidae__Aetapcus__maculatus,Pataecidae Aetapcus maculatus,Actinopterygii,Pataecidae,Aetapcus,maculatus,Warty Prowfish,<i>Aetapcus maculatus</i><br>(Warty Prowfish),0,0,0,0,0,0,0
m1_fish,M1 fish,region,Southern Yorke,Southern Yorke,Pre-bloom,12,Pempherididae__Parapriacanthus__elongatus,Pempherididae Parapriacanthus elongatus,Actinopterygii,Pempherididae,Parapriacanthus,elongatus,Elongate Bullseye,<i>Parapriacanthus elongatus</i><br>(Elongate Bullseye),2,170,21650,16.666666666666668,10.758287072798382,14.166666666666666,12.07353312084752
m1_fish,M1 fish,region,Southern Yorke,Southern Yorke,Pre-bloom,12,Pempherididae__Pempheris__klunzingeri,Pempherididae Pempheris klunzingeri,Actinopterygii,Pempherididae,Pempheris,klunzingeri,Rough Bullseye,<i>Pempheris klunzingeri</i><br>(Rough Bullseye),0,0,0,0,0,0,0
m1_fish,M1 fish,region,Southern Yorke,Southern Yorke,Pre-bloom,12,Pempherididae__Pempheris__multiradiata,Pempherididae Pempheris multiradiata,Actinopterygii,Pempherididae,Pempheris,multiradiata,Bigscale Bullseye,<i>Pempheris multiradiata</i><br>(Bigscale Bullseye),5,28,310.5,41.666666666666664,14.231876063832773,2.3333333333333335,1.3628364657299248
m1_fish,M1 fish,region,Southern Yorke,Southern Yorke,Pre-bloom,12,Pempherididae__Pempheris__ornata,Pempherididae Pempheris ornata,Actinopterygii,Pempherididae,Pempheris,ornata,Orangelined Bullseye,<i>Pempheris ornata</i><br>(Orangelined Bullseye),0,0,0,0,0,0,0
m1_fish,M1 fish,region,Southern Yorke,Southern Yorke,Pre-bloom,12,Pempherididae__Pempheris__spp,Pempherididae Pempheris spp,Actinopterygii,Pempherididae,Pempheris,spp,NA,<i>Pempheris spp</i>,0,0,0,0,0,0,0
m1_fish,M1 fish,region,Southern Yorke,Southern Yorke,Pre-bloom,12,Pentacerotidae__Pentaceropsis__recurvirostris,Pentacerotidae Pentaceropsis recurvirostris,Actinopterygii,Pentacerotidae,Pentaceropsis,recurvirostris,Longsnout Boarfish,<i>Pentaceropsis recurvirostris</i><br>(Longsnout Boarfish),1,0.5,0.25,8.333333333333334,7.9785592313028175,0.041666666666666664,0.041666666666666664
m1_fish,M1 fish,region,Southern Yorke,Southern Yorke,Pre-bloom,12,Pinguipedidae__Parapercis__haackei,Pinguipedidae Parapercis haackei,Actinopterygii,Pinguipedidae,Parapercis,haackei,Wavy Grubfish,<i>Parapercis haackei</i><br>(Wavy Grubfish),0,0,0,0,0,0,0
m1_fish,M1 fish,region,Southern Yorke,Southern Yorke,Pre-bloom,12,Pinguipedidae__Parapercis__ramsayi,Pinguipedidae Parapercis ramsayi,Actinopterygii,Pinguipedidae,Parapercis,ramsayi,Spotted Grubfish,<i>Parapercis ramsayi</i><br>(Spotted Grubfish),0,0,0,0,0,0,0
m1_fish,M1 fish,region,Southern Yorke,Southern Yorke,Pre-bloom,12,Platycephalidae__Leviprora__inops,Platycephalidae Leviprora inops,Actinopterygii,Platycephalidae,Leviprora,inops,Longhead Flathead,<i>Leviprora inops</i><br>(Longhead Flathead),0,0,0,0,0,0,0
m1_fish,M1 fish,region,Southern Yorke,Southern Yorke,Pre-bloom,12,Platycephalidae__Platycephalus__laevigatus,Platycephalidae Platycephalus laevigatus,Actinopterygii,Platycephalidae,Platycephalus,laevigatus,Rock Flathead,<i>Platycephalus laevigatus</i><br>(Rock Flathead),0,0,0,0,0,0,0
m1_fish,M1 fish,region,Southern Yorke,Southern Yorke,Pre-bloom,12,Platycephalidae__Platycephalus__speculator,Platycephalidae Platycephalus speculator,Actinopterygii,Platycephalidae,Platycephalus,speculator,Southern Bluespotted Flathead,<i>Platycephalus speculator</i><br>(Southern Bluespotted Flathead),0,0,0,0,0,0,0
m1_fish,M1 fish,region,Southern Yorke,Southern Yorke,Pre-bloom,12,Plesiopidae__Paraplesiops__meleagris,Plesiopidae Paraplesiops meleagris,Actinopterygii,Plesiopidae,Paraplesiops,meleagris,Southern Blue Devil,<i>Paraplesiops meleagris</i><br>(Southern Blue Devil),0,0,0,0,0,0,0
m1_fish,M1 fish,region,Southern Yorke,Southern Yorke,Pre-bloom,12,Plesiopidae__Trachinops__caudimaculatus,Plesiopidae Trachinops caudimaculatus,Actinopterygii,Plesiopidae,Trachinops,caudimaculatus,Southern Hulafish,<i>Trachinops caudimaculatus</i><br>(Southern Hulafish),0,0,0,0,0,0,0
m1_fish,M1 fish,region,Southern Yorke,Southern Yorke,Pre-bloom,12,Plesiopidae__Trachinops__noarlungae,Plesiopidae Trachinops noarlungae,Actinopterygii,Plesiopidae,Trachinops,noarlungae,Yellowhead Hulafish,<i>Trachinops noarlungae</i><br>(Yellowhead Hulafish),2,94,4420,16.666666666666668,10.758287072798382,7.833333333333333,5.282666528995151
m1_fish,M1 fish,region,Southern Yorke,Southern Yorke,Pre-bloom,12,Plotosidae__Cnidoglanis__macrocephalus,Plotosidae Cnidoglanis macrocephalus,Actinopterygii,Plotosidae,Cnidoglanis,macrocephalus,Estuary Cobbler,<i>Cnidoglanis macrocephalus</i><br>(Estuary Cobbler),0,0,0,0,0,0,0
m1_fish,M1 fish,region,Southern Yorke,Southern Yorke,Pre-bloom,12,Pomacentridae__Parma__victoriae,Pomacentridae Parma victoriae,Actinopterygii,Pomacentridae,Parma,victoriae,Scalyfin,<i>Parma victoriae</i><br>(Scalyfin),9,11.5,21.75,75,12.5,0.9583333333333334,0.28509922072248045
m1_fish,M1 fish,region,Southern Yorke,Southern Yorke,Pre-bloom,12,Scombridae__Scomber__australasicus,Scombridae Scomber australasicus,Actinopterygii,Scombridae,Scomber,australasicus,Blue Mackerel,<i>Scomber australasicus</i><br>(Blue Mackerel),0,0,0,0,0,0,0
m1_fish,M1 fish,region,Southern Yorke,Southern Yorke,Pre-bloom,12,Scorpididae__Scorpis__aequipinnis,Scorpididae Scorpis aequipinnis,Actinopterygii,Scorpididae,Scorpis,aequipinnis,Sea Sweep,<i>Scorpis aequipinnis</i><br>(Sea Sweep),10,90,1103.5,83.33333333333333,10.75828707279838,7.5,1.8017247628903037
m1_fish,M1 fish,region,Southern Yorke,Southern Yorke,Pre-bloom,12,Scorpididae__Scorpis__georgiana,Scorpididae Scorpis georgiana,Actinopterygii,Scorpididae,Scorpis,georgiana,Banded Sweep,<i>Scorpis georgiana</i><br>(Banded Sweep),0,0,0,0,0,0,0
m1_fish,M1 fish,region,Southern Yorke,Southern Yorke,Pre-bloom,12,Scorpididae__Scorpis__lineolata,Scorpididae Scorpis lineolata,Actinopterygii,Scorpididae,Scorpis,lineolata,Silver Sweep,<i>Scorpis lineolata</i><br>(Silver Sweep),0,0,0,0,0,0,0
m1_fish,M1 fish,region,Southern Yorke,Southern Yorke,Pre-bloom,12,Serranidae__Caesioperca__rasor,Serranidae Caesioperca rasor,Actinopterygii,Serranidae,Caesioperca,rasor,Barber Perch,<i>Caesioperca rasor</i><br>(Barber Perch),0,0,0,0,0,0,0
m1_fish,M1 fish,region,Southern Yorke,Southern Yorke,Pre-bloom,12,Serranidae__Hypoplectrodes__nigroruber,Serranidae Hypoplectrodes nigroruber,Actinopterygii,Serranidae,Hypoplectrodes,nigroruber,Banded Seaperch,<i>Hypoplectrodes nigroruber</i><br>(Banded Seaperch),0,0,0,0,0,0,0
m1_fish,M1 fish,region,Southern Yorke,Southern Yorke,Pre-bloom,12,Serranidae__Othos__dentex,Serranidae Othos dentex,Actinopterygii,Serranidae,Othos,dentex,Harlequin Fish,<i>Othos dentex</i><br>(Harlequin Fish),0,0,0,0,0,0,0
m1_fish,M1 fish,region,Southern Yorke,Southern Yorke,Pre-bloom,12,Sillaginidae__Sillaginidae__spp,Sillaginidae Unknown spp,Actinopterygii,Sillaginidae,Sillaginidae,spp,NA,<i>Sillaginidae spp</i>,0,0,0,0,0,0,0
m1_fish,M1 fish,region,Southern Yorke,Southern Yorke,Pre-bloom,12,Sillaginidae__Sillaginodes__punctatus,Sillaginidae Sillaginodes punctatus,Actinopterygii,Sillaginidae,Sillaginodes,punctatus,King George Whiting,<i>Sillaginodes punctatus</i><br>(King George Whiting),0,0,0,0,0,0,0
m1_fish,M1 fish,region,Southern Yorke,Southern Yorke,Pre-bloom,12,Sparidae__Acanthopagrus__butcheri,Sparidae Acanthopagrus butcheri,Actinopterygii,Sparidae,Acanthopagrus,butcheri,Black Bream,<i>Acanthopagrus butcheri</i><br>(Black Bream),0,0,0,0,0,0,0
m1_fish,M1 fish,region,Southern Yorke,Southern Yorke,Pre-bloom,12,Sparidae__Chrysophrys__auratus,Sparidae Chrysophrys auratus,Actinopterygii,Sparidae,Chrysophrys,auratus,Snapper,<i>Chrysophrys auratus</i><br>(Snapper),0,0,0,0,0,0,0
m1_fish,M1 fish,region,Southern Yorke,Southern Yorke,Pre-bloom,12,Sphyraenidae__Sphyraena__novaehollandiae,Sphyraenidae Sphyraena novaehollandiae,Actinopterygii,Sphyraenidae,Sphyraena,novaehollandiae,Snook,<i>Sphyraena novaehollandiae</i><br>(Snook),1,1.5,2.25,8.333333333333334,7.9785592313028175,0.125,0.125
m1_fish,M1 fish,region,Southern Yorke,Southern Yorke,Pre-bloom,12,Syngnathidae__Phycodurus__eques,Syngnathidae Phycodurus eques,Actinopterygii,Syngnathidae,Phycodurus,eques,Leafy Seadragon,<i>Phycodurus eques</i><br>(Leafy Seadragon),0,0,0,0,0,0,0
m1_fish,M1 fish,region,Southern Yorke,Southern Yorke,Pre-bloom,12,Syngnathidae__Phyllopteryx__taeniolatus,Syngnathidae Phyllopteryx taeniolatus,Actinopterygii,Syngnathidae,Phyllopteryx,taeniolatus,Common Seadragon,<i>Phyllopteryx taeniolatus</i><br>(Common Seadragon),0,0,0,0,0,0,0
m1_fish,M1 fish,region,Southern Yorke,Southern Yorke,Pre-bloom,12,Syngnathidae__Pugnaso__curtirostris,Syngnathidae Pugnaso curtirostris,Actinopterygii,Syngnathidae,Pugnaso,curtirostris,Pugnose Pipefish,<i>Pugnaso curtirostris</i><br>(Pugnose Pipefish),0,0,0,0,0,0,0
m1_fish,M1 fish,region,Southern Yorke,Southern Yorke,Pre-bloom,12,Terapontidae__Helotes__octolineatus,Terapontidae Helotes octolineatus,Actinopterygii,Terapontidae,Helotes,octolineatus,NA,<i>Helotes octolineatus</i>,0,0,0,0,0,0,0
m1_fish,M1 fish,region,Southern Yorke,Southern Yorke,Pre-bloom,12,Tetraodontidae__Omegophora__armilla,Tetraodontidae Omegophora armilla,Actinopterygii,Tetraodontidae,Omegophora,armilla,Ringed Toadfish,<i>Omegophora armilla</i><br>(Ringed Toadfish),1,0.5,0.25,8.333333333333334,7.9785592313028175,0.041666666666666664,0.041666666666666664
m1_fish,M1 fish,region,Southern Yorke,Southern Yorke,Pre-bloom,12,Tetraodontidae__Omegophora__cyanopunctata,Tetraodontidae Omegophora cyanopunctata,Actinopterygii,Tetraodontidae,Omegophora,cyanopunctata,Bluespotted Toadfish,<i>Omegophora cyanopunctata</i><br>(Bluespotted Toadfish),0,0,0,0,0,0,0
m1_fish,M1 fish,region,Southern Yorke,Southern Yorke,Pre-bloom,12,Tetraodontidae__Tetractenos__glaber,Tetraodontidae Tetractenos glaber,Actinopterygii,Tetraodontidae,Tetractenos,glaber,Smooth Toadfish,<i>Tetractenos glaber</i><br>(Smooth Toadfish),0,0,0,0,0,0,0
m1_fish,M1 fish,region,Southern Yorke,Southern Yorke,Pre-bloom,12,Tetraodontidae__Torquigener__pleurogramma,Tetraodontidae Torquigener pleurogramma,Actinopterygii,Tetraodontidae,Torquigener,pleurogramma,Weeping Toadfish,<i>Torquigener pleurogramma</i><br>(Weeping Toadfish),0,0,0,0,0,0,0
m1_fish,M1 fish,region,Southern Yorke,Southern Yorke,Pre-bloom,12,Trachichthyidae__Trachichthys__australis,Trachichthyidae Trachichthys australis,Actinopterygii,Trachichthyidae,Trachichthys,australis,Southern Roughy,<i>Trachichthys australis</i><br>(Southern Roughy),0,0,0,0,0,0,0
m1_fish,M1 fish,region,Southern Yorke,Southern Yorke,Pre-bloom,12,Tripterygiidae__Helcogramma__decurrens,Tripterygiidae Helcogramma decurrens,Actinopterygii,Tripterygiidae,Helcogramma,decurrens,Blackthroat Threefin,<i>Helcogramma decurrens</i><br>(Blackthroat Threefin),0,0,0,0,0,0,0
m1_fish,M1 fish,region,Southern Yorke,Southern Yorke,Pre-bloom,12,Tripterygiidae__Trinorfolkia__clarkei,Tripterygiidae Trinorfolkia clarkei,Actinopterygii,Tripterygiidae,Trinorfolkia,clarkei,Clark's Threefin,<i>Trinorfolkia clarkei</i><br>(Clark's Threefin),0,0,0,0,0,0,0
m1_fish,M1 fish,region,Southern Yorke,Southern Yorke,Pre-bloom,12,Tripterygiidae__Trinorfolkia__cristata,Tripterygiidae Trinorfolkia cristata,Actinopterygii,Tripterygiidae,Trinorfolkia,cristata,Crested Threefin,<i>Trinorfolkia cristata</i><br>(Crested Threefin),0,0,0,0,0,0,0
m1_fish,M1 fish,region,Southern Yorke,Southern Yorke,Pre-bloom,12,Tripterygiidae__Tripterygiidae__spp,Tripterygiidae Unknown spp,Actinopterygii,Tripterygiidae,Tripterygiidae,spp,NA,<i>Tripterygiidae spp</i>,0,0,0,0,0,0,0
m1_fish,M1 fish,region,Southern Yorke,Southern Yorke,Pre-bloom,12,Trygonorrhinidae__Aptychotrema__vincentiana,Trygonorrhinidae Aptychotrema vincentiana,Elasmobranchii,Trygonorrhinidae,Aptychotrema,vincentiana,Western Shovelnose Ray,<i>Aptychotrema vincentiana</i><br>(Western Shovelnose Ray),0,0,0,0,0,0,0
m1_fish,M1 fish,region,Southern Yorke,Southern Yorke,Pre-bloom,12,Trygonorrhinidae__Trygonorrhina__fasciata,Trygonorrhinidae Trygonorrhina fasciata,Elasmobranchii,Trygonorrhinidae,Trygonorrhina,fasciata,Eastern Fiddler Ray,<i>Trygonorrhina fasciata</i><br>(Eastern Fiddler Ray),0,0,0,0,0,0,0
m1_fish,M1 fish,region,Southern Yorke,Southern Yorke,Pre-bloom,12,Urolophidae__Urolophus__spp,Urolophidae Urolophus spp,Elasmobranchii,Urolophidae,Urolophus,spp,NA,<i>Urolophus spp</i>,0,0,0,0,0,0,0
m1_fish,M1 fish,region,Upper Gulf St Vincent,Upper Gulf St Vincent,Bloom 2025-11,20,Antennariidae__Rhycherus__filamentosus,Antennariidae Rhycherus filamentosus,Actinopterygii,Antennariidae,Rhycherus,filamentosus,Tasselled Anglerfish,<i>Rhycherus filamentosus</i><br>(Tasselled Anglerfish),0,0,0,0,0,0,0
m1_fish,M1 fish,region,Upper Gulf St Vincent,Upper Gulf St Vincent,Bloom 2025-11,20,Aplodactylidae__Aplodactylus__arctidens,Aplodactylidae Aplodactylus arctidens,Actinopterygii,Aplodactylidae,Aplodactylus,arctidens,Marblefish,<i>Aplodactylus arctidens</i><br>(Marblefish),0,0,0,0,0,0,0
m1_fish,M1 fish,region,Upper Gulf St Vincent,Upper Gulf St Vincent,Bloom 2025-11,20,Aplodactylidae__Aplodactylus__westralis,Aplodactylidae Aplodactylus westralis,Actinopterygii,Aplodactylidae,Aplodactylus,westralis,Western Seacarp,<i>Aplodactylus westralis</i><br>(Western Seacarp),0,0,0,0,0,0,0
m1_fish,M1 fish,region,Upper Gulf St Vincent,Upper Gulf St Vincent,Bloom 2025-11,20,Apogonidae__Ostorhinchus__victoriae,Apogonidae Ostorhinchus victoriae,Actinopterygii,Apogonidae,Ostorhinchus,victoriae,Western Striped Cardinalfish,<i>Ostorhinchus victoriae</i><br>(Western Striped Cardinalfish),0,0,0,0,0,0,0
m1_fish,M1 fish,region,Upper Gulf St Vincent,Upper Gulf St Vincent,Bloom 2025-11,20,Apogonidae__Siphamia__cephalotes,Apogonidae Siphamia cephalotes,Actinopterygii,Apogonidae,Siphamia,cephalotes,Wood's Siphonfish,<i>Siphamia cephalotes</i><br>(Wood's Siphonfish),0,0,0,0,0,0,0
m1_fish,M1 fish,region,Upper Gulf St Vincent,Upper Gulf St Vincent,Bloom 2025-11,20,Apogonidae__Vincentia__conspersa,Apogonidae Vincentia conspersa,Actinopterygii,Apogonidae,Vincentia,conspersa,Southern Cardinalfish,<i>Vincentia conspersa</i><br>(Southern Cardinalfish),0,0,0,0,0,0,0
m1_fish,M1 fish,region,Upper Gulf St Vincent,Upper Gulf St Vincent,Bloom 2025-11,20,Aracanidae__Anoplocapros__amygdaloides,Aracanidae Anoplocapros amygdaloides,Actinopterygii,Aracanidae,Anoplocapros,amygdaloides,Western Smooth Boxfish,<i>Anoplocapros amygdaloides</i><br>(Western Smooth Boxfish),0,0,0,0,0,0,0
m1_fish,M1 fish,region,Upper Gulf St Vincent,Upper Gulf St Vincent,Bloom 2025-11,20,Aracanidae__Anoplocapros__lenticularis,Aracanidae Anoplocapros lenticularis,Actinopterygii,Aracanidae,Anoplocapros,lenticularis,Whitebarred Boxfish,<i>Anoplocapros lenticularis</i><br>(Whitebarred Boxfish),0,0,0,0,0,0,0
m1_fish,M1 fish,region,Upper Gulf St Vincent,Upper Gulf St Vincent,Bloom 2025-11,20,Aracanidae__Aracana__aurita,Aracanidae Aracana aurita,Actinopterygii,Aracanidae,Aracana,aurita,Shaw's Cowfish,<i>Aracana aurita</i><br>(Shaw's Cowfish),3,1.5,0.75,15,7.984359711335657,0.075,0.04095890109545627
m1_fish,M1 fish,region,Upper Gulf St Vincent,Upper Gulf St Vincent,Bloom 2025-11,20,Aracanidae__Aracana__ornata,Aracanidae Aracana ornata,Actinopterygii,Aracanidae,Aracana,ornata,Ornate Cowfish,<i>Aracana ornata</i><br>(Ornate Cowfish),1,0.5,0.25,5,4.873397172404482,0.025,0.024999999999999998
m1_fish,M1 fish,region,Upper Gulf St Vincent,Upper Gulf St Vincent,Bloom 2025-11,20,Arripidae__Arripis__georgianus,Arripidae Arripis georgianus,Actinopterygii,Arripidae,Arripis,georgianus,Australian Herring,<i>Arripis georgianus</i><br>(Australian Herring),0,0,0,0,0,0,0
m1_fish,M1 fish,region,Upper Gulf St Vincent,Upper Gulf St Vincent,Bloom 2025-11,20,Arripidae__Arripis__spp,Arripidae Arripis spp,Actinopterygii,Arripidae,Arripis,spp,NA,<i>Arripis spp</i>,0,0,0,0,0,0,0
m1_fish,M1 fish,region,Upper Gulf St Vincent,Upper Gulf St Vincent,Bloom 2025-11,20,Arripidae__Arripis__truttaceus,Arripidae Arripis truttaceus,Actinopterygii,Arripidae,Arripis,truttaceus,Western Australian Salmon,<i>Arripis truttaceus</i><br>(Western Australian Salmon),1,60,3600,5,4.873397172404482,3,3
m1_fish,M1 fish,region,Upper Gulf St Vincent,Upper Gulf St Vincent,Bloom 2025-11,20,Atherinidae__Atherinidae__spp,Atherinidae Unknown spp,Actinopterygii,Atherinidae,Atherinidae,spp,NA,<i>Atherinidae spp</i>,0,0,0,0,0,0,0
m1_fish,M1 fish,region,Upper Gulf St Vincent,Upper Gulf St Vincent,Bloom 2025-11,20,Berycidae__Centroberyx__gerrardi,Berycidae Centroberyx gerrardi,Actinopterygii,Berycidae,Centroberyx,gerrardi,Bight Redfish,<i>Centroberyx gerrardi</i><br>(Bight Redfish),0,0,0,0,0,0,0
m1_fish,M1 fish,region,Upper Gulf St Vincent,Upper Gulf St Vincent,Bloom 2025-11,20,Berycidae__Centroberyx__lineatus,Berycidae Centroberyx lineatus,Actinopterygii,Berycidae,Centroberyx,lineatus,Swallowtail,<i>Centroberyx lineatus</i><br>(Swallowtail),0,0,0,0,0,0,0
m1_fish,M1 fish,region,Upper Gulf St Vincent,Upper Gulf St Vincent,Bloom 2025-11,20,Bovichtidae__Bovichtus__angustifrons,Bovichtidae Bovichtus angustifrons,Actinopterygii,Bovichtidae,Bovichtus,angustifrons,Dragonet,<i>Bovichtus angustifrons</i><br>(Dragonet),0,0,0,0,0,0,0
m1_fish,M1 fish,region,Upper Gulf St Vincent,Upper Gulf St Vincent,Bloom 2025-11,20,Callionymidae__Eocallionymus__papilio,Callionymidae Eocallionymus papilio,Actinopterygii,Callionymidae,Eocallionymus,papilio,Painted Stinkfish,<i>Eocallionymus papilio</i><br>(Painted Stinkfish),0,0,0,0,0,0,0
m1_fish,M1 fish,region,Upper Gulf St Vincent,Upper Gulf St Vincent,Bloom 2025-11,20,Carangidae__Pseudocaranx__spp,Carangidae Pseudocaranx spp,Actinopterygii,Carangidae,Pseudocaranx,spp,NA,<i>Pseudocaranx spp</i>,1,3,9,5,4.873397172404482,0.15,0.15
m1_fish,M1 fish,region,Upper Gulf St Vincent,Upper Gulf St Vincent,Bloom 2025-11,20,Carangidae__Seriola__lalandi,Carangidae Seriola lalandi,Actinopterygii,Carangidae,Seriola,lalandi,Yellowtail Kingfish,<i>Seriola lalandi</i><br>(Yellowtail Kingfish),0,0,0,0,0,0,0
m1_fish,M1 fish,region,Upper Gulf St Vincent,Upper Gulf St Vincent,Bloom 2025-11,20,Carangidae__Trachurus__novaezelandiae,Carangidae Trachurus novaezelandiae,Actinopterygii,Carangidae,Trachurus,novaezelandiae,Yellowtail Scad,<i>Trachurus novaezelandiae</i><br>(Yellowtail Scad),0,0,0,0,0,0,0
m1_fish,M1 fish,region,Upper Gulf St Vincent,Upper Gulf St Vincent,Bloom 2025-11,20,Chaetodontidae__Chelmonops__curiosus,Chaetodontidae Chelmonops curiosus,Actinopterygii,Chaetodontidae,Chelmonops,curiosus,Western Talma,<i>Chelmonops curiosus</i><br>(Western Talma),0,0,0,0,0,0,0
m1_fish,M1 fish,region,Upper Gulf St Vincent,Upper Gulf St Vincent,Bloom 2025-11,20,Cheilodactylidae__Cheilodactylus__nigripes,Cheilodactylidae Cheilodactylus nigripes,Actinopterygii,Cheilodactylidae,Cheilodactylus,nigripes,Magpie Perch,<i>Cheilodactylus nigripes</i><br>(Magpie Perch),2,1,0.5,10,6.708203932499369,0.05,0.034412360080584264
m1_fish,M1 fish,region,Upper Gulf St Vincent,Upper Gulf St Vincent,Bloom 2025-11,20,Cheilodactylidae__Cheilodactylus__spectabilis,Cheilodactylidae Cheilodactylus spectabilis,Actinopterygii,Cheilodactylidae,Cheilodactylus,spectabilis,Banded Morwong,<i>Cheilodactylus spectabilis</i><br>(Banded Morwong),0,0,0,0,0,0,0
m1_fish,M1 fish,region,Upper Gulf St Vincent,Upper Gulf St Vincent,Bloom 2025-11,20,Cheilodactylidae__Dactylophora__nigricans,Cheilodactylidae Dactylophora nigricans,Actinopterygii,Cheilodactylidae,Dactylophora,nigricans,Dusky Morwong,<i>Dactylophora nigricans</i><br>(Dusky Morwong),0,0,0,0,0,0,0
m1_fish,M1 fish,region,Upper Gulf St Vincent,Upper Gulf St Vincent,Bloom 2025-11,20,Cheilodactylidae__Nemadactylus__valenciennesi,Cheilodactylidae Nemadactylus valenciennesi,Actinopterygii,Cheilodactylidae,Nemadactylus,valenciennesi,Blue Morwong,<i>Nemadactylus valenciennesi</i><br>(Blue Morwong),0,0,0,0,0,0,0
m1_fish,M1 fish,region,Upper Gulf St Vincent,Upper Gulf St Vincent,Bloom 2025-11,20,Chironemidae__Chironemus__georgianus,Chironemidae Chironemus georgianus,Actinopterygii,Chironemidae,Chironemus,georgianus,Western Kelpfish,<i>Chironemus georgianus</i><br>(Western Kelpfish),0,0,0,0,0,0,0
m1_fish,M1 fish,region,Upper Gulf St Vincent,Upper Gulf St Vincent,Bloom 2025-11,20,Chironemidae__Chironemus__maculosus,Chironemidae Chironemus maculosus,Actinopterygii,Chironemidae,Chironemus,maculosus,Silver Spot,<i>Chironemus maculosus</i><br>(Silver Spot),0,0,0,0,0,0,0
m1_fish,M1 fish,region,Upper Gulf St Vincent,Upper Gulf St Vincent,Bloom 2025-11,20,Clinidae__Heteroclinus__spp,Clinidae Heteroclinus spp,Actinopterygii,Clinidae,Heteroclinus,spp,NA,<i>Heteroclinus spp</i>,0,0,0,0,0,0,0
m1_fish,M1 fish,region,Upper Gulf St Vincent,Upper Gulf St Vincent,Bloom 2025-11,20,Clupeidae__Clupeidae__spp,Clupeidae Unknown spp,Actinopterygii,Clupeidae,Clupeidae,spp,NA,<i>Clupeidae spp</i>,0,0,0,0,0,0,0
m1_fish,M1 fish,region,Upper Gulf St Vincent,Upper Gulf St Vincent,Bloom 2025-11,20,Clupeidae__Hyperlophus__vittatus,Clupeidae Hyperlophus vittatus,Actinopterygii,Clupeidae,Hyperlophus,vittatus,Sandy Sprat,<i>Hyperlophus vittatus</i><br>(Sandy Sprat),0,0,0,0,0,0,0
m1_fish,M1 fish,region,Upper Gulf St Vincent,Upper Gulf St Vincent,Bloom 2025-11,20,Clupeidae__Spratelloides__robustus,Clupeidae Spratelloides robustus,Actinopterygii,Clupeidae,Spratelloides,robustus,Blue Sprat,<i>Spratelloides robustus</i><br>(Blue Sprat),0,0,0,0,0,0,0
m1_fish,M1 fish,region,Upper Gulf St Vincent,Upper Gulf St Vincent,Bloom 2025-11,20,Dasyatidae__Bathytoshia__lata,Dasyatidae Bathytoshia lata,Elasmobranchii,Dasyatidae,Bathytoshia,lata,Black Stingray,<i>Bathytoshia lata</i><br>(Black Stingray),0,0,0,0,0,0,0
m1_fish,M1 fish,region,Upper Gulf St Vincent,Upper Gulf St Vincent,Bloom 2025-11,20,Dinolestidae__Dinolestes__lewini,Dinolestidae Dinolestes lewini,Actinopterygii,Dinolestidae,Dinolestes,lewini,Longfin Pike,<i>Dinolestes lewini</i><br>(Longfin Pike),0,0,0,0,0,0,0
m1_fish,M1 fish,region,Upper Gulf St Vincent,Upper Gulf St Vincent,Bloom 2025-11,20,Diodontidae__Diodon__nicthemerus,Diodontidae Diodon nicthemerus,Actinopterygii,Diodontidae,Diodon,nicthemerus,Globefish,<i>Diodon nicthemerus</i><br>(Globefish),0,0,0,0,0,0,0
m1_fish,M1 fish,region,Upper Gulf St Vincent,Upper Gulf St Vincent,Bloom 2025-11,20,Enoplosidae__Enoplosus__armatus,Enoplosidae Enoplosus armatus,Actinopterygii,Enoplosidae,Enoplosus,armatus,Old Wife,<i>Enoplosus armatus</i><br>(Old Wife),1,2,4,5,4.873397172404482,0.1,0.09999999999999999
m1_fish,M1 fish,region,Upper Gulf St Vincent,Upper Gulf St Vincent,Bloom 2025-11,20,Gerreidae__Parequula__melbournensis,Gerreidae Parequula melbournensis,Actinopterygii,Gerreidae,Parequula,melbournensis,Silverbelly,<i>Parequula melbournensis</i><br>(Silverbelly),0,0,0,0,0,0,0
m1_fish,M1 fish,region,Upper Gulf St Vincent,Upper Gulf St Vincent,Bloom 2025-11,20,Girellidae__Girella__tricuspidata,Girellidae Girella tricuspidata,Actinopterygii,Girellidae,Girella,tricuspidata,Luderick,<i>Girella tricuspidata</i><br>(Luderick),0,0,0,0,0,0,0
m1_fish,M1 fish,region,Upper Gulf St Vincent,Upper Gulf St Vincent,Bloom 2025-11,20,Girellidae__Girella__zebra,Girellidae Girella zebra,Actinopterygii,Girellidae,Girella,zebra,Zebrafish,<i>Girella zebra</i><br>(Zebrafish),2,8,56.5,10,6.708203932499369,0.4,0.37451723310781954
m1_fish,M1 fish,region,Upper Gulf St Vincent,Upper Gulf St Vincent,Bloom 2025-11,20,Gobiesocidae__Gobiesocidae__spp,Gobiesocidae Unknown spp,Actinopterygii,Gobiesocidae,Gobiesocidae,spp,NA,<i>Gobiesocidae spp</i>,0,0,0,0,0,0,0
m1_fish,M1 fish,region,Upper Gulf St Vincent,Upper Gulf St Vincent,Bloom 2025-11,20,Gobiidae__Gobiidae__spp,Gobiidae Unknown spp,Actinopterygii,Gobiidae,Gobiidae,spp,NA,<i>Gobiidae spp</i>,0,0,0,0,0,0,0
m1_fish,M1 fish,region,Upper Gulf St Vincent,Upper Gulf St Vincent,Bloom 2025-11,20,Gobiidae__Nesogobius__pulchellus,Gobiidae Nesogobius pulchellus,Actinopterygii,Gobiidae,Nesogobius,pulchellus,Sailfin Goby,<i>Nesogobius pulchellus</i><br>(Sailfin Goby),0,0,0,0,0,0,0
m1_fish,M1 fish,region,Upper Gulf St Vincent,Upper Gulf St Vincent,Bloom 2025-11,20,Heterodontidae__Heterodontus__portusjacksoni,Heterodontidae Heterodontus portusjacksoni,Elasmobranchii,Heterodontidae,Heterodontus,portusjacksoni,Port Jackson Shark,<i>Heterodontus portusjacksoni</i><br>(Port Jackson Shark),0,0,0,0,0,0,0
m1_fish,M1 fish,region,Upper Gulf St Vincent,Upper Gulf St Vincent,Bloom 2025-11,20,Hypnidae__Hypnos__monopterygius,Hypnidae Hypnos monopterygius,Elasmobranchii,Hypnidae,Hypnos,monopterygius,Coffin Ray,<i>Hypnos monopterygius</i><br>(Coffin Ray),0,0,0,0,0,0,0
m1_fish,M1 fish,region,Upper Gulf St Vincent,Upper Gulf St Vincent,Bloom 2025-11,20,Kyphosidae__Kyphosus__sydneyanus,Kyphosidae Kyphosus sydneyanus,Actinopterygii,Kyphosidae,Kyphosus,sydneyanus,Silver Drummer,<i>Kyphosus sydneyanus</i><br>(Silver Drummer),4,8,21,20,8.944271909999161,0.4,0.21643037047317987
m1_fish,M1 fish,region,Upper Gulf St Vincent,Upper Gulf St Vincent,Bloom 2025-11,20,Labridae__Achoerodus__gouldii,Labridae Achoerodus gouldii,Actinopterygii,Labridae,Achoerodus,gouldii,Western Blue Groper,<i>Achoerodus gouldii</i><br>(Western Blue Groper),0,0,0,0,0,0,0
m1_fish,M1 fish,region,Upper Gulf St Vincent,Upper Gulf St Vincent,Bloom 2025-11,20,Labridae__Austrolabrus__maculatus,Labridae Austrolabrus maculatus,Actinopterygii,Labridae,Austrolabrus,maculatus,Blackspotted Wrasse,<i>Austrolabrus maculatus</i><br>(Blackspotted Wrasse),0,0,0,0,0,0,0
m1_fish,M1 fish,region,Upper Gulf St Vincent,Upper Gulf St Vincent,Bloom 2025-11,20,Labridae__Dotalabrus__aurantiacus,Labridae Dotalabrus aurantiacus,Actinopterygii,Labridae,Dotalabrus,aurantiacus,Castelnau's Wrasse,<i>Dotalabrus aurantiacus</i><br>(Castelnau's Wrasse),0,0,0,0,0,0,0
m1_fish,M1 fish,region,Upper Gulf St Vincent,Upper Gulf St Vincent,Bloom 2025-11,20,Labridae__Eupetrichthys__angustipes,Labridae Eupetrichthys angustipes,Actinopterygii,Labridae,Eupetrichthys,angustipes,Snakeskin Wrasse,<i>Eupetrichthys angustipes</i><br>(Snakeskin Wrasse),0,0,0,0,0,0,0
m1_fish,M1 fish,region,Upper Gulf St Vincent,Upper Gulf St Vincent,Bloom 2025-11,20,Labridae__Haletta__semifasciata,Labridae Haletta semifasciata,Actinopterygii,Labridae,Haletta,semifasciata,Blue Weed Whiting,<i>Haletta semifasciata</i><br>(Blue Weed Whiting),0,0,0,0,0,0,0
m1_fish,M1 fish,region,Upper Gulf St Vincent,Upper Gulf St Vincent,Bloom 2025-11,20,Labridae__Heteroscarus__acroptilus,Labridae Heteroscarus acroptilus,Actinopterygii,Labridae,Heteroscarus,acroptilus,Rainbow Cale,<i>Heteroscarus acroptilus</i><br>(Rainbow Cale),0,0,0,0,0,0,0
m1_fish,M1 fish,region,Upper Gulf St Vincent,Upper Gulf St Vincent,Bloom 2025-11,20,Labridae__Neoodax__balteatus,Labridae Neoodax balteatus,Actinopterygii,Labridae,Neoodax,balteatus,Little Weed Whiting,<i>Neoodax balteatus</i><br>(Little Weed Whiting),3,4.5,10.25,15,7.984359711335657,0.225,0.15591411265923233
m1_fish,M1 fish,region,Upper Gulf St Vincent,Upper Gulf St Vincent,Bloom 2025-11,20,Labridae__Notolabrus__fucicola,Labridae Notolabrus fucicola,Actinopterygii,Labridae,Notolabrus,fucicola,Purple Wrasse,<i>Notolabrus fucicola</i><br>(Purple Wrasse),0,0,0,0,0,0,0
m1_fish,M1 fish,region,Upper Gulf St Vincent,Upper Gulf St Vincent,Bloom 2025-11,20,Labridae__Notolabrus__parilus,Labridae Notolabrus parilus,Actinopterygii,Labridae,Notolabrus,parilus,Brownspotted Wrasse,<i>Notolabrus parilus</i><br>(Brownspotted Wrasse),1,0.5,0.25,5,4.873397172404482,0.025,0.024999999999999998
m1_fish,M1 fish,region,Upper Gulf St Vincent,Upper Gulf St Vincent,Bloom 2025-11,20,Labridae__Notolabrus__tetricus,Labridae Notolabrus tetricus,Actinopterygii,Labridae,Notolabrus,tetricus,Bluethroat Wrasse,<i>Notolabrus tetricus</i><br>(Bluethroat Wrasse),1,0.5,0.25,5,4.873397172404482,0.025,0.024999999999999998
m1_fish,M1 fish,region,Upper Gulf St Vincent,Upper Gulf St Vincent,Bloom 2025-11,20,Labridae__Olisthops__cyanomelas,Labridae Olisthops cyanomelas,Actinopterygii,Labridae,Olisthops,cyanomelas,Herring Cale,<i>Olisthops cyanomelas</i><br>(Herring Cale),0,0,0,0,0,0,0
m1_fish,M1 fish,region,Upper Gulf St Vincent,Upper Gulf St Vincent,Bloom 2025-11,20,Labridae__Ophthalmolepis__lineolatus,Labridae Ophthalmolepis lineolatus,Actinopterygii,Labridae,Ophthalmolepis,lineolatus,Southern Maori Wrasse,<i>Ophthalmolepis lineolatus</i><br>(Southern Maori Wrasse),0,0,0,0,0,0,0
m1_fish,M1 fish,region,Upper Gulf St Vincent,Upper Gulf St Vincent,Bloom 2025-11,20,Labridae__Pictilabrus__laticlavius,Labridae Pictilabrus laticlavius,Actinopterygii,Labridae,Pictilabrus,laticlavius,Senator Wrasse,<i>Pictilabrus laticlavius</i><br>(Senator Wrasse),0,0,0,0,0,0,0
m1_fish,M1 fish,region,Upper Gulf St Vincent,Upper Gulf St Vincent,Bloom 2025-11,20,Labridae__Pseudolabrus__rubicundus,Labridae Pseudolabrus rubicundus,Actinopterygii,Labridae,Pseudolabrus,rubicundus,Rosy Wrasse,<i>Pseudolabrus rubicundus</i><br>(Rosy Wrasse),0,0,0,0,0,0,0
m1_fish,M1 fish,region,Upper Gulf St Vincent,Upper Gulf St Vincent,Bloom 2025-11,20,Labridae__Siphonognathus__argyrophanes,Labridae Siphonognathus argyrophanes,Actinopterygii,Labridae,Siphonognathus,argyrophanes,Tubemouth,<i>Siphonognathus argyrophanes</i><br>(Tubemouth),0,0,0,0,0,0,0
m1_fish,M1 fish,region,Upper Gulf St Vincent,Upper Gulf St Vincent,Bloom 2025-11,20,Labridae__Siphonognathus__attenuatus,Labridae Siphonognathus attenuatus,Actinopterygii,Labridae,Siphonognathus,attenuatus,Slender Weed Whiting,<i>Siphonognathus attenuatus</i><br>(Slender Weed Whiting),0,0,0,0,0,0,0
m1_fish,M1 fish,region,Upper Gulf St Vincent,Upper Gulf St Vincent,Bloom 2025-11,20,Labridae__Siphonognathus__beddomei,Labridae Siphonognathus beddomei,Actinopterygii,Labridae,Siphonognathus,beddomei,Pencil Weed Whiting,<i>Siphonognathus beddomei</i><br>(Pencil Weed Whiting),0,0,0,0,0,0,0
m1_fish,M1 fish,region,Upper Gulf St Vincent,Upper Gulf St Vincent,Bloom 2025-11,20,Labridae__Siphonognathus__caninis,Labridae Siphonognathus caninis,Actinopterygii,Labridae,Siphonognathus,caninis,Sharpnose Weed Whiting,<i>Siphonognathus caninis</i><br>(Sharpnose Weed Whiting),0,0,0,0,0,0,0
m1_fish,M1 fish,region,Upper Gulf St Vincent,Upper Gulf St Vincent,Bloom 2025-11,20,Labridae__Siphonognathus__radiatus,Labridae Siphonognathus radiatus,Actinopterygii,Labridae,Siphonognathus,radiatus,Longray Weed Whiting,<i>Siphonognathus radiatus</i><br>(Longray Weed Whiting),0,0,0,0,0,0,0
m1_fish,M1 fish,region,Upper Gulf St Vincent,Upper Gulf St Vincent,Bloom 2025-11,20,Labridae__Siphonognathus__spp,Labridae Siphonognathus spp,Actinopterygii,Labridae,Siphonognathus,spp,NA,<i>Siphonognathus spp</i>,0,0,0,0,0,0,0
m1_fish,M1 fish,region,Upper Gulf St Vincent,Upper Gulf St Vincent,Bloom 2025-11,20,Labridae__Siphonognathus__tanyourus,Labridae Siphonognathus tanyourus,Actinopterygii,Labridae,Siphonognathus,tanyourus,Longtail Weed Whiting,<i>Siphonognathus tanyourus</i><br>(Longtail Weed Whiting),0,0,0,0,0,0,0
m1_fish,M1 fish,region,Upper Gulf St Vincent,Upper Gulf St Vincent,Bloom 2025-11,20,Microcanthidae__Neatypus__obliquus,Microcanthidae Neatypus obliquus,Actinopterygii,Microcanthidae,Neatypus,obliquus,Footballer Sweep,<i>Neatypus obliquus</i><br>(Footballer Sweep),0,0,0,0,0,0,0
m1_fish,M1 fish,region,Upper Gulf St Vincent,Upper Gulf St Vincent,Bloom 2025-11,20,Microcanthidae__Tilodon__sexfasciatus,Microcanthidae Tilodon sexfasciatus,Actinopterygii,Microcanthidae,Tilodon,sexfasciatus,Moonlighter,<i>Tilodon sexfasciatus</i><br>(Moonlighter),0,0,0,0,0,0,0
m1_fish,M1 fish,region,Upper Gulf St Vincent,Upper Gulf St Vincent,Bloom 2025-11,20,Monacanthidae__Acanthaluteres__brownii,Monacanthidae Acanthaluteres brownii,Actinopterygii,Monacanthidae,Acanthaluteres,brownii,Spinytail Leatherjacket,<i>Acanthaluteres brownii</i><br>(Spinytail Leatherjacket),0,0,0,0,0,0,0
m1_fish,M1 fish,region,Upper Gulf St Vincent,Upper Gulf St Vincent,Bloom 2025-11,20,Monacanthidae__Acanthaluteres__spilomelanurus,Monacanthidae Acanthaluteres spilomelanurus,Actinopterygii,Monacanthidae,Acanthaluteres,spilomelanurus,Bridled Leatherjacket,<i>Acanthaluteres spilomelanurus</i><br>(Bridled Leatherjacket),0,0,0,0,0,0,0
m1_fish,M1 fish,region,Upper Gulf St Vincent,Upper Gulf St Vincent,Bloom 2025-11,20,Monacanthidae__Acanthaluteres__vittiger,Monacanthidae Acanthaluteres vittiger,Actinopterygii,Monacanthidae,Acanthaluteres,vittiger,Toothbrush Leatherjacket,<i>Acanthaluteres vittiger</i><br>(Toothbrush Leatherjacket),0,0,0,0,0,0,0
m1_fish,M1 fish,region,Upper Gulf St Vincent,Upper Gulf St Vincent,Bloom 2025-11,20,Monacanthidae__Brachaluteres__jacksonianus,Monacanthidae Brachaluteres jacksonianus,Actinopterygii,Monacanthidae,Brachaluteres,jacksonianus,Southern Pygmy Leatherjacket,<i>Brachaluteres jacksonianus</i><br>(Southern Pygmy Leatherjacket),0,0,0,0,0,0,0
m1_fish,M1 fish,region,Upper Gulf St Vincent,Upper Gulf St Vincent,Bloom 2025-11,20,Monacanthidae__Eubalichthys__gunnii,Monacanthidae Eubalichthys gunnii,Actinopterygii,Monacanthidae,Eubalichthys,gunnii,Gunn's Leatherjacket,<i>Eubalichthys gunnii</i><br>(Gunn's Leatherjacket),0,0,0,0,0,0,0
m1_fish,M1 fish,region,Upper Gulf St Vincent,Upper Gulf St Vincent,Bloom 2025-11,20,Monacanthidae__Eubalichthys__mosaicus,Monacanthidae Eubalichthys mosaicus,Actinopterygii,Monacanthidae,Eubalichthys,mosaicus,Mosaic Leatherjacket,<i>Eubalichthys mosaicus</i><br>(Mosaic Leatherjacket),0,0,0,0,0,0,0
m1_fish,M1 fish,region,Upper Gulf St Vincent,Upper Gulf St Vincent,Bloom 2025-11,20,Monacanthidae__Meuschenia__flavolineata,Monacanthidae Meuschenia flavolineata,Actinopterygii,Monacanthidae,Meuschenia,flavolineata,Yellowstriped Leatherjacket,<i>Meuschenia flavolineata</i><br>(Yellowstriped Leatherjacket),0,0,0,0,0,0,0
m1_fish,M1 fish,region,Upper Gulf St Vincent,Upper Gulf St Vincent,Bloom 2025-11,20,Monacanthidae__Meuschenia__freycineti,Monacanthidae Meuschenia freycineti,Actinopterygii,Monacanthidae,Meuschenia,freycineti,Sixspine Leatherjacket,<i>Meuschenia freycineti</i><br>(Sixspine Leatherjacket),0,0,0,0,0,0,0
m1_fish,M1 fish,region,Upper Gulf St Vincent,Upper Gulf St Vincent,Bloom 2025-11,20,Monacanthidae__Meuschenia__galii,Monacanthidae Meuschenia galii,Actinopterygii,Monacanthidae,Meuschenia,galii,Bluelined Leatherjacket,<i>Meuschenia galii</i><br>(Bluelined Leatherjacket),0,0,0,0,0,0,0
m1_fish,M1 fish,region,Upper Gulf St Vincent,Upper Gulf St Vincent,Bloom 2025-11,20,Monacanthidae__Meuschenia__hippocrepis,Monacanthidae Meuschenia hippocrepis,Actinopterygii,Monacanthidae,Meuschenia,hippocrepis,Horseshoe Leatherjacket,<i>Meuschenia hippocrepis</i><br>(Horseshoe Leatherjacket),0,0,0,0,0,0,0
m1_fish,M1 fish,region,Upper Gulf St Vincent,Upper Gulf St Vincent,Bloom 2025-11,20,Monacanthidae__Meuschenia__venusta,Monacanthidae Meuschenia venusta,Actinopterygii,Monacanthidae,Meuschenia,venusta,Stars-and-stripes Leatherjacket,<i>Meuschenia venusta</i><br>(Stars-and-stripes Leatherjacket),0,0,0,0,0,0,0
m1_fish,M1 fish,region,Upper Gulf St Vincent,Upper Gulf St Vincent,Bloom 2025-11,20,Monacanthidae__Scobinichthys__granulatus,Monacanthidae Scobinichthys granulatus,Actinopterygii,Monacanthidae,Scobinichthys,granulatus,Rough Leatherjacket,<i>Scobinichthys granulatus</i><br>(Rough Leatherjacket),0,0,0,0,0,0,0
m1_fish,M1 fish,region,Upper Gulf St Vincent,Upper Gulf St Vincent,Bloom 2025-11,20,Monacanthidae__Thamnaconus__degeni,Monacanthidae Thamnaconus degeni,Actinopterygii,Monacanthidae,Thamnaconus,degeni,Bluefin Leatherjacket,<i>Thamnaconus degeni</i><br>(Bluefin Leatherjacket),0,0,0,0,0,0,0
m1_fish,M1 fish,region,Upper Gulf St Vincent,Upper Gulf St Vincent,Bloom 2025-11,20,Mullidae__Upeneichthys__vlamingii,Mullidae Upeneichthys vlamingii,Actinopterygii,Mullidae,Upeneichthys,vlamingii,Bluespotted Goatfish,<i>Upeneichthys vlamingii</i><br>(Bluespotted Goatfish),0,0,0,0,0,0,0
m1_fish,M1 fish,region,Upper Gulf St Vincent,Upper Gulf St Vincent,Bloom 2025-11,20,Myliobatidae__Myliobatis__tenuicaudatus,Myliobatidae Myliobatis tenuicaudatus,Elasmobranchii,Myliobatidae,Myliobatis,tenuicaudatus,Southern Eagle Ray,<i>Myliobatis tenuicaudatus</i><br>(Southern Eagle Ray),0,0,0,0,0,0,0
m1_fish,M1 fish,region,Upper Gulf St Vincent,Upper Gulf St Vincent,Bloom 2025-11,20,Ophiclinidae__Ophiclinus__spp,Ophiclinidae Ophiclinus spp,Actinopterygii,Ophiclinidae,Ophiclinus,spp,NA,<i>Ophiclinus spp</i>,0,0,0,0,0,0,0
m1_fish,M1 fish,region,Upper Gulf St Vincent,Upper Gulf St Vincent,Bloom 2025-11,20,Parascylliidae__Parascyllium__ferrugineum,Parascylliidae Parascyllium ferrugineum,Elasmobranchii,Parascylliidae,Parascyllium,ferrugineum,Rusty Carpetshark,<i>Parascyllium ferrugineum</i><br>(Rusty Carpetshark),0,0,0,0,0,0,0
m1_fish,M1 fish,region,Upper Gulf St Vincent,Upper Gulf St Vincent,Bloom 2025-11,20,Parascylliidae__Parascyllium__variolatum,Parascylliidae Parascyllium variolatum,Elasmobranchii,Parascylliidae,Parascyllium,variolatum,Varied Carpetshark,<i>Parascyllium variolatum</i><br>(Varied Carpetshark),0,0,0,0,0,0,0
m1_fish,M1 fish,region,Upper Gulf St Vincent,Upper Gulf St Vincent,Bloom 2025-11,20,Pataecidae__Aetapcus__maculatus,Pataecidae Aetapcus maculatus,Actinopterygii,Pataecidae,Aetapcus,maculatus,Warty Prowfish,<i>Aetapcus maculatus</i><br>(Warty Prowfish),0,0,0,0,0,0,0
m1_fish,M1 fish,region,Upper Gulf St Vincent,Upper Gulf St Vincent,Bloom 2025-11,20,Pempherididae__Parapriacanthus__elongatus,Pempherididae Parapriacanthus elongatus,Actinopterygii,Pempherididae,Parapriacanthus,elongatus,Elongate Bullseye,<i>Parapriacanthus elongatus</i><br>(Elongate Bullseye),0,0,0,0,0,0,0
m1_fish,M1 fish,region,Upper Gulf St Vincent,Upper Gulf St Vincent,Bloom 2025-11,20,Pempherididae__Pempheris__klunzingeri,Pempherididae Pempheris klunzingeri,Actinopterygii,Pempherididae,Pempheris,klunzingeri,Rough Bullseye,<i>Pempheris klunzingeri</i><br>(Rough Bullseye),4,5,6.5,20,8.944271909999161,0.25,0.11754058649540682
m1_fish,M1 fish,region,Upper Gulf St Vincent,Upper Gulf St Vincent,Bloom 2025-11,20,Pempherididae__Pempheris__multiradiata,Pempherididae Pempheris multiradiata,Actinopterygii,Pempherididae,Pempheris,multiradiata,Bigscale Bullseye,<i>Pempheris multiradiata</i><br>(Bigscale Bullseye),0,0,0,0,0,0,0
m1_fish,M1 fish,region,Upper Gulf St Vincent,Upper Gulf St Vincent,Bloom 2025-11,20,Pempherididae__Pempheris__ornata,Pempherididae Pempheris ornata,Actinopterygii,Pempherididae,Pempheris,ornata,Orangelined Bullseye,<i>Pempheris ornata</i><br>(Orangelined Bullseye),0,0,0,0,0,0,0
m1_fish,M1 fish,region,Upper Gulf St Vincent,Upper Gulf St Vincent,Bloom 2025-11,20,Pempherididae__Pempheris__spp,Pempherididae Pempheris spp,Actinopterygii,Pempherididae,Pempheris,spp,NA,<i>Pempheris spp</i>,0,0,0,0,0,0,0
m1_fish,M1 fish,region,Upper Gulf St Vincent,Upper Gulf St Vincent,Bloom 2025-11,20,Pentacerotidae__Pentaceropsis__recurvirostris,Pentacerotidae Pentaceropsis recurvirostris,Actinopterygii,Pentacerotidae,Pentaceropsis,recurvirostris,Longsnout Boarfish,<i>Pentaceropsis recurvirostris</i><br>(Longsnout Boarfish),0,0,0,0,0,0,0
m1_fish,M1 fish,region,Upper Gulf St Vincent,Upper Gulf St Vincent,Bloom 2025-11,20,Pinguipedidae__Parapercis__haackei,Pinguipedidae Parapercis haackei,Actinopterygii,Pinguipedidae,Parapercis,haackei,Wavy Grubfish,<i>Parapercis haackei</i><br>(Wavy Grubfish),0,0,0,0,0,0,0
m1_fish,M1 fish,region,Upper Gulf St Vincent,Upper Gulf St Vincent,Bloom 2025-11,20,Pinguipedidae__Parapercis__ramsayi,Pinguipedidae Parapercis ramsayi,Actinopterygii,Pinguipedidae,Parapercis,ramsayi,Spotted Grubfish,<i>Parapercis ramsayi</i><br>(Spotted Grubfish),0,0,0,0,0,0,0
m1_fish,M1 fish,region,Upper Gulf St Vincent,Upper Gulf St Vincent,Bloom 2025-11,20,Platycephalidae__Leviprora__inops,Platycephalidae Leviprora inops,Actinopterygii,Platycephalidae,Leviprora,inops,Longhead Flathead,<i>Leviprora inops</i><br>(Longhead Flathead),0,0,0,0,0,0,0
m1_fish,M1 fish,region,Upper Gulf St Vincent,Upper Gulf St Vincent,Bloom 2025-11,20,Platycephalidae__Platycephalus__laevigatus,Platycephalidae Platycephalus laevigatus,Actinopterygii,Platycephalidae,Platycephalus,laevigatus,Rock Flathead,<i>Platycephalus laevigatus</i><br>(Rock Flathead),0,0,0,0,0,0,0
m1_fish,M1 fish,region,Upper Gulf St Vincent,Upper Gulf St Vincent,Bloom 2025-11,20,Platycephalidae__Platycephalus__speculator,Platycephalidae Platycephalus speculator,Actinopterygii,Platycephalidae,Platycephalus,speculator,Southern Bluespotted Flathead,<i>Platycephalus speculator</i><br>(Southern Bluespotted Flathead),0,0,0,0,0,0,0
m1_fish,M1 fish,region,Upper Gulf St Vincent,Upper Gulf St Vincent,Bloom 2025-11,20,Plesiopidae__Paraplesiops__meleagris,Plesiopidae Paraplesiops meleagris,Actinopterygii,Plesiopidae,Paraplesiops,meleagris,Southern Blue Devil,<i>Paraplesiops meleagris</i><br>(Southern Blue Devil),0,0,0,0,0,0,0
m1_fish,M1 fish,region,Upper Gulf St Vincent,Upper Gulf St Vincent,Bloom 2025-11,20,Plesiopidae__Trachinops__caudimaculatus,Plesiopidae Trachinops caudimaculatus,Actinopterygii,Plesiopidae,Trachinops,caudimaculatus,Southern Hulafish,<i>Trachinops caudimaculatus</i><br>(Southern Hulafish),0,0,0,0,0,0,0
m1_fish,M1 fish,region,Upper Gulf St Vincent,Upper Gulf St Vincent,Bloom 2025-11,20,Plesiopidae__Trachinops__noarlungae,Plesiopidae Trachinops noarlungae,Actinopterygii,Plesiopidae,Trachinops,noarlungae,Yellowhead Hulafish,<i>Trachinops noarlungae</i><br>(Yellowhead Hulafish),0,0,0,0,0,0,0
m1_fish,M1 fish,region,Upper Gulf St Vincent,Upper Gulf St Vincent,Bloom 2025-11,20,Plotosidae__Cnidoglanis__macrocephalus,Plotosidae Cnidoglanis macrocephalus,Actinopterygii,Plotosidae,Cnidoglanis,macrocephalus,Estuary Cobbler,<i>Cnidoglanis macrocephalus</i><br>(Estuary Cobbler),0,0,0,0,0,0,0
m1_fish,M1 fish,region,Upper Gulf St Vincent,Upper Gulf St Vincent,Bloom 2025-11,20,Pomacentridae__Parma__victoriae,Pomacentridae Parma victoriae,Actinopterygii,Pomacentridae,Parma,victoriae,Scalyfin,<i>Parma victoriae</i><br>(Scalyfin),0,0,0,0,0,0,0
m1_fish,M1 fish,region,Upper Gulf St Vincent,Upper Gulf St Vincent,Bloom 2025-11,20,Scombridae__Scomber__australasicus,Scombridae Scomber australasicus,Actinopterygii,Scombridae,Scomber,australasicus,Blue Mackerel,<i>Scomber australasicus</i><br>(Blue Mackerel),0,0,0,0,0,0,0
m1_fish,M1 fish,region,Upper Gulf St Vincent,Upper Gulf St Vincent,Bloom 2025-11,20,Scorpididae__Scorpis__aequipinnis,Scorpididae Scorpis aequipinnis,Actinopterygii,Scorpididae,Scorpis,aequipinnis,Sea Sweep,<i>Scorpis aequipinnis</i><br>(Sea Sweep),1,1.5,2.25,5,4.873397172404482,0.075,0.075
m1_fish,M1 fish,region,Upper Gulf St Vincent,Upper Gulf St Vincent,Bloom 2025-11,20,Scorpididae__Scorpis__georgiana,Scorpididae Scorpis georgiana,Actinopterygii,Scorpididae,Scorpis,georgiana,Banded Sweep,<i>Scorpis georgiana</i><br>(Banded Sweep),0,0,0,0,0,0,0
m1_fish,M1 fish,region,Upper Gulf St Vincent,Upper Gulf St Vincent,Bloom 2025-11,20,Scorpididae__Scorpis__lineolata,Scorpididae Scorpis lineolata,Actinopterygii,Scorpididae,Scorpis,lineolata,Silver Sweep,<i>Scorpis lineolata</i><br>(Silver Sweep),0,0,0,0,0,0,0
m1_fish,M1 fish,region,Upper Gulf St Vincent,Upper Gulf St Vincent,Bloom 2025-11,20,Serranidae__Caesioperca__rasor,Serranidae Caesioperca rasor,Actinopterygii,Serranidae,Caesioperca,rasor,Barber Perch,<i>Caesioperca rasor</i><br>(Barber Perch),0,0,0,0,0,0,0
m1_fish,M1 fish,region,Upper Gulf St Vincent,Upper Gulf St Vincent,Bloom 2025-11,20,Serranidae__Hypoplectrodes__nigroruber,Serranidae Hypoplectrodes nigroruber,Actinopterygii,Serranidae,Hypoplectrodes,nigroruber,Banded Seaperch,<i>Hypoplectrodes nigroruber</i><br>(Banded Seaperch),0,0,0,0,0,0,0
m1_fish,M1 fish,region,Upper Gulf St Vincent,Upper Gulf St Vincent,Bloom 2025-11,20,Serranidae__Othos__dentex,Serranidae Othos dentex,Actinopterygii,Serranidae,Othos,dentex,Harlequin Fish,<i>Othos dentex</i><br>(Harlequin Fish),0,0,0,0,0,0,0
m1_fish,M1 fish,region,Upper Gulf St Vincent,Upper Gulf St Vincent,Bloom 2025-11,20,Sillaginidae__Sillaginidae__spp,Sillaginidae Unknown spp,Actinopterygii,Sillaginidae,Sillaginidae,spp,NA,<i>Sillaginidae spp</i>,1,3,9,5,4.873397172404482,0.15,0.15
m1_fish,M1 fish,region,Upper Gulf St Vincent,Upper Gulf St Vincent,Bloom 2025-11,20,Sillaginidae__Sillaginodes__punctatus,Sillaginidae Sillaginodes punctatus,Actinopterygii,Sillaginidae,Sillaginodes,punctatus,King George Whiting,<i>Sillaginodes punctatus</i><br>(King George Whiting),0,0,0,0,0,0,0
m1_fish,M1 fish,region,Upper Gulf St Vincent,Upper Gulf St Vincent,Bloom 2025-11,20,Sparidae__Acanthopagrus__butcheri,Sparidae Acanthopagrus butcheri,Actinopterygii,Sparidae,Acanthopagrus,butcheri,Black Bream,<i>Acanthopagrus butcheri</i><br>(Black Bream),3,11,53.5,15,7.984359711335657,0.55,0.35336726086697895
m1_fish,M1 fish,region,Upper Gulf St Vincent,Upper Gulf St Vincent,Bloom 2025-11,20,Sparidae__Chrysophrys__auratus,Sparidae Chrysophrys auratus,Actinopterygii,Sparidae,Chrysophrys,auratus,Snapper,<i>Chrysophrys auratus</i><br>(Snapper),2,2,2,10,6.708203932499369,0.1,0.06882472016116853
m1_fish,M1 fish,region,Upper Gulf St Vincent,Upper Gulf St Vincent,Bloom 2025-11,20,Sphyraenidae__Sphyraena__novaehollandiae,Sphyraenidae Sphyraena novaehollandiae,Actinopterygii,Sphyraenidae,Sphyraena,novaehollandiae,Snook,<i>Sphyraena novaehollandiae</i><br>(Snook),0,0,0,0,0,0,0
m1_fish,M1 fish,region,Upper Gulf St Vincent,Upper Gulf St Vincent,Bloom 2025-11,20,Syngnathidae__Phycodurus__eques,Syngnathidae Phycodurus eques,Actinopterygii,Syngnathidae,Phycodurus,eques,Leafy Seadragon,<i>Phycodurus eques</i><br>(Leafy Seadragon),0,0,0,0,0,0,0
m1_fish,M1 fish,region,Upper Gulf St Vincent,Upper Gulf St Vincent,Bloom 2025-11,20,Syngnathidae__Phyllopteryx__taeniolatus,Syngnathidae Phyllopteryx taeniolatus,Actinopterygii,Syngnathidae,Phyllopteryx,taeniolatus,Common Seadragon,<i>Phyllopteryx taeniolatus</i><br>(Common Seadragon),0,0,0,0,0,0,0
m1_fish,M1 fish,region,Upper Gulf St Vincent,Upper Gulf St Vincent,Bloom 2025-11,20,Syngnathidae__Pugnaso__curtirostris,Syngnathidae Pugnaso curtirostris,Actinopterygii,Syngnathidae,Pugnaso,curtirostris,Pugnose Pipefish,<i>Pugnaso curtirostris</i><br>(Pugnose Pipefish),0,0,0,0,0,0,0
m1_fish,M1 fish,region,Upper Gulf St Vincent,Upper Gulf St Vincent,Bloom 2025-11,20,Terapontidae__Helotes__octolineatus,Terapontidae Helotes octolineatus,Actinopterygii,Terapontidae,Helotes,octolineatus,NA,<i>Helotes octolineatus</i>,0,0,0,0,0,0,0
m1_fish,M1 fish,region,Upper Gulf St Vincent,Upper Gulf St Vincent,Bloom 2025-11,20,Tetraodontidae__Omegophora__armilla,Tetraodontidae Omegophora armilla,Actinopterygii,Tetraodontidae,Omegophora,armilla,Ringed Toadfish,<i>Omegophora armilla</i><br>(Ringed Toadfish),0,0,0,0,0,0,0
m1_fish,M1 fish,region,Upper Gulf St Vincent,Upper Gulf St Vincent,Bloom 2025-11,20,Tetraodontidae__Omegophora__cyanopunctata,Tetraodontidae Omegophora cyanopunctata,Actinopterygii,Tetraodontidae,Omegophora,cyanopunctata,Bluespotted Toadfish,<i>Omegophora cyanopunctata</i><br>(Bluespotted Toadfish),0,0,0,0,0,0,0
m1_fish,M1 fish,region,Upper Gulf St Vincent,Upper Gulf St Vincent,Bloom 2025-11,20,Tetraodontidae__Tetractenos__glaber,Tetraodontidae Tetractenos glaber,Actinopterygii,Tetraodontidae,Tetractenos,glaber,Smooth Toadfish,<i>Tetractenos glaber</i><br>(Smooth Toadfish),0,0,0,0,0,0,0
m1_fish,M1 fish,region,Upper Gulf St Vincent,Upper Gulf St Vincent,Bloom 2025-11,20,Tetraodontidae__Torquigener__pleurogramma,Tetraodontidae Torquigener pleurogramma,Actinopterygii,Tetraodontidae,Torquigener,pleurogramma,Weeping Toadfish,<i>Torquigener pleurogramma</i><br>(Weeping Toadfish),0,0,0,0,0,0,0
m1_fish,M1 fish,region,Upper Gulf St Vincent,Upper Gulf St Vincent,Bloom 2025-11,20,Trachichthyidae__Trachichthys__australis,Trachichthyidae Trachichthys australis,Actinopterygii,Trachichthyidae,Trachichthys,australis,Southern Roughy,<i>Trachichthys australis</i><br>(Southern Roughy),0,0,0,0,0,0,0
m1_fish,M1 fish,region,Upper Gulf St Vincent,Upper Gulf St Vincent,Bloom 2025-11,20,Tripterygiidae__Helcogramma__decurrens,Tripterygiidae Helcogramma decurrens,Actinopterygii,Tripterygiidae,Helcogramma,decurrens,Blackthroat Threefin,<i>Helcogramma decurrens</i><br>(Blackthroat Threefin),0,0,0,0,0,0,0
m1_fish,M1 fish,region,Upper Gulf St Vincent,Upper Gulf St Vincent,Bloom 2025-11,20,Tripterygiidae__Trinorfolkia__clarkei,Tripterygiidae Trinorfolkia clarkei,Actinopterygii,Tripterygiidae,Trinorfolkia,clarkei,Clark's Threefin,<i>Trinorfolkia clarkei</i><br>(Clark's Threefin),0,0,0,0,0,0,0
m1_fish,M1 fish,region,Upper Gulf St Vincent,Upper Gulf St Vincent,Bloom 2025-11,20,Tripterygiidae__Trinorfolkia__cristata,Tripterygiidae Trinorfolkia cristata,Actinopterygii,Tripterygiidae,Trinorfolkia,cristata,Crested Threefin,<i>Trinorfolkia cristata</i><br>(Crested Threefin),0,0,0,0,0,0,0
m1_fish,M1 fish,region,Upper Gulf St Vincent,Upper Gulf St Vincent,Bloom 2025-11,20,Tripterygiidae__Tripterygiidae__spp,Tripterygiidae Unknown spp,Actinopterygii,Tripterygiidae,Tripterygiidae,spp,NA,<i>Tripterygiidae spp</i>,0,0,0,0,0,0,0
m1_fish,M1 fish,region,Upper Gulf St Vincent,Upper Gulf St Vincent,Bloom 2025-11,20,Trygonorrhinidae__Aptychotrema__vincentiana,Trygonorrhinidae Aptychotrema vincentiana,Elasmobranchii,Trygonorrhinidae,Aptychotrema,vincentiana,Western Shovelnose Ray,<i>Aptychotrema vincentiana</i><br>(Western Shovelnose Ray),0,0,0,0,0,0,0
m1_fish,M1 fish,region,Upper Gulf St Vincent,Upper Gulf St Vincent,Bloom 2025-11,20,Trygonorrhinidae__Trygonorrhina__fasciata,Trygonorrhinidae Trygonorrhina fasciata,Elasmobranchii,Trygonorrhinidae,Trygonorrhina,fasciata,Eastern Fiddler Ray,<i>Trygonorrhina fasciata</i><br>(Eastern Fiddler Ray),0,0,0,0,0,0,0
m1_fish,M1 fish,region,Upper Gulf St Vincent,Upper Gulf St Vincent,Bloom 2025-11,20,Urolophidae__Urolophus__spp,Urolophidae Urolophus spp,Elasmobranchii,Urolophidae,Urolophus,spp,NA,<i>Urolophus spp</i>,0,0,0,0,0,0,0
m1_fish,M1 fish,region,Upper Gulf St Vincent,Upper Gulf St Vincent,Pre-bloom,72,Antennariidae__Rhycherus__filamentosus,Antennariidae Rhycherus filamentosus,Actinopterygii,Antennariidae,Rhycherus,filamentosus,Tasselled Anglerfish,<i>Rhycherus filamentosus</i><br>(Tasselled Anglerfish),1,0.5,0.25,1.3888888888888888,1.3792101027561323,0.006944444444444444,0.006944444444444445
m1_fish,M1 fish,region,Upper Gulf St Vincent,Upper Gulf St Vincent,Pre-bloom,72,Aplodactylidae__Aplodactylus__arctidens,Aplodactylidae Aplodactylus arctidens,Actinopterygii,Aplodactylidae,Aplodactylus,arctidens,Marblefish,<i>Aplodactylus arctidens</i><br>(Marblefish),0,0,0,0,0,0,0
m1_fish,M1 fish,region,Upper Gulf St Vincent,Upper Gulf St Vincent,Pre-bloom,72,Aplodactylidae__Aplodactylus__westralis,Aplodactylidae Aplodactylus westralis,Actinopterygii,Aplodactylidae,Aplodactylus,westralis,Western Seacarp,<i>Aplodactylus westralis</i><br>(Western Seacarp),0,0,0,0,0,0,0
m1_fish,M1 fish,region,Upper Gulf St Vincent,Upper Gulf St Vincent,Pre-bloom,72,Apogonidae__Ostorhinchus__victoriae,Apogonidae Ostorhinchus victoriae,Actinopterygii,Apogonidae,Ostorhinchus,victoriae,Western Striped Cardinalfish,<i>Ostorhinchus victoriae</i><br>(Western Striped Cardinalfish),0,0,0,0,0,0,0
m1_fish,M1 fish,region,Upper Gulf St Vincent,Upper Gulf St Vincent,Pre-bloom,72,Apogonidae__Siphamia__cephalotes,Apogonidae Siphamia cephalotes,Actinopterygii,Apogonidae,Siphamia,cephalotes,Wood's Siphonfish,<i>Siphamia cephalotes</i><br>(Wood's Siphonfish),33,1128,94240.5,45.833333333333336,5.872060599058251,15.666666666666666,3.8701664790936117
m1_fish,M1 fish,region,Upper Gulf St Vincent,Upper Gulf St Vincent,Pre-bloom,72,Apogonidae__Vincentia__conspersa,Apogonidae Vincentia conspersa,Actinopterygii,Apogonidae,Vincentia,conspersa,Southern Cardinalfish,<i>Vincentia conspersa</i><br>(Southern Cardinalfish),2,1,0.5,2.7777777777777777,1.936713024384434,0.013888888888888888,0.0097515207986029109
m1_fish,M1 fish,region,Upper Gulf St Vincent,Upper Gulf St Vincent,Pre-bloom,72,Aracanidae__Anoplocapros__amygdaloides,Aracanidae Anoplocapros amygdaloides,Actinopterygii,Aracanidae,Anoplocapros,amygdaloides,Western Smooth Boxfish,<i>Anoplocapros amygdaloides</i><br>(Western Smooth Boxfish),0,0,0,0,0,0,0
m1_fish,M1 fish,region,Upper Gulf St Vincent,Upper Gulf St Vincent,Pre-bloom,72,Aracanidae__Anoplocapros__lenticularis,Aracanidae Anoplocapros lenticularis,Actinopterygii,Aracanidae,Anoplocapros,lenticularis,Whitebarred Boxfish,<i>Anoplocapros lenticularis</i><br>(Whitebarred Boxfish),0,0,0,0,0,0,0
m1_fish,M1 fish,region,Upper Gulf St Vincent,Upper Gulf St Vincent,Pre-bloom,72,Aracanidae__Aracana__aurita,Aracanidae Aracana aurita,Actinopterygii,Aracanidae,Aracana,aurita,Shaw's Cowfish,<i>Aracana aurita</i><br>(Shaw's Cowfish),7,4,2.5,9.722222222222221,3.491459057638508,0.05555555555555555,0.02110864000033836
m1_fish,M1 fish,region,Upper Gulf St Vincent,Upper Gulf St Vincent,Pre-bloom,72,Aracanidae__Aracana__ornata,Aracanidae Aracana ornata,Actinopterygii,Aracanidae,Aracana,ornata,Ornate Cowfish,<i>Aracana ornata</i><br>(Ornate Cowfish),4,3,3,5.555555555555555,2.6995147661320837,0.041666666666666664,0.023715020365230932
m1_fish,M1 fish,region,Upper Gulf St Vincent,Upper Gulf St Vincent,Pre-bloom,72,Arripidae__Arripis__georgianus,Arripidae Arripis georgianus,Actinopterygii,Arripidae,Arripis,georgianus,Australian Herring,<i>Arripis georgianus</i><br>(Australian Herring),0,0,0,0,0,0,0
m1_fish,M1 fish,region,Upper Gulf St Vincent,Upper Gulf St Vincent,Pre-bloom,72,Arripidae__Arripis__spp,Arripidae Arripis spp,Actinopterygii,Arripidae,Arripis,spp,NA,<i>Arripis spp</i>,0,0,0,0,0,0,0
m1_fish,M1 fish,region,Upper Gulf St Vincent,Upper Gulf St Vincent,Pre-bloom,72,Arripidae__Arripis__truttaceus,Arripidae Arripis truttaceus,Actinopterygii,Arripidae,Arripis,truttaceus,Western Australian Salmon,<i>Arripis truttaceus</i><br>(Western Australian Salmon),0,0,0,0,0,0,0
m1_fish,M1 fish,region,Upper Gulf St Vincent,Upper Gulf St Vincent,Pre-bloom,72,Atherinidae__Atherinidae__spp,Atherinidae Unknown spp,Actinopterygii,Atherinidae,Atherinidae,spp,NA,<i>Atherinidae spp</i>,0,0,0,0,0,0,0
m1_fish,M1 fish,region,Upper Gulf St Vincent,Upper Gulf St Vincent,Pre-bloom,72,Berycidae__Centroberyx__gerrardi,Berycidae Centroberyx gerrardi,Actinopterygii,Berycidae,Centroberyx,gerrardi,Bight Redfish,<i>Centroberyx gerrardi</i><br>(Bight Redfish),0,0,0,0,0,0,0
m1_fish,M1 fish,region,Upper Gulf St Vincent,Upper Gulf St Vincent,Pre-bloom,72,Berycidae__Centroberyx__lineatus,Berycidae Centroberyx lineatus,Actinopterygii,Berycidae,Centroberyx,lineatus,Swallowtail,<i>Centroberyx lineatus</i><br>(Swallowtail),0,0,0,0,0,0,0
m1_fish,M1 fish,region,Upper Gulf St Vincent,Upper Gulf St Vincent,Pre-bloom,72,Bovichtidae__Bovichtus__angustifrons,Bovichtidae Bovichtus angustifrons,Actinopterygii,Bovichtidae,Bovichtus,angustifrons,Dragonet,<i>Bovichtus angustifrons</i><br>(Dragonet),0,0,0,0,0,0,0
m1_fish,M1 fish,region,Upper Gulf St Vincent,Upper Gulf St Vincent,Pre-bloom,72,Callionymidae__Eocallionymus__papilio,Callionymidae Eocallionymus papilio,Actinopterygii,Callionymidae,Eocallionymus,papilio,Painted Stinkfish,<i>Eocallionymus papilio</i><br>(Painted Stinkfish),0,0,0,0,0,0,0
m1_fish,M1 fish,region,Upper Gulf St Vincent,Upper Gulf St Vincent,Pre-bloom,72,Carangidae__Pseudocaranx__spp,Carangidae Pseudocaranx spp,Actinopterygii,Carangidae,Pseudocaranx,spp,NA,<i>Pseudocaranx spp</i>,0,0,0,0,0,0,0
m1_fish,M1 fish,region,Upper Gulf St Vincent,Upper Gulf St Vincent,Pre-bloom,72,Carangidae__Seriola__lalandi,Carangidae Seriola lalandi,Actinopterygii,Carangidae,Seriola,lalandi,Yellowtail Kingfish,<i>Seriola lalandi</i><br>(Yellowtail Kingfish),0,0,0,0,0,0,0
m1_fish,M1 fish,region,Upper Gulf St Vincent,Upper Gulf St Vincent,Pre-bloom,72,Carangidae__Trachurus__novaezelandiae,Carangidae Trachurus novaezelandiae,Actinopterygii,Carangidae,Trachurus,novaezelandiae,Yellowtail Scad,<i>Trachurus novaezelandiae</i><br>(Yellowtail Scad),1,10,100,1.3888888888888888,1.3792101027561323,0.1388888888888889,0.1388888888888889
m1_fish,M1 fish,region,Upper Gulf St Vincent,Upper Gulf St Vincent,Pre-bloom,72,Chaetodontidae__Chelmonops__curiosus,Chaetodontidae Chelmonops curiosus,Actinopterygii,Chaetodontidae,Chelmonops,curiosus,Western Talma,<i>Chelmonops curiosus</i><br>(Western Talma),18,21.5,51.75,25,5.103103630798287,0.2986111111111111,0.09416657433946939
m1_fish,M1 fish,region,Upper Gulf St Vincent,Upper Gulf St Vincent,Pre-bloom,72,Cheilodactylidae__Cheilodactylus__nigripes,Cheilodactylidae Cheilodactylus nigripes,Actinopterygii,Cheilodactylidae,Cheilodactylus,nigripes,Magpie Perch,<i>Cheilodactylus nigripes</i><br>(Magpie Perch),11,20.5,78.25,15.277777777777779,4.239967380558843,0.2847222222222222,0.11901821447348414
m1_fish,M1 fish,region,Upper Gulf St Vincent,Upper Gulf St Vincent,Pre-bloom,72,Cheilodactylidae__Cheilodactylus__spectabilis,Cheilodactylidae Cheilodactylus spectabilis,Actinopterygii,Cheilodactylidae,Cheilodactylus,spectabilis,Banded Morwong,<i>Cheilodactylus spectabilis</i><br>(Banded Morwong),0,0,0,0,0,0,0
m1_fish,M1 fish,region,Upper Gulf St Vincent,Upper Gulf St Vincent,Pre-bloom,72,Cheilodactylidae__Dactylophora__nigricans,Cheilodactylidae Dactylophora nigricans,Actinopterygii,Cheilodactylidae,Dactylophora,nigricans,Dusky Morwong,<i>Dactylophora nigricans</i><br>(Dusky Morwong),19,17,19.5,26.38888888888889,5.194167979702981,0.2361111111111111,0.05503966259303439
m1_fish,M1 fish,region,Upper Gulf St Vincent,Upper Gulf St Vincent,Pre-bloom,72,Cheilodactylidae__Nemadactylus__valenciennesi,Cheilodactylidae Nemadactylus valenciennesi,Actinopterygii,Cheilodactylidae,Nemadactylus,valenciennesi,Blue Morwong,<i>Nemadactylus valenciennesi</i><br>(Blue Morwong),0,0,0,0,0,0,0
m1_fish,M1 fish,region,Upper Gulf St Vincent,Upper Gulf St Vincent,Pre-bloom,72,Chironemidae__Chironemus__georgianus,Chironemidae Chironemus georgianus,Actinopterygii,Chironemidae,Chironemus,georgianus,Western Kelpfish,<i>Chironemus georgianus</i><br>(Western Kelpfish),0,0,0,0,0,0,0
m1_fish,M1 fish,region,Upper Gulf St Vincent,Upper Gulf St Vincent,Pre-bloom,72,Chironemidae__Chironemus__maculosus,Chironemidae Chironemus maculosus,Actinopterygii,Chironemidae,Chironemus,maculosus,Silver Spot,<i>Chironemus maculosus</i><br>(Silver Spot),0,0,0,0,0,0,0
m1_fish,M1 fish,region,Upper Gulf St Vincent,Upper Gulf St Vincent,Pre-bloom,72,Clinidae__Heteroclinus__spp,Clinidae Heteroclinus spp,Actinopterygii,Clinidae,Heteroclinus,spp,NA,<i>Heteroclinus spp</i>,0,0,0,0,0,0,0
m1_fish,M1 fish,region,Upper Gulf St Vincent,Upper Gulf St Vincent,Pre-bloom,72,Clupeidae__Clupeidae__spp,Clupeidae Unknown spp,Actinopterygii,Clupeidae,Clupeidae,spp,NA,<i>Clupeidae spp</i>,2,95,7325,2.7777777777777777,1.936713024384434,1.3194444444444444,1.1867530413929572
m1_fish,M1 fish,region,Upper Gulf St Vincent,Upper Gulf St Vincent,Pre-bloom,72,Clupeidae__Hyperlophus__vittatus,Clupeidae Hyperlophus vittatus,Actinopterygii,Clupeidae,Hyperlophus,vittatus,Sandy Sprat,<i>Hyperlophus vittatus</i><br>(Sandy Sprat),0,0,0,0,0,0,0
m1_fish,M1 fish,region,Upper Gulf St Vincent,Upper Gulf St Vincent,Pre-bloom,72,Clupeidae__Spratelloides__robustus,Clupeidae Spratelloides robustus,Actinopterygii,Clupeidae,Spratelloides,robustus,Blue Sprat,<i>Spratelloides robustus</i><br>(Blue Sprat),0,0,0,0,0,0,0
m1_fish,M1 fish,region,Upper Gulf St Vincent,Upper Gulf St Vincent,Pre-bloom,72,Dasyatidae__Bathytoshia__lata,Dasyatidae Bathytoshia lata,Elasmobranchii,Dasyatidae,Bathytoshia,lata,Black Stingray,<i>Bathytoshia lata</i><br>(Black Stingray),0,0,0,0,0,0,0
m1_fish,M1 fish,region,Upper Gulf St Vincent,Upper Gulf St Vincent,Pre-bloom,72,Dinolestidae__Dinolestes__lewini,Dinolestidae Dinolestes lewini,Actinopterygii,Dinolestidae,Dinolestes,lewini,Longfin Pike,<i>Dinolestes lewini</i><br>(Longfin Pike),1,0.5,0.25,1.3888888888888888,1.3792101027561323,0.006944444444444444,0.006944444444444445
m1_fish,M1 fish,region,Upper Gulf St Vincent,Upper Gulf St Vincent,Pre-bloom,72,Diodontidae__Diodon__nicthemerus,Diodontidae Diodon nicthemerus,Actinopterygii,Diodontidae,Diodon,nicthemerus,Globefish,<i>Diodon nicthemerus</i><br>(Globefish),2,1,0.5,2.7777777777777777,1.936713024384434,0.013888888888888888,0.0097515207986029109
m1_fish,M1 fish,region,Upper Gulf St Vincent,Upper Gulf St Vincent,Pre-bloom,72,Enoplosidae__Enoplosus__armatus,Enoplosidae Enoplosus armatus,Actinopterygii,Enoplosidae,Enoplosus,armatus,Old Wife,<i>Enoplosus armatus</i><br>(Old Wife),3,10.5,38.75,4.166666666666667,2.3549756885851627,0.14583333333333334,0.08532680203511618
m1_fish,M1 fish,region,Upper Gulf St Vincent,Upper Gulf St Vincent,Pre-bloom,72,Gerreidae__Parequula__melbournensis,Gerreidae Parequula melbournensis,Actinopterygii,Gerreidae,Parequula,melbournensis,Silverbelly,<i>Parequula melbournensis</i><br>(Silverbelly),6,3,1.5,8.333333333333334,3.257233166544048,0.041666666666666664,0.016400456117936762
m1_fish,M1 fish,region,Upper Gulf St Vincent,Upper Gulf St Vincent,Pre-bloom,72,Girellidae__Girella__tricuspidata,Girellidae Girella tricuspidata,Actinopterygii,Girellidae,Girella,tricuspidata,Luderick,<i>Girella tricuspidata</i><br>(Luderick),0,0,0,0,0,0,0
m1_fish,M1 fish,region,Upper Gulf St Vincent,Upper Gulf St Vincent,Pre-bloom,72,Girellidae__Girella__zebra,Girellidae Girella zebra,Actinopterygii,Girellidae,Girella,zebra,Zebrafish,<i>Girella zebra</i><br>(Zebrafish),1,15,225,1.3888888888888888,1.3792101027561323,0.20833333333333334,0.20833333333333337
m1_fish,M1 fish,region,Upper Gulf St Vincent,Upper Gulf St Vincent,Pre-bloom,72,Gobiesocidae__Gobiesocidae__spp,Gobiesocidae Unknown spp,Actinopterygii,Gobiesocidae,Gobiesocidae,spp,NA,<i>Gobiesocidae spp</i>,0,0,0,0,0,0,0
m1_fish,M1 fish,region,Upper Gulf St Vincent,Upper Gulf St Vincent,Pre-bloom,72,Gobiidae__Gobiidae__spp,Gobiidae Unknown spp,Actinopterygii,Gobiidae,Gobiidae,spp,NA,<i>Gobiidae spp</i>,0,0,0,0,0,0,0
m1_fish,M1 fish,region,Upper Gulf St Vincent,Upper Gulf St Vincent,Pre-bloom,72,Gobiidae__Nesogobius__pulchellus,Gobiidae Nesogobius pulchellus,Actinopterygii,Gobiidae,Nesogobius,pulchellus,Sailfin Goby,<i>Nesogobius pulchellus</i><br>(Sailfin Goby),0,0,0,0,0,0,0
m1_fish,M1 fish,region,Upper Gulf St Vincent,Upper Gulf St Vincent,Pre-bloom,72,Heterodontidae__Heterodontus__portusjacksoni,Heterodontidae Heterodontus portusjacksoni,Elasmobranchii,Heterodontidae,Heterodontus,portusjacksoni,Port Jackson Shark,<i>Heterodontus portusjacksoni</i><br>(Port Jackson Shark),0,0,0,0,0,0,0
m1_fish,M1 fish,region,Upper Gulf St Vincent,Upper Gulf St Vincent,Pre-bloom,72,Hypnidae__Hypnos__monopterygius,Hypnidae Hypnos monopterygius,Elasmobranchii,Hypnidae,Hypnos,monopterygius,Coffin Ray,<i>Hypnos monopterygius</i><br>(Coffin Ray),0,0,0,0,0,0,0
m1_fish,M1 fish,region,Upper Gulf St Vincent,Upper Gulf St Vincent,Pre-bloom,72,Kyphosidae__Kyphosus__sydneyanus,Kyphosidae Kyphosus sydneyanus,Actinopterygii,Kyphosidae,Kyphosus,sydneyanus,Silver Drummer,<i>Kyphosus sydneyanus</i><br>(Silver Drummer),0,0,0,0,0,0,0
m1_fish,M1 fish,region,Upper Gulf St Vincent,Upper Gulf St Vincent,Pre-bloom,72,Labridae__Achoerodus__gouldii,Labridae Achoerodus gouldii,Actinopterygii,Labridae,Achoerodus,gouldii,Western Blue Groper,<i>Achoerodus gouldii</i><br>(Western Blue Groper),0,0,0,0,0,0,0
m1_fish,M1 fish,region,Upper Gulf St Vincent,Upper Gulf St Vincent,Pre-bloom,72,Labridae__Austrolabrus__maculatus,Labridae Austrolabrus maculatus,Actinopterygii,Labridae,Austrolabrus,maculatus,Blackspotted Wrasse,<i>Austrolabrus maculatus</i><br>(Blackspotted Wrasse),11,9,10,15.277777777777779,4.239967380558843,0.125,0.04166666666666667
m1_fish,M1 fish,region,Upper Gulf St Vincent,Upper Gulf St Vincent,Pre-bloom,72,Labridae__Dotalabrus__aurantiacus,Labridae Dotalabrus aurantiacus,Actinopterygii,Labridae,Dotalabrus,aurantiacus,Castelnau's Wrasse,<i>Dotalabrus aurantiacus</i><br>(Castelnau's Wrasse),2,4,12.5,2.7777777777777777,1.936713024384434,0.05555555555555555,0.04900771588546243
m1_fish,M1 fish,region,Upper Gulf St Vincent,Upper Gulf St Vincent,Pre-bloom,72,Labridae__Eupetrichthys__angustipes,Labridae Eupetrichthys angustipes,Actinopterygii,Labridae,Eupetrichthys,angustipes,Snakeskin Wrasse,<i>Eupetrichthys angustipes</i><br>(Snakeskin Wrasse),0,0,0,0,0,0,0
m1_fish,M1 fish,region,Upper Gulf St Vincent,Upper Gulf St Vincent,Pre-bloom,72,Labridae__Haletta__semifasciata,Labridae Haletta semifasciata,Actinopterygii,Labridae,Haletta,semifasciata,Blue Weed Whiting,<i>Haletta semifasciata</i><br>(Blue Weed Whiting),3,2.5,2.75,4.166666666666667,2.3549756885851627,0.034722222222222224,0.022824749270762428
m1_fish,M1 fish,region,Upper Gulf St Vincent,Upper Gulf St Vincent,Pre-bloom,72,Labridae__Heteroscarus__acroptilus,Labridae Heteroscarus acroptilus,Actinopterygii,Labridae,Heteroscarus,acroptilus,Rainbow Cale,<i>Heteroscarus acroptilus</i><br>(Rainbow Cale),0,0,0,0,0,0,0
m1_fish,M1 fish,region,Upper Gulf St Vincent,Upper Gulf St Vincent,Pre-bloom,72,Labridae__Neoodax__balteatus,Labridae Neoodax balteatus,Actinopterygii,Labridae,Neoodax,balteatus,Little Weed Whiting,<i>Neoodax balteatus</i><br>(Little Weed Whiting),59,269,4259,81.94444444444444,4.533137969344014,3.736111111111111,0.7978337885360063
m1_fish,M1 fish,region,Upper Gulf St Vincent,Upper Gulf St Vincent,Pre-bloom,72,Labridae__Notolabrus__fucicola,Labridae Notolabrus fucicola,Actinopterygii,Labridae,Notolabrus,fucicola,Purple Wrasse,<i>Notolabrus fucicola</i><br>(Purple Wrasse),0,0,0,0,0,0,0
m1_fish,M1 fish,region,Upper Gulf St Vincent,Upper Gulf St Vincent,Pre-bloom,72,Labridae__Notolabrus__parilus,Labridae Notolabrus parilus,Actinopterygii,Labridae,Notolabrus,parilus,Brownspotted Wrasse,<i>Notolabrus parilus</i><br>(Brownspotted Wrasse),5,3.5,2.75,6.944444444444445,2.9958747929501817,0.04861111111111111,0.022464809513832607
m1_fish,M1 fish,region,Upper Gulf St Vincent,Upper Gulf St Vincent,Pre-bloom,72,Labridae__Notolabrus__tetricus,Labridae Notolabrus tetricus,Actinopterygii,Labridae,Notolabrus,tetricus,Bluethroat Wrasse,<i>Notolabrus tetricus</i><br>(Bluethroat Wrasse),0,0,0,0,0,0,0
m1_fish,M1 fish,region,Upper Gulf St Vincent,Upper Gulf St Vincent,Pre-bloom,72,Labridae__Olisthops__cyanomelas,Labridae Olisthops cyanomelas,Actinopterygii,Labridae,Olisthops,cyanomelas,Herring Cale,<i>Olisthops cyanomelas</i><br>(Herring Cale),0,0,0,0,0,0,0
m1_fish,M1 fish,region,Upper Gulf St Vincent,Upper Gulf St Vincent,Pre-bloom,72,Labridae__Ophthalmolepis__lineolatus,Labridae Ophthalmolepis lineolatus,Actinopterygii,Labridae,Ophthalmolepis,lineolatus,Southern Maori Wrasse,<i>Ophthalmolepis lineolatus</i><br>(Southern Maori Wrasse),0,0,0,0,0,0,0
m1_fish,M1 fish,region,Upper Gulf St Vincent,Upper Gulf St Vincent,Pre-bloom,72,Labridae__Pictilabrus__laticlavius,Labridae Pictilabrus laticlavius,Actinopterygii,Labridae,Pictilabrus,laticlavius,Senator Wrasse,<i>Pictilabrus laticlavius</i><br>(Senator Wrasse),0,0,0,0,0,0,0
m1_fish,M1 fish,region,Upper Gulf St Vincent,Upper Gulf St Vincent,Pre-bloom,72,Labridae__Pseudolabrus__rubicundus,Labridae Pseudolabrus rubicundus,Actinopterygii,Labridae,Pseudolabrus,rubicundus,Rosy Wrasse,<i>Pseudolabrus rubicundus</i><br>(Rosy Wrasse),0,0,0,0,0,0,0
m1_fish,M1 fish,region,Upper Gulf St Vincent,Upper Gulf St Vincent,Pre-bloom,72,Labridae__Siphonognathus__argyrophanes,Labridae Siphonognathus argyrophanes,Actinopterygii,Labridae,Siphonognathus,argyrophanes,Tubemouth,<i>Siphonognathus argyrophanes</i><br>(Tubemouth),0,0,0,0,0,0,0
m1_fish,M1 fish,region,Upper Gulf St Vincent,Upper Gulf St Vincent,Pre-bloom,72,Labridae__Siphonognathus__attenuatus,Labridae Siphonognathus attenuatus,Actinopterygii,Labridae,Siphonognathus,attenuatus,Slender Weed Whiting,<i>Siphonognathus attenuatus</i><br>(Slender Weed Whiting),8,9,15,11.11111111111111,3.7037037037037033,0.125,0.05209800262902862
m1_fish,M1 fish,region,Upper Gulf St Vincent,Upper Gulf St Vincent,Pre-bloom,72,Labridae__Siphonognathus__beddomei,Labridae Siphonognathus beddomei,Actinopterygii,Labridae,Siphonognathus,beddomei,Pencil Weed Whiting,<i>Siphonognathus beddomei</i><br>(Pencil Weed Whiting),6,8,19.5,8.333333333333334,3.257233166544048,0.1111111111111111,0.0603379746728339
m1_fish,M1 fish,region,Upper Gulf St Vincent,Upper Gulf St Vincent,Pre-bloom,72,Labridae__Siphonognathus__caninis,Labridae Siphonognathus caninis,Actinopterygii,Labridae,Siphonognathus,caninis,Sharpnose Weed Whiting,<i>Siphonognathus caninis</i><br>(Sharpnose Weed Whiting),0,0,0,0,0,0,0
m1_fish,M1 fish,region,Upper Gulf St Vincent,Upper Gulf St Vincent,Pre-bloom,72,Labridae__Siphonognathus__radiatus,Labridae Siphonognathus radiatus,Actinopterygii,Labridae,Siphonognathus,radiatus,Longray Weed Whiting,<i>Siphonognathus radiatus</i><br>(Longray Weed Whiting),0,0,0,0,0,0,0
m1_fish,M1 fish,region,Upper Gulf St Vincent,Upper Gulf St Vincent,Pre-bloom,72,Labridae__Siphonognathus__spp,Labridae Siphonognathus spp,Actinopterygii,Labridae,Siphonognathus,spp,NA,<i>Siphonognathus spp</i>,0,0,0,0,0,0,0
m1_fish,M1 fish,region,Upper Gulf St Vincent,Upper Gulf St Vincent,Pre-bloom,72,Labridae__Siphonognathus__tanyourus,Labridae Siphonognathus tanyourus,Actinopterygii,Labridae,Siphonognathus,tanyourus,Longtail Weed Whiting,<i>Siphonognathus tanyourus</i><br>(Longtail Weed Whiting),0,0,0,0,0,0,0
m1_fish,M1 fish,region,Upper Gulf St Vincent,Upper Gulf St Vincent,Pre-bloom,72,Microcanthidae__Neatypus__obliquus,Microcanthidae Neatypus obliquus,Actinopterygii,Microcanthidae,Neatypus,obliquus,Footballer Sweep,<i>Neatypus obliquus</i><br>(Footballer Sweep),0,0,0,0,0,0,0
m1_fish,M1 fish,region,Upper Gulf St Vincent,Upper Gulf St Vincent,Pre-bloom,72,Microcanthidae__Tilodon__sexfasciatus,Microcanthidae Tilodon sexfasciatus,Actinopterygii,Microcanthidae,Tilodon,sexfasciatus,Moonlighter,<i>Tilodon sexfasciatus</i><br>(Moonlighter),4,17,74.5,5.555555555555555,2.6995147661320837,0.2361111111111111,0.11742385998343711
m1_fish,M1 fish,region,Upper Gulf St Vincent,Upper Gulf St Vincent,Pre-bloom,72,Monacanthidae__Acanthaluteres__brownii,Monacanthidae Acanthaluteres brownii,Actinopterygii,Monacanthidae,Acanthaluteres,brownii,Spinytail Leatherjacket,<i>Acanthaluteres brownii</i><br>(Spinytail Leatherjacket),1,0.5,0.25,1.3888888888888888,1.3792101027561323,0.006944444444444444,0.006944444444444445
m1_fish,M1 fish,region,Upper Gulf St Vincent,Upper Gulf St Vincent,Pre-bloom,72,Monacanthidae__Acanthaluteres__spilomelanurus,Monacanthidae Acanthaluteres spilomelanurus,Actinopterygii,Monacanthidae,Acanthaluteres,spilomelanurus,Bridled Leatherjacket,<i>Acanthaluteres spilomelanurus</i><br>(Bridled Leatherjacket),0,0,0,0,0,0,0
m1_fish,M1 fish,region,Upper Gulf St Vincent,Upper Gulf St Vincent,Pre-bloom,72,Monacanthidae__Acanthaluteres__vittiger,Monacanthidae Acanthaluteres vittiger,Actinopterygii,Monacanthidae,Acanthaluteres,vittiger,Toothbrush Leatherjacket,<i>Acanthaluteres vittiger</i><br>(Toothbrush Leatherjacket),7,14.5,50.25,9.722222222222221,3.491459057638508,0.2013888888888889,0.09622151541916224
m1_fish,M1 fish,region,Upper Gulf St Vincent,Upper Gulf St Vincent,Pre-bloom,72,Monacanthidae__Brachaluteres__jacksonianus,Monacanthidae Brachaluteres jacksonianus,Actinopterygii,Monacanthidae,Brachaluteres,jacksonianus,Southern Pygmy Leatherjacket,<i>Brachaluteres jacksonianus</i><br>(Southern Pygmy Leatherjacket),14,14,22.5,19.444444444444443,4.664222611020807,0.19444444444444445,0.06220042095150924
m1_fish,M1 fish,region,Upper Gulf St Vincent,Upper Gulf St Vincent,Pre-bloom,72,Monacanthidae__Eubalichthys__gunnii,Monacanthidae Eubalichthys gunnii,Actinopterygii,Monacanthidae,Eubalichthys,gunnii,Gunn's Leatherjacket,<i>Eubalichthys gunnii</i><br>(Gunn's Leatherjacket),0,0,0,0,0,0,0
m1_fish,M1 fish,region,Upper Gulf St Vincent,Upper Gulf St Vincent,Pre-bloom,72,Monacanthidae__Eubalichthys__mosaicus,Monacanthidae Eubalichthys mosaicus,Actinopterygii,Monacanthidae,Eubalichthys,mosaicus,Mosaic Leatherjacket,<i>Eubalichthys mosaicus</i><br>(Mosaic Leatherjacket),2,1,0.5,2.7777777777777777,1.936713024384434,0.013888888888888888,0.0097515207986029109
m1_fish,M1 fish,region,Upper Gulf St Vincent,Upper Gulf St Vincent,Pre-bloom,72,Monacanthidae__Meuschenia__flavolineata,Monacanthidae Meuschenia flavolineata,Actinopterygii,Monacanthidae,Meuschenia,flavolineata,Yellowstriped Leatherjacket,<i>Meuschenia flavolineata</i><br>(Yellowstriped Leatherjacket),0,0,0,0,0,0,0
m1_fish,M1 fish,region,Upper Gulf St Vincent,Upper Gulf St Vincent,Pre-bloom,72,Monacanthidae__Meuschenia__freycineti,Monacanthidae Meuschenia freycineti,Actinopterygii,Monacanthidae,Meuschenia,freycineti,Sixspine Leatherjacket,<i>Meuschenia freycineti</i><br>(Sixspine Leatherjacket),1,0.5,0.25,1.3888888888888888,1.3792101027561323,0.006944444444444444,0.006944444444444445
m1_fish,M1 fish,region,Upper Gulf St Vincent,Upper Gulf St Vincent,Pre-bloom,72,Monacanthidae__Meuschenia__galii,Monacanthidae Meuschenia galii,Actinopterygii,Monacanthidae,Meuschenia,galii,Bluelined Leatherjacket,<i>Meuschenia galii</i><br>(Bluelined Leatherjacket),0,0,0,0,0,0,0
m1_fish,M1 fish,region,Upper Gulf St Vincent,Upper Gulf St Vincent,Pre-bloom,72,Monacanthidae__Meuschenia__hippocrepis,Monacanthidae Meuschenia hippocrepis,Actinopterygii,Monacanthidae,Meuschenia,hippocrepis,Horseshoe Leatherjacket,<i>Meuschenia hippocrepis</i><br>(Horseshoe Leatherjacket),0,0,0,0,0,0,0
m1_fish,M1 fish,region,Upper Gulf St Vincent,Upper Gulf St Vincent,Pre-bloom,72,Monacanthidae__Meuschenia__venusta,Monacanthidae Meuschenia venusta,Actinopterygii,Monacanthidae,Meuschenia,venusta,Stars-and-stripes Leatherjacket,<i>Meuschenia venusta</i><br>(Stars-and-stripes Leatherjacket),0,0,0,0,0,0,0
m1_fish,M1 fish,region,Upper Gulf St Vincent,Upper Gulf St Vincent,Pre-bloom,72,Monacanthidae__Scobinichthys__granulatus,Monacanthidae Scobinichthys granulatus,Actinopterygii,Monacanthidae,Scobinichthys,granulatus,Rough Leatherjacket,<i>Scobinichthys granulatus</i><br>(Rough Leatherjacket),0,0,0,0,0,0,0
m1_fish,M1 fish,region,Upper Gulf St Vincent,Upper Gulf St Vincent,Pre-bloom,72,Monacanthidae__Thamnaconus__degeni,Monacanthidae Thamnaconus degeni,Actinopterygii,Monacanthidae,Thamnaconus,degeni,Bluefin Leatherjacket,<i>Thamnaconus degeni</i><br>(Bluefin Leatherjacket),0,0,0,0,0,0,0
m1_fish,M1 fish,region,Upper Gulf St Vincent,Upper Gulf St Vincent,Pre-bloom,72,Mullidae__Upeneichthys__vlamingii,Mullidae Upeneichthys vlamingii,Actinopterygii,Mullidae,Upeneichthys,vlamingii,Bluespotted Goatfish,<i>Upeneichthys vlamingii</i><br>(Bluespotted Goatfish),25,29,50.5,34.72222222222222,5.6107405757133435,0.4027777777777778,0.08714234353552328
m1_fish,M1 fish,region,Upper Gulf St Vincent,Upper Gulf St Vincent,Pre-bloom,72,Myliobatidae__Myliobatis__tenuicaudatus,Myliobatidae Myliobatis tenuicaudatus,Elasmobranchii,Myliobatidae,Myliobatis,tenuicaudatus,Southern Eagle Ray,<i>Myliobatis tenuicaudatus</i><br>(Southern Eagle Ray),0,0,0,0,0,0,0
m1_fish,M1 fish,region,Upper Gulf St Vincent,Upper Gulf St Vincent,Pre-bloom,72,Ophiclinidae__Ophiclinus__spp,Ophiclinidae Ophiclinus spp,Actinopterygii,Ophiclinidae,Ophiclinus,spp,NA,<i>Ophiclinus spp</i>,1,0.5,0.25,1.3888888888888888,1.3792101027561323,0.006944444444444444,0.006944444444444445
m1_fish,M1 fish,region,Upper Gulf St Vincent,Upper Gulf St Vincent,Pre-bloom,72,Parascylliidae__Parascyllium__ferrugineum,Parascylliidae Parascyllium ferrugineum,Elasmobranchii,Parascylliidae,Parascyllium,ferrugineum,Rusty Carpetshark,<i>Parascyllium ferrugineum</i><br>(Rusty Carpetshark),0,0,0,0,0,0,0
m1_fish,M1 fish,region,Upper Gulf St Vincent,Upper Gulf St Vincent,Pre-bloom,72,Parascylliidae__Parascyllium__variolatum,Parascylliidae Parascyllium variolatum,Elasmobranchii,Parascylliidae,Parascyllium,variolatum,Varied Carpetshark,<i>Parascyllium variolatum</i><br>(Varied Carpetshark),0,0,0,0,0,0,0
m1_fish,M1 fish,region,Upper Gulf St Vincent,Upper Gulf St Vincent,Pre-bloom,72,Pataecidae__Aetapcus__maculatus,Pataecidae Aetapcus maculatus,Actinopterygii,Pataecidae,Aetapcus,maculatus,Warty Prowfish,<i>Aetapcus maculatus</i><br>(Warty Prowfish),0,0,0,0,0,0,0
m1_fish,M1 fish,region,Upper Gulf St Vincent,Upper Gulf St Vincent,Pre-bloom,72,Pempherididae__Parapriacanthus__elongatus,Pempherididae Parapriacanthus elongatus,Actinopterygii,Pempherididae,Parapriacanthus,elongatus,Elongate Bullseye,<i>Parapriacanthus elongatus</i><br>(Elongate Bullseye),7,608.5,252536.25,9.722222222222221,3.491459057638508,8.45138888888889,6.956628152107617
m1_fish,M1 fish,region,Upper Gulf St Vincent,Upper Gulf St Vincent,Pre-bloom,72,Pempherididae__Pempheris__klunzingeri,Pempherididae Pempheris klunzingeri,Actinopterygii,Pempherididae,Pempheris,klunzingeri,Rough Bullseye,<i>Pempheris klunzingeri</i><br>(Rough Bullseye),9,100.5,2174.25,12.5,3.897559777889522,1.3958333333333333,0.6307782580878715
m1_fish,M1 fish,region,Upper Gulf St Vincent,Upper Gulf St Vincent,Pre-bloom,72,Pempherididae__Pempheris__multiradiata,Pempherididae Pempheris multiradiata,Actinopterygii,Pempherididae,Pempheris,multiradiata,Bigscale Bullseye,<i>Pempheris multiradiata</i><br>(Bigscale Bullseye),2,2,2.5,2.7777777777777777,1.936713024384434,0.027777777777777776,0.021867274823915685
m1_fish,M1 fish,region,Upper Gulf St Vincent,Upper Gulf St Vincent,Pre-bloom,72,Pempherididae__Pempheris__ornata,Pempherididae Pempheris ornata,Actinopterygii,Pempherididae,Pempheris,ornata,Orangelined Bullseye,<i>Pempheris ornata</i><br>(Orangelined Bullseye),1,5,25,1.3888888888888888,1.3792101027561323,0.06944444444444445,0.06944444444444445
m1_fish,M1 fish,region,Upper Gulf St Vincent,Upper Gulf St Vincent,Pre-bloom,72,Pempherididae__Pempheris__spp,Pempherididae Pempheris spp,Actinopterygii,Pempherididae,Pempheris,spp,NA,<i>Pempheris spp</i>,0,0,0,0,0,0,0
m1_fish,M1 fish,region,Upper Gulf St Vincent,Upper Gulf St Vincent,Pre-bloom,72,Pentacerotidae__Pentaceropsis__recurvirostris,Pentacerotidae Pentaceropsis recurvirostris,Actinopterygii,Pentacerotidae,Pentaceropsis,recurvirostris,Longsnout Boarfish,<i>Pentaceropsis recurvirostris</i><br>(Longsnout Boarfish),0,0,0,0,0,0,0
m1_fish,M1 fish,region,Upper Gulf St Vincent,Upper Gulf St Vincent,Pre-bloom,72,Pinguipedidae__Parapercis__haackei,Pinguipedidae Parapercis haackei,Actinopterygii,Pinguipedidae,Parapercis,haackei,Wavy Grubfish,<i>Parapercis haackei</i><br>(Wavy Grubfish),25,21.5,27.75,34.72222222222222,5.6107405757133435,0.2986111111111111,0.06459495368896583
m1_fish,M1 fish,region,Upper Gulf St Vincent,Upper Gulf St Vincent,Pre-bloom,72,Pinguipedidae__Parapercis__ramsayi,Pinguipedidae Parapercis ramsayi,Actinopterygii,Pinguipedidae,Parapercis,ramsayi,Spotted Grubfish,<i>Parapercis ramsayi</i><br>(Spotted Grubfish),0,0,0,0,0,0,0
m1_fish,M1 fish,region,Upper Gulf St Vincent,Upper Gulf St Vincent,Pre-bloom,72,Platycephalidae__Leviprora__inops,Platycephalidae Leviprora inops,Actinopterygii,Platycephalidae,Leviprora,inops,Longhead Flathead,<i>Leviprora inops</i><br>(Longhead Flathead),0,0,0,0,0,0,0
m1_fish,M1 fish,region,Upper Gulf St Vincent,Upper Gulf St Vincent,Pre-bloom,72,Platycephalidae__Platycephalus__laevigatus,Platycephalidae Platycephalus laevigatus,Actinopterygii,Platycephalidae,Platycephalus,laevigatus,Rock Flathead,<i>Platycephalus laevigatus</i><br>(Rock Flathead),1,0.5,0.25,1.3888888888888888,1.3792101027561323,0.006944444444444444,0.006944444444444445
m1_fish,M1 fish,region,Upper Gulf St Vincent,Upper Gulf St Vincent,Pre-bloom,72,Platycephalidae__Platycephalus__speculator,Platycephalidae Platycephalus speculator,Actinopterygii,Platycephalidae,Platycephalus,speculator,Southern Bluespotted Flathead,<i>Platycephalus speculator</i><br>(Southern Bluespotted Flathead),0,0,0,0,0,0,0
m1_fish,M1 fish,region,Upper Gulf St Vincent,Upper Gulf St Vincent,Pre-bloom,72,Plesiopidae__Paraplesiops__meleagris,Plesiopidae Paraplesiops meleagris,Actinopterygii,Plesiopidae,Paraplesiops,meleagris,Southern Blue Devil,<i>Paraplesiops meleagris</i><br>(Southern Blue Devil),0,0,0,0,0,0,0
m1_fish,M1 fish,region,Upper Gulf St Vincent,Upper Gulf St Vincent,Pre-bloom,72,Plesiopidae__Trachinops__caudimaculatus,Plesiopidae Trachinops caudimaculatus,Actinopterygii,Plesiopidae,Trachinops,caudimaculatus,Southern Hulafish,<i>Trachinops caudimaculatus</i><br>(Southern Hulafish),0,0,0,0,0,0,0
m1_fish,M1 fish,region,Upper Gulf St Vincent,Upper Gulf St Vincent,Pre-bloom,72,Plesiopidae__Trachinops__noarlungae,Plesiopidae Trachinops noarlungae,Actinopterygii,Plesiopidae,Trachinops,noarlungae,Yellowhead Hulafish,<i>Trachinops noarlungae</i><br>(Yellowhead Hulafish),15,268,10406.5,20.833333333333332,4.786128038920215,3.7222222222222223,1.3566725239838235
m1_fish,M1 fish,region,Upper Gulf St Vincent,Upper Gulf St Vincent,Pre-bloom,72,Plotosidae__Cnidoglanis__macrocephalus,Plotosidae Cnidoglanis macrocephalus,Actinopterygii,Plotosidae,Cnidoglanis,macrocephalus,Estuary Cobbler,<i>Cnidoglanis macrocephalus</i><br>(Estuary Cobbler),0,0,0,0,0,0,0
m1_fish,M1 fish,region,Upper Gulf St Vincent,Upper Gulf St Vincent,Pre-bloom,72,Pomacentridae__Parma__victoriae,Pomacentridae Parma victoriae,Actinopterygii,Pomacentridae,Parma,victoriae,Scalyfin,<i>Parma victoriae</i><br>(Scalyfin),1,1,1,1.3888888888888888,1.3792101027561323,0.013888888888888888,0.01388888888888889
m1_fish,M1 fish,region,Upper Gulf St Vincent,Upper Gulf St Vincent,Pre-bloom,72,Scombridae__Scomber__australasicus,Scombridae Scomber australasicus,Actinopterygii,Scombridae,Scomber,australasicus,Blue Mackerel,<i>Scomber australasicus</i><br>(Blue Mackerel),0,0,0,0,0,0,0
m1_fish,M1 fish,region,Upper Gulf St Vincent,Upper Gulf St Vincent,Pre-bloom,72,Scorpididae__Scorpis__aequipinnis,Scorpididae Scorpis aequipinnis,Actinopterygii,Scorpididae,Scorpis,aequipinnis,Sea Sweep,<i>Scorpis aequipinnis</i><br>(Sea Sweep),0,0,0,0,0,0,0
m1_fish,M1 fish,region,Upper Gulf St Vincent,Upper Gulf St Vincent,Pre-bloom,72,Scorpididae__Scorpis__georgiana,Scorpididae Scorpis georgiana,Actinopterygii,Scorpididae,Scorpis,georgiana,Banded Sweep,<i>Scorpis georgiana</i><br>(Banded Sweep),0,0,0,0,0,0,0
m1_fish,M1 fish,region,Upper Gulf St Vincent,Upper Gulf St Vincent,Pre-bloom,72,Scorpididae__Scorpis__lineolata,Scorpididae Scorpis lineolata,Actinopterygii,Scorpididae,Scorpis,lineolata,Silver Sweep,<i>Scorpis lineolata</i><br>(Silver Sweep),0,0,0,0,0,0,0
m1_fish,M1 fish,region,Upper Gulf St Vincent,Upper Gulf St Vincent,Pre-bloom,72,Serranidae__Caesioperca__rasor,Serranidae Caesioperca rasor,Actinopterygii,Serranidae,Caesioperca,rasor,Barber Perch,<i>Caesioperca rasor</i><br>(Barber Perch),0,0,0,0,0,0,0
m1_fish,M1 fish,region,Upper Gulf St Vincent,Upper Gulf St Vincent,Pre-bloom,72,Serranidae__Hypoplectrodes__nigroruber,Serranidae Hypoplectrodes nigroruber,Actinopterygii,Serranidae,Hypoplectrodes,nigroruber,Banded Seaperch,<i>Hypoplectrodes nigroruber</i><br>(Banded Seaperch),0,0,0,0,0,0,0
m1_fish,M1 fish,region,Upper Gulf St Vincent,Upper Gulf St Vincent,Pre-bloom,72,Serranidae__Othos__dentex,Serranidae Othos dentex,Actinopterygii,Serranidae,Othos,dentex,Harlequin Fish,<i>Othos dentex</i><br>(Harlequin Fish),0,0,0,0,0,0,0
m1_fish,M1 fish,region,Upper Gulf St Vincent,Upper Gulf St Vincent,Pre-bloom,72,Sillaginidae__Sillaginidae__spp,Sillaginidae Unknown spp,Actinopterygii,Sillaginidae,Sillaginidae,spp,NA,<i>Sillaginidae spp</i>,0,0,0,0,0,0,0
m1_fish,M1 fish,region,Upper Gulf St Vincent,Upper Gulf St Vincent,Pre-bloom,72,Sillaginidae__Sillaginodes__punctatus,Sillaginidae Sillaginodes punctatus,Actinopterygii,Sillaginidae,Sillaginodes,punctatus,King George Whiting,<i>Sillaginodes punctatus</i><br>(King George Whiting),0,0,0,0,0,0,0
m1_fish,M1 fish,region,Upper Gulf St Vincent,Upper Gulf St Vincent,Pre-bloom,72,Sparidae__Acanthopagrus__butcheri,Sparidae Acanthopagrus butcheri,Actinopterygii,Sparidae,Acanthopagrus,butcheri,Black Bream,<i>Acanthopagrus butcheri</i><br>(Black Bream),0,0,0,0,0,0,0
m1_fish,M1 fish,region,Upper Gulf St Vincent,Upper Gulf St Vincent,Pre-bloom,72,Sparidae__Chrysophrys__auratus,Sparidae Chrysophrys auratus,Actinopterygii,Sparidae,Chrysophrys,auratus,Snapper,<i>Chrysophrys auratus</i><br>(Snapper),4,9.5,33.25,5.555555555555555,2.6995147661320837,0.13194444444444445,0.07911448462809481
m1_fish,M1 fish,region,Upper Gulf St Vincent,Upper Gulf St Vincent,Pre-bloom,72,Sphyraenidae__Sphyraena__novaehollandiae,Sphyraenidae Sphyraena novaehollandiae,Actinopterygii,Sphyraenidae,Sphyraena,novaehollandiae,Snook,<i>Sphyraena novaehollandiae</i><br>(Snook),1,0.5,0.25,1.3888888888888888,1.3792101027561323,0.006944444444444444,0.006944444444444445
m1_fish,M1 fish,region,Upper Gulf St Vincent,Upper Gulf St Vincent,Pre-bloom,72,Syngnathidae__Phycodurus__eques,Syngnathidae Phycodurus eques,Actinopterygii,Syngnathidae,Phycodurus,eques,Leafy Seadragon,<i>Phycodurus eques</i><br>(Leafy Seadragon),0,0,0,0,0,0,0
m1_fish,M1 fish,region,Upper Gulf St Vincent,Upper Gulf St Vincent,Pre-bloom,72,Syngnathidae__Phyllopteryx__taeniolatus,Syngnathidae Phyllopteryx taeniolatus,Actinopterygii,Syngnathidae,Phyllopteryx,taeniolatus,Common Seadragon,<i>Phyllopteryx taeniolatus</i><br>(Common Seadragon),0,0,0,0,0,0,0
m1_fish,M1 fish,region,Upper Gulf St Vincent,Upper Gulf St Vincent,Pre-bloom,72,Syngnathidae__Pugnaso__curtirostris,Syngnathidae Pugnaso curtirostris,Actinopterygii,Syngnathidae,Pugnaso,curtirostris,Pugnose Pipefish,<i>Pugnaso curtirostris</i><br>(Pugnose Pipefish),0,0,0,0,0,0,0
m1_fish,M1 fish,region,Upper Gulf St Vincent,Upper Gulf St Vincent,Pre-bloom,72,Terapontidae__Helotes__octolineatus,Terapontidae Helotes octolineatus,Actinopterygii,Terapontidae,Helotes,octolineatus,NA,<i>Helotes octolineatus</i>,0,0,0,0,0,0,0
m1_fish,M1 fish,region,Upper Gulf St Vincent,Upper Gulf St Vincent,Pre-bloom,72,Tetraodontidae__Omegophora__armilla,Tetraodontidae Omegophora armilla,Actinopterygii,Tetraodontidae,Omegophora,armilla,Ringed Toadfish,<i>Omegophora armilla</i><br>(Ringed Toadfish),2,1,0.5,2.7777777777777777,1.936713024384434,0.013888888888888888,0.0097515207986029109
m1_fish,M1 fish,region,Upper Gulf St Vincent,Upper Gulf St Vincent,Pre-bloom,72,Tetraodontidae__Omegophora__cyanopunctata,Tetraodontidae Omegophora cyanopunctata,Actinopterygii,Tetraodontidae,Omegophora,cyanopunctata,Bluespotted Toadfish,<i>Omegophora cyanopunctata</i><br>(Bluespotted Toadfish),0,0,0,0,0,0,0
m1_fish,M1 fish,region,Upper Gulf St Vincent,Upper Gulf St Vincent,Pre-bloom,72,Tetraodontidae__Tetractenos__glaber,Tetraodontidae Tetractenos glaber,Actinopterygii,Tetraodontidae,Tetractenos,glaber,Smooth Toadfish,<i>Tetractenos glaber</i><br>(Smooth Toadfish),2,1.5,1.25,2.7777777777777777,1.936713024384434,0.020833333333333332,0.01544051891657614
m1_fish,M1 fish,region,Upper Gulf St Vincent,Upper Gulf St Vincent,Pre-bloom,72,Tetraodontidae__Torquigener__pleurogramma,Tetraodontidae Torquigener pleurogramma,Actinopterygii,Tetraodontidae,Torquigener,pleurogramma,Weeping Toadfish,<i>Torquigener pleurogramma</i><br>(Weeping Toadfish),4,4,5.5,5.555555555555555,2.6995147661320837,0.05555555555555555,0.03213143542946349
m1_fish,M1 fish,region,Upper Gulf St Vincent,Upper Gulf St Vincent,Pre-bloom,72,Trachichthyidae__Trachichthys__australis,Trachichthyidae Trachichthys australis,Actinopterygii,Trachichthyidae,Trachichthys,australis,Southern Roughy,<i>Trachichthys australis</i><br>(Southern Roughy),0,0,0,0,0,0,0
m1_fish,M1 fish,region,Upper Gulf St Vincent,Upper Gulf St Vincent,Pre-bloom,72,Tripterygiidae__Helcogramma__decurrens,Tripterygiidae Helcogramma decurrens,Actinopterygii,Tripterygiidae,Helcogramma,decurrens,Blackthroat Threefin,<i>Helcogramma decurrens</i><br>(Blackthroat Threefin),0,0,0,0,0,0,0
m1_fish,M1 fish,region,Upper Gulf St Vincent,Upper Gulf St Vincent,Pre-bloom,72,Tripterygiidae__Trinorfolkia__clarkei,Tripterygiidae Trinorfolkia clarkei,Actinopterygii,Tripterygiidae,Trinorfolkia,clarkei,Clark's Threefin,<i>Trinorfolkia clarkei</i><br>(Clark's Threefin),0,0,0,0,0,0,0
m1_fish,M1 fish,region,Upper Gulf St Vincent,Upper Gulf St Vincent,Pre-bloom,72,Tripterygiidae__Trinorfolkia__cristata,Tripterygiidae Trinorfolkia cristata,Actinopterygii,Tripterygiidae,Trinorfolkia,cristata,Crested Threefin,<i>Trinorfolkia cristata</i><br>(Crested Threefin),0,0,0,0,0,0,0
m1_fish,M1 fish,region,Upper Gulf St Vincent,Upper Gulf St Vincent,Pre-bloom,72,Tripterygiidae__Tripterygiidae__spp,Tripterygiidae Unknown spp,Actinopterygii,Tripterygiidae,Tripterygiidae,spp,NA,<i>Tripterygiidae spp</i>,0,0,0,0,0,0,0
m1_fish,M1 fish,region,Upper Gulf St Vincent,Upper Gulf St Vincent,Pre-bloom,72,Trygonorrhinidae__Aptychotrema__vincentiana,Trygonorrhinidae Aptychotrema vincentiana,Elasmobranchii,Trygonorrhinidae,Aptychotrema,vincentiana,Western Shovelnose Ray,<i>Aptychotrema vincentiana</i><br>(Western Shovelnose Ray),0,0,0,0,0,0,0
m1_fish,M1 fish,region,Upper Gulf St Vincent,Upper Gulf St Vincent,Pre-bloom,72,Trygonorrhinidae__Trygonorrhina__fasciata,Trygonorrhinidae Trygonorrhina fasciata,Elasmobranchii,Trygonorrhinidae,Trygonorrhina,fasciata,Eastern Fiddler Ray,<i>Trygonorrhina fasciata</i><br>(Eastern Fiddler Ray),1,0.5,0.25,1.3888888888888888,1.3792101027561323,0.006944444444444444,0.006944444444444445
m1_fish,M1 fish,region,Upper Gulf St Vincent,Upper Gulf St Vincent,Pre-bloom,72,Urolophidae__Urolophus__spp,Urolophidae Urolophus spp,Elasmobranchii,Urolophidae,Urolophus,spp,NA,<i>Urolophus spp</i>,0,0,0,0,0,0,0
