"start_date_fct","response","SE","df","asymp.LCL","asymp.UCL","start_date_date","Period","reporting_name","metric","model_family","family_code","model_link","family_selection_reason","fixed_effect_structure","structure_reason","n_all_zero_date_status_cells","1","metric_id"
"2014-09-03",20.173823593416092,5.684550074730833,Inf,11.612825795248181,35.0460056453102,"2014-09-03","Pre-bloom","Aldinga - Aldinga Reef Sanctuary Zone","Total abundance","Negative binomial nbinom2 (log link)","nbinom2","log","nbinom2 selected: Poisson Pearson dispersion ratio = 42.27, greater than the threshold of 1.5","start_date_fct","Date-only model used because Status was not represented at every retained sampling date",0,NA,"total_abundance"
"2015-12-10",66.15863730953757,17.75214277562203,Inf,39.100856505072336,111.9403941979414,"2015-12-10","Pre-bloom","Aldinga - Aldinga Reef Sanctuary Zone","Total abundance","Negative binomial nbinom2 (log link)","nbinom2","log","nbinom2 selected: Poisson Pearson dispersion ratio = 42.27, greater than the threshold of 1.5","start_date_fct","Date-only model used because Status was not represented at every retained sampling date",0,NA,"total_abundance"
"2016-02-12",121.69789389655995,34.224397958441735,Inf,70.13011541919487,211.18427212519188,"2016-02-12","Pre-bloom","Aldinga - Aldinga Reef Sanctuary Zone","Total abundance","Negative binomial nbinom2 (log link)","nbinom2","log","nbinom2 selected: Poisson Pearson dispersion ratio = 42.27, greater than the threshold of 1.5","start_date_fct","Date-only model used because Status was not represented at every retained sampling date",0,NA,"total_abundance"
"2016-11-19",51.773592695893306,15.711735631973404,Inf,28.56236163974256,93.84745331809394,"2016-11-19","Pre-bloom","Aldinga - Aldinga Reef Sanctuary Zone","Total abundance","Negative binomial nbinom2 (log link)","nbinom2","log","nbinom2 selected: Poisson Pearson dispersion ratio = 42.27, greater than the threshold of 1.5","start_date_fct","Date-only model used because Status was not represented at every retained sampling date",0,NA,"total_abundance"
"2019-12-07",79.78954667255545,22.996469754081403,Inf,45.35422382323193,140.3699858920491,"2019-12-07","Pre-bloom","Aldinga - Aldinga Reef Sanctuary Zone","Total abundance","Negative binomial nbinom2 (log link)","nbinom2","log","nbinom2 selected: Poisson Pearson dispersion ratio = 42.27, greater than the threshold of 1.5","start_date_fct","Date-only model used because Status was not represented at every retained sampling date",0,NA,"total_abundance"
"2020-11-26",72.94563294044963,22.09460013281824,Inf,40.28818709965369,132.0750758012774,"2020-11-26","Pre-bloom","Aldinga - Aldinga Reef Sanctuary Zone","Total abundance","Negative binomial nbinom2 (log link)","nbinom2","log","nbinom2 selected: Poisson Pearson dispersion ratio = 42.27, greater than the threshold of 1.5","start_date_fct","Date-only model used because Status was not represented at every retained sampling date",0,NA,"total_abundance"
"2021-11-22",49.445060944612194,16.647269974363795,Inf,25.558687113649093,95.65491533056134,"2021-11-22","Pre-bloom","Aldinga - Aldinga Reef Sanctuary Zone","Total abundance","Negative binomial nbinom2 (log link)","nbinom2","log","nbinom2 selected: Poisson Pearson dispersion ratio = 42.27, greater than the threshold of 1.5","start_date_fct","Date-only model used because Status was not represented at every retained sampling date",0,NA,"total_abundance"
"2025-02-06",49.79575987330094,12.969467759052502,Inf,29.887813954116826,82.96417078766976,"2025-02-06","Pre-bloom","Aldinga - Aldinga Reef Sanctuary Zone","Total abundance","Negative binomial nbinom2 (log link)","nbinom2","log","nbinom2 selected: Poisson Pearson dispersion ratio = 42.27, greater than the threshold of 1.5","start_date_fct","Date-only model used because Status was not represented at every retained sampling date",0,NA,"total_abundance"
"2026-02-21",53.80232193080988,12.70662739268447,Inf,33.866525721673625,85.47348106906594,"2026-02-21","Bloom","Aldinga - Aldinga Reef Sanctuary Zone","Total abundance","Negative binomial nbinom2 (log link)","nbinom2","log","nbinom2 selected: Poisson Pearson dispersion ratio = 42.27, greater than the threshold of 1.5","start_date_fct","Date-only model used because Status was not represented at every retained sampling date",0,NA,"total_abundance"
"2016-05-24",57.680936551020594,13.265541733776866,Inf,36.751222712189346,90.53006120254501,"2016-05-24","Pre-bloom","Bay of Shoals - Bay of Shoals Sanctuary Zone","Total abundance","Negative binomial nbinom2 (log link)","nbinom2","log","nbinom2 selected: Poisson Pearson dispersion ratio = 30.384, greater than the threshold of 1.5","start_date_fct * Status","Full date x Status interaction used",0,NA,"total_abundance"
"2017-04-05",48.56140082255887,11.099854081017947,Inf,31.026229972245243,76.0069673936787,"2017-04-05","Pre-bloom","Bay of Shoals - Bay of Shoals Sanctuary Zone","Total abundance","Negative binomial nbinom2 (log link)","nbinom2","log","nbinom2 selected: Poisson Pearson dispersion ratio = 30.384, greater than the threshold of 1.5","start_date_fct * Status","Full date x Status interaction used",0,NA,"total_abundance"
"2018-03-28",46.83988632185149,10.50183137247094,Inf,30.183560615726382,72.68774478186828,"2018-03-28","Pre-bloom","Bay of Shoals - Bay of Shoals Sanctuary Zone","Total abundance","Negative binomial nbinom2 (log link)","nbinom2","log","nbinom2 selected: Poisson Pearson dispersion ratio = 30.384, greater than the threshold of 1.5","start_date_fct * Status","Full date x Status interaction used",0,NA,"total_abundance"
"2026-03-24",29.270197039483197,6.628431389947447,Inf,18.778693687559098,45.623217939689006,"2026-03-24","Bloom","Bay of Shoals - Bay of Shoals Sanctuary Zone","Total abundance","Negative binomial nbinom2 (log link)","nbinom2","log","nbinom2 selected: Poisson Pearson dispersion ratio = 30.384, greater than the threshold of 1.5","start_date_fct * Status","Full date x Status interaction used",0,NA,"total_abundance"
"2021-10-11",30.232351186618743,4.014266621010267,Inf,23.304992082140387,39.21885298435614,"2021-10-11","Pre-bloom","Boston Bay","Total abundance","Negative binomial nbinom2 (log link)","nbinom2","log","nbinom2 selected: Poisson Pearson dispersion ratio = 20.412, greater than the threshold of 1.5","start_date_fct","Date-only fixed effect used",0,NA,"total_abundance"
"2022-05-10",12.100997358426797,1.6640011619344846,Inf,9.242148306378354,15.84416655244459,"2022-05-10","Pre-bloom","Boston Bay","Total abundance","Negative binomial nbinom2 (log link)","nbinom2","log","nbinom2 selected: Poisson Pearson dispersion ratio = 20.412, greater than the threshold of 1.5","start_date_fct","Date-only fixed effect used",0,NA,"total_abundance"
"2024-03-25",239.62344903210698,38.440018784676624,Inf,174.97697134981757,328.15402440158095,"2024-03-25","Pre-bloom","Boston Bay","Total abundance","Negative binomial nbinom2 (log link)","nbinom2","log","nbinom2 selected: Poisson Pearson dispersion ratio = 20.412, greater than the threshold of 1.5","start_date_fct","Date-only fixed effect used",0,NA,"total_abundance"
"2024-11-14",95.18387400913079,15.154960230130785,Inf,69.66858667219746,130.04383042840786,"2024-11-14","Pre-bloom","Boston Bay","Total abundance","Negative binomial nbinom2 (log link)","nbinom2","log","nbinom2 selected: Poisson Pearson dispersion ratio = 20.412, greater than the threshold of 1.5","start_date_fct","Date-only fixed effect used",0,NA,"total_abundance"
"2025-05-22",24.88675833430699,4.064230660864057,Inf,18.070055665556435,34.27497689289086,"2025-05-22","Bloom","Boston Bay","Total abundance","Negative binomial nbinom2 (log link)","nbinom2","log","nbinom2 selected: Poisson Pearson dispersion ratio = 20.412, greater than the threshold of 1.5","start_date_fct","Date-only fixed effect used",0,NA,"total_abundance"
"2025-11-11",54.72133329094129,9.041383102304323,Inf,39.58367435614128,75.64796259682507,"2025-11-11","Bloom","Boston Bay","Total abundance","Negative binomial nbinom2 (log link)","nbinom2","log","nbinom2 selected: Poisson Pearson dispersion ratio = 20.412, greater than the threshold of 1.5","start_date_fct","Date-only fixed effect used",0,NA,"total_abundance"
"2017-01-12",17.7756140282172,2.3248142092405137,Inf,13.756208696166771,22.969443184458168,"2017-01-12","Pre-bloom","Cape Elizabeth - Cape Elizabeth Sanctuary Zone","Total abundance","Negative binomial nbinom2 (log link)","nbinom2","log","nbinom2 selected: Poisson Pearson dispersion ratio = 2.195, greater than the threshold of 1.5","start_date_fct * Status","Full date x Status interaction used",0,NA,"total_abundance"
"2026-03-10",14.93470482525914,1.9783595765428366,Inf,11.519676913500676,19.36212359881524,"2026-03-10","Bloom","Cape Elizabeth - Cape Elizabeth Sanctuary Zone","Total abundance","Negative binomial nbinom2 (log link)","nbinom2","log","nbinom2 selected: Poisson Pearson dispersion ratio = 2.195, greater than the threshold of 1.5","start_date_fct * Status","Full date x Status interaction used",0,NA,"total_abundance"
"2015-12-10",26.7049207473457,5.189198724329751,Inf,18.246897986087713,39.083508477208326,"2015-12-10","Pre-bloom","Carrickalinga - Carrickalinga Cliffs Sanctuary Zone","Total abundance","Negative binomial nbinom2 (log link)","nbinom2","log","nbinom2 selected: Poisson Pearson dispersion ratio = 44.316, greater than the threshold of 1.5","start_date_fct","Date-only model used because Status was not represented at every retained sampling date",0,NA,"total_abundance"
"2016-12-06",15.820665303549777,2.825305993289531,Inf,11.148447574285118,22.450968978341677,"2016-12-06","Pre-bloom","Carrickalinga - Carrickalinga Cliffs Sanctuary Zone","Total abundance","Negative binomial nbinom2 (log link)","nbinom2","log","nbinom2 selected: Poisson Pearson dispersion ratio = 44.316, greater than the threshold of 1.5","start_date_fct","Date-only model used because Status was not represented at every retained sampling date",0,NA,"total_abundance"
"2017-12-05",34.26944265208345,5.994430676940565,Inf,24.322845228134913,48.28360698221198,"2017-12-05","Pre-bloom","Carrickalinga - Carrickalinga Cliffs Sanctuary Zone","Total abundance","Negative binomial nbinom2 (log link)","nbinom2","log","nbinom2 selected: Poisson Pearson dispersion ratio = 44.316, greater than the threshold of 1.5","start_date_fct","Date-only model used because Status was not represented at every retained sampling date",0,NA,"total_abundance"
"2018-12-11",47.454845558288866,8.424989932231005,Inf,33.50894954644012,67.20480341647384,"2018-12-11","Pre-bloom","Carrickalinga - Carrickalinga Cliffs Sanctuary Zone","Total abundance","Negative binomial nbinom2 (log link)","nbinom2","log","nbinom2 selected: Poisson Pearson dispersion ratio = 44.316, greater than the threshold of 1.5","start_date_fct","Date-only model used because Status was not represented at every retained sampling date",0,NA,"total_abundance"
"2020-12-04",60.391744521706435,10.431505402993082,Inf,43.04760337823948,84.7239455894703,"2020-12-04","Pre-bloom","Carrickalinga - Carrickalinga Cliffs Sanctuary Zone","Total abundance","Negative binomial nbinom2 (log link)","nbinom2","log","nbinom2 selected: Poisson Pearson dispersion ratio = 44.316, greater than the threshold of 1.5","start_date_fct","Date-only model used because Status was not represented at every retained sampling date",0,NA,"total_abundance"
"2025-02-06",106.86483379633177,41.60492468003662,Inf,49.8244576320376,229.20656330384975,"2025-02-06","Pre-bloom","Carrickalinga - Carrickalinga Cliffs Sanctuary Zone","Total abundance","Negative binomial nbinom2 (log link)","nbinom2","log","nbinom2 selected: Poisson Pearson dispersion ratio = 44.316, greater than the threshold of 1.5","start_date_fct","Date-only model used because Status was not represented at every retained sampling date",0,NA,"total_abundance"
"2025-02-20",129.52381676455414,22.89904766065464,Inf,91.59298565634734,183.16270606356417,"2025-02-20","Pre-bloom","Carrickalinga - Carrickalinga Cliffs Sanctuary Zone","Total abundance","Negative binomial nbinom2 (log link)","nbinom2","log","nbinom2 selected: Poisson Pearson dispersion ratio = 44.316, greater than the threshold of 1.5","start_date_fct","Date-only model used because Status was not represented at every retained sampling date",0,NA,"total_abundance"
"2025-12-17",91.13087254640784,15.768682851998543,Inf,64.92011027635196,127.92393444369704,"2025-12-17","Bloom","Carrickalinga - Carrickalinga Cliffs Sanctuary Zone","Total abundance","Negative binomial nbinom2 (log link)","nbinom2","log","nbinom2 selected: Poisson Pearson dispersion ratio = 44.316, greater than the threshold of 1.5","start_date_fct","Date-only model used because Status was not represented at every retained sampling date",0,NA,"total_abundance"
"2015-11-15",21.362690946986277,3.3694514131242586,Inf,15.681924481560166,29.101311196407863,"2015-11-15","Pre-bloom","Chinamans Hat - Chinamans Hat Sanctuary Zone","Total abundance","Negative binomial nbinom2 (log link)","nbinom2","log","nbinom2 selected: Poisson Pearson dispersion ratio = 3.572, greater than the threshold of 1.5","start_date_fct * Status","Full date x Status interaction used",0,NA,"total_abundance"
"2025-12-04",21.04865965508082,3.3756243839899467,Inf,15.371462808722097,28.82263573666087,"2025-12-04","Bloom","Chinamans Hat - Chinamans Hat Sanctuary Zone","Total abundance","Negative binomial nbinom2 (log link)","nbinom2","log","nbinom2 selected: Poisson Pearson dispersion ratio = 3.572, greater than the threshold of 1.5","start_date_fct * Status","Full date x Status interaction used",0,NA,"total_abundance"
"2017-01-12",131.98484770654846,29.339297457782635,Inf,85.37053388130711,204.05167019735725,"2017-01-12","Pre-bloom","Cuttlefish Coast - Fairway Bank Sanctuary Zone","Total abundance","Negative binomial nbinom2 (log link)","nbinom2","log","nbinom2 selected: Poisson Pearson dispersion ratio = 170.07, greater than the threshold of 1.5","start_date_fct * Status","Full date x Status interaction used",0,NA,"total_abundance"
"2026-02-16",122.54654723345064,24.87244376636521,Inf,82.32627395230998,182.41632370657013,"2026-02-16","Bloom","Cuttlefish Coast - Fairway Bank Sanctuary Zone","Total abundance","Negative binomial nbinom2 (log link)","nbinom2","log","nbinom2 selected: Poisson Pearson dispersion ratio = 170.07, greater than the threshold of 1.5","start_date_fct * Status","Full date x Status interaction used",0,NA,"total_abundance"
"2016-01-19",72.66659729179197,19.079472410355958,Inf,43.435199136807306,121.57039605909829,"2016-01-19","Pre-bloom","Dangerous Reef - Dangerous Reef Sanctuary Zone","Total abundance","Negative binomial nbinom2 (log link)","nbinom2","log","nbinom2 selected: Poisson Pearson dispersion ratio = 27.062, greater than the threshold of 1.5","start_date_fct","Date-only fixed effect used",0,NA,"total_abundance"
"2017-02-25",140.41665502106912,25.859570966414292,Inf,97.87204909877889,201.4552386392402,"2017-02-25","Pre-bloom","Dangerous Reef - Dangerous Reef Sanctuary Zone","Total abundance","Negative binomial nbinom2 (log link)","nbinom2","log","nbinom2 selected: Poisson Pearson dispersion ratio = 27.062, greater than the threshold of 1.5","start_date_fct","Date-only fixed effect used",0,NA,"total_abundance"
"2019-02-16",94.90909140656542,12.962957921971702,Inf,72.61866315310371,124.04160639295385,"2019-02-16","Pre-bloom","Dangerous Reef - Dangerous Reef Sanctuary Zone","Total abundance","Negative binomial nbinom2 (log link)","nbinom2","log","nbinom2 selected: Poisson Pearson dispersion ratio = 27.062, greater than the threshold of 1.5","start_date_fct","Date-only fixed effect used",0,NA,"total_abundance"
"2020-04-10",42.04168083606572,5.585752886940139,Inf,32.40317057360056,54.547221652489526,"2020-04-10","Pre-bloom","Dangerous Reef - Dangerous Reef Sanctuary Zone","Total abundance","Negative binomial nbinom2 (log link)","nbinom2","log","nbinom2 selected: Poisson Pearson dispersion ratio = 27.062, greater than the threshold of 1.5","start_date_fct","Date-only fixed effect used",0,NA,"total_abundance"
"2022-03-16",140.4166550210992,25.859570966419845,Inf,97.87204909879983,201.45523863928335,"2022-03-16","Pre-bloom","Dangerous Reef - Dangerous Reef Sanctuary Zone","Total abundance","Negative binomial nbinom2 (log link)","nbinom2","log","nbinom2 selected: Poisson Pearson dispersion ratio = 27.062, greater than the threshold of 1.5","start_date_fct","Date-only fixed effect used",0,NA,"total_abundance"
"2025-11-10",120.00002505110213,22.132455824427023,Inf,83.59651989116523,172.25604643605485,"2025-11-10","Bloom","Dangerous Reef - Dangerous Reef Sanctuary Zone","Total abundance","Negative binomial nbinom2 (log link)","nbinom2","log","nbinom2 selected: Poisson Pearson dispersion ratio = 27.062, greater than the threshold of 1.5","start_date_fct","Date-only fixed effect used",0,NA,"total_abundance"
"2026-04-08",105.66668033212201,19.515820018254388,Inf,73.57456628441184,151.75688959210993,"2026-04-08","Bloom","Dangerous Reef - Dangerous Reef Sanctuary Zone","Total abundance","Negative binomial nbinom2 (log link)","nbinom2","log","nbinom2 selected: Poisson Pearson dispersion ratio = 27.062, greater than the threshold of 1.5","start_date_fct","Date-only fixed effect used",0,NA,"total_abundance"
"2020-10-13",47.018664637219786,13.585586504615431,Inf,26.688481945789185,82.83554039371462,"2020-10-13","Pre-bloom","Glenelg","Total abundance","Negative binomial nbinom2 (log link)","nbinom2","log","nbinom2 selected: Poisson Pearson dispersion ratio = 54.167, greater than the threshold of 1.5","start_date_fct","Date-only fixed effect used",0,NA,"total_abundance"
"2021-10-25",27.33457244234994,7.840754445754795,Inf,15.579386207648632,47.959453642612225,"2021-10-25","Pre-bloom","Glenelg","Total abundance","Negative binomial nbinom2 (log link)","nbinom2","log","nbinom2 selected: Poisson Pearson dispersion ratio = 54.167, greater than the threshold of 1.5","start_date_fct","Date-only fixed effect used",0,NA,"total_abundance"
"2022-12-02",33.84161601742729,9.336049573241173,Inf,19.707249948489366,58.11338353471176,"2022-12-02","Pre-bloom","Glenelg","Total abundance","Negative binomial nbinom2 (log link)","nbinom2","log","nbinom2 selected: Poisson Pearson dispersion ratio = 54.167, greater than the threshold of 1.5","start_date_fct","Date-only fixed effect used",0,NA,"total_abundance"
"2023-11-23",68.64655962222382,18.811966634651647,Inf,40.119426753493386,117.45806282132891,"2023-11-23","Pre-bloom","Glenelg","Total abundance","Negative binomial nbinom2 (log link)","nbinom2","log","nbinom2 selected: Poisson Pearson dispersion ratio = 54.167, greater than the threshold of 1.5","start_date_fct","Date-only fixed effect used",0,NA,"total_abundance"
"2025-10-21",4.434191816176034,1.2759456353645124,Inf,2.5227830229400627,7.793796328836975,"2025-10-21","Bloom","Glenelg","Total abundance","Negative binomial nbinom2 (log link)","nbinom2","log","nbinom2 selected: Poisson Pearson dispersion ratio = 54.167, greater than the threshold of 1.5","start_date_fct","Date-only fixed effect used",0,NA,"total_abundance"
"2026-03-20",81.32994908457135,21.673220306689913,Inf,48.241184723056655,137.1143900397946,"2026-03-20","Bloom","Glenelg","Total abundance","Negative binomial nbinom2 (log link)","nbinom2","log","nbinom2 selected: Poisson Pearson dispersion ratio = 54.167, greater than the threshold of 1.5","start_date_fct","Date-only fixed effect used",0,NA,"total_abundance"
"2014-09-03",10.37640236130886,4.546937586239816,Inf,4.395926737032539,24.493066514674968,"2014-09-03","Pre-bloom","Middle/Long Spit - Middle Spit Sanctuary Zone","Total abundance","Negative binomial nbinom2 (log link)","nbinom2","log","nbinom2 selected: Poisson Pearson dispersion ratio = 57.576, greater than the threshold of 1.5","start_date_fct","Date-only model used because Status was not represented at every retained sampling date",0,NA,"total_abundance"
"2015-01-07",36.53488967760401,7.259151533213934,Inf,24.75037403124693,53.93042392286824,"2015-01-07","Pre-bloom","Middle/Long Spit - Middle Spit Sanctuary Zone","Total abundance","Negative binomial nbinom2 (log link)","nbinom2","log","nbinom2 selected: Poisson Pearson dispersion ratio = 57.576, greater than the threshold of 1.5","start_date_fct","Date-only model used because Status was not represented at every retained sampling date",0,NA,"total_abundance"
"2016-01-10",32.14370414216332,6.7127556465892795,Inf,21.346888451839583,48.401326418599865,"2016-01-10","Pre-bloom","Middle/Long Spit - Middle Spit Sanctuary Zone","Total abundance","Negative binomial nbinom2 (log link)","nbinom2","log","nbinom2 selected: Poisson Pearson dispersion ratio = 57.576, greater than the threshold of 1.5","start_date_fct","Date-only model used because Status was not represented at every retained sampling date",0,NA,"total_abundance"
"2016-03-11",31.422883735052825,13.269971153104,Inf,13.733500908945414,71.89700781855986,"2016-03-11","Pre-bloom","Middle/Long Spit - Middle Spit Sanctuary Zone","Total abundance","Negative binomial nbinom2 (log link)","nbinom2","log","nbinom2 selected: Poisson Pearson dispersion ratio = 57.576, greater than the threshold of 1.5","start_date_fct","Date-only model used because Status was not represented at every retained sampling date",0,NA,"total_abundance"
"2026-01-26",124.21871248410086,23.299088135562798,Inf,86.00651880500786,179.40836050103292,"2026-01-26","Bloom","Middle/Long Spit - Middle Spit Sanctuary Zone","Total abundance","Negative binomial nbinom2 (log link)","nbinom2","log","nbinom2 selected: Poisson Pearson dispersion ratio = 57.576, greater than the threshold of 1.5","start_date_fct","Date-only model used because Status was not represented at every retained sampling date",0,NA,"total_abundance"
"2015-04-28",121.8333333837448,25.698840093375054,Inf,80.57836423457621,184.2102562442613,"2015-04-28","Pre-bloom","O'Sullivan","Total abundance","Negative binomial nbinom2 (log link)","nbinom2","log","nbinom2 selected: Poisson Pearson dispersion ratio = 33.594, greater than the threshold of 1.5","start_date_fct","Date-only fixed effect used",0,NA,"total_abundance"
"2015-10-09",300.166666792912,63.02567014171443,Inf,198.90083021785003,452.98970222941364,"2015-10-09","Pre-bloom","O'Sullivan","Total abundance","Negative binomial nbinom2 (log link)","nbinom2","log","nbinom2 selected: Poisson Pearson dispersion ratio = 33.594, greater than the threshold of 1.5","start_date_fct","Date-only fixed effect used",0,NA,"total_abundance"
"2021-10-12",31.454545450589887,7.081267128438556,Inf,20.232752666310006,48.90033728088205,"2021-10-12","Pre-bloom","O'Sullivan","Total abundance","Negative binomial nbinom2 (log link)","nbinom2","log","nbinom2 selected: Poisson Pearson dispersion ratio = 33.594, greater than the threshold of 1.5","start_date_fct","Date-only fixed effect used",0,NA,"total_abundance"
"2022-12-01",51.24999994481257,10.924227864853036,Inf,33.74857481442027,77.82736037851873,"2022-12-01","Pre-bloom","O'Sullivan","Total abundance","Negative binomial nbinom2 (log link)","nbinom2","log","nbinom2 selected: Poisson Pearson dispersion ratio = 33.594, greater than the threshold of 1.5","start_date_fct","Date-only fixed effect used",0,NA,"total_abundance"
"2023-12-01",21.250000061242783,4.642572678647519,Inf,13.848206247788864,32.608013956675364,"2023-12-01","Pre-bloom","O'Sullivan","Total abundance","Negative binomial nbinom2 (log link)","nbinom2","log","nbinom2 selected: Poisson Pearson dispersion ratio = 33.594, greater than the threshold of 1.5","start_date_fct","Date-only fixed effect used",0,NA,"total_abundance"
"2024-12-19",32.99999997977276,7.103404242176628,Inf,21.641573243252378,50.319816698378965,"2024-12-19","Pre-bloom","O'Sullivan","Total abundance","Negative binomial nbinom2 (log link)","nbinom2","log","nbinom2 selected: Poisson Pearson dispersion ratio = 33.594, greater than the threshold of 1.5","start_date_fct","Date-only fixed effect used",0,NA,"total_abundance"
"2025-02-04",19.40000002445211,6.591766439311127,Inf,9.967332805132667,37.759349297029146,"2025-02-04","Pre-bloom","O'Sullivan","Total abundance","Negative binomial nbinom2 (log link)","nbinom2","log","nbinom2 selected: Poisson Pearson dispersion ratio = 33.594, greater than the threshold of 1.5","start_date_fct","Date-only fixed effect used",0,NA,"total_abundance"
"2025-11-13",117.64705850954411,20.85515265968233,Inf,83.11695006777632,166.52235632637894,"2025-11-13","Bloom","O'Sullivan","Total abundance","Negative binomial nbinom2 (log link)","nbinom2","log","nbinom2 selected: Poisson Pearson dispersion ratio = 33.594, greater than the threshold of 1.5","start_date_fct","Date-only fixed effect used",0,NA,"total_abundance"
"2026-03-06",27.588235333393083,5.015934499281956,Inf,19.318052683289014,39.39893638809016,"2026-03-06","Bloom","O'Sullivan","Total abundance","Negative binomial nbinom2 (log link)","nbinom2","log","nbinom2 selected: Poisson Pearson dispersion ratio = 33.594, greater than the threshold of 1.5","start_date_fct","Date-only fixed effect used",0,NA,"total_abundance"
"2014-09-03",64.97104495771944,7.732260788145619,Inf,51.453818816731804,82.03932730305598,"2014-09-03","Pre-bloom","Offshore Ardrossan - Offshore Ardrossan Sanctuary Zone","Total abundance","Negative binomial nbinom2 (log link)","nbinom2","log","nbinom2 selected: Poisson Pearson dispersion ratio = 16.084, greater than the threshold of 1.5","start_date_fct * Status","Full date x Status interaction used",0,NA,"total_abundance"
"2016-03-11",89.08329304777173,11.185354555451068,Inf,69.64963730815631,113.93933130080852,"2016-03-11","Pre-bloom","Offshore Ardrossan - Offshore Ardrossan Sanctuary Zone","Total abundance","Negative binomial nbinom2 (log link)","nbinom2","log","nbinom2 selected: Poisson Pearson dispersion ratio = 16.084, greater than the threshold of 1.5","start_date_fct * Status","Full date x Status interaction used",0,NA,"total_abundance"
"2016-11-03",58.53570511534786,9.742108029478812,Inf,42.24304606707153,81.11225615479145,"2016-11-03","Pre-bloom","Offshore Ardrossan - Offshore Ardrossan Sanctuary Zone","Total abundance","Negative binomial nbinom2 (log link)","nbinom2","log","nbinom2 selected: Poisson Pearson dispersion ratio = 16.084, greater than the threshold of 1.5","start_date_fct * Status","Full date x Status interaction used",0,NA,"total_abundance"
"2025-10-13",105.60671448249539,14.350240600260674,Inf,80.91462764266628,137.8338931872739,"2025-10-13","Bloom","Offshore Ardrossan - Offshore Ardrossan Sanctuary Zone","Total abundance","Negative binomial nbinom2 (log link)","nbinom2","log","nbinom2 selected: Poisson Pearson dispersion ratio = 16.084, greater than the threshold of 1.5","start_date_fct * Status","Full date x Status interaction used",0,NA,"total_abundance"
"2017-02-03",34.166666678378725,4.6264126591046555,Inf,26.20256418227189,44.55140740390772,"2017-02-03","Pre-bloom","Orcades Bank - Orcades Bank Sanctuary Zone","Total abundance","Negative binomial nbinom2 (log link)","nbinom2","log","nbinom2 selected: Poisson Pearson dispersion ratio = 7.965, greater than the threshold of 1.5","1","Intercept-only fixed effect used",0,"overall","total_abundance"
"2017-02-03",19.37128642034648,3.598243850786835,Inf,13.460046864813966,27.878560999667535,"2017-02-03","Pre-bloom","Port Gibbon - Port Gibbon Sanctuary Zone","Total abundance","Negative binomial nbinom2 (log link)","nbinom2","log","nbinom2 selected: Poisson Pearson dispersion ratio = 22.878, greater than the threshold of 1.5","start_date_fct * Status","Full date x Status interaction used",0,NA,"total_abundance"
"2025-11-14",35.03975513502147,6.770495490084212,Inf,23.993252860085498,51.17207104355457,"2025-11-14","Bloom","Port Gibbon - Port Gibbon Sanctuary Zone","Total abundance","Negative binomial nbinom2 (log link)","nbinom2","log","nbinom2 selected: Poisson Pearson dispersion ratio = 22.878, greater than the threshold of 1.5","start_date_fct * Status","Full date x Status interaction used",0,NA,"total_abundance"
"2015-04-28",65.63610819292485,15.197253757531568,Inf,41.69243998933526,103.33045271073914,"2015-04-28","Pre-bloom","Port Noarlunga - Port Noarlunga Reef Sanctuary Zone","Total abundance","Negative binomial nbinom2 (log link)","nbinom2","log","nbinom2 selected: Poisson Pearson dispersion ratio = 39.754, greater than the threshold of 1.5","start_date_fct","Date-only fixed effect used",0,NA,"total_abundance"
"2015-10-09",61.916620367857334,13.736391946493518,Inf,40.08349412322406,95.64205819961616,"2015-10-09","Pre-bloom","Port Noarlunga - Port Noarlunga Reef Sanctuary Zone","Total abundance","Negative binomial nbinom2 (log link)","nbinom2","log","nbinom2 selected: Poisson Pearson dispersion ratio = 39.754, greater than the threshold of 1.5","start_date_fct","Date-only fixed effect used",0,NA,"total_abundance"
"2021-10-12",25.249938917348114,9.893319065352394,Inf,11.715108599026875,54.42198080714081,"2021-10-12","Pre-bloom","Port Noarlunga - Port Noarlunga Reef Sanctuary Zone","Total abundance","Negative binomial nbinom2 (log link)","nbinom2","log","nbinom2 selected: Poisson Pearson dispersion ratio = 39.754, greater than the threshold of 1.5","start_date_fct","Date-only fixed effect used",0,NA,"total_abundance"
"2022-12-01",46.24984616674013,17.85410075636704,Inf,21.70280873542963,98.56089580493568,"2022-12-01","Pre-bloom","Port Noarlunga - Port Noarlunga Reef Sanctuary Zone","Total abundance","Negative binomial nbinom2 (log link)","nbinom2","log","nbinom2 selected: Poisson Pearson dispersion ratio = 39.754, greater than the threshold of 1.5","start_date_fct","Date-only fixed effect used",0,NA,"total_abundance"
"2023-12-01",106.7500070277961,40.783629406091976,Inf,50.48566060863048,225.7188251684767,"2023-12-01","Pre-bloom","Port Noarlunga - Port Noarlunga Reef Sanctuary Zone","Total abundance","Negative binomial nbinom2 (log link)","nbinom2","log","nbinom2 selected: Poisson Pearson dispersion ratio = 39.754, greater than the threshold of 1.5","start_date_fct","Date-only fixed effect used",0,NA,"total_abundance"
"2024-12-19",26.999865035772345,10.556821447122118,Inf,12.547169221194453,58.1001737601913,"2024-12-19","Pre-bloom","Port Noarlunga - Port Noarlunga Reef Sanctuary Zone","Total abundance","Negative binomial nbinom2 (log link)","nbinom2","log","nbinom2 selected: Poisson Pearson dispersion ratio = 39.754, greater than the threshold of 1.5","start_date_fct","Date-only fixed effect used",0,NA,"total_abundance"
"2025-02-04",19.749886746894212,7.8074839172069685,Inf,9.10058679451553,42.86075561085975,"2025-02-04","Pre-bloom","Port Noarlunga - Port Noarlunga Reef Sanctuary Zone","Total abundance","Negative binomial nbinom2 (log link)","nbinom2","log","nbinom2 selected: Poisson Pearson dispersion ratio = 39.754, greater than the threshold of 1.5","start_date_fct","Date-only fixed effect used",0,NA,"total_abundance"
"2025-11-13",28.166592168452098,8.980805092257372,Inf,15.077596022309892,52.61826309777761,"2025-11-13","Bloom","Port Noarlunga - Port Noarlunga Reef Sanctuary Zone","Total abundance","Negative binomial nbinom2 (log link)","nbinom2","log","nbinom2 selected: Poisson Pearson dispersion ratio = 39.754, greater than the threshold of 1.5","start_date_fct","Date-only fixed effect used",0,NA,"total_abundance"
"2015-12-10",22.703402024878844,3.4801645231954943,Inf,16.811704728599157,30.65985703558228,"2015-12-10","Pre-bloom","Rapid Head - Rapid Head Sanctuary Zone","Total abundance","Negative binomial nbinom2 (log link)","nbinom2","log","nbinom2 selected: Poisson Pearson dispersion ratio = 9.641, greater than the threshold of 1.5","start_date_fct * Status","Full date x Status interaction used",0,NA,"total_abundance"
"2016-12-06",26.416191595787016,3.9838023924796593,Inf,19.656276703914045,35.50088294627926,"2016-12-06","Pre-bloom","Rapid Head - Rapid Head Sanctuary Zone","Total abundance","Negative binomial nbinom2 (log link)","nbinom2","log","nbinom2 selected: Poisson Pearson dispersion ratio = 9.641, greater than the threshold of 1.5","start_date_fct * Status","Full date x Status interaction used",0,NA,"total_abundance"
"2017-12-05",27.05747172546849,4.187432339574525,Inf,19.978123601696463,36.645422301439716,"2017-12-05","Pre-bloom","Rapid Head - Rapid Head Sanctuary Zone","Total abundance","Negative binomial nbinom2 (log link)","nbinom2","log","nbinom2 selected: Poisson Pearson dispersion ratio = 9.641, greater than the threshold of 1.5","start_date_fct * Status","Full date x Status interaction used",0,NA,"total_abundance"
"2018-12-11",31.12849103055247,4.730725041464637,Inf,23.109867889998814,41.929402558745444,"2018-12-11","Pre-bloom","Rapid Head - Rapid Head Sanctuary Zone","Total abundance","Negative binomial nbinom2 (log link)","nbinom2","log","nbinom2 selected: Poisson Pearson dispersion ratio = 9.641, greater than the threshold of 1.5","start_date_fct * Status","Full date x Status interaction used",0,NA,"total_abundance"
"2021-01-21",37.62575712578774,5.614176981564737,Inf,28.085141175045322,50.40735207507756,"2021-01-21","Pre-bloom","Rapid Head - Rapid Head Sanctuary Zone","Total abundance","Negative binomial nbinom2 (log link)","nbinom2","log","nbinom2 selected: Poisson Pearson dispersion ratio = 9.641, greater than the threshold of 1.5","start_date_fct * Status","Full date x Status interaction used",0,NA,"total_abundance"
"2025-02-27",41.06651064537543,6.194123599002391,Inf,30.556231624917004,55.19195944343855,"2025-02-27","Pre-bloom","Rapid Head - Rapid Head Sanctuary Zone","Total abundance","Negative binomial nbinom2 (log link)","nbinom2","log","nbinom2 selected: Poisson Pearson dispersion ratio = 9.641, greater than the threshold of 1.5","start_date_fct * Status","Full date x Status interaction used",0,NA,"total_abundance"
"2025-12-10",26.249701148551697,3.959864069722871,Inf,19.53068503862079,35.2802172082406,"2025-12-10","Bloom","Rapid Head - Rapid Head Sanctuary Zone","Total abundance","Negative binomial nbinom2 (log link)","nbinom2","log","nbinom2 selected: Poisson Pearson dispersion ratio = 9.641, greater than the threshold of 1.5","start_date_fct * Status","Full date x Status interaction used",0,NA,"total_abundance"
"2016-01-20",52.40054320721293,4.894052768960873,Inf,43.635115613532356,62.926771014660545,"2016-01-20","Pre-bloom","Sponge Gardens - Sponge Gardens Sanctuary Zone","Total abundance","Negative binomial nbinom2 (log link)","nbinom2","log","nbinom2 selected: Poisson Pearson dispersion ratio = 10.337, greater than the threshold of 1.5","start_date_fct * Status","Full date x Status interaction used",0,NA,"total_abundance"
"2016-12-06",31.626370817741467,2.9731146486163342,Inf,26.30450099361388,38.02494984961399,"2016-12-06","Pre-bloom","Sponge Gardens - Sponge Gardens Sanctuary Zone","Total abundance","Negative binomial nbinom2 (log link)","nbinom2","log","nbinom2 selected: Poisson Pearson dispersion ratio = 10.337, greater than the threshold of 1.5","start_date_fct * Status","Full date x Status interaction used",0,NA,"total_abundance"
"2017-12-05",53.28871620342953,8.211061077498552,Inf,39.39823459237761,72.07651063530264,"2017-12-05","Pre-bloom","Sponge Gardens - Sponge Gardens Sanctuary Zone","Total abundance","Negative binomial nbinom2 (log link)","nbinom2","log","nbinom2 selected: Poisson Pearson dispersion ratio = 10.337, greater than the threshold of 1.5","start_date_fct * Status","Full date x Status interaction used",0,NA,"total_abundance"
"2018-01-17",33.215678457548215,3.727722257356795,Inf,26.65720782475793,41.387729076807446,"2018-01-17","Pre-bloom","Sponge Gardens - Sponge Gardens Sanctuary Zone","Total abundance","Negative binomial nbinom2 (log link)","nbinom2","log","nbinom2 selected: Poisson Pearson dispersion ratio = 10.337, greater than the threshold of 1.5","start_date_fct * Status","Full date x Status interaction used",0,NA,"total_abundance"
"2019-01-22",42.06715805149064,3.790727721275254,Inf,35.25658687900142,50.19333813004691,"2019-01-22","Pre-bloom","Sponge Gardens - Sponge Gardens Sanctuary Zone","Total abundance","Negative binomial nbinom2 (log link)","nbinom2","log","nbinom2 selected: Poisson Pearson dispersion ratio = 10.337, greater than the threshold of 1.5","start_date_fct * Status","Full date x Status interaction used",0,NA,"total_abundance"
"2021-01-21",52.7773102249549,4.697293445390438,Inf,44.329057291486166,62.83563524181012,"2021-01-21","Pre-bloom","Sponge Gardens - Sponge Gardens Sanctuary Zone","Total abundance","Negative binomial nbinom2 (log link)","nbinom2","log","nbinom2 selected: Poisson Pearson dispersion ratio = 10.337, greater than the threshold of 1.5","start_date_fct * Status","Full date x Status interaction used",0,NA,"total_abundance"
"2025-04-02",50.32349907154019,4.590422290731712,Inf,42.08484213636523,60.174980592716295,"2025-04-02","Bloom","Sponge Gardens - Sponge Gardens Sanctuary Zone","Total abundance","Negative binomial nbinom2 (log link)","nbinom2","log","nbinom2 selected: Poisson Pearson dispersion ratio = 10.337, greater than the threshold of 1.5","start_date_fct * Status","Full date x Status interaction used",0,NA,"total_abundance"
"2026-01-27",52.64762866382959,4.790852306683782,Inf,44.04745275031198,62.92697150131705,"2026-01-27","Bloom","Sponge Gardens - Sponge Gardens Sanctuary Zone","Total abundance","Negative binomial nbinom2 (log link)","nbinom2","log","nbinom2 selected: Poisson Pearson dispersion ratio = 10.337, greater than the threshold of 1.5","start_date_fct * Status","Full date x Status interaction used",0,NA,"total_abundance"
"2016-04-19",39.03035092347495,6.665907262671288,Inf,27.92721497785966,54.547805587392396,"2016-04-19","Pre-bloom","The Pages - The Pages Sanctuary Zone","Total abundance","Negative binomial nbinom2 (log link)","nbinom2","log","nbinom2 selected: Poisson Pearson dispersion ratio = 40.794, greater than the threshold of 1.5","start_date_fct * Status","Full date x Status interaction used",0,NA,"total_abundance"
"2017-06-02",44.42059136742017,7.809839207972956,Inf,31.47238863804314,62.6958747912186,"2017-06-02","Pre-bloom","The Pages - The Pages Sanctuary Zone","Total abundance","Negative binomial nbinom2 (log link)","nbinom2","log","nbinom2 selected: Poisson Pearson dispersion ratio = 40.794, greater than the threshold of 1.5","start_date_fct * Status","Full date x Status interaction used",0,NA,"total_abundance"
"2018-06-26",42.1936912665818,7.400380097683875,Inf,29.919525758998716,59.50320192371931,"2018-06-26","Pre-bloom","The Pages - The Pages Sanctuary Zone","Total abundance","Negative binomial nbinom2 (log link)","nbinom2","log","nbinom2 selected: Poisson Pearson dispersion ratio = 40.794, greater than the threshold of 1.5","start_date_fct * Status","Full date x Status interaction used",0,NA,"total_abundance"
"2019-06-06",49.667020331964665,8.427153473491842,Inf,35.615755998784586,69.26184323421275,"2019-06-06","Pre-bloom","The Pages - The Pages Sanctuary Zone","Total abundance","Negative binomial nbinom2 (log link)","nbinom2","log","nbinom2 selected: Poisson Pearson dispersion ratio = 40.794, greater than the threshold of 1.5","start_date_fct * Status","Full date x Status interaction used",0,NA,"total_abundance"
"2021-05-20",46.060288823039556,8.23598033584426,Inf,32.44325470211566,65.39264404700663,"2021-05-20","Pre-bloom","The Pages - The Pages Sanctuary Zone","Total abundance","Negative binomial nbinom2 (log link)","nbinom2","log","nbinom2 selected: Poisson Pearson dispersion ratio = 40.794, greater than the threshold of 1.5","start_date_fct * Status","Full date x Status interaction used",0,NA,"total_abundance"
"2025-04-09",24.936803335490563,5.382470060133266,Inf,16.334794294805977,38.068686349522196,"2025-04-09","Bloom","The Pages - The Pages Sanctuary Zone","Total abundance","Negative binomial nbinom2 (log link)","nbinom2","log","nbinom2 selected: Poisson Pearson dispersion ratio = 40.794, greater than the threshold of 1.5","start_date_fct * Status","Full date x Status interaction used",0,NA,"total_abundance"
"2025-12-02",78.67911830575888,14.88268415424643,Inf,54.306146931333465,113.9908464726647,"2025-12-02","Bloom","The Pages - The Pages Sanctuary Zone","Total abundance","Negative binomial nbinom2 (log link)","nbinom2","log","nbinom2 selected: Poisson Pearson dispersion ratio = 40.794, greater than the threshold of 1.5","start_date_fct * Status","Full date x Status interaction used",0,NA,"total_abundance"
"2026-03-01",103.78607079550255,18.699555228554505,Inf,72.9079107350235,147.7418346318712,"2026-03-01","Bloom","The Pages - The Pages Sanctuary Zone","Total abundance","Negative binomial nbinom2 (log link)","nbinom2","log","nbinom2 selected: Poisson Pearson dispersion ratio = 40.794, greater than the threshold of 1.5","start_date_fct * Status","Full date x Status interaction used",0,NA,"total_abundance"
"2017-11-28",31.31578850403576,5.154539752287197,Inf,22.68070961880404,43.23844474497573,"2017-11-28","Pre-bloom","Victor Harbor - Encounter Bay Sanctuary Zone","Total abundance","Negative binomial nbinom2 (log link)","nbinom2","log","nbinom2 selected: Poisson Pearson dispersion ratio = 25.683, greater than the threshold of 1.5","start_date_fct","Date-only model used because Status was not represented at every retained sampling date",0,NA,"total_abundance"
"2018-11-27",40.79999573752876,12.996438005867892,Inf,21.853360220774647,76.17316675171513,"2018-11-27","Pre-bloom","Victor Harbor - Encounter Bay Sanctuary Zone","Total abundance","Negative binomial nbinom2 (log link)","nbinom2","log","nbinom2 selected: Poisson Pearson dispersion ratio = 25.683, greater than the threshold of 1.5","start_date_fct","Date-only model used because Status was not represented at every retained sampling date",0,NA,"total_abundance"
"2021-11-23",24.12499952636252,6.175954283056343,Inf,14.607010019940764,39.844951249602275,"2021-11-23","Pre-bloom","Victor Harbor - Encounter Bay Sanctuary Zone","Total abundance","Negative binomial nbinom2 (log link)","nbinom2","log","nbinom2 selected: Poisson Pearson dispersion ratio = 25.683, greater than the threshold of 1.5","start_date_fct","Date-only model used because Status was not represented at every retained sampling date",0,NA,"total_abundance"
"2025-10-30",33.40000153505278,5.348015203130349,Inf,24.403488770370416,45.71314015953282,"2025-10-30","Bloom","Victor Harbor - Encounter Bay Sanctuary Zone","Total abundance","Negative binomial nbinom2 (log link)","nbinom2","log","nbinom2 selected: Poisson Pearson dispersion ratio = 25.683, greater than the threshold of 1.5","start_date_fct","Date-only model used because Status was not represented at every retained sampling date",0,NA,"total_abundance"
"2026-01-23",43.3500005799973,6.8945415107082875,Inf,31.740292393924722,59.206214201273696,"2026-01-23","Bloom","Victor Harbor - Encounter Bay Sanctuary Zone","Total abundance","Negative binomial nbinom2 (log link)","nbinom2","log","nbinom2 selected: Poisson Pearson dispersion ratio = 25.683, greater than the threshold of 1.5","start_date_fct","Date-only model used because Status was not represented at every retained sampling date",0,NA,"total_abundance"
"2017-04-12",25.333335678215963,4.781744792021069,Inf,17.49949340134916,36.67408432153188,"2017-04-12","Pre-bloom","Windara Reef - Windara Shell fish Reef Sanctuary Zone","Total abundance","Negative binomial nbinom2 (log link)","nbinom2","log","nbinom2 selected: Poisson Pearson dispersion ratio = 22.911, greater than the threshold of 1.5","start_date_fct","Date-only fixed effect used",0,NA,"total_abundance"
"2017-11-23",28.166665626437553,5.291797807970367,Inf,19.49020406892324,40.70563087518093,"2017-11-23","Pre-bloom","Windara Reef - Windara Shell fish Reef Sanctuary Zone","Total abundance","Negative binomial nbinom2 (log link)","nbinom2","log","nbinom2 selected: Poisson Pearson dispersion ratio = 22.911, greater than the threshold of 1.5","start_date_fct","Date-only fixed effect used",0,NA,"total_abundance"
"2018-04-24",33.16666501284686,6.191675798348892,Inf,23.003628716288414,47.819745381975,"2018-04-24","Pre-bloom","Windara Reef - Windara Shell fish Reef Sanctuary Zone","Total abundance","Negative binomial nbinom2 (log link)","nbinom2","log","nbinom2 selected: Poisson Pearson dispersion ratio = 22.911, greater than the threshold of 1.5","start_date_fct","Date-only fixed effect used",0,NA,"total_abundance"
"2018-11-29",30.33333036356504,5.681773116757605,Inf,21.012633978837506,43.788462306622286,"2018-11-29","Pre-bloom","Windara Reef - Windara Shell fish Reef Sanctuary Zone","Total abundance","Negative binomial nbinom2 (log link)","nbinom2","log","nbinom2 selected: Poisson Pearson dispersion ratio = 22.911, greater than the threshold of 1.5","start_date_fct","Date-only fixed effect used",0,NA,"total_abundance"
"2019-10-22",30.00000282250959,5.621781518054456,Inf,20.77841138440038,43.314195329979285,"2019-10-22","Pre-bloom","Windara Reef - Windara Shell fish Reef Sanctuary Zone","Total abundance","Negative binomial nbinom2 (log link)","nbinom2","log","nbinom2 selected: Poisson Pearson dispersion ratio = 22.911, greater than the threshold of 1.5","start_date_fct","Date-only fixed effect used",0,NA,"total_abundance"
"2020-10-28",102.83333740607353,18.72262033324485,Inf,71.97102655036328,146.92989372148926,"2020-10-28","Pre-bloom","Windara Reef - Windara Shell fish Reef Sanctuary Zone","Total abundance","Negative binomial nbinom2 (log link)","nbinom2","log","nbinom2 selected: Poisson Pearson dispersion ratio = 22.911, greater than the threshold of 1.5","start_date_fct","Date-only fixed effect used",0,NA,"total_abundance"
"2025-10-24",74.66666322769038,13.656920952543446,Inf,52.17200837466995,106.86018750744714,"2025-10-24","Bloom","Windara Reef - Windara Shell fish Reef Sanctuary Zone","Total abundance","Negative binomial nbinom2 (log link)","nbinom2","log","nbinom2 selected: Poisson Pearson dispersion ratio = 22.911, greater than the threshold of 1.5","start_date_fct","Date-only fixed effect used",0,NA,"total_abundance"
"2014-09-03",8.142078777606145,1.594737154262185,Inf,5.54645981458738,11.952389278362805,"2014-09-03","Pre-bloom","Aldinga - Aldinga Reef Sanctuary Zone","Species richness","Negative binomial nbinom2 (log link)","nbinom2","log","nbinom2 selected: Poisson Pearson dispersion ratio = 1.945, greater than the threshold of 1.5","start_date_fct","Date-only model used because Status was not represented at every retained sampling date",0,NA,"richness"
"2015-12-10",6.455326274457475,1.26534154065306,Inf,4.396122918320352,9.479088297563468,"2015-12-10","Pre-bloom","Aldinga - Aldinga Reef Sanctuary Zone","Species richness","Negative binomial nbinom2 (log link)","nbinom2","log","nbinom2 selected: Poisson Pearson dispersion ratio = 1.945, greater than the threshold of 1.5","start_date_fct","Date-only model used because Status was not represented at every retained sampling date",0,NA,"richness"
"2016-02-12",11.791755574183837,2.3022219579738263,Inf,8.042478487910103,17.288886719475403,"2016-02-12","Pre-bloom","Aldinga - Aldinga Reef Sanctuary Zone","Species richness","Negative binomial nbinom2 (log link)","nbinom2","log","nbinom2 selected: Poisson Pearson dispersion ratio = 1.945, greater than the threshold of 1.5","start_date_fct","Date-only model used because Status was not represented at every retained sampling date",0,NA,"richness"
"2016-11-19",9.762412566759194,1.9775909499588604,Inf,6.563380779277377,14.520671941589042,"2016-11-19","Pre-bloom","Aldinga - Aldinga Reef Sanctuary Zone","Species richness","Negative binomial nbinom2 (log link)","nbinom2","log","nbinom2 selected: Poisson Pearson dispersion ratio = 1.945, greater than the threshold of 1.5","start_date_fct","Date-only model used because Status was not represented at every retained sampling date",0,NA,"richness"
"2019-12-07",11.393527102877588,2.2260085580899065,Inf,7.768815770310214,16.709426981150138,"2019-12-07","Pre-bloom","Aldinga - Aldinga Reef Sanctuary Zone","Species richness","Negative binomial nbinom2 (log link)","nbinom2","log","nbinom2 selected: Poisson Pearson dispersion ratio = 1.945, greater than the threshold of 1.5","start_date_fct","Date-only model used because Status was not represented at every retained sampling date",0,NA,"richness"
"2020-11-26",9.637203314276745,1.9542078237417724,Inf,6.476591648845216,14.340210523735353,"2020-11-26","Pre-bloom","Aldinga - Aldinga Reef Sanctuary Zone","Species richness","Negative binomial nbinom2 (log link)","nbinom2","log","nbinom2 selected: Poisson Pearson dispersion ratio = 1.945, greater than the threshold of 1.5","start_date_fct","Date-only model used because Status was not represented at every retained sampling date",0,NA,"richness"
"2021-11-22",9.480664906591427,2.0784863047723503,Inf,6.169163476844681,14.56972366001336,"2021-11-22","Pre-bloom","Aldinga - Aldinga Reef Sanctuary Zone","Species richness","Negative binomial nbinom2 (log link)","nbinom2","log","nbinom2 selected: Poisson Pearson dispersion ratio = 1.945, greater than the threshold of 1.5","start_date_fct","Date-only model used because Status was not represented at every retained sampling date",0,NA,"richness"
"2025-02-06",7.603986752381411,1.428285418856847,Inf,5.262074174322369,10.988179302477798,"2025-02-06","Pre-bloom","Aldinga - Aldinga Reef Sanctuary Zone","Species richness","Negative binomial nbinom2 (log link)","nbinom2","log","nbinom2 selected: Poisson Pearson dispersion ratio = 1.945, greater than the threshold of 1.5","start_date_fct","Date-only model used because Status was not represented at every retained sampling date",0,NA,"richness"
"2026-02-21",6.960160985101825,1.2343867822934316,Inf,4.916526882595762,9.853264732472466,"2026-02-21","Bloom","Aldinga - Aldinga Reef Sanctuary Zone","Species richness","Negative binomial nbinom2 (log link)","nbinom2","log","nbinom2 selected: Poisson Pearson dispersion ratio = 1.945, greater than the threshold of 1.5","start_date_fct","Date-only model used because Status was not represented at every retained sampling date",0,NA,"richness"
"2016-05-24",4.182915619559846,0.43446655474592455,Inf,3.412458847340784,5.127324273519777,"2016-05-24","Pre-bloom","Bay of Shoals - Bay of Shoals Sanctuary Zone","Species richness","Poisson (log link)","poisson","log","Poisson retained: Pearson dispersion ratio = 0.848, not greater than the threshold of 1.5","start_date_fct * Status","Full date x Status interaction used",0,NA,"richness"
"2017-04-05",6.268649844843376,0.5352988527169763,Inf,5.302581512249113,7.410724528511269,"2017-04-05","Pre-bloom","Bay of Shoals - Bay of Shoals Sanctuary Zone","Species richness","Poisson (log link)","poisson","log","Poisson retained: Pearson dispersion ratio = 0.848, not greater than the threshold of 1.5","start_date_fct * Status","Full date x Status interaction used",0,NA,"richness"
"2018-03-28",7.630041583422436,0.5965242357891105,Inf,6.546047043254524,8.893540510795248,"2018-03-28","Pre-bloom","Bay of Shoals - Bay of Shoals Sanctuary Zone","Species richness","Poisson (log link)","poisson","log","Poisson retained: Pearson dispersion ratio = 0.848, not greater than the threshold of 1.5","start_date_fct * Status","Full date x Status interaction used",0,NA,"richness"
"2026-03-24",5.54980117486347,0.5067977449085889,Inf,4.640312708480983,6.637546867094328,"2026-03-24","Bloom","Bay of Shoals - Bay of Shoals Sanctuary Zone","Species richness","Poisson (log link)","poisson","log","Poisson retained: Pearson dispersion ratio = 0.848, not greater than the threshold of 1.5","start_date_fct * Status","Full date x Status interaction used",0,NA,"richness"
"2021-10-11",8.321558041491073,0.9112239281491467,Inf,6.714237741479758,10.313654491275583,"2021-10-11","Pre-bloom","Boston Bay","Species richness","Poisson (log link)","poisson","log","Poisson retained: Pearson dispersion ratio = 0.549, not greater than the threshold of 1.5","start_date_fct","Date-only fixed effect used",0,NA,"richness"
"2022-05-10",4.602538864161192,0.5443025491766524,Inf,3.6503390485019382,5.803122316763326,"2022-05-10","Pre-bloom","Boston Bay","Species richness","Poisson (log link)","poisson","log","Poisson retained: Pearson dispersion ratio = 0.549, not greater than the threshold of 1.5","start_date_fct","Date-only fixed effect used",0,NA,"richness"
"2024-03-25",5.779582538503769,0.7511930402558239,Inf,4.479842622254017,7.456416918184233,"2024-03-25","Pre-bloom","Boston Bay","Species richness","Poisson (log link)","poisson","log","Poisson retained: Pearson dispersion ratio = 0.549, not greater than the threshold of 1.5","start_date_fct","Date-only fixed effect used",0,NA,"richness"
"2024-11-14",7.725689913325616,0.9411594807710322,Inf,6.084741673953042,9.809173147376212,"2024-11-14","Pre-bloom","Boston Bay","Species richness","Poisson (log link)","poisson","log","Poisson retained: Pearson dispersion ratio = 0.549, not greater than the threshold of 1.5","start_date_fct","Date-only fixed effect used",0,NA,"richness"
"2025-05-22",5.670987528619728,0.7343401108497511,Inf,4.399831185562254,7.309393972953248,"2025-05-22","Bloom","Boston Bay","Species richness","Poisson (log link)","poisson","log","Poisson retained: Pearson dispersion ratio = 0.549, not greater than the threshold of 1.5","start_date_fct","Date-only fixed effect used",0,NA,"richness"
"2025-11-11",6.942027320524083,0.8766803508397053,Inf,5.419903363038169,8.89162409196324,"2025-11-11","Bloom","Boston Bay","Species richness","Poisson (log link)","poisson","log","Poisson retained: Pearson dispersion ratio = 0.549, not greater than the threshold of 1.5","start_date_fct","Date-only fixed effect used",0,NA,"richness"
"2017-01-12",9.157192073257447,0.6180164935905756,Inf,8.022596589211037,10.452247689893559,"2017-01-12","Pre-bloom","Cape Elizabeth - Cape Elizabeth Sanctuary Zone","Species richness","Poisson (log link)","poisson","log","Poisson retained: Pearson dispersion ratio = 0.661, not greater than the threshold of 1.5","start_date_fct * Status","Full date x Status interaction used",0,NA,"richness"
"2026-03-10",7.540630683905047,0.5605676252692121,Inf,6.518229854082728,8.723397668376952,"2026-03-10","Bloom","Cape Elizabeth - Cape Elizabeth Sanctuary Zone","Species richness","Poisson (log link)","poisson","log","Poisson retained: Pearson dispersion ratio = 0.661, not greater than the threshold of 1.5","start_date_fct * Status","Full date x Status interaction used",0,NA,"richness"
"2015-12-10",8.931854132349908,0.6998557535918639,Inf,7.66029851822857,10.414479024771042,"2015-12-10","Pre-bloom","Carrickalinga - Carrickalinga Cliffs Sanctuary Zone","Species richness","Poisson (log link)","poisson","log","Poisson retained: Pearson dispersion ratio = 1.078, not greater than the threshold of 1.5","start_date_fct","Date-only model used because Status was not represented at every retained sampling date",0,NA,"richness"
"2016-12-06",6.162719415202544,0.5145806765310228,Inf,5.232364005488923,7.258499322805725,"2016-12-06","Pre-bloom","Carrickalinga - Carrickalinga Cliffs Sanctuary Zone","Species richness","Poisson (log link)","poisson","log","Poisson retained: Pearson dispersion ratio = 1.078, not greater than the threshold of 1.5","start_date_fct","Date-only model used because Status was not represented at every retained sampling date",0,NA,"richness"
"2017-12-05",10.118518103419172,0.6658682506404868,Inf,8.894099488362185,11.51149801541912,"2017-12-05","Pre-bloom","Carrickalinga - Carrickalinga Cliffs Sanctuary Zone","Species richness","Poisson (log link)","poisson","log","Poisson retained: Pearson dispersion ratio = 1.078, not greater than the threshold of 1.5","start_date_fct","Date-only model used because Status was not represented at every retained sampling date",0,NA,"richness"
"2018-12-11",10.772562971536814,0.7023313844427043,Inf,9.4803383939015,12.2409251815713,"2018-12-11","Pre-bloom","Carrickalinga - Carrickalinga Cliffs Sanctuary Zone","Species richness","Poisson (log link)","poisson","log","Poisson retained: Pearson dispersion ratio = 1.078, not greater than the threshold of 1.5","start_date_fct","Date-only model used because Status was not represented at every retained sampling date",0,NA,"richness"
"2020-12-04",11.409358802414436,0.7093057878966842,Inf,10.100504960223882,12.887817866023447,"2020-12-04","Pre-bloom","Carrickalinga - Carrickalinga Cliffs Sanctuary Zone","Species richness","Poisson (log link)","poisson","log","Poisson retained: Pearson dispersion ratio = 1.078, not greater than the threshold of 1.5","start_date_fct","Date-only model used because Status was not represented at every retained sampling date",0,NA,"richness"
"2025-02-06",17.60693424017088,2.184712108175136,Inf,13.805894225030176,22.454476927373687,"2025-02-06","Pre-bloom","Carrickalinga - Carrickalinga Cliffs Sanctuary Zone","Species richness","Poisson (log link)","poisson","log","Poisson retained: Pearson dispersion ratio = 1.078, not greater than the threshold of 1.5","start_date_fct","Date-only model used because Status was not represented at every retained sampling date",0,NA,"richness"
"2025-02-20",15.652530556408722,0.8563115451791605,Inf,14.061038979084877,17.424154302092262,"2025-02-20","Pre-bloom","Carrickalinga - Carrickalinga Cliffs Sanctuary Zone","Species richness","Poisson (log link)","poisson","log","Poisson retained: Pearson dispersion ratio = 1.078, not greater than the threshold of 1.5","start_date_fct","Date-only model used because Status was not represented at every retained sampling date",0,NA,"richness"
"2025-12-17",12.491998930876484,0.7441556320811333,Inf,11.11540696593175,14.039075471308063,"2025-12-17","Bloom","Carrickalinga - Carrickalinga Cliffs Sanctuary Zone","Species richness","Poisson (log link)","poisson","log","Poisson retained: Pearson dispersion ratio = 1.078, not greater than the threshold of 1.5","start_date_fct","Date-only model used because Status was not represented at every retained sampling date",0,NA,"richness"
"2015-11-15",10.21941582967511,0.9151491937037296,Inf,8.574344540703404,12.18011002520861,"2015-11-15","Pre-bloom","Chinamans Hat - Chinamans Hat Sanctuary Zone","Species richness","Poisson (log link)","poisson","log","Poisson retained: Pearson dispersion ratio = 1.248, not greater than the threshold of 1.5","start_date_fct * Status","Full date x Status interaction used",0,NA,"richness"
"2025-12-04",8.910802260624386,0.8473356932460446,Inf,7.395632709366283,10.736389981534456,"2025-12-04","Bloom","Chinamans Hat - Chinamans Hat Sanctuary Zone","Species richness","Poisson (log link)","poisson","log","Poisson retained: Pearson dispersion ratio = 1.248, not greater than the threshold of 1.5","start_date_fct * Status","Full date x Status interaction used",0,NA,"richness"
"2017-01-12",4.562071891394754,0.5340001898966712,Inf,3.626829829506026,5.738482619982414,"2017-01-12","Pre-bloom","Cuttlefish Coast - Fairway Bank Sanctuary Zone","Species richness","Poisson (log link)","poisson","log","Poisson retained: Pearson dispersion ratio = 0.684, not greater than the threshold of 1.5","start_date_fct * Status","Full date x Status interaction used",0,NA,"richness"
"2026-02-16",4.373213900046938,0.4787135135784994,Inf,3.528775343380263,5.41972722957298,"2026-02-16","Bloom","Cuttlefish Coast - Fairway Bank Sanctuary Zone","Species richness","Poisson (log link)","poisson","log","Poisson retained: Pearson dispersion ratio = 0.684, not greater than the threshold of 1.5","start_date_fct * Status","Full date x Status interaction used",0,NA,"richness"
"2016-01-19",11.999926807276687,2.5425192439861997,Inf,7.921871711467497,18.177300595710168,"2016-01-19","Pre-bloom","Dangerous Reef - Dangerous Reef Sanctuary Zone","Species richness","Negative binomial nbinom2 (log link)","nbinom2","log","nbinom2 selected: Poisson Pearson dispersion ratio = 3.571, greater than the threshold of 1.5","start_date_fct","Date-only fixed effect used",0,NA,"richness"
"2017-02-25",21.000003607787374,2.9302330757400825,Inf,15.975227825172823,27.60524959976976,"2017-02-25","Pre-bloom","Dangerous Reef - Dangerous Reef Sanctuary Zone","Species richness","Negative binomial nbinom2 (log link)","nbinom2","log","nbinom2 selected: Poisson Pearson dispersion ratio = 3.571, greater than the threshold of 1.5","start_date_fct","Date-only fixed effect used",0,NA,"richness"
"2019-02-16",16.18182154038975,1.71744543170389,Inf,13.142735663054399,19.92365631313069,"2019-02-16","Pre-bloom","Dangerous Reef - Dangerous Reef Sanctuary Zone","Species richness","Negative binomial nbinom2 (log link)","nbinom2","log","nbinom2 selected: Poisson Pearson dispersion ratio = 3.571, greater than the threshold of 1.5","start_date_fct","Date-only fixed effect used",0,NA,"richness"
"2020-04-10",7.74999727301975,0.8879484179052353,Inf,6.191216039585557,9.701237583664453,"2020-04-10","Pre-bloom","Dangerous Reef - Dangerous Reef Sanctuary Zone","Species richness","Negative binomial nbinom2 (log link)","nbinom2","log","nbinom2 selected: Poisson Pearson dispersion ratio = 3.571, greater than the threshold of 1.5","start_date_fct","Date-only fixed effect used",0,NA,"richness"
"2022-03-16",21.00000362806055,2.930233079407215,Inf,15.975227839345209,27.60524962857944,"2022-03-16","Pre-bloom","Dangerous Reef - Dangerous Reef Sanctuary Zone","Species richness","Negative binomial nbinom2 (log link)","nbinom2","log","nbinom2 selected: Poisson Pearson dispersion ratio = 3.571, greater than the threshold of 1.5","start_date_fct","Date-only fixed effect used",0,NA,"richness"
"2025-11-10",21.083314478856117,2.9406717151933877,Inf,16.040373102579778,27.711708859368983,"2025-11-10","Bloom","Dangerous Reef - Dangerous Reef Sanctuary Zone","Species richness","Negative binomial nbinom2 (log link)","nbinom2","log","nbinom2 selected: Poisson Pearson dispersion ratio = 3.571, greater than the threshold of 1.5","start_date_fct","Date-only fixed effect used",0,NA,"richness"
"2026-04-08",20.833359683261452,2.909350340596081,Inf,15.844924504823073,27.3922968556921,"2026-04-08","Bloom","Dangerous Reef - Dangerous Reef Sanctuary Zone","Species richness","Negative binomial nbinom2 (log link)","nbinom2","log","nbinom2 selected: Poisson Pearson dispersion ratio = 3.571, greater than the threshold of 1.5","start_date_fct","Date-only fixed effect used",0,NA,"richness"
"2020-10-13",7.077433519546529,1.3734079283730274,Inf,4.838339021757623,10.352739855216795,"2020-10-13","Pre-bloom","Glenelg","Species richness","Poisson (log link)","poisson","log","Poisson retained: Pearson dispersion ratio = 1.136, not greater than the threshold of 1.5","start_date_fct","Date-only fixed effect used",0,NA,"richness"
"2021-10-25",6.670409959237676,1.2855794778387308,Inf,4.57195086648294,9.732031319602811,"2021-10-25","Pre-bloom","Glenelg","Species richness","Poisson (log link)","poisson","log","Poisson retained: Pearson dispersion ratio = 1.136, not greater than the threshold of 1.5","start_date_fct","Date-only fixed effect used",0,NA,"richness"
"2022-12-02",5.802410923132057,1.1309375075965091,Inf,3.9600650113956517,8.501873687426297,"2022-12-02","Pre-bloom","Glenelg","Species richness","Poisson (log link)","poisson","log","Poisson retained: Pearson dispersion ratio = 1.136, not greater than the threshold of 1.5","start_date_fct","Date-only fixed effect used",0,NA,"richness"
"2023-11-23",8.703669565562183,1.6186905578190156,Inf,6.04501917859946,12.531616801924596,"2023-11-23","Pre-bloom","Glenelg","Species richness","Poisson (log link)","poisson","log","Poisson retained: Pearson dispersion ratio = 1.136, not greater than the threshold of 1.5","start_date_fct","Date-only fixed effect used",0,NA,"richness"
"2025-10-21",1.4661643812525689,0.37715519201066827,Inf,0.8855643431623014,2.4274215752381014,"2025-10-21","Bloom","Glenelg","Species richness","Poisson (log link)","poisson","log","Poisson retained: Pearson dispersion ratio = 1.136, not greater than the threshold of 1.5","start_date_fct","Date-only fixed effect used",0,NA,"richness"
"2026-03-20",6.047814230364678,1.1530730439393622,Inf,4.162064527706548,8.787960090843729,"2026-03-20","Bloom","Glenelg","Species richness","Poisson (log link)","poisson","log","Poisson retained: Pearson dispersion ratio = 1.136, not greater than the threshold of 1.5","start_date_fct","Date-only fixed effect used",0,NA,"richness"
"2014-09-03",5.83333331393224,0.986013214897299,Inf,4.188297117072102,8.12448988223151,"2014-09-03","Pre-bloom","Middle/Long Spit - Middle Spit Sanctuary Zone","Species richness","Poisson (log link)","poisson","log","Poisson retained: Pearson dispersion ratio = 0.365, not greater than the threshold of 1.5","start_date_fct","Date-only model used because Status was not represented at every retained sampling date",0,NA,"richness"
"2015-01-07",8.826086955924396,0.6194698125252034,Inf,7.691757264786286,10.12770011739355,"2015-01-07","Pre-bloom","Middle/Long Spit - Middle Spit Sanctuary Zone","Species richness","Poisson (log link)","poisson","log","Poisson retained: Pearson dispersion ratio = 0.365, not greater than the threshold of 1.5","start_date_fct","Date-only model used because Status was not represented at every retained sampling date",0,NA,"richness"
"2016-01-10",7.9999999861225835,0.617213348848394,Inf,6.877306291415354,9.30596909110327,"2016-01-10","Pre-bloom","Middle/Long Spit - Middle Spit Sanctuary Zone","Species richness","Poisson (log link)","poisson","log","Poisson retained: Pearson dispersion ratio = 0.365, not greater than the threshold of 1.5","start_date_fct","Date-only model used because Status was not represented at every retained sampling date",0,NA,"richness"
"2016-03-11",9.166666723906141,1.236032984928108,Inf,7.037776306483506,11.939535325917948,"2016-03-11","Pre-bloom","Middle/Long Spit - Middle Spit Sanctuary Zone","Species richness","Poisson (log link)","poisson","log","Poisson retained: Pearson dispersion ratio = 0.365, not greater than the threshold of 1.5","start_date_fct","Date-only model used because Status was not represented at every retained sampling date",0,NA,"richness"
"2026-01-26",7.333333307736823,0.5527707521642451,Inf,6.3261531168651475,8.500865598556878,"2026-01-26","Bloom","Middle/Long Spit - Middle Spit Sanctuary Zone","Species richness","Poisson (log link)","poisson","log","Poisson retained: Pearson dispersion ratio = 0.365, not greater than the threshold of 1.5","start_date_fct","Date-only model used because Status was not represented at every retained sampling date",0,NA,"richness"
"2015-04-28",12.316362145203978,2.6827944711085587,Inf,8.036568611302773,18.87531654722267,"2015-04-28","Pre-bloom","O'Sullivan","Species richness","Poisson (log link)","poisson","log","Poisson retained: Pearson dispersion ratio = 1.015, not greater than the threshold of 1.5","start_date_fct","Date-only fixed effect used",0,NA,"richness"
"2015-10-09",13.249486882893962,2.8697784799511186,Inf,8.666279354690342,20.256547876565854,"2015-10-09","Pre-bloom","O'Sullivan","Species richness","Poisson (log link)","poisson","log","Poisson retained: Pearson dispersion ratio = 1.015, not greater than the threshold of 1.5","start_date_fct","Date-only fixed effect used",0,NA,"richness"
"2021-10-12",6.005236013102849,1.0937299181956188,Inf,4.202437567352137,8.581414713506335,"2021-10-12","Pre-bloom","O'Sullivan","Species richness","Poisson (log link)","poisson","log","Poisson retained: Pearson dispersion ratio = 1.015, not greater than the threshold of 1.5","start_date_fct","Date-only fixed effect used",0,NA,"richness"
"2022-12-01",5.950861635674673,1.0576666161093538,Inf,4.200422195756088,8.430760660850721,"2022-12-01","Pre-bloom","O'Sullivan","Species richness","Poisson (log link)","poisson","log","Poisson retained: Pearson dispersion ratio = 1.015, not greater than the threshold of 1.5","start_date_fct","Date-only fixed effect used",0,NA,"richness"
"2023-12-01",5.255298099905667,0.9591175976617143,Inf,3.6749286580844407,7.515290958945609,"2023-12-01","Pre-bloom","O'Sullivan","Species richness","Poisson (log link)","poisson","log","Poisson retained: Pearson dispersion ratio = 1.015, not greater than the threshold of 1.5","start_date_fct","Date-only fixed effect used",0,NA,"richness"
"2024-12-19",4.09604103711837,0.792878376315216,Inf,2.8028226185235927,5.985948617253356,"2024-12-19","Pre-bloom","O'Sullivan","Species richness","Poisson (log link)","poisson","log","Poisson retained: Pearson dispersion ratio = 1.015, not greater than the threshold of 1.5","start_date_fct","Date-only fixed effect used",0,NA,"richness"
"2025-02-04",6.5595392871990255,1.3388430329020513,Inf,4.396810759669427,9.786083143487966,"2025-02-04","Pre-bloom","O'Sullivan","Species richness","Poisson (log link)","poisson","log","Poisson retained: Pearson dispersion ratio = 1.015, not greater than the threshold of 1.5","start_date_fct","Date-only fixed effect used",0,NA,"richness"
"2025-11-13",4.6375235384649525,0.7776317938440493,Inf,3.3385238085198,6.441956326605283,"2025-11-13","Bloom","O'Sullivan","Species richness","Poisson (log link)","poisson","log","Poisson retained: Pearson dispersion ratio = 1.015, not greater than the threshold of 1.5","start_date_fct","Date-only fixed effect used",0,NA,"richness"
"2026-03-06",3.950321695281139,0.6860290210838597,Inf,2.8106665350245867,5.552078591234354,"2026-03-06","Bloom","O'Sullivan","Species richness","Poisson (log link)","poisson","log","Poisson retained: Pearson dispersion ratio = 1.015, not greater than the threshold of 1.5","start_date_fct","Date-only fixed effect used",0,NA,"richness"
"2014-09-03",5.200760910580692,1.0184279673916246,Inf,3.5430897469102915,7.6339906638297546,"2014-09-03","Pre-bloom","Offshore Ardrossan - Offshore Ardrossan Sanctuary Zone","Species richness","Poisson (log link)","poisson","log","Poisson retained: Pearson dispersion ratio = 1.046, not greater than the threshold of 1.5","start_date_fct * Status","Full date x Status interaction used",0,NA,"richness"
"2016-03-11",5.573730439988266,1.093737225121543,Inf,3.79414615299887,8.188000610650446,"2016-03-11","Pre-bloom","Offshore Ardrossan - Offshore Ardrossan Sanctuary Zone","Species richness","Poisson (log link)","poisson","log","Poisson retained: Pearson dispersion ratio = 1.046, not greater than the threshold of 1.5","start_date_fct * Status","Full date x Status interaction used",0,NA,"richness"
"2016-11-03",4.002330842241786,0.7898382965995704,Inf,2.7185227709003117,5.89241051876672,"2016-11-03","Pre-bloom","Offshore Ardrossan - Offshore Ardrossan Sanctuary Zone","Species richness","Poisson (log link)","poisson","log","Poisson retained: Pearson dispersion ratio = 1.046, not greater than the threshold of 1.5","start_date_fct * Status","Full date x Status interaction used",0,NA,"richness"
"2025-10-13",2.7934437940951247,0.535341940264825,Inf,1.918729409309777,4.066924806023404,"2025-10-13","Bloom","Offshore Ardrossan - Offshore Ardrossan Sanctuary Zone","Species richness","Poisson (log link)","poisson","log","Poisson retained: Pearson dispersion ratio = 1.046, not greater than the threshold of 1.5","start_date_fct * Status","Full date x Status interaction used",0,NA,"richness"
"2017-02-03",12.916666838593299,1.3105517062876941,Inf,10.587313924731475,15.758509042551825,"2017-02-03","Pre-bloom","Orcades Bank - Orcades Bank Sanctuary Zone","Species richness","Negative binomial nbinom2 (log link)","nbinom2","log","nbinom2 selected: Poisson Pearson dispersion ratio = 1.822, greater than the threshold of 1.5","1","Intercept-only fixed effect used",0,"overall","richness"
"2017-02-03",7.645813135397567,0.6520527304570285,Inf,6.468911830531137,9.036830309776873,"2017-02-03","Pre-bloom","Port Gibbon - Port Gibbon Sanctuary Zone","Species richness","Poisson (log link)","poisson","log","Poisson retained: Pearson dispersion ratio = 0.735, not greater than the threshold of 1.5","start_date_fct * Status","Full date x Status interaction used",0,NA,"richness"
"2025-11-14",9.197671380770256,0.7331713813524414,Inf,7.867310676154483,10.752995821691771,"2025-11-14","Bloom","Port Gibbon - Port Gibbon Sanctuary Zone","Species richness","Poisson (log link)","poisson","log","Poisson retained: Pearson dispersion ratio = 0.735, not greater than the threshold of 1.5","start_date_fct * Status","Full date x Status interaction used",0,NA,"richness"
"2015-04-28",4.000000241583534,0.6030226571136774,Inf,2.9767103069734224,5.375061824184151,"2015-04-28","Pre-bloom","Port Noarlunga - Port Noarlunga Reef Sanctuary Zone","Species richness","Poisson (log link)","poisson","log","Poisson retained: Pearson dispersion ratio = 1.368, not greater than the threshold of 1.5","start_date_fct","Date-only fixed effect used",0,NA,"richness"
"2015-10-09",10.416664930370292,0.931694835334216,Inf,8.741680190898194,12.412591847569912,"2015-10-09","Pre-bloom","Port Noarlunga - Port Noarlunga Reef Sanctuary Zone","Species richness","Poisson (log link)","poisson","log","Poisson retained: Pearson dispersion ratio = 1.368, not greater than the threshold of 1.5","start_date_fct","Date-only fixed effect used",0,NA,"richness"
"2021-10-12",8.250003932768026,1.4361408842596983,Inf,5.865148788183677,11.604576004586837,"2021-10-12","Pre-bloom","Port Noarlunga - Port Noarlunga Reef Sanctuary Zone","Species richness","Poisson (log link)","poisson","log","Poisson retained: Pearson dispersion ratio = 1.368, not greater than the threshold of 1.5","start_date_fct","Date-only fixed effect used",0,NA,"richness"
"2022-12-01",13.4999960489535,1.8371168851595403,Inf,10.339505672311567,17.62655769993065,"2022-12-01","Pre-bloom","Port Noarlunga - Port Noarlunga Reef Sanctuary Zone","Species richness","Poisson (log link)","poisson","log","Poisson retained: Pearson dispersion ratio = 1.368, not greater than the threshold of 1.5","start_date_fct","Date-only fixed effect used",0,NA,"richness"
"2023-12-01",8.750000259811502,1.4790198444812843,Inf,6.282445920619207,12.186735152851941,"2023-12-01","Pre-bloom","Port Noarlunga - Port Noarlunga Reef Sanctuary Zone","Species richness","Poisson (log link)","poisson","log","Poisson retained: Pearson dispersion ratio = 1.368, not greater than the threshold of 1.5","start_date_fct","Date-only fixed effect used",0,NA,"richness"
"2024-12-19",9.49999925690299,1.541103312043787,Inf,6.912584503483741,13.055896218798342,"2024-12-19","Pre-bloom","Port Noarlunga - Port Noarlunga Reef Sanctuary Zone","Species richness","Poisson (log link)","poisson","log","Poisson retained: Pearson dispersion ratio = 1.368, not greater than the threshold of 1.5","start_date_fct","Date-only fixed effect used",0,NA,"richness"
"2025-02-04",6.749997971579242,1.2990378022385884,Inf,4.629028109199457,9.842772940992889,"2025-02-04","Pre-bloom","Port Noarlunga - Port Noarlunga Reef Sanctuary Zone","Species richness","Poisson (log link)","poisson","log","Poisson retained: Pearson dispersion ratio = 1.368, not greater than the threshold of 1.5","start_date_fct","Date-only fixed effect used",0,NA,"richness"
"2025-11-13",8.50000049160972,1.1902380066569092,Inf,6.459916544117205,11.184356309240677,"2025-11-13","Bloom","Port Noarlunga - Port Noarlunga Reef Sanctuary Zone","Species richness","Poisson (log link)","poisson","log","Poisson retained: Pearson dispersion ratio = 1.368, not greater than the threshold of 1.5","start_date_fct","Date-only fixed effect used",0,NA,"richness"
"2015-12-10",8.134303832630113,0.6261998902139007,Inf,6.99507988989888,9.459062638739562,"2015-12-10","Pre-bloom","Rapid Head - Rapid Head Sanctuary Zone","Species richness","Poisson (log link)","poisson","log","Poisson retained: Pearson dispersion ratio = 1.006, not greater than the threshold of 1.5","start_date_fct * Status","Full date x Status interaction used",0,NA,"richness"
"2016-12-06",7.923116312557109,0.6120820733814263,Inf,6.809863704496547,9.218359548203258,"2016-12-06","Pre-bloom","Rapid Head - Rapid Head Sanctuary Zone","Species richness","Poisson (log link)","poisson","log","Poisson retained: Pearson dispersion ratio = 1.006, not greater than the threshold of 1.5","start_date_fct * Status","Full date x Status interaction used",0,NA,"richness"
"2017-12-05",8.433979357922581,0.6677876732395458,Inf,7.221640923192336,9.849840024782095,"2017-12-05","Pre-bloom","Rapid Head - Rapid Head Sanctuary Zone","Species richness","Poisson (log link)","poisson","log","Poisson retained: Pearson dispersion ratio = 1.006, not greater than the threshold of 1.5","start_date_fct * Status","Full date x Status interaction used",0,NA,"richness"
"2018-12-11",8.966319977685638,0.6683208583997451,Inf,7.74762137163995,10.37671952278526,"2018-12-11","Pre-bloom","Rapid Head - Rapid Head Sanctuary Zone","Species richness","Poisson (log link)","poisson","log","Poisson retained: Pearson dispersion ratio = 1.006, not greater than the threshold of 1.5","start_date_fct * Status","Full date x Status interaction used",0,NA,"richness"
"2021-01-21",11.270204667477735,0.7530439399952531,Inf,9.886825462801774,12.847148331355504,"2021-01-21","Pre-bloom","Rapid Head - Rapid Head Sanctuary Zone","Species richness","Poisson (log link)","poisson","log","Poisson retained: Pearson dispersion ratio = 1.006, not greater than the threshold of 1.5","start_date_fct * Status","Full date x Status interaction used",0,NA,"richness"
"2025-02-27",13.036734592805319,0.8287284462532346,Inf,11.50956836868156,14.76653540767973,"2025-02-27","Pre-bloom","Rapid Head - Rapid Head Sanctuary Zone","Species richness","Poisson (log link)","poisson","log","Poisson retained: Pearson dispersion ratio = 1.006, not greater than the threshold of 1.5","start_date_fct * Status","Full date x Status interaction used",0,NA,"richness"
"2025-12-10",8.938558963067772,0.6544144675584235,Inf,7.743706702039825,10.31777666827086,"2025-12-10","Bloom","Rapid Head - Rapid Head Sanctuary Zone","Species richness","Poisson (log link)","poisson","log","Poisson retained: Pearson dispersion ratio = 1.006, not greater than the threshold of 1.5","start_date_fct * Status","Full date x Status interaction used",0,NA,"richness"
"2016-01-20",15.271283939830015,0.9397171895143361,Inf,13.536205400211633,17.228765837674416,"2016-01-20","Pre-bloom","Sponge Gardens - Sponge Gardens Sanctuary Zone","Species richness","Poisson (log link)","poisson","log","Poisson retained: Pearson dispersion ratio = 1.27, not greater than the threshold of 1.5","start_date_fct * Status","Full date x Status interaction used",0,NA,"richness"
"2016-12-06",10.22724832119928,0.7279461290873049,Inf,8.895548308437883,11.7583092797392,"2016-12-06","Pre-bloom","Sponge Gardens - Sponge Gardens Sanctuary Zone","Species richness","Poisson (log link)","poisson","log","Poisson retained: Pearson dispersion ratio = 1.27, not greater than the threshold of 1.5","start_date_fct * Status","Full date x Status interaction used",0,NA,"richness"
"2017-12-05",14.496013995812453,1.44612028230015,Inf,11.921553592745585,17.62642931829455,"2017-12-05","Pre-bloom","Sponge Gardens - Sponge Gardens Sanctuary Zone","Species richness","Poisson (log link)","poisson","log","Poisson retained: Pearson dispersion ratio = 1.27, not greater than the threshold of 1.5","start_date_fct * Status","Full date x Status interaction used",0,NA,"richness"
"2018-01-17",11.022358064131007,0.9115252481381941,Inf,9.37307263694432,12.961851678717077,"2018-01-17","Pre-bloom","Sponge Gardens - Sponge Gardens Sanctuary Zone","Species richness","Poisson (log link)","poisson","log","Poisson retained: Pearson dispersion ratio = 1.27, not greater than the threshold of 1.5","start_date_fct * Status","Full date x Status interaction used",0,NA,"richness"
"2019-01-22",12.96862670760952,0.8210374438352207,Inf,11.455256925137252,14.681929858095067,"2019-01-22","Pre-bloom","Sponge Gardens - Sponge Gardens Sanctuary Zone","Species richness","Poisson (log link)","poisson","log","Poisson retained: Pearson dispersion ratio = 1.27, not greater than the threshold of 1.5","start_date_fct * Status","Full date x Status interaction used",0,NA,"richness"
"2021-01-21",13.504133145278145,0.8413960537635714,Inf,11.951743747244809,15.258159467101938,"2021-01-21","Pre-bloom","Sponge Gardens - Sponge Gardens Sanctuary Zone","Species richness","Poisson (log link)","poisson","log","Poisson retained: Pearson dispersion ratio = 1.27, not greater than the threshold of 1.5","start_date_fct * Status","Full date x Status interaction used",0,NA,"richness"
"2025-04-02",13.991649275903022,0.8747557083438356,Inf,12.378041200481285,15.815608163613623,"2025-04-02","Bloom","Sponge Gardens - Sponge Gardens Sanctuary Zone","Species richness","Poisson (log link)","poisson","log","Poisson retained: Pearson dispersion ratio = 1.27, not greater than the threshold of 1.5","start_date_fct * Status","Full date x Status interaction used",0,NA,"richness"
"2026-01-27",14.18201439181875,0.8814968254161397,Inf,12.555403265175787,16.019360586180117,"2026-01-27","Bloom","Sponge Gardens - Sponge Gardens Sanctuary Zone","Species richness","Poisson (log link)","poisson","log","Poisson retained: Pearson dispersion ratio = 1.27, not greater than the threshold of 1.5","start_date_fct * Status","Full date x Status interaction used",0,NA,"richness"
"2016-04-19",9.523780603567053,0.7467705115113727,Inf,8.167059079282028,11.105882313863919,"2016-04-19","Pre-bloom","The Pages - The Pages Sanctuary Zone","Species richness","Poisson (log link)","poisson","log","Poisson retained: Pearson dispersion ratio = 0.854, not greater than the threshold of 1.5","start_date_fct * Status","Full date x Status interaction used",0,NA,"richness"
"2017-06-02",11.059774884864117,0.837131688240958,Inf,9.534929996233382,12.82847598799268,"2017-06-02","Pre-bloom","The Pages - The Pages Sanctuary Zone","Species richness","Poisson (log link)","poisson","log","Poisson retained: Pearson dispersion ratio = 0.854, not greater than the threshold of 1.5","start_date_fct * Status","Full date x Status interaction used",0,NA,"richness"
"2018-06-26",10.333256095971944,0.803989275554145,Inf,8.871735995638328,12.035545421711879,"2018-06-26","Pre-bloom","The Pages - The Pages Sanctuary Zone","Species richness","Poisson (log link)","poisson","log","Poisson retained: Pearson dispersion ratio = 0.854, not greater than the threshold of 1.5","start_date_fct * Status","Full date x Status interaction used",0,NA,"richness"
"2019-06-06",11.396062640223574,0.8407656916655325,Inf,9.861792323589006,13.169030480316968,"2019-06-06","Pre-bloom","The Pages - The Pages Sanctuary Zone","Species richness","Poisson (log link)","poisson","log","Poisson retained: Pearson dispersion ratio = 0.854, not greater than the threshold of 1.5","start_date_fct * Status","Full date x Status interaction used",0,NA,"richness"
"2021-05-20",8.966723884641043,0.732487092922049,Inf,7.640109401009192,10.52368925669726,"2021-05-20","Pre-bloom","The Pages - The Pages Sanctuary Zone","Species richness","Poisson (log link)","poisson","log","Poisson retained: Pearson dispersion ratio = 0.854, not greater than the threshold of 1.5","start_date_fct * Status","Full date x Status interaction used",0,NA,"richness"
"2025-04-09",7.333693203962051,0.7475087419809703,Inf,6.005669930423829,8.955379938111856,"2025-04-09","Bloom","The Pages - The Pages Sanctuary Zone","Species richness","Poisson (log link)","poisson","log","Poisson retained: Pearson dispersion ratio = 0.854, not greater than the threshold of 1.5","start_date_fct * Status","Full date x Status interaction used",0,NA,"richness"
"2025-12-02",6.80237896255272,0.6052916847714953,Inf,5.713719380148002,8.098465547844464,"2025-12-02","Bloom","The Pages - The Pages Sanctuary Zone","Species richness","Poisson (log link)","poisson","log","Poisson retained: Pearson dispersion ratio = 0.854, not greater than the threshold of 1.5","start_date_fct * Status","Full date x Status interaction used",0,NA,"richness"
"2026-03-01",12.061606175168096,0.8731285127371292,Inf,10.466161981843545,13.900257207678665,"2026-03-01","Bloom","The Pages - The Pages Sanctuary Zone","Species richness","Poisson (log link)","poisson","log","Poisson retained: Pearson dispersion ratio = 0.854, not greater than the threshold of 1.5","start_date_fct * Status","Full date x Status interaction used",0,NA,"richness"
"2017-11-28",6.416523634401866,1.3536985662033663,Inf,4.243470640819939,9.702382562703999,"2017-11-28","Pre-bloom","Victor Harbor - Encounter Bay Sanctuary Zone","Species richness","Poisson (log link)","poisson","log","Poisson retained: Pearson dispersion ratio = 0.777, not greater than the threshold of 1.5","start_date_fct","Date-only model used because Status was not represented at every retained sampling date",0,NA,"richness"
"2018-11-27",6.386746586676004,1.7114643688088056,Inf,3.7773058914185627,10.798842650018676,"2018-11-27","Pre-bloom","Victor Harbor - Encounter Bay Sanctuary Zone","Species richness","Poisson (log link)","poisson","log","Poisson retained: Pearson dispersion ratio = 0.777, not greater than the threshold of 1.5","start_date_fct","Date-only model used because Status was not represented at every retained sampling date",0,NA,"richness"
"2021-11-23",7.9414764073810575,1.7461877999722317,Inf,5.16104140481237,12.219829794464275,"2021-11-23","Pre-bloom","Victor Harbor - Encounter Bay Sanctuary Zone","Species richness","Poisson (log link)","poisson","log","Poisson retained: Pearson dispersion ratio = 0.777, not greater than the threshold of 1.5","start_date_fct","Date-only model used because Status was not represented at every retained sampling date",0,NA,"richness"
"2025-10-30",8.560614054663846,1.7012127031615034,Inf,5.7989508295319965,12.637477907158347,"2025-10-30","Bloom","Victor Harbor - Encounter Bay Sanctuary Zone","Species richness","Poisson (log link)","poisson","log","Poisson retained: Pearson dispersion ratio = 0.777, not greater than the threshold of 1.5","start_date_fct","Date-only model used because Status was not represented at every retained sampling date",0,NA,"richness"
"2026-01-23",8.976177250425462,1.7787128997912212,Inf,6.0872049955875305,13.236248506409781,"2026-01-23","Bloom","Victor Harbor - Encounter Bay Sanctuary Zone","Species richness","Poisson (log link)","poisson","log","Poisson retained: Pearson dispersion ratio = 0.777, not greater than the threshold of 1.5","start_date_fct","Date-only model used because Status was not represented at every retained sampling date",0,NA,"richness"
"2017-04-12",6.721222442746919,1.0356910356252453,Inf,4.96917578270234,9.091010883965518,"2017-04-12","Pre-bloom","Windara Reef - Windara Shell fish Reef Sanctuary Zone","Species richness","Poisson (log link)","poisson","log","Poisson retained: Pearson dispersion ratio = 0.699, not greater than the threshold of 1.5","start_date_fct","Date-only fixed effect used",0,NA,"richness"
"2017-11-23",7.45892059324475,1.119793184654782,Inf,5.557593245902298,10.010717581275234,"2017-11-23","Pre-bloom","Windara Reef - Windara Shell fish Reef Sanctuary Zone","Species richness","Poisson (log link)","poisson","log","Poisson retained: Pearson dispersion ratio = 0.699, not greater than the threshold of 1.5","start_date_fct","Date-only fixed effect used",0,NA,"richness"
"2018-04-24",6.393354336642834,0.998058599566348,Inf,4.708133402463737,8.681780268265149,"2018-04-24","Pre-bloom","Windara Reef - Windara Shell fish Reef Sanctuary Zone","Species richness","Poisson (log link)","poisson","log","Poisson retained: Pearson dispersion ratio = 0.699, not greater than the threshold of 1.5","start_date_fct","Date-only fixed effect used",0,NA,"richness"
"2018-11-29",7.049105664051429,1.0731623879945218,Inf,5.230537350735073,9.499959054107276,"2018-11-29","Pre-bloom","Windara Reef - Windara Shell fish Reef Sanctuary Zone","Species richness","Poisson (log link)","poisson","log","Poisson retained: Pearson dispersion ratio = 0.699, not greater than the threshold of 1.5","start_date_fct","Date-only fixed effect used",0,NA,"richness"
"2019-10-22",6.147440177848709,0.969714590506706,Inf,4.512563992904773,8.374622675633724,"2019-10-22","Pre-bloom","Windara Reef - Windara Shell fish Reef Sanctuary Zone","Species richness","Poisson (log link)","poisson","log","Poisson retained: Pearson dispersion ratio = 0.699, not greater than the threshold of 1.5","start_date_fct","Date-only fixed effect used",0,NA,"richness"
"2020-10-28",9.180218393930485,1.3137012395129257,Inf,6.9349759723648114,12.15237227873503,"2020-10-28","Pre-bloom","Windara Reef - Windara Shell fish Reef Sanctuary Zone","Species richness","Poisson (log link)","poisson","log","Poisson retained: Pearson dispersion ratio = 0.699, not greater than the threshold of 1.5","start_date_fct","Date-only fixed effect used",0,NA,"richness"
"2025-10-24",4.098314785907624,0.7279486520903408,Inf,2.8934344822220206,5.804929811816708,"2025-10-24","Bloom","Windara Reef - Windara Shell fish Reef Sanctuary Zone","Species richness","Poisson (log link)","poisson","log","Poisson retained: Pearson dispersion ratio = 0.699, not greater than the threshold of 1.5","start_date_fct","Date-only fixed effect used",0,NA,"richness"
"2014-09-03",0.5788814035085061,0.32317613600743983,Inf,0.19381322539440024,1.7290031608836731,"2014-09-03","Pre-bloom","Aldinga - Aldinga Reef Sanctuary Zone","Shark and ray richness","Poisson (log link)","poisson","log","Poisson retained: Pearson dispersion ratio = 0.627, not greater than the threshold of 1.5","start_date_fct","Date-only model used because Status was not represented at every retained sampling date",1,NA,"sharks_rays"
"2015-12-10",0.15821198754073926,0.11010477396987281,Inf,0.04044464733998742,0.6188960628380354,"2015-12-10","Pre-bloom","Aldinga - Aldinga Reef Sanctuary Zone","Shark and ray richness","Poisson (log link)","poisson","log","Poisson retained: Pearson dispersion ratio = 0.627, not greater than the threshold of 1.5","start_date_fct","Date-only model used because Status was not represented at every retained sampling date",1,NA,"sharks_rays"
"2016-02-12",0.44348192425191624,0.26743992096575364,Inf,0.1360073535266914,1.4460704663265482,"2016-02-12","Pre-bloom","Aldinga - Aldinga Reef Sanctuary Zone","Shark and ray richness","Poisson (log link)","poisson","log","Poisson retained: Pearson dispersion ratio = 0.627, not greater than the threshold of 1.5","start_date_fct","Date-only model used because Status was not represented at every retained sampling date",1,NA,"sharks_rays"
"2016-11-19",0.8693656503270851,0.5088291854339131,Inf,0.2760606607664911,2.7377918746921144,"2016-11-19","Pre-bloom","Aldinga - Aldinga Reef Sanctuary Zone","Shark and ray richness","Poisson (log link)","poisson","log","Poisson retained: Pearson dispersion ratio = 0.627, not greater than the threshold of 1.5","start_date_fct","Date-only model used because Status was not represented at every retained sampling date",1,NA,"sharks_rays"
"2020-11-26",0.38638491935580466,0.26809952946987287,Inf,0.09917449113498526,1.5053599388011003,"2020-11-26","Pre-bloom","Aldinga - Aldinga Reef Sanctuary Zone","Shark and ray richness","Poisson (log link)","poisson","log","Poisson retained: Pearson dispersion ratio = 0.627, not greater than the threshold of 1.5","start_date_fct","Date-only model used because Status was not represented at every retained sampling date",1,NA,"sharks_rays"
"2021-11-22",0.43468379169285054,0.3266738572077091,Inf,0.09965013401167126,1.8961339152674215,"2021-11-22","Pre-bloom","Aldinga - Aldinga Reef Sanctuary Zone","Shark and ray richness","Poisson (log link)","poisson","log","Poisson retained: Pearson dispersion ratio = 0.627, not greater than the threshold of 1.5","start_date_fct","Date-only model used because Status was not represented at every retained sampling date",1,NA,"sharks_rays"
"2025-02-06",0.5740806402245924,0.3098986783277456,Inf,0.19928726965715138,1.6537362474164006,"2025-02-06","Pre-bloom","Aldinga - Aldinga Reef Sanctuary Zone","Shark and ray richness","Poisson (log link)","poisson","log","Poisson retained: Pearson dispersion ratio = 0.627, not greater than the threshold of 1.5","start_date_fct","Date-only model used because Status was not represented at every retained sampling date",1,NA,"sharks_rays"
"2026-02-21",0.25750293837710686,0.14747891663626114,Inf,0.0838061673124324,0.7912038624275274,"2026-02-21","Bloom","Aldinga - Aldinga Reef Sanctuary Zone","Shark and ray richness","Poisson (log link)","poisson","log","Poisson retained: Pearson dispersion ratio = 0.627, not greater than the threshold of 1.5","start_date_fct","Date-only model used because Status was not represented at every retained sampling date",1,NA,"sharks_rays"
"2017-04-05",0.6236095722834416,0.1613742937740627,Inf,0.37552898774508536,1.03557624400362,"2017-04-05","Pre-bloom","Bay of Shoals - Bay of Shoals Sanctuary Zone","Shark and ray richness","Poisson (log link)","poisson","log","Poisson retained: Pearson dispersion ratio = 0.788, not greater than the threshold of 1.5","start_date_fct * Status","Full date x Status interaction used",0,NA,"sharks_rays"
"2018-03-28",0.5270462731389789,0.15023129010141079,Inf,0.3014525734868096,0.9214642648981786,"2018-03-28","Pre-bloom","Bay of Shoals - Bay of Shoals Sanctuary Zone","Shark and ray richness","Poisson (log link)","poisson","log","Poisson retained: Pearson dispersion ratio = 0.788, not greater than the threshold of 1.5","start_date_fct * Status","Full date x Status interaction used",0,NA,"sharks_rays"
"2026-03-24",0.2635231381187865,0.11023962850701295,Inf,0.11607418177461191,0.5982764061935618,"2026-03-24","Bloom","Bay of Shoals - Bay of Shoals Sanctuary Zone","Shark and ray richness","Poisson (log link)","poisson","log","Poisson retained: Pearson dispersion ratio = 0.788, not greater than the threshold of 1.5","start_date_fct * Status","Full date x Status interaction used",0,NA,"sharks_rays"
"2021-10-11",0.33333333745614174,0.08333332713286735,Inf,0.2042106479466879,0.5441004912175648,"2021-10-11","Pre-bloom","Boston Bay","Shark and ray richness","Poisson (log link)","poisson","log","Poisson retained: Pearson dispersion ratio = 0.834, not greater than the threshold of 1.5","start_date_fct","Date-only fixed effect used",0,NA,"sharks_rays"
"2022-05-10",0.12500000415976362,0.05103103294865443,Inf,0.05615759326447931,0.2782348767397056,"2022-05-10","Pre-bloom","Boston Bay","Shark and ray richness","Poisson (log link)","poisson","log","Poisson retained: Pearson dispersion ratio = 0.834, not greater than the threshold of 1.5","start_date_fct","Date-only fixed effect used",0,NA,"sharks_rays"
"2024-03-25",0.17391304691032167,0.08695651539866646,Inf,0.06527267806901314,0.4633753169075239,"2024-03-25","Pre-bloom","Boston Bay","Shark and ray richness","Poisson (log link)","poisson","log","Poisson retained: Pearson dispersion ratio = 0.834, not greater than the threshold of 1.5","start_date_fct","Date-only fixed effect used",0,NA,"sharks_rays"
"2024-11-14",0.5416666746871543,0.15023129206480088,Inf,0.3145222011788392,0.9328523880570482,"2024-11-14","Pre-bloom","Boston Bay","Shark and ray richness","Poisson (log link)","poisson","log","Poisson retained: Pearson dispersion ratio = 0.834, not greater than the threshold of 1.5","start_date_fct","Date-only fixed effect used",0,NA,"sharks_rays"
"2025-11-11",0.31818182098930886,0.12026141386676775,Inf,0.15168807788440783,0.6674200940513013,"2025-11-11","Bloom","Boston Bay","Shark and ray richness","Poisson (log link)","poisson","log","Poisson retained: Pearson dispersion ratio = 0.834, not greater than the threshold of 1.5","start_date_fct","Date-only fixed effect used",0,NA,"sharks_rays"
"2017-01-12",0.7312470322826761,0.1767766806565398,Inf,0.45529073054997404,1.174463230508332,"2017-01-12","Pre-bloom","Cape Elizabeth - Cape Elizabeth Sanctuary Zone","Shark and ray richness","Poisson (log link)","poisson","log","Poisson retained: Pearson dispersion ratio = 0.39, not greater than the threshold of 1.5","Status","Status-only fixed effect used",0,"overall","sharks_rays"
"2015-12-10",0.11468373801514173,0.0918696479609946,Inf,0.02385779051443421,0.5512815512890159,"2015-12-10","Pre-bloom","Carrickalinga - Carrickalinga Cliffs Sanctuary Zone","Shark and ray richness","Poisson (log link)","poisson","log","Poisson retained: Pearson dispersion ratio = 0.887, not greater than the threshold of 1.5","start_date_fct","Date-only model used because Status was not represented at every retained sampling date",1,NA,"sharks_rays"
"2016-12-06",0.1718407695729596,0.0969595397167026,Inf,0.05686482875096801,0.5192884729636036,"2016-12-06","Pre-bloom","Carrickalinga - Carrickalinga Cliffs Sanctuary Zone","Shark and ray richness","Poisson (log link)","poisson","log","Poisson retained: Pearson dispersion ratio = 0.887, not greater than the threshold of 1.5","start_date_fct","Date-only model used because Status was not represented at every retained sampling date",1,NA,"sharks_rays"
"2017-12-05",0.25776114192156335,0.13214175350278334,Inf,0.09437290228401211,0.7040241920795965,"2017-12-05","Pre-bloom","Carrickalinga - Carrickalinga Cliffs Sanctuary Zone","Shark and ray richness","Poisson (log link)","poisson","log","Poisson retained: Pearson dispersion ratio = 0.887, not greater than the threshold of 1.5","start_date_fct","Date-only model used because Status was not represented at every retained sampling date",1,NA,"sharks_rays"
"2018-12-11",0.4202977023507997,0.19947937789575987,Inf,0.16579232924865592,1.0654905410998896,"2018-12-11","Pre-bloom","Carrickalinga - Carrickalinga Cliffs Sanctuary Zone","Shark and ray richness","Poisson (log link)","poisson","log","Poisson retained: Pearson dispersion ratio = 0.887, not greater than the threshold of 1.5","start_date_fct","Date-only model used because Status was not represented at every retained sampling date",1,NA,"sharks_rays"
"2020-12-04",0.25776114192156396,0.1321417535027794,Inf,0.09437290228401539,0.7040241920795752,"2020-12-04","Pre-bloom","Carrickalinga - Carrickalinga Cliffs Sanctuary Zone","Shark and ray richness","Poisson (log link)","poisson","log","Poisson retained: Pearson dispersion ratio = 0.887, not greater than the threshold of 1.5","start_date_fct","Date-only model used because Status was not represented at every retained sampling date",1,NA,"sharks_rays"
"2025-02-06",0.501795719577192,0.2874224715546559,Inf,0.1632935700815832,1.5420015868364598,"2025-02-06","Pre-bloom","Carrickalinga - Carrickalinga Cliffs Sanctuary Zone","Shark and ray richness","Poisson (log link)","poisson","log","Poisson retained: Pearson dispersion ratio = 0.887, not greater than the threshold of 1.5","start_date_fct","Date-only model used because Status was not represented at every retained sampling date",1,NA,"sharks_rays"
"2025-02-20",0.3763035154578004,0.18047143636593654,Inf,0.14699767031859562,0.9633100676969414,"2025-02-20","Pre-bloom","Carrickalinga - Carrickalinga Cliffs Sanctuary Zone","Shark and ray richness","Poisson (log link)","poisson","log","Poisson retained: Pearson dispersion ratio = 0.887, not greater than the threshold of 1.5","start_date_fct","Date-only model used because Status was not represented at every retained sampling date",1,NA,"sharks_rays"
"2025-12-17",0.14320033686509057,0.08492409593302462,Inf,0.04478618804107775,0.4578718880800275,"2025-12-17","Bloom","Carrickalinga - Carrickalinga Cliffs Sanctuary Zone","Shark and ray richness","Poisson (log link)","poisson","log","Poisson retained: Pearson dispersion ratio = 0.887, not greater than the threshold of 1.5","start_date_fct","Date-only model used because Status was not represented at every retained sampling date",1,NA,"sharks_rays"
"2015-11-15",0.6276363977518153,0.19647820547083825,Inf,0.33981617481425563,1.1592368962371986,"2015-11-15","Pre-bloom","Chinamans Hat - Chinamans Hat Sanctuary Zone","Shark and ray richness","Poisson (log link)","poisson","log","Poisson retained: Pearson dispersion ratio = 0.641, not greater than the threshold of 1.5","start_date_fct * Status","Full date x Status interaction used",0,NA,"sharks_rays"
"2025-12-04",0.7716976323288166,0.22245241085686546,Inf,0.438608118234667,1.357743304293524,"2025-12-04","Bloom","Chinamans Hat - Chinamans Hat Sanctuary Zone","Shark and ray richness","Poisson (log link)","poisson","log","Poisson retained: Pearson dispersion ratio = 0.641, not greater than the threshold of 1.5","start_date_fct * Status","Full date x Status interaction used",0,NA,"sharks_rays"
"2026-02-16",0.2500000451474336,0.13501543601262436,Inf,0.08674386725313027,0.7205122915644904,"2026-02-16","Bloom","Cuttlefish Coast - Fairway Bank Sanctuary Zone","Shark and ray richness","Poisson (log link)","poisson","log","Poisson retained: Pearson dispersion ratio = 0.765, not greater than the threshold of 1.5","Status","Status-only fixed effect used",0,"overall","sharks_rays"
"2016-01-19",0.6666667065778533,0.3333333155333698,Inf,0.250211947694846,1.776272083543341,"2016-01-19","Pre-bloom","Dangerous Reef - Dangerous Reef Sanctuary Zone","Shark and ray richness","Poisson (log link)","poisson","log","Poisson retained: Pearson dispersion ratio = 0.862, not greater than the threshold of 1.5","start_date_fct","Date-only fixed effect used",0,NA,"sharks_rays"
"2017-02-25",1.0833332764188324,0.3004625733574869,Inf,0.6290443492271361,1.8657046824095918,"2017-02-25","Pre-bloom","Dangerous Reef - Dangerous Reef Sanctuary Zone","Shark and ray richness","Poisson (log link)","poisson","log","Poisson retained: Pearson dispersion ratio = 0.862, not greater than the threshold of 1.5","start_date_fct","Date-only fixed effect used",0,NA,"sharks_rays"
"2019-02-16",0.6363636189695457,0.17007531926512798,Inf,0.37688788493775854,1.0744804270237938,"2019-02-16","Pre-bloom","Dangerous Reef - Dangerous Reef Sanctuary Zone","Shark and ray richness","Poisson (log link)","poisson","log","Poisson retained: Pearson dispersion ratio = 0.862, not greater than the threshold of 1.5","start_date_fct","Date-only fixed effect used",0,NA,"sharks_rays"
"2020-04-10",0.7500000191841713,0.17677668282612316,Inf,0.47253193647124286,1.1903957920323331,"2020-04-10","Pre-bloom","Dangerous Reef - Dangerous Reef Sanctuary Zone","Shark and ray richness","Poisson (log link)","poisson","log","Poisson retained: Pearson dispersion ratio = 0.862, not greater than the threshold of 1.5","start_date_fct","Date-only fixed effect used",0,NA,"sharks_rays"
"2022-03-16",1.0833332764091435,0.30046257335614146,Inf,0.6290443492199832,1.8657046823974346,"2022-03-16","Pre-bloom","Dangerous Reef - Dangerous Reef Sanctuary Zone","Shark and ray richness","Poisson (log link)","poisson","log","Poisson retained: Pearson dispersion ratio = 0.862, not greater than the threshold of 1.5","start_date_fct","Date-only fixed effect used",0,NA,"sharks_rays"
"2025-11-10",0.916666701709137,0.27638538144701413,Inf,0.5076501983450891,1.655230008304076,"2025-11-10","Bloom","Dangerous Reef - Dangerous Reef Sanctuary Zone","Shark and ray richness","Poisson (log link)","poisson","log","Poisson retained: Pearson dispersion ratio = 0.862, not greater than the threshold of 1.5","start_date_fct","Date-only fixed effect used",0,NA,"sharks_rays"
"2026-04-08",1.250000041031312,0.3227485905853633,Inf,0.7535824153892684,2.073429621856503,"2026-04-08","Bloom","Dangerous Reef - Dangerous Reef Sanctuary Zone","Shark and ray richness","Poisson (log link)","poisson","log","Poisson retained: Pearson dispersion ratio = 0.862, not greater than the threshold of 1.5","start_date_fct","Date-only fixed effect used",0,NA,"sharks_rays"
"2020-10-13",0.4277437780718245,0.17631282035832815,Inf,0.190688596879825,0.9594949182748749,"2020-10-13","Pre-bloom","Glenelg","Shark and ray richness","Poisson (log link)","poisson","log","Poisson retained: Pearson dispersion ratio = 1.02, not greater than the threshold of 1.5","start_date_fct","Date-only fixed effect used",0,NA,"sharks_rays"
"2021-10-25",0.8613287213846347,0.24657535171602793,Inf,0.4914651388994918,1.5095417915975744,"2021-10-25","Pre-bloom","Glenelg","Shark and ray richness","Poisson (log link)","poisson","log","Poisson retained: Pearson dispersion ratio = 1.02, not greater than the threshold of 1.5","start_date_fct","Date-only fixed effect used",0,NA,"sharks_rays"
"2022-12-02",0.4349698149440037,0.16711183649772593,Inf,0.2048492914307841,0.9235996795055972,"2022-12-02","Pre-bloom","Glenelg","Shark and ray richness","Poisson (log link)","poisson","log","Poisson retained: Pearson dispersion ratio = 1.02, not greater than the threshold of 1.5","start_date_fct","Date-only fixed effect used",0,NA,"sharks_rays"
"2023-11-23",0.4971073612485329,0.17905971462307155,Inf,0.24538306394779247,1.0070610604978654,"2023-11-23","Pre-bloom","Glenelg","Shark and ray richness","Poisson (log link)","poisson","log","Poisson retained: Pearson dispersion ratio = 1.02, not greater than the threshold of 1.5","start_date_fct","Date-only fixed effect used",0,NA,"sharks_rays"
"2026-03-20",0.10545901701697805,0.07480435703125982,Inf,0.026260808441053177,0.42350578410986806,"2026-03-20","Bloom","Glenelg","Shark and ray richness","Poisson (log link)","poisson","log","Poisson retained: Pearson dispersion ratio = 1.02, not greater than the threshold of 1.5","start_date_fct","Date-only fixed effect used",0,NA,"sharks_rays"
"2014-09-03",1.3333333315763818,0.4714044818720204,Inf,0.6667968949606843,2.66614584820074,"2014-09-03","Pre-bloom","Middle/Long Spit - Middle Spit Sanctuary Zone","Shark and ray richness","Poisson (log link)","poisson","log","Poisson retained: Pearson dispersion ratio = 0.474, not greater than the threshold of 1.5","start_date_fct","Date-only model used because Status was not represented at every retained sampling date",0,NA,"sharks_rays"
"2015-01-07",1.0434782594960648,0.2129990904206292,Inf,0.6994112793472009,1.5568048588767647,"2015-01-07","Pre-bloom","Middle/Long Spit - Middle Spit Sanctuary Zone","Shark and ray richness","Poisson (log link)","poisson","log","Poisson retained: Pearson dispersion ratio = 0.474, not greater than the threshold of 1.5","start_date_fct","Date-only model used because Status was not represented at every retained sampling date",0,NA,"sharks_rays"
"2016-01-10",1.6666666639275487,0.28171806171430686,Inf,1.1966563214003496,2.3212828269663737,"2016-01-10","Pre-bloom","Middle/Long Spit - Middle Spit Sanctuary Zone","Shark and ray richness","Poisson (log link)","poisson","log","Poisson retained: Pearson dispersion ratio = 0.474, not greater than the threshold of 1.5","start_date_fct","Date-only model used because Status was not represented at every retained sampling date",0,NA,"sharks_rays"
"2016-03-11",2.166666661613894,0.6009251633324599,Inf,1.2580887770385014,3.7314095064099218,"2016-03-11","Pre-bloom","Middle/Long Spit - Middle Spit Sanctuary Zone","Shark and ray richness","Poisson (log link)","poisson","log","Poisson retained: Pearson dispersion ratio = 0.474, not greater than the threshold of 1.5","start_date_fct","Date-only model used because Status was not represented at every retained sampling date",0,NA,"sharks_rays"
"2026-01-26",0.45833333404536164,0.13819268824260605,Inf,0.25382508705531154,0.8276149829561978,"2026-01-26","Bloom","Middle/Long Spit - Middle Spit Sanctuary Zone","Shark and ray richness","Poisson (log link)","poisson","log","Poisson retained: Pearson dispersion ratio = 0.474, not greater than the threshold of 1.5","start_date_fct","Date-only model used because Status was not represented at every retained sampling date",0,NA,"sharks_rays"
"2015-04-28",0.16666671219178494,0.1178511365114985,Inf,0.04168296628034729,0.6664063388865866,"2015-04-28","Pre-bloom","O'Sullivan","Shark and ray richness","Poisson (log link)","poisson","log","Poisson retained: Pearson dispersion ratio = 0.643, not greater than the threshold of 1.5","start_date_fct","Date-only fixed effect used",0,NA,"sharks_rays"
"2015-10-09",1.0000000475004975,0.28867511812579155,Inf,0.5679097519008411,1.7608433235279268,"2015-10-09","Pre-bloom","O'Sullivan","Shark and ray richness","Poisson (log link)","poisson","log","Poisson retained: Pearson dispersion ratio = 0.643, not greater than the threshold of 1.5","start_date_fct","Date-only fixed effect used",0,NA,"sharks_rays"
"2021-10-12",0.5454543080053048,0.22268081875798823,Inf,0.24505115539288433,1.2141154839467658,"2021-10-12","Pre-bloom","O'Sullivan","Shark and ray richness","Poisson (log link)","poisson","log","Poisson retained: Pearson dispersion ratio = 0.643, not greater than the threshold of 1.5","start_date_fct","Date-only fixed effect used",0,NA,"sharks_rays"
"2022-12-01",0.4166665217774373,0.18633895024528319,Inf,0.17342818141909813,1.0010540902263614,"2022-12-01","Pre-bloom","O'Sullivan","Shark and ray richness","Poisson (log link)","poisson","log","Poisson retained: Pearson dispersion ratio = 0.643, not greater than the threshold of 1.5","start_date_fct","Date-only fixed effect used",0,NA,"sharks_rays"
"2024-12-19",0.333333316775114,0.16666664866711053,Inf,0.1251059534069163,0.8881359923048707,"2024-12-19","Pre-bloom","O'Sullivan","Shark and ray richness","Poisson (log link)","poisson","log","Poisson retained: Pearson dispersion ratio = 0.643, not greater than the threshold of 1.5","start_date_fct","Date-only fixed effect used",0,NA,"sharks_rays"
"2025-02-04",1.1999998998684704,0.4898978875642825,Inf,0.5391128073720045,2.6710546290002988,"2025-02-04","Pre-bloom","O'Sullivan","Shark and ray richness","Poisson (log link)","poisson","log","Poisson retained: Pearson dispersion ratio = 0.643, not greater than the threshold of 1.5","start_date_fct","Date-only fixed effect used",0,NA,"sharks_rays"
"2014-09-03",0.45643550195103255,0.16666666172165473,Inf,0.22313340565247686,0.9336717952746333,"2014-09-03","Pre-bloom","Offshore Ardrossan - Offshore Ardrossan Sanctuary Zone","Shark and ray richness","Poisson (log link)","poisson","log","Poisson retained: Pearson dispersion ratio = 0.64, not greater than the threshold of 1.5","start_date_fct * Status","Full date x Status interaction used",0,NA,"sharks_rays"
"2016-03-11",1.5811388227227254,0.322748613451087,Inf,1.0597885263936075,2.358961164854602,"2016-03-11","Pre-bloom","Offshore Ardrossan - Offshore Ardrossan Sanctuary Zone","Shark and ray richness","Poisson (log link)","poisson","log","Poisson retained: Pearson dispersion ratio = 0.64, not greater than the threshold of 1.5","start_date_fct * Status","Full date x Status interaction used",0,NA,"sharks_rays"
"2017-02-03",1.0833333368392286,0.3004625817363041,Inf,0.6290443938462291,1.8657047581829471,"2017-02-03","Pre-bloom","Orcades Bank - Orcades Bank Sanctuary Zone","Shark and ray richness","Poisson (log link)","poisson","log","Poisson retained: Pearson dispersion ratio = 0.748, not greater than the threshold of 1.5","1","Intercept-only fixed effect used",0,"overall","sharks_rays"
"2017-02-03",0.5137011669305221,0.1909406380623829,Inf,0.24792618326017035,1.064384912620781,"2017-02-03","Pre-bloom","Port Gibbon - Port Gibbon Sanctuary Zone","Shark and ray richness","Poisson (log link)","poisson","log","Poisson retained: Pearson dispersion ratio = 0.782, not greater than the threshold of 1.5","start_date_fct * Status","Full date x Status interaction used",0,NA,"sharks_rays"
"2025-11-14",0.25000000000345723,0.10206206412708943,Inf,0.11231518136218048,0.5564697420572748,"2025-11-14","Bloom","Port Gibbon - Port Gibbon Sanctuary Zone","Shark and ray richness","Poisson (log link)","poisson","log","Poisson retained: Pearson dispersion ratio = 0.782, not greater than the threshold of 1.5","start_date_fct * Status","Full date x Status interaction used",0,NA,"sharks_rays"
"2015-10-09",0.5000000012703076,0.20412412848089284,Inf,0.22463036354648494,1.1129394856656265,"2015-10-09","Pre-bloom","Port Noarlunga - Port Noarlunga Reef Sanctuary Zone","Shark and ray richness","Poisson (log link)","poisson","log","Poisson retained: Pearson dispersion ratio = 0.545, not greater than the threshold of 1.5","1","Intercept-only fixed effect used",0,"overall","sharks_rays"
"2015-12-10",0.19179293586591553,0.09734270387776339,Inf,0.07092727189608439,0.5186232215720947,"2015-12-10","Pre-bloom","Rapid Head - Rapid Head Sanctuary Zone","Shark and ray richness","Poisson (log link)","poisson","log","Poisson retained: Pearson dispersion ratio = 0.95, not greater than the threshold of 1.5","start_date_fct * Status","Full date x Status interaction used",0,NA,"sharks_rays"
"2016-12-06",0.1835444614020725,0.09269743770784292,Inf,0.06821027393344298,0.4938928898636138,"2016-12-06","Pre-bloom","Rapid Head - Rapid Head Sanctuary Zone","Shark and ray richness","Poisson (log link)","poisson","log","Poisson retained: Pearson dispersion ratio = 0.95, not greater than the threshold of 1.5","start_date_fct * Status","Full date x Status interaction used",0,NA,"sharks_rays"
"2018-12-11",0.10906098179967419,0.07096945478086236,Inf,0.030462493217089652,0.3904571325250584,"2018-12-11","Pre-bloom","Rapid Head - Rapid Head Sanctuary Zone","Shark and ray richness","Poisson (log link)","poisson","log","Poisson retained: Pearson dispersion ratio = 0.95, not greater than the threshold of 1.5","start_date_fct * Status","Full date x Status interaction used",0,NA,"sharks_rays"
"2025-02-27",0.537548125059515,0.1949236317287881,Inf,0.264093629144035,1.094149781997975,"2025-02-27","Pre-bloom","Rapid Head - Rapid Head Sanctuary Zone","Shark and ray richness","Poisson (log link)","poisson","log","Poisson retained: Pearson dispersion ratio = 0.95, not greater than the threshold of 1.5","start_date_fct * Status","Full date x Status interaction used",0,NA,"sharks_rays"
"2025-12-10",0.10596960733783875,0.06881757283169845,Inf,0.029675888779329848,0.3784067854829492,"2025-12-10","Bloom","Rapid Head - Rapid Head Sanctuary Zone","Shark and ray richness","Poisson (log link)","poisson","log","Poisson retained: Pearson dispersion ratio = 0.95, not greater than the threshold of 1.5","start_date_fct * Status","Full date x Status interaction used",0,NA,"sharks_rays"
"2016-04-19",0.4930065778482246,0.14433754838828336,Inf,0.2777451066749688,0.8751026749358835,"2016-04-19","Pre-bloom","The Pages - The Pages Sanctuary Zone","Shark and ray richness","Poisson (log link)","poisson","log","Poisson retained: Pearson dispersion ratio = 0.737, not greater than the threshold of 1.5","start_date_fct * Status","Full date x Status interaction used",0,NA,"sharks_rays"
"2017-06-02",1.2154310655934886,0.23028307226840863,Inf,0.8384099693541034,1.7619932123991666,"2017-06-02","Pre-bloom","The Pages - The Pages Sanctuary Zone","Shark and ray richness","Poisson (log link)","poisson","log","Poisson retained: Pearson dispersion ratio = 0.737, not greater than the threshold of 1.5","start_date_fct * Status","Full date x Status interaction used",0,NA,"sharks_rays"
"2018-06-26",0.6741998300560297,0.17943512396986933,Inf,0.40017074758841353,1.1358786557659422,"2018-06-26","Pre-bloom","The Pages - The Pages Sanctuary Zone","Shark and ray richness","Poisson (log link)","poisson","log","Poisson retained: Pearson dispersion ratio = 0.737, not greater than the threshold of 1.5","start_date_fct * Status","Full date x Status interaction used",0,NA,"sharks_rays"
"2019-06-06",0.7637626248453248,0.18633898031050836,Inf,0.4734635088979447,1.2320555568652243,"2019-06-06","Pre-bloom","The Pages - The Pages Sanctuary Zone","Shark and ray richness","Poisson (log link)","poisson","log","Poisson retained: Pearson dispersion ratio = 0.737, not greater than the threshold of 1.5","start_date_fct * Status","Full date x Status interaction used",0,NA,"sharks_rays"
"2021-05-20",0.5222330072967959,0.15075566545249883,Inf,0.2965812062555784,0.919570452064427,"2021-05-20","Pre-bloom","The Pages - The Pages Sanctuary Zone","Shark and ray richness","Poisson (log link)","poisson","log","Poisson retained: Pearson dispersion ratio = 0.737, not greater than the threshold of 1.5","start_date_fct * Status","Full date x Status interaction used",0,NA,"sharks_rays"
"2025-04-09",1.605654120532554,0.3186886982622429,Inf,1.0881940019816227,2.3691778764525013,"2025-04-09","Bloom","The Pages - The Pages Sanctuary Zone","Shark and ray richness","Poisson (log link)","poisson","log","Poisson retained: Pearson dispersion ratio = 0.737, not greater than the threshold of 1.5","start_date_fct * Status","Full date x Status interaction used",0,NA,"sharks_rays"
"2026-03-01",0.45643547860391204,0.13819268998653295,Inf,0.2521537057559676,0.8262156826281413,"2026-03-01","Bloom","The Pages - The Pages Sanctuary Zone","Shark and ray richness","Poisson (log link)","poisson","log","Poisson retained: Pearson dispersion ratio = 0.737, not greater than the threshold of 1.5","start_date_fct * Status","Full date x Status interaction used",0,NA,"sharks_rays"
"2017-11-28",0.1473248591081362,0.09507155291719957,Inf,0.04158908616353273,0.5218824483396272,"2017-11-28","Pre-bloom","Victor Harbor - Encounter Bay Sanctuary Zone","Shark and ray richness","Poisson (log link)","poisson","log","Poisson retained: Pearson dispersion ratio = 0.903, not greater than the threshold of 1.5","start_date_fct","Date-only model used because Status was not represented at every retained sampling date",1,NA,"sharks_rays"
"2018-11-27",0.2608014172414667,0.29052386510335215,Inf,0.029383296697863763,2.3148314477627228,"2018-11-27","Pre-bloom","Victor Harbor - Encounter Bay Sanctuary Zone","Shark and ray richness","Poisson (log link)","poisson","log","Poisson retained: Pearson dispersion ratio = 0.903, not greater than the threshold of 1.5","start_date_fct","Date-only model used because Status was not represented at every retained sampling date",1,NA,"sharks_rays"
"2021-11-23",1.0627217428744011,0.6854793371502542,Inf,0.30017567607088647,3.762388470514521,"2021-11-23","Pre-bloom","Victor Harbor - Encounter Bay Sanctuary Zone","Shark and ray richness","Poisson (log link)","poisson","log","Poisson retained: Pearson dispersion ratio = 0.903, not greater than the threshold of 1.5","start_date_fct","Date-only model used because Status was not represented at every retained sampling date",1,NA,"sharks_rays"
"2026-01-23",0.3901438692725612,0.1620064018009963,Inf,0.17288813062773348,0.8804088411292507,"2026-01-23","Bloom","Victor Harbor - Encounter Bay Sanctuary Zone","Shark and ray richness","Poisson (log link)","poisson","log","Poisson retained: Pearson dispersion ratio = 0.903, not greater than the threshold of 1.5","start_date_fct","Date-only model used because Status was not represented at every retained sampling date",1,NA,"sharks_rays"
"2017-04-12",0.75461135429878,0.3155410101188673,Inf,0.33250111276824296,1.7125906475794075,"2017-04-12","Pre-bloom","Windara Reef - Windara Shell fish Reef Sanctuary Zone","Shark and ray richness","Poisson (log link)","poisson","log","Poisson retained: Pearson dispersion ratio = 0.731, not greater than the threshold of 1.5","start_date_fct","Date-only fixed effect used",0,NA,"sharks_rays"
"2017-11-23",1.0564642014093724,0.404058075634544,Inf,0.49923152923885766,2.2356693107128174,"2017-11-23","Pre-bloom","Windara Reef - Windara Shell fish Reef Sanctuary Zone","Shark and ray richness","Poisson (log link)","poisson","log","Poisson retained: Pearson dispersion ratio = 0.731, not greater than the threshold of 1.5","start_date_fct","Date-only fixed effect used",0,NA,"sharks_rays"
"2018-04-24",0.6036898845389921,0.2698767912061873,Inf,0.2513553636397309,1.4499053110203677,"2018-04-24","Pre-bloom","Windara Reef - Windara Shell fish Reef Sanctuary Zone","Shark and ray richness","Poisson (log link)","poisson","log","Poisson retained: Pearson dispersion ratio = 0.731, not greater than the threshold of 1.5","start_date_fct","Date-only fixed effect used",0,NA,"sharks_rays"
"2018-11-29",0.9055381206983346,0.3601522134449833,Inf,0.4153032821283106,1.974458963665324,"2018-11-29","Pre-bloom","Windara Reef - Windara Shell fish Reef Sanctuary Zone","Shark and ray richness","Poisson (log link)","poisson","log","Poisson retained: Pearson dispersion ratio = 0.731, not greater than the threshold of 1.5","start_date_fct","Date-only fixed effect used",0,NA,"sharks_rays"
"2019-10-22",0.7546064675474571,0.31553953979827914,Inf,0.33249846462607435,1.7125821062206399,"2019-10-22","Pre-bloom","Windara Reef - Windara Shell fish Reef Sanctuary Zone","Shark and ray richness","Poisson (log link)","poisson","log","Poisson retained: Pearson dispersion ratio = 0.731, not greater than the threshold of 1.5","start_date_fct","Date-only fixed effect used",0,NA,"sharks_rays"
"2020-10-28",0.6791486182233337,0.29287067199780814,Inf,0.29167513565729575,1.5813581250086457,"2020-10-28","Pre-bloom","Windara Reef - Windara Shell fish Reef Sanctuary Zone","Shark and ray richness","Poisson (log link)","poisson","log","Poisson retained: Pearson dispersion ratio = 0.731, not greater than the threshold of 1.5","start_date_fct","Date-only fixed effect used",0,NA,"sharks_rays"
"2014-09-03",4.746697023368409,1.6763203607513613,Inf,2.375665704679668,9.48413431539291,"2014-09-03","Pre-bloom","Aldinga - Aldinga Reef Sanctuary Zone","Reef associated species richness","Negative binomial nbinom2 (log link)","nbinom2","log","nbinom2 selected: Poisson Pearson dispersion ratio = 2.626, greater than the threshold of 1.5","start_date_fct","Date-only model used because Status was not represented at every retained sampling date",0,NA,"reef_associated_richness"
"2015-12-10",2.7981202567610226,0.9951031303930025,Inf,1.393642081782237,5.617996954629677,"2015-12-10","Pre-bloom","Aldinga - Aldinga Reef Sanctuary Zone","Reef associated species richness","Negative binomial nbinom2 (log link)","nbinom2","log","nbinom2 selected: Poisson Pearson dispersion ratio = 2.626, greater than the threshold of 1.5","start_date_fct","Date-only model used because Status was not represented at every retained sampling date",0,NA,"reef_associated_richness"
"2016-02-12",7.302745449251614,2.627175958512512,Inf,3.6079861298773923,14.781124199714553,"2016-02-12","Pre-bloom","Aldinga - Aldinga Reef Sanctuary Zone","Reef associated species richness","Negative binomial nbinom2 (log link)","nbinom2","log","nbinom2 selected: Poisson Pearson dispersion ratio = 2.626, greater than the threshold of 1.5","start_date_fct","Date-only model used because Status was not represented at every retained sampling date",0,NA,"reef_associated_richness"
"2016-11-19",3.7385092016212464,1.3860534759460594,Inf,1.8076536022131116,7.73181932284778,"2016-11-19","Pre-bloom","Aldinga - Aldinga Reef Sanctuary Zone","Reef associated species richness","Negative binomial nbinom2 (log link)","nbinom2","log","nbinom2 selected: Poisson Pearson dispersion ratio = 2.626, greater than the threshold of 1.5","start_date_fct","Date-only model used because Status was not represented at every retained sampling date",0,NA,"reef_associated_richness"
"2019-12-07",7.482010122215393,2.6597992242086157,Inf,3.727541115679194,15.018070554195193,"2019-12-07","Pre-bloom","Aldinga - Aldinga Reef Sanctuary Zone","Reef associated species richness","Negative binomial nbinom2 (log link)","nbinom2","log","nbinom2 selected: Poisson Pearson dispersion ratio = 2.626, greater than the threshold of 1.5","start_date_fct","Date-only model used because Status was not represented at every retained sampling date",0,NA,"reef_associated_richness"
"2020-11-26",4.460160472917234,1.6418061937060222,Inf,2.167799766370047,9.176600049867114,"2020-11-26","Pre-bloom","Aldinga - Aldinga Reef Sanctuary Zone","Reef associated species richness","Negative binomial nbinom2 (log link)","nbinom2","log","nbinom2 selected: Poisson Pearson dispersion ratio = 2.626, greater than the threshold of 1.5","start_date_fct","Date-only model used because Status was not represented at every retained sampling date",0,NA,"reef_associated_richness"
"2021-11-22",4.595475840752021,1.8171146020376048,Inf,2.1171598219816623,9.974871988251065,"2021-11-22","Pre-bloom","Aldinga - Aldinga Reef Sanctuary Zone","Reef associated species richness","Negative binomial nbinom2 (log link)","nbinom2","log","nbinom2 selected: Poisson Pearson dispersion ratio = 2.626, greater than the threshold of 1.5","start_date_fct","Date-only model used because Status was not represented at every retained sampling date",0,NA,"reef_associated_richness"
"2025-02-06",2.9083328103293993,1.0046177668971725,Inf,1.4778004298753167,5.723641409653768,"2025-02-06","Pre-bloom","Aldinga - Aldinga Reef Sanctuary Zone","Reef associated species richness","Negative binomial nbinom2 (log link)","nbinom2","log","nbinom2 selected: Poisson Pearson dispersion ratio = 2.626, greater than the threshold of 1.5","start_date_fct","Date-only model used because Status was not represented at every retained sampling date",0,NA,"reef_associated_richness"
"2026-02-21",2.2726089142091555,0.7540014493793609,Inf,1.186082318629094,4.354462751719017,"2026-02-21","Bloom","Aldinga - Aldinga Reef Sanctuary Zone","Reef associated species richness","Negative binomial nbinom2 (log link)","nbinom2","log","nbinom2 selected: Poisson Pearson dispersion ratio = 2.626, greater than the threshold of 1.5","start_date_fct","Date-only model used because Status was not represented at every retained sampling date",0,NA,"reef_associated_richness"
"2016-05-24",0.522597166485074,0.16927210203679824,Inf,0.27698623061705846,0.9859977436777632,"2016-05-24","Pre-bloom","Bay of Shoals - Bay of Shoals Sanctuary Zone","Reef associated species richness","Poisson (log link)","poisson","log","Poisson retained: Pearson dispersion ratio = 1.007, not greater than the threshold of 1.5","start_date_fct * Status","Full date x Status interaction used",0,NA,"reef_associated_richness"
"2017-04-05",0.30000593761513966,0.12712559467816828,Inf,0.13074908183679732,0.6883686014459565,"2017-04-05","Pre-bloom","Bay of Shoals - Bay of Shoals Sanctuary Zone","Reef associated species richness","Poisson (log link)","poisson","log","Poisson retained: Pearson dispersion ratio = 1.007, not greater than the threshold of 1.5","start_date_fct * Status","Full date x Status interaction used",0,NA,"reef_associated_richness"
"2018-03-28",0.1603591848996174,0.09230708145998205,Inf,0.05189424802470402,0.49552829379911495,"2018-03-28","Pre-bloom","Bay of Shoals - Bay of Shoals Sanctuary Zone","Reef associated species richness","Poisson (log link)","poisson","log","Poisson retained: Pearson dispersion ratio = 1.007, not greater than the threshold of 1.5","start_date_fct * Status","Full date x Status interaction used",0,NA,"reef_associated_richness"
"2026-03-24",0.1792881048999468,0.10123729439075582,Inf,0.05928021461618303,0.5422420409024499,"2026-03-24","Bloom","Bay of Shoals - Bay of Shoals Sanctuary Zone","Reef associated species richness","Poisson (log link)","poisson","log","Poisson retained: Pearson dispersion ratio = 1.007, not greater than the threshold of 1.5","start_date_fct * Status","Full date x Status interaction used",0,NA,"reef_associated_richness"
"2021-10-11",0.1855749379540327,0.06414604733748762,Inf,0.09425231275889089,0.36538156559340795,"2021-10-11","Pre-bloom","Boston Bay","Reef associated species richness","Poisson (log link)","poisson","log","Poisson retained: Pearson dispersion ratio = 0.643, not greater than the threshold of 1.5","start_date_fct","Date-only fixed effect used",0,NA,"reef_associated_richness"
"2024-03-25",0.728812819315418,0.19031145625201892,Inf,0.4368634952325522,1.2158674995623873,"2024-03-25","Pre-bloom","Boston Bay","Reef associated species richness","Poisson (log link)","poisson","log","Poisson retained: Pearson dispersion ratio = 0.643, not greater than the threshold of 1.5","start_date_fct","Date-only fixed effect used",0,NA,"reef_associated_richness"
"2024-11-14",0.41238798513546515,0.13575692880917528,Inf,0.21631813206535902,0.7861747356097961,"2024-11-14","Pre-bloom","Boston Bay","Reef associated species richness","Poisson (log link)","poisson","log","Poisson retained: Pearson dispersion ratio = 0.643, not greater than the threshold of 1.5","start_date_fct","Date-only fixed effect used",0,NA,"reef_associated_richness"
"2025-11-11",0.2698329102069667,0.11292096643095803,Inf,0.1188173947669514,0.6127873748921209,"2025-11-11","Bloom","Boston Bay","Reef associated species richness","Poisson (log link)","poisson","log","Poisson retained: Pearson dispersion ratio = 0.643, not greater than the threshold of 1.5","start_date_fct","Date-only fixed effect used",0,NA,"reef_associated_richness"
"2017-01-12",2.8282288629453456,0.3510334841115362,Inf,2.2175085617066044,3.6071466145957745,"2017-01-12","Pre-bloom","Cape Elizabeth - Cape Elizabeth Sanctuary Zone","Reef associated species richness","Poisson (log link)","poisson","log","Poisson retained: Pearson dispersion ratio = 1.099, not greater than the threshold of 1.5","start_date_fct * Status","Full date x Status interaction used",0,NA,"reef_associated_richness"
"2026-03-10",1.969326244476448,0.2928618542775733,Inf,1.471411140264883,2.6357322919857396,"2026-03-10","Bloom","Cape Elizabeth - Cape Elizabeth Sanctuary Zone","Reef associated species richness","Poisson (log link)","poisson","log","Poisson retained: Pearson dispersion ratio = 1.099, not greater than the threshold of 1.5","start_date_fct * Status","Full date x Status interaction used",0,NA,"reef_associated_richness"
"2015-12-10",5.219922226630457,0.6467543786377983,Inf,4.094484018587032,6.65470616770744,"2015-12-10","Pre-bloom","Carrickalinga - Carrickalinga Cliffs Sanctuary Zone","Reef associated species richness","Poisson (log link)","poisson","log","Poisson retained: Pearson dispersion ratio = 1.058, not greater than the threshold of 1.5","start_date_fct","Date-only model used because Status was not represented at every retained sampling date",0,NA,"reef_associated_richness"
"2016-12-06",4.221053443119641,0.5238392667493794,Inf,3.3096755496685266,5.383395412114226,"2016-12-06","Pre-bloom","Carrickalinga - Carrickalinga Cliffs Sanctuary Zone","Reef associated species richness","Poisson (log link)","poisson","log","Poisson retained: Pearson dispersion ratio = 1.058, not greater than the threshold of 1.5","start_date_fct","Date-only model used because Status was not represented at every retained sampling date",0,NA,"reef_associated_richness"
"2017-12-05",6.516001580510486,0.7132493662535064,Inf,5.257843277445855,8.075226734000422,"2017-12-05","Pre-bloom","Carrickalinga - Carrickalinga Cliffs Sanctuary Zone","Reef associated species richness","Poisson (log link)","poisson","log","Poisson retained: Pearson dispersion ratio = 1.058, not greater than the threshold of 1.5","start_date_fct","Date-only model used because Status was not represented at every retained sampling date",0,NA,"reef_associated_richness"
"2018-12-11",6.761755245805624,0.7400906589498188,Inf,5.456238612712457,8.37964342278837,"2018-12-11","Pre-bloom","Carrickalinga - Carrickalinga Cliffs Sanctuary Zone","Reef associated species richness","Poisson (log link)","poisson","log","Poisson retained: Pearson dispersion ratio = 1.058, not greater than the threshold of 1.5","start_date_fct","Date-only model used because Status was not represented at every retained sampling date",0,NA,"reef_associated_richness"
"2020-12-04",6.9258129164301545,0.7462416838697874,Inf,5.6073232273779166,8.55432843949339,"2020-12-04","Pre-bloom","Carrickalinga - Carrickalinga Cliffs Sanctuary Zone","Reef associated species richness","Poisson (log link)","poisson","log","Poisson retained: Pearson dispersion ratio = 1.058, not greater than the threshold of 1.5","start_date_fct","Date-only model used because Status was not represented at every retained sampling date",0,NA,"reef_associated_richness"
"2025-02-06",9.811306195941732,2.1339325490260386,Inf,6.406086480460937,15.026604708526866,"2025-02-06","Pre-bloom","Carrickalinga - Carrickalinga Cliffs Sanctuary Zone","Reef associated species richness","Poisson (log link)","poisson","log","Poisson retained: Pearson dispersion ratio = 1.058, not greater than the threshold of 1.5","start_date_fct","Date-only model used because Status was not represented at every retained sampling date",0,NA,"reef_associated_richness"
"2025-02-20",9.86274029176148,0.9893214383219018,Inf,8.102414130114179,12.005513974063499,"2025-02-20","Pre-bloom","Carrickalinga - Carrickalinga Cliffs Sanctuary Zone","Reef associated species richness","Poisson (log link)","poisson","log","Poisson retained: Pearson dispersion ratio = 1.058, not greater than the threshold of 1.5","start_date_fct","Date-only model used because Status was not represented at every retained sampling date",0,NA,"reef_associated_richness"
"2025-12-17",6.311095924959605,0.6966819062766108,Inf,5.083240284126468,7.83553984225759,"2025-12-17","Bloom","Carrickalinga - Carrickalinga Cliffs Sanctuary Zone","Reef associated species richness","Poisson (log link)","poisson","log","Poisson retained: Pearson dispersion ratio = 1.058, not greater than the threshold of 1.5","start_date_fct","Date-only model used because Status was not represented at every retained sampling date",0,NA,"reef_associated_richness"
"2015-11-15",6.995201138570886,1.001264983649144,Inf,5.2839979192829025,9.260571203196868,"2015-11-15","Pre-bloom","Chinamans Hat - Chinamans Hat Sanctuary Zone","Reef associated species richness","Negative binomial nbinom2 (log link)","nbinom2","log","nbinom2 selected: Poisson Pearson dispersion ratio = 1.513, greater than the threshold of 1.5","start_date_fct * Status","Full date x Status interaction used",0,NA,"reef_associated_richness"
"2025-12-04",5.316109640214564,0.8149653064762534,Inf,3.9364416683613155,7.179332018032133,"2025-12-04","Bloom","Chinamans Hat - Chinamans Hat Sanctuary Zone","Reef associated species richness","Negative binomial nbinom2 (log link)","nbinom2","log","nbinom2 selected: Poisson Pearson dispersion ratio = 1.513, greater than the threshold of 1.5","start_date_fct * Status","Full date x Status interaction used",0,NA,"reef_associated_richness"
"2017-01-12",0.17913835340450784,0.10441371684058587,Inf,0.05715468661227305,0.56146838627906,"2017-01-12","Pre-bloom","Cuttlefish Coast - Fairway Bank Sanctuary Zone","Reef associated species richness","Poisson (log link)","poisson","log","Poisson retained: Pearson dispersion ratio = 1.465, not greater than the threshold of 1.5","start_date_fct + Status","Additive date + Status model used because 1 observed date x Status cell(s) contained all zeros",1,NA,"reef_associated_richness"
"2026-02-16",0.5584548572362135,0.16907623242234546,Inf,0.30851811654742356,1.0108703860273325,"2026-02-16","Bloom","Cuttlefish Coast - Fairway Bank Sanctuary Zone","Reef associated species richness","Poisson (log link)","poisson","log","Poisson retained: Pearson dispersion ratio = 1.465, not greater than the threshold of 1.5","start_date_fct + Status","Additive date + Status model used because 1 observed date x Status cell(s) contained all zeros",1,NA,"reef_associated_richness"
"2016-01-19",7.166708483647556,2.975519924372275,Inf,3.1762335688822234,16.17063398384175,"2016-01-19","Pre-bloom","Dangerous Reef - Dangerous Reef Sanctuary Zone","Reef associated species richness","Negative binomial nbinom2 (log link)","nbinom2","log","nbinom2 selected: Poisson Pearson dispersion ratio = 5.186, greater than the threshold of 1.5","start_date_fct","Date-only fixed effect used",0,NA,"reef_associated_richness"
"2019-02-16",6.000056853513934,1.317911306051661,Inf,3.9011182453596036,9.22829813944309,"2019-02-16","Pre-bloom","Dangerous Reef - Dangerous Reef Sanctuary Zone","Reef associated species richness","Negative binomial nbinom2 (log link)","nbinom2","log","nbinom2 selected: Poisson Pearson dispersion ratio = 5.186, greater than the threshold of 1.5","start_date_fct","Date-only fixed effect used",0,NA,"reef_associated_richness"
"2020-04-10",5.0417143081096985,1.0759724571676677,Inf,3.3183324925445836,7.660137500297987,"2020-04-10","Pre-bloom","Dangerous Reef - Dangerous Reef Sanctuary Zone","Reef associated species richness","Negative binomial nbinom2 (log link)","nbinom2","log","nbinom2 selected: Poisson Pearson dispersion ratio = 5.186, greater than the threshold of 1.5","start_date_fct","Date-only fixed effect used",0,NA,"reef_associated_richness"
"2022-03-16",10.083341692724726,2.901938030108442,Inf,5.736311245567516,17.724592571716666,"2022-03-16","Pre-bloom","Dangerous Reef - Dangerous Reef Sanctuary Zone","Reef associated species richness","Negative binomial nbinom2 (log link)","nbinom2","log","nbinom2 selected: Poisson Pearson dispersion ratio = 5.186, greater than the threshold of 1.5","start_date_fct","Date-only fixed effect used",0,NA,"reef_associated_richness"
"2025-11-10",15.583358665669312,4.405140226520501,Inf,8.954501757763582,27.119439347068845,"2025-11-10","Bloom","Dangerous Reef - Dangerous Reef Sanctuary Zone","Reef associated species richness","Negative binomial nbinom2 (log link)","nbinom2","log","nbinom2 selected: Poisson Pearson dispersion ratio = 5.186, greater than the threshold of 1.5","start_date_fct","Date-only fixed effect used",0,NA,"reef_associated_richness"
"2026-04-08",15.250356842497206,4.314198853514867,Inf,8.75955781117616,26.550813275844266,"2026-04-08","Bloom","Dangerous Reef - Dangerous Reef Sanctuary Zone","Reef associated species richness","Negative binomial nbinom2 (log link)","nbinom2","log","nbinom2 selected: Poisson Pearson dispersion ratio = 5.186, greater than the threshold of 1.5","start_date_fct","Date-only fixed effect used",0,NA,"reef_associated_richness"
"2020-10-13",1.1966542112049912,0.8953519568784957,Inf,0.27611424490093706,5.1861913234806085,"2020-10-13","Pre-bloom","Glenelg","Reef associated species richness","Negative binomial nbinom2 (log link)","nbinom2","log","nbinom2 selected: Poisson Pearson dispersion ratio = 1.949, greater than the threshold of 1.5","start_date_fct","Date-only fixed effect used",0,NA,"reef_associated_richness"
"2021-10-25",0.634374577258029,0.4753138422707724,Inf,0.1460734724359248,2.7549910162355427,"2021-10-25","Pre-bloom","Glenelg","Reef associated species richness","Negative binomial nbinom2 (log link)","nbinom2","log","nbinom2 selected: Poisson Pearson dispersion ratio = 1.949, greater than the threshold of 1.5","start_date_fct","Date-only fixed effect used",0,NA,"reef_associated_richness"
"2022-12-02",0.4551784351328094,0.34730585878826375,Inf,0.10202487887825283,2.0307537738632524,"2022-12-02","Pre-bloom","Glenelg","Reef associated species richness","Negative binomial nbinom2 (log link)","nbinom2","log","nbinom2 selected: Poisson Pearson dispersion ratio = 1.949, greater than the threshold of 1.5","start_date_fct","Date-only fixed effect used",0,NA,"reef_associated_richness"
"2023-11-23",0.8747652979591296,0.6421986298259403,Inf,0.20748751488253148,3.68800179108005,"2023-11-23","Pre-bloom","Glenelg","Reef associated species richness","Negative binomial nbinom2 (log link)","nbinom2","log","nbinom2 selected: Poisson Pearson dispersion ratio = 1.949, greater than the threshold of 1.5","start_date_fct","Date-only fixed effect used",0,NA,"reef_associated_richness"
"2025-10-21",0.12020137876789617,0.11133199532303432,Inf,0.019566633544196937,0.7384188713437795,"2025-10-21","Bloom","Glenelg","Reef associated species richness","Negative binomial nbinom2 (log link)","nbinom2","log","nbinom2 selected: Poisson Pearson dispersion ratio = 1.949, greater than the threshold of 1.5","start_date_fct","Date-only fixed effect used",0,NA,"reef_associated_richness"
"2026-03-20",0.5524439914681882,0.4181513784294688,Inf,0.12531520197783402,2.435413731873384,"2026-03-20","Bloom","Glenelg","Reef associated species richness","Negative binomial nbinom2 (log link)","nbinom2","log","nbinom2 selected: Poisson Pearson dispersion ratio = 1.949, greater than the threshold of 1.5","start_date_fct","Date-only fixed effect used",0,NA,"reef_associated_richness"
"2015-01-07",1.3071165385762153,0.2969017273657773,Inf,0.8374719258231298,2.0401324423384977,"2015-01-07","Pre-bloom","Middle/Long Spit - Middle Spit Sanctuary Zone","Reef associated species richness","Poisson (log link)","poisson","log","Poisson retained: Pearson dispersion ratio = 0.509, not greater than the threshold of 1.5","start_date_fct","Date-only model used because Status was not represented at every retained sampling date",0,NA,"reef_associated_richness"
"2016-01-10",1.2379762347018173,0.29528449612678986,Inf,0.7756790505204149,1.9757980528908887,"2016-01-10","Pre-bloom","Middle/Long Spit - Middle Spit Sanctuary Zone","Reef associated species richness","Poisson (log link)","poisson","log","Poisson retained: Pearson dispersion ratio = 0.509, not greater than the threshold of 1.5","start_date_fct","Date-only model used because Status was not represented at every retained sampling date",0,NA,"reef_associated_richness"
"2016-03-11",1.2764080452284112,0.5581930711020666,Inf,0.5416838306458718,3.0076908442720756,"2016-03-11","Pre-bloom","Middle/Long Spit - Middle Spit Sanctuary Zone","Reef associated species richness","Poisson (log link)","poisson","log","Poisson retained: Pearson dispersion ratio = 0.509, not greater than the threshold of 1.5","start_date_fct","Date-only model used because Status was not represented at every retained sampling date",0,NA,"reef_associated_richness"
"2026-01-26",0.4412916939748173,0.1455477193587467,Inf,0.23119622468827122,0.8423076952650735,"2026-01-26","Bloom","Middle/Long Spit - Middle Spit Sanctuary Zone","Reef associated species richness","Poisson (log link)","poisson","log","Poisson retained: Pearson dispersion ratio = 0.509, not greater than the threshold of 1.5","start_date_fct","Date-only model used because Status was not represented at every retained sampling date",0,NA,"reef_associated_richness"
"2015-04-28",3.630271123322772,3.2695159277221233,Inf,0.6213337842483528,21.21060976070065,"2015-04-28","Pre-bloom","O'Sullivan","Reef associated species richness","Poisson (log link)","poisson","log","Poisson retained: Pearson dispersion ratio = 1.382, not greater than the threshold of 1.5","start_date_fct","Date-only fixed effect used",0,NA,"reef_associated_richness"
"2015-10-09",3.4724267470575247,3.129261635927581,Inf,0.5936796522653403,20.310191645731848,"2015-10-09","Pre-bloom","O'Sullivan","Reef associated species richness","Poisson (log link)","poisson","log","Poisson retained: Pearson dispersion ratio = 1.382, not greater than the threshold of 1.5","start_date_fct","Date-only fixed effect used",0,NA,"reef_associated_richness"
"2021-10-12",0.7492494914993054,0.5762213452420915,Inf,0.1659576919337332,3.3826380324457896,"2021-10-12","Pre-bloom","O'Sullivan","Reef associated species richness","Poisson (log link)","poisson","log","Poisson retained: Pearson dispersion ratio = 1.382, not greater than the threshold of 1.5","start_date_fct","Date-only fixed effect used",0,NA,"reef_associated_richness"
"2022-12-01",0.727519698319197,0.5540711056395429,Inf,0.16352302048563486,3.2367608540410497,"2022-12-01","Pre-bloom","O'Sullivan","Reef associated species richness","Poisson (log link)","poisson","log","Poisson retained: Pearson dispersion ratio = 1.382, not greater than the threshold of 1.5","start_date_fct","Date-only fixed effect used",0,NA,"reef_associated_richness"
"2023-12-01",0.8423962941051515,0.6375780770722563,Inf,0.19110586189593928,3.7132901590873253,"2023-12-01","Pre-bloom","O'Sullivan","Reef associated species richness","Poisson (log link)","poisson","log","Poisson retained: Pearson dispersion ratio = 1.382, not greater than the threshold of 1.5","start_date_fct","Date-only fixed effect used",0,NA,"reef_associated_richness"
"2024-12-19",0.6509428274512742,0.49839000169407743,Inf,0.14515302943449715,2.9191713480666515,"2024-12-19","Pre-bloom","O'Sullivan","Reef associated species richness","Poisson (log link)","poisson","log","Poisson retained: Pearson dispersion ratio = 1.382, not greater than the threshold of 1.5","start_date_fct","Date-only fixed effect used",0,NA,"reef_associated_richness"
"2025-02-04",0.7607935004290016,0.577806897775617,Inf,0.1717105032058047,3.370829037762942,"2025-02-04","Pre-bloom","O'Sullivan","Reef associated species richness","Poisson (log link)","poisson","log","Poisson retained: Pearson dispersion ratio = 1.382, not greater than the threshold of 1.5","start_date_fct","Date-only fixed effect used",0,NA,"reef_associated_richness"
"2025-11-13",0.4036537063273021,0.30645648439823325,Inf,0.09115306369921776,1.7875023396845644,"2025-11-13","Bloom","O'Sullivan","Reef associated species richness","Poisson (log link)","poisson","log","Poisson retained: Pearson dispersion ratio = 1.382, not greater than the threshold of 1.5","start_date_fct","Date-only fixed effect used",0,NA,"reef_associated_richness"
"2026-03-06",0.33174970424980693,0.25393214578558554,Inf,0.07400701013844413,1.4871275851294394,"2026-03-06","Bloom","O'Sullivan","Reef associated species richness","Poisson (log link)","poisson","log","Poisson retained: Pearson dispersion ratio = 1.382, not greater than the threshold of 1.5","start_date_fct","Date-only fixed effect used",0,NA,"reef_associated_richness"
"2014-09-03",0.8897319212768244,0.3651834813254579,Inf,0.39800651582834196,1.9889696782762523,"2014-09-03","Pre-bloom","Offshore Ardrossan - Offshore Ardrossan Sanctuary Zone","Reef associated species richness","Negative binomial nbinom2 (log link)","nbinom2","log","nbinom2 selected: Poisson Pearson dispersion ratio = 1.712, greater than the threshold of 1.5","start_date_fct + Status","Additive date + Status model used because 1 observed date x Status cell(s) contained all zeros",1,NA,"reef_associated_richness"
"2016-03-11",0.32677709783810027,0.17320638195714153,Inf,0.11563171607206679,0.9234773581059655,"2016-03-11","Pre-bloom","Offshore Ardrossan - Offshore Ardrossan Sanctuary Zone","Reef associated species richness","Negative binomial nbinom2 (log link)","nbinom2","log","nbinom2 selected: Poisson Pearson dispersion ratio = 1.712, greater than the threshold of 1.5","start_date_fct + Status","Additive date + Status model used because 1 observed date x Status cell(s) contained all zeros",1,NA,"reef_associated_richness"
"2016-11-03",0.8819066835872738,0.44184737110714306,Inf,0.33033832339909186,2.3544328449480827,"2016-11-03","Pre-bloom","Offshore Ardrossan - Offshore Ardrossan Sanctuary Zone","Reef associated species richness","Negative binomial nbinom2 (log link)","nbinom2","log","nbinom2 selected: Poisson Pearson dispersion ratio = 1.712, greater than the threshold of 1.5","start_date_fct + Status","Additive date + Status model used because 1 observed date x Status cell(s) contained all zeros",1,NA,"reef_associated_richness"
"2025-10-13",0.2304282630185913,0.15312766111680406,Inf,0.06264443143080506,0.8475962377663921,"2025-10-13","Bloom","Offshore Ardrossan - Offshore Ardrossan Sanctuary Zone","Reef associated species richness","Negative binomial nbinom2 (log link)","nbinom2","log","nbinom2 selected: Poisson Pearson dispersion ratio = 1.712, greater than the threshold of 1.5","start_date_fct + Status","Additive date + Status model used because 1 observed date x Status cell(s) contained all zeros",1,NA,"reef_associated_richness"
"2017-02-03",7.499999925586994,1.1439878129719705,Inf,5.5619365762390345,10.113383731146572,"2017-02-03","Pre-bloom","Orcades Bank - Orcades Bank Sanctuary Zone","Reef associated species richness","Negative binomial nbinom2 (log link)","nbinom2","log","nbinom2 selected: Poisson Pearson dispersion ratio = 2.848, greater than the threshold of 1.5","1","Intercept-only fixed effect used",0,"overall","reef_associated_richness"
"2017-02-03",2.1650635094608233,0.300462581553591,Inf,1.6494639542560232,2.8418323346223553,"2017-02-03","Pre-bloom","Port Gibbon - Port Gibbon Sanctuary Zone","Reef associated species richness","Poisson (log link)","poisson","log","Poisson retained: Pearson dispersion ratio = 0.69, not greater than the threshold of 1.5","start_date_fct * Status","Full date x Status interaction used",0,NA,"reef_associated_richness"
"2025-11-14",1.1547005383784454,0.2204792576585867,Inf,0.7942192377986238,1.6787975786473475,"2025-11-14","Bloom","Port Gibbon - Port Gibbon Sanctuary Zone","Reef associated species richness","Poisson (log link)","poisson","log","Poisson retained: Pearson dispersion ratio = 0.69, not greater than the threshold of 1.5","start_date_fct * Status","Full date x Status interaction used",0,NA,"reef_associated_richness"
"2015-04-28",0.7272721549342654,0.25712961600969836,Inf,0.36370701286241497,1.4542606236267839,"2015-04-28","Pre-bloom","Port Noarlunga - Port Noarlunga Reef Sanctuary Zone","Reef associated species richness","Poisson (log link)","poisson","log","Poisson retained because the nbinom2 dispersion parameter was extremely large (theta = 9.98e+08), exceeding the Poisson-limit threshold of 1e+06. The negative-binomial model had approached its Poisson limit.","start_date_fct","Date-only fixed effect used",0,NA,"reef_associated_richness"
"2015-10-09",7.083333915015692,0.7682953389626833,Inf,5.726799212710808,8.76119757093101,"2015-10-09","Pre-bloom","Port Noarlunga - Port Noarlunga Reef Sanctuary Zone","Reef associated species richness","Poisson (log link)","poisson","log","Poisson retained because the nbinom2 dispersion parameter was extremely large (theta = 9.98e+08), exceeding the Poisson-limit threshold of 1e+06. The negative-binomial model had approached its Poisson limit.","start_date_fct","Date-only fixed effect used",0,NA,"reef_associated_richness"
"2021-10-12",6.249995947987034,1.2499994906320335,Inf,4.223177995445199,9.249538947206146,"2021-10-12","Pre-bloom","Port Noarlunga - Port Noarlunga Reef Sanctuary Zone","Reef associated species richness","Poisson (log link)","poisson","log","Poisson retained because the nbinom2 dispersion parameter was extremely large (theta = 9.98e+08), exceeding the Poisson-limit threshold of 1e+06. The negative-binomial model had approached its Poisson limit.","start_date_fct","Date-only fixed effect used",0,NA,"reef_associated_richness"
"2022-12-01",9.750001218316074,1.5612494670388986,Inf,7.123662871310266,13.344612943436491,"2022-12-01","Pre-bloom","Port Noarlunga - Port Noarlunga Reef Sanctuary Zone","Reef associated species richness","Poisson (log link)","poisson","log","Poisson retained because the nbinom2 dispersion parameter was extremely large (theta = 9.98e+08), exceeding the Poisson-limit threshold of 1e+06. The negative-binomial model had approached its Poisson limit.","start_date_fct","Date-only fixed effect used",0,NA,"reef_associated_richness"
"2023-12-01",6.750005175477513,1.2990384954339795,Inf,4.6290339812343095,9.842781464486933,"2023-12-01","Pre-bloom","Port Noarlunga - Port Noarlunga Reef Sanctuary Zone","Reef associated species richness","Poisson (log link)","poisson","log","Poisson retained because the nbinom2 dispersion parameter was extremely large (theta = 9.98e+08), exceeding the Poisson-limit threshold of 1e+06. The negative-binomial model had approached its Poisson limit.","start_date_fct","Date-only fixed effect used",0,NA,"reef_associated_richness"
"2024-12-19",7.249997895999456,1.3462908942412433,Inf,5.038180380372796,10.432828029890276,"2024-12-19","Pre-bloom","Port Noarlunga - Port Noarlunga Reef Sanctuary Zone","Reef associated species richness","Poisson (log link)","poisson","log","Poisson retained because the nbinom2 dispersion parameter was extremely large (theta = 9.98e+08), exceeding the Poisson-limit threshold of 1e+06. The negative-binomial model had approached its Poisson limit.","start_date_fct","Date-only fixed effect used",0,NA,"reef_associated_richness"
"2025-02-04",3.500002119514484,0.9354145519742423,Inf,2.0728850227182174,5.909645109279713,"2025-02-04","Pre-bloom","Port Noarlunga - Port Noarlunga Reef Sanctuary Zone","Reef associated species richness","Poisson (log link)","poisson","log","Poisson retained because the nbinom2 dispersion parameter was extremely large (theta = 9.98e+08), exceeding the Poisson-limit threshold of 1e+06. The negative-binomial model had approached its Poisson limit.","start_date_fct","Date-only fixed effect used",0,NA,"reef_associated_richness"
"2025-11-13",4.333329693878936,0.8498361579011383,Inf,2.950443617551418,6.364380638948328,"2025-11-13","Bloom","Port Noarlunga - Port Noarlunga Reef Sanctuary Zone","Reef associated species richness","Poisson (log link)","poisson","log","Poisson retained because the nbinom2 dispersion parameter was extremely large (theta = 9.98e+08), exceeding the Poisson-limit threshold of 1e+06. The negative-binomial model had approached its Poisson limit.","start_date_fct","Date-only fixed effect used",0,NA,"reef_associated_richness"
"2015-12-10",5.4260353043721095,0.5722777827430097,Inf,4.412729996087648,6.672028234312061,"2015-12-10","Pre-bloom","Rapid Head - Rapid Head Sanctuary Zone","Reef associated species richness","Poisson (log link)","poisson","log","Poisson retained: Pearson dispersion ratio = 1.061, not greater than the threshold of 1.5","start_date_fct * Status","Full date x Status interaction used",0,NA,"reef_associated_richness"
"2016-12-06",5.694333053188223,0.5816598204021903,Inf,4.661171301484034,6.956498018064308,"2016-12-06","Pre-bloom","Rapid Head - Rapid Head Sanctuary Zone","Reef associated species richness","Poisson (log link)","poisson","log","Poisson retained: Pearson dispersion ratio = 1.061, not greater than the threshold of 1.5","start_date_fct * Status","Full date x Status interaction used",0,NA,"reef_associated_richness"
"2017-12-05",6.1429217209042415,0.6376857761040615,Inf,5.012025399031456,7.528989632903556,"2017-12-05","Pre-bloom","Rapid Head - Rapid Head Sanctuary Zone","Reef associated species richness","Poisson (log link)","poisson","log","Poisson retained: Pearson dispersion ratio = 1.061, not greater than the threshold of 1.5","start_date_fct * Status","Full date x Status interaction used",0,NA,"reef_associated_richness"
"2018-12-11",5.9511896110555975,0.6080228261701642,Inf,4.871222725451664,7.2705888814501325,"2018-12-11","Pre-bloom","Rapid Head - Rapid Head Sanctuary Zone","Reef associated species richness","Poisson (log link)","poisson","log","Poisson retained: Pearson dispersion ratio = 1.061, not greater than the threshold of 1.5","start_date_fct * Status","Full date x Status interaction used",0,NA,"reef_associated_richness"
"2021-01-21",7.902159243276348,0.727608463943974,Inf,6.5973503485705205,9.465030263191627,"2021-01-21","Pre-bloom","Rapid Head - Rapid Head Sanctuary Zone","Reef associated species richness","Poisson (log link)","poisson","log","Poisson retained: Pearson dispersion ratio = 1.061, not greater than the threshold of 1.5","start_date_fct * Status","Full date x Status interaction used",0,NA,"reef_associated_richness"
"2025-02-27",8.715816702198454,0.7838502914675973,Inf,7.307283049771515,10.395855787835785,"2025-02-27","Pre-bloom","Rapid Head - Rapid Head Sanctuary Zone","Reef associated species richness","Poisson (log link)","poisson","log","Poisson retained: Pearson dispersion ratio = 1.061, not greater than the threshold of 1.5","start_date_fct * Status","Full date x Status interaction used",0,NA,"reef_associated_richness"
"2025-12-10",6.273394027183662,0.6181983484977386,Inf,5.171573602585962,7.609960844533775,"2025-12-10","Bloom","Rapid Head - Rapid Head Sanctuary Zone","Reef associated species richness","Poisson (log link)","poisson","log","Poisson retained: Pearson dispersion ratio = 1.061, not greater than the threshold of 1.5","start_date_fct * Status","Full date x Status interaction used",0,NA,"reef_associated_richness"
"2016-01-20",12.722032119223682,0.8502255253914723,Inf,11.160146039300264,14.502507464741647,"2016-01-20","Pre-bloom","Sponge Gardens - Sponge Gardens Sanctuary Zone","Reef associated species richness","Poisson (log link)","poisson","log","Poisson retained: Pearson dispersion ratio = 1.497, not greater than the threshold of 1.5","start_date_fct * Status","Full date x Status interaction used",0,NA,"reef_associated_richness"
"2016-12-06",8.68722243779841,0.6669947055375912,Inf,7.473545622606966,10.097995984061846,"2016-12-06","Pre-bloom","Sponge Gardens - Sponge Gardens Sanctuary Zone","Reef associated species richness","Poisson (log link)","poisson","log","Poisson retained: Pearson dispersion ratio = 1.497, not greater than the threshold of 1.5","start_date_fct * Status","Full date x Status interaction used",0,NA,"reef_associated_richness"
"2017-12-05",12.771785320256283,1.3633711326448787,Inf,10.360649334446837,15.744042192836451,"2017-12-05","Pre-bloom","Sponge Gardens - Sponge Gardens Sanctuary Zone","Reef associated species richness","Poisson (log link)","poisson","log","Poisson retained: Pearson dispersion ratio = 1.497, not greater than the threshold of 1.5","start_date_fct * Status","Full date x Status interaction used",0,NA,"reef_associated_richness"
"2018-01-17",9.393541056655772,0.8421948699500402,Inf,7.8797661303514825,11.198125949855024,"2018-01-17","Pre-bloom","Sponge Gardens - Sponge Gardens Sanctuary Zone","Reef associated species richness","Poisson (log link)","poisson","log","Poisson retained: Pearson dispersion ratio = 1.497, not greater than the threshold of 1.5","start_date_fct * Status","Full date x Status interaction used",0,NA,"reef_associated_richness"
"2019-01-22",10.70625155312008,0.7390674895067791,Inf,9.351425376831441,12.257363738652245,"2019-01-22","Pre-bloom","Sponge Gardens - Sponge Gardens Sanctuary Zone","Reef associated species richness","Poisson (log link)","poisson","log","Poisson retained: Pearson dispersion ratio = 1.497, not greater than the threshold of 1.5","start_date_fct * Status","Full date x Status interaction used",0,NA,"reef_associated_richness"
"2021-01-21",10.92977678027874,0.7477316700746596,Inf,9.558254676598349,12.498099758651177,"2021-01-21","Pre-bloom","Sponge Gardens - Sponge Gardens Sanctuary Zone","Reef associated species richness","Poisson (log link)","poisson","log","Poisson retained: Pearson dispersion ratio = 1.497, not greater than the threshold of 1.5","start_date_fct * Status","Full date x Status interaction used",0,NA,"reef_associated_richness"
"2025-04-02",10.177666340776105,0.734122966808957,Inf,8.835891647901926,11.723196285319206,"2025-04-02","Bloom","Sponge Gardens - Sponge Gardens Sanctuary Zone","Reef associated species richness","Poisson (log link)","poisson","log","Poisson retained: Pearson dispersion ratio = 1.497, not greater than the threshold of 1.5","start_date_fct * Status","Full date x Status interaction used",0,NA,"reef_associated_richness"
"2026-01-27",10.762972811384087,0.7540238611394265,Inf,9.382086588055321,12.347102390429356,"2026-01-27","Bloom","Sponge Gardens - Sponge Gardens Sanctuary Zone","Reef associated species richness","Poisson (log link)","poisson","log","Poisson retained: Pearson dispersion ratio = 1.497, not greater than the threshold of 1.5","start_date_fct * Status","Full date x Status interaction used",0,NA,"reef_associated_richness"
"2016-04-19",5.941474366023544,1.3786390411651357,Inf,3.7703735755077696,9.362763910565745,"2016-04-19","Pre-bloom","The Pages - The Pages Sanctuary Zone","Reef associated species richness","Poisson (log link)","poisson","log","Poisson retained: Pearson dispersion ratio = 0.868, not greater than the threshold of 1.5","start_date_fct * Status","Full date x Status interaction used",0,NA,"reef_associated_richness"
"2017-06-02",6.823921404208801,1.5758489094616057,Inf,4.339762387522563,10.7300582780068,"2017-06-02","Pre-bloom","The Pages - The Pages Sanctuary Zone","Reef associated species richness","Poisson (log link)","poisson","log","Poisson retained: Pearson dispersion ratio = 0.868, not greater than the threshold of 1.5","start_date_fct * Status","Full date x Status interaction used",0,NA,"reef_associated_richness"
"2018-06-26",6.655198806772134,1.5408613241089264,Inf,4.227508563084225,10.477015125274578,"2018-06-26","Pre-bloom","The Pages - The Pages Sanctuary Zone","Reef associated species richness","Poisson (log link)","poisson","log","Poisson retained: Pearson dispersion ratio = 0.868, not greater than the threshold of 1.5","start_date_fct * Status","Full date x Status interaction used",0,NA,"reef_associated_richness"
"2019-06-06",6.747917858691491,1.5554149991640938,Inf,4.295021253826136,10.601669406661058,"2019-06-06","Pre-bloom","The Pages - The Pages Sanctuary Zone","Reef associated species richness","Poisson (log link)","poisson","log","Poisson retained: Pearson dispersion ratio = 0.868, not greater than the threshold of 1.5","start_date_fct * Status","Full date x Status interaction used",0,NA,"reef_associated_richness"
"2021-05-20",5.737737093307389,1.3390234593035988,Inf,3.6315714257752485,9.065394313396324,"2021-05-20","Pre-bloom","The Pages - The Pages Sanctuary Zone","Reef associated species richness","Poisson (log link)","poisson","log","Poisson retained: Pearson dispersion ratio = 0.868, not greater than the threshold of 1.5","start_date_fct * Status","Full date x Status interaction used",0,NA,"reef_associated_richness"
"2025-04-09",3.4325643775840384,0.8474178374450289,Inf,2.1158137764922227,5.5687784705669765,"2025-04-09","Bloom","The Pages - The Pages Sanctuary Zone","Reef associated species richness","Poisson (log link)","poisson","log","Poisson retained: Pearson dispersion ratio = 0.868, not greater than the threshold of 1.5","start_date_fct * Status","Full date x Status interaction used",0,NA,"reef_associated_richness"
"2025-12-02",4.017987270220294,0.9578523826659594,Inf,2.5181969236152906,6.411024313569016,"2025-12-02","Bloom","The Pages - The Pages Sanctuary Zone","Reef associated species richness","Poisson (log link)","poisson","log","Poisson retained: Pearson dispersion ratio = 0.868, not greater than the threshold of 1.5","start_date_fct * Status","Full date x Status interaction used",0,NA,"reef_associated_richness"
"2026-03-01",6.907445223987838,1.5896988466016464,Inf,4.399664249073988,10.84464559595307,"2026-03-01","Bloom","The Pages - The Pages Sanctuary Zone","Reef associated species richness","Poisson (log link)","poisson","log","Poisson retained: Pearson dispersion ratio = 0.868, not greater than the threshold of 1.5","start_date_fct * Status","Full date x Status interaction used",0,NA,"reef_associated_richness"
"2017-11-28",2.4010147524129186,1.896778213702819,Inf,0.51045083605561,11.293686745331193,"2017-11-28","Pre-bloom","Victor Harbor - Encounter Bay Sanctuary Zone","Reef associated species richness","Poisson (log link)","poisson","log","Poisson retained: Pearson dispersion ratio = 1.049, not greater than the threshold of 1.5","start_date_fct","Date-only model used because Status was not represented at every retained sampling date",0,NA,"reef_associated_richness"
"2018-11-27",2.88213728690878,2.340872469929408,Inf,0.5866358552961589,14.159917546117796,"2018-11-27","Pre-bloom","Victor Harbor - Encounter Bay Sanctuary Zone","Reef associated species richness","Poisson (log link)","poisson","log","Poisson retained: Pearson dispersion ratio = 1.049, not greater than the threshold of 1.5","start_date_fct","Date-only model used because Status was not represented at every retained sampling date",0,NA,"reef_associated_richness"
"2021-11-23",2.382805095555535,1.8856318798773877,Inf,0.5052316071086131,11.237935322175584,"2021-11-23","Pre-bloom","Victor Harbor - Encounter Bay Sanctuary Zone","Reef associated species richness","Poisson (log link)","poisson","log","Poisson retained: Pearson dispersion ratio = 1.049, not greater than the threshold of 1.5","start_date_fct","Date-only model used because Status was not represented at every retained sampling date",0,NA,"reef_associated_richness"
"2025-10-30",3.0145114725722557,2.3632943902013257,Inf,0.6484824929667513,14.013145330564337,"2025-10-30","Bloom","Victor Harbor - Encounter Bay Sanctuary Zone","Reef associated species richness","Poisson (log link)","poisson","log","Poisson retained: Pearson dispersion ratio = 1.049, not greater than the threshold of 1.5","start_date_fct","Date-only model used because Status was not represented at every retained sampling date",0,NA,"reef_associated_richness"
"2026-01-23",2.808038751167568,2.202327192580044,Inf,0.6036859405486905,13.06156247550168,"2026-01-23","Bloom","Victor Harbor - Encounter Bay Sanctuary Zone","Reef associated species richness","Poisson (log link)","poisson","log","Poisson retained: Pearson dispersion ratio = 1.049, not greater than the threshold of 1.5","start_date_fct","Date-only model used because Status was not represented at every retained sampling date",0,NA,"reef_associated_richness"
"2017-04-12",0.24999970734446464,0.14433747080694695,Inf,0.08063021417595051,0.7751418535976027,"2017-04-12","Pre-bloom","Windara Reef - Windara Shell fish Reef Sanctuary Zone","Reef associated species richness","Poisson (log link)","poisson","log","Poisson retained: Pearson dispersion ratio = 0.877, not greater than the threshold of 1.5","start_date_fct","Date-only fixed effect used",0,NA,"reef_associated_richness"
"2017-11-23",0.500000024113836,0.20412413322626577,Inf,0.22463037784243775,1.1129395165296563,"2017-11-23","Pre-bloom","Windara Reef - Windara Shell fish Reef Sanctuary Zone","Reef associated species richness","Poisson (log link)","poisson","log","Poisson retained: Pearson dispersion ratio = 0.877, not greater than the threshold of 1.5","start_date_fct","Date-only fixed effect used",0,NA,"reef_associated_richness"
"2018-04-24",0.4166666586681208,0.18633898086701997,Inf,0.17342826335810152,1.0010542750300004,"2018-04-24","Pre-bloom","Windara Reef - Windara Shell fish Reef Sanctuary Zone","Reef associated species richness","Poisson (log link)","poisson","log","Poisson retained: Pearson dispersion ratio = 0.877, not greater than the threshold of 1.5","start_date_fct","Date-only fixed effect used",0,NA,"reef_associated_richness"
"2018-11-29",0.4166665768149474,0.18633896256410168,Inf,0.17342821435715566,1.0010541645614497,"2018-11-29","Pre-bloom","Windara Reef - Windara Shell fish Reef Sanctuary Zone","Reef associated species richness","Poisson (log link)","poisson","log","Poisson retained: Pearson dispersion ratio = 0.877, not greater than the threshold of 1.5","start_date_fct","Date-only fixed effect used",0,NA,"reef_associated_richness"
"2019-10-22",0.166666612702073,0.11785110130342799,Inf,0.04168292417232058,0.6664062164820131,"2019-10-22","Pre-bloom","Windara Reef - Windara Shell fish Reef Sanctuary Zone","Reef associated species richness","Poisson (log link)","poisson","log","Poisson retained: Pearson dispersion ratio = 0.877, not greater than the threshold of 1.5","start_date_fct","Date-only fixed effect used",0,NA,"reef_associated_richness"
"2020-10-28",0.6666666878996603,0.2357022446440138,Inf,0.33339846256633837,1.3330729522085578,"2020-10-28","Pre-bloom","Windara Reef - Windara Shell fish Reef Sanctuary Zone","Reef associated species richness","Poisson (log link)","poisson","log","Poisson retained: Pearson dispersion ratio = 0.877, not greater than the threshold of 1.5","start_date_fct","Date-only fixed effect used",0,NA,"reef_associated_richness"
"2025-10-24",0.7500001232156935,0.2499999998698624,Inf,0.39023618184923636,1.4414352409815028,"2025-10-24","Bloom","Windara Reef - Windara Shell fish Reef Sanctuary Zone","Reef associated species richness","Poisson (log link)","poisson","log","Poisson retained: Pearson dispersion ratio = 0.877, not greater than the threshold of 1.5","start_date_fct","Date-only fixed effect used",0,NA,"reef_associated_richness"
"2014-09-03",1.8828689103228036,0.20090875095254826,Inf,1.4890949942768819,2.2766428263687253,"2014-09-03","Pre-bloom","Aldinga - Aldinga Reef Sanctuary Zone","Shannon diversity","gaussian (identity link)","gaussian","identity","gaussian identity model was specified for a continuous diversity index","start_date_fct","Date-only model used because Status was not represented at every retained sampling date",0,NA,"shannon_diversity"
"2015-12-10",1.075468922895376,0.1823993572205121,Inf,0.7179727519399165,1.4329650938508354,"2015-12-10","Pre-bloom","Aldinga - Aldinga Reef Sanctuary Zone","Shannon diversity","gaussian (identity link)","gaussian","identity","gaussian identity model was specified for a continuous diversity index","start_date_fct","Date-only model used because Status was not represented at every retained sampling date",0,NA,"shannon_diversity"
"2016-02-12",1.361563620475712,0.21576348021114838,Inf,0.9386749700828406,1.7844522708685835,"2016-02-12","Pre-bloom","Aldinga - Aldinga Reef Sanctuary Zone","Shannon diversity","gaussian (identity link)","gaussian","identity","gaussian identity model was specified for a continuous diversity index","start_date_fct","Date-only model used because Status was not represented at every retained sampling date",0,NA,"shannon_diversity"
"2016-11-19",1.994817566955174,0.2312516011204178,Inf,1.541572757391933,2.4480623765184153,"2016-11-19","Pre-bloom","Aldinga - Aldinga Reef Sanctuary Zone","Shannon diversity","gaussian (identity link)","gaussian","identity","gaussian identity model was specified for a continuous diversity index","start_date_fct","Date-only model used because Status was not represented at every retained sampling date",0,NA,"shannon_diversity"
"2019-12-07",1.5541768792073944,0.20499651377281974,Inf,1.1523910952563987,1.9559626631583902,"2019-12-07","Pre-bloom","Aldinga - Aldinga Reef Sanctuary Zone","Shannon diversity","gaussian (identity link)","gaussian","identity","gaussian identity model was specified for a continuous diversity index","start_date_fct","Date-only model used because Status was not represented at every retained sampling date",0,NA,"shannon_diversity"
"2020-11-26",1.3908749415499506,0.23125164398349146,Inf,0.9376300479766289,1.8441198351232724,"2020-11-26","Pre-bloom","Aldinga - Aldinga Reef Sanctuary Zone","Shannon diversity","gaussian (identity link)","gaussian","identity","gaussian identity model was specified for a continuous diversity index","start_date_fct","Date-only model used because Status was not represented at every retained sampling date",0,NA,"shannon_diversity"
"2021-11-22",1.6740176714409678,0.26643083991326655,Inf,1.1518228208402088,2.196212522041727,"2021-11-22","Pre-bloom","Aldinga - Aldinga Reef Sanctuary Zone","Shannon diversity","gaussian (identity link)","gaussian","identity","gaussian identity model was specified for a continuous diversity index","start_date_fct","Date-only model used because Status was not represented at every retained sampling date",0,NA,"shannon_diversity"
"2025-02-06",1.3504448173954502,0.17302089436686358,Inf,1.0113300958634885,1.6895595389274118,"2025-02-06","Pre-bloom","Aldinga - Aldinga Reef Sanctuary Zone","Shannon diversity","gaussian (identity link)","gaussian","identity","gaussian identity model was specified for a continuous diversity index","start_date_fct","Date-only model used because Status was not represented at every retained sampling date",0,NA,"shannon_diversity"
"2026-02-21",1.3107590940445577,0.15216467273887233,Inf,1.0125218157570441,1.6089963723320713,"2026-02-21","Bloom","Aldinga - Aldinga Reef Sanctuary Zone","Shannon diversity","gaussian (identity link)","gaussian","identity","gaussian identity model was specified for a continuous diversity index","start_date_fct","Date-only model used because Status was not represented at every retained sampling date",0,NA,"shannon_diversity"
"2016-05-24",0.8077052254829403,0.07992772157314898,Inf,0.6510497698332233,0.9643606811326574,"2016-05-24","Pre-bloom","Bay of Shoals - Bay of Shoals Sanctuary Zone","Shannon diversity","gaussian (identity link)","gaussian","identity","gaussian identity model was specified for a continuous diversity index","start_date_fct * Status","Full date x Status interaction used",0,NA,"shannon_diversity"
"2017-04-05",1.222803640464808,0.0799277215597708,Inf,1.0661481848413117,1.3794590960883042,"2017-04-05","Pre-bloom","Bay of Shoals - Bay of Shoals Sanctuary Zone","Shannon diversity","gaussian (identity link)","gaussian","identity","gaussian identity model was specified for a continuous diversity index","start_date_fct * Status","Full date x Status interaction used",0,NA,"shannon_diversity"
"2018-03-28",1.371524185397188,0.07992772155976861,Inf,1.214868729773696,1.52817964102068,"2018-03-28","Pre-bloom","Bay of Shoals - Bay of Shoals Sanctuary Zone","Shannon diversity","gaussian (identity link)","gaussian","identity","gaussian identity model was specified for a continuous diversity index","start_date_fct * Status","Full date x Status interaction used",0,NA,"shannon_diversity"
"2026-03-24",1.199390820611955,0.0799277215597728,Inf,1.0427353649884548,1.3560462762354553,"2026-03-24","Bloom","Bay of Shoals - Bay of Shoals Sanctuary Zone","Shannon diversity","gaussian (identity link)","gaussian","identity","gaussian identity model was specified for a continuous diversity index","start_date_fct * Status","Full date x Status interaction used",0,NA,"shannon_diversity"
"2021-10-11",1.7025368632412252,0.11281434229961863,Inf,1.4814248153943992,1.9236489110880512,"2021-10-11","Pre-bloom","Boston Bay","Shannon diversity","gaussian (identity link)","gaussian","identity","gaussian identity model was specified for a continuous diversity index","start_date_fct","Date-only fixed effect used",0,NA,"shannon_diversity"
"2022-05-10",1.3144530724336894,0.11281434229962176,Inf,1.0933410245868571,1.5355651202805216,"2022-05-10","Pre-bloom","Boston Bay","Shannon diversity","gaussian (identity link)","gaussian","identity","gaussian identity model was specified for a continuous diversity index","start_date_fct","Date-only fixed effect used",0,NA,"shannon_diversity"
"2024-03-25",0.44931550943622733,0.12578677814639402,Inf,0.20277795453796515,0.6958530643344896,"2024-03-25","Pre-bloom","Boston Bay","Shannon diversity","gaussian (identity link)","gaussian","identity","gaussian identity model was specified for a continuous diversity index","start_date_fct","Date-only fixed effect used",0,NA,"shannon_diversity"
"2024-11-14",1.5753004564039157,0.12478774463266695,Inf,1.330720971211907,1.8198799415959244,"2024-11-14","Pre-bloom","Boston Bay","Shannon diversity","gaussian (identity link)","gaussian","identity","gaussian identity model was specified for a continuous diversity index","start_date_fct","Date-only fixed effect used",0,NA,"shannon_diversity"
"2025-05-22",1.4735866006474223,0.12478774463271053,Inf,1.2290071154553284,1.7181660858395162,"2025-05-22","Bloom","Boston Bay","Shannon diversity","gaussian (identity link)","gaussian","identity","gaussian identity model was specified for a continuous diversity index","start_date_fct","Date-only fixed effect used",0,NA,"shannon_diversity"
"2025-11-11",1.4407784542250717,0.12685475610114827,Inf,1.1921477009992085,1.6894092074509348,"2025-11-11","Bloom","Boston Bay","Shannon diversity","gaussian (identity link)","gaussian","identity","gaussian identity model was specified for a continuous diversity index","start_date_fct","Date-only fixed effect used",0,NA,"shannon_diversity"
"2017-01-12",1.9243505557808231,0.0663243878527504,Inf,1.7943571442927666,2.05434396726888,"2017-01-12","Pre-bloom","Cape Elizabeth - Cape Elizabeth Sanctuary Zone","Shannon diversity","gaussian (identity link)","gaussian","identity","gaussian identity model was specified for a continuous diversity index","start_date_fct * Status","Full date x Status interaction used",0,NA,"shannon_diversity"
"2026-03-10",1.8039333643955047,0.06632438785274977,Inf,1.6739399529074492,1.93392677588356,"2026-03-10","Bloom","Cape Elizabeth - Cape Elizabeth Sanctuary Zone","Shannon diversity","gaussian (identity link)","gaussian","identity","gaussian identity model was specified for a continuous diversity index","start_date_fct * Status","Full date x Status interaction used",0,NA,"shannon_diversity"
"2015-12-10",1.6985258778073373,0.1300554364593668,Inf,1.443621906353341,1.9534298492613336,"2015-12-10","Pre-bloom","Carrickalinga - Carrickalinga Cliffs Sanctuary Zone","Shannon diversity","gaussian (identity link)","gaussian","identity","gaussian identity model was specified for a continuous diversity index","start_date_fct","Date-only model used because Status was not represented at every retained sampling date",0,NA,"shannon_diversity"
"2016-12-06",1.5345217204223112,0.11571767268425844,Inf,1.3077192495863703,1.761324191258252,"2016-12-06","Pre-bloom","Carrickalinga - Carrickalinga Cliffs Sanctuary Zone","Shannon diversity","gaussian (identity link)","gaussian","identity","gaussian identity model was specified for a continuous diversity index","start_date_fct","Date-only model used because Status was not represented at every retained sampling date",0,NA,"shannon_diversity"
"2017-12-05",1.817016804022107,0.1157176726842589,Inf,1.5902143331861653,2.043819274858049,"2017-12-05","Pre-bloom","Carrickalinga - Carrickalinga Cliffs Sanctuary Zone","Shannon diversity","gaussian (identity link)","gaussian","identity","gaussian identity model was specified for a continuous diversity index","start_date_fct","Date-only model used because Status was not represented at every retained sampling date",0,NA,"shannon_diversity"
"2018-12-11",1.7487681326872317,0.11820650951372295,Inf,1.5170876313021435,1.98044863407232,"2018-12-11","Pre-bloom","Carrickalinga - Carrickalinga Cliffs Sanctuary Zone","Shannon diversity","gaussian (identity link)","gaussian","identity","gaussian identity model was specified for a continuous diversity index","start_date_fct","Date-only model used because Status was not represented at every retained sampling date",0,NA,"shannon_diversity"
"2020-12-04",1.7581228509670144,0.11571767268425885,Inf,1.5313203801310726,1.9849253218029561,"2020-12-04","Pre-bloom","Carrickalinga - Carrickalinga Cliffs Sanctuary Zone","Shannon diversity","gaussian (identity link)","gaussian","identity","gaussian identity model was specified for a continuous diversity index","start_date_fct","Date-only model used because Status was not represented at every retained sampling date",0,NA,"shannon_diversity"
"2025-02-06",2.498262335401032,0.2834492522988606,Inf,1.942712009450458,3.0538126613516057,"2025-02-06","Pre-bloom","Carrickalinga - Carrickalinga Cliffs Sanctuary Zone","Shannon diversity","gaussian (identity link)","gaussian","identity","gaussian identity model was specified for a continuous diversity index","start_date_fct","Date-only model used because Status was not represented at every retained sampling date",0,NA,"shannon_diversity"
"2025-02-20",1.9178713114016352,0.11820650951375841,Inf,1.6861908100164775,2.1495518127867927,"2025-02-20","Pre-bloom","Carrickalinga - Carrickalinga Cliffs Sanctuary Zone","Shannon diversity","gaussian (identity link)","gaussian","identity","gaussian identity model was specified for a continuous diversity index","start_date_fct","Date-only model used because Status was not represented at every retained sampling date",0,NA,"shannon_diversity"
"2025-12-17",1.77976823559507,0.1157176726842582,Inf,1.5529657647591295,2.0065707064310105,"2025-12-17","Bloom","Carrickalinga - Carrickalinga Cliffs Sanctuary Zone","Shannon diversity","gaussian (identity link)","gaussian","identity","gaussian identity model was specified for a continuous diversity index","start_date_fct","Date-only model used because Status was not represented at every retained sampling date",0,NA,"shannon_diversity"
"2015-11-15",1.996022201902895,0.09393966995604953,Inf,1.8119038320694587,2.1801405717363314,"2015-11-15","Pre-bloom","Chinamans Hat - Chinamans Hat Sanctuary Zone","Shannon diversity","gaussian (identity link)","gaussian","identity","gaussian identity model was specified for a continuous diversity index","start_date_fct * Status","Full date x Status interaction used",0,NA,"shannon_diversity"
"2025-12-04",1.8674269314940628,0.09797050868906404,Inf,1.6754082629164289,2.0594456000716965,"2025-12-04","Bloom","Chinamans Hat - Chinamans Hat Sanctuary Zone","Shannon diversity","gaussian (identity link)","gaussian","identity","gaussian identity model was specified for a continuous diversity index","start_date_fct * Status","Full date x Status interaction used",0,NA,"shannon_diversity"
"2017-01-12",0.49041767067255504,0.09483655536012424,Inf,0.30454143774887255,0.6762939035962375,"2017-01-12","Pre-bloom","Cuttlefish Coast - Fairway Bank Sanctuary Zone","Shannon diversity","gaussian (identity link)","gaussian","identity","gaussian identity model was specified for a continuous diversity index","start_date_fct * Status","Full date x Status interaction used",0,NA,"shannon_diversity"
"2026-02-16",0.5550776734848947,0.08657353442170074,Inf,0.3853966640040226,0.7247586829657667,"2026-02-16","Bloom","Cuttlefish Coast - Fairway Bank Sanctuary Zone","Shannon diversity","gaussian (identity link)","gaussian","identity","gaussian identity model was specified for a continuous diversity index","start_date_fct * Status","Full date x Status interaction used",0,NA,"shannon_diversity"
"2016-01-19",1.835042551161727,0.2520468064704129,92,1.3344558375996103,2.3356292647238437,"2016-01-19","Pre-bloom","Dangerous Reef - Dangerous Reef Sanctuary Zone","Shannon diversity","gaussian (identity link)","gaussian","identity","gaussian identity model was specified for a continuous diversity index","start_date_fct","Date-only fixed effect used",0,NA,"shannon_diversity"
"2017-02-25",2.4433251304877825,0.17822400602433586,92,2.0893568707706334,2.7972933902049317,"2017-02-25","Pre-bloom","Dangerous Reef - Dangerous Reef Sanctuary Zone","Shannon diversity","gaussian (identity link)","gaussian","identity","gaussian identity model was specified for a continuous diversity index","start_date_fct","Date-only fixed effect used",0,NA,"shannon_diversity"
"2019-02-16",2.1003747186983395,0.13162715177802564,92,1.8389518336127533,2.3617976037839257,"2019-02-16","Pre-bloom","Dangerous Reef - Dangerous Reef Sanctuary Zone","Shannon diversity","gaussian (identity link)","gaussian","identity","gaussian identity model was specified for a continuous diversity index","start_date_fct","Date-only fixed effect used",0,NA,"shannon_diversity"
"2020-04-10",1.4728556891055133,0.12602340322852787,92,1.2225623323377193,1.7231490458733074,"2020-04-10","Pre-bloom","Dangerous Reef - Dangerous Reef Sanctuary Zone","Shannon diversity","gaussian (identity link)","gaussian","identity","gaussian identity model was specified for a continuous diversity index","start_date_fct","Date-only fixed effect used",0,NA,"shannon_diversity"
"2022-03-16",2.4433279302470985,0.1782240060227797,92,2.0893596705330397,2.7972961899611573,"2022-03-16","Pre-bloom","Dangerous Reef - Dangerous Reef Sanctuary Zone","Shannon diversity","gaussian (identity link)","gaussian","identity","gaussian identity model was specified for a continuous diversity index","start_date_fct","Date-only fixed effect used",0,NA,"shannon_diversity"
"2025-11-10",2.4576776868494177,0.17822400602332894,92,2.1037094271342682,2.811645946564567,"2025-11-10","Bloom","Dangerous Reef - Dangerous Reef Sanctuary Zone","Shannon diversity","gaussian (identity link)","gaussian","identity","gaussian identity model was specified for a continuous diversity index","start_date_fct","Date-only fixed effect used",0,NA,"shannon_diversity"
"2026-04-08",2.300660657908784,0.17822400602217625,92,1.9466923981959239,2.654628917621644,"2026-04-08","Bloom","Dangerous Reef - Dangerous Reef Sanctuary Zone","Shannon diversity","gaussian (identity link)","gaussian","identity","gaussian identity model was specified for a continuous diversity index","start_date_fct","Date-only fixed effect used",0,NA,"shannon_diversity"
"2020-10-13",1.184449927633115,0.21221882682863605,Inf,0.768508670207646,1.6003911850585841,"2020-10-13","Pre-bloom","Glenelg","Shannon diversity","gaussian (identity link)","gaussian","identity","gaussian identity model was specified for a continuous diversity index","start_date_fct","Date-only fixed effect used",0,NA,"shannon_diversity"
"2021-10-25",1.368938302989916,0.20879114074532557,Inf,0.9597151868380446,1.7781614191417874,"2021-10-25","Pre-bloom","Glenelg","Shannon diversity","gaussian (identity link)","gaussian","identity","gaussian identity model was specified for a continuous diversity index","start_date_fct","Date-only fixed effect used",0,NA,"shannon_diversity"
"2022-12-02",1.1995356579394287,0.2056921280687811,Inf,0.7963864950212176,1.6026848208576399,"2022-12-02","Pre-bloom","Glenelg","Shannon diversity","gaussian (identity link)","gaussian","identity","gaussian identity model was specified for a continuous diversity index","start_date_fct","Date-only fixed effect used",0,NA,"shannon_diversity"
"2023-11-23",1.481057358469242,0.20569212806876647,Inf,1.0779081955510594,1.8842065213874244,"2023-11-23","Pre-bloom","Glenelg","Shannon diversity","gaussian (identity link)","gaussian","identity","gaussian identity model was specified for a continuous diversity index","start_date_fct","Date-only fixed effect used",0,NA,"shannon_diversity"
"2025-10-21",0.40098690959475025,0.20132143141459882,Inf,0.006404154706086018,0.7955696644834145,"2025-10-21","Bloom","Glenelg","Shannon diversity","gaussian (identity link)","gaussian","identity","gaussian identity model was specified for a continuous diversity index","start_date_fct","Date-only fixed effect used",0,NA,"shannon_diversity"
"2026-03-20",0.9635839675325859,0.19889515063614727,Inf,0.5737566355860686,1.3534112994791032,"2026-03-20","Bloom","Glenelg","Shannon diversity","gaussian (identity link)","gaussian","identity","gaussian identity model was specified for a continuous diversity index","start_date_fct","Date-only fixed effect used",0,NA,"shannon_diversity"
"2014-09-03",1.645200580062846,0.13652121250064428,Inf,1.3776239204358438,1.9127772396898481,"2014-09-03","Pre-bloom","Middle/Long Spit - Middle Spit Sanctuary Zone","Shannon diversity","gaussian (identity link)","gaussian","identity","gaussian identity model was specified for a continuous diversity index","start_date_fct","Date-only model used because Status was not represented at every retained sampling date",0,NA,"shannon_diversity"
"2015-01-07",1.8043646687344204,0.06972874423333066,Inf,1.6676988413498872,1.9410304961189535,"2015-01-07","Pre-bloom","Middle/Long Spit - Middle Spit Sanctuary Zone","Shannon diversity","gaussian (identity link)","gaussian","identity","gaussian identity model was specified for a continuous diversity index","start_date_fct","Date-only model used because Status was not represented at every retained sampling date",0,NA,"shannon_diversity"
"2016-01-10",1.6510054216352155,0.07297365759436727,Inf,1.5079796809300978,1.794031162340333,"2016-01-10","Pre-bloom","Middle/Long Spit - Middle Spit Sanctuary Zone","Shannon diversity","gaussian (identity link)","gaussian","identity","gaussian identity model was specified for a continuous diversity index","start_date_fct","Date-only model used because Status was not represented at every retained sampling date",0,NA,"shannon_diversity"
"2016-03-11",1.9255966265490594,0.13652121250064597,Inf,1.658019966922054,2.193173286176065,"2016-03-11","Pre-bloom","Middle/Long Spit - Middle Spit Sanctuary Zone","Shannon diversity","gaussian (identity link)","gaussian","identity","gaussian identity model was specified for a continuous diversity index","start_date_fct","Date-only model used because Status was not represented at every retained sampling date",0,NA,"shannon_diversity"
"2026-01-26",1.1642891000456308,0.06826060624449336,Inf,1.030500770243554,1.2980774298477076,"2026-01-26","Bloom","Middle/Long Spit - Middle Spit Sanctuary Zone","Shannon diversity","gaussian (identity link)","gaussian","identity","gaussian identity model was specified for a continuous diversity index","start_date_fct","Date-only model used because Status was not represented at every retained sampling date",0,NA,"shannon_diversity"
"2015-04-28",1.514208949194897,0.23341615204013885,Inf,1.0567216977862994,1.9716962006034944,"2015-04-28","Pre-bloom","O'Sullivan","Shannon diversity","gaussian (identity link)","gaussian","identity","gaussian identity model was specified for a continuous diversity index","start_date_fct","Date-only fixed effect used",0,NA,"shannon_diversity"
"2015-10-09",0.5900449902294985,0.23341615448870726,Inf,0.1325577340217951,1.0475322464372019,"2015-10-09","Pre-bloom","O'Sullivan","Shannon diversity","gaussian (identity link)","gaussian","identity","gaussian identity model was specified for a continuous diversity index","start_date_fct","Date-only fixed effect used",0,NA,"shannon_diversity"
"2021-10-12",1.4013480812027992,0.19336055944766475,Inf,1.0223683486548603,1.7803278137507381,"2021-10-12","Pre-bloom","O'Sullivan","Shannon diversity","gaussian (identity link)","gaussian","identity","gaussian identity model was specified for a continuous diversity index","start_date_fct","Date-only fixed effect used",0,NA,"shannon_diversity"
"2022-12-01",1.3109633635562838,0.18982525127030656,Inf,0.938912707710217,1.6830140194023508,"2022-12-01","Pre-bloom","O'Sullivan","Shannon diversity","gaussian (identity link)","gaussian","identity","gaussian identity model was specified for a continuous diversity index","start_date_fct","Date-only fixed effect used",0,NA,"shannon_diversity"
"2023-12-01",1.334674356587268,0.1898252512057539,Inf,0.9626237008677221,1.706725012306814,"2023-12-01","Pre-bloom","O'Sullivan","Shannon diversity","gaussian (identity link)","gaussian","identity","gaussian identity model was specified for a continuous diversity index","start_date_fct","Date-only fixed effect used",0,NA,"shannon_diversity"
"2024-12-19",0.9918810840198043,0.18982525148699853,Inf,0.619830427749029,1.3639317402905797,"2024-12-19","Pre-bloom","O'Sullivan","Shannon diversity","gaussian (identity link)","gaussian","identity","gaussian identity model was specified for a continuous diversity index","start_date_fct","Date-only fixed effect used",0,NA,"shannon_diversity"
"2025-02-04",1.5488531953616487,0.24074089494397952,Inf,1.0770097116655082,2.020696679057789,"2025-02-04","Pre-bloom","O'Sullivan","Shannon diversity","gaussian (identity link)","gaussian","identity","gaussian identity model was specified for a continuous diversity index","start_date_fct","Date-only fixed effect used",0,NA,"shannon_diversity"
"2025-11-13",0.7539042880196538,0.17104526418340837,Inf,0.4186617304940346,1.089146845545273,"2025-11-13","Bloom","O'Sullivan","Shannon diversity","gaussian (identity link)","gaussian","identity","gaussian identity model was specified for a continuous diversity index","start_date_fct","Date-only fixed effect used",0,NA,"shannon_diversity"
"2026-03-06",1.138635615703596,0.17162689750735774,Inf,0.8022530778108277,1.4750181535963642,"2026-03-06","Bloom","O'Sullivan","Shannon diversity","gaussian (identity link)","gaussian","identity","gaussian identity model was specified for a continuous diversity index","start_date_fct","Date-only fixed effect used",0,NA,"shannon_diversity"
"2014-09-03",0.6166586599036027,0.0779713051785628,Inf,0.46383770992603823,0.7694796098811671,"2014-09-03","Pre-bloom","Offshore Ardrossan - Offshore Ardrossan Sanctuary Zone","Shannon diversity","gaussian (identity link)","gaussian","identity","gaussian identity model was specified for a continuous diversity index","start_date_fct * Status","Full date x Status interaction used",0,NA,"shannon_diversity"
"2016-03-11",0.7903369193609341,0.08300679302031752,Inf,0.627646594568941,0.9530272441529272,"2016-03-11","Pre-bloom","Offshore Ardrossan - Offshore Ardrossan Sanctuary Zone","Shannon diversity","gaussian (identity link)","gaussian","identity","gaussian identity model was specified for a continuous diversity index","start_date_fct * Status","Full date x Status interaction used",0,NA,"shannon_diversity"
"2016-11-03",0.3685232005194731,0.10761062461796776,Inf,0.15761025191439704,0.5794361491245492,"2016-11-03","Pre-bloom","Offshore Ardrossan - Offshore Ardrossan Sanctuary Zone","Shannon diversity","gaussian (identity link)","gaussian","identity","gaussian identity model was specified for a continuous diversity index","start_date_fct * Status","Full date x Status interaction used",0,NA,"shannon_diversity"
"2025-10-13",0.15082564095873527,0.09003350802252491,Inf,-0.025636792167211542,0.3272880740846821,"2025-10-13","Bloom","Offshore Ardrossan - Offshore Ardrossan Sanctuary Zone","Shannon diversity","gaussian (identity link)","gaussian","identity","gaussian identity model was specified for a continuous diversity index","start_date_fct * Status","Full date x Status interaction used",0,NA,"shannon_diversity"
"2017-02-03",2.1275247405185826,0.13244427654480104,10,1.832420502225897,2.422628978811268,"2017-02-03","Pre-bloom","Orcades Bank - Orcades Bank Sanctuary Zone","Shannon diversity","gaussian (identity link)","gaussian","identity","gaussian identity model was specified for a continuous diversity index","1","Intercept-only fixed effect used",0,"overall","shannon_diversity"
"2017-02-03",1.6570290700975336,0.10142029893571441,Inf,1.4582489368822475,1.8558092033128197,"2017-02-03","Pre-bloom","Port Gibbon - Port Gibbon Sanctuary Zone","Shannon diversity","gaussian (identity link)","gaussian","identity","gaussian identity model was specified for a continuous diversity index","start_date_fct * Status","Full date x Status interaction used",0,NA,"shannon_diversity"
"2025-11-14",1.7522922488201174,0.10142029893571605,Inf,1.553512115604828,1.9510723820354068,"2025-11-14","Bloom","Port Gibbon - Port Gibbon Sanctuary Zone","Shannon diversity","gaussian (identity link)","gaussian","identity","gaussian identity model was specified for a continuous diversity index","start_date_fct * Status","Full date x Status interaction used",0,NA,"shannon_diversity"
"2015-04-28",0.46277550083769736,0.12107280110851801,40,0.21807824208182552,0.7074727595935693,"2015-04-28","Pre-bloom","Port Noarlunga - Port Noarlunga Reef Sanctuary Zone","Shannon diversity","gaussian (identity link)","gaussian","identity","gaussian identity model was specified for a continuous diversity index","start_date_fct","Date-only fixed effect used",0,NA,"shannon_diversity"
"2015-10-09",1.6149312187790827,0.11591838179329117,40,1.3806514300525352,1.8492110075056303,"2015-10-09","Pre-bloom","Port Noarlunga - Port Noarlunga Reef Sanctuary Zone","Shannon diversity","gaussian (identity link)","gaussian","identity","gaussian identity model was specified for a continuous diversity index","start_date_fct","Date-only fixed effect used",0,NA,"shannon_diversity"
"2021-10-12",1.625867365925422,0.20077652679712615,40,1.2200828686645822,2.0316518631862617,"2021-10-12","Pre-bloom","Port Noarlunga - Port Noarlunga Reef Sanctuary Zone","Shannon diversity","gaussian (identity link)","gaussian","identity","gaussian identity model was specified for a continuous diversity index","start_date_fct","Date-only fixed effect used",0,NA,"shannon_diversity"
"2022-12-01",1.9080171133718613,0.20077652679712624,40,1.5022326161110215,2.313801610632701,"2022-12-01","Pre-bloom","Port Noarlunga - Port Noarlunga Reef Sanctuary Zone","Shannon diversity","gaussian (identity link)","gaussian","identity","gaussian identity model was specified for a continuous diversity index","start_date_fct","Date-only fixed effect used",0,NA,"shannon_diversity"
"2023-12-01",1.2717045895867818,0.20077652679714283,40,0.8659200923259084,1.6774890868476553,"2023-12-01","Pre-bloom","Port Noarlunga - Port Noarlunga Reef Sanctuary Zone","Shannon diversity","gaussian (identity link)","gaussian","identity","gaussian identity model was specified for a continuous diversity index","start_date_fct","Date-only fixed effect used",0,NA,"shannon_diversity"
"2024-12-19",1.88256317494147,0.20077652679714855,40,1.476778677680585,2.288347672202355,"2024-12-19","Pre-bloom","Port Noarlunga - Port Noarlunga Reef Sanctuary Zone","Shannon diversity","gaussian (identity link)","gaussian","identity","gaussian identity model was specified for a continuous diversity index","start_date_fct","Date-only fixed effect used",0,NA,"shannon_diversity"
"2025-02-04",1.5450480808415836,0.20077652679714914,40,1.1392635835806975,1.9508325781024698,"2025-02-04","Pre-bloom","Port Noarlunga - Port Noarlunga Reef Sanctuary Zone","Shannon diversity","gaussian (identity link)","gaussian","identity","gaussian identity model was specified for a continuous diversity index","start_date_fct","Date-only fixed effect used",0,NA,"shannon_diversity"
"2025-11-13",1.623168443014908,0.16393334766039674,40,1.2918467884079576,1.9544900976218584,"2025-11-13","Bloom","Port Noarlunga - Port Noarlunga Reef Sanctuary Zone","Shannon diversity","gaussian (identity link)","gaussian","identity","gaussian identity model was specified for a continuous diversity index","start_date_fct","Date-only fixed effect used",0,NA,"shannon_diversity"
"2015-12-10",1.76848268249118,0.08132287895516814,Inf,1.60909276861994,1.9278725963624197,"2015-12-10","Pre-bloom","Rapid Head - Rapid Head Sanctuary Zone","Shannon diversity","gaussian (identity link)","gaussian","identity","gaussian identity model was specified for a continuous diversity index","start_date_fct * Status","Full date x Status interaction used",0,NA,"shannon_diversity"
"2016-12-06",1.7644338750869126,0.07982812094591481,Inf,1.607973633079412,1.9208941170944132,"2016-12-06","Pre-bloom","Rapid Head - Rapid Head Sanctuary Zone","Shannon diversity","gaussian (identity link)","gaussian","identity","gaussian identity model was specified for a continuous diversity index","start_date_fct * Status","Full date x Status interaction used",0,NA,"shannon_diversity"
"2017-12-05",1.7587580637109057,0.0832345663926434,Inf,1.5956213113125166,1.9218948161092948,"2017-12-05","Pre-bloom","Rapid Head - Rapid Head Sanctuary Zone","Shannon diversity","gaussian (identity link)","gaussian","identity","gaussian identity model was specified for a continuous diversity index","start_date_fct * Status","Full date x Status interaction used",0,NA,"shannon_diversity"
"2018-12-11",1.8199249195447984,0.08141295916668649,Inf,1.6603584517032628,1.979491387386334,"2018-12-11","Pre-bloom","Rapid Head - Rapid Head Sanctuary Zone","Shannon diversity","gaussian (identity link)","gaussian","identity","gaussian identity model was specified for a continuous diversity index","start_date_fct * Status","Full date x Status interaction used",0,NA,"shannon_diversity"
"2021-01-21",2.1193641437684567,0.07982812094542077,Inf,1.9629039017619245,2.275824385774989,"2021-01-21","Pre-bloom","Rapid Head - Rapid Head Sanctuary Zone","Shannon diversity","gaussian (identity link)","gaussian","identity","gaussian identity model was specified for a continuous diversity index","start_date_fct * Status","Full date x Status interaction used",0,NA,"shannon_diversity"
"2025-02-27",2.1236839267881864,0.08139679115181127,Inf,1.9641491476735078,2.283218705902865,"2025-02-27","Pre-bloom","Rapid Head - Rapid Head Sanctuary Zone","Shannon diversity","gaussian (identity link)","gaussian","identity","gaussian identity model was specified for a continuous diversity index","start_date_fct * Status","Full date x Status interaction used",0,NA,"shannon_diversity"
"2025-12-10",1.7326599587893012,0.07982812094547562,Inf,1.5761997167826616,1.889120200795941,"2025-12-10","Bloom","Rapid Head - Rapid Head Sanctuary Zone","Shannon diversity","gaussian (identity link)","gaussian","identity","gaussian identity model was specified for a continuous diversity index","start_date_fct * Status","Full date x Status interaction used",0,NA,"shannon_diversity"
"2016-01-20",2.187888863590455,0.09140669175285769,Inf,2.0087350398089,2.3670426873720105,"2016-01-20","Pre-bloom","Sponge Gardens - Sponge Gardens Sanctuary Zone","Shannon diversity","gaussian (identity link)","gaussian","identity","gaussian identity model was specified for a continuous diversity index","start_date_fct * Status","Full date x Status interaction used",0,NA,"shannon_diversity"
"2016-12-06",1.9202645871313562,0.08931455009021955,Inf,1.7452112856591273,2.095317888603585,"2016-12-06","Pre-bloom","Sponge Gardens - Sponge Gardens Sanctuary Zone","Shannon diversity","gaussian (identity link)","gaussian","identity","gaussian identity model was specified for a continuous diversity index","start_date_fct * Status","Full date x Status interaction used",0,NA,"shannon_diversity"
"2017-12-05",2.09844325609685,0.14962969887765382,Inf,1.8051744352790753,2.391712076914625,"2017-12-05","Pre-bloom","Sponge Gardens - Sponge Gardens Sanctuary Zone","Shannon diversity","gaussian (identity link)","gaussian","identity","gaussian identity model was specified for a continuous diversity index","start_date_fct * Status","Full date x Status interaction used",0,NA,"shannon_diversity"
"2018-01-17",1.9273927762877774,0.10647703223693145,Inf,1.7187016279226814,2.136083924652873,"2018-01-17","Pre-bloom","Sponge Gardens - Sponge Gardens Sanctuary Zone","Shannon diversity","gaussian (identity link)","gaussian","identity","gaussian identity model was specified for a continuous diversity index","start_date_fct * Status","Full date x Status interaction used",0,NA,"shannon_diversity"
"2019-01-22",2.024865898166362,0.08748410297051842,Inf,1.8534002071243523,2.1963315892083717,"2019-01-22","Pre-bloom","Sponge Gardens - Sponge Gardens Sanctuary Zone","Shannon diversity","gaussian (identity link)","gaussian","identity","gaussian identity model was specified for a continuous diversity index","start_date_fct * Status","Full date x Status interaction used",0,NA,"shannon_diversity"
"2021-01-21",1.9627081107951165,0.08748410297051262,Inf,1.7912424197531183,2.1341738018371146,"2021-01-21","Pre-bloom","Sponge Gardens - Sponge Gardens Sanctuary Zone","Shannon diversity","gaussian (identity link)","gaussian","identity","gaussian identity model was specified for a continuous diversity index","start_date_fct * Status","Full date x Status interaction used",0,NA,"shannon_diversity"
"2025-04-02",2.050837416566193,0.0892806932064746,Inf,1.8758504733667332,2.225824359765653,"2025-04-02","Bloom","Sponge Gardens - Sponge Gardens Sanctuary Zone","Shannon diversity","gaussian (identity link)","gaussian","identity","gaussian identity model was specified for a continuous diversity index","start_date_fct * Status","Full date x Status interaction used",0,NA,"shannon_diversity"
"2026-01-27",2.0309507430208154,0.08928069333678045,Inf,1.8559637995659606,2.20593768647567,"2026-01-27","Bloom","Sponge Gardens - Sponge Gardens Sanctuary Zone","Shannon diversity","gaussian (identity link)","gaussian","identity","gaussian identity model was specified for a continuous diversity index","start_date_fct * Status","Full date x Status interaction used",0,NA,"shannon_diversity"
"2016-04-19",1.7525880179533124,0.13325202354548366,Inf,1.4914188509370812,2.0137571849695437,"2016-04-19","Pre-bloom","The Pages - The Pages Sanctuary Zone","Shannon diversity","gaussian (identity link)","gaussian","identity","gaussian identity model was specified for a continuous diversity index","start_date_fct * Status","Full date x Status interaction used",0,NA,"shannon_diversity"
"2017-06-02",1.918765181147014,0.13456869769281601,Inf,1.6550153802226366,2.1825149820713916,"2017-06-02","Pre-bloom","The Pages - The Pages Sanctuary Zone","Shannon diversity","gaussian (identity link)","gaussian","identity","gaussian identity model was specified for a continuous diversity index","start_date_fct * Status","Full date x Status interaction used",0,NA,"shannon_diversity"
"2018-06-26",1.9468450869809173,0.13456798320596614,Inf,1.683096686425033,2.210593487536802,"2018-06-26","Pre-bloom","The Pages - The Pages Sanctuary Zone","Shannon diversity","gaussian (identity link)","gaussian","identity","gaussian identity model was specified for a continuous diversity index","start_date_fct * Status","Full date x Status interaction used",0,NA,"shannon_diversity"
"2019-06-06",2.0734874548432165,0.1332520235454811,Inf,1.8123182878269903,2.334656621859443,"2019-06-06","Pre-bloom","The Pages - The Pages Sanctuary Zone","Shannon diversity","gaussian (identity link)","gaussian","identity","gaussian identity model was specified for a continuous diversity index","start_date_fct * Status","Full date x Status interaction used",0,NA,"shannon_diversity"
"2021-05-20",1.8192673132135448,0.13456739418627225,Inf,1.5555200671150466,2.0830145593120433,"2021-05-20","Pre-bloom","The Pages - The Pages Sanctuary Zone","Shannon diversity","gaussian (identity link)","gaussian","identity","gaussian identity model was specified for a continuous diversity index","start_date_fct * Status","Full date x Status interaction used",0,NA,"shannon_diversity"
"2025-04-09",1.5031459704112764,0.14882010621219896,Inf,1.211463922059941,1.7948280187626118,"2025-04-09","Bloom","The Pages - The Pages Sanctuary Zone","Shannon diversity","gaussian (identity link)","gaussian","identity","gaussian identity model was specified for a continuous diversity index","start_date_fct * Status","Full date x Status interaction used",0,NA,"shannon_diversity"
"2025-12-02",1.217816038701307,0.13325202354548138,Inf,0.9566468716850803,1.478985205717534,"2025-12-02","Bloom","The Pages - The Pages Sanctuary Zone","Shannon diversity","gaussian (identity link)","gaussian","identity","gaussian identity model was specified for a continuous diversity index","start_date_fct * Status","Full date x Status interaction used",0,NA,"shannon_diversity"
"2026-03-01",1.5098422881452838,0.13325202354547844,Inf,1.248673121129063,1.7710114551615046,"2026-03-01","Bloom","The Pages - The Pages Sanctuary Zone","Shannon diversity","gaussian (identity link)","gaussian","identity","gaussian identity model was specified for a continuous diversity index","start_date_fct * Status","Full date x Status interaction used",0,NA,"shannon_diversity"
"2017-11-28",1.3284140011624859,0.2192303258863371,Inf,0.8987304581062862,1.7580975442186855,"2017-11-28","Pre-bloom","Victor Harbor - Encounter Bay Sanctuary Zone","Shannon diversity","gaussian (identity link)","gaussian","identity","gaussian identity model was specified for a continuous diversity index","start_date_fct","Date-only model used because Status was not represented at every retained sampling date",0,NA,"shannon_diversity"
"2018-11-27",1.4132003759350587,0.28719328594358395,Inf,0.8503118788839209,1.9760888729861965,"2018-11-27","Pre-bloom","Victor Harbor - Encounter Bay Sanctuary Zone","Shannon diversity","gaussian (identity link)","gaussian","identity","gaussian identity model was specified for a continuous diversity index","start_date_fct","Date-only model used because Status was not represented at every retained sampling date",0,NA,"shannon_diversity"
"2021-11-23",1.7906430017762833,0.26581992851485375,Inf,1.2696455155141584,2.3116404880384085,"2021-11-23","Pre-bloom","Victor Harbor - Encounter Bay Sanctuary Zone","Shannon diversity","gaussian (identity link)","gaussian","identity","gaussian identity model was specified for a continuous diversity index","start_date_fct","Date-only model used because Status was not represented at every retained sampling date",0,NA,"shannon_diversity"
"2025-10-30",1.6678023846642853,0.21386028203664384,Inf,1.2486439341488853,2.0869608351796853,"2025-10-30","Bloom","Victor Harbor - Encounter Bay Sanctuary Zone","Shannon diversity","gaussian (identity link)","gaussian","identity","gaussian identity model was specified for a continuous diversity index","start_date_fct","Date-only model used because Status was not represented at every retained sampling date",0,NA,"shannon_diversity"
"2026-01-23",1.5041409224471298,0.21386028159472845,Inf,1.084982472797868,1.9232993720963916,"2026-01-23","Bloom","Victor Harbor - Encounter Bay Sanctuary Zone","Shannon diversity","gaussian (identity link)","gaussian","identity","gaussian identity model was specified for a continuous diversity index","start_date_fct","Date-only model used because Status was not represented at every retained sampling date",0,NA,"shannon_diversity"
"2017-04-12",1.51043574726492,0.15923513630370104,Inf,1.1983406150363396,1.8225308794935002,"2017-04-12","Pre-bloom","Windara Reef - Windara Shell fish Reef Sanctuary Zone","Shannon diversity","gaussian (identity link)","gaussian","identity","gaussian identity model was specified for a continuous diversity index","start_date_fct","Date-only fixed effect used",0,NA,"shannon_diversity"
"2017-11-23",1.5220913546169208,0.15923513630339925,Inf,1.2099962223889318,1.8341864868449098,"2017-11-23","Pre-bloom","Windara Reef - Windara Shell fish Reef Sanctuary Zone","Shannon diversity","gaussian (identity link)","gaussian","identity","gaussian identity model was specified for a continuous diversity index","start_date_fct","Date-only fixed effect used",0,NA,"shannon_diversity"
"2018-04-24",1.3995938632237297,0.15923513630340225,Inf,1.087498730995735,1.7116889954517245,"2018-04-24","Pre-bloom","Windara Reef - Windara Shell fish Reef Sanctuary Zone","Shannon diversity","gaussian (identity link)","gaussian","identity","gaussian identity model was specified for a continuous diversity index","start_date_fct","Date-only fixed effect used",0,NA,"shannon_diversity"
"2018-11-29",1.5662997671271608,0.15923513630340005,Inf,1.2542046348991702,1.8783948993551514,"2018-11-29","Pre-bloom","Windara Reef - Windara Shell fish Reef Sanctuary Zone","Shannon diversity","gaussian (identity link)","gaussian","identity","gaussian identity model was specified for a continuous diversity index","start_date_fct","Date-only fixed effect used",0,NA,"shannon_diversity"
"2019-10-22",1.3724834469783531,0.15923513630339606,Inf,1.0603883147503703,1.684578579206336,"2019-10-22","Pre-bloom","Windara Reef - Windara Shell fish Reef Sanctuary Zone","Shannon diversity","gaussian (identity link)","gaussian","identity","gaussian identity model was specified for a continuous diversity index","start_date_fct","Date-only fixed effect used",0,NA,"shannon_diversity"
"2020-10-28",1.5297954072090325,0.15923513630340436,Inf,1.2177002749810335,1.8418905394370315,"2020-10-28","Pre-bloom","Windara Reef - Windara Shell fish Reef Sanctuary Zone","Shannon diversity","gaussian (identity link)","gaussian","identity","gaussian identity model was specified for a continuous diversity index","start_date_fct","Date-only fixed effect used",0,NA,"shannon_diversity"
"2025-10-24",0.42880406850885366,0.15923513630342648,Inf,0.11670893628081136,0.740899200736896,"2025-10-24","Bloom","Windara Reef - Windara Shell fish Reef Sanctuary Zone","Shannon diversity","gaussian (identity link)","gaussian","identity","gaussian identity model was specified for a continuous diversity index","start_date_fct","Date-only fixed effect used",0,NA,"shannon_diversity"
"2014-09-03",6.926364487274955,0.7931783598924993,Inf,5.371763468569108,8.480965505980803,"2014-09-03","Pre-bloom","Aldinga - Aldinga Reef Sanctuary Zone","Simpson diversity","gaussian (identity link)","gaussian","identity","gaussian identity model was specified for a continuous diversity index","start_date_fct","Date-only model used because Status was not represented at every retained sampling date",0,NA,"simpson_diversity"
"2015-12-10",3.096971432486667,0.686912610275159,Inf,1.7506474558209573,4.443295409152377,"2015-12-10","Pre-bloom","Aldinga - Aldinga Reef Sanctuary Zone","Simpson diversity","gaussian (identity link)","gaussian","identity","gaussian identity model was specified for a continuous diversity index","start_date_fct","Date-only model used because Status was not represented at every retained sampling date",0,NA,"simpson_diversity"
"2016-02-12",4.752317589248128,0.8688833588114949,Inf,3.0493374992114055,6.45529767928485,"2016-02-12","Pre-bloom","Aldinga - Aldinga Reef Sanctuary Zone","Simpson diversity","gaussian (identity link)","gaussian","identity","gaussian identity model was specified for a continuous diversity index","start_date_fct","Date-only model used because Status was not represented at every retained sampling date",0,NA,"simpson_diversity"
"2016-11-19",6.862765172920088,0.7931783690067534,Inf,5.30816413635063,8.417366209489545,"2016-11-19","Pre-bloom","Aldinga - Aldinga Reef Sanctuary Zone","Simpson diversity","gaussian (identity link)","gaussian","identity","gaussian identity model was specified for a continuous diversity index","start_date_fct","Date-only model used because Status was not represented at every retained sampling date",0,NA,"simpson_diversity"
"2019-12-07",4.345976944817921,0.7931783601506275,Inf,2.7913759256061517,5.90057796402969,"2019-12-07","Pre-bloom","Aldinga - Aldinga Reef Sanctuary Zone","Simpson diversity","gaussian (identity link)","gaussian","identity","gaussian identity model was specified for a continuous diversity index","start_date_fct","Date-only model used because Status was not represented at every retained sampling date",0,NA,"simpson_diversity"
"2020-11-26",4.741855926972394,0.7931783690069626,Inf,3.187254890402527,6.296456963542261,"2020-11-26","Pre-bloom","Aldinga - Aldinga Reef Sanctuary Zone","Simpson diversity","gaussian (identity link)","gaussian","identity","gaussian identity model was specified for a continuous diversity index","start_date_fct","Date-only model used because Status was not represented at every retained sampling date",0,NA,"simpson_diversity"
"2021-11-22",5.207744718594393,0.9714411350007842,Inf,3.3037550808921434,7.111734356296642,"2021-11-22","Pre-bloom","Aldinga - Aldinga Reef Sanctuary Zone","Simpson diversity","gaussian (identity link)","gaussian","identity","gaussian identity model was specified for a continuous diversity index","start_date_fct","Date-only model used because Status was not represented at every retained sampling date",0,NA,"simpson_diversity"
"2025-02-06",3.268233471362924,0.6303542433962571,Inf,2.0327618568042656,4.503705085921583,"2025-02-06","Pre-bloom","Aldinga - Aldinga Reef Sanctuary Zone","Simpson diversity","gaussian (identity link)","gaussian","identity","gaussian identity model was specified for a continuous diversity index","start_date_fct","Date-only model used because Status was not represented at every retained sampling date",0,NA,"simpson_diversity"
"2026-02-21",2.991546490322584,0.5608617983248647,Inf,1.892277565301482,4.090815415343686,"2026-02-21","Bloom","Aldinga - Aldinga Reef Sanctuary Zone","Simpson diversity","gaussian (identity link)","gaussian","identity","gaussian identity model was specified for a continuous diversity index","start_date_fct","Date-only model used because Status was not represented at every retained sampling date",0,NA,"simpson_diversity"
"2016-05-24",1.9898813816379892,0.20794703122869798,Inf,1.5823126897377153,2.397450073538263,"2016-05-24","Pre-bloom","Bay of Shoals - Bay of Shoals Sanctuary Zone","Simpson diversity","gaussian (identity link)","gaussian","identity","gaussian identity model was specified for a continuous diversity index","start_date_fct * Status","Full date x Status interaction used",0,NA,"simpson_diversity"
"2017-04-05",2.7088601329050266,0.20794703113211893,Inf,2.301291441194044,3.1164288246160092,"2017-04-05","Pre-bloom","Bay of Shoals - Bay of Shoals Sanctuary Zone","Simpson diversity","gaussian (identity link)","gaussian","identity","gaussian identity model was specified for a continuous diversity index","start_date_fct * Status","Full date x Status interaction used",0,NA,"simpson_diversity"
"2018-03-28",3.0827952435305725,0.2079470311321052,Inf,2.675226551819617,3.490363935241528,"2018-03-28","Pre-bloom","Bay of Shoals - Bay of Shoals Sanctuary Zone","Simpson diversity","gaussian (identity link)","gaussian","identity","gaussian identity model was specified for a continuous diversity index","start_date_fct * Status","Full date x Status interaction used",0,NA,"simpson_diversity"
"2026-03-24",3.022063563200378,0.2079470311321157,Inf,2.614494871489402,3.429632254911354,"2026-03-24","Bloom","Bay of Shoals - Bay of Shoals Sanctuary Zone","Simpson diversity","gaussian (identity link)","gaussian","identity","gaussian identity model was specified for a continuous diversity index","start_date_fct * Status","Full date x Status interaction used",0,NA,"simpson_diversity"
"2021-10-11",4.812027705400204,0.48907771533057687,Inf,3.8534529977111402,5.770602413089267,"2021-10-11","Pre-bloom","Boston Bay","Simpson diversity","gaussian (identity link)","gaussian","identity","gaussian identity model was specified for a continuous diversity index","start_date_fct","Date-only fixed effect used",0,NA,"simpson_diversity"
"2022-05-10",3.5740042983483593,0.4890777153307,Inf,2.6154295906590543,4.532579006037664,"2022-05-10","Pre-bloom","Boston Bay","Simpson diversity","gaussian (identity link)","gaussian","identity","gaussian identity model was specified for a continuous diversity index","start_date_fct","Date-only fixed effect used",0,NA,"simpson_diversity"
"2024-03-25",1.3809218648669077,0.5386892292618571,Inf,0.32511037665402776,2.436733353079788,"2024-03-25","Pre-bloom","Boston Bay","Simpson diversity","gaussian (identity link)","gaussian","identity","gaussian identity model was specified for a continuous diversity index","start_date_fct","Date-only fixed effect used",0,NA,"simpson_diversity"
"2024-11-14",4.2076954414368,0.5348486067990991,Inf,3.1594114349291416,5.255979447944458,"2024-11-14","Pre-bloom","Boston Bay","Simpson diversity","gaussian (identity link)","gaussian","identity","gaussian identity model was specified for a continuous diversity index","start_date_fct","Date-only fixed effect used",0,NA,"simpson_diversity"
"2025-05-22",3.9481810236718324,0.5348486067990567,Inf,2.899897017164257,4.996465030179408,"2025-05-22","Bloom","Boston Bay","Simpson diversity","gaussian (identity link)","gaussian","identity","gaussian identity model was specified for a continuous diversity index","start_date_fct","Date-only fixed effect used",0,NA,"simpson_diversity"
"2025-11-11",3.7373614982151473,0.5428011275689196,Inf,2.6734908374123334,4.801232159017961,"2025-11-11","Bloom","Boston Bay","Simpson diversity","gaussian (identity link)","gaussian","identity","gaussian identity model was specified for a continuous diversity index","start_date_fct","Date-only fixed effect used",0,NA,"simpson_diversity"
"2017-01-12",5.9944272754187535,0.5061993964279161,Inf,5.002294689424125,6.986559861413382,"2017-01-12","Pre-bloom","Cape Elizabeth - Cape Elizabeth Sanctuary Zone","Simpson diversity","gaussian (identity link)","gaussian","identity","gaussian identity model was specified for a continuous diversity index","start_date_fct * Status","Full date x Status interaction used",0,NA,"simpson_diversity"
"2026-03-10",5.5579841096797535,0.5061993964279997,Inf,4.565851523684961,6.5501166956745465,"2026-03-10","Bloom","Cape Elizabeth - Cape Elizabeth Sanctuary Zone","Simpson diversity","gaussian (identity link)","gaussian","identity","gaussian identity model was specified for a continuous diversity index","start_date_fct * Status","Full date x Status interaction used",0,NA,"simpson_diversity"
"2015-12-10",4.794231411292136,0.6658844896526263,Inf,3.4891217937091548,6.099341028875118,"2015-12-10","Pre-bloom","Carrickalinga - Carrickalinga Cliffs Sanctuary Zone","Simpson diversity","gaussian (identity link)","gaussian","identity","gaussian identity model was specified for a continuous diversity index","start_date_fct","Date-only model used because Status was not represented at every retained sampling date",0,NA,"simpson_diversity"
"2016-12-06",4.383175419290315,0.5924750669117802,Inf,3.221945626405267,5.544405212175363,"2016-12-06","Pre-bloom","Carrickalinga - Carrickalinga Cliffs Sanctuary Zone","Simpson diversity","gaussian (identity link)","gaussian","identity","gaussian identity model was specified for a continuous diversity index","start_date_fct","Date-only model used because Status was not represented at every retained sampling date",0,NA,"simpson_diversity"
"2017-12-05",5.341556852963745,0.5924750669111658,Inf,4.180327060079901,6.502786645847588,"2017-12-05","Pre-bloom","Carrickalinga - Carrickalinga Cliffs Sanctuary Zone","Simpson diversity","gaussian (identity link)","gaussian","identity","gaussian identity model was specified for a continuous diversity index","start_date_fct","Date-only model used because Status was not represented at every retained sampling date",0,NA,"simpson_diversity"
"2018-12-11",5.330048090602296,0.6052179239765569,Inf,4.143842756810145,6.516253424394447,"2018-12-11","Pre-bloom","Carrickalinga - Carrickalinga Cliffs Sanctuary Zone","Simpson diversity","gaussian (identity link)","gaussian","identity","gaussian identity model was specified for a continuous diversity index","start_date_fct","Date-only model used because Status was not represented at every retained sampling date",0,NA,"simpson_diversity"
"2020-12-04",4.679969861737103,0.5924750669131806,Inf,3.5187400688493105,5.841199654624895,"2020-12-04","Pre-bloom","Carrickalinga - Carrickalinga Cliffs Sanctuary Zone","Simpson diversity","gaussian (identity link)","gaussian","identity","gaussian identity model was specified for a continuous diversity index","start_date_fct","Date-only model used because Status was not represented at every retained sampling date",0,NA,"simpson_diversity"
"2025-02-06",9.379023937689993,1.451261599382218,Inf,6.534603470754851,12.223444404625136,"2025-02-06","Pre-bloom","Carrickalinga - Carrickalinga Cliffs Sanctuary Zone","Simpson diversity","gaussian (identity link)","gaussian","identity","gaussian identity model was specified for a continuous diversity index","start_date_fct","Date-only model used because Status was not represented at every retained sampling date",0,NA,"simpson_diversity"
"2025-02-20",5.666485389744383,0.6052179239795981,Inf,4.480280055946271,6.852690723542495,"2025-02-20","Pre-bloom","Carrickalinga - Carrickalinga Cliffs Sanctuary Zone","Simpson diversity","gaussian (identity link)","gaussian","identity","gaussian identity model was specified for a continuous diversity index","start_date_fct","Date-only model used because Status was not represented at every retained sampling date",0,NA,"simpson_diversity"
"2025-12-17",5.051082666650326,0.5924750669111709,Inf,3.889852873766473,6.212312459534179,"2025-12-17","Bloom","Carrickalinga - Carrickalinga Cliffs Sanctuary Zone","Simpson diversity","gaussian (identity link)","gaussian","identity","gaussian identity model was specified for a continuous diversity index","start_date_fct","Date-only model used because Status was not represented at every retained sampling date",0,NA,"simpson_diversity"
"2015-11-15",6.469439804122521,0.5849749008891787,Inf,5.322910066519843,7.615969541725199,"2015-11-15","Pre-bloom","Chinamans Hat - Chinamans Hat Sanctuary Zone","Simpson diversity","gaussian (identity link)","gaussian","identity","gaussian identity model was specified for a continuous diversity index","start_date_fct * Status","Full date x Status interaction used",0,NA,"simpson_diversity"
"2025-12-04",6.0379745660252,0.6104346756922289,Inf,4.841544586754043,7.234404545296357,"2025-12-04","Bloom","Chinamans Hat - Chinamans Hat Sanctuary Zone","Simpson diversity","gaussian (identity link)","gaussian","identity","gaussian identity model was specified for a continuous diversity index","start_date_fct * Status","Full date x Status interaction used",0,NA,"simpson_diversity"
"2017-01-12",1.404985763829589,0.21190053202572737,Inf,0.9896683527542872,1.820303174904891,"2017-01-12","Pre-bloom","Cuttlefish Coast - Fairway Bank Sanctuary Zone","Simpson diversity","gaussian (identity link)","gaussian","identity","gaussian identity model was specified for a continuous diversity index","start_date_fct * Status","Full date x Status interaction used",0,NA,"simpson_diversity"
"2026-02-16",1.6203645839746819,0.19343783560122255,Inf,1.241233392948906,1.9994957750004578,"2026-02-16","Bloom","Cuttlefish Coast - Fairway Bank Sanctuary Zone","Simpson diversity","gaussian (identity link)","gaussian","identity","gaussian identity model was specified for a continuous diversity index","start_date_fct * Status","Full date x Status interaction used",0,NA,"simpson_diversity"
"2016-01-19",5.292017322331154,1.4387140704217996,92,2.4346069930613536,8.149427651600956,"2016-01-19","Pre-bloom","Dangerous Reef - Dangerous Reef Sanctuary Zone","Simpson diversity","gaussian (identity link)","gaussian","identity","gaussian identity model was specified for a continuous diversity index","start_date_fct","Date-only fixed effect used",0,NA,"simpson_diversity"
"2017-02-25",8.379779610524288,1.017324475383491,92,6.359285390065651,10.400273830982925,"2017-02-25","Pre-bloom","Dangerous Reef - Dangerous Reef Sanctuary Zone","Simpson diversity","gaussian (identity link)","gaussian","identity","gaussian identity model was specified for a continuous diversity index","start_date_fct","Date-only fixed effect used",0,NA,"simpson_diversity"
"2019-02-16",6.78688662045143,0.7513439189085243,92,5.294652743782771,8.27912049712009,"2019-02-16","Pre-bloom","Dangerous Reef - Dangerous Reef Sanctuary Zone","Simpson diversity","gaussian (identity link)","gaussian","identity","gaussian identity model was specified for a continuous diversity index","start_date_fct","Date-only fixed effect used",0,NA,"simpson_diversity"
"2020-04-10",4.7884787628901035,0.7193570352108889,92,3.3597735982552246,6.2171839275249825,"2020-04-10","Pre-bloom","Dangerous Reef - Dangerous Reef Sanctuary Zone","Simpson diversity","gaussian (identity link)","gaussian","identity","gaussian identity model was specified for a continuous diversity index","start_date_fct","Date-only fixed effect used",0,NA,"simpson_diversity"
"2022-03-16",8.379779610524288,1.0173244753839583,92,6.359285390064722,10.400273830983854,"2022-03-16","Pre-bloom","Dangerous Reef - Dangerous Reef Sanctuary Zone","Simpson diversity","gaussian (identity link)","gaussian","identity","gaussian identity model was specified for a continuous diversity index","start_date_fct","Date-only fixed effect used",0,NA,"simpson_diversity"
"2025-11-10",7.946537046084106,1.0173244753839767,92,5.926042825624503,9.967031266543708,"2025-11-10","Bloom","Dangerous Reef - Dangerous Reef Sanctuary Zone","Simpson diversity","gaussian (identity link)","gaussian","identity","gaussian identity model was specified for a continuous diversity index","start_date_fct","Date-only fixed effect used",0,NA,"simpson_diversity"
"2026-04-08",6.548355184890077,1.01732447538352,92,4.527860964431381,8.568849405348773,"2026-04-08","Bloom","Dangerous Reef - Dangerous Reef Sanctuary Zone","Simpson diversity","gaussian (identity link)","gaussian","identity","gaussian identity model was specified for a continuous diversity index","start_date_fct","Date-only fixed effect used",0,NA,"simpson_diversity"
"2020-10-13",3.412050291992645,0.8052035775127582,Inf,1.8338802798448335,4.990220304140457,"2020-10-13","Pre-bloom","Glenelg","Simpson diversity","gaussian (identity link)","gaussian","identity","gaussian identity model was specified for a continuous diversity index","start_date_fct","Date-only fixed effect used",0,NA,"simpson_diversity"
"2021-10-25",3.7950457161636484,0.7906699338914761,Inf,2.24536112207769,5.344730310249607,"2021-10-25","Pre-bloom","Glenelg","Simpson diversity","gaussian (identity link)","gaussian","identity","gaussian identity model was specified for a continuous diversity index","start_date_fct","Date-only fixed effect used",0,NA,"simpson_diversity"
"2022-12-02",3.629555292883725,0.7775285530383688,Inf,2.1056273319769816,5.153483253790469,"2022-12-02","Pre-bloom","Glenelg","Simpson diversity","gaussian (identity link)","gaussian","identity","gaussian identity model was specified for a continuous diversity index","start_date_fct","Date-only fixed effect used",0,NA,"simpson_diversity"
"2023-11-23",4.864406047301022,0.7775285530385313,Inf,3.3404780863939605,6.388334008208084,"2023-11-23","Pre-bloom","Glenelg","Simpson diversity","gaussian (identity link)","gaussian","identity","gaussian identity model was specified for a continuous diversity index","start_date_fct","Date-only fixed effect used",0,NA,"simpson_diversity"
"2025-10-21",1.4004924706926931,0.7588907067749525,Inf,-0.08690598278836026,2.8878909241737465,"2025-10-21","Bloom","Glenelg","Simpson diversity","gaussian (identity link)","gaussian","identity","gaussian identity model was specified for a continuous diversity index","start_date_fct","Date-only fixed effect used",0,NA,"simpson_diversity"
"2026-03-20",2.441689298688722,0.7485775638806805,Inf,0.9745042338478569,3.908874363529587,"2026-03-20","Bloom","Glenelg","Simpson diversity","gaussian (identity link)","gaussian","identity","gaussian identity model was specified for a continuous diversity index","start_date_fct","Date-only fixed effect used",0,NA,"simpson_diversity"
"2014-09-03",4.896509048785649,0.6250295140270111,Inf,3.6714737120181353,6.121544385553163,"2014-09-03","Pre-bloom","Middle/Long Spit - Middle Spit Sanctuary Zone","Simpson diversity","gaussian (identity link)","gaussian","identity","gaussian identity model was specified for a continuous diversity index","start_date_fct","Date-only model used because Status was not represented at every retained sampling date",0,NA,"simpson_diversity"
"2015-01-07",5.1456395870314875,0.31923627333106386,Inf,4.519947988743818,5.771331185319157,"2015-01-07","Pre-bloom","Middle/Long Spit - Middle Spit Sanctuary Zone","Simpson diversity","gaussian (identity link)","gaussian","identity","gaussian identity model was specified for a continuous diversity index","start_date_fct","Date-only model used because Status was not represented at every retained sampling date",0,NA,"simpson_diversity"
"2016-01-10",4.536581629192726,0.33409232813670703,Inf,3.881772698533643,5.1913905598518095,"2016-01-10","Pre-bloom","Middle/Long Spit - Middle Spit Sanctuary Zone","Simpson diversity","gaussian (identity link)","gaussian","identity","gaussian identity model was specified for a continuous diversity index","start_date_fct","Date-only model used because Status was not represented at every retained sampling date",0,NA,"simpson_diversity"
"2016-03-11",5.646923714251767,0.6250295140271642,Inf,4.421888377483953,6.871959051019582,"2016-03-11","Pre-bloom","Middle/Long Spit - Middle Spit Sanctuary Zone","Simpson diversity","gaussian (identity link)","gaussian","identity","gaussian identity model was specified for a continuous diversity index","start_date_fct","Date-only model used because Status was not represented at every retained sampling date",0,NA,"simpson_diversity"
"2026-01-26",2.544707749679353,0.312514756832551,Inf,1.9321900816502606,3.1572254177084456,"2026-01-26","Bloom","Middle/Long Spit - Middle Spit Sanctuary Zone","Simpson diversity","gaussian (identity link)","gaussian","identity","gaussian identity model was specified for a continuous diversity index","start_date_fct","Date-only model used because Status was not represented at every retained sampling date",0,NA,"simpson_diversity"
"2015-04-28",3.045679395501451,0.8311515960073371,Inf,1.4166522016340857,4.6747065893688164,"2015-04-28","Pre-bloom","O'Sullivan","Simpson diversity","gaussian (identity link)","gaussian","identity","gaussian identity model was specified for a continuous diversity index","start_date_fct","Date-only fixed effect used",0,NA,"simpson_diversity"
"2015-10-09",1.4501679421528098,0.8311516211347247,Inf,-0.17885930096333036,3.07919518526895,"2015-10-09","Pre-bloom","O'Sullivan","Simpson diversity","gaussian (identity link)","gaussian","identity","gaussian identity model was specified for a continuous diversity index","start_date_fct","Date-only fixed effect used",0,NA,"simpson_diversity"
"2021-10-12",4.267432005741756,0.6921915329827867,Inf,2.910761530691925,5.624102480791587,"2021-10-12","Pre-bloom","O'Sullivan","Simpson diversity","gaussian (identity link)","gaussian","identity","gaussian identity model was specified for a continuous diversity index","start_date_fct","Date-only fixed effect used",0,NA,"simpson_diversity"
"2022-12-01",3.7822846063942124,0.6778427866327523,Inf,2.45373715741375,5.110832055374675,"2022-12-01","Pre-bloom","O'Sullivan","Simpson diversity","gaussian (identity link)","gaussian","identity","gaussian identity model was specified for a continuous diversity index","start_date_fct","Date-only fixed effect used",0,NA,"simpson_diversity"
"2023-12-01",3.4128463400353217,0.6778427866916836,Inf,2.0842988909393556,4.741393789131288,"2023-12-01","Pre-bloom","O'Sullivan","Simpson diversity","gaussian (identity link)","gaussian","identity","gaussian identity model was specified for a continuous diversity index","start_date_fct","Date-only fixed effect used",0,NA,"simpson_diversity"
"2024-12-19",2.6566989616197483,0.6778427868124696,Inf,1.3281515122870464,3.98524641095245,"2024-12-19","Pre-bloom","O'Sullivan","Simpson diversity","gaussian (identity link)","gaussian","identity","gaussian identity model was specified for a continuous diversity index","start_date_fct","Date-only fixed effect used",0,NA,"simpson_diversity"
"2025-02-04",4.759217346176245,0.8787398164970047,Inf,3.0369189540607797,6.4815157382917095,"2025-02-04","Pre-bloom","O'Sullivan","Simpson diversity","gaussian (identity link)","gaussian","identity","gaussian identity model was specified for a continuous diversity index","start_date_fct","Date-only fixed effect used",0,NA,"simpson_diversity"
"2025-11-13",2.235391776585165,0.6028912983427475,Inf,1.0537465452407875,3.4170370079295425,"2025-11-13","Bloom","O'Sullivan","Simpson diversity","gaussian (identity link)","gaussian","identity","gaussian identity model was specified for a continuous diversity index","start_date_fct","Date-only fixed effect used",0,NA,"simpson_diversity"
"2026-03-06",2.917892156222827,0.6050374166786715,Inf,1.732040610233477,4.103743702212176,"2026-03-06","Bloom","O'Sullivan","Simpson diversity","gaussian (identity link)","gaussian","identity","gaussian identity model was specified for a continuous diversity index","start_date_fct","Date-only fixed effect used",0,NA,"simpson_diversity"
"2014-09-03",1.5880702630819052,0.13532074899596438,Inf,1.3228464686888304,1.85329405747498,"2014-09-03","Pre-bloom","Offshore Ardrossan - Offshore Ardrossan Sanctuary Zone","Simpson diversity","gaussian (identity link)","gaussian","identity","gaussian identity model was specified for a continuous diversity index","start_date_fct * Status","Full date x Status interaction used",0,NA,"simpson_diversity"
"2016-03-11",1.7469066411023495,0.1440599381700741,Inf,1.4645543506739374,2.029258931530762,"2016-03-11","Pre-bloom","Offshore Ardrossan - Offshore Ardrossan Sanctuary Zone","Simpson diversity","gaussian (identity link)","gaussian","identity","gaussian identity model was specified for a continuous diversity index","start_date_fct * Status","Full date x Status interaction used",0,NA,"simpson_diversity"
"2016-11-03",1.2262770061544803,0.18676037663954392,Inf,0.8602333942018386,1.5923206181071219,"2016-11-03","Pre-bloom","Offshore Ardrossan - Offshore Ardrossan Sanctuary Zone","Simpson diversity","gaussian (identity link)","gaussian","identity","gaussian identity model was specified for a continuous diversity index","start_date_fct * Status","Full date x Status interaction used",0,NA,"simpson_diversity"
"2025-10-13",1.0655964397378546,0.15625494164727122,Inf,0.7593423817027953,1.3718504977729138,"2025-10-13","Bloom","Offshore Ardrossan - Offshore Ardrossan Sanctuary Zone","Simpson diversity","gaussian (identity link)","gaussian","identity","gaussian identity model was specified for a continuous diversity index","start_date_fct * Status","Full date x Status interaction used",0,NA,"simpson_diversity"
"2017-02-03",6.878599707992376,0.908691617296696,10,4.853908611019365,8.903290804965387,"2017-02-03","Pre-bloom","Orcades Bank - Orcades Bank Sanctuary Zone","Simpson diversity","gaussian (identity link)","gaussian","identity","gaussian identity model was specified for a continuous diversity index","1","Intercept-only fixed effect used",0,"overall","simpson_diversity"
"2017-02-03",4.6796247590503315,0.45724423768886024,Inf,3.7834425210416938,5.57580699705897,"2017-02-03","Pre-bloom","Port Gibbon - Port Gibbon Sanctuary Zone","Simpson diversity","gaussian (identity link)","gaussian","identity","gaussian identity model was specified for a continuous diversity index","start_date_fct * Status","Full date x Status interaction used",0,NA,"simpson_diversity"
"2025-11-14",4.983195151725744,0.45724423768890954,Inf,4.087012913717009,5.879377389734479,"2025-11-14","Bloom","Port Gibbon - Port Gibbon Sanctuary Zone","Simpson diversity","gaussian (identity link)","gaussian","identity","gaussian identity model was specified for a continuous diversity index","start_date_fct * Status","Full date x Status interaction used",0,NA,"simpson_diversity"
"2015-04-28",1.299240510671649,0.4226780162564522,40,0.44497637399225853,2.1535046473510393,"2015-04-28","Pre-bloom","Port Noarlunga - Port Noarlunga Reef Sanctuary Zone","Simpson diversity","gaussian (identity link)","gaussian","identity","gaussian identity model was specified for a continuous diversity index","start_date_fct","Date-only fixed effect used",0,NA,"simpson_diversity"
"2015-10-09",3.8796344485551257,0.4046833906165368,40,3.0617388069143425,4.697530090195909,"2015-10-09","Pre-bloom","Port Noarlunga - Port Noarlunga Reef Sanctuary Zone","Simpson diversity","gaussian (identity link)","gaussian","identity","gaussian identity model was specified for a continuous diversity index","start_date_fct","Date-only fixed effect used",0,NA,"simpson_diversity"
"2021-10-12",3.7119295263358216,0.7009321935270935,40,2.295292719724819,5.128566332946824,"2021-10-12","Pre-bloom","Port Noarlunga - Port Noarlunga Reef Sanctuary Zone","Simpson diversity","gaussian (identity link)","gaussian","identity","gaussian identity model was specified for a continuous diversity index","start_date_fct","Date-only fixed effect used",0,NA,"simpson_diversity"
"2022-12-01",4.275298622653158,0.7009321935270691,40,2.858661816042204,5.691935429264111,"2022-12-01","Pre-bloom","Port Noarlunga - Port Noarlunga Reef Sanctuary Zone","Simpson diversity","gaussian (identity link)","gaussian","identity","gaussian identity model was specified for a continuous diversity index","start_date_fct","Date-only fixed effect used",0,NA,"simpson_diversity"
"2023-12-01",2.6916181334021587,0.7009321935272486,40,1.2749813267908425,4.108254940013475,"2023-12-01","Pre-bloom","Port Noarlunga - Port Noarlunga Reef Sanctuary Zone","Simpson diversity","gaussian (identity link)","gaussian","identity","gaussian identity model was specified for a continuous diversity index","start_date_fct","Date-only fixed effect used",0,NA,"simpson_diversity"
"2024-12-19",5.22275096241945,0.70093219352730185,40,3.8061141558080265,6.639387769030874,"2024-12-19","Pre-bloom","Port Noarlunga - Port Noarlunga Reef Sanctuary Zone","Simpson diversity","gaussian (identity link)","gaussian","identity","gaussian identity model was specified for a continuous diversity index","start_date_fct","Date-only fixed effect used",0,NA,"simpson_diversity"
"2025-02-04",4.334784076435738,0.7009321935269346,40,2.918147269825056,5.7514208830464195,"2025-02-04","Pre-bloom","Port Noarlunga - Port Noarlunga Reef Sanctuary Zone","Simpson diversity","gaussian (identity link)","gaussian","identity","gaussian identity model was specified for a continuous diversity index","start_date_fct","Date-only fixed effect used",0,NA,"simpson_diversity"
"2025-11-13",4.399985792951147,0.5723087394786962,40,3.2433066839335494,5.556664901968744,"2025-11-13","Bloom","Port Noarlunga - Port Noarlunga Reef Sanctuary Zone","Simpson diversity","gaussian (identity link)","gaussian","identity","gaussian identity model was specified for a continuous diversity index","start_date_fct","Date-only fixed effect used",0,NA,"simpson_diversity"
"2015-12-10",5.250555116693155,0.421694227011365,Inf,4.424049619262422,6.077060614123888,"2015-12-10","Pre-bloom","Rapid Head - Rapid Head Sanctuary Zone","Simpson diversity","gaussian (identity link)","gaussian","identity","gaussian identity model was specified for a continuous diversity index","start_date_fct * Status","Full date x Status interaction used",0,NA,"simpson_diversity"
"2016-12-06",5.000646680080172,0.4121444141663144,Inf,4.192858471884836,5.808434888275508,"2016-12-06","Pre-bloom","Rapid Head - Rapid Head Sanctuary Zone","Simpson diversity","gaussian (identity link)","gaussian","identity","gaussian identity model was specified for a continuous diversity index","start_date_fct * Status","Full date x Status interaction used",0,NA,"simpson_diversity"
"2017-12-05",5.003266113681542,0.4306714064872077,Inf,4.159165667795405,5.847366559567679,"2017-12-05","Pre-bloom","Rapid Head - Rapid Head Sanctuary Zone","Simpson diversity","gaussian (identity link)","gaussian","identity","gaussian identity model was specified for a continuous diversity index","start_date_fct * Status","Full date x Status interaction used",0,NA,"simpson_diversity"
"2018-12-11",5.174550038219161,0.42077414338919794,Inf,4.349847871550641,5.999252204887681,"2018-12-11","Pre-bloom","Rapid Head - Rapid Head Sanctuary Zone","Simpson diversity","gaussian (identity link)","gaussian","identity","gaussian identity model was specified for a continuous diversity index","start_date_fct * Status","Full date x Status interaction used",0,NA,"simpson_diversity"
"2021-01-21",7.0475896730485355,0.41214441416635933,Inf,6.2398014648531115,7.855377881243959,"2021-01-21","Pre-bloom","Rapid Head - Rapid Head Sanctuary Zone","Simpson diversity","gaussian (identity link)","gaussian","identity","gaussian identity model was specified for a continuous diversity index","start_date_fct * Status","Full date x Status interaction used",0,NA,"simpson_diversity"
"2025-02-27",6.816476027501895,0.42063029992459583,Inf,5.992055788843406,7.640896266160383,"2025-02-27","Pre-bloom","Rapid Head - Rapid Head Sanctuary Zone","Simpson diversity","gaussian (identity link)","gaussian","identity","gaussian identity model was specified for a continuous diversity index","start_date_fct * Status","Full date x Status interaction used",0,NA,"simpson_diversity"
"2025-12-10",4.671108745584668,0.41214441416631914,Inf,3.863320537389323,5.478896953780013,"2025-12-10","Bloom","Rapid Head - Rapid Head Sanctuary Zone","Simpson diversity","gaussian (identity link)","gaussian","identity","gaussian identity model was specified for a continuous diversity index","start_date_fct * Status","Full date x Status interaction used",0,NA,"simpson_diversity"
"2016-01-20",6.972117531799224,0.5495852515091424,Inf,5.894950232406918,8.04928483119153,"2016-01-20","Pre-bloom","Sponge Gardens - Sponge Gardens Sanctuary Zone","Simpson diversity","gaussian (identity link)","gaussian","identity","gaussian identity model was specified for a continuous diversity index","start_date_fct * Status","Full date x Status interaction used",0,NA,"simpson_diversity"
"2016-12-06",5.820098042029776,0.5361225620061748,Inf,4.769317129198331,6.870878954861221,"2016-12-06","Pre-bloom","Sponge Gardens - Sponge Gardens Sanctuary Zone","Simpson diversity","gaussian (identity link)","gaussian","identity","gaussian identity model was specified for a continuous diversity index","start_date_fct * Status","Full date x Status interaction used",0,NA,"simpson_diversity"
"2017-12-05",5.805505127048498,0.9127479439728406,Inf,4.016552029898747,7.594458224198249,"2017-12-05","Pre-bloom","Sponge Gardens - Sponge Gardens Sanctuary Zone","Simpson diversity","gaussian (identity link)","gaussian","identity","gaussian identity model was specified for a continuous diversity index","start_date_fct * Status","Full date x Status interaction used",0,NA,"simpson_diversity"
"2018-01-17",5.52973964723979,0.6437253399694909,Inf,4.268061164963786,6.791418129515794,"2018-01-17","Pre-bloom","Sponge Gardens - Sponge Gardens Sanctuary Zone","Simpson diversity","gaussian (identity link)","gaussian","identity","gaussian identity model was specified for a continuous diversity index","start_date_fct * Status","Full date x Status interaction used",0,NA,"simpson_diversity"
"2019-01-22",5.977359247254695,0.5242203356566988,Inf,4.949906269404067,7.004812225105322,"2019-01-22","Pre-bloom","Sponge Gardens - Sponge Gardens Sanctuary Zone","Simpson diversity","gaussian (identity link)","gaussian","identity","gaussian identity model was specified for a continuous diversity index","start_date_fct * Status","Full date x Status interaction used",0,NA,"simpson_diversity"
"2021-01-21",5.291270429701484,0.5242203356565466,Inf,4.263817451851155,6.318723407551813,"2021-01-21","Pre-bloom","Sponge Gardens - Sponge Gardens Sanctuary Zone","Simpson diversity","gaussian (identity link)","gaussian","identity","gaussian identity model was specified for a continuous diversity index","start_date_fct * Status","Full date x Status interaction used",0,NA,"simpson_diversity"
"2025-04-02",6.235225335184781,0.5356833356707138,Inf,5.185305290151902,7.28514538021766,"2025-04-02","Bloom","Sponge Gardens - Sponge Gardens Sanctuary Zone","Simpson diversity","gaussian (identity link)","gaussian","identity","gaussian identity model was specified for a continuous diversity index","start_date_fct * Status","Full date x Status interaction used",0,NA,"simpson_diversity"
"2026-01-27",5.776881942945922,0.535683335512607,Inf,4.7269618982229265,6.826801987668917,"2026-01-27","Bloom","Sponge Gardens - Sponge Gardens Sanctuary Zone","Simpson diversity","gaussian (identity link)","gaussian","identity","gaussian identity model was specified for a continuous diversity index","start_date_fct * Status","Full date x Status interaction used",0,NA,"simpson_diversity"
"2016-04-19",4.837085250492572,0.4859329200771765,Inf,3.8846742282389255,5.789496272746218,"2016-04-19","Pre-bloom","The Pages - The Pages Sanctuary Zone","Simpson diversity","gaussian (identity link)","gaussian","identity","gaussian identity model was specified for a continuous diversity index","start_date_fct * Status","Full date x Status interaction used",0,NA,"simpson_diversity"
"2017-06-02",5.333199541868615,0.4928535465271351,Inf,4.367224341022595,6.299174742714635,"2017-06-02","Pre-bloom","The Pages - The Pages Sanctuary Zone","Simpson diversity","gaussian (identity link)","gaussian","identity","gaussian identity model was specified for a continuous diversity index","start_date_fct * Status","Full date x Status interaction used",0,NA,"simpson_diversity"
"2018-06-26",5.536475538062641,0.4928447518619549,Inf,4.570517574443629,6.502433501681653,"2018-06-26","Pre-bloom","The Pages - The Pages Sanctuary Zone","Simpson diversity","gaussian (identity link)","gaussian","identity","gaussian identity model was specified for a continuous diversity index","start_date_fct * Status","Full date x Status interaction used",0,NA,"simpson_diversity"
"2019-06-06",6.25995229450574,0.4859329200772083,Inf,5.307541272252031,7.212363316759449,"2019-06-06","Pre-bloom","The Pages - The Pages Sanctuary Zone","Simpson diversity","gaussian (identity link)","gaussian","identity","gaussian identity model was specified for a continuous diversity index","start_date_fct * Status","Full date x Status interaction used",0,NA,"simpson_diversity"
"2021-05-20",5.393749844833521,0.49283551135412446,Inf,4.427809992277057,6.359689697389985,"2021-05-20","Pre-bloom","The Pages - The Pages Sanctuary Zone","Simpson diversity","gaussian (identity link)","gaussian","identity","gaussian identity model was specified for a continuous diversity index","start_date_fct * Status","Full date x Status interaction used",0,NA,"simpson_diversity"
"2025-04-09",4.330517252780068,0.5668177737873193,Inf,3.2195748303597513,5.441459675200385,"2025-04-09","Bloom","The Pages - The Pages Sanctuary Zone","Simpson diversity","gaussian (identity link)","gaussian","identity","gaussian identity model was specified for a continuous diversity index","start_date_fct * Status","Full date x Status interaction used",0,NA,"simpson_diversity"
"2025-12-02",3.589214240230403,0.4859329200772136,Inf,2.636803217976684,4.541625262484121,"2025-12-02","Bloom","The Pages - The Pages Sanctuary Zone","Simpson diversity","gaussian (identity link)","gaussian","identity","gaussian identity model was specified for a continuous diversity index","start_date_fct * Status","Full date x Status interaction used",0,NA,"simpson_diversity"
"2026-03-01",4.027348825920067,0.4859329200772322,Inf,3.074937803666312,4.979759848173823,"2026-03-01","Bloom","The Pages - The Pages Sanctuary Zone","Simpson diversity","gaussian (identity link)","gaussian","identity","gaussian identity model was specified for a continuous diversity index","start_date_fct * Status","Full date x Status interaction used",0,NA,"simpson_diversity"
"2017-11-28",3.8080015925885355,1.1699088009668277,Inf,1.5150224774971153,6.100980707679955,"2017-11-28","Pre-bloom","Victor Harbor - Encounter Bay Sanctuary Zone","Simpson diversity","gaussian (identity link)","gaussian","identity","gaussian identity model was specified for a continuous diversity index","start_date_fct","Date-only model used because Status was not represented at every retained sampling date",0,NA,"simpson_diversity"
"2018-11-27",4.342606169540678,1.5929053107768987,Inf,1.2205691296353756,7.464643209445981,"2018-11-27","Pre-bloom","Victor Harbor - Encounter Bay Sanctuary Zone","Simpson diversity","gaussian (identity link)","gaussian","identity","gaussian identity model was specified for a continuous diversity index","start_date_fct","Date-only model used because Status was not represented at every retained sampling date",0,NA,"simpson_diversity"
"2021-11-23",6.13473559221036,1.4659455126019825,Inf,3.261535184212367,9.007936000208353,"2021-11-23","Pre-bloom","Victor Harbor - Encounter Bay Sanctuary Zone","Simpson diversity","gaussian (identity link)","gaussian","identity","gaussian identity model was specified for a continuous diversity index","start_date_fct","Date-only model used because Status was not represented at every retained sampling date",0,NA,"simpson_diversity"
"2025-10-30",5.228308221586685,1.1358172325553209,Inf,3.002147352758302,7.454469090415069,"2025-10-30","Bloom","Victor Harbor - Encounter Bay Sanctuary Zone","Simpson diversity","gaussian (identity link)","gaussian","identity","gaussian identity model was specified for a continuous diversity index","start_date_fct","Date-only model used because Status was not represented at every retained sampling date",0,NA,"simpson_diversity"
"2026-01-23",3.5607372142642255,1.1358172305463796,Inf,1.3345763493732945,5.786898079155156,"2026-01-23","Bloom","Victor Harbor - Encounter Bay Sanctuary Zone","Simpson diversity","gaussian (identity link)","gaussian","identity","gaussian identity model was specified for a continuous diversity index","start_date_fct","Date-only model used because Status was not represented at every retained sampling date",0,NA,"simpson_diversity"
"2017-04-12",4.14726061127427,0.5717679294083249,Inf,3.0266160621189133,5.267905160429626,"2017-04-12","Pre-bloom","Windara Reef - Windara Shell fish Reef Sanctuary Zone","Simpson diversity","gaussian (identity link)","gaussian","identity","gaussian identity model was specified for a continuous diversity index","start_date_fct","Date-only fixed effect used",0,NA,"simpson_diversity"
"2017-11-23",3.7889436783271906,0.5717679294083503,Inf,2.668299129171784,4.9095882274825975,"2017-11-23","Pre-bloom","Windara Reef - Windara Shell fish Reef Sanctuary Zone","Simpson diversity","gaussian (identity link)","gaussian","identity","gaussian identity model was specified for a continuous diversity index","start_date_fct","Date-only fixed effect used",0,NA,"simpson_diversity"
"2018-04-24",3.4111481466700457,0.5717679294083902,Inf,2.2905035975145616,4.53179269582553,"2018-04-24","Pre-bloom","Windara Reef - Windara Shell fish Reef Sanctuary Zone","Simpson diversity","gaussian (identity link)","gaussian","identity","gaussian identity model was specified for a continuous diversity index","start_date_fct","Date-only fixed effect used",0,NA,"simpson_diversity"
"2018-11-29",4.121749830238668,0.5717679294084478,Inf,3.001105281083071,5.242394379394266,"2018-11-29","Pre-bloom","Windara Reef - Windara Shell fish Reef Sanctuary Zone","Simpson diversity","gaussian (identity link)","gaussian","identity","gaussian identity model was specified for a continuous diversity index","start_date_fct","Date-only fixed effect used",0,NA,"simpson_diversity"
"2019-10-22",3.814887553016029,0.57176792940836,Inf,2.6942430038606036,4.935532102171455,"2019-10-22","Pre-bloom","Windara Reef - Windara Shell fish Reef Sanctuary Zone","Simpson diversity","gaussian (identity link)","gaussian","identity","gaussian identity model was specified for a continuous diversity index","start_date_fct","Date-only fixed effect used",0,NA,"simpson_diversity"
"2020-10-28",4.171107336839428,0.5717679294084387,Inf,3.050462787683848,5.291751885995007,"2020-10-28","Pre-bloom","Windara Reef - Windara Shell fish Reef Sanctuary Zone","Simpson diversity","gaussian (identity link)","gaussian","identity","gaussian identity model was specified for a continuous diversity index","start_date_fct","Date-only fixed effect used",0,NA,"simpson_diversity"
"2025-10-24",1.2743048589053632,0.5717679294084352,Inf,0.1536603097497904,2.3949494080609357,"2025-10-24","Bloom","Windara Reef - Windara Shell fish Reef Sanctuary Zone","Simpson diversity","gaussian (identity link)","gaussian","identity","gaussian identity model was specified for a continuous diversity index","start_date_fct","Date-only fixed effect used",0,NA,"simpson_diversity"
"2015-12-10",5.841660717390597,1.5144886008826386,Inf,3.5144452639985637,9.7099250020126,"2015-12-10","Pre-bloom","Aldinga - Aldinga Reef Sanctuary Zone","Abundance > 200 mm","Negative binomial nbinom2 (log link)","nbinom2","log","nbinom2 selected: Poisson Pearson dispersion ratio = 5.804, greater than the threshold of 1.5","start_date_fct * Status","Full date x Status interaction used",0,NA,"large_fish"
"2026-02-21",4.536050886479606,1.0880383858113536,Inf,2.834684531009217,7.258570546263553,"2026-02-21","Bloom","Aldinga - Aldinga Reef Sanctuary Zone","Abundance > 200 mm","Negative binomial nbinom2 (log link)","nbinom2","log","nbinom2 selected: Poisson Pearson dispersion ratio = 5.804, greater than the threshold of 1.5","start_date_fct * Status","Full date x Status interaction used",0,NA,"large_fish"
"2016-05-24",1.6208865025997554,0.3594986712290955,Inf,1.0494540598669402,2.5034664734568546,"2016-05-24","Pre-bloom","Bay of Shoals - Bay of Shoals Sanctuary Zone","Abundance > 200 mm","Negative binomial nbinom2 (log link)","nbinom2","log","nbinom2 selected: Poisson Pearson dispersion ratio = 1.855, greater than the threshold of 1.5","start_date_fct * Status","Full date x Status interaction used",0,NA,"large_fish"
"2017-04-05",1.9148543306894978,0.41940127473358796,Inf,1.2465255589723825,2.94150976798508,"2017-04-05","Pre-bloom","Bay of Shoals - Bay of Shoals Sanctuary Zone","Abundance > 200 mm","Negative binomial nbinom2 (log link)","nbinom2","log","nbinom2 selected: Poisson Pearson dispersion ratio = 1.855, greater than the threshold of 1.5","start_date_fct * Status","Full date x Status interaction used",0,NA,"large_fish"
"2018-03-28",1.443137036002944,0.32774103237129143,Inf,0.9246917478655099,2.252258127630949,"2018-03-28","Pre-bloom","Bay of Shoals - Bay of Shoals Sanctuary Zone","Abundance > 200 mm","Negative binomial nbinom2 (log link)","nbinom2","log","nbinom2 selected: Poisson Pearson dispersion ratio = 1.855, greater than the threshold of 1.5","start_date_fct * Status","Full date x Status interaction used",0,NA,"large_fish"
"2026-03-24",2.0564937815928714,0.39979320667378815,Inf,1.4049127180135794,3.0102700470316837,"2026-03-24","Bloom","Bay of Shoals - Bay of Shoals Sanctuary Zone","Abundance > 200 mm","Negative binomial nbinom2 (log link)","nbinom2","log","nbinom2 selected: Poisson Pearson dispersion ratio = 1.855, greater than the threshold of 1.5","start_date_fct * Status","Full date x Status interaction used",0,NA,"large_fish"
"2017-01-12",2.1896883517710592,0.47997459949496546,Inf,1.4249542054352573,3.3648345045708252,"2017-01-12","Pre-bloom","Cape Elizabeth - Cape Elizabeth Sanctuary Zone","Abundance > 200 mm","Negative binomial nbinom2 (log link)","nbinom2","log","nbinom2 selected: Poisson Pearson dispersion ratio = 2.083, greater than the threshold of 1.5","start_date_fct * Status","Full date x Status interaction used",0,NA,"large_fish"
"2026-03-10",3.2081246547670594,0.6876959529889843,Inf,2.107594458537451,4.883322670940387,"2026-03-10","Bloom","Cape Elizabeth - Cape Elizabeth Sanctuary Zone","Abundance > 200 mm","Negative binomial nbinom2 (log link)","nbinom2","log","nbinom2 selected: Poisson Pearson dispersion ratio = 2.083, greater than the threshold of 1.5","start_date_fct * Status","Full date x Status interaction used",0,NA,"large_fish"
"2015-12-10",6.805882450640827,1.2088705200062504,Inf,4.804993617714444,9.639978659112876,"2015-12-10","Pre-bloom","Carrickalinga - Carrickalinga Cliffs Sanctuary Zone","Abundance > 200 mm","Negative binomial nbinom2 (log link)","nbinom2","log","nbinom2 selected: Poisson Pearson dispersion ratio = 4.137, greater than the threshold of 1.5","start_date_fct * Status","Full date x Status interaction used",0,NA,"large_fish"
"2016-12-06",5.966576932951358,0.8524934036430836,Inf,4.509279478259623,7.894840066681169,"2016-12-06","Pre-bloom","Carrickalinga - Carrickalinga Cliffs Sanctuary Zone","Abundance > 200 mm","Negative binomial nbinom2 (log link)","nbinom2","log","nbinom2 selected: Poisson Pearson dispersion ratio = 4.137, greater than the threshold of 1.5","start_date_fct * Status","Full date x Status interaction used",0,NA,"large_fish"
"2017-12-05",9.306633758550591,1.5142381413249484,Inf,6.765465231932827,12.802287639729535,"2017-12-05","Pre-bloom","Carrickalinga - Carrickalinga Cliffs Sanctuary Zone","Abundance > 200 mm","Negative binomial nbinom2 (log link)","nbinom2","log","nbinom2 selected: Poisson Pearson dispersion ratio = 4.137, greater than the threshold of 1.5","start_date_fct * Status","Full date x Status interaction used",0,NA,"large_fish"
"2018-12-11",6.1226332238168615,0.9944649966877305,Inf,4.453304055543585,8.417713483255593,"2018-12-11","Pre-bloom","Carrickalinga - Carrickalinga Cliffs Sanctuary Zone","Abundance > 200 mm","Negative binomial nbinom2 (log link)","nbinom2","log","nbinom2 selected: Poisson Pearson dispersion ratio = 4.137, greater than the threshold of 1.5","start_date_fct * Status","Full date x Status interaction used",0,NA,"large_fish"
"2020-12-04",11.997515474267201,1.5323940153193834,Inf,9.340514442383805,15.41032653427874,"2020-12-04","Pre-bloom","Carrickalinga - Carrickalinga Cliffs Sanctuary Zone","Abundance > 200 mm","Negative binomial nbinom2 (log link)","nbinom2","log","nbinom2 selected: Poisson Pearson dispersion ratio = 4.137, greater than the threshold of 1.5","start_date_fct * Status","Full date x Status interaction used",0,NA,"large_fish"
"2025-02-20",16.467742241109125,2.125596162623343,Inf,12.786864618676402,21.208211911739227,"2025-02-20","Pre-bloom","Carrickalinga - Carrickalinga Cliffs Sanctuary Zone","Abundance > 200 mm","Negative binomial nbinom2 (log link)","nbinom2","log","nbinom2 selected: Poisson Pearson dispersion ratio = 4.137, greater than the threshold of 1.5","start_date_fct * Status","Full date x Status interaction used",0,NA,"large_fish"
"2025-12-17",10.393333507365703,1.3680750035715745,Inf,8.029918957902447,13.452362590661528,"2025-12-17","Bloom","Carrickalinga - Carrickalinga Cliffs Sanctuary Zone","Abundance > 200 mm","Negative binomial nbinom2 (log link)","nbinom2","log","nbinom2 selected: Poisson Pearson dispersion ratio = 4.137, greater than the threshold of 1.5","start_date_fct * Status","Full date x Status interaction used",0,NA,"large_fish"
"2015-11-15",10.590199994589572,2.030079850343039,Inf,7.273337966434992,15.419651395681827,"2015-11-15","Pre-bloom","Chinamans Hat - Chinamans Hat Sanctuary Zone","Abundance > 200 mm","Negative binomial nbinom2 (log link)","nbinom2","log","nbinom2 selected: Poisson Pearson dispersion ratio = 3.586, greater than the threshold of 1.5","start_date_fct * Status","Full date x Status interaction used",0,NA,"large_fish"
"2025-12-04",9.467152579225887,1.8920812511553557,Inf,6.398827192467033,14.006782065290965,"2025-12-04","Bloom","Chinamans Hat - Chinamans Hat Sanctuary Zone","Abundance > 200 mm","Negative binomial nbinom2 (log link)","nbinom2","log","nbinom2 selected: Poisson Pearson dispersion ratio = 3.586, greater than the threshold of 1.5","start_date_fct * Status","Full date x Status interaction used",0,NA,"large_fish"
"2017-01-12",0.6998542112817532,0.2680345014338225,Inf,0.330376493976791,1.4825386369140812,"2017-01-12","Pre-bloom","Cuttlefish Coast - Fairway Bank Sanctuary Zone","Abundance > 200 mm","Negative binomial nbinom2 (log link)","nbinom2","log","nbinom2 selected: Poisson Pearson dispersion ratio = 2.005, greater than the threshold of 1.5","start_date_fct * Status","Full date x Status interaction used",0,NA,"large_fish"
"2026-02-16",6.220166897078405,1.1512312299190872,Inf,4.3277411905475285,8.940108597994747,"2026-02-16","Bloom","Cuttlefish Coast - Fairway Bank Sanctuary Zone","Abundance > 200 mm","Negative binomial nbinom2 (log link)","nbinom2","log","nbinom2 selected: Poisson Pearson dispersion ratio = 2.005, greater than the threshold of 1.5","start_date_fct * Status","Full date x Status interaction used",0,NA,"large_fish"
"2025-11-10",36.090908882207046,2.677841342548781,Inf,31.206216680592632,41.74019930951254,"2025-11-10","Bloom","Dangerous Reef - Dangerous Reef Sanctuary Zone","Abundance > 200 mm","Negative binomial nbinom2 (log link)","nbinom2","log","nbinom2 selected: Poisson Pearson dispersion ratio = 2.459, greater than the threshold of 1.5","start_date_fct","Date-only fixed effect used",0,NA,"large_fish"
"2026-04-08",41.416666022178575,2.8543062909822132,Inf,36.18370251207052,47.406431771885735,"2026-04-08","Bloom","Dangerous Reef - Dangerous Reef Sanctuary Zone","Abundance > 200 mm","Negative binomial nbinom2 (log link)","nbinom2","log","nbinom2 selected: Poisson Pearson dispersion ratio = 2.459, greater than the threshold of 1.5","start_date_fct","Date-only fixed effect used",0,NA,"large_fish"
"2020-10-13",1.87908162666177,1.6704345208794251,Inf,0.3290476176967893,10.730810891059365,"2020-10-13","Pre-bloom","Glenelg","Abundance > 200 mm","Negative binomial nbinom2 (log link)","nbinom2","log","nbinom2 selected: Poisson Pearson dispersion ratio = 4.446, greater than the threshold of 1.5","start_date_fct","Date-only fixed effect used",0,NA,"large_fish"
"2021-10-25",1.4160689136943145,1.201537846028296,Inf,0.2684342035210469,7.470177578075187,"2021-10-25","Pre-bloom","Glenelg","Abundance > 200 mm","Negative binomial nbinom2 (log link)","nbinom2","log","nbinom2 selected: Poisson Pearson dispersion ratio = 4.446, greater than the threshold of 1.5","start_date_fct","Date-only fixed effect used",0,NA,"large_fish"
"2022-12-02",0.8370861384385325,0.7228667336888738,Inf,0.15406856659509105,4.548060767044614,"2022-12-02","Pre-bloom","Glenelg","Abundance > 200 mm","Negative binomial nbinom2 (log link)","nbinom2","log","nbinom2 selected: Poisson Pearson dispersion ratio = 4.446, greater than the threshold of 1.5","start_date_fct","Date-only fixed effect used",0,NA,"large_fish"
"2023-11-23",1.8497662897784182,1.5662471546816588,Inf,0.3518693903155879,9.724163058718425,"2023-11-23","Pre-bloom","Glenelg","Abundance > 200 mm","Negative binomial nbinom2 (log link)","nbinom2","log","nbinom2 selected: Poisson Pearson dispersion ratio = 4.446, greater than the threshold of 1.5","start_date_fct","Date-only fixed effect used",0,NA,"large_fish"
"2026-03-20",0.6397010670322313,0.5614597118151874,Inf,0.114521057822951,3.573294404901704,"2026-03-20","Bloom","Glenelg","Abundance > 200 mm","Negative binomial nbinom2 (log link)","nbinom2","log","nbinom2 selected: Poisson Pearson dispersion ratio = 4.446, greater than the threshold of 1.5","start_date_fct","Date-only fixed effect used",0,NA,"large_fish"
"2026-01-26",1.6840241981634265,0.3813254045372386,Inf,1.0804503018686644,2.6247736662159755,"2026-01-26","Bloom","Middle/Long Spit - Middle Spit Sanctuary Zone","Abundance > 200 mm","Negative binomial nbinom2 (log link)","nbinom2","log","nbinom2 selected: Poisson Pearson dispersion ratio = 2.011, greater than the threshold of 1.5","Status","Status-only fixed effect used",0,"overall","large_fish"
"2021-10-12",0.8238737388314453,0.8817728220036983,Inf,0.10112057419665123,6.712461266449011,"2021-10-12","Pre-bloom","O'Sullivan","Abundance > 200 mm","Poisson (log link)","poisson","log","Poisson retained: Pearson dispersion ratio = 1.15, not greater than the threshold of 1.5","start_date_fct","Date-only fixed effect used",0,NA,"large_fish"
"2022-12-01",0.5005505940020823,0.5361506810360759,Inf,0.06133486372474994,4.084967047130404,"2022-12-01","Pre-bloom","O'Sullivan","Abundance > 200 mm","Poisson (log link)","poisson","log","Poisson retained: Pearson dispersion ratio = 1.15, not greater than the threshold of 1.5","start_date_fct","Date-only fixed effect used",0,NA,"large_fish"
"2023-12-01",1.0882601025196426,1.1498292528045158,Inf,0.13720621497006058,8.631606454521673,"2023-12-01","Pre-bloom","O'Sullivan","Abundance > 200 mm","Poisson (log link)","poisson","log","Poisson retained: Pearson dispersion ratio = 1.15, not greater than the threshold of 1.5","start_date_fct","Date-only fixed effect used",0,NA,"large_fish"
"2024-12-19",0.2666051692306283,0.3069531267484916,Inf,0.027915563610537687,2.546189546882765,"2024-12-19","Pre-bloom","O'Sullivan","Abundance > 200 mm","Poisson (log link)","poisson","log","Poisson retained: Pearson dispersion ratio = 1.15, not greater than the threshold of 1.5","start_date_fct","Date-only fixed effect used",0,NA,"large_fish"
"2025-11-13",0.4519048910811447,0.4765392033494703,Inf,0.0572064058513546,3.569845501458391,"2025-11-13","Bloom","O'Sullivan","Abundance > 200 mm","Poisson (log link)","poisson","log","Poisson retained: Pearson dispersion ratio = 1.15, not greater than the threshold of 1.5","start_date_fct","Date-only fixed effect used",0,NA,"large_fish"
"2026-03-06",0.4011200471280219,0.4245575448620718,Inf,0.05038914681499083,3.193094195437327,"2026-03-06","Bloom","O'Sullivan","Abundance > 200 mm","Poisson (log link)","poisson","log","Poisson retained: Pearson dispersion ratio = 1.15, not greater than the threshold of 1.5","start_date_fct","Date-only fixed effect used",0,NA,"large_fish"
"2016-11-03",2.152974123546636,1.0628975123830537,Inf,0.8181083276400157,5.665872623534804,"2016-11-03","Pre-bloom","Offshore Ardrossan - Offshore Ardrossan Sanctuary Zone","Abundance > 200 mm","Negative binomial nbinom2 (log link)","nbinom2","log","nbinom2 selected: Poisson Pearson dispersion ratio = 1.968, greater than the threshold of 1.5","start_date_fct + Status","Additive date + Status model used because 1 observed date x Status cell(s) contained all zeros",1,NA,"large_fish"
"2025-10-13",0.23367924256658135,0.15509096075405823,Inf,0.06363334955210471,0.8581347483803016,"2025-10-13","Bloom","Offshore Ardrossan - Offshore Ardrossan Sanctuary Zone","Abundance > 200 mm","Negative binomial nbinom2 (log link)","nbinom2","log","nbinom2 selected: Poisson Pearson dispersion ratio = 1.968, greater than the threshold of 1.5","start_date_fct + Status","Additive date + Status model used because 1 observed date x Status cell(s) contained all zeros",1,NA,"large_fish"
"2017-02-03",0.905964164091227,0.25829925249169755,Inf,0.5181137596699832,1.5841522277661813,"2017-02-03","Pre-bloom","Port Gibbon - Port Gibbon Sanctuary Zone","Abundance > 200 mm","Poisson (log link)","poisson","log","Poisson retained: Pearson dispersion ratio = 1.16, not greater than the threshold of 1.5","start_date_fct * Status","Full date x Status interaction used",0,NA,"large_fish"
"2025-11-14",1.7244495364300603,0.36233639506463267,Inf,1.1423480923734746,2.603169930030077,"2025-11-14","Bloom","Port Gibbon - Port Gibbon Sanctuary Zone","Abundance > 200 mm","Poisson (log link)","poisson","log","Poisson retained: Pearson dispersion ratio = 1.16, not greater than the threshold of 1.5","start_date_fct * Status","Full date x Status interaction used",0,NA,"large_fish"
"2021-10-12",8.333333470528286,1.7829072517377162,Inf,5.4790486365816164,12.674544676857156,"2021-10-12","Pre-bloom","Port Noarlunga - Port Noarlunga Reef Sanctuary Zone","Abundance > 200 mm","Negative binomial nbinom2 (log link)","nbinom2","log","nbinom2 selected: Poisson Pearson dispersion ratio = 1.882, greater than the threshold of 1.5","start_date_fct","Date-only fixed effect used",0,NA,"large_fish"
"2022-12-01",7.999998620194553,1.5090252381201275,Inf,5.527507085596076,11.578452443758943,"2022-12-01","Pre-bloom","Port Noarlunga - Port Noarlunga Reef Sanctuary Zone","Abundance > 200 mm","Negative binomial nbinom2 (log link)","nbinom2","log","nbinom2 selected: Poisson Pearson dispersion ratio = 1.882, greater than the threshold of 1.5","start_date_fct","Date-only fixed effect used",0,NA,"large_fish"
"2023-12-01",8.999997899707967,1.862176838026494,Inf,5.999589004454471,13.50091850201878,"2023-12-01","Pre-bloom","Port Noarlunga - Port Noarlunga Reef Sanctuary Zone","Abundance > 200 mm","Negative binomial nbinom2 (log link)","nbinom2","log","nbinom2 selected: Poisson Pearson dispersion ratio = 1.882, greater than the threshold of 1.5","start_date_fct","Date-only fixed effect used",0,NA,"large_fish"
"2024-12-19",9.249998645193346,1.6379974122894851,Inf,6.537477327179014,13.087995667741732,"2024-12-19","Pre-bloom","Port Noarlunga - Port Noarlunga Reef Sanctuary Zone","Abundance > 200 mm","Negative binomial nbinom2 (log link)","nbinom2","log","nbinom2 selected: Poisson Pearson dispersion ratio = 1.882, greater than the threshold of 1.5","start_date_fct","Date-only fixed effect used",0,NA,"large_fish"
"2025-11-13",4.999998108898272,1.04240646230561,Inf,3.322845702138276,7.523665956832911,"2025-11-13","Bloom","Port Noarlunga - Port Noarlunga Reef Sanctuary Zone","Abundance > 200 mm","Negative binomial nbinom2 (log link)","nbinom2","log","nbinom2 selected: Poisson Pearson dispersion ratio = 1.882, greater than the threshold of 1.5","start_date_fct","Date-only fixed effect used",0,NA,"large_fish"
"2015-12-10",9.92877967746565,1.6404379330719907,Inf,7.182240274908772,13.725615143793982,"2015-12-10","Pre-bloom","Rapid Head - Rapid Head Sanctuary Zone","Abundance > 200 mm","Negative binomial nbinom2 (log link)","nbinom2","log","nbinom2 selected: Poisson Pearson dispersion ratio = 3.592, greater than the threshold of 1.5","start_date_fct * Status","Full date x Status interaction used",0,NA,"large_fish"
"2016-12-06",9.03774991374446,1.5659379819200272,Inf,6.435402741629882,12.692433835570764,"2016-12-06","Pre-bloom","Rapid Head - Rapid Head Sanctuary Zone","Abundance > 200 mm","Negative binomial nbinom2 (log link)","nbinom2","log","nbinom2 selected: Poisson Pearson dispersion ratio = 3.592, greater than the threshold of 1.5","start_date_fct * Status","Full date x Status interaction used",0,NA,"large_fish"
"2017-12-05",8.962951018983397,1.537117787274614,Inf,6.404314445899561,12.543808029309153,"2017-12-05","Pre-bloom","Rapid Head - Rapid Head Sanctuary Zone","Abundance > 200 mm","Negative binomial nbinom2 (log link)","nbinom2","log","nbinom2 selected: Poisson Pearson dispersion ratio = 3.592, greater than the threshold of 1.5","start_date_fct * Status","Full date x Status interaction used",0,NA,"large_fish"
"2018-12-11",9.563961176039392,1.7616289275046226,Inf,6.66578301604806,13.72222185399281,"2018-12-11","Pre-bloom","Rapid Head - Rapid Head Sanctuary Zone","Abundance > 200 mm","Negative binomial nbinom2 (log link)","nbinom2","log","nbinom2 selected: Poisson Pearson dispersion ratio = 3.592, greater than the threshold of 1.5","start_date_fct * Status","Full date x Status interaction used",0,NA,"large_fish"
"2021-01-21",8.241023198792895,1.345619057193068,Inf,5.98403862752152,11.349268878495124,"2021-01-21","Pre-bloom","Rapid Head - Rapid Head Sanctuary Zone","Abundance > 200 mm","Negative binomial nbinom2 (log link)","nbinom2","log","nbinom2 selected: Poisson Pearson dispersion ratio = 3.592, greater than the threshold of 1.5","start_date_fct * Status","Full date x Status interaction used",0,NA,"large_fish"
"2025-02-27",9.501252889496236,1.6227362743422855,Inf,6.798335866667487,13.27880943817099,"2025-02-27","Pre-bloom","Rapid Head - Rapid Head Sanctuary Zone","Abundance > 200 mm","Negative binomial nbinom2 (log link)","nbinom2","log","nbinom2 selected: Poisson Pearson dispersion ratio = 3.592, greater than the threshold of 1.5","start_date_fct * Status","Full date x Status interaction used",0,NA,"large_fish"
"2025-12-10",6.592981902881133,1.1040431784585871,Inf,4.748341455877455,9.154230119216587,"2025-12-10","Bloom","Rapid Head - Rapid Head Sanctuary Zone","Abundance > 200 mm","Negative binomial nbinom2 (log link)","nbinom2","log","nbinom2 selected: Poisson Pearson dispersion ratio = 3.592, greater than the threshold of 1.5","start_date_fct * Status","Full date x Status interaction used",0,NA,"large_fish"
"2016-01-20",16.50696690396204,1.860332197022615,Inf,13.235398441225499,20.587212208117595,"2016-01-20","Pre-bloom","Sponge Gardens - Sponge Gardens Sanctuary Zone","Abundance > 200 mm","Negative binomial nbinom2 (log link)","nbinom2","log","nbinom2 selected: Poisson Pearson dispersion ratio = 3.356, greater than the threshold of 1.5","start_date_fct * Status","Full date x Status interaction used",0,NA,"large_fish"
"2016-12-06",8.44985296776337,1.0075845743798344,Inf,6.6888191167545825,10.674532220189974,"2016-12-06","Pre-bloom","Sponge Gardens - Sponge Gardens Sanctuary Zone","Abundance > 200 mm","Negative binomial nbinom2 (log link)","nbinom2","log","nbinom2 selected: Poisson Pearson dispersion ratio = 3.356, greater than the threshold of 1.5","start_date_fct * Status","Full date x Status interaction used",0,NA,"large_fish"
"2017-12-05",11.401755209025797,2.595781118203224,Inf,7.297647380552756,17.81396319490298,"2017-12-05","Pre-bloom","Sponge Gardens - Sponge Gardens Sanctuary Zone","Abundance > 200 mm","Negative binomial nbinom2 (log link)","nbinom2","log","nbinom2 selected: Poisson Pearson dispersion ratio = 3.356, greater than the threshold of 1.5","start_date_fct * Status","Full date x Status interaction used",0,NA,"large_fish"
"2018-01-17",11.197094861752472,1.4931978369392453,Inf,8.621695341825852,14.541795826959994,"2018-01-17","Pre-bloom","Sponge Gardens - Sponge Gardens Sanctuary Zone","Abundance > 200 mm","Negative binomial nbinom2 (log link)","nbinom2","log","nbinom2 selected: Poisson Pearson dispersion ratio = 3.356, greater than the threshold of 1.5","start_date_fct * Status","Full date x Status interaction used",0,NA,"large_fish"
"2019-01-22",10.69090513036381,1.1936161395416587,Inf,8.589733461656795,13.306053443524872,"2019-01-22","Pre-bloom","Sponge Gardens - Sponge Gardens Sanctuary Zone","Abundance > 200 mm","Negative binomial nbinom2 (log link)","nbinom2","log","nbinom2 selected: Poisson Pearson dispersion ratio = 3.356, greater than the threshold of 1.5","start_date_fct * Status","Full date x Status interaction used",0,NA,"large_fish"
"2021-01-21",12.299221154832017,1.3125975593798025,Inf,9.9778202099858,15.160710238502348,"2021-01-21","Pre-bloom","Sponge Gardens - Sponge Gardens Sanctuary Zone","Abundance > 200 mm","Negative binomial nbinom2 (log link)","nbinom2","log","nbinom2 selected: Poisson Pearson dispersion ratio = 3.356, greater than the threshold of 1.5","start_date_fct * Status","Full date x Status interaction used",0,NA,"large_fish"
"2025-04-02",14.282855135569763,1.5981171938506873,Inf,11.470268448360812,17.785106925969522,"2025-04-02","Bloom","Sponge Gardens - Sponge Gardens Sanctuary Zone","Abundance > 200 mm","Negative binomial nbinom2 (log link)","nbinom2","log","nbinom2 selected: Poisson Pearson dispersion ratio = 3.356, greater than the threshold of 1.5","start_date_fct * Status","Full date x Status interaction used",0,NA,"large_fish"
"2026-01-27",16.062374948679185,1.768584714767898,Inf,12.944529126759235,19.931191506890215,"2026-01-27","Bloom","Sponge Gardens - Sponge Gardens Sanctuary Zone","Abundance > 200 mm","Negative binomial nbinom2 (log link)","nbinom2","log","nbinom2 selected: Poisson Pearson dispersion ratio = 3.356, greater than the threshold of 1.5","start_date_fct * Status","Full date x Status interaction used",0,NA,"large_fish"
"2016-04-19",9.177942729316172,3.467518203252394,Inf,4.3767618854634165,19.24587970444015,"2016-04-19","Pre-bloom","The Pages - The Pages Sanctuary Zone","Abundance > 200 mm","Negative binomial nbinom2 (log link)","nbinom2","log","nbinom2 selected: Poisson Pearson dispersion ratio = 2.928, greater than the threshold of 1.5","start_date_fct * Status","Full date x Status interaction used",0,NA,"large_fish"
"2017-06-02",7.031590370410337,2.6796945850246092,Inf,3.3317011759252995,14.840245426127002,"2017-06-02","Pre-bloom","The Pages - The Pages Sanctuary Zone","Abundance > 200 mm","Negative binomial nbinom2 (log link)","nbinom2","log","nbinom2 selected: Poisson Pearson dispersion ratio = 2.928, greater than the threshold of 1.5","start_date_fct * Status","Full date x Status interaction used",0,NA,"large_fish"
"2018-06-26",7.0982716608721415,2.7397374874716123,Inf,3.3312885283665032,15.124916422729388,"2018-06-26","Pre-bloom","The Pages - The Pages Sanctuary Zone","Abundance > 200 mm","Negative binomial nbinom2 (log link)","nbinom2","log","nbinom2 selected: Poisson Pearson dispersion ratio = 2.928, greater than the threshold of 1.5","start_date_fct * Status","Full date x Status interaction used",0,NA,"large_fish"
"2019-06-06",7.558537807244518,2.899030217763582,Inf,3.564221831499221,16.029163302530332,"2019-06-06","Pre-bloom","The Pages - The Pages Sanctuary Zone","Abundance > 200 mm","Negative binomial nbinom2 (log link)","nbinom2","log","nbinom2 selected: Poisson Pearson dispersion ratio = 2.928, greater than the threshold of 1.5","start_date_fct * Status","Full date x Status interaction used",0,NA,"large_fish"
"2021-05-20",5.79041617388078,2.217605346419999,Inf,2.7334921000712384,12.265965380279066,"2021-05-20","Pre-bloom","The Pages - The Pages Sanctuary Zone","Abundance > 200 mm","Negative binomial nbinom2 (log link)","nbinom2","log","nbinom2 selected: Poisson Pearson dispersion ratio = 2.928, greater than the threshold of 1.5","start_date_fct * Status","Full date x Status interaction used",0,NA,"large_fish"
"2025-04-09",3.2198607211189465,1.270566544608579,Inf,1.4857660989683132,6.977883713057937,"2025-04-09","Bloom","The Pages - The Pages Sanctuary Zone","Abundance > 200 mm","Negative binomial nbinom2 (log link)","nbinom2","log","nbinom2 selected: Poisson Pearson dispersion ratio = 2.928, greater than the threshold of 1.5","start_date_fct * Status","Full date x Status interaction used",0,NA,"large_fish"
"2025-12-02",3.393075014812564,1.3064566329679235,Inf,1.5953283131474039,7.216670049208559,"2025-12-02","Bloom","The Pages - The Pages Sanctuary Zone","Abundance > 200 mm","Negative binomial nbinom2 (log link)","nbinom2","log","nbinom2 selected: Poisson Pearson dispersion ratio = 2.928, greater than the threshold of 1.5","start_date_fct * Status","Full date x Status interaction used",0,NA,"large_fish"
"2026-03-01",9.799404117670848,3.692687175915788,Inf,4.682128465934828,20.509544272457603,"2026-03-01","Bloom","The Pages - The Pages Sanctuary Zone","Abundance > 200 mm","Negative binomial nbinom2 (log link)","nbinom2","log","nbinom2 selected: Poisson Pearson dispersion ratio = 2.928, greater than the threshold of 1.5","start_date_fct * Status","Full date x Status interaction used",0,NA,"large_fish"
"2025-10-30",4.107408893304387,2.872657386067625,Inf,1.0429198283439127,16.176514587497763,"2025-10-30","Bloom","Victor Harbor - Encounter Bay Sanctuary Zone","Abundance > 200 mm","Negative binomial nbinom2 (log link)","nbinom2","log","nbinom2 selected: Poisson Pearson dispersion ratio = 2.332, greater than the threshold of 1.5","start_date_fct * Status","Full date x Status interaction used",0,NA,"large_fish"
"2026-01-23",5.171975548060463,3.6141457593306887,Inf,1.3147460841797345,20.34562520596829,"2026-01-23","Bloom","Victor Harbor - Encounter Bay Sanctuary Zone","Abundance > 200 mm","Negative binomial nbinom2 (log link)","nbinom2","log","nbinom2 selected: Poisson Pearson dispersion ratio = 2.332, greater than the threshold of 1.5","start_date_fct * Status","Full date x Status interaction used",0,NA,"large_fish"
"2017-04-12",0.7000000143500114,0.31946396675453487,Inf,0.2861733378415009,1.7122490298568833,"2017-04-12","Pre-bloom","Windara Reef - Windara Shell fish Reef Sanctuary Zone","Abundance > 200 mm","Negative binomial nbinom2 (log link)","nbinom2","log","nbinom2 selected: Poisson Pearson dispersion ratio = 1.726, greater than the threshold of 1.5","start_date_fct","Date-only fixed effect used",0,NA,"large_fish"
"2017-11-23",0.7499999902242515,0.30523267224139966,Inf,0.3377861908137651,1.665254532700852,"2017-11-23","Pre-bloom","Windara Reef - Windara Shell fish Reef Sanctuary Zone","Abundance > 200 mm","Negative binomial nbinom2 (log link)","nbinom2","log","nbinom2 selected: Poisson Pearson dispersion ratio = 1.726, greater than the threshold of 1.5","start_date_fct","Date-only fixed effect used",0,NA,"large_fish"
"2018-04-24",0.7499999976314458,0.3052326747252382,Inf,0.3377861946183111,1.6652545468377644,"2018-04-24","Pre-bloom","Windara Reef - Windara Shell fish Reef Sanctuary Zone","Abundance > 200 mm","Negative binomial nbinom2 (log link)","nbinom2","log","nbinom2 selected: Poisson Pearson dispersion ratio = 1.726, greater than the threshold of 1.5","start_date_fct","Date-only fixed effect used",0,NA,"large_fish"
"2018-11-29",0.5454545408671926,0.2593875969867891,Inf,0.21477060125251168,1.3852950749196657,"2018-11-29","Pre-bloom","Windara Reef - Windara Shell fish Reef Sanctuary Zone","Abundance > 200 mm","Negative binomial nbinom2 (log link)","nbinom2","log","nbinom2 selected: Poisson Pearson dispersion ratio = 1.726, greater than the threshold of 1.5","start_date_fct","Date-only fixed effect used",0,NA,"large_fish"
"2019-10-22",1.1111111072801345,0.4617360099442326,Inf,0.49207366628883703,2.508908680345071,"2019-10-22","Pre-bloom","Windara Reef - Windara Shell fish Reef Sanctuary Zone","Abundance > 200 mm","Negative binomial nbinom2 (log link)","nbinom2","log","nbinom2 selected: Poisson Pearson dispersion ratio = 1.726, greater than the threshold of 1.5","start_date_fct","Date-only fixed effect used",0,NA,"large_fish"
"2020-10-28",2.3333333364225672,0.7009069633581813,Inf,1.2950467979438152,4.20405229178218,"2020-10-28","Pre-bloom","Windara Reef - Windara Shell fish Reef Sanctuary Zone","Abundance > 200 mm","Negative binomial nbinom2 (log link)","nbinom2","log","nbinom2 selected: Poisson Pearson dispersion ratio = 1.726, greater than the threshold of 1.5","start_date_fct","Date-only fixed effect used",0,NA,"large_fish"
"2025-10-24",0.25000000036094966,0.1556944912984841,Inf,0.07376161976339685,0.847324128468903,"2025-10-24","Bloom","Windara Reef - Windara Shell fish Reef Sanctuary Zone","Abundance > 200 mm","Negative binomial nbinom2 (log link)","nbinom2","log","nbinom2 selected: Poisson Pearson dispersion ratio = 1.726, greater than the threshold of 1.5","start_date_fct","Date-only fixed effect used",0,NA,"large_fish"
