spatial_level,spatial_group,metric_group,metric,comparison_type,comparison_period,comparison_scope,status,pre_bloom_mean,pre_bloom_se,n_pre_bloom,comparison_mean,comparison_se,n_comparison,absolute_change,percentage,percentage_change,baseline_zero,impact
location,Carrickalinga,b20,M1 fish B20 biomass,period,Bloom,by_status,Fished,3.018730150409271,0.34662508096335903,212,1.1091645964952743,0.2419189349833974,44,-1.9095655539139966,36.74275411284765,-63.25724588715235,FALSE,High
location,Carrickalinga,b20,M1 fish B20 biomass,period,Bloom,by_status,No-take,6.342233604669999,0.8550574506122282,166,7.8905666672033234,3.6285387134843843,20,1.5483330625333247,124.41305633071029,24.41305633071029,FALSE,Low
location,Carrickalinga,b20,M1 fish B20 biomass,period,Bloom,overall,Overall,4.478258122386205,0.43064385755177165,378,3.22835274359154,1.1938008719566349,64,-1.2499053787946646,72.0894744198295,-27.9105255801705,FALSE,Medium
location,Carrickalinga,b20,M1 fish B20 biomass,period_split,Bloom 2026-01,by_status,Fished,3.018730150409271,0.34662508096335903,212,1.1091645964952743,0.2419189349833974,44,-1.9095655539139966,36.74275411284765,-63.25724588715235,FALSE,High
location,Carrickalinga,b20,M1 fish B20 biomass,period_split,Bloom 2026-01,by_status,No-take,6.342233604669999,0.8550574506122282,166,7.8905666672033234,3.6285387134843843,20,1.5483330625333247,124.41305633071029,24.41305633071029,FALSE,Low
location,Carrickalinga,b20,M1 fish B20 biomass,period_split,Bloom 2026-01,overall,Overall,4.478258122386205,0.43064385755177165,378,3.22835274359154,1.1938008719566349,64,-1.2499053787946646,72.0894744198295,-27.9105255801705,FALSE,Medium
location,Carrickalinga,b20,M2 fish B20 biomass,period,Bloom,by_status,Fished,0.03406722135647954,0.009567335495836701,211,0.02022995616107387,0.014518916263090905,44,-0.013837265195405672,59.382466064336526,-40.617533935663474,FALSE,Medium
location,Carrickalinga,b20,M2 fish B20 biomass,period,Bloom,by_status,No-take,0.1558159970953726,0.13870664179796244,165,0.011688888535063766,0.011688888535063764,19,-0.14412710856030886,7.501725594907417,-92.49827440509259,FALSE,High
location,Carrickalinga,b20,M2 fish B20 biomass,period,Bloom,overall,Overall,0.08749421070998314,0.06108069896586702,376,0.01765407862307082,0.010691971552313613,63,-0.06984013208691232,20.17742486024447,-79.82257513975553,FALSE,High
location,Carrickalinga,b20,M2 fish B20 biomass,period_split,Bloom 2026-01,by_status,Fished,0.03406722135647954,0.009567335495836701,211,0.02022995616107387,0.014518916263090905,44,-0.013837265195405672,59.382466064336526,-40.617533935663474,FALSE,Medium
location,Carrickalinga,b20,M2 fish B20 biomass,period_split,Bloom 2026-01,by_status,No-take,0.1558159970953726,0.13870664179796244,165,0.011688888535063766,0.011688888535063764,19,-0.14412710856030886,7.501725594907417,-92.49827440509259,FALSE,High
location,Carrickalinga,b20,M2 fish B20 biomass,period_split,Bloom 2026-01,overall,Overall,0.08749421070998314,0.06108069896586702,376,0.01765407862307082,0.010691971552313613,63,-0.06984013208691232,20.17742486024447,-79.82257513975553,FALSE,High
location,Carrickalinga,invert_phylum_abundance,M2 invertebrate Arthropoda abundance,period,Bloom,by_status,Fished,1.009433962264151,0.07960730489057057,212,3.9431818181818183,0.5848275231120302,44,2.9337478559176673,390.63296516567544,290.63296516567544,FALSE,Low
location,Carrickalinga,invert_phylum_abundance,M2 invertebrate Arthropoda abundance,period,Bloom,by_status,No-take,1.680722891566265,0.20509023590854872,166,6.75,1.2526288146807183,20,5.0692771084337345,401.6129032258064,301.6129032258064,FALSE,Low
location,Carrickalinga,invert_phylum_abundance,M2 invertebrate Arthropoda abundance,period,Bloom,overall,Overall,1.3042328042328042,0.10182375619992383,378,4.8203125,0.5789982612626214,64,3.516079695767196,369.58988336714,269.58988336714,FALSE,Low
location,Carrickalinga,invert_phylum_abundance,M2 invertebrate Arthropoda abundance,period_split,Bloom 2026-01,by_status,Fished,1.009433962264151,0.07960730489057057,212,3.9431818181818183,0.5848275231120302,44,2.9337478559176673,390.63296516567544,290.63296516567544,FALSE,Low
location,Carrickalinga,invert_phylum_abundance,M2 invertebrate Arthropoda abundance,period_split,Bloom 2026-01,by_status,No-take,1.680722891566265,0.20509023590854872,166,6.75,1.2526288146807183,20,5.0692771084337345,401.6129032258064,301.6129032258064,FALSE,Low
location,Carrickalinga,invert_phylum_abundance,M2 invertebrate Arthropoda abundance,period_split,Bloom 2026-01,overall,Overall,1.3042328042328042,0.10182375619992383,378,4.8203125,0.5789982612626214,64,3.516079695767196,369.58988336714,269.58988336714,FALSE,Low
location,Carrickalinga,invert_phylum_abundance,M2 invertebrate Chordata abundance,period,Bloom,by_status,Fished,0.014150943396226415,0.010527476228475167,212,0,0,44,-0.014150943396226415,0,-100,FALSE,High
location,Carrickalinga,invert_phylum_abundance,M2 invertebrate Chordata abundance,period,Bloom,by_status,No-take,0.030120481927710843,0.015813578987929983,166,0,0,20,-0.030120481927710843,0,-100,FALSE,High
location,Carrickalinga,invert_phylum_abundance,M2 invertebrate Chordata abundance,period,Bloom,overall,Overall,0.021164021164021163,0.009111469431989616,378,0,0,64,-0.021164021164021163,0,-100,FALSE,High
location,Carrickalinga,invert_phylum_abundance,M2 invertebrate Chordata abundance,period_split,Bloom 2026-01,by_status,Fished,0.014150943396226415,0.010527476228475167,212,0,0,44,-0.014150943396226415,0,-100,FALSE,High
location,Carrickalinga,invert_phylum_abundance,M2 invertebrate Chordata abundance,period_split,Bloom 2026-01,by_status,No-take,0.030120481927710843,0.015813578987929983,166,0,0,20,-0.030120481927710843,0,-100,FALSE,High
location,Carrickalinga,invert_phylum_abundance,M2 invertebrate Chordata abundance,period_split,Bloom 2026-01,overall,Overall,0.021164021164021163,0.009111469431989616,378,0,0,64,-0.021164021164021163,0,-100,FALSE,High
location,Carrickalinga,invert_phylum_abundance,M2 invertebrate Cnidaria abundance,period,Bloom,by_status,Fished,0,0,212,0,0,44,0,NA,NA,TRUE,Undefined - pre-bloom zero
location,Carrickalinga,invert_phylum_abundance,M2 invertebrate Cnidaria abundance,period,Bloom,by_status,No-take,0,0,166,0,0,20,0,NA,NA,TRUE,Undefined - pre-bloom zero
location,Carrickalinga,invert_phylum_abundance,M2 invertebrate Cnidaria abundance,period,Bloom,overall,Overall,0,0,378,0,0,64,0,NA,NA,TRUE,Undefined - pre-bloom zero
location,Carrickalinga,invert_phylum_abundance,M2 invertebrate Cnidaria abundance,period_split,Bloom 2026-01,by_status,Fished,0,0,212,0,0,44,0,NA,NA,TRUE,Undefined - pre-bloom zero
location,Carrickalinga,invert_phylum_abundance,M2 invertebrate Cnidaria abundance,period_split,Bloom 2026-01,by_status,No-take,0,0,166,0,0,20,0,NA,NA,TRUE,Undefined - pre-bloom zero
location,Carrickalinga,invert_phylum_abundance,M2 invertebrate Cnidaria abundance,period_split,Bloom 2026-01,overall,Overall,0,0,378,0,0,64,0,NA,NA,TRUE,Undefined - pre-bloom zero
location,Carrickalinga,invert_phylum_abundance,M2 invertebrate Echinodermata abundance,period,Bloom,by_status,Fished,5.615566037735849,0.767183237917639,212,1.25,0.18712524211550527,44,-4.365566037735849,22.259554808903818,-77.74044519109619,FALSE,High
location,Carrickalinga,invert_phylum_abundance,M2 invertebrate Echinodermata abundance,period,Bloom,by_status,No-take,5.2379518072289155,1.6950451911984477,166,0.55,0.1446411166701189,20,-4.687951807228916,10.500287521564118,-89.49971247843588,FALSE,High
location,Carrickalinga,invert_phylum_abundance,M2 invertebrate Echinodermata abundance,period,Bloom,overall,Overall,5.449735449735449,0.8585304560958075,378,1.03125,0.1416819844659942,64,-4.418485449735449,18.922936893203886,-81.07706310679612,FALSE,High
location,Carrickalinga,invert_phylum_abundance,M2 invertebrate Echinodermata abundance,period_split,Bloom 2026-01,by_status,Fished,5.615566037735849,0.767183237917639,212,1.25,0.18712524211550527,44,-4.365566037735849,22.259554808903818,-77.74044519109619,FALSE,High
location,Carrickalinga,invert_phylum_abundance,M2 invertebrate Echinodermata abundance,period_split,Bloom 2026-01,by_status,No-take,5.2379518072289155,1.6950451911984477,166,0.55,0.1446411166701189,20,-4.687951807228916,10.500287521564118,-89.49971247843588,FALSE,High
location,Carrickalinga,invert_phylum_abundance,M2 invertebrate Echinodermata abundance,period_split,Bloom 2026-01,overall,Overall,5.449735449735449,0.8585304560958075,378,1.03125,0.1416819844659942,64,-4.418485449735449,18.922936893203886,-81.07706310679612,FALSE,High
location,Carrickalinga,invert_phylum_abundance,M2 invertebrate Mollusca abundance,period,Bloom,by_status,Fished,6.264150943396227,0.692640370533658,212,3.2613636363636362,0.5331229138972682,44,-3.0027873070325906,52.06393756845563,-47.93606243154437,FALSE,Medium
location,Carrickalinga,invert_phylum_abundance,M2 invertebrate Mollusca abundance,period,Bloom,by_status,No-take,34.99096385542169,4.475821362514528,166,12.65,2.6378071035975075,20,-22.34096385542169,36.15219075492812,-63.84780924507188,FALSE,High
location,Carrickalinga,invert_phylum_abundance,M2 invertebrate Mollusca abundance,period,Bloom,overall,Overall,18.87962962962963,2.1307531532204607,378,6.1953125,1.0439033835770204,64,-12.68431712962963,32.814798921039724,-67.18520107896028,FALSE,High
location,Carrickalinga,invert_phylum_abundance,M2 invertebrate Mollusca abundance,period_split,Bloom 2026-01,by_status,Fished,6.264150943396227,0.692640370533658,212,3.2613636363636362,0.5331229138972682,44,-3.0027873070325906,52.06393756845563,-47.93606243154437,FALSE,Medium
location,Carrickalinga,invert_phylum_abundance,M2 invertebrate Mollusca abundance,period_split,Bloom 2026-01,by_status,No-take,34.99096385542169,4.475821362514528,166,12.65,2.6378071035975075,20,-22.34096385542169,36.15219075492812,-63.84780924507188,FALSE,High
location,Carrickalinga,invert_phylum_abundance,M2 invertebrate Mollusca abundance,period_split,Bloom 2026-01,overall,Overall,18.87962962962963,2.1307531532204607,378,6.1953125,1.0439033835770204,64,-12.68431712962963,32.814798921039724,-67.18520107896028,FALSE,High
location,Carrickalinga,invert_phylum_abundance,M2 invertebrate Platyhelminthes abundance,period,Bloom,by_status,Fished,0,0,212,0,0,44,0,NA,NA,TRUE,Undefined - pre-bloom zero
location,Carrickalinga,invert_phylum_abundance,M2 invertebrate Platyhelminthes abundance,period,Bloom,by_status,No-take,0,0,166,0,0,20,0,NA,NA,TRUE,Undefined - pre-bloom zero
location,Carrickalinga,invert_phylum_abundance,M2 invertebrate Platyhelminthes abundance,period,Bloom,overall,Overall,0,0,378,0,0,64,0,NA,NA,TRUE,Undefined - pre-bloom zero
location,Carrickalinga,invert_phylum_abundance,M2 invertebrate Platyhelminthes abundance,period_split,Bloom 2026-01,by_status,Fished,0,0,212,0,0,44,0,NA,NA,TRUE,Undefined - pre-bloom zero
location,Carrickalinga,invert_phylum_abundance,M2 invertebrate Platyhelminthes abundance,period_split,Bloom 2026-01,by_status,No-take,0,0,166,0,0,20,0,NA,NA,TRUE,Undefined - pre-bloom zero
location,Carrickalinga,invert_phylum_abundance,M2 invertebrate Platyhelminthes abundance,period_split,Bloom 2026-01,overall,Overall,0,0,378,0,0,64,0,NA,NA,TRUE,Undefined - pre-bloom zero
location,Carrickalinga,invert_phylum_richness,M2 invertebrate Arthropoda species richness,period,Bloom,by_status,Fished,0.6014150943396226,0.03943669562035604,212,1.5227272727272727,0.12691924636941931,44,0.9213121783876501,253.1907308377897,153.1907308377897,FALSE,Low
location,Carrickalinga,invert_phylum_richness,M2 invertebrate Arthropoda species richness,period,Bloom,by_status,No-take,0.7891566265060241,0.04445133529470131,166,1.8,0.1327839559109775,20,1.010843373493976,228.0916030534351,128.0916030534351,FALSE,Low
location,Carrickalinga,invert_phylum_richness,M2 invertebrate Arthropoda species richness,period,Bloom,overall,Overall,0.6838624338624338,0.029849472051597326,378,1.609375,0.09737931964663375,64,0.9255125661375662,235.33607350096713,135.33607350096713,FALSE,Low
location,Carrickalinga,invert_phylum_richness,M2 invertebrate Arthropoda species richness,period_split,Bloom 2026-01,by_status,Fished,0.6014150943396226,0.03943669562035604,212,1.5227272727272727,0.12691924636941931,44,0.9213121783876501,253.1907308377897,153.1907308377897,FALSE,Low
location,Carrickalinga,invert_phylum_richness,M2 invertebrate Arthropoda species richness,period_split,Bloom 2026-01,by_status,No-take,0.7891566265060241,0.04445133529470131,166,1.8,0.1327839559109775,20,1.010843373493976,228.0916030534351,128.0916030534351,FALSE,Low
location,Carrickalinga,invert_phylum_richness,M2 invertebrate Arthropoda species richness,period_split,Bloom 2026-01,overall,Overall,0.6838624338624338,0.029849472051597326,378,1.609375,0.09737931964663375,64,0.9255125661375662,235.33607350096713,135.33607350096713,FALSE,Low
location,Carrickalinga,invert_phylum_richness,M2 invertebrate Echinodermata species richness,period,Bloom,by_status,Fished,2.186320754716981,0.09437245136576401,212,0.9659090909090909,0.10073425896044795,44,-1.2204116638078903,44.179660684515056,-55.820339315484944,FALSE,High
location,Carrickalinga,invert_phylum_richness,M2 invertebrate Echinodermata species richness,period,Bloom,by_status,No-take,1.9367469879518073,0.0770451576126306,166,0.525,0.12811898252878268,20,-1.4117469879518074,27.107309486780718,-72.89269051321928,FALSE,High
location,Carrickalinga,invert_phylum_richness,M2 invertebrate Echinodermata species richness,period,Bloom,overall,Overall,2.0767195767195767,0.0630650607560719,378,0.828125,0.08349593511396561,64,-1.2485945767195767,39.876592356687894,-60.123407643312106,FALSE,High
location,Carrickalinga,invert_phylum_richness,M2 invertebrate Echinodermata species richness,period_split,Bloom 2026-01,by_status,Fished,2.186320754716981,0.09437245136576401,212,0.9659090909090909,0.10073425896044795,44,-1.2204116638078903,44.179660684515056,-55.820339315484944,FALSE,High
location,Carrickalinga,invert_phylum_richness,M2 invertebrate Echinodermata species richness,period_split,Bloom 2026-01,by_status,No-take,1.9367469879518073,0.0770451576126306,166,0.525,0.12811898252878268,20,-1.4117469879518074,27.107309486780718,-72.89269051321928,FALSE,High
location,Carrickalinga,invert_phylum_richness,M2 invertebrate Echinodermata species richness,period_split,Bloom 2026-01,overall,Overall,2.0767195767195767,0.0630650607560719,378,0.828125,0.08349593511396561,64,-1.2485945767195767,39.876592356687894,-60.123407643312106,FALSE,High
location,Carrickalinga,invert_phylum_richness,M2 invertebrate Mollusca species richness,period,Bloom,by_status,Fished,1.8443396226415094,0.07767167679116696,212,1.4659090909090908,0.167683608679091,44,-0.3784305317324186,79.481515926528715,-20.518484073471285,FALSE,Medium
location,Carrickalinga,invert_phylum_richness,M2 invertebrate Mollusca species richness,period,Bloom,by_status,No-take,2.63855421686747,0.09925116722437848,166,2.7,0.2910959328215754,20,0.06144578313253035,102.32876712328769,2.3287671232876903,FALSE,Low
location,Carrickalinga,invert_phylum_richness,M2 invertebrate Mollusca species richness,period,Bloom,overall,Overall,2.193121693121693,0.06480074298817962,378,1.8515625,0.16240064403821733,64,-0.34155919312169303,84.4258896260555,-15.574110373944507,FALSE,Low
location,Carrickalinga,invert_phylum_richness,M2 invertebrate Mollusca species richness,period_split,Bloom 2026-01,by_status,Fished,1.8443396226415094,0.07767167679116696,212,1.4659090909090908,0.167683608679091,44,-0.3784305317324186,79.481515926528715,-20.518484073471285,FALSE,Medium
location,Carrickalinga,invert_phylum_richness,M2 invertebrate Mollusca species richness,period_split,Bloom 2026-01,by_status,No-take,2.63855421686747,0.09925116722437848,166,2.7,0.2910959328215754,20,0.06144578313253035,102.32876712328769,2.3287671232876903,FALSE,Low
location,Carrickalinga,invert_phylum_richness,M2 invertebrate Mollusca species richness,period_split,Bloom 2026-01,overall,Overall,2.193121693121693,0.06480074298817962,378,1.8515625,0.16240064403821733,64,-0.34155919312169303,84.4258896260555,-15.574110373944507,FALSE,Low
location,Carrickalinga,invert_phylum_shannon,M2 invertebrate Arthropoda Shannon diversity,period,Bloom,by_status,Fished,0.06200091196583198,0.011236203771297772,212,0.3737364961503719,0.0492016309628397,44,0.31173558418453995,602.7919336998365,502.7919336998365,FALSE,Low
location,Carrickalinga,invert_phylum_shannon,M2 invertebrate Arthropoda Shannon diversity,period,Bloom,by_status,No-take,0.08400277288465,0.014369606800294163,166,0.4474105536718155,0.05446789723476188,20,0.3634077807871655,532.6140296418379,432.6140296418379,FALSE,Low
location,Carrickalinga,invert_phylum_shannon,M2 invertebrate Arthropoda Shannon diversity,period,Bloom,overall,Overall,0.07166310485610657,0.00892375022507135,378,0.396759639125823,0.03786906152327074,64,0.32509653426971646,553.6456171170405,453.6456171170405,FALSE,Low
location,Carrickalinga,invert_phylum_shannon,M2 invertebrate Arthropoda Shannon diversity,period_split,Bloom 2026-01,by_status,Fished,0.06200091196583198,0.011236203771297772,212,0.3737364961503719,0.0492016309628397,44,0.31173558418453995,602.7919336998365,502.7919336998365,FALSE,Low
location,Carrickalinga,invert_phylum_shannon,M2 invertebrate Arthropoda Shannon diversity,period_split,Bloom 2026-01,by_status,No-take,0.08400277288465,0.014369606800294163,166,0.4474105536718155,0.05446789723476188,20,0.3634077807871655,532.6140296418379,432.6140296418379,FALSE,Low
location,Carrickalinga,invert_phylum_shannon,M2 invertebrate Arthropoda Shannon diversity,period_split,Bloom 2026-01,overall,Overall,0.07166310485610657,0.00892375022507135,378,0.396759639125823,0.03786906152327074,64,0.32509653426971646,553.6456171170405,453.6456171170405,FALSE,Low
location,Carrickalinga,invert_phylum_shannon,M2 invertebrate Echinodermata Shannon diversity,period,Bloom,by_status,Fished,0.5722048162691947,0.030647773120626477,212,0.20159956542250299,0.03966714575785141,44,-0.3706052508466917,35.232063710498394,-64.7679362895016,FALSE,High
location,Carrickalinga,invert_phylum_shannon,M2 invertebrate Echinodermata Shannon diversity,period,Bloom,by_status,No-take,0.5368248572160937,0.03207713041132157,166,0.06065037829899521,0.033908233728071675,20,-0.4761744789170985,11.297982476728155,-88.70201752327185,FALSE,High
location,Carrickalinga,invert_phylum_shannon,M2 invertebrate Echinodermata Shannon diversity,period,Bloom,overall,Overall,0.5566675855739176,0.022213074697777974,378,0.1575529444464068,0.030240059359622224,64,-0.3991146411275108,28.302877431595302,-71.6971225684047,FALSE,High
location,Carrickalinga,invert_phylum_shannon,M2 invertebrate Echinodermata Shannon diversity,period_split,Bloom 2026-01,by_status,Fished,0.5722048162691947,0.030647773120626477,212,0.20159956542250299,0.03966714575785141,44,-0.3706052508466917,35.232063710498394,-64.7679362895016,FALSE,High
location,Carrickalinga,invert_phylum_shannon,M2 invertebrate Echinodermata Shannon diversity,period_split,Bloom 2026-01,by_status,No-take,0.5368248572160937,0.03207713041132157,166,0.06065037829899521,0.033908233728071675,20,-0.4761744789170985,11.297982476728155,-88.70201752327185,FALSE,High
location,Carrickalinga,invert_phylum_shannon,M2 invertebrate Echinodermata Shannon diversity,period_split,Bloom 2026-01,overall,Overall,0.5566675855739176,0.022213074697777974,378,0.1575529444464068,0.030240059359622224,64,-0.3991146411275108,28.302877431595302,-71.6971225684047,FALSE,High
location,Carrickalinga,invert_phylum_shannon,M2 invertebrate Mollusca Shannon diversity,period,Bloom,by_status,Fished,0.43371086968780126,0.02651329120764915,212,0.32890566759079237,0.05683558476896294,44,-0.10480520209700889,75.8352373846542,-24.164762615345794,FALSE,Medium
location,Carrickalinga,invert_phylum_shannon,M2 invertebrate Mollusca Shannon diversity,period,Bloom,by_status,No-take,0.5440529699968364,0.027998767529532356,166,0.6583194193399667,0.09975225984799951,20,0.11426644934313035,121.00281693964372,21.002816939643722,FALSE,Low
location,Carrickalinga,invert_phylum_shannon,M2 invertebrate Mollusca Shannon diversity,period,Bloom,overall,Overall,0.48216798252192783,0.019475165259234022,378,0.4318474650124094,0.05313801508808523,64,-0.050320517509518436,89.56369577956579,-10.43630422043421,FALSE,Low
location,Carrickalinga,invert_phylum_shannon,M2 invertebrate Mollusca Shannon diversity,period_split,Bloom 2026-01,by_status,Fished,0.43371086968780126,0.02651329120764915,212,0.32890566759079237,0.05683558476896294,44,-0.10480520209700889,75.8352373846542,-24.164762615345794,FALSE,Medium
location,Carrickalinga,invert_phylum_shannon,M2 invertebrate Mollusca Shannon diversity,period_split,Bloom 2026-01,by_status,No-take,0.5440529699968364,0.027998767529532356,166,0.6583194193399667,0.09975225984799951,20,0.11426644934313035,121.00281693964372,21.002816939643722,FALSE,Low
location,Carrickalinga,invert_phylum_shannon,M2 invertebrate Mollusca Shannon diversity,period_split,Bloom 2026-01,overall,Overall,0.48216798252192783,0.019475165259234022,378,0.4318474650124094,0.05313801508808523,64,-0.050320517509518436,89.56369577956579,-10.43630422043421,FALSE,Low
location,Carrickalinga,invert_phylum_simpson,M2 invertebrate Arthropoda Simpson diversity,period,Bloom,by_status,Fished,0.5865985087794189,0.037205206423381876,212,1.3537085981129124,0.10058086531072614,44,0.7671100893334936,230.77259451778679,130.77259451778679,FALSE,Low
location,Carrickalinga,invert_phylum_simpson,M2 invertebrate Arthropoda Simpson diversity,period,Bloom,by_status,No-take,0.7649780831499386,0.04194654058851818,166,1.5435760510374295,0.10131232031075384,20,0.7785979678874908,201.78042809821034,101.78042809821034,FALSE,Low
location,Carrickalinga,invert_phylum_simpson,M2 invertebrate Arthropoda Simpson diversity,period,Bloom,overall,Overall,0.6649345123389593,0.028168656297595882,378,1.413042177151824,0.07640306530395952,64,0.7481076648128647,212.50847277897148,112.50847277897148,FALSE,Low
location,Carrickalinga,invert_phylum_simpson,M2 invertebrate Arthropoda Simpson diversity,period_split,Bloom 2026-01,by_status,Fished,0.5865985087794189,0.037205206423381876,212,1.3537085981129124,0.10058086531072614,44,0.7671100893334936,230.77259451778679,130.77259451778679,FALSE,Low
location,Carrickalinga,invert_phylum_simpson,M2 invertebrate Arthropoda Simpson diversity,period_split,Bloom 2026-01,by_status,No-take,0.7649780831499386,0.04194654058851818,166,1.5435760510374295,0.10131232031075384,20,0.7785979678874908,201.78042809821034,101.78042809821034,FALSE,Low
location,Carrickalinga,invert_phylum_simpson,M2 invertebrate Arthropoda Simpson diversity,period_split,Bloom 2026-01,overall,Overall,0.6649345123389593,0.028168656297595882,378,1.413042177151824,0.07640306530395952,64,0.7481076648128647,212.50847277897148,112.50847277897148,FALSE,Low
location,Carrickalinga,invert_phylum_simpson,M2 invertebrate Echinodermata Simpson diversity,period,Bloom,by_status,Fished,1.8078872386936786,0.07266778026800075,212,0.9231347084288261,0.091021005194231,44,-0.8847525302648526,51.06152024701793,-48.93847975298207,FALSE,Medium
location,Carrickalinga,invert_phylum_simpson,M2 invertebrate Echinodermata Simpson diversity,period,Bloom,by_status,No-take,1.751333400662413,0.06777758062942296,166,0.5166666666666666,0.12324795527525867,20,-1.2346667339957464,29.501331184070718,-70.49866881592928,FALSE,High
location,Carrickalinga,invert_phylum_simpson,M2 invertebrate Echinodermata Simpson diversity,period,Bloom,overall,Overall,1.7830514262249217,0.050424081253779535,378,0.7961134453781512,0.07669841437642286,64,-0.9869379808467705,44.648933489466614,-55.351066510533386,FALSE,High
location,Carrickalinga,invert_phylum_simpson,M2 invertebrate Echinodermata Simpson diversity,period_split,Bloom 2026-01,by_status,Fished,1.8078872386936786,0.07266778026800075,212,0.9231347084288261,0.091021005194231,44,-0.8847525302648526,51.06152024701793,-48.93847975298207,FALSE,Medium
location,Carrickalinga,invert_phylum_simpson,M2 invertebrate Echinodermata Simpson diversity,period_split,Bloom 2026-01,by_status,No-take,1.751333400662413,0.06777758062942296,166,0.5166666666666666,0.12324795527525867,20,-1.2346667339957464,29.501331184070718,-70.49866881592928,FALSE,High
location,Carrickalinga,invert_phylum_simpson,M2 invertebrate Echinodermata Simpson diversity,period_split,Bloom 2026-01,overall,Overall,1.7830514262249217,0.050424081253779535,378,0.7961134453781512,0.07669841437642286,64,-0.9869379808467705,44.648933489466614,-55.351066510533386,FALSE,High
location,Carrickalinga,invert_phylum_simpson,M2 invertebrate Mollusca Simpson diversity,period,Bloom,by_status,Fished,1.470708718192626,0.055603895457638296,212,1.2379895518501218,0.11893177254003595,44,-0.2327191663425041,84.17639309104689,-15.82360690895311,FALSE,Low
location,Carrickalinga,invert_phylum_simpson,M2 invertebrate Mollusca Simpson diversity,period,Bloom,by_status,No-take,1.6487296779319671,0.05262638978738575,166,1.9308515507023059,0.1783836684312122,20,0.28212187277033873,117.1114693055207,17.1114693055207,FALSE,Low
location,Carrickalinga,invert_phylum_simpson,M2 invertebrate Mollusca Simpson diversity,period,Bloom,overall,Overall,1.5488872349035536,0.0390322457353422,378,1.4545089264914295,0.10617652794879587,64,-0.09437830841212413,93.90670241930162,-6.093297580698376,FALSE,Low
location,Carrickalinga,invert_phylum_simpson,M2 invertebrate Mollusca Simpson diversity,period_split,Bloom 2026-01,by_status,Fished,1.470708718192626,0.055603895457638296,212,1.2379895518501218,0.11893177254003595,44,-0.2327191663425041,84.17639309104689,-15.82360690895311,FALSE,Low
location,Carrickalinga,invert_phylum_simpson,M2 invertebrate Mollusca Simpson diversity,period_split,Bloom 2026-01,by_status,No-take,1.6487296779319671,0.05262638978738575,166,1.9308515507023059,0.1783836684312122,20,0.28212187277033873,117.1114693055207,17.1114693055207,FALSE,Low
location,Carrickalinga,invert_phylum_simpson,M2 invertebrate Mollusca Simpson diversity,period_split,Bloom 2026-01,overall,Overall,1.5488872349035536,0.0390322457353422,378,1.4545089264914295,0.10617652794879587,64,-0.09437830841212413,93.90670241930162,-6.093297580698376,FALSE,Low
location,Carrickalinga,shannon_diversity,M1 fish Shannon diversity,period,Bloom,by_status,Fished,1.072318780907807,0.038223962781377435,212,1.04202854322214,0.08381403316183005,44,-0.030290237685667076,97.1752581205354,-2.8247418794645966,FALSE,Low
location,Carrickalinga,shannon_diversity,M1 fish Shannon diversity,period,Bloom,by_status,No-take,1.5506552931414153,0.03284224130035819,166,1.3957437719595593,0.06154876994700186,20,-0.15491152118185592,90.00993180966567,-9.990068190334327,FALSE,Low
location,Carrickalinga,shannon_diversity,M1 fish Shannon diversity,period,Bloom,overall,Overall,1.2823819053278571,0.028555504343449754,378,1.1525645522025836,0.06387527768970748,64,-0.12981735312527354,89.87685707464158,-10.123142925358422,FALSE,Low
location,Carrickalinga,shannon_diversity,M1 fish Shannon diversity,period_split,Bloom 2026-01,by_status,Fished,1.072318780907807,0.038223962781377435,212,1.04202854322214,0.08381403316183005,44,-0.030290237685667076,97.1752581205354,-2.8247418794645966,FALSE,Low
location,Carrickalinga,shannon_diversity,M1 fish Shannon diversity,period_split,Bloom 2026-01,by_status,No-take,1.5506552931414153,0.03284224130035819,166,1.3957437719595593,0.06154876994700186,20,-0.15491152118185592,90.00993180966567,-9.990068190334327,FALSE,Low
location,Carrickalinga,shannon_diversity,M1 fish Shannon diversity,period_split,Bloom 2026-01,overall,Overall,1.2823819053278571,0.028555504343449754,378,1.1525645522025836,0.06387527768970748,64,-0.12981735312527354,89.87685707464158,-10.123142925358422,FALSE,Low
location,Carrickalinga,shannon_diversity,M2 fish Shannon diversity,period,Bloom,by_status,Fished,0.3219535251608163,0.02212131418585391,211,0.08202645558115915,0.03142449812895799,44,-0.23992706957965718,25.47773177516438,-74.52226822483561,FALSE,High
location,Carrickalinga,shannon_diversity,M2 fish Shannon diversity,period,Bloom,by_status,No-take,0.298593846160492,0.025116177763686787,165,0.04141419498226737,0.029725954704141935,19,-0.2571796511782246,13.869741628904015,-86.13025837109599,FALSE,High
location,Carrickalinga,shannon_diversity,M2 fish Shannon diversity,period,Bloom,overall,Overall,0.3117026021952485,0.01658927931839779,376,0.06977831349577909,0.023691767631981067,63,-0.2419242886994694,22.386182535643513,-77.61381746435649,FALSE,High
location,Carrickalinga,shannon_diversity,M2 fish Shannon diversity,period_split,Bloom 2026-01,by_status,Fished,0.3219535251608163,0.02212131418585391,211,0.08202645558115915,0.03142449812895799,44,-0.23992706957965718,25.47773177516438,-74.52226822483561,FALSE,High
location,Carrickalinga,shannon_diversity,M2 fish Shannon diversity,period_split,Bloom 2026-01,by_status,No-take,0.298593846160492,0.025116177763686787,165,0.04141419498226737,0.029725954704141935,19,-0.2571796511782246,13.869741628904015,-86.13025837109599,FALSE,High
location,Carrickalinga,shannon_diversity,M2 fish Shannon diversity,period_split,Bloom 2026-01,overall,Overall,0.3117026021952485,0.01658927931839779,376,0.06977831349577909,0.023691767631981067,63,-0.2419242886994694,22.386182535643513,-77.61381746435649,FALSE,High
location,Carrickalinga,shannon_diversity,M2 invertebrate Shannon diversity,period,Bloom,by_status,Fished,1.1781358962425224,0.03235770856487951,212,1.1290543956983738,0.06237589096107277,44,-0.049081500544148504,95.83396951907788,-4.166030480922117,FALSE,Low
location,Carrickalinga,shannon_diversity,M2 invertebrate Shannon diversity,period,Bloom,by_status,No-take,1.110729966404838,0.03584308451604133,166,1.2433014803604114,0.0708363174920313,20,0.13257151395557343,111.93553050384291,11.935530503842912,FALSE,Low
location,Carrickalinga,shannon_diversity,M2 invertebrate Shannon diversity,period,Bloom,overall,Overall,1.1485343503349679,0.024053093020266068,378,1.1647566096552606,0.04840596625248982,64,0.016222259320292753,101.41243135789205,1.4124313578920464,FALSE,Low
location,Carrickalinga,shannon_diversity,M2 invertebrate Shannon diversity,period_split,Bloom 2026-01,by_status,Fished,1.1781358962425224,0.03235770856487951,212,1.1290543956983738,0.06237589096107277,44,-0.049081500544148504,95.83396951907788,-4.166030480922117,FALSE,Low
location,Carrickalinga,shannon_diversity,M2 invertebrate Shannon diversity,period_split,Bloom 2026-01,by_status,No-take,1.110729966404838,0.03584308451604133,166,1.2433014803604114,0.0708363174920313,20,0.13257151395557343,111.93553050384291,11.935530503842912,FALSE,Low
location,Carrickalinga,shannon_diversity,M2 invertebrate Shannon diversity,period_split,Bloom 2026-01,overall,Overall,1.1485343503349679,0.024053093020266068,378,1.1647566096552606,0.04840596625248982,64,0.016222259320292753,101.41243135789205,1.4124313578920464,FALSE,Low
location,Carrickalinga,simpson_diversity,M1 fish Simpson diversity,period,Bloom,by_status,Fished,2.749018853620236,0.10688635240075987,212,2.9420343301558023,0.21903032958547283,44,0.1930154765355665,107.02124964626492,7.02124964626492,FALSE,Low
location,Carrickalinga,simpson_diversity,M1 fish Simpson diversity,period,Bloom,by_status,No-take,3.952085819724351,0.12337812666196858,166,3.4957939294172,0.20876185813662754,20,-0.4562918903071509,88.45440329180462,-11.545596708195376,FALSE,Low
location,Carrickalinga,simpson_diversity,M1 fish Simpson diversity,period,Bloom,overall,Overall,3.277349849316752,0.08635668739867353,378,3.1150842049249894,0.1663275986498209,64,-0.16226564439176272,95.04887632226414,-4.951123677735865,FALSE,Low
location,Carrickalinga,simpson_diversity,M1 fish Simpson diversity,period_split,Bloom 2026-01,by_status,Fished,2.749018853620236,0.10688635240075987,212,2.9420343301558023,0.21903032958547283,44,0.1930154765355665,107.02124964626492,7.02124964626492,FALSE,Low
location,Carrickalinga,simpson_diversity,M1 fish Simpson diversity,period_split,Bloom 2026-01,by_status,No-take,3.952085819724351,0.12337812666196858,166,3.4957939294172,0.20876185813662754,20,-0.4562918903071509,88.45440329180462,-11.545596708195376,FALSE,Low
location,Carrickalinga,simpson_diversity,M1 fish Simpson diversity,period_split,Bloom 2026-01,overall,Overall,3.277349849316752,0.08635668739867353,378,3.1150842049249894,0.1663275986498209,64,-0.16226564439176272,95.04887632226414,-4.951123677735865,FALSE,Low
location,Carrickalinga,simpson_diversity,M2 fish Simpson diversity,period,Bloom,by_status,Fished,1.212867502501321,0.0478848472381017,211,0.4491947446492901,0.09082355561316187,44,-0.7636727578520308,37.03576390025347,-62.96423609974653,FALSE,High
location,Carrickalinga,simpson_diversity,M2 fish Simpson diversity,period,Bloom,by_status,No-take,1.1674950900694467,0.05549742383824764,165,0.39924812030075185,0.09388432372897094,19,-0.7682469697686949,34.196984954943424,-65.80301504505658,FALSE,High
location,Carrickalinga,simpson_diversity,M2 fish Simpson diversity,period,Bloom,overall,Overall,1.1929567364075464,0.036235580639464804,376,0.43413147698861987,0.06910764736070632,63,-0.7588252594189265,36.391217195013915,-63.608782804986085,FALSE,High
location,Carrickalinga,simpson_diversity,M2 fish Simpson diversity,period_split,Bloom 2026-01,by_status,Fished,1.212867502501321,0.0478848472381017,211,0.4491947446492901,0.09082355561316187,44,-0.7636727578520308,37.03576390025347,-62.96423609974653,FALSE,High
location,Carrickalinga,simpson_diversity,M2 fish Simpson diversity,period_split,Bloom 2026-01,by_status,No-take,1.1674950900694467,0.05549742383824764,165,0.39924812030075185,0.09388432372897094,19,-0.7682469697686949,34.196984954943424,-65.80301504505658,FALSE,High
location,Carrickalinga,simpson_diversity,M2 fish Simpson diversity,period_split,Bloom 2026-01,overall,Overall,1.1929567364075464,0.036235580639464804,376,0.43413147698861987,0.06910764736070632,63,-0.7588252594189265,36.391217195013915,-63.608782804986085,FALSE,High
location,Carrickalinga,simpson_diversity,M2 invertebrate Simpson diversity,period,Bloom,by_status,Fished,3.215026091310207,0.10207829683573226,212,3.1583387187311667,0.18195354287954574,44,-0.05668737257904022,98.23679898796907,-1.7632010120309332,FALSE,Low
location,Carrickalinga,simpson_diversity,M2 invertebrate Simpson diversity,period,Bloom,by_status,No-take,2.904060557901491,0.1049059080252292,166,3.1879735205850994,0.2154610457250574,20,0.2839129626836083,109.77641330209613,9.776413302096131,FALSE,Low
location,Carrickalinga,simpson_diversity,M2 invertebrate Simpson diversity,period,Bloom,overall,Overall,3.0784645078555855,0.07381866624098152,378,3.1675995943105204,0.1411155322974084,64,0.08913508645493495,102.89543979563452,2.895439795634516,FALSE,Low
location,Carrickalinga,simpson_diversity,M2 invertebrate Simpson diversity,period_split,Bloom 2026-01,by_status,Fished,3.215026091310207,0.10207829683573226,212,3.1583387187311667,0.18195354287954574,44,-0.05668737257904022,98.23679898796907,-1.7632010120309332,FALSE,Low
location,Carrickalinga,simpson_diversity,M2 invertebrate Simpson diversity,period_split,Bloom 2026-01,by_status,No-take,2.904060557901491,0.1049059080252292,166,3.1879735205850994,0.2154610457250574,20,0.2839129626836083,109.77641330209613,9.776413302096131,FALSE,Low
location,Carrickalinga,simpson_diversity,M2 invertebrate Simpson diversity,period_split,Bloom 2026-01,overall,Overall,3.0784645078555855,0.07381866624098152,378,3.1675995943105204,0.1411155322974084,64,0.08913508645493495,102.89543979563452,2.895439795634516,FALSE,Low
location,Carrickalinga,species_richness,M1 fish species richness,period,Bloom,by_status,Fished,8.099056603773585,0.2854727223503733,212,4.215909090909091,0.33686377165475834,44,-3.883147512864494,52.05432307936676,-47.94567692063324,FALSE,Medium
location,Carrickalinga,species_richness,M1 fish species richness,period,Bloom,by_status,No-take,11.018072289156626,0.3171469302402405,166,6.35,0.43392335001035665,20,-4.668072289156626,57.63258611262986,-42.36741388737014,FALSE,Medium
location,Carrickalinga,species_richness,M1 fish species richness,period,Bloom,overall,Overall,9.380952380952381,0.22467660938491563,378,4.8828125,0.2941522885962452,64,-4.498139880952381,52.05028553299492,-47.94971446700508,FALSE,Medium
location,Carrickalinga,species_richness,M1 fish species richness,period_split,Bloom 2026-01,by_status,Fished,8.099056603773585,0.2854727223503733,212,4.215909090909091,0.33686377165475834,44,-3.883147512864494,52.05432307936676,-47.94567692063324,FALSE,Medium
location,Carrickalinga,species_richness,M1 fish species richness,period_split,Bloom 2026-01,by_status,No-take,11.018072289156626,0.3171469302402405,166,6.35,0.43392335001035665,20,-4.668072289156626,57.63258611262986,-42.36741388737014,FALSE,Medium
location,Carrickalinga,species_richness,M1 fish species richness,period_split,Bloom 2026-01,overall,Overall,9.380952380952381,0.22467660938491563,378,4.8828125,0.2941522885962452,64,-4.498139880952381,52.05028553299492,-47.94971446700508,FALSE,Medium
location,Carrickalinga,species_richness,M2 fish species richness,period,Bloom,by_status,Fished,1.5592417061611374,0.07488944362967886,211,0.4772727272727273,0.10403404652720623,44,-1.0819689788884101,30.609284332688592,-69.39071566731141,FALSE,High
location,Carrickalinga,species_richness,M2 fish species richness,period,Bloom,by_status,No-take,1.4848484848484849,0.08058180008235717,165,0.42105263157894735,0.10304684319711166,19,-1.0637958532695375,28.356605800214822,-71.64339419978518,FALSE,High
location,Carrickalinga,species_richness,M2 fish species richness,period,Bloom,overall,Overall,1.5265957446808511,0.05488440738621589,376,0.4603174603174603,0.07863204745224375,63,-1.066278284363391,30.153199491178583,-69.84680050882142,FALSE,High
location,Carrickalinga,species_richness,M2 fish species richness,period_split,Bloom 2026-01,by_status,Fished,1.5592417061611374,0.07488944362967886,211,0.4772727272727273,0.10403404652720623,44,-1.0819689788884101,30.609284332688592,-69.39071566731141,FALSE,High
location,Carrickalinga,species_richness,M2 fish species richness,period_split,Bloom 2026-01,by_status,No-take,1.4848484848484849,0.08058180008235717,165,0.42105263157894735,0.10304684319711166,19,-1.0637958532695375,28.356605800214822,-71.64339419978518,FALSE,High
location,Carrickalinga,species_richness,M2 fish species richness,period_split,Bloom 2026-01,overall,Overall,1.5265957446808511,0.05488440738621589,376,0.4603174603174603,0.07863204745224375,63,-1.066278284363391,30.153199491178583,-69.84680050882142,FALSE,High
location,Carrickalinga,species_richness,M2 invertebrate species richness,period,Bloom,by_status,Fished,4.6415094339622645,0.15035612416697022,212,3.9545454545454546,0.26404430055973915,44,-0.6869639794168099,85.19955654101994,-14.800443458980055,FALSE,Low
location,Carrickalinga,species_richness,M2 invertebrate species richness,period,Bloom,by_status,No-take,5.38855421686747,0.15347838112421558,166,5.025,0.4014365650877778,20,-0.36355421686746947,93.25321408608161,-6.746785913918387,FALSE,Low
location,Carrickalinga,species_richness,M2 invertebrate species richness,period,Bloom,overall,Overall,4.96957671957672,0.10949094980357241,378,4.2890625,0.22762051129065292,64,-0.68051421957672,86.30639472983763,-13.693605270162365,FALSE,Low
location,Carrickalinga,species_richness,M2 invertebrate species richness,period_split,Bloom 2026-01,by_status,Fished,4.6415094339622645,0.15035612416697022,212,3.9545454545454546,0.26404430055973915,44,-0.6869639794168099,85.19955654101994,-14.800443458980055,FALSE,Low
location,Carrickalinga,species_richness,M2 invertebrate species richness,period_split,Bloom 2026-01,by_status,No-take,5.38855421686747,0.15347838112421558,166,5.025,0.4014365650877778,20,-0.36355421686746947,93.25321408608161,-6.746785913918387,FALSE,Low
location,Carrickalinga,species_richness,M2 invertebrate species richness,period_split,Bloom 2026-01,overall,Overall,4.96957671957672,0.10949094980357241,378,4.2890625,0.22762051129065292,64,-0.68051421957672,86.30639472983763,-13.693605270162365,FALSE,Low
location,Carrickalinga,total_abundance,M1 fish total abundance,period,Bloom,by_status,Fished,148.16509433962264,14.765581770715249,212,15.806818181818182,2.93193648662434,44,-132.35827615780445,10.668381950735267,-89.33161804926473,FALSE,High
location,Carrickalinga,total_abundance,M1 fish total abundance,period,Bloom,by_status,No-take,116.1867469879518,9.658464330217612,166,38.375,9.821021693554249,20,-77.8117469879518,33.02872401099186,-66.97127598900815,FALSE,High
location,Carrickalinga,total_abundance,M1 fish total abundance,period,Bloom,overall,Overall,134.1216931216931,9.329208498545164,378,22.859375,3.8549865400489187,64,-111.26231812169311,17.04375665706734,-82.95624334293265,FALSE,High
location,Carrickalinga,total_abundance,M1 fish total abundance,period_split,Bloom 2026-01,by_status,Fished,148.16509433962264,14.765581770715249,212,15.806818181818182,2.93193648662434,44,-132.35827615780445,10.668381950735267,-89.33161804926473,FALSE,High
location,Carrickalinga,total_abundance,M1 fish total abundance,period_split,Bloom 2026-01,by_status,No-take,116.1867469879518,9.658464330217612,166,38.375,9.821021693554249,20,-77.8117469879518,33.02872401099186,-66.97127598900815,FALSE,High
location,Carrickalinga,total_abundance,M1 fish total abundance,period_split,Bloom 2026-01,overall,Overall,134.1216931216931,9.329208498545164,378,22.859375,3.8549865400489187,64,-111.26231812169311,17.04375665706734,-82.95624334293265,FALSE,High
location,Carrickalinga,total_abundance,M2 fish total abundance,period,Bloom,by_status,Fished,6.492890995260663,0.7397343685760784,211,0.7045454545454546,0.18699681022521006,44,-5.788345540715209,10.851028533510286,-89.14897146648971,FALSE,High
location,Carrickalinga,total_abundance,M2 fish total abundance,period,Bloom,by_status,No-take,6.924242424242424,0.9443750114458108,165,0.5526315789473685,0.1789129653892205,19,-6.371610845295056,7.981112518714731,-92.01888748128528,FALSE,High
location,Carrickalinga,total_abundance,M2 fish total abundance,period,Bloom,overall,Overall,6.68218085106383,0.5858694854519247,376,0.6587301587301587,0.14077968320918996,63,-6.023450692333671,9.858011529653322,-90.14198847034667,FALSE,High
location,Carrickalinga,total_abundance,M2 fish total abundance,period_split,Bloom 2026-01,by_status,Fished,6.492890995260663,0.7397343685760784,211,0.7045454545454546,0.18699681022521006,44,-5.788345540715209,10.851028533510286,-89.14897146648971,FALSE,High
location,Carrickalinga,total_abundance,M2 fish total abundance,period_split,Bloom 2026-01,by_status,No-take,6.924242424242424,0.9443750114458108,165,0.5526315789473685,0.1789129653892205,19,-6.371610845295056,7.981112518714731,-92.01888748128528,FALSE,High
location,Carrickalinga,total_abundance,M2 fish total abundance,period_split,Bloom 2026-01,overall,Overall,6.68218085106383,0.5858694854519247,376,0.6587301587301587,0.14077968320918996,63,-6.023450692333671,9.858011529653322,-90.14198847034667,FALSE,High
location,Carrickalinga,total_abundance,M2 invertebrate total abundance,period,Bloom,by_status,Fished,12.903301886792454,1.1584368513959122,212,8.454545454545455,1.0108839753827172,44,-4.448756432246999,65.52234093816985,-34.47765906183015,FALSE,Medium
location,Carrickalinga,total_abundance,M2 invertebrate total abundance,period,Bloom,by_status,No-take,41.93975903614458,4.754450260895394,166,19.95,3.642024451491664,20,-21.98975903614458,47.56822752082734,-52.43177247917266,FALSE,High
location,Carrickalinga,total_abundance,M2 invertebrate total abundance,period,Bloom,overall,Overall,25.654761904761905,2.3058085249561255,378,12.046875,1.476574638293099,64,-13.607886904761905,46.957656612529,-53.042343387471,FALSE,High
location,Carrickalinga,total_abundance,M2 invertebrate total abundance,period_split,Bloom 2026-01,by_status,Fished,12.903301886792454,1.1584368513959122,212,8.454545454545455,1.0108839753827172,44,-4.448756432246999,65.52234093816985,-34.47765906183015,FALSE,Medium
location,Carrickalinga,total_abundance,M2 invertebrate total abundance,period_split,Bloom 2026-01,by_status,No-take,41.93975903614458,4.754450260895394,166,19.95,3.642024451491664,20,-21.98975903614458,47.56822752082734,-52.43177247917266,FALSE,High
location,Carrickalinga,total_abundance,M2 invertebrate total abundance,period_split,Bloom 2026-01,overall,Overall,25.654761904761905,2.3058085249561255,378,12.046875,1.476574638293099,64,-13.607886904761905,46.957656612529,-53.042343387471,FALSE,High
location,Eastern Spencer Gulf,b20,M1 fish B20 biomass,period,Bloom,by_status,Fished,4.160888278596392,1.7326666938454007,11,1.526312818809394,0.48858882114223096,12,-2.634575459786998,36.68237925687038,-63.31762074312962,FALSE,High
location,Eastern Spencer Gulf,b20,M1 fish B20 biomass,period,Bloom,overall,Overall,4.160888278596392,1.7326666938454007,11,1.526312818809394,0.48858882114223096,12,-2.634575459786998,36.68237925687038,-63.31762074312962,FALSE,High
location,Eastern Spencer Gulf,b20,M1 fish B20 biomass,period_split,Bloom 2026-03,by_status,Fished,4.160888278596392,1.7326666938454007,11,1.526312818809394,0.48858882114223096,12,-2.634575459786998,36.68237925687038,-63.31762074312962,FALSE,High
location,Eastern Spencer Gulf,b20,M1 fish B20 biomass,period_split,Bloom 2026-03,overall,Overall,4.160888278596392,1.7326666938454007,11,1.526312818809394,0.48858882114223096,12,-2.634575459786998,36.68237925687038,-63.31762074312962,FALSE,High
location,Eastern Spencer Gulf,b20,M2 fish B20 biomass,period,Bloom,by_status,Fished,0.037814864939000166,0.03781486493900016,15,0,0,12,-0.037814864939000166,0,-100,FALSE,High
location,Eastern Spencer Gulf,b20,M2 fish B20 biomass,period,Bloom,overall,Overall,0.037814864939000166,0.03781486493900016,15,0,0,12,-0.037814864939000166,0,-100,FALSE,High
location,Eastern Spencer Gulf,b20,M2 fish B20 biomass,period_split,Bloom 2026-03,by_status,Fished,0.037814864939000166,0.03781486493900016,15,0,0,12,-0.037814864939000166,0,-100,FALSE,High
location,Eastern Spencer Gulf,b20,M2 fish B20 biomass,period_split,Bloom 2026-03,overall,Overall,0.037814864939000166,0.03781486493900016,15,0,0,12,-0.037814864939000166,0,-100,FALSE,High
location,Eastern Spencer Gulf,invert_phylum_abundance,M2 invertebrate Arthropoda abundance,period,Bloom,by_status,Fished,0.8,0.247847879612821,15,4,0.6713848194274099,12,3.2,500,400,FALSE,Low
location,Eastern Spencer Gulf,invert_phylum_abundance,M2 invertebrate Arthropoda abundance,period,Bloom,overall,Overall,0.8,0.247847879612821,15,4,0.6713848194274099,12,3.2,500,400,FALSE,Low
location,Eastern Spencer Gulf,invert_phylum_abundance,M2 invertebrate Arthropoda abundance,period_split,Bloom 2026-03,by_status,Fished,0.8,0.247847879612821,15,4,0.6713848194274099,12,3.2,500,400,FALSE,Low
location,Eastern Spencer Gulf,invert_phylum_abundance,M2 invertebrate Arthropoda abundance,period_split,Bloom 2026-03,overall,Overall,0.8,0.247847879612821,15,4,0.6713848194274099,12,3.2,500,400,FALSE,Low
location,Eastern Spencer Gulf,invert_phylum_abundance,M2 invertebrate Chordata abundance,period,Bloom,by_status,Fished,0,0,15,0,0,12,0,NA,NA,TRUE,Undefined - pre-bloom zero
location,Eastern Spencer Gulf,invert_phylum_abundance,M2 invertebrate Chordata abundance,period,Bloom,overall,Overall,0,0,15,0,0,12,0,NA,NA,TRUE,Undefined - pre-bloom zero
location,Eastern Spencer Gulf,invert_phylum_abundance,M2 invertebrate Chordata abundance,period_split,Bloom 2026-03,by_status,Fished,0,0,15,0,0,12,0,NA,NA,TRUE,Undefined - pre-bloom zero
location,Eastern Spencer Gulf,invert_phylum_abundance,M2 invertebrate Chordata abundance,period_split,Bloom 2026-03,overall,Overall,0,0,15,0,0,12,0,NA,NA,TRUE,Undefined - pre-bloom zero
location,Eastern Spencer Gulf,invert_phylum_abundance,M2 invertebrate Cnidaria abundance,period,Bloom,by_status,Fished,0,0,15,0,0,12,0,NA,NA,TRUE,Undefined - pre-bloom zero
location,Eastern Spencer Gulf,invert_phylum_abundance,M2 invertebrate Cnidaria abundance,period,Bloom,overall,Overall,0,0,15,0,0,12,0,NA,NA,TRUE,Undefined - pre-bloom zero
location,Eastern Spencer Gulf,invert_phylum_abundance,M2 invertebrate Cnidaria abundance,period_split,Bloom 2026-03,by_status,Fished,0,0,15,0,0,12,0,NA,NA,TRUE,Undefined - pre-bloom zero
location,Eastern Spencer Gulf,invert_phylum_abundance,M2 invertebrate Cnidaria abundance,period_split,Bloom 2026-03,overall,Overall,0,0,15,0,0,12,0,NA,NA,TRUE,Undefined - pre-bloom zero
location,Eastern Spencer Gulf,invert_phylum_abundance,M2 invertebrate Echinodermata abundance,period,Bloom,by_status,Fished,42.06666666666667,10.716016791374296,15,0.20833333333333334,0.11445412825559188,12,-41.858333333333334,0.4952456418383518,-99.50475435816165,FALSE,High
location,Eastern Spencer Gulf,invert_phylum_abundance,M2 invertebrate Echinodermata abundance,period,Bloom,overall,Overall,42.06666666666667,10.716016791374296,15,0.20833333333333334,0.11445412825559188,12,-41.858333333333334,0.4952456418383518,-99.50475435816165,FALSE,High
location,Eastern Spencer Gulf,invert_phylum_abundance,M2 invertebrate Echinodermata abundance,period_split,Bloom 2026-03,by_status,Fished,42.06666666666667,10.716016791374296,15,0.20833333333333334,0.11445412825559188,12,-41.858333333333334,0.4952456418383518,-99.50475435816165,FALSE,High
location,Eastern Spencer Gulf,invert_phylum_abundance,M2 invertebrate Echinodermata abundance,period_split,Bloom 2026-03,overall,Overall,42.06666666666667,10.716016791374296,15,0.20833333333333334,0.11445412825559188,12,-41.858333333333334,0.4952456418383518,-99.50475435816165,FALSE,High
location,Eastern Spencer Gulf,invert_phylum_abundance,M2 invertebrate Mollusca abundance,period,Bloom,by_status,Fished,8.566666666666666,2.968030719046949,15,3.5,1.0552897060221726,12,-5.066666666666666,40.856031128404666,-59.143968871595334,FALSE,High
location,Eastern Spencer Gulf,invert_phylum_abundance,M2 invertebrate Mollusca abundance,period,Bloom,overall,Overall,8.566666666666666,2.968030719046949,15,3.5,1.0552897060221726,12,-5.066666666666666,40.856031128404666,-59.143968871595334,FALSE,High
location,Eastern Spencer Gulf,invert_phylum_abundance,M2 invertebrate Mollusca abundance,period_split,Bloom 2026-03,by_status,Fished,8.566666666666666,2.968030719046949,15,3.5,1.0552897060221726,12,-5.066666666666666,40.856031128404666,-59.143968871595334,FALSE,High
location,Eastern Spencer Gulf,invert_phylum_abundance,M2 invertebrate Mollusca abundance,period_split,Bloom 2026-03,overall,Overall,8.566666666666666,2.968030719046949,15,3.5,1.0552897060221726,12,-5.066666666666666,40.856031128404666,-59.143968871595334,FALSE,High
location,Eastern Spencer Gulf,invert_phylum_abundance,M2 invertebrate Platyhelminthes abundance,period,Bloom,by_status,Fished,0,0,15,0,0,12,0,NA,NA,TRUE,Undefined - pre-bloom zero
location,Eastern Spencer Gulf,invert_phylum_abundance,M2 invertebrate Platyhelminthes abundance,period,Bloom,overall,Overall,0,0,15,0,0,12,0,NA,NA,TRUE,Undefined - pre-bloom zero
location,Eastern Spencer Gulf,invert_phylum_abundance,M2 invertebrate Platyhelminthes abundance,period_split,Bloom 2026-03,by_status,Fished,0,0,15,0,0,12,0,NA,NA,TRUE,Undefined - pre-bloom zero
location,Eastern Spencer Gulf,invert_phylum_abundance,M2 invertebrate Platyhelminthes abundance,period_split,Bloom 2026-03,overall,Overall,0,0,15,0,0,12,0,NA,NA,TRUE,Undefined - pre-bloom zero
location,Eastern Spencer Gulf,invert_phylum_richness,M2 invertebrate Arthropoda species richness,period,Bloom,by_status,Fished,0.7333333333333333,0.21194488651683702,15,1.75,0.19943100880436643,12,1.0166666666666666,238.63636363636368,138.63636363636368,FALSE,Low
location,Eastern Spencer Gulf,invert_phylum_richness,M2 invertebrate Arthropoda species richness,period,Bloom,overall,Overall,0.7333333333333333,0.21194488651683702,15,1.75,0.19943100880436643,12,1.0166666666666666,238.63636363636368,138.63636363636368,FALSE,Low
location,Eastern Spencer Gulf,invert_phylum_richness,M2 invertebrate Arthropoda species richness,period_split,Bloom 2026-03,by_status,Fished,0.7333333333333333,0.21194488651683702,15,1.75,0.19943100880436643,12,1.0166666666666666,238.63636363636368,138.63636363636368,FALSE,Low
location,Eastern Spencer Gulf,invert_phylum_richness,M2 invertebrate Arthropoda species richness,period_split,Bloom 2026-03,overall,Overall,0.7333333333333333,0.21194488651683702,15,1.75,0.19943100880436643,12,1.0166666666666666,238.63636363636368,138.63636363636368,FALSE,Low
location,Eastern Spencer Gulf,invert_phylum_richness,M2 invertebrate Echinodermata species richness,period,Bloom,by_status,Fished,5.066666666666666,0.6562277962986028,15,0.20833333333333334,0.11445412825559188,12,-4.858333333333333,4.111842105263158,-95.88815789473684,FALSE,High
location,Eastern Spencer Gulf,invert_phylum_richness,M2 invertebrate Echinodermata species richness,period,Bloom,overall,Overall,5.066666666666666,0.6562277962986028,15,0.20833333333333334,0.11445412825559188,12,-4.858333333333333,4.111842105263158,-95.88815789473684,FALSE,High
location,Eastern Spencer Gulf,invert_phylum_richness,M2 invertebrate Echinodermata species richness,period_split,Bloom 2026-03,by_status,Fished,5.066666666666666,0.6562277962986028,15,0.20833333333333334,0.11445412825559188,12,-4.858333333333333,4.111842105263158,-95.88815789473684,FALSE,High
location,Eastern Spencer Gulf,invert_phylum_richness,M2 invertebrate Echinodermata species richness,period_split,Bloom 2026-03,overall,Overall,5.066666666666666,0.6562277962986028,15,0.20833333333333334,0.11445412825559188,12,-4.858333333333333,4.111842105263158,-95.88815789473684,FALSE,High
location,Eastern Spencer Gulf,invert_phylum_richness,M2 invertebrate Mollusca species richness,period,Bloom,by_status,Fished,2.2333333333333334,0.42501167117494626,15,1.4166666666666667,0.36324157862838946,12,-0.8166666666666667,63.43283582089553,-36.56716417910447,FALSE,Medium
location,Eastern Spencer Gulf,invert_phylum_richness,M2 invertebrate Mollusca species richness,period,Bloom,overall,Overall,2.2333333333333334,0.42501167117494626,15,1.4166666666666667,0.36324157862838946,12,-0.8166666666666667,63.43283582089553,-36.56716417910447,FALSE,Medium
location,Eastern Spencer Gulf,invert_phylum_richness,M2 invertebrate Mollusca species richness,period_split,Bloom 2026-03,by_status,Fished,2.2333333333333334,0.42501167117494626,15,1.4166666666666667,0.36324157862838946,12,-0.8166666666666667,63.43283582089553,-36.56716417910447,FALSE,Medium
location,Eastern Spencer Gulf,invert_phylum_richness,M2 invertebrate Mollusca species richness,period_split,Bloom 2026-03,overall,Overall,2.2333333333333334,0.42501167117494626,15,1.4166666666666667,0.36324157862838946,12,-0.8166666666666667,63.43283582089553,-36.56716417910447,FALSE,Medium
location,Eastern Spencer Gulf,invert_phylum_shannon,M2 invertebrate Arthropoda Shannon diversity,period,Bloom,by_status,Fished,0.15795880797964507,0.07276527142874364,15,0.4337545951585294,0.08586851204942553,12,0.2757957871788843,274.5998154242997,174.59981542429972,FALSE,Low
location,Eastern Spencer Gulf,invert_phylum_shannon,M2 invertebrate Arthropoda Shannon diversity,period,Bloom,overall,Overall,0.15795880797964507,0.07276527142874364,15,0.4337545951585294,0.08586851204942553,12,0.2757957871788843,274.5998154242997,174.59981542429972,FALSE,Low
location,Eastern Spencer Gulf,invert_phylum_shannon,M2 invertebrate Arthropoda Shannon diversity,period_split,Bloom 2026-03,by_status,Fished,0.15795880797964507,0.07276527142874364,15,0.4337545951585294,0.08586851204942553,12,0.2757957871788843,274.5998154242997,174.59981542429972,FALSE,Low
location,Eastern Spencer Gulf,invert_phylum_shannon,M2 invertebrate Arthropoda Shannon diversity,period_split,Bloom 2026-03,overall,Overall,0.15795880797964507,0.07276527142874364,15,0.4337545951585294,0.08586851204942553,12,0.2757957871788843,274.5998154242997,174.59981542429972,FALSE,Low
location,Eastern Spencer Gulf,invert_phylum_shannon,M2 invertebrate Echinodermata Shannon diversity,period,Bloom,by_status,Fished,0.8727026945421361,0.10165175761853515,15,0,0,12,-0.8727026945421361,0,-100,FALSE,High
location,Eastern Spencer Gulf,invert_phylum_shannon,M2 invertebrate Echinodermata Shannon diversity,period,Bloom,overall,Overall,0.8727026945421361,0.10165175761853515,15,0,0,12,-0.8727026945421361,0,-100,FALSE,High
location,Eastern Spencer Gulf,invert_phylum_shannon,M2 invertebrate Echinodermata Shannon diversity,period_split,Bloom 2026-03,by_status,Fished,0.8727026945421361,0.10165175761853515,15,0,0,12,-0.8727026945421361,0,-100,FALSE,High
location,Eastern Spencer Gulf,invert_phylum_shannon,M2 invertebrate Echinodermata Shannon diversity,period_split,Bloom 2026-03,overall,Overall,0.8727026945421361,0.10165175761853515,15,0,0,12,-0.8727026945421361,0,-100,FALSE,High
location,Eastern Spencer Gulf,invert_phylum_shannon,M2 invertebrate Mollusca Shannon diversity,period,Bloom,by_status,Fished,0.5623012695850964,0.12815255743571113,15,0.42535381683525814,0.12306517334663271,12,-0.13694745274983827,75.64518165664337,-24.354818343356627,FALSE,Medium
location,Eastern Spencer Gulf,invert_phylum_shannon,M2 invertebrate Mollusca Shannon diversity,period,Bloom,overall,Overall,0.5623012695850964,0.12815255743571113,15,0.42535381683525814,0.12306517334663271,12,-0.13694745274983827,75.64518165664337,-24.354818343356627,FALSE,Medium
location,Eastern Spencer Gulf,invert_phylum_shannon,M2 invertebrate Mollusca Shannon diversity,period_split,Bloom 2026-03,by_status,Fished,0.5623012695850964,0.12815255743571113,15,0.42535381683525814,0.12306517334663271,12,-0.13694745274983827,75.64518165664337,-24.354818343356627,FALSE,Medium
location,Eastern Spencer Gulf,invert_phylum_shannon,M2 invertebrate Mollusca Shannon diversity,period_split,Bloom 2026-03,overall,Overall,0.5623012695850964,0.12815255743571113,15,0.42535381683525814,0.12306517334663271,12,-0.13694745274983827,75.64518165664337,-24.354818343356627,FALSE,Medium
location,Eastern Spencer Gulf,invert_phylum_simpson,M2 invertebrate Arthropoda Simpson diversity,period,Bloom,by_status,Fished,0.72,0.20660521359761055,15,1.543807450411224,0.13190582719573143,12,0.823807450411224,214.41770144600335,114.41770144600335,FALSE,Low
location,Eastern Spencer Gulf,invert_phylum_simpson,M2 invertebrate Arthropoda Simpson diversity,period,Bloom,overall,Overall,0.72,0.20660521359761055,15,1.543807450411224,0.13190582719573143,12,0.823807450411224,214.41770144600335,114.41770144600335,FALSE,Low
location,Eastern Spencer Gulf,invert_phylum_simpson,M2 invertebrate Arthropoda Simpson diversity,period_split,Bloom 2026-03,by_status,Fished,0.72,0.20660521359761055,15,1.543807450411224,0.13190582719573143,12,0.823807450411224,214.41770144600335,114.41770144600335,FALSE,Low
location,Eastern Spencer Gulf,invert_phylum_simpson,M2 invertebrate Arthropoda Simpson diversity,period_split,Bloom 2026-03,overall,Overall,0.72,0.20660521359761055,15,1.543807450411224,0.13190582719573143,12,0.823807450411224,214.41770144600335,114.41770144600335,FALSE,Low
location,Eastern Spencer Gulf,invert_phylum_simpson,M2 invertebrate Echinodermata Simpson diversity,period,Bloom,by_status,Fished,2.0214792418148466,0.23939975528014407,15,0.20833333333333334,0.11445412825559188,12,-1.8131459084815134,10.305984302183361,-89.69401569781664,FALSE,High
location,Eastern Spencer Gulf,invert_phylum_simpson,M2 invertebrate Echinodermata Simpson diversity,period,Bloom,overall,Overall,2.0214792418148466,0.23939975528014407,15,0.20833333333333334,0.11445412825559188,12,-1.8131459084815134,10.305984302183361,-89.69401569781664,FALSE,High
location,Eastern Spencer Gulf,invert_phylum_simpson,M2 invertebrate Echinodermata Simpson diversity,period_split,Bloom 2026-03,by_status,Fished,2.0214792418148466,0.23939975528014407,15,0.20833333333333334,0.11445412825559188,12,-1.8131459084815134,10.305984302183361,-89.69401569781664,FALSE,High
location,Eastern Spencer Gulf,invert_phylum_simpson,M2 invertebrate Echinodermata Simpson diversity,period_split,Bloom 2026-03,overall,Overall,2.0214792418148466,0.23939975528014407,15,0.20833333333333334,0.11445412825559188,12,-1.8131459084815134,10.305984302183361,-89.69401569781664,FALSE,High
location,Eastern Spencer Gulf,invert_phylum_simpson,M2 invertebrate Mollusca Simpson diversity,period,Bloom,by_status,Fished,1.6855159176878054,0.24940300933805187,15,1.2496512627248382,0.3130357818839112,12,-0.4358646549629672,74.14057913135063,-25.859420868649366,FALSE,Medium
location,Eastern Spencer Gulf,invert_phylum_simpson,M2 invertebrate Mollusca Simpson diversity,period,Bloom,overall,Overall,1.6855159176878054,0.24940300933805187,15,1.2496512627248382,0.3130357818839112,12,-0.4358646549629672,74.14057913135063,-25.859420868649366,FALSE,Medium
location,Eastern Spencer Gulf,invert_phylum_simpson,M2 invertebrate Mollusca Simpson diversity,period_split,Bloom 2026-03,by_status,Fished,1.6855159176878054,0.24940300933805187,15,1.2496512627248382,0.3130357818839112,12,-0.4358646549629672,74.14057913135063,-25.859420868649366,FALSE,Medium
location,Eastern Spencer Gulf,invert_phylum_simpson,M2 invertebrate Mollusca Simpson diversity,period_split,Bloom 2026-03,overall,Overall,1.6855159176878054,0.24940300933805187,15,1.2496512627248382,0.3130357818839112,12,-0.4358646549629672,74.14057913135063,-25.859420868649366,FALSE,Medium
location,Eastern Spencer Gulf,shannon_diversity,M1 fish Shannon diversity,period,Bloom,by_status,Fished,1.4192866020094106,0.17039265450029709,11,0.8020876102139732,0.15510529031993178,12,-0.6171989917954374,56.51343492416445,-43.48656507583555,FALSE,Medium
location,Eastern Spencer Gulf,shannon_diversity,M1 fish Shannon diversity,period,Bloom,overall,Overall,1.4192866020094106,0.17039265450029709,11,0.8020876102139732,0.15510529031993178,12,-0.6171989917954374,56.51343492416445,-43.48656507583555,FALSE,Medium
location,Eastern Spencer Gulf,shannon_diversity,M1 fish Shannon diversity,period_split,Bloom 2026-03,by_status,Fished,1.4192866020094106,0.17039265450029709,11,0.8020876102139732,0.15510529031993178,12,-0.6171989917954374,56.51343492416445,-43.48656507583555,FALSE,Medium
location,Eastern Spencer Gulf,shannon_diversity,M1 fish Shannon diversity,period_split,Bloom 2026-03,overall,Overall,1.4192866020094106,0.17039265450029709,11,0.8020876102139732,0.15510529031993178,12,-0.6171989917954374,56.51343492416445,-43.48656507583555,FALSE,Medium
location,Eastern Spencer Gulf,shannon_diversity,M2 fish Shannon diversity,period,Bloom,by_status,Fished,0.18984179977469698,0.09148152555447144,15,0.3512478894175773,0.1293457718992484,12,0.1614060896428803,185.0213650705145,85.02136507051449,FALSE,Low
location,Eastern Spencer Gulf,shannon_diversity,M2 fish Shannon diversity,period,Bloom,overall,Overall,0.18984179977469698,0.09148152555447144,15,0.3512478894175773,0.1293457718992484,12,0.1614060896428803,185.0213650705145,85.02136507051449,FALSE,Low
location,Eastern Spencer Gulf,shannon_diversity,M2 fish Shannon diversity,period_split,Bloom 2026-03,by_status,Fished,0.18984179977469698,0.09148152555447144,15,0.3512478894175773,0.1293457718992484,12,0.1614060896428803,185.0213650705145,85.02136507051449,FALSE,Low
location,Eastern Spencer Gulf,shannon_diversity,M2 fish Shannon diversity,period_split,Bloom 2026-03,overall,Overall,0.18984179977469698,0.09148152555447144,15,0.3512478894175773,0.1293457718992484,12,0.1614060896428803,185.0213650705145,85.02136507051449,FALSE,Low
location,Eastern Spencer Gulf,shannon_diversity,M2 invertebrate Shannon diversity,period,Bloom,by_status,Fished,1.2258861623711903,0.12077084090573872,15,0.8915897165721782,0.17873209137991894,12,-0.3342964457990121,72.73022112001054,-27.26977887998946,FALSE,Medium
location,Eastern Spencer Gulf,shannon_diversity,M2 invertebrate Shannon diversity,period,Bloom,overall,Overall,1.2258861623711903,0.12077084090573872,15,0.8915897165721782,0.17873209137991894,12,-0.3342964457990121,72.73022112001054,-27.26977887998946,FALSE,Medium
location,Eastern Spencer Gulf,shannon_diversity,M2 invertebrate Shannon diversity,period_split,Bloom 2026-03,by_status,Fished,1.2258861623711903,0.12077084090573872,15,0.8915897165721782,0.17873209137991894,12,-0.3342964457990121,72.73022112001054,-27.26977887998946,FALSE,Medium
location,Eastern Spencer Gulf,shannon_diversity,M2 invertebrate Shannon diversity,period_split,Bloom 2026-03,overall,Overall,1.2258861623711903,0.12077084090573872,15,0.8915897165721782,0.17873209137991894,12,-0.3342964457990121,72.73022112001054,-27.26977887998946,FALSE,Medium
location,Eastern Spencer Gulf,simpson_diversity,M1 fish Simpson diversity,period,Bloom,by_status,Fished,3.9124634986424742,0.5840538191318744,11,2.3387986733188533,0.41586720377050546,12,-1.573664825323621,59.77815956954888,-40.22184043045112,FALSE,Medium
location,Eastern Spencer Gulf,simpson_diversity,M1 fish Simpson diversity,period,Bloom,overall,Overall,3.9124634986424742,0.5840538191318744,11,2.3387986733188533,0.41586720377050546,12,-1.573664825323621,59.77815956954888,-40.22184043045112,FALSE,Medium
location,Eastern Spencer Gulf,simpson_diversity,M1 fish Simpson diversity,period_split,Bloom 2026-03,by_status,Fished,3.9124634986424742,0.5840538191318744,11,2.3387986733188533,0.41586720377050546,12,-1.573664825323621,59.77815956954888,-40.22184043045112,FALSE,Medium
location,Eastern Spencer Gulf,simpson_diversity,M1 fish Simpson diversity,period_split,Bloom 2026-03,overall,Overall,3.9124634986424742,0.5840538191318744,11,2.3387986733188533,0.41586720377050546,12,-1.573664825323621,59.77815956954888,-40.22184043045112,FALSE,Medium
location,Eastern Spencer Gulf,simpson_diversity,M2 fish Simpson diversity,period,Bloom,by_status,Fished,0.6983908045977012,0.20932563597466816,15,1.0895283079493607,0.33036742053027984,12,0.39113750335165953,156.00553454837785,56.00553454837785,FALSE,Low
location,Eastern Spencer Gulf,simpson_diversity,M2 fish Simpson diversity,period,Bloom,overall,Overall,0.6983908045977012,0.20932563597466816,15,1.0895283079493607,0.33036742053027984,12,0.39113750335165953,156.00553454837785,56.00553454837785,FALSE,Low
location,Eastern Spencer Gulf,simpson_diversity,M2 fish Simpson diversity,period_split,Bloom 2026-03,by_status,Fished,0.6983908045977012,0.20932563597466816,15,1.0895283079493607,0.33036742053027984,12,0.39113750335165953,156.00553454837785,56.00553454837785,FALSE,Low
location,Eastern Spencer Gulf,simpson_diversity,M2 fish Simpson diversity,period_split,Bloom 2026-03,overall,Overall,0.6983908045977012,0.20932563597466816,15,1.0895283079493607,0.33036742053027984,12,0.39113750335165953,156.00553454837785,56.00553454837785,FALSE,Low
location,Eastern Spencer Gulf,simpson_diversity,M2 invertebrate Simpson diversity,period,Bloom,by_status,Fished,2.6296819815725105,0.2923534387584403,15,2.6725165128540413,0.43855108121591047,12,0.04283453128153081,101.62888636655283,1.628886366552834,FALSE,Low
location,Eastern Spencer Gulf,simpson_diversity,M2 invertebrate Simpson diversity,period,Bloom,overall,Overall,2.6296819815725105,0.2923534387584403,15,2.6725165128540413,0.43855108121591047,12,0.04283453128153081,101.62888636655283,1.628886366552834,FALSE,Low
location,Eastern Spencer Gulf,simpson_diversity,M2 invertebrate Simpson diversity,period_split,Bloom 2026-03,by_status,Fished,2.6296819815725105,0.2923534387584403,15,2.6725165128540413,0.43855108121591047,12,0.04283453128153081,101.62888636655283,1.628886366552834,FALSE,Low
location,Eastern Spencer Gulf,simpson_diversity,M2 invertebrate Simpson diversity,period_split,Bloom 2026-03,overall,Overall,2.6296819815725105,0.2923534387584403,15,2.6725165128540413,0.43855108121591047,12,0.04283453128153081,101.62888636655283,1.628886366552834,FALSE,Low
location,Eastern Spencer Gulf,species_richness,M1 fish species richness,period,Bloom,by_status,Fished,6.7272727272727275,1.0030943859415413,11,3.0833333333333335,0.5429762723390704,12,-3.643939393939394,45.83333333333333,-54.16666666666667,FALSE,High
location,Eastern Spencer Gulf,species_richness,M1 fish species richness,period,Bloom,overall,Overall,6.7272727272727275,1.0030943859415413,11,3.0833333333333335,0.5429762723390704,12,-3.643939393939394,45.83333333333333,-54.16666666666667,FALSE,High
location,Eastern Spencer Gulf,species_richness,M1 fish species richness,period_split,Bloom 2026-03,by_status,Fished,6.7272727272727275,1.0030943859415413,11,3.0833333333333335,0.5429762723390704,12,-3.643939393939394,45.83333333333333,-54.16666666666667,FALSE,High
location,Eastern Spencer Gulf,species_richness,M1 fish species richness,period_split,Bloom 2026-03,overall,Overall,6.7272727272727275,1.0030943859415413,11,3.0833333333333335,0.5429762723390704,12,-3.643939393939394,45.83333333333333,-54.16666666666667,FALSE,High
location,Eastern Spencer Gulf,species_richness,M2 fish species richness,period,Bloom,by_status,Fished,0.9,0.3169797950598594,15,1.2916666666666667,0.4057276167453961,12,0.3916666666666667,143.51851851851853,43.51851851851853,FALSE,Low
location,Eastern Spencer Gulf,species_richness,M2 fish species richness,period,Bloom,overall,Overall,0.9,0.3169797950598594,15,1.2916666666666667,0.4057276167453961,12,0.3916666666666667,143.51851851851853,43.51851851851853,FALSE,Low
location,Eastern Spencer Gulf,species_richness,M2 fish species richness,period_split,Bloom 2026-03,by_status,Fished,0.9,0.3169797950598594,15,1.2916666666666667,0.4057276167453961,12,0.3916666666666667,143.51851851851853,43.51851851851853,FALSE,Low
location,Eastern Spencer Gulf,species_richness,M2 fish species richness,period_split,Bloom 2026-03,overall,Overall,0.9,0.3169797950598594,15,1.2916666666666667,0.4057276167453961,12,0.3916666666666667,143.51851851851853,43.51851851851853,FALSE,Low
location,Eastern Spencer Gulf,species_richness,M2 invertebrate species richness,period,Bloom,by_status,Fished,8.033333333333333,0.91608206466798,15,3.375,0.5810289983896646,12,-4.658333333333333,42.01244813278009,-57.98755186721991,FALSE,High
location,Eastern Spencer Gulf,species_richness,M2 invertebrate species richness,period,Bloom,overall,Overall,8.033333333333333,0.91608206466798,15,3.375,0.5810289983896646,12,-4.658333333333333,42.01244813278009,-57.98755186721991,FALSE,High
location,Eastern Spencer Gulf,species_richness,M2 invertebrate species richness,period_split,Bloom 2026-03,by_status,Fished,8.033333333333333,0.91608206466798,15,3.375,0.5810289983896646,12,-4.658333333333333,42.01244813278009,-57.98755186721991,FALSE,High
location,Eastern Spencer Gulf,species_richness,M2 invertebrate species richness,period_split,Bloom 2026-03,overall,Overall,8.033333333333333,0.91608206466798,15,3.375,0.5810289983896646,12,-4.658333333333333,42.01244813278009,-57.98755186721991,FALSE,High
location,Eastern Spencer Gulf,total_abundance,M1 fish total abundance,period,Bloom,by_status,Fished,22.545454545454547,4.6468242065535,11,9.791666666666666,3.1397128399221033,12,-12.75378787878788,43.43077956989247,-56.56922043010753,FALSE,High
location,Eastern Spencer Gulf,total_abundance,M1 fish total abundance,period,Bloom,overall,Overall,22.545454545454547,4.6468242065535,11,9.791666666666666,3.1397128399221033,12,-12.75378787878788,43.43077956989247,-56.56922043010753,FALSE,High
location,Eastern Spencer Gulf,total_abundance,M1 fish total abundance,period_split,Bloom 2026-03,by_status,Fished,22.545454545454547,4.6468242065535,11,9.791666666666666,3.1397128399221033,12,-12.75378787878788,43.43077956989247,-56.56922043010753,FALSE,High
location,Eastern Spencer Gulf,total_abundance,M1 fish total abundance,period_split,Bloom 2026-03,overall,Overall,22.545454545454547,4.6468242065535,11,9.791666666666666,3.1397128399221033,12,-12.75378787878788,43.43077956989247,-56.56922043010753,FALSE,High
location,Eastern Spencer Gulf,total_abundance,M2 fish total abundance,period,Bloom,by_status,Fished,1.8666666666666667,0.9264199740150081,15,2.4166666666666665,0.9020879260153227,12,0.5499999999999998,129.4642857142857,29.464285714285694,FALSE,Low
location,Eastern Spencer Gulf,total_abundance,M2 fish total abundance,period,Bloom,overall,Overall,1.8666666666666667,0.9264199740150081,15,2.4166666666666665,0.9020879260153227,12,0.5499999999999998,129.4642857142857,29.464285714285694,FALSE,Low
location,Eastern Spencer Gulf,total_abundance,M2 fish total abundance,period_split,Bloom 2026-03,by_status,Fished,1.8666666666666667,0.9264199740150081,15,2.4166666666666665,0.9020879260153227,12,0.5499999999999998,129.4642857142857,29.464285714285694,FALSE,Low
location,Eastern Spencer Gulf,total_abundance,M2 fish total abundance,period_split,Bloom 2026-03,overall,Overall,1.8666666666666667,0.9264199740150081,15,2.4166666666666665,0.9020879260153227,12,0.5499999999999998,129.4642857142857,29.464285714285694,FALSE,Low
location,Eastern Spencer Gulf,total_abundance,M2 invertebrate total abundance,period,Bloom,by_status,Fished,51.43333333333333,10.456356766359725,15,7.708333333333333,1.5636233335726766,12,-43.724999999999994,14.98703823720026,-85.01296176279973,FALSE,High
location,Eastern Spencer Gulf,total_abundance,M2 invertebrate total abundance,period,Bloom,overall,Overall,51.43333333333333,10.456356766359725,15,7.708333333333333,1.5636233335726766,12,-43.724999999999994,14.98703823720026,-85.01296176279973,FALSE,High
location,Eastern Spencer Gulf,total_abundance,M2 invertebrate total abundance,period_split,Bloom 2026-03,by_status,Fished,51.43333333333333,10.456356766359725,15,7.708333333333333,1.5636233335726766,12,-43.724999999999994,14.98703823720026,-85.01296176279973,FALSE,High
location,Eastern Spencer Gulf,total_abundance,M2 invertebrate total abundance,period_split,Bloom 2026-03,overall,Overall,51.43333333333333,10.456356766359725,15,7.708333333333333,1.5636233335726766,12,-43.724999999999994,14.98703823720026,-85.01296176279973,FALSE,High
location,Encounter Bay,b20,M1 fish B20 biomass,period,Bloom,by_status,Fished,4.031171312243094,0.47444220102294427,115,2.193040218505591,0.5912332123591364,28,-1.8381310937375033,54.40205956628773,-45.59794043371227,FALSE,Medium
location,Encounter Bay,b20,M1 fish B20 biomass,period,Bloom,by_status,No-take,1.3851194552025237,0.2135079472664214,14,1.0947023749995042,0.4440099597522632,8,-0.2904170802030195,79.03306612926345,-20.966933870736554,FALSE,Medium
location,Encounter Bay,b20,M1 fish B20 biomass,period,Bloom,overall,Overall,3.744002893649544,0.4295499647362052,129,1.9489651421709049,0.47376500948182304,36,-1.7950377514786393,52.05565266727427,-47.94434733272573,FALSE,Medium
location,Encounter Bay,b20,M1 fish B20 biomass,period_split,Bloom 2025-06,by_status,Fished,4.031171312243094,0.47444220102294427,115,4.1719243735776095,1.8263418446403104,8,0.14075306133451537,103.49161696271834,3.4916169627183393,FALSE,Low
location,Encounter Bay,b20,M1 fish B20 biomass,period_split,Bloom 2025-06,overall,Overall,3.744002893649544,0.4295499647362052,129,4.1719243735776095,1.8263418446403104,8,0.4279214799280653,111.42951787387483,11.429517873874829,FALSE,Low
location,Encounter Bay,b20,M1 fish B20 biomass,period_split,Bloom 2026-02,by_status,Fished,4.031171312243094,0.47444220102294427,115,1.3248865735093116,0.38098124981326265,12,-2.7062847387337827,32.86604490078332,-67.13395509921668,FALSE,High
location,Encounter Bay,b20,M1 fish B20 biomass,period_split,Bloom 2026-02,by_status,No-take,1.3851194552025237,0.2135079472664214,14,2.1894047499990084,0.3479852685434537,4,0.8042852947964847,158.0661322585269,58.06613225852689,FALSE,Low
location,Encounter Bay,b20,M1 fish B20 biomass,period_split,Bloom 2026-02,overall,Overall,3.744002893649544,0.4295499647362052,129,1.5410161176317358,0.3085899792844511,16,-2.2029867760178083,41.159586715212136,-58.840413284787864,FALSE,High
location,Encounter Bay,b20,M1 fish B20 biomass,period_split,Bloom 2026-05,by_status,Fished,4.031171312243094,0.47444220102294427,115,1.51638653092799,0.50499475156953,8,-2.514784781315104,37.616524168113706,-62.383475831886294,FALSE,High
location,Encounter Bay,b20,M1 fish B20 biomass,period_split,Bloom 2026-05,by_status,No-take,1.3851194552025237,0.2135079472664214,14,0,0,4,-1.3851194552025237,0,-100,FALSE,High
location,Encounter Bay,b20,M1 fish B20 biomass,period_split,Bloom 2026-05,overall,Overall,3.744002893649544,0.4295499647362052,129,1.0109243539519934,0.3932470833157237,12,-2.7330785396975505,27.001163798956735,-72.99883620104326,FALSE,High
location,Encounter Bay,b20,M2 fish B20 biomass,period,Bloom,by_status,Fished,0.07040207438050071,0.046336704799086186,117,0,0,28,-0.07040207438050071,0,-100,FALSE,High
location,Encounter Bay,b20,M2 fish B20 biomass,period,Bloom,by_status,No-take,0.016239487804179054,0.010299016436632618,24,0,0,8,-0.016239487804179054,0,-100,FALSE,High
location,Encounter Bay,b20,M2 fish B20 biomass,period,Bloom,overall,Overall,0.06118291070793533,0.038498464355354034,141,0,0,36,-0.06118291070793533,0,-100,FALSE,High
location,Encounter Bay,b20,M2 fish B20 biomass,period_split,Bloom 2025-06,by_status,Fished,0.07040207438050071,0.046336704799086186,117,0,0,8,-0.07040207438050071,0,-100,FALSE,High
location,Encounter Bay,b20,M2 fish B20 biomass,period_split,Bloom 2025-06,overall,Overall,0.06118291070793533,0.038498464355354034,141,0,0,8,-0.06118291070793533,0,-100,FALSE,High
location,Encounter Bay,b20,M2 fish B20 biomass,period_split,Bloom 2026-02,by_status,Fished,0.07040207438050071,0.046336704799086186,117,0,0,12,-0.07040207438050071,0,-100,FALSE,High
location,Encounter Bay,b20,M2 fish B20 biomass,period_split,Bloom 2026-02,by_status,No-take,0.016239487804179054,0.010299016436632618,24,0,0,4,-0.016239487804179054,0,-100,FALSE,High
location,Encounter Bay,b20,M2 fish B20 biomass,period_split,Bloom 2026-02,overall,Overall,0.06118291070793533,0.038498464355354034,141,0,0,16,-0.06118291070793533,0,-100,FALSE,High
location,Encounter Bay,b20,M2 fish B20 biomass,period_split,Bloom 2026-05,by_status,Fished,0.07040207438050071,0.046336704799086186,117,0,0,8,-0.07040207438050071,0,-100,FALSE,High
location,Encounter Bay,b20,M2 fish B20 biomass,period_split,Bloom 2026-05,by_status,No-take,0.016239487804179054,0.010299016436632618,24,0,0,4,-0.016239487804179054,0,-100,FALSE,High
location,Encounter Bay,b20,M2 fish B20 biomass,period_split,Bloom 2026-05,overall,Overall,0.06118291070793533,0.038498464355354034,141,0,0,12,-0.06118291070793533,0,-100,FALSE,High
location,Encounter Bay,invert_phylum_abundance,M2 invertebrate Arthropoda abundance,period,Bloom,by_status,Fished,3.8162393162393164,0.3943211629914148,117,4.089285714285714,0.8420392745197287,28,0.27304639804639796,107.15485522316428,7.154855223164276,FALSE,Low
location,Encounter Bay,invert_phylum_abundance,M2 invertebrate Arthropoda abundance,period,Bloom,by_status,No-take,3.0833333333333335,0.493312768862418,24,4.75,0.9682458365518541,8,1.6666666666666665,154.05405405405406,54.05405405405406,FALSE,Low
location,Encounter Bay,invert_phylum_abundance,M2 invertebrate Arthropoda abundance,period,Bloom,overall,Overall,3.6914893617021276,0.3380114824547061,141,4.236111111111111,0.6850113285794527,36,0.5446217494089831,114.75344220300991,14.75344220300991,FALSE,Low
location,Encounter Bay,invert_phylum_abundance,M2 invertebrate Arthropoda abundance,period_split,Bloom 2025-06,by_status,Fished,3.8162393162393164,0.3943211629914148,117,3.3125,0.6610158578171286,8,-0.5037393162393164,86.80011198208287,-13.199888017917132,FALSE,Low
location,Encounter Bay,invert_phylum_abundance,M2 invertebrate Arthropoda abundance,period_split,Bloom 2025-06,overall,Overall,3.6914893617021276,0.3380114824547061,141,3.3125,0.6610158578171286,8,-0.3789893617021276,89.73342939481267,-10.266570605187326,FALSE,Low
location,Encounter Bay,invert_phylum_abundance,M2 invertebrate Arthropoda abundance,period_split,Bloom 2026-02,by_status,Fished,3.8162393162393164,0.3943211629914148,117,5.291666666666667,1.8334624610172952,12,1.4754273504273505,138.66181410974244,38.66181410974244,FALSE,Low
location,Encounter Bay,invert_phylum_abundance,M2 invertebrate Arthropoda abundance,period_split,Bloom 2026-02,by_status,No-take,3.0833333333333335,0.493312768862418,24,6,1.7440374613713625,4,2.9166666666666665,194.59459459459458,94.59459459459458,FALSE,Low
location,Encounter Bay,invert_phylum_abundance,M2 invertebrate Arthropoda abundance,period_split,Bloom 2026-02,overall,Overall,3.6914893617021276,0.3380114824547061,141,5.46875,1.416766234246144,16,1.7772606382978724,148.14481268011528,48.14481268011528,FALSE,Low
location,Encounter Bay,invert_phylum_abundance,M2 invertebrate Arthropoda abundance,period_split,Bloom 2026-05,by_status,Fished,3.8162393162393164,0.3943211629914148,117,3.0625,0.815242623833105,8,-0.7537393162393164,80.2491601343785,-19.7508398656215,FALSE,Low
location,Encounter Bay,invert_phylum_abundance,M2 invertebrate Arthropoda abundance,period_split,Bloom 2026-05,by_status,No-take,3.0833333333333335,0.493312768862418,24,3.5,0.5400617248673217,4,0.4166666666666665,113.51351351351352,13.513513513513516,FALSE,Low
location,Encounter Bay,invert_phylum_abundance,M2 invertebrate Arthropoda abundance,period_split,Bloom 2026-05,overall,Overall,3.6914893617021276,0.3380114824547061,141,3.2083333333333335,0.5588758106387963,12,-0.4831560283687941,86.91162343900096,-13.088376560999038,FALSE,Low
location,Encounter Bay,invert_phylum_abundance,M2 invertebrate Chordata abundance,period,Bloom,by_status,Fished,3.6923076923076925,0.913210794381656,117,0,0,28,-3.6923076923076925,0,-100,FALSE,High
location,Encounter Bay,invert_phylum_abundance,M2 invertebrate Chordata abundance,period,Bloom,by_status,No-take,6.895833333333333,3.248045561534931,24,0,0,8,-6.895833333333333,0,-100,FALSE,High
location,Encounter Bay,invert_phylum_abundance,M2 invertebrate Chordata abundance,period,Bloom,overall,Overall,4.23758865248227,0.9374103342501398,141,0,0,36,-4.23758865248227,0,-100,FALSE,High
location,Encounter Bay,invert_phylum_abundance,M2 invertebrate Chordata abundance,period_split,Bloom 2025-06,by_status,Fished,3.6923076923076925,0.913210794381656,117,0,0,8,-3.6923076923076925,0,-100,FALSE,High
location,Encounter Bay,invert_phylum_abundance,M2 invertebrate Chordata abundance,period_split,Bloom 2025-06,overall,Overall,4.23758865248227,0.9374103342501398,141,0,0,8,-4.23758865248227,0,-100,FALSE,High
location,Encounter Bay,invert_phylum_abundance,M2 invertebrate Chordata abundance,period_split,Bloom 2026-02,by_status,Fished,3.6923076923076925,0.913210794381656,117,0,0,12,-3.6923076923076925,0,-100,FALSE,High
location,Encounter Bay,invert_phylum_abundance,M2 invertebrate Chordata abundance,period_split,Bloom 2026-02,by_status,No-take,6.895833333333333,3.248045561534931,24,0,0,4,-6.895833333333333,0,-100,FALSE,High
location,Encounter Bay,invert_phylum_abundance,M2 invertebrate Chordata abundance,period_split,Bloom 2026-02,overall,Overall,4.23758865248227,0.9374103342501398,141,0,0,16,-4.23758865248227,0,-100,FALSE,High
location,Encounter Bay,invert_phylum_abundance,M2 invertebrate Chordata abundance,period_split,Bloom 2026-05,by_status,Fished,3.6923076923076925,0.913210794381656,117,0,0,8,-3.6923076923076925,0,-100,FALSE,High
location,Encounter Bay,invert_phylum_abundance,M2 invertebrate Chordata abundance,period_split,Bloom 2026-05,by_status,No-take,6.895833333333333,3.248045561534931,24,0,0,4,-6.895833333333333,0,-100,FALSE,High
location,Encounter Bay,invert_phylum_abundance,M2 invertebrate Chordata abundance,period_split,Bloom 2026-05,overall,Overall,4.23758865248227,0.9374103342501398,141,0,0,12,-4.23758865248227,0,-100,FALSE,High
location,Encounter Bay,invert_phylum_abundance,M2 invertebrate Cnidaria abundance,period,Bloom,by_status,Fished,0.004273504273504274,0.004273504273504274,117,0,0,28,-0.004273504273504274,0,-100,FALSE,High
location,Encounter Bay,invert_phylum_abundance,M2 invertebrate Cnidaria abundance,period,Bloom,by_status,No-take,0,0,24,0,0,8,0,NA,NA,TRUE,Undefined - pre-bloom zero
location,Encounter Bay,invert_phylum_abundance,M2 invertebrate Cnidaria abundance,period,Bloom,overall,Overall,0.0035460992907801418,0.0035460992907801418,141,0,0,36,-0.0035460992907801418,0,-100,FALSE,High
location,Encounter Bay,invert_phylum_abundance,M2 invertebrate Cnidaria abundance,period_split,Bloom 2025-06,by_status,Fished,0.004273504273504274,0.004273504273504274,117,0,0,8,-0.004273504273504274,0,-100,FALSE,High
location,Encounter Bay,invert_phylum_abundance,M2 invertebrate Cnidaria abundance,period_split,Bloom 2025-06,overall,Overall,0.0035460992907801418,0.0035460992907801418,141,0,0,8,-0.0035460992907801418,0,-100,FALSE,High
location,Encounter Bay,invert_phylum_abundance,M2 invertebrate Cnidaria abundance,period_split,Bloom 2026-02,by_status,Fished,0.004273504273504274,0.004273504273504274,117,0,0,12,-0.004273504273504274,0,-100,FALSE,High
location,Encounter Bay,invert_phylum_abundance,M2 invertebrate Cnidaria abundance,period_split,Bloom 2026-02,by_status,No-take,0,0,24,0,0,4,0,NA,NA,TRUE,Undefined - pre-bloom zero
location,Encounter Bay,invert_phylum_abundance,M2 invertebrate Cnidaria abundance,period_split,Bloom 2026-02,overall,Overall,0.0035460992907801418,0.0035460992907801418,141,0,0,16,-0.0035460992907801418,0,-100,FALSE,High
location,Encounter Bay,invert_phylum_abundance,M2 invertebrate Cnidaria abundance,period_split,Bloom 2026-05,by_status,Fished,0.004273504273504274,0.004273504273504274,117,0,0,8,-0.004273504273504274,0,-100,FALSE,High
location,Encounter Bay,invert_phylum_abundance,M2 invertebrate Cnidaria abundance,period_split,Bloom 2026-05,by_status,No-take,0,0,24,0,0,4,0,NA,NA,TRUE,Undefined - pre-bloom zero
location,Encounter Bay,invert_phylum_abundance,M2 invertebrate Cnidaria abundance,period_split,Bloom 2026-05,overall,Overall,0.0035460992907801418,0.0035460992907801418,141,0,0,12,-0.0035460992907801418,0,-100,FALSE,High
location,Encounter Bay,invert_phylum_abundance,M2 invertebrate Echinodermata abundance,period,Bloom,by_status,Fished,38.36752136752137,2.5237918380409665,117,1.5892857142857142,0.27704694107421396,28,-36.778235653235654,4.142268402125831,-95.85773159787416,FALSE,High
location,Encounter Bay,invert_phylum_abundance,M2 invertebrate Echinodermata abundance,period,Bloom,by_status,No-take,18.25,1.8491576617398027,24,4.9375,2.0989740265867307,8,-13.3125,27.054794520547947,-72.94520547945206,FALSE,High
location,Encounter Bay,invert_phylum_abundance,M2 invertebrate Echinodermata abundance,period,Bloom,overall,Overall,34.94326241134752,2.2097984121303553,141,2.3333333333333335,0.5451809077932042,36,-32.60992907801418,6.677491374061296,-93.32250862593871,FALSE,High
location,Encounter Bay,invert_phylum_abundance,M2 invertebrate Echinodermata abundance,period_split,Bloom 2025-06,by_status,Fished,38.36752136752137,2.5237918380409665,117,2,0.4909902530309828,8,-36.36752136752137,5.212742258854979,-94.78725774114503,FALSE,High
location,Encounter Bay,invert_phylum_abundance,M2 invertebrate Echinodermata abundance,period_split,Bloom 2025-06,overall,Overall,34.94326241134752,2.2097984121303553,141,2,0.4909902530309828,8,-32.94326241134752,5.723564034909681,-94.27643596509031,FALSE,High
location,Encounter Bay,invert_phylum_abundance,M2 invertebrate Echinodermata abundance,period_split,Bloom 2026-02,by_status,Fished,38.36752136752137,2.5237918380409665,117,2.125,0.4527901714855783,12,-36.24252136752137,5.538538650033415,-94.46146134996658,FALSE,High
location,Encounter Bay,invert_phylum_abundance,M2 invertebrate Echinodermata abundance,period_split,Bloom 2026-02,by_status,No-take,18.25,1.8491576617398027,24,9.125,2.967708150520645,4,-9.125,50,-50,FALSE,Medium
location,Encounter Bay,invert_phylum_abundance,M2 invertebrate Echinodermata abundance,period_split,Bloom 2026-02,overall,Overall,34.94326241134752,2.2097984121303553,141,3.875,1.079641144084459,16,-31.06826241134752,11.089405317637507,-88.9105946823625,FALSE,High
location,Encounter Bay,invert_phylum_abundance,M2 invertebrate Echinodermata abundance,period_split,Bloom 2026-05,by_status,Fished,38.36752136752137,2.5237918380409665,117,0.375,0.125,8,-37.99252136752137,0.9773891735353085,-99.02261082646469,FALSE,High
location,Encounter Bay,invert_phylum_abundance,M2 invertebrate Echinodermata abundance,period_split,Bloom 2026-05,by_status,No-take,18.25,1.8491576617398027,24,0.75,0.25,4,-17.5,4.10958904109589,-95.89041095890411,FALSE,High
location,Encounter Bay,invert_phylum_abundance,M2 invertebrate Echinodermata abundance,period_split,Bloom 2026-05,overall,Overall,34.94326241134752,2.2097984121303553,141,0.5,0.12309149097933274,12,-34.44326241134752,1.4308910087274203,-98.56910899127259,FALSE,High
location,Encounter Bay,invert_phylum_abundance,M2 invertebrate Mollusca abundance,period,Bloom,by_status,Fished,13.58974358974359,0.8591838297185902,117,4.232142857142857,0.522940747790004,28,-9.357600732600734,31.142183288409704,-68.85781671159029,FALSE,High
location,Encounter Bay,invert_phylum_abundance,M2 invertebrate Mollusca abundance,period,Bloom,by_status,No-take,11.354166666666666,2.1139373522474725,24,6.1875,1.1137833689084886,8,-5.166666666666666,54.49541284403669,-45.50458715596331,FALSE,Medium
location,Encounter Bay,invert_phylum_abundance,M2 invertebrate Mollusca abundance,period,Bloom,overall,Overall,13.209219858156029,0.7984622383101877,141,4.666666666666667,0.4879500364742666,36,-8.542553191489361,35.328859060402685,-64.67114093959731,FALSE,High
location,Encounter Bay,invert_phylum_abundance,M2 invertebrate Mollusca abundance,period_split,Bloom 2025-06,by_status,Fished,13.58974358974359,0.8591838297185902,117,3.8125,0.7496278838768701,8,-9.77724358974359,28.05424528301887,-71.94575471698113,FALSE,High
location,Encounter Bay,invert_phylum_abundance,M2 invertebrate Mollusca abundance,period_split,Bloom 2025-06,overall,Overall,13.209219858156029,0.7984622383101877,141,3.8125,0.7496278838768701,8,-9.396719858156029,28.86241610738255,-71.13758389261744,FALSE,High
location,Encounter Bay,invert_phylum_abundance,M2 invertebrate Mollusca abundance,period_split,Bloom 2026-02,by_status,Fished,13.58974358974359,0.8591838297185902,117,4.625,0.8508574106942557,12,-8.96474358974359,34.03301886792453,-65.96698113207546,FALSE,High
location,Encounter Bay,invert_phylum_abundance,M2 invertebrate Mollusca abundance,period_split,Bloom 2026-02,by_status,No-take,11.354166666666666,2.1139373522474725,24,5,1,4,-6.354166666666666,44.03669724770643,-55.96330275229357,FALSE,High
location,Encounter Bay,invert_phylum_abundance,M2 invertebrate Mollusca abundance,period_split,Bloom 2026-02,overall,Overall,13.209219858156029,0.7984622383101877,141,4.71875,0.6707718657139201,16,-8.490469858156029,35.7231543624161,-64.2768456375839,FALSE,High
location,Encounter Bay,invert_phylum_abundance,M2 invertebrate Mollusca abundance,period_split,Bloom 2026-05,by_status,Fished,13.58974358974359,0.8591838297185902,117,4.0625,1.1666400932347805,8,-9.52724358974359,29.8938679245283,-70.10613207547169,FALSE,High
location,Encounter Bay,invert_phylum_abundance,M2 invertebrate Mollusca abundance,period_split,Bloom 2026-05,by_status,No-take,11.354166666666666,2.1139373522474725,24,7.375,1.961876227832259,4,-3.979166666666666,64.95412844036697,-35.04587155963303,FALSE,Medium
location,Encounter Bay,invert_phylum_abundance,M2 invertebrate Mollusca abundance,period_split,Bloom 2026-05,overall,Overall,13.209219858156029,0.7984622383101877,141,5.166666666666667,1.071909463989333,12,-8.042553191489361,39.11409395973154,-60.88590604026846,FALSE,High
location,Encounter Bay,invert_phylum_abundance,M2 invertebrate Platyhelminthes abundance,period,Bloom,by_status,Fished,0,0,117,0,0,28,0,NA,NA,TRUE,Undefined - pre-bloom zero
location,Encounter Bay,invert_phylum_abundance,M2 invertebrate Platyhelminthes abundance,period,Bloom,by_status,No-take,0,0,24,0,0,8,0,NA,NA,TRUE,Undefined - pre-bloom zero
location,Encounter Bay,invert_phylum_abundance,M2 invertebrate Platyhelminthes abundance,period,Bloom,overall,Overall,0,0,141,0,0,36,0,NA,NA,TRUE,Undefined - pre-bloom zero
location,Encounter Bay,invert_phylum_abundance,M2 invertebrate Platyhelminthes abundance,period_split,Bloom 2025-06,by_status,Fished,0,0,117,0,0,8,0,NA,NA,TRUE,Undefined - pre-bloom zero
location,Encounter Bay,invert_phylum_abundance,M2 invertebrate Platyhelminthes abundance,period_split,Bloom 2025-06,overall,Overall,0,0,141,0,0,8,0,NA,NA,TRUE,Undefined - pre-bloom zero
location,Encounter Bay,invert_phylum_abundance,M2 invertebrate Platyhelminthes abundance,period_split,Bloom 2026-02,by_status,Fished,0,0,117,0,0,12,0,NA,NA,TRUE,Undefined - pre-bloom zero
location,Encounter Bay,invert_phylum_abundance,M2 invertebrate Platyhelminthes abundance,period_split,Bloom 2026-02,by_status,No-take,0,0,24,0,0,4,0,NA,NA,TRUE,Undefined - pre-bloom zero
location,Encounter Bay,invert_phylum_abundance,M2 invertebrate Platyhelminthes abundance,period_split,Bloom 2026-02,overall,Overall,0,0,141,0,0,16,0,NA,NA,TRUE,Undefined - pre-bloom zero
location,Encounter Bay,invert_phylum_abundance,M2 invertebrate Platyhelminthes abundance,period_split,Bloom 2026-05,by_status,Fished,0,0,117,0,0,8,0,NA,NA,TRUE,Undefined - pre-bloom zero
location,Encounter Bay,invert_phylum_abundance,M2 invertebrate Platyhelminthes abundance,period_split,Bloom 2026-05,by_status,No-take,0,0,24,0,0,4,0,NA,NA,TRUE,Undefined - pre-bloom zero
location,Encounter Bay,invert_phylum_abundance,M2 invertebrate Platyhelminthes abundance,period_split,Bloom 2026-05,overall,Overall,0,0,141,0,0,12,0,NA,NA,TRUE,Undefined - pre-bloom zero
location,Encounter Bay,invert_phylum_richness,M2 invertebrate Arthropoda species richness,period,Bloom,by_status,Fished,1.4615384615384615,0.08798968197895181,117,1.2857142857142858,0.12968360824101738,28,-0.17582417582417564,87.96992481203009,-12.030075187969913,FALSE,Low
location,Encounter Bay,invert_phylum_richness,M2 invertebrate Arthropoda species richness,period,Bloom,by_status,No-take,1.375,0.15710815069401318,24,1.4375,0.1132908708968707,8,0.0625,104.54545454545455,4.545454545454547,FALSE,Low
location,Encounter Bay,invert_phylum_richness,M2 invertebrate Arthropoda species richness,period,Bloom,overall,Overall,1.446808510638298,0.07759396820770412,141,1.3194444444444444,0.10380227269466928,36,-0.12736406619385354,91.1968954248366,-8.8031045751634025,FALSE,Low
location,Encounter Bay,invert_phylum_richness,M2 invertebrate Arthropoda species richness,period_split,Bloom 2025-06,by_status,Fished,1.4615384615384615,0.08798968197895181,117,1.5625,0.239745028251742,8,0.10096153846153855,106.9078947368421,6.9078947368420955,FALSE,Low
location,Encounter Bay,invert_phylum_richness,M2 invertebrate Arthropoda species richness,period_split,Bloom 2025-06,overall,Overall,1.446808510638298,0.07759396820770412,141,1.5625,0.239745028251742,8,0.11569148936170204,107.99632352941175,7.996323529411754,FALSE,Low
location,Encounter Bay,invert_phylum_richness,M2 invertebrate Arthropoda species richness,period_split,Bloom 2026-02,by_status,Fished,1.4615384615384615,0.08798968197895181,117,1.1666666666666667,0.22473328748774737,12,-0.2948717948717947,79.82456140350878,-20.17543859649122,FALSE,Medium
location,Encounter Bay,invert_phylum_richness,M2 invertebrate Arthropoda species richness,period_split,Bloom 2026-02,by_status,No-take,1.375,0.15710815069401318,24,1.5,0.2041241452319315,4,0.125,109.09090909090908,9.09090909090908,FALSE,Low
location,Encounter Bay,invert_phylum_richness,M2 invertebrate Arthropoda species richness,period_split,Bloom 2026-02,overall,Overall,1.446808510638298,0.07759396820770412,141,1.25,0.1767766952966369,16,-0.19680851063829796,86.3970588235294,-13.602941176470594,FALSE,Low
location,Encounter Bay,invert_phylum_richness,M2 invertebrate Arthropoda species richness,period_split,Bloom 2026-05,by_status,Fished,1.4615384615384615,0.08798968197895181,117,1.1875,0.18749999999999997,8,-0.27403846153846145,81.25,-18.75,FALSE,Low
location,Encounter Bay,invert_phylum_richness,M2 invertebrate Arthropoda species richness,period_split,Bloom 2026-05,by_status,No-take,1.375,0.15710815069401318,24,1.375,0.125,4,0,100,0,FALSE,Low
location,Encounter Bay,invert_phylum_richness,M2 invertebrate Arthropoda species richness,period_split,Bloom 2026-05,overall,Overall,1.446808510638298,0.07759396820770412,141,1.25,0.1305582419667734,12,-0.19680851063829796,86.3970588235294,-13.602941176470594,FALSE,Low
location,Encounter Bay,invert_phylum_richness,M2 invertebrate Echinodermata species richness,period,Bloom,by_status,Fished,5.034188034188034,0.153997534979575,117,1.125,0.16986027560178166,28,-3.909188034188034,22.347198641765704,-77.6528013582343,FALSE,High
location,Encounter Bay,invert_phylum_richness,M2 invertebrate Echinodermata species richness,period,Bloom,by_status,No-take,4.4375,0.2176798356981308,24,1.6875,0.4323678576001161,8,-2.75,38.028169014084504,-61.971830985915496,FALSE,High
location,Encounter Bay,invert_phylum_richness,M2 invertebrate Echinodermata species richness,period,Bloom,overall,Overall,4.932624113475177,0.13412441280140577,141,1.25,0.16487128216441965,36,-3.6826241134751774,25.341480948957585,-74.65851905104242,FALSE,High
location,Encounter Bay,invert_phylum_richness,M2 invertebrate Echinodermata species richness,period_split,Bloom 2025-06,by_status,Fished,5.034188034188034,0.153997534979575,117,1.4375,0.31956303871737995,8,-3.596688034188034,28.554753820033955,-71.44524617996605,FALSE,High
location,Encounter Bay,invert_phylum_richness,M2 invertebrate Echinodermata species richness,period_split,Bloom 2025-06,overall,Overall,4.932624113475177,0.13412441280140577,141,1.4375,0.31956303871737995,8,-3.4951241134751774,29.142703091301218,-70.85729690869879,FALSE,High
location,Encounter Bay,invert_phylum_richness,M2 invertebrate Echinodermata species richness,period_split,Bloom 2026-02,by_status,Fished,5.034188034188034,0.153997534979575,117,1.4583333333333333,0.2496841439041969,12,-3.575854700854701,28.968590831918505,-71.0314091680815,FALSE,High
location,Encounter Bay,invert_phylum_richness,M2 invertebrate Echinodermata species richness,period_split,Bloom 2026-02,by_status,No-take,4.4375,0.2176798356981308,24,2.75,0.3227486121839514,4,-1.6875,61.97183098591549,-38.02816901408451,FALSE,Medium
location,Encounter Bay,invert_phylum_richness,M2 invertebrate Echinodermata species richness,period_split,Bloom 2026-02,overall,Overall,4.932624113475177,0.13412441280140577,141,1.78125,0.24566555008791932,16,-3.1513741134751774,36.111610352264556,-63.888389647735444,FALSE,High
location,Encounter Bay,invert_phylum_richness,M2 invertebrate Echinodermata species richness,period_split,Bloom 2026-05,by_status,Fished,5.034188034188034,0.153997534979575,117,0.3125,0.09149063183892497,8,-4.721688034188034,6.207555178268252,-93.79244482173175,FALSE,High
location,Encounter Bay,invert_phylum_richness,M2 invertebrate Echinodermata species richness,period_split,Bloom 2026-05,by_status,No-take,4.4375,0.2176798356981308,24,0.625,0.125,4,-3.8125,14.084507042253522,-85.91549295774648,FALSE,High
location,Encounter Bay,invert_phylum_richness,M2 invertebrate Echinodermata species richness,period_split,Bloom 2026-05,overall,Overall,4.932624113475177,0.13412441280140577,141,0.4166666666666667,0.08333333333333333,12,-4.51595744680851,8.447160316319195,-91.5528396836808,FALSE,High
location,Encounter Bay,invert_phylum_richness,M2 invertebrate Mollusca species richness,period,Bloom,by_status,Fished,2.8461538461538463,0.09644077437111553,117,1.3571428571428572,0.1086751106161044,28,-1.489010989010989,47.68339768339768,-52.31660231660232,FALSE,High
location,Encounter Bay,invert_phylum_richness,M2 invertebrate Mollusca species richness,period,Bloom,by_status,No-take,2.8333333333333335,0.2305213582693749,24,2.1875,0.23024637425406477,8,-0.6458333333333335,77.20588235294117,-22.794117647058826,FALSE,Medium
location,Encounter Bay,invert_phylum_richness,M2 invertebrate Mollusca species richness,period,Bloom,overall,Overall,2.8439716312056738,0.08877397956123771,141,1.5416666666666667,0.11334558757279535,36,-1.302304964539007,54.20822942643392,-45.79177057356608,FALSE,Medium
location,Encounter Bay,invert_phylum_richness,M2 invertebrate Mollusca species richness,period_split,Bloom 2025-06,by_status,Fished,2.8461538461538463,0.09644077437111553,117,1.5625,0.17519122205668378,8,-1.2836538461538463,54.89864864864865,-45.10135135135135,FALSE,Medium
location,Encounter Bay,invert_phylum_richness,M2 invertebrate Mollusca species richness,period_split,Bloom 2025-06,overall,Overall,2.8439716312056738,0.08877397956123771,141,1.5625,0.17519122205668378,8,-1.2814716312056738,54.94077306733167,-45.05922693266833,FALSE,Medium
location,Encounter Bay,invert_phylum_richness,M2 invertebrate Mollusca species richness,period_split,Bloom 2026-02,by_status,Fished,2.8461538461538463,0.09644077437111553,117,1.375,0.1523179489612356,12,-1.4711538461538463,48.310810810810814,-51.689189189189186,FALSE,High
location,Encounter Bay,invert_phylum_richness,M2 invertebrate Mollusca species richness,period_split,Bloom 2026-02,by_status,No-take,2.8333333333333335,0.2305213582693749,24,2,0.3535533905932738,4,-0.8333333333333335,70.58823529411764,-29.411764705882362,FALSE,Medium
location,Encounter Bay,invert_phylum_richness,M2 invertebrate Mollusca species richness,period_split,Bloom 2026-02,overall,Overall,2.8439716312056738,0.08877397956123771,141,1.53125,0.1545743483462462,16,-1.3127216312056738,53.84195760598504,-46.15804239401496,FALSE,Medium
location,Encounter Bay,invert_phylum_richness,M2 invertebrate Mollusca species richness,period_split,Bloom 2026-05,by_status,Fished,2.8461538461538463,0.09644077437111553,117,1.125,0.2454951265154914,8,-1.7211538461538463,39.527027027027025,-60.472972972972975,FALSE,High
location,Encounter Bay,invert_phylum_richness,M2 invertebrate Mollusca species richness,period_split,Bloom 2026-05,by_status,No-take,2.8333333333333335,0.2305213582693749,24,2.375,0.3145764348029479,4,-0.4583333333333335,83.8235294117647,-16.176470588235304,FALSE,Low
location,Encounter Bay,invert_phylum_richness,M2 invertebrate Mollusca species richness,period_split,Bloom 2026-05,overall,Overall,2.8439716312056738,0.08877397956123771,141,1.5416666666666667,0.25715763746202547,12,-1.302304964539007,54.20822942643392,-45.79177057356608,FALSE,Medium
location,Encounter Bay,invert_phylum_shannon,M2 invertebrate Arthropoda Shannon diversity,period,Bloom,by_status,Fished,0.3339615470475648,0.031340779252038396,117,0.22264139029211621,0.04832632578244893,28,-0.1113201567554486,66.66677414223568,-33.33322585776432,FALSE,Medium
location,Encounter Bay,invert_phylum_shannon,M2 invertebrate Arthropoda Shannon diversity,period,Bloom,by_status,No-take,0.28453082118401135,0.05791633526676897,24,0.2669407309079926,0.07639199330665791,8,-0.017590090276018766,93.81786120645154,-6.182138793548461,FALSE,Low
location,Encounter Bay,invert_phylum_shannon,M2 invertebrate Arthropoda Shannon diversity,period,Bloom,overall,Overall,0.32554780647504505,0.027777572374954783,141,0.23248568820675541,0.040869516161456836,36,-0.09306211826828964,71.4136859725936,-28.586314027406402,FALSE,Medium
location,Encounter Bay,invert_phylum_shannon,M2 invertebrate Arthropoda Shannon diversity,period_split,Bloom 2025-06,by_status,Fished,0.3339615470475648,0.031340779252038396,117,0.3177214425997563,0.12182001555716582,8,-0.01624010444780849,95.13713342407787,-4.862866575922126,FALSE,Low
location,Encounter Bay,invert_phylum_shannon,M2 invertebrate Arthropoda Shannon diversity,period_split,Bloom 2025-06,overall,Overall,0.32554780647504505,0.027777572374954783,141,0.3177214425997563,0.12182001555716582,8,-0.007826363875288733,97.59594022148981,-2.404059778510188,FALSE,Low
location,Encounter Bay,invert_phylum_shannon,M2 invertebrate Arthropoda Shannon diversity,period_split,Bloom 2026-02,by_status,Fished,0.3339615470475648,0.031340779252038396,117,0.1669019364015823,0.052876404835970704,12,-0.16705961064598251,49.9763933533974,-50.0236066466026,FALSE,High
location,Encounter Bay,invert_phylum_shannon,M2 invertebrate Arthropoda Shannon diversity,period_split,Bloom 2026-02,by_status,No-take,0.28453082118401135,0.05791633526676897,24,0.3137334046244315,0.14252119921327208,4,0.02920258344042015,110.26341656728087,10.26341656728087,FALSE,Low
location,Encounter Bay,invert_phylum_shannon,M2 invertebrate Arthropoda Shannon diversity,period_split,Bloom 2026-02,overall,Overall,0.32554780647504505,0.027777572374954783,141,0.2036098034572946,0.053130602439865435,16,-0.12193800301775046,62.543749153752124,-37.456250846247876,FALSE,Medium
location,Encounter Bay,invert_phylum_shannon,M2 invertebrate Arthropoda Shannon diversity,period_split,Bloom 2026-05,by_status,Fished,0.3339615470475648,0.031340779252038396,117,0.211170518820277,0.09012131974124948,8,-0.12279102822728782,63.231986043650956,-36.768013956349044,FALSE,Medium
location,Encounter Bay,invert_phylum_shannon,M2 invertebrate Arthropoda Shannon diversity,period_split,Bloom 2026-05,by_status,No-take,0.28453082118401135,0.05791633526676897,24,0.22014805719155367,0.0739015734529578,4,-0.06438276399245768,77.37230584562221,-22.627694154377792,FALSE,Medium
location,Encounter Bay,invert_phylum_shannon,M2 invertebrate Arthropoda Shannon diversity,period_split,Bloom 2026-05,overall,Overall,0.32554780647504505,0.027777572374954783,141,0.21416303161070255,0.06279934140745602,12,-0.1113847748643425,65.78543223178475,-34.21456776821525,FALSE,Medium
location,Encounter Bay,invert_phylum_shannon,M2 invertebrate Echinodermata Shannon diversity,period,Bloom,by_status,Fished,0.9745964623603011,0.03768488778280561,117,0.24331964737873188,0.06679795725378795,28,-0.7312768149815692,24.96619439695631,-75.03380560304369,FALSE,High
location,Encounter Bay,invert_phylum_shannon,M2 invertebrate Echinodermata Shannon diversity,period,Bloom,by_status,No-take,1.107716277501736,0.04466887695613514,24,0.37615048657777633,0.14627222263141773,8,-0.7315657909239597,33.95729522239388,-66.04270477760612,FALSE,High
location,Encounter Bay,invert_phylum_shannon,M2 invertebrate Echinodermata Shannon diversity,period,Bloom,overall,Overall,0.9972551542992687,0.03240495891035714,141,0.2728376116451862,0.06095264714159681,36,-0.7244175426540824,27.358857005547222,-72.64114299445278,FALSE,High
location,Encounter Bay,invert_phylum_shannon,M2 invertebrate Echinodermata Shannon diversity,period_split,Bloom 2025-06,by_status,Fished,0.9745964623603011,0.03768488778280561,117,0.3495973533361478,0.12343339691412122,8,-0.6249991090241533,35.87098525778398,-64.12901474221601,FALSE,High
location,Encounter Bay,invert_phylum_shannon,M2 invertebrate Echinodermata Shannon diversity,period_split,Bloom 2025-06,overall,Overall,0.9972551542992687,0.03240495891035714,141,0.3495973533361478,0.12343339691412122,8,-0.6476578009631209,35.05595853067271,-64.94404146932729,FALSE,High
location,Encounter Bay,invert_phylum_shannon,M2 invertebrate Echinodermata Shannon diversity,period_split,Bloom 2026-02,by_status,Fished,0.9745964623603011,0.03768488778280561,117,0.3346809416596092,0.11857372985038886,12,-0.6399155207006919,34.34046342104207,-65.65953657895793,FALSE,High
location,Encounter Bay,invert_phylum_shannon,M2 invertebrate Echinodermata Shannon diversity,period_split,Bloom 2026-02,by_status,No-take,1.107716277501736,0.04466887695613514,24,0.7523009731555527,0.07429559539231277,4,-0.3554153043461833,67.91459044478776,-32.08540955521224,FALSE,Medium
location,Encounter Bay,invert_phylum_shannon,M2 invertebrate Echinodermata Shannon diversity,period_split,Bloom 2026-02,overall,Overall,0.9972551542992687,0.03240495891035714,141,0.4390859495335951,0.10094020053683503,16,-0.5581692047656737,44.02944899714489,-55.97055100285511,FALSE,High
location,Encounter Bay,invert_phylum_shannon,M2 invertebrate Echinodermata Shannon diversity,period_split,Bloom 2026-05,by_status,Fished,0.9745964623603011,0.03768488778280561,117,0,0,8,-0.9745964623603011,0,-100,FALSE,High
location,Encounter Bay,invert_phylum_shannon,M2 invertebrate Echinodermata Shannon diversity,period_split,Bloom 2026-05,by_status,No-take,1.107716277501736,0.04466887695613514,24,0,0,4,-1.107716277501736,0,-100,FALSE,High
location,Encounter Bay,invert_phylum_shannon,M2 invertebrate Echinodermata Shannon diversity,period_split,Bloom 2026-05,overall,Overall,0.9972551542992687,0.03240495891035714,141,0,0,12,-0.9972551542992687,0,-100,FALSE,High
location,Encounter Bay,invert_phylum_shannon,M2 invertebrate Mollusca Shannon diversity,period,Bloom,by_status,Fished,0.7168185050092174,0.033930723273201284,117,0.23431380217710618,0.0419984994769839,28,-0.4825047028321112,32.68802361262886,-67.31197638737115,FALSE,High
location,Encounter Bay,invert_phylum_shannon,M2 invertebrate Mollusca Shannon diversity,period,Bloom,by_status,No-take,0.7579271490603134,0.0647774494488928,24,0.5810538979968579,0.09238312488393662,8,-0.17687325106345553,76.6635551605791,-23.336444839420906,FALSE,Medium
location,Encounter Bay,invert_phylum_shannon,M2 invertebrate Mollusca Shannon diversity,period,Bloom,overall,Overall,0.7238157210179146,0.03017617438754071,141,0.3113671568037177,0.0450706526757215,36,-0.4124485642141969,43.01746256158082,-56.98253743841918,FALSE,High
location,Encounter Bay,invert_phylum_shannon,M2 invertebrate Mollusca Shannon diversity,period_split,Bloom 2025-06,by_status,Fished,0.7168185050092174,0.033930723273201284,117,0.3511692480950202,0.07136889243755,8,-0.3656492569141972,48.98998081676262,-51.01001918323738,FALSE,High
location,Encounter Bay,invert_phylum_shannon,M2 invertebrate Mollusca Shannon diversity,period_split,Bloom 2025-06,overall,Overall,0.7238157210179146,0.03017617438754071,141,0.3511692480950202,0.07136889243755,8,-0.3726464729228944,48.51638861907625,-51.48361138092375,FALSE,High
location,Encounter Bay,invert_phylum_shannon,M2 invertebrate Mollusca Shannon diversity,period_split,Bloom 2026-02,by_status,Fished,0.7168185050092174,0.033930723273201284,117,0.21836972059781273,0.059821006635233424,12,-0.49844878441140467,30.46373929688168,-69.53626070311832,FALSE,High
location,Encounter Bay,invert_phylum_shannon,M2 invertebrate Mollusca Shannon diversity,period_split,Bloom 2026-02,by_status,No-take,0.7579271490603134,0.0647774494488928,24,0.5299717431107382,0.153768540643927,4,-0.2279554059495752,69.92383684471564,-30.076163155284362,FALSE,Medium
location,Encounter Bay,invert_phylum_shannon,M2 invertebrate Mollusca Shannon diversity,period_split,Bloom 2026-02,overall,Overall,0.7238157210179146,0.03017617438754071,141,0.2962702262260441,0.06606163802982731,16,-0.4275454947918705,40.93172027396616,-59.06827972603384,FALSE,High
location,Encounter Bay,invert_phylum_shannon,M2 invertebrate Mollusca Shannon diversity,period_split,Bloom 2026-05,by_status,Fished,0.7168185050092174,0.033930723273201284,117,0.1413744786281323,0.08393118092745364,8,-0.5754440263810852,19.72249288211587,-80.27750711788413,FALSE,High
location,Encounter Bay,invert_phylum_shannon,M2 invertebrate Mollusca Shannon diversity,period_split,Bloom 2026-05,by_status,No-take,0.7579271490603134,0.0647774494488928,24,0.6321360528829777,0.12018308160966507,4,-0.12579109617733575,83.40327347644256,-16.596726523557436,FALSE,Low
location,Encounter Bay,invert_phylum_shannon,M2 invertebrate Mollusca Shannon diversity,period_split,Bloom 2026-05,overall,Overall,0.7238157210179146,0.03017617438754071,141,0.3049616700464141,0.09574567611703874,12,-0.41885405097150047,42.13250157340342,-57.86749842659658,FALSE,High
location,Encounter Bay,invert_phylum_simpson,M2 invertebrate Arthropoda Simpson diversity,period,Bloom,by_status,Fished,1.2441131130908316,0.06899458098137243,117,1.1433624599397132,0.10407552035656174,28,-0.10075065315111842,91.90180924137863,-8.09819075862137,FALSE,Low
location,Encounter Bay,invert_phylum_simpson,M2 invertebrate Arthropoda Simpson diversity,period,Bloom,by_status,No-take,1.1660080442433383,0.09823651364227806,24,1.3317307692307692,0.10947733257742041,8,0.1657227249874309,114.21282861688779,14.21282861688779,FALSE,Low
location,Encounter Bay,invert_phylum_simpson,M2 invertebrate Arthropoda Simpson diversity,period,Bloom,overall,Overall,1.230818633287003,0.05957237836733616,141,1.1852220842266146,0.08489364269657551,36,-0.04559654906038846,96.2954290886368,-3.7045709113632057,FALSE,Low
location,Encounter Bay,invert_phylum_simpson,M2 invertebrate Arthropoda Simpson diversity,period_split,Bloom 2025-06,by_status,Fished,1.2441131130908316,0.06899458098137243,117,1.456233153638814,0.199831127371365,8,0.2121200405479824,117.0498999099044,17.049899909904397,FALSE,Low
location,Encounter Bay,invert_phylum_simpson,M2 invertebrate Arthropoda Simpson diversity,period_split,Bloom 2025-06,overall,Overall,1.230818633287003,0.05957237836733616,141,1.456233153638814,0.199831127371365,8,0.22541452035181098,118.31419465513152,18.314194655131516,FALSE,Low
location,Encounter Bay,invert_phylum_simpson,M2 invertebrate Arthropoda Simpson diversity,period_split,Bloom 2026-02,by_status,Fished,1.2441131130908316,0.06899458098137243,117,0.9185620989719163,0.14248450974757387,12,-0.3255510141189153,73.83268364480722,-26.16731635519278,FALSE,Medium
location,Encounter Bay,invert_phylum_simpson,M2 invertebrate Arthropoda Simpson diversity,period_split,Bloom 2026-02,by_status,No-take,1.1660080442433383,0.09823651364227806,24,1.4134615384615383,0.20970945901225116,4,0.24745349421820007,121.22228019265347,21.22228019265347,FALSE,Low
location,Encounter Bay,invert_phylum_simpson,M2 invertebrate Arthropoda Simpson diversity,period_split,Bloom 2026-02,overall,Overall,1.230818633287003,0.05957237836733616,141,1.0422869588443218,0.1281658323616454,16,-0.18853167444268126,84.68241629238324,-15.317583707616762,FALSE,Low
location,Encounter Bay,invert_phylum_simpson,M2 invertebrate Arthropoda Simpson diversity,period_split,Bloom 2026-05,by_status,Fished,1.2441131130908316,0.06899458098137243,117,1.1676923076923078,0.18314963003579482,8,-0.0764208053985238,93.85740696770999,-6.142593032290009,FALSE,Low
location,Encounter Bay,invert_phylum_simpson,M2 invertebrate Arthropoda Simpson diversity,period_split,Bloom 2026-05,by_status,No-take,1.1660080442433383,0.09823651364227806,24,1.25,0.08660254037844385,4,0.08399195575666174,107.20337704112212,7.203377041122124,FALSE,Low
location,Encounter Bay,invert_phylum_simpson,M2 invertebrate Arthropoda Simpson diversity,period_split,Bloom 2026-05,overall,Overall,1.230818633287003,0.05957237836733616,141,1.195128205128205,0.12267589580236973,12,-0.03569042815879797,97.10026910597837,-2.89973089402163,FALSE,Low
location,Encounter Bay,invert_phylum_simpson,M2 invertebrate Echinodermata Simpson diversity,period,Bloom,by_status,Fished,2.325967879807131,0.08929337449999493,117,1.0756802721088434,0.15718490838246302,28,-1.2502876076982876,46.24656606169638,-53.75343393830362,FALSE,High
location,Encounter Bay,invert_phylum_simpson,M2 invertebrate Echinodermata Simpson diversity,period,Bloom,by_status,No-take,2.7090311848432655,0.1354822879404848,24,1.3135449041249987,0.27358843722890885,8,-1.3954862807182669,48.48762581524124,-51.51237418475876,FALSE,High
location,Encounter Bay,invert_phylum_simpson,M2 invertebrate Echinodermata Simpson diversity,period,Bloom,overall,Overall,2.3911701444941325,0.0783790277621545,141,1.1285390792235446,0.1357584524154208,36,-1.2626310652705879,47.19610111484954,-52.80389888515046,FALSE,High
location,Encounter Bay,invert_phylum_simpson,M2 invertebrate Echinodermata Simpson diversity,period_split,Bloom 2025-06,by_status,Fished,2.325967879807131,0.08929337449999493,117,1.3398809523809523,0.27564151622143673,8,-0.9860869274261788,57.605307623252955,-42.394692376747045,FALSE,Medium
location,Encounter Bay,invert_phylum_simpson,M2 invertebrate Echinodermata Simpson diversity,period_split,Bloom 2025-06,overall,Overall,2.3911701444941325,0.0783790277621545,141,1.3398809523809523,0.27564151622143673,8,-1.0512891921131802,56.03453001728628,-43.96546998271372,FALSE,Medium
location,Encounter Bay,invert_phylum_simpson,M2 invertebrate Echinodermata Simpson diversity,period_split,Bloom 2026-02,by_status,Fished,2.325967879807131,0.08929337449999493,117,1.4083333333333332,0.2369178138195828,12,-0.9176345464737978,60.54827091808818,-39.45172908191182,FALSE,Medium
location,Encounter Bay,invert_phylum_simpson,M2 invertebrate Echinodermata Simpson diversity,period_split,Bloom 2026-02,by_status,No-take,2.7090311848432655,0.1354822879404848,24,2.0020898082499974,0.13272238168696998,4,-0.7069413765932682,73.90427321219009,-26.09572678780991,FALSE,Medium
location,Encounter Bay,invert_phylum_simpson,M2 invertebrate Echinodermata Simpson diversity,period_split,Bloom 2026-02,overall,Overall,2.3911701444941325,0.0783790277621545,141,1.5567724520624993,0.19015552503576946,16,-0.8343976924316332,65.10504723585215,-34.894952764147845,FALSE,Medium
location,Encounter Bay,invert_phylum_simpson,M2 invertebrate Echinodermata Simpson diversity,period_split,Bloom 2026-05,by_status,Fished,2.325967879807131,0.08929337449999493,117,0.3125,0.09149063183892497,8,-2.013467879807131,13.435267215552111,-86.56473278444788,FALSE,High
location,Encounter Bay,invert_phylum_simpson,M2 invertebrate Echinodermata Simpson diversity,period_split,Bloom 2026-05,by_status,No-take,2.7090311848432655,0.1354822879404848,24,0.625,0.125,4,-2.0840311848432655,23.070978418292373,-76.92902158170763,FALSE,High
location,Encounter Bay,invert_phylum_simpson,M2 invertebrate Echinodermata Simpson diversity,period_split,Bloom 2026-05,overall,Overall,2.3911701444941325,0.0783790277621545,141,0.4166666666666667,0.08333333333333333,12,-1.9745034778274657,17.42522035188823,-82.57477964811177,FALSE,High
location,Encounter Bay,invert_phylum_simpson,M2 invertebrate Mollusca Simpson diversity,period,Bloom,by_status,Fished,1.9501893133180532,0.06202816615534985,117,1.1724810125144312,0.07855760046016758,28,-0.7777083008036221,60.12139460038222,-39.87860539961778,FALSE,Medium
location,Encounter Bay,invert_phylum_simpson,M2 invertebrate Mollusca Simpson diversity,period,Bloom,by_status,No-take,2.0395838157900985,0.12672694454787975,24,1.7791682919283898,0.1459213479308275,8,-0.26041552386170874,87.23192830588194,-12.768071694118063,FALSE,Low
location,Encounter Bay,invert_phylum_simpson,M2 invertebrate Mollusca Simpson diversity,period,Bloom,overall,Overall,1.9654053988452098,0.05569960882755656,141,1.3073004079397554,0.0804161813067668,36,-0.6581049909054544,66.5155600319339,-33.4844399680661,FALSE,Medium
location,Encounter Bay,invert_phylum_simpson,M2 invertebrate Mollusca Simpson diversity,period_split,Bloom 2025-06,by_status,Fished,1.9501893133180532,0.06202816615534985,117,1.3621820349761526,0.09632076009892826,8,-0.5880072783419006,69.84870779845139,-30.151292201548614,FALSE,Medium
location,Encounter Bay,invert_phylum_simpson,M2 invertebrate Mollusca Simpson diversity,period_split,Bloom 2025-06,overall,Overall,1.9654053988452098,0.05569960882755656,141,1.3621820349761526,0.09632076009892826,8,-0.6032233638690572,69.30794205493248,-30.692057945067518,FALSE,Medium
location,Encounter Bay,invert_phylum_simpson,M2 invertebrate Mollusca Simpson diversity,period_split,Bloom 2026-02,by_status,Fished,1.9501893133180532,0.06202816615534985,117,1.1835752419085752,0.10541289014800537,12,-0.766614071409478,60.690274212139926,-39.309725787860074,FALSE,Medium
location,Encounter Bay,invert_phylum_simpson,M2 invertebrate Mollusca Simpson diversity,period_split,Bloom 2026-02,by_status,No-take,2.0395838157900985,0.12672694454787975,24,1.6770242914979756,0.22860889359581468,4,-0.3625595242921229,82.22384775338719,-17.77615224661281,FALSE,Low
location,Encounter Bay,invert_phylum_simpson,M2 invertebrate Mollusca Simpson diversity,period_split,Bloom 2026-02,overall,Overall,1.9654053988452098,0.05569960882755656,141,1.3069375043059255,0.10848171939759782,16,-0.6584678945392843,66.49709546304429,-33.50290453695571,FALSE,Medium
location,Encounter Bay,invert_phylum_simpson,M2 invertebrate Mollusca Simpson diversity,period_split,Bloom 2026-05,by_status,Fished,1.9501893133180532,0.06202816615534985,117,0.9661386459614937,0.1912923923801055,8,-0.9840506673565595,49.54076198467649,-50.45923801532351,FALSE,High
location,Encounter Bay,invert_phylum_simpson,M2 invertebrate Mollusca Simpson diversity,period_split,Bloom 2026-05,by_status,No-take,2.0395838157900985,0.12672694454787975,24,1.881312292358804,0.2003743867581634,4,-0.15827152343129458,92.24000885837668,-7.759991141623317,FALSE,Low
location,Encounter Bay,invert_phylum_simpson,M2 invertebrate Mollusca Simpson diversity,period_split,Bloom 2026-05,overall,Overall,1.9654053988452098,0.05569960882755656,141,1.2711965280939306,0.1899848849384855,12,-0.6942088707512792,64.67859144178766,-35.32140855821234,FALSE,Medium
location,Encounter Bay,shannon_diversity,M1 fish Shannon diversity,period,Bloom,by_status,Fished,1.317288997769094,0.050013900361261666,115,0.6076502558123109,0.09760274994213324,28,-0.7096387419567831,46.12884923820074,-53.87115076179926,FALSE,High
location,Encounter Bay,shannon_diversity,M1 fish Shannon diversity,period,Bloom,by_status,No-take,0.8224108093320569,0.11845175173686359,14,0.3158622032232669,0.14165706681850945,8,-0.50654860610879,38.40686426286188,-61.59313573713812,FALSE,High
location,Encounter Bay,shannon_diversity,M1 fish Shannon diversity,period,Bloom,overall,Overall,1.2635812873960823,0.048226413173042285,129,0.5428084663480789,0.08383363447694119,36,-0.7207728210480034,42.95793802602666,-57.04206197397334,FALSE,High
location,Encounter Bay,shannon_diversity,M1 fish Shannon diversity,period_split,Bloom 2025-06,by_status,Fished,1.317288997769094,0.050013900361261666,115,0.8236788178235863,0.21681470897255442,8,-0.4936101799455077,62.52833047406716,-37.47166952593284,FALSE,Medium
location,Encounter Bay,shannon_diversity,M1 fish Shannon diversity,period_split,Bloom 2025-06,overall,Overall,1.2635812873960823,0.048226413173042285,129,0.8236788178235863,0.21681470897255442,8,-0.439902469572496,65.18605696678031,-34.81394303321969,FALSE,Medium
location,Encounter Bay,shannon_diversity,M1 fish Shannon diversity,period_split,Bloom 2026-02,by_status,Fished,1.317288997769094,0.050013900361261666,115,0.6291332838595208,0.14313944572360737,12,-0.6881557139095732,47.75970078889256,-52.24029921110744,FALSE,High
location,Encounter Bay,shannon_diversity,M1 fish Shannon diversity,period_split,Bloom 2026-02,by_status,No-take,0.8224108093320569,0.11845175173686359,14,0.6317244064465338,0.16471822532698924,4,-0.19068640288552308,76.81372852572376,-23.18627147427624,FALSE,Medium
location,Encounter Bay,shannon_diversity,M1 fish Shannon diversity,period_split,Bloom 2026-02,overall,Overall,1.2635812873960823,0.048226413173042285,129,0.629781064506274,0.11236362453583788,16,-0.6338002228898083,49.84096162140005,-50.15903837859995,FALSE,High
location,Encounter Bay,shannon_diversity,M1 fish Shannon diversity,period_split,Bloom 2026-05,by_status,Fished,1.317288997769094,0.050013900361261666,115,0.3593971517302204,0.13315814004034787,8,-0.9578918460388737,27.283090676296585,-72.71690932370342,FALSE,High
location,Encounter Bay,shannon_diversity,M1 fish Shannon diversity,period_split,Bloom 2026-05,by_status,No-take,0.8224108093320569,0.11845175173686359,14,0,0,4,-0.8224108093320569,0,-100,FALSE,High
location,Encounter Bay,shannon_diversity,M1 fish Shannon diversity,period_split,Bloom 2026-05,overall,Overall,1.2635812873960823,0.048226413173042285,129,0.23959810115348026,0.10065635188083033,12,-1.023983186242602,18.961827271693032,-81.03817272830696,FALSE,High
location,Encounter Bay,shannon_diversity,M2 fish Shannon diversity,period,Bloom,by_status,Fished,0.08000019769651351,0.018288928011027304,117,0.012377628224284737,0.012377628224284737,28,-0.06762256947222878,15.471997045857508,-84.5280029541425,FALSE,High
location,Encounter Bay,shannon_diversity,M2 fish Shannon diversity,period,Bloom,by_status,No-take,0.09118548215128264,0.03412638393027179,24,0,0,8,-0.09118548215128264,0,-100,FALSE,High
location,Encounter Bay,shannon_diversity,M2 fish Shannon diversity,period,Bloom,overall,Overall,0.0819040759015806,0.016206908769578296,141,0.009627044174443685,0.009627044174443685,36,-0.07227703172713691,11.754047730191045,-88.24595226980895,FALSE,High
location,Encounter Bay,shannon_diversity,M2 fish Shannon diversity,period_split,Bloom 2025-06,by_status,Fished,0.08000019769651351,0.018288928011027304,117,0,0,8,-0.08000019769651351,0,-100,FALSE,High
location,Encounter Bay,shannon_diversity,M2 fish Shannon diversity,period_split,Bloom 2025-06,overall,Overall,0.0819040759015806,0.016206908769578296,141,0,0,8,-0.0819040759015806,0,-100,FALSE,High
location,Encounter Bay,shannon_diversity,M2 fish Shannon diversity,period_split,Bloom 2026-02,by_status,Fished,0.08000019769651351,0.018288928011027304,117,0.028881132523331052,0.028881132523331056,12,-0.05111906517318246,36.101326440334184,-63.898673559665816,FALSE,High
location,Encounter Bay,shannon_diversity,M2 fish Shannon diversity,period_split,Bloom 2026-02,by_status,No-take,0.09118548215128264,0.03412638393027179,24,0,0,4,-0.09118548215128264,0,-100,FALSE,High
location,Encounter Bay,shannon_diversity,M2 fish Shannon diversity,period_split,Bloom 2026-02,overall,Overall,0.0819040759015806,0.016206908769578296,141,0.02166084939249829,0.02166084939249829,16,-0.0602432265090823,26.44660739292985,-73.55339260707015,FALSE,High
location,Encounter Bay,shannon_diversity,M2 fish Shannon diversity,period_split,Bloom 2026-05,by_status,Fished,0.08000019769651351,0.018288928011027304,117,0,0,8,-0.08000019769651351,0,-100,FALSE,High
location,Encounter Bay,shannon_diversity,M2 fish Shannon diversity,period_split,Bloom 2026-05,by_status,No-take,0.09118548215128264,0.03412638393027179,24,0,0,4,-0.09118548215128264,0,-100,FALSE,High
location,Encounter Bay,shannon_diversity,M2 fish Shannon diversity,period_split,Bloom 2026-05,overall,Overall,0.0819040759015806,0.016206908769578296,141,0,0,12,-0.0819040759015806,0,-100,FALSE,High
location,Encounter Bay,shannon_diversity,M2 invertebrate Shannon diversity,period,Bloom,by_status,Fished,1.5837393580502261,0.03281119024174334,117,1.045125055260338,0.0835886385731829,28,-0.5386143027898882,65.99097572134677,-34.00902427865323,FALSE,Medium
location,Encounter Bay,shannon_diversity,M2 invertebrate Shannon diversity,period,Bloom,by_status,No-take,1.7041196494304836,0.04620843522079485,24,1.4105804541350364,0.07785430352105735,8,-0.29353919529544714,82.77473090615744,-17.225269093842556,FALSE,Low
location,Encounter Bay,shannon_diversity,M2 invertebrate Shannon diversity,period,Bloom,overall,Overall,1.604229620412823,0.028539687120918766,141,1.126337366121382,0.07156235758999872,36,-0.477892254291441,70.21048307483171,-29.789516925168286,FALSE,Medium
location,Encounter Bay,shannon_diversity,M2 invertebrate Shannon diversity,period_split,Bloom 2025-06,by_status,Fished,1.5837393580502261,0.03281119024174334,117,1.3515366649810419,0.07347882416570505,8,-0.23220269306918428,85.33832654414462,-14.661673455855379,FALSE,Low
location,Encounter Bay,shannon_diversity,M2 invertebrate Shannon diversity,period_split,Bloom 2025-06,overall,Overall,1.604229620412823,0.028539687120918766,141,1.3515366649810419,0.07347882416570505,8,-0.25269295543178116,84.24833002604984,-15.751669973950158,FALSE,Low
location,Encounter Bay,shannon_diversity,M2 invertebrate Shannon diversity,period_split,Bloom 2026-02,by_status,Fished,1.5837393580502261,0.03281119024174334,117,1.0487126493736822,0.11487671751224804,12,-0.5350267086765439,66.21750252293873,-33.78249747706127,FALSE,Medium
location,Encounter Bay,shannon_diversity,M2 invertebrate Shannon diversity,period_split,Bloom 2026-02,by_status,No-take,1.7041196494304836,0.04620843522079485,24,1.5567293708446155,0.09803774123476865,4,-0.14739027858586806,91.35094307285725,-8.649056927142752,FALSE,Low
location,Encounter Bay,shannon_diversity,M2 invertebrate Shannon diversity,period_split,Bloom 2026-02,overall,Overall,1.604229620412823,0.028539687120918766,141,1.1757168297414156,0.10471268034966241,16,-0.42851279067140746,73.28856260856618,-26.71143739143382,FALSE,Medium
location,Encounter Bay,shannon_diversity,M2 invertebrate Shannon diversity,period_split,Bloom 2026-05,by_status,Fished,1.5837393580502261,0.03281119024174334,117,0.7333320543696179,0.17468997188724916,8,-0.8504073036806082,46.30383469616099,-53.69616530383901,FALSE,High
location,Encounter Bay,shannon_diversity,M2 invertebrate Shannon diversity,period_split,Bloom 2026-05,by_status,No-take,1.7041196494304836,0.04620843522079485,24,1.2644315374254576,0.06659551597635703,4,-0.439688112005026,74.19851873945767,-25.80148126054233,FALSE,Medium
location,Encounter Bay,shannon_diversity,M2 invertebrate Shannon diversity,period_split,Bloom 2026-05,overall,Overall,1.604229620412823,0.028539687120918766,141,0.9103652153882311,0.1380142215703914,12,-0.6938644050245919,56.74781239570699,-43.25218760429301,FALSE,Medium
location,Encounter Bay,simpson_diversity,M1 fish Simpson diversity,period,Bloom,by_status,Fished,3.4855503151101352,0.15048699912320215,115,1.7939420246114803,0.2122679048160089,28,-1.691608290498655,51.46797097820107,-48.53202902179893,FALSE,Medium
location,Encounter Bay,simpson_diversity,M1 fish Simpson diversity,period,Bloom,by_status,No-take,2.154133411484307,0.22902237773131448,14,0.916548068078387,0.3341518174223987,8,-1.2375853434059199,42.54834279028424,-57.45165720971576,FALSE,High
location,Encounter Bay,simpson_diversity,M1 fish Simpson diversity,period,Bloom,overall,Overall,3.3410554573522937,0.14106195835664176,129,1.5989655898263484,0.1892055279862286,36,-1.7420898675259453,47.85809784472989,-52.14190215527011,FALSE,High
location,Encounter Bay,simpson_diversity,M1 fish Simpson diversity,period_split,Bloom 2025-06,by_status,Fished,3.4855503151101352,0.15048699912320215,115,2.2786183112500966,0.5187311826166127,8,-1.2069320038600386,65.37327266148209,-34.62672733851791,FALSE,Medium
location,Encounter Bay,simpson_diversity,M1 fish Simpson diversity,period_split,Bloom 2025-06,overall,Overall,3.3410554573522937,0.14106195835664176,129,2.2786183112500966,0.5187311826166127,8,-1.062437146102197,68.20055339805245,-31.79944660194755,FALSE,Medium
location,Encounter Bay,simpson_diversity,M1 fish Simpson diversity,period_split,Bloom 2026-02,by_status,Fished,3.4855503151101352,0.15048699912320215,115,1.7740334738462513,0.32042391423646593,12,-1.711516841263884,50.896797161575215,-49.103202838424785,FALSE,Medium
location,Encounter Bay,simpson_diversity,M1 fish Simpson diversity,period_split,Bloom 2026-02,by_status,No-take,2.154133411484307,0.22902237773131448,14,1.708096136156774,0.2962163798399385,4,-0.446037275327533,79.29388806888285,-20.70611193111715,FALSE,Medium
location,Encounter Bay,simpson_diversity,M1 fish Simpson diversity,period_split,Bloom 2026-02,overall,Overall,3.3410554573522937,0.14106195835664176,129,1.757549139423882,0.24680127732364668,16,-1.5835063179284117,52.60460838973016,-47.39539161026984,FALSE,Medium
location,Encounter Bay,simpson_diversity,M1 fish Simpson diversity,period_split,Bloom 2026-05,by_status,Fished,3.4855503151101352,0.15048699912320215,115,1.3391285641207071,0.18436551516666558,8,-2.146421750989428,38.41943001985882,-61.58056998014118,FALSE,High
location,Encounter Bay,simpson_diversity,M1 fish Simpson diversity,period_split,Bloom 2026-05,by_status,No-take,2.154133411484307,0.22902237773131448,14,0.125,0.125,4,-2.029133411484307,5.802797511685624,-94.19720248831437,FALSE,High
location,Encounter Bay,simpson_diversity,M1 fish Simpson diversity,period_split,Bloom 2026-05,overall,Overall,3.3410554573522937,0.14106195835664176,129,0.9344190427471382,0.21359000549054755,12,-2.4066364146051553,27.967780082514487,-72.03221991748552,FALSE,High
location,Encounter Bay,simpson_diversity,M2 fish Simpson diversity,period,Bloom,by_status,Fished,0.4315629622314315,0.05377623972344636,117,0.19642857142857142,0.05357142857142857,28,-0.23513439080286005,45.515623123198864,-54.484376876801136,FALSE,High
location,Encounter Bay,simpson_diversity,M2 fish Simpson diversity,period,Bloom,by_status,No-take,0.4041666666666667,0.104513913966325,24,0.25,0.0944911182523068,8,-0.15416666666666667,61.855670103092784,-38.144329896907216,FALSE,Medium
location,Encounter Bay,simpson_diversity,M2 fish Simpson diversity,period,Bloom,overall,Overall,0.4268997629863651,0.047900807085135125,141,0.20833333333333334,0.04618372557445435,36,-0.21856642965303177,48.80146380872724,-51.19853619127276,FALSE,High
location,Encounter Bay,simpson_diversity,M2 fish Simpson diversity,period_split,Bloom 2025-06,by_status,Fished,0.4315629622314315,0.05377623972344636,117,0.1875,0.09149063183892497,8,-0.24406296223143148,43.446731163053464,-56.553268836946536,FALSE,High
location,Encounter Bay,simpson_diversity,M2 fish Simpson diversity,period_split,Bloom 2025-06,overall,Overall,0.4268997629863651,0.047900807085135125,141,0.1875,0.09149063183892497,8,-0.23939976298636512,43.92131742785452,-56.07868257214548,FALSE,High
location,Encounter Bay,simpson_diversity,M2 fish Simpson diversity,period_split,Bloom 2026-02,by_status,Fished,0.4315629622314315,0.05377623972344636,117,0.20833333333333334,0.09649802426406816,12,-0.22322962889809814,48.274145736726076,-51.725854263273924,FALSE,High
location,Encounter Bay,simpson_diversity,M2 fish Simpson diversity,period_split,Bloom 2026-02,by_status,No-take,0.4041666666666667,0.104513913966325,24,0.375,0.125,4,-0.029166666666666674,92.78350515463917,-7.2164948453608275,FALSE,Low
location,Encounter Bay,simpson_diversity,M2 fish Simpson diversity,period_split,Bloom 2026-02,overall,Overall,0.4268997629863651,0.047900807085135125,141,0.25,0.07905694150420949,16,-0.17689976298636512,58.56175657047269,-41.43824342952731,FALSE,Medium
location,Encounter Bay,simpson_diversity,M2 fish Simpson diversity,period_split,Bloom 2026-05,by_status,Fished,0.4315629622314315,0.05377623972344636,117,0.1875,0.09149063183892497,8,-0.24406296223143148,43.446731163053464,-56.553268836946536,FALSE,High
location,Encounter Bay,simpson_diversity,M2 fish Simpson diversity,period_split,Bloom 2026-05,by_status,No-take,0.4041666666666667,0.104513913966325,24,0.125,0.125,4,-0.2791666666666667,30.927835051546392,-69.0721649484536,FALSE,High
location,Encounter Bay,simpson_diversity,M2 fish Simpson diversity,period_split,Bloom 2026-05,overall,Overall,0.4268997629863651,0.047900807085135125,141,0.16666666666666666,0.07106690545187015,12,-0.2602330963196985,39.04117104698179,-60.95882895301821,FALSE,High
location,Encounter Bay,simpson_diversity,M2 invertebrate Simpson diversity,period,Bloom,by_status,Fished,3.8165982926120394,0.1308013154017229,117,2.7795702567842797,0.20372651274528908,28,-1.0370280358277597,72.82847299294815,-27.17152700705185,FALSE,Medium
location,Encounter Bay,simpson_diversity,M2 invertebrate Simpson diversity,period,Bloom,by_status,No-take,4.575071197111323,0.23909829973404195,24,3.6768276966357933,0.23758367815110226,8,-0.8982435004755298,80.36656782428487,-19.63343217571513,FALSE,Low
location,Encounter Bay,simpson_diversity,M2 invertebrate Simpson diversity,period,Bloom,overall,Overall,3.9457000635906407,0.1180765574938258,141,2.978960798973505,0.17716395040486246,36,-0.9667392646171358,75.49891656647135,-24.50108343352865,FALSE,Medium
location,Encounter Bay,simpson_diversity,M2 invertebrate Simpson diversity,period_split,Bloom 2025-06,by_status,Fished,3.8165982926120394,0.1308013154017229,117,3.564997589275829,0.28318978967875874,8,-0.25160070333621043,93.40772373599691,-6.59227626400309,FALSE,Low
location,Encounter Bay,simpson_diversity,M2 invertebrate Simpson diversity,period_split,Bloom 2025-06,overall,Overall,3.9457000635906407,0.1180765574938258,141,3.564997589275829,0.28318978967875874,8,-0.38070247431481175,90.35145935628044,-9.648540643719556,FALSE,Low
location,Encounter Bay,simpson_diversity,M2 invertebrate Simpson diversity,period_split,Bloom 2026-02,by_status,Fished,3.8165982926120394,0.1308013154017229,117,2.6751679266920836,0.2784644753350811,12,-1.1414303659199558,70.09299175840763,-29.907008241592365,FALSE,Medium
location,Encounter Bay,simpson_diversity,M2 invertebrate Simpson diversity,period_split,Bloom 2026-02,by_status,No-take,4.575071197111323,0.23909829973404195,24,4.000923480458152,0.39749886056349837,4,-0.5741477166531714,87.45051843093316,-12.549481569066842,FALSE,Low
location,Encounter Bay,simpson_diversity,M2 invertebrate Simpson diversity,period_split,Bloom 2026-02,overall,Overall,3.9457000635906407,0.1180765574938258,141,3.0066068151336007,0.2692934640401373,16,-0.93909324845704,76.19957844432676,-23.80042155567324,FALSE,Medium
location,Encounter Bay,simpson_diversity,M2 invertebrate Simpson diversity,period_split,Bloom 2026-05,by_status,Fished,3.8165982926120394,0.1308013154017229,117,2.150746419431025,0.38779290413487244,8,-1.6658518731810146,56.352444101710184,-43.647555898289816,FALSE,Medium
location,Encounter Bay,simpson_diversity,M2 invertebrate Simpson diversity,period_split,Bloom 2026-05,by_status,No-take,4.575071197111323,0.23909829973404195,24,3.352731912813435,0.1881062386902636,4,-1.2223392842978882,73.2826172176366,-26.7173827823634,FALSE,Medium
location,Encounter Bay,simpson_diversity,M2 invertebrate Simpson diversity,period_split,Bloom 2026-05,overall,Overall,3.9457000635906407,0.1180765574938258,141,2.5514082505584947,0.31016603567259265,12,-1.394291813032146,64.66300553612477,-35.33699446387523,FALSE,Medium
location,Encounter Bay,species_richness,M1 fish species richness,period,Bloom,by_status,Fished,6.3652173913043475,0.3073794740715286,115,2.8392857142857144,0.3753777387006562,28,-3.525931677018633,44.60626463700235,-55.39373536299765,FALSE,High
location,Encounter Bay,species_richness,M1 fish species richness,period,Bloom,by_status,No-take,3.642857142857143,0.49009017848302766,14,1.5,0.5509731650193397,8,-2.142857142857143,41.17647058823529,-58.82352941176471,FALSE,High
location,Encounter Bay,species_richness,M1 fish species richness,period,Bloom,overall,Overall,6.069767441860465,0.28855679685899066,129,2.5416666666666665,0.3269477653537966,36,-3.5281007751937987,41.874201787994885,-58.125798212005115,FALSE,High
location,Encounter Bay,species_richness,M1 fish species richness,period_split,Bloom 2025-06,by_status,Fished,6.3652173913043475,0.3073794740715286,115,3.625,0.7544510776527716,8,-2.7402173913043475,56.950136612021865,-43.049863387978135,FALSE,Medium
location,Encounter Bay,species_richness,M1 fish species richness,period_split,Bloom 2025-06,overall,Overall,6.069767441860465,0.28855679685899066,129,3.625,0.7544510776527716,8,-2.4447674418604652,59.72222222222222,-40.27777777777778,FALSE,Medium
location,Encounter Bay,species_richness,M1 fish species richness,period_split,Bloom 2026-02,by_status,Fished,6.3652173913043475,0.3073794740715286,115,3,0.6276459144608478,12,-3.3652173913043475,47.13114754098361,-52.86885245901639,FALSE,High
location,Encounter Bay,species_richness,M1 fish species richness,period_split,Bloom 2026-02,by_status,No-take,3.642857142857143,0.49009017848302766,14,2.875,0.375,4,-0.7678571428571428,78.92156862745098,-21.07843137254902,FALSE,Medium
location,Encounter Bay,species_richness,M1 fish species richness,period_split,Bloom 2026-02,overall,Overall,6.069767441860465,0.28855679685899066,129,2.96875,0.473173571923313,16,-3.1010174418604652,48.910440613026815,-51.089559386973185,FALSE,High
location,Encounter Bay,species_richness,M1 fish species richness,period_split,Bloom 2026-05,by_status,Fished,6.3652173913043475,0.3073794740715286,115,1.8125,0.40019526483955303,8,-4.5527173913043475,28.475068306010932,-71.52493169398906,FALSE,High
location,Encounter Bay,species_richness,M1 fish species richness,period_split,Bloom 2026-05,by_status,No-take,3.642857142857143,0.49009017848302766,14,0.125,0.125,4,-3.517857142857143,3.431372549019608,-96.56862745098039,FALSE,High
location,Encounter Bay,species_richness,M1 fish species richness,period_split,Bloom 2026-05,overall,Overall,6.069767441860465,0.28855679685899066,129,1.25,0.3562217559245075,12,-4.819767441860465,20.593869731800766,-79.40613026819923,FALSE,High
location,Encounter Bay,species_richness,M2 fish species richness,period,Bloom,by_status,Fished,0.5,0.06786066062338086,117,0.19642857142857142,0.05357142857142857,28,-0.3035714285714286,39.285714285714285,-60.714285714285715,FALSE,High
location,Encounter Bay,species_richness,M2 fish species richness,period,Bloom,by_status,No-take,0.4166666666666667,0.10711409781952526,24,0.25,0.0944911182523068,8,-0.16666666666666669,60,-40,FALSE,Medium
location,Encounter Bay,species_richness,M2 fish species richness,period,Bloom,overall,Overall,0.4858156028368794,0.05911009733689321,141,0.20833333333333334,0.04618372557445435,36,-0.27748226950354604,42.883211678832126,-57.116788321167874,FALSE,High
location,Encounter Bay,species_richness,M2 fish species richness,period_split,Bloom 2025-06,by_status,Fished,0.5,0.06786066062338086,117,0.1875,0.09149063183892497,8,-0.3125,37.5,-62.5,FALSE,High
location,Encounter Bay,species_richness,M2 fish species richness,period_split,Bloom 2025-06,overall,Overall,0.4858156028368794,0.05911009733689321,141,0.1875,0.09149063183892497,8,-0.2983156028368794,38.59489051094891,-61.40510948905109,FALSE,High
location,Encounter Bay,species_richness,M2 fish species richness,period_split,Bloom 2026-02,by_status,Fished,0.5,0.06786066062338086,117,0.20833333333333334,0.09649802426406816,12,-0.29166666666666663,41.66666666666667,-58.33333333333333,FALSE,High
location,Encounter Bay,species_richness,M2 fish species richness,period_split,Bloom 2026-02,by_status,No-take,0.4166666666666667,0.10711409781952526,24,0.375,0.125,4,-0.041666666666666685,89.99999999999999,-10.000000000000014,FALSE,Low
location,Encounter Bay,species_richness,M2 fish species richness,period_split,Bloom 2026-02,overall,Overall,0.4858156028368794,0.05911009733689321,141,0.25,0.07905694150420949,16,-0.2358156028368794,51.45985401459854,-48.54014598540146,FALSE,Medium
location,Encounter Bay,species_richness,M2 fish species richness,period_split,Bloom 2026-05,by_status,Fished,0.5,0.06786066062338086,117,0.1875,0.09149063183892497,8,-0.3125,37.5,-62.5,FALSE,High
location,Encounter Bay,species_richness,M2 fish species richness,period_split,Bloom 2026-05,by_status,No-take,0.4166666666666667,0.10711409781952526,24,0.125,0.125,4,-0.2916666666666667,30,-70,FALSE,High
location,Encounter Bay,species_richness,M2 fish species richness,period_split,Bloom 2026-05,overall,Overall,0.4858156028368794,0.05911009733689321,141,0.16666666666666666,0.07106690545187015,12,-0.3191489361702128,34.30656934306569,-65.69343065693431,FALSE,High
location,Encounter Bay,species_richness,M2 invertebrate species richness,period,Bloom,by_status,Fished,9.585470085470085,0.2466464282962819,117,3.767857142857143,0.3112550788531281,28,-5.817612942612943,39.308005859499396,-60.691994140500604,FALSE,High
location,Encounter Bay,species_richness,M2 invertebrate species richness,period,Bloom,by_status,No-take,8.916666666666666,0.4678685351501797,24,5.3125,0.4718646522044218,8,-3.604166666666666,59.57943925233645,-40.42056074766355,FALSE,Medium
location,Encounter Bay,species_richness,M2 invertebrate species richness,period,Bloom,overall,Overall,9.47163120567376,0.21999660640547108,141,4.111111111111111,0.2824995512786934,36,-5.3605200945626486,43.40446773992262,-56.59553226007738,FALSE,High
location,Encounter Bay,species_richness,M2 invertebrate species richness,period_split,Bloom 2025-06,by_status,Fished,9.585470085470085,0.2466464282962819,117,4.5625,0.43749999999999994,8,-5.022970085470085,47.598082924654484,-52.401917075345516,FALSE,High
location,Encounter Bay,species_richness,M2 invertebrate species richness,period_split,Bloom 2025-06,overall,Overall,9.47163120567376,0.21999660640547108,141,4.5625,0.43749999999999994,8,-4.909131205673759,48.17016098839385,-51.82983901160615,FALSE,High
location,Encounter Bay,species_richness,M2 invertebrate species richness,period_split,Bloom 2026-02,by_status,Fished,9.585470085470085,0.2466464282962819,117,4,0.5075192189225524,12,-5.585470085470085,41.72982612572448,-58.27017387427552,FALSE,High
location,Encounter Bay,species_richness,M2 invertebrate species richness,period_split,Bloom 2026-02,by_status,No-take,8.916666666666666,0.4678685351501797,24,6.25,0.5951190357119042,4,-2.666666666666666,70.09345794392524,-29.906542056074755,FALSE,Medium
location,Encounter Bay,species_richness,M2 invertebrate species richness,period_split,Bloom 2026-02,overall,Overall,9.47163120567376,0.21999660640547108,141,4.5625,0.47186465220442186,16,-4.909131205673759,48.17016098839385,-51.82983901160615,FALSE,High
location,Encounter Bay,species_richness,M2 invertebrate species richness,period_split,Bloom 2026-05,by_status,Fished,9.585470085470085,0.2466464282962819,117,2.625,0.4700873778960065,8,-6.960470085470085,27.38519839500669,-72.61480160499332,FALSE,High
location,Encounter Bay,species_richness,M2 invertebrate species richness,period_split,Bloom 2026-05,by_status,No-take,8.916666666666666,0.4678685351501797,24,4.375,0.3145764348029479,4,-4.541666666666666,49.06542056074767,-50.93457943925233,FALSE,High
location,Encounter Bay,species_richness,M2 invertebrate species richness,period_split,Bloom 2026-05,overall,Overall,9.47163120567376,0.21999660640547108,141,3.2083333333333335,0.4057276167453961,12,-6.263297872340425,33.873081242980156,-66.12691875701984,FALSE,High
location,Encounter Bay,total_abundance,M1 fish total abundance,period,Bloom,by_status,Fished,24.48695652173913,1.7826978080459384,115,16.303571428571427,4.414183135655117,28,-8.183385093167704,66.58063616071428,-33.41936383928572,FALSE,Medium
location,Encounter Bay,total_abundance,M1 fish total abundance,period,Bloom,by_status,No-take,14,2.47903295573181,14,10.625,4.275918865326743,8,-3.375,75.89285714285714,-24.10714285714286,FALSE,Medium
location,Encounter Bay,total_abundance,M1 fish total abundance,period,Bloom,overall,Overall,23.348837209302324,1.635268731130281,129,15.041666666666666,3.558489457933271,36,-8.307170542635658,64.42148074369189,-35.57851925630811,FALSE,Medium
location,Encounter Bay,total_abundance,M1 fish total abundance,period_split,Bloom 2025-06,by_status,Fished,24.48695652173913,1.7826978080459384,115,18.3125,6.599470690355184,8,-6.174456521739131,74.78471235795455,-25.215287642045453,FALSE,Medium
location,Encounter Bay,total_abundance,M1 fish total abundance,period_split,Bloom 2025-06,overall,Overall,23.348837209302324,1.635268731130281,129,18.3125,6.599470690355184,8,-5.036337209302324,78.43002988047809,-21.569970119521912,FALSE,Medium
location,Encounter Bay,total_abundance,M1 fish total abundance,period_split,Bloom 2026-02,by_status,Fished,24.48695652173913,1.7826978080459384,115,21.083333333333332,9.211289461055577,12,-3.403623188405799,86.10026041666666,-13.899739583333343,FALSE,Low
location,Encounter Bay,total_abundance,M1 fish total abundance,period_split,Bloom 2026-02,by_status,No-take,14,2.47903295573181,14,20.875,3.891095604068345,4,6.875,149.10714285714286,49.10714285714286,FALSE,Low
location,Encounter Bay,total_abundance,M1 fish total abundance,period_split,Bloom 2026-02,overall,Overall,23.348837209302324,1.635268731130281,129,21.03125,6.886500797151386,16,-2.3175872093023244,90.07407868525897,-9.925921314741032,FALSE,Low
location,Encounter Bay,total_abundance,M1 fish total abundance,period_split,Bloom 2026-05,by_status,Fished,24.48695652173913,1.7826978080459384,115,7.125,1.4102621336880194,8,-17.36195652173913,29.097123579545453,-70.90287642045455,FALSE,High
location,Encounter Bay,total_abundance,M1 fish total abundance,period_split,Bloom 2026-05,by_status,No-take,14,2.47903295573181,14,0.375,0.375,4,-13.625,2.6785714285714284,-97.32142857142857,FALSE,High
location,Encounter Bay,total_abundance,M1 fish total abundance,period_split,Bloom 2026-05,overall,Overall,23.348837209302324,1.635268731130281,129,4.875,1.3330373724557152,12,-18.473837209302324,20.878984063745023,-79.12101593625498,FALSE,High
location,Encounter Bay,total_abundance,M2 fish total abundance,period,Bloom,by_status,Fished,2.1965811965811968,0.5088719684353391,117,0.2857142857142857,0.0906639655459989,28,-1.9108669108669112,13.00722623679822,-86.99277376320178,FALSE,High
location,Encounter Bay,total_abundance,M2 fish total abundance,period,Bloom,by_status,No-take,0.4791666666666667,0.12937687430087624,24,0.25,0.0944911182523068,8,-0.22916666666666669,52.17391304347826,-47.82608695652174,FALSE,Medium
location,Encounter Bay,total_abundance,M2 fish total abundance,period,Bloom,overall,Overall,1.9042553191489362,0.4260072067025845,141,0.2777777777777778,0.07304174834821295,36,-1.6264775413711585,14.587212911235259,-85.41278708876474,FALSE,High
location,Encounter Bay,total_abundance,M2 fish total abundance,period_split,Bloom 2025-06,by_status,Fished,2.1965811965811968,0.5088719684353391,117,0.375,0.2454951265154914,8,-1.8215811965811968,17.071984435797663,-82.92801556420234,FALSE,High
location,Encounter Bay,total_abundance,M2 fish total abundance,period_split,Bloom 2025-06,overall,Overall,1.9042553191489362,0.4260072067025845,141,0.375,0.2454951265154914,8,-1.5292553191489362,19.692737430167597,-80.3072625698324,FALSE,High
location,Encounter Bay,total_abundance,M2 fish total abundance,period_split,Bloom 2026-02,by_status,Fished,2.1965811965811968,0.5088719684353391,117,0.25,0.11514154661795957,12,-1.9465811965811968,11.381322957198442,-88.61867704280155,FALSE,High
location,Encounter Bay,total_abundance,M2 fish total abundance,period_split,Bloom 2026-02,by_status,No-take,0.4791666666666667,0.12937687430087624,24,0.375,0.125,4,-0.10416666666666669,78.26086956521738,-21.739130434782624,FALSE,Medium
location,Encounter Bay,total_abundance,M2 fish total abundance,period_split,Bloom 2026-02,overall,Overall,1.9042553191489362,0.4260072067025845,141,0.28125,0.09092980351164665,16,-1.6230053191489362,14.7695530726257,-85.2304469273743,FALSE,High
location,Encounter Bay,total_abundance,M2 fish total abundance,period_split,Bloom 2026-05,by_status,Fished,2.1965811965811968,0.5088719684353391,117,0.25,0.13363062095621217,8,-1.9465811965811968,11.381322957198442,-88.61867704280155,FALSE,High
location,Encounter Bay,total_abundance,M2 fish total abundance,period_split,Bloom 2026-05,by_status,No-take,0.4791666666666667,0.12937687430087624,24,0.125,0.125,4,-0.3541666666666667,26.08695652173913,-73.91304347826087,FALSE,High
location,Encounter Bay,total_abundance,M2 fish total abundance,period_split,Bloom 2026-05,overall,Overall,1.9042553191489362,0.4260072067025845,141,0.20833333333333334,0.09649802426406816,12,-1.695921985815603,10.940409683426445,-89.05959031657355,FALSE,High
location,Encounter Bay,total_abundance,M2 invertebrate total abundance,period,Bloom,by_status,Fished,59.47008547008547,3.2049738149277642,117,9.910714285714286,1.3261347271061434,28,-49.55937118437119,16.66504126801626,-83.33495873198373,FALSE,High
location,Encounter Bay,total_abundance,M2 invertebrate total abundance,period,Bloom,by_status,No-take,39.583333333333336,5.134483684394568,24,15.875,2.614776007888356,8,-23.708333333333336,40.10526315789473,-59.89473684210527,FALSE,High
location,Encounter Bay,total_abundance,M2 invertebrate total abundance,period,Bloom,overall,Overall,56.08510638297872,2.8632986510874767,141,11.23611111111111,1.238836837827475,36,-44.84899527186761,20.034037261844546,-79.96596273815545,FALSE,High
location,Encounter Bay,total_abundance,M2 invertebrate total abundance,period_split,Bloom 2025-06,by_status,Fished,59.47008547008547,3.2049738149277642,117,9.125,1.2808688457449497,8,-50.34508547008547,15.343848807128484,-84.65615119287152,FALSE,High
location,Encounter Bay,total_abundance,M2 invertebrate total abundance,period_split,Bloom 2025-06,overall,Overall,56.08510638297872,2.8632986510874767,141,9.125,1.2808688457449497,8,-46.96010638297872,16.269916540212442,-83.73008345978755,FALSE,High
location,Encounter Bay,total_abundance,M2 invertebrate total abundance,period_split,Bloom 2026-02,by_status,Fished,59.47008547008547,3.2049738149277642,117,12.041666666666666,2.6100463926369533,12,-47.42841880341881,20.24827536648462,-79.75172463351538,FALSE,High
location,Encounter Bay,total_abundance,M2 invertebrate total abundance,period_split,Bloom 2026-02,by_status,No-take,39.583333333333336,5.134483684394568,24,20.125,3.659320292076112,4,-19.458333333333336,50.84210526315789,-49.15789473684211,FALSE,Medium
location,Encounter Bay,total_abundance,M2 invertebrate total abundance,period_split,Bloom 2026-02,overall,Overall,56.08510638297872,2.8632986510874767,141,14.0625,2.2875910728682842,16,-42.02260638297872,25.073501517450687,-74.9264984825493,FALSE,High
location,Encounter Bay,total_abundance,M2 invertebrate total abundance,period_split,Bloom 2026-05,by_status,Fished,59.47008547008547,3.2049738149277642,117,7.5,2.037593117942273,8,-51.97008547008547,12.611382581201495,-87.3886174187985,FALSE,High
location,Encounter Bay,total_abundance,M2 invertebrate total abundance,period_split,Bloom 2026-05,by_status,No-take,39.583333333333336,5.134483684394568,24,11.625,2.544397440128671,4,-27.958333333333336,29.368421052631575,-70.63157894736842,FALSE,High
location,Encounter Bay,total_abundance,M2 invertebrate total abundance,period_split,Bloom 2026-05,overall,Overall,56.08510638297872,2.8632986510874767,141,8.875,1.6412359071840656,12,-47.21010638297872,15.824165402124432,-84.17583459787556,FALSE,High
location,Metro,b20,M1 fish B20 biomass,period,Bloom,by_status,Fished,1.167910733600406,0.38094902989256374,60,0.015283299407257075,0.015283299407257075,8,-1.1526274341931488,1.3086016737034432,-98.69139832629655,FALSE,High
location,Metro,b20,M1 fish B20 biomass,period,Bloom,overall,Overall,1.167910733600406,0.38094902989256374,60,0.015283299407257075,0.015283299407257075,8,-1.1526274341931488,1.3086016737034432,-98.69139832629655,FALSE,High
location,Metro,b20,M1 fish B20 biomass,period_split,Bloom 2025-11,by_status,Fished,1.167910733600406,0.38094902989256374,60,0,0,4,-1.167910733600406,0,-100,FALSE,High
location,Metro,b20,M1 fish B20 biomass,period_split,Bloom 2025-11,overall,Overall,1.167910733600406,0.38094902989256374,60,0,0,4,-1.167910733600406,0,-100,FALSE,High
location,Metro,b20,M1 fish B20 biomass,period_split,Bloom 2026-01,by_status,Fished,1.167910733600406,0.38094902989256374,60,0.03056659881451415,0.03056659881451415,4,-1.137344134785892,2.6172033474068863,-97.38279665259311,FALSE,High
location,Metro,b20,M1 fish B20 biomass,period_split,Bloom 2026-01,overall,Overall,1.167910733600406,0.38094902989256374,60,0.03056659881451415,0.03056659881451415,4,-1.137344134785892,2.6172033474068863,-97.38279665259311,FALSE,High
location,Metro,b20,M2 fish B20 biomass,period,Bloom,by_status,Fished,0.01347080432921447,0.0071120274901209654,60,0,0,8,-0.01347080432921447,0,-100,FALSE,High
location,Metro,b20,M2 fish B20 biomass,period,Bloom,overall,Overall,0.01347080432921447,0.0071120274901209654,60,0,0,8,-0.01347080432921447,0,-100,FALSE,High
location,Metro,b20,M2 fish B20 biomass,period_split,Bloom 2025-11,by_status,Fished,0.01347080432921447,0.0071120274901209654,60,0,0,4,-0.01347080432921447,0,-100,FALSE,High
location,Metro,b20,M2 fish B20 biomass,period_split,Bloom 2025-11,overall,Overall,0.01347080432921447,0.0071120274901209654,60,0,0,4,-0.01347080432921447,0,-100,FALSE,High
location,Metro,b20,M2 fish B20 biomass,period_split,Bloom 2026-01,by_status,Fished,0.01347080432921447,0.0071120274901209654,60,0,0,4,-0.01347080432921447,0,-100,FALSE,High
location,Metro,b20,M2 fish B20 biomass,period_split,Bloom 2026-01,overall,Overall,0.01347080432921447,0.0071120274901209654,60,0,0,4,-0.01347080432921447,0,-100,FALSE,High
location,Metro,invert_phylum_abundance,M2 invertebrate Arthropoda abundance,period,Bloom,by_status,Fished,5.583333333333333,0.6255129721618485,60,4.875,0.6391260774347599,8,-0.708333333333333,87.3134328358209,-12.686567164179095,FALSE,Low
location,Metro,invert_phylum_abundance,M2 invertebrate Arthropoda abundance,period,Bloom,overall,Overall,5.583333333333333,0.6255129721618485,60,4.875,0.6391260774347599,8,-0.708333333333333,87.3134328358209,-12.686567164179095,FALSE,Low
location,Metro,invert_phylum_abundance,M2 invertebrate Arthropoda abundance,period_split,Bloom 2025-11,by_status,Fished,5.583333333333333,0.6255129721618485,60,6.125,0.6884463184107628,4,0.541666666666667,109.70149253731346,9.701492537313456,FALSE,Low
location,Metro,invert_phylum_abundance,M2 invertebrate Arthropoda abundance,period_split,Bloom 2025-11,overall,Overall,5.583333333333333,0.6255129721618485,60,6.125,0.6884463184107628,4,0.541666666666667,109.70149253731346,9.701492537313456,FALSE,Low
location,Metro,invert_phylum_abundance,M2 invertebrate Arthropoda abundance,period_split,Bloom 2026-01,by_status,Fished,5.583333333333333,0.6255129721618485,60,3.625,0.625,4,-1.958333333333333,64.92537313432835,-35.07462686567165,FALSE,Medium
location,Metro,invert_phylum_abundance,M2 invertebrate Arthropoda abundance,period_split,Bloom 2026-01,overall,Overall,5.583333333333333,0.6255129721618485,60,3.625,0.625,4,-1.958333333333333,64.92537313432835,-35.07462686567165,FALSE,Medium
location,Metro,invert_phylum_abundance,M2 invertebrate Chordata abundance,period,Bloom,by_status,Fished,0,0,60,0,0,8,0,NA,NA,TRUE,Undefined - pre-bloom zero
location,Metro,invert_phylum_abundance,M2 invertebrate Chordata abundance,period,Bloom,overall,Overall,0,0,60,0,0,8,0,NA,NA,TRUE,Undefined - pre-bloom zero
location,Metro,invert_phylum_abundance,M2 invertebrate Chordata abundance,period_split,Bloom 2025-11,by_status,Fished,0,0,60,0,0,4,0,NA,NA,TRUE,Undefined - pre-bloom zero
location,Metro,invert_phylum_abundance,M2 invertebrate Chordata abundance,period_split,Bloom 2025-11,overall,Overall,0,0,60,0,0,4,0,NA,NA,TRUE,Undefined - pre-bloom zero
location,Metro,invert_phylum_abundance,M2 invertebrate Chordata abundance,period_split,Bloom 2026-01,by_status,Fished,0,0,60,0,0,4,0,NA,NA,TRUE,Undefined - pre-bloom zero
location,Metro,invert_phylum_abundance,M2 invertebrate Chordata abundance,period_split,Bloom 2026-01,overall,Overall,0,0,60,0,0,4,0,NA,NA,TRUE,Undefined - pre-bloom zero
location,Metro,invert_phylum_abundance,M2 invertebrate Cnidaria abundance,period,Bloom,by_status,Fished,0,0,60,0,0,8,0,NA,NA,TRUE,Undefined - pre-bloom zero
location,Metro,invert_phylum_abundance,M2 invertebrate Cnidaria abundance,period,Bloom,overall,Overall,0,0,60,0,0,8,0,NA,NA,TRUE,Undefined - pre-bloom zero
location,Metro,invert_phylum_abundance,M2 invertebrate Cnidaria abundance,period_split,Bloom 2025-11,by_status,Fished,0,0,60,0,0,4,0,NA,NA,TRUE,Undefined - pre-bloom zero
location,Metro,invert_phylum_abundance,M2 invertebrate Cnidaria abundance,period_split,Bloom 2025-11,overall,Overall,0,0,60,0,0,4,0,NA,NA,TRUE,Undefined - pre-bloom zero
location,Metro,invert_phylum_abundance,M2 invertebrate Cnidaria abundance,period_split,Bloom 2026-01,by_status,Fished,0,0,60,0,0,4,0,NA,NA,TRUE,Undefined - pre-bloom zero
location,Metro,invert_phylum_abundance,M2 invertebrate Cnidaria abundance,period_split,Bloom 2026-01,overall,Overall,0,0,60,0,0,4,0,NA,NA,TRUE,Undefined - pre-bloom zero
location,Metro,invert_phylum_abundance,M2 invertebrate Echinodermata abundance,period,Bloom,by_status,Fished,9.425,1.613494689484397,60,0.5,0.34069257193462343,8,-8.925,5.305039787798408,-94.6949602122016,FALSE,High
location,Metro,invert_phylum_abundance,M2 invertebrate Echinodermata abundance,period,Bloom,overall,Overall,9.425,1.613494689484397,60,0.5,0.34069257193462343,8,-8.925,5.305039787798408,-94.6949602122016,FALSE,High
location,Metro,invert_phylum_abundance,M2 invertebrate Echinodermata abundance,period_split,Bloom 2025-11,by_status,Fished,9.425,1.613494689484397,60,1,0.6123724356957945,4,-8.425,10.610079575596815,-89.38992042440319,FALSE,High
location,Metro,invert_phylum_abundance,M2 invertebrate Echinodermata abundance,period_split,Bloom 2025-11,overall,Overall,9.425,1.613494689484397,60,1,0.6123724356957945,4,-8.425,10.610079575596815,-89.38992042440319,FALSE,High
location,Metro,invert_phylum_abundance,M2 invertebrate Echinodermata abundance,period_split,Bloom 2026-01,by_status,Fished,9.425,1.613494689484397,60,0,0,4,-9.425,0,-100,FALSE,High
location,Metro,invert_phylum_abundance,M2 invertebrate Echinodermata abundance,period_split,Bloom 2026-01,overall,Overall,9.425,1.613494689484397,60,0,0,4,-9.425,0,-100,FALSE,High
location,Metro,invert_phylum_abundance,M2 invertebrate Mollusca abundance,period,Bloom,by_status,Fished,17.791666666666668,2.2434239011779846,60,2,0.6546536707079771,8,-15.791666666666668,11.241217798594846,-88.75878220140515,FALSE,High
location,Metro,invert_phylum_abundance,M2 invertebrate Mollusca abundance,period,Bloom,overall,Overall,17.791666666666668,2.2434239011779846,60,2,0.6546536707079771,8,-15.791666666666668,11.241217798594846,-88.75878220140515,FALSE,High
location,Metro,invert_phylum_abundance,M2 invertebrate Mollusca abundance,period_split,Bloom 2025-11,by_status,Fished,17.791666666666668,2.2434239011779846,60,3.5,0.67700320038633,4,-14.291666666666668,19.672131147540984,-80.32786885245902,FALSE,High
location,Metro,invert_phylum_abundance,M2 invertebrate Mollusca abundance,period_split,Bloom 2025-11,overall,Overall,17.791666666666668,2.2434239011779846,60,3.5,0.67700320038633,4,-14.291666666666668,19.672131147540984,-80.32786885245902,FALSE,High
location,Metro,invert_phylum_abundance,M2 invertebrate Mollusca abundance,period_split,Bloom 2026-01,by_status,Fished,17.791666666666668,2.2434239011779846,60,0.5,0.2041241452319315,4,-17.291666666666668,2.8103044496487115,-97.18969555035129,FALSE,High
location,Metro,invert_phylum_abundance,M2 invertebrate Mollusca abundance,period_split,Bloom 2026-01,overall,Overall,17.791666666666668,2.2434239011779846,60,0.5,0.2041241452319315,4,-17.291666666666668,2.8103044496487115,-97.18969555035129,FALSE,High
location,Metro,invert_phylum_abundance,M2 invertebrate Platyhelminthes abundance,period,Bloom,by_status,Fished,0,0,60,0,0,8,0,NA,NA,TRUE,Undefined - pre-bloom zero
location,Metro,invert_phylum_abundance,M2 invertebrate Platyhelminthes abundance,period,Bloom,overall,Overall,0,0,60,0,0,8,0,NA,NA,TRUE,Undefined - pre-bloom zero
location,Metro,invert_phylum_abundance,M2 invertebrate Platyhelminthes abundance,period_split,Bloom 2025-11,by_status,Fished,0,0,60,0,0,4,0,NA,NA,TRUE,Undefined - pre-bloom zero
location,Metro,invert_phylum_abundance,M2 invertebrate Platyhelminthes abundance,period_split,Bloom 2025-11,overall,Overall,0,0,60,0,0,4,0,NA,NA,TRUE,Undefined - pre-bloom zero
location,Metro,invert_phylum_abundance,M2 invertebrate Platyhelminthes abundance,period_split,Bloom 2026-01,by_status,Fished,0,0,60,0,0,4,0,NA,NA,TRUE,Undefined - pre-bloom zero
location,Metro,invert_phylum_abundance,M2 invertebrate Platyhelminthes abundance,period_split,Bloom 2026-01,overall,Overall,0,0,60,0,0,4,0,NA,NA,TRUE,Undefined - pre-bloom zero
location,Metro,invert_phylum_richness,M2 invertebrate Arthropoda species richness,period,Bloom,by_status,Fished,1.8166666666666667,0.12291576893285112,60,2.125,0.38672156835192345,8,0.30833333333333335,116.97247706422019,16.972477064220186,FALSE,Low
location,Metro,invert_phylum_richness,M2 invertebrate Arthropoda species richness,period,Bloom,overall,Overall,1.8166666666666667,0.12291576893285112,60,2.125,0.38672156835192345,8,0.30833333333333335,116.97247706422019,16.972477064220186,FALSE,Low
location,Metro,invert_phylum_richness,M2 invertebrate Arthropoda species richness,period_split,Bloom 2025-11,by_status,Fished,1.8166666666666667,0.12291576893285112,60,1.75,0.47871355387816905,4,-0.06666666666666665,96.3302752293578,-3.6697247706422047,FALSE,Low
location,Metro,invert_phylum_richness,M2 invertebrate Arthropoda species richness,period_split,Bloom 2025-11,overall,Overall,1.8166666666666667,0.12291576893285112,60,1.75,0.47871355387816905,4,-0.06666666666666665,96.3302752293578,-3.6697247706422047,FALSE,Low
location,Metro,invert_phylum_richness,M2 invertebrate Arthropoda species richness,period_split,Bloom 2026-01,by_status,Fished,1.8166666666666667,0.12291576893285112,60,2.5,0.6123724356957945,4,0.6833333333333333,137.61467889908258,37.61467889908258,FALSE,Low
location,Metro,invert_phylum_richness,M2 invertebrate Arthropoda species richness,period_split,Bloom 2026-01,overall,Overall,1.8166666666666667,0.12291576893285112,60,2.5,0.6123724356957945,4,0.6833333333333333,137.61467889908258,37.61467889908258,FALSE,Low
location,Metro,invert_phylum_richness,M2 invertebrate Echinodermata species richness,period,Bloom,by_status,Fished,3.441666666666667,0.2031154477690226,60,0.25,0.16366341767699427,8,-3.191666666666667,7.263922518159806,-92.7360774818402,FALSE,High
location,Metro,invert_phylum_richness,M2 invertebrate Echinodermata species richness,period,Bloom,overall,Overall,3.441666666666667,0.2031154477690226,60,0.25,0.16366341767699427,8,-3.191666666666667,7.263922518159806,-92.7360774818402,FALSE,High
location,Metro,invert_phylum_richness,M2 invertebrate Echinodermata species richness,period_split,Bloom 2025-11,by_status,Fished,3.441666666666667,0.2031154477690226,60,0.5,0.28867513459481287,4,-2.941666666666667,14.527845036319611,-85.4721549636804,FALSE,High
location,Metro,invert_phylum_richness,M2 invertebrate Echinodermata species richness,period_split,Bloom 2025-11,overall,Overall,3.441666666666667,0.2031154477690226,60,0.5,0.28867513459481287,4,-2.941666666666667,14.527845036319611,-85.4721549636804,FALSE,High
location,Metro,invert_phylum_richness,M2 invertebrate Echinodermata species richness,period_split,Bloom 2026-01,by_status,Fished,3.441666666666667,0.2031154477690226,60,0,0,4,-3.441666666666667,0,-100,FALSE,High
location,Metro,invert_phylum_richness,M2 invertebrate Echinodermata species richness,period_split,Bloom 2026-01,overall,Overall,3.441666666666667,0.2031154477690226,60,0,0,4,-3.441666666666667,0,-100,FALSE,High
location,Metro,invert_phylum_richness,M2 invertebrate Mollusca species richness,period,Bloom,by_status,Fished,2.9833333333333334,0.18827445207250373,60,0.875,0.2265817417937414,8,-2.1083333333333334,29.329608938547487,-70.6703910614525,FALSE,High
location,Metro,invert_phylum_richness,M2 invertebrate Mollusca species richness,period,Bloom,overall,Overall,2.9833333333333334,0.18827445207250373,60,0.875,0.2265817417937414,8,-2.1083333333333334,29.329608938547487,-70.6703910614525,FALSE,High
location,Metro,invert_phylum_richness,M2 invertebrate Mollusca species richness,period_split,Bloom 2025-11,by_status,Fished,2.9833333333333334,0.18827445207250373,60,1.25,0.3227486121839514,4,-1.7333333333333334,41.899441340782126,-58.100558659217874,FALSE,High
location,Metro,invert_phylum_richness,M2 invertebrate Mollusca species richness,period_split,Bloom 2025-11,overall,Overall,2.9833333333333334,0.18827445207250373,60,1.25,0.3227486121839514,4,-1.7333333333333334,41.899441340782126,-58.100558659217874,FALSE,High
location,Metro,invert_phylum_richness,M2 invertebrate Mollusca species richness,period_split,Bloom 2026-01,by_status,Fished,2.9833333333333334,0.18827445207250373,60,0.5,0.2041241452319315,4,-2.4833333333333334,16.75977653631285,-83.24022346368716,FALSE,High
location,Metro,invert_phylum_richness,M2 invertebrate Mollusca species richness,period_split,Bloom 2026-01,overall,Overall,2.9833333333333334,0.18827445207250373,60,0.5,0.2041241452319315,4,-2.4833333333333334,16.75977653631285,-83.24022346368716,FALSE,High
location,Metro,invert_phylum_shannon,M2 invertebrate Arthropoda Shannon diversity,period,Bloom,by_status,Fished,0.4571842167959925,0.051554413326153056,60,0.5788185495260069,0.1523002893046493,8,0.12163433273001434,126.60510320816493,26.605103208164934,FALSE,Low
location,Metro,invert_phylum_shannon,M2 invertebrate Arthropoda Shannon diversity,period,Bloom,overall,Overall,0.4571842167959925,0.051554413326153056,60,0.5788185495260069,0.1523002893046493,8,0.12163433273001434,126.60510320816493,26.605103208164934,FALSE,Low
location,Metro,invert_phylum_shannon,M2 invertebrate Arthropoda Shannon diversity,period_split,Bloom 2025-11,by_status,Fished,0.4571842167959925,0.051554413326153056,60,0.37733303151625724,0.2071041222763171,4,-0.07985118527973528,82.53413343108322,-17.46586656891678,FALSE,Low
location,Metro,invert_phylum_shannon,M2 invertebrate Arthropoda Shannon diversity,period_split,Bloom 2025-11,overall,Overall,0.4571842167959925,0.051554413326153056,60,0.37733303151625724,0.2071041222763171,4,-0.07985118527973528,82.53413343108322,-17.46586656891678,FALSE,Low
location,Metro,invert_phylum_shannon,M2 invertebrate Arthropoda Shannon diversity,period_split,Bloom 2026-01,by_status,Fished,0.4571842167959925,0.051554413326153056,60,0.7803040675357565,0.1956749970274459,4,0.323119850739764,170.67607298524666,70.67607298524666,FALSE,Low
location,Metro,invert_phylum_shannon,M2 invertebrate Arthropoda Shannon diversity,period_split,Bloom 2026-01,overall,Overall,0.4571842167959925,0.051554413326153056,60,0.7803040675357565,0.1956749970274459,4,0.323119850739764,170.67607298524666,70.67607298524666,FALSE,Low
location,Metro,invert_phylum_shannon,M2 invertebrate Echinodermata Shannon diversity,period,Bloom,by_status,Fished,0.9743740769803356,0.05191517357795164,60,0,0,8,-0.9743740769803356,0,-100,FALSE,High
location,Metro,invert_phylum_shannon,M2 invertebrate Echinodermata Shannon diversity,period,Bloom,overall,Overall,0.9743740769803356,0.05191517357795164,60,0,0,8,-0.9743740769803356,0,-100,FALSE,High
location,Metro,invert_phylum_shannon,M2 invertebrate Echinodermata Shannon diversity,period_split,Bloom 2025-11,by_status,Fished,0.9743740769803356,0.05191517357795164,60,0,0,4,-0.9743740769803356,0,-100,FALSE,High
location,Metro,invert_phylum_shannon,M2 invertebrate Echinodermata Shannon diversity,period_split,Bloom 2025-11,overall,Overall,0.9743740769803356,0.05191517357795164,60,0,0,4,-0.9743740769803356,0,-100,FALSE,High
location,Metro,invert_phylum_shannon,M2 invertebrate Echinodermata Shannon diversity,period_split,Bloom 2026-01,by_status,Fished,0.9743740769803356,0.05191517357795164,60,0,0,4,-0.9743740769803356,0,-100,FALSE,High
location,Metro,invert_phylum_shannon,M2 invertebrate Echinodermata Shannon diversity,period_split,Bloom 2026-01,overall,Overall,0.9743740769803356,0.05191517357795164,60,0,0,4,-0.9743740769803356,0,-100,FALSE,High
location,Metro,invert_phylum_shannon,M2 invertebrate Mollusca Shannon diversity,period,Bloom,by_status,Fished,0.6705134605755428,0.05380310610519642,60,0.13606806648659564,0.0674237779574015,8,-0.5344453940889472,20.293114827225104,-79.70688517277489,FALSE,High
location,Metro,invert_phylum_shannon,M2 invertebrate Mollusca Shannon diversity,period,Bloom,overall,Overall,0.6705134605755428,0.05380310610519642,60,0.13606806648659564,0.0674237779574015,8,-0.5344453940889472,20.293114827225104,-79.70688517277489,FALSE,High
location,Metro,invert_phylum_shannon,M2 invertebrate Mollusca Shannon diversity,period_split,Bloom 2025-11,by_status,Fished,0.6705134605755428,0.05380310610519642,60,0.2721361329731913,0.09418861262007652,4,-0.39837732760235156,40.58622965445021,-59.41377034554979,FALSE,High
location,Metro,invert_phylum_shannon,M2 invertebrate Mollusca Shannon diversity,period_split,Bloom 2025-11,overall,Overall,0.6705134605755428,0.05380310610519642,60,0.2721361329731913,0.09418861262007652,4,-0.39837732760235156,40.58622965445021,-59.41377034554979,FALSE,High
location,Metro,invert_phylum_shannon,M2 invertebrate Mollusca Shannon diversity,period_split,Bloom 2026-01,by_status,Fished,0.6705134605755428,0.05380310610519642,60,0,0,4,-0.6705134605755428,0,-100,FALSE,High
location,Metro,invert_phylum_shannon,M2 invertebrate Mollusca Shannon diversity,period_split,Bloom 2026-01,overall,Overall,0.6705134605755428,0.05380310610519642,60,0,0,4,-0.6705134605755428,0,-100,FALSE,High
location,Metro,invert_phylum_simpson,M2 invertebrate Arthropoda Simpson diversity,period,Bloom,by_status,Fished,1.56358400368875,0.0972156405540142,60,1.8091631272047697,0.34525563707699314,8,0.24557912351601963,115.7061675571417,15.706167557141697,FALSE,Low
location,Metro,invert_phylum_simpson,M2 invertebrate Arthropoda Simpson diversity,period,Bloom,overall,Overall,1.56358400368875,0.0972156405540142,60,1.8091631272047697,0.34525563707699314,8,0.24557912351601963,115.7061675571417,15.706167557141697,FALSE,Low
location,Metro,invert_phylum_simpson,M2 invertebrate Arthropoda Simpson diversity,period_split,Bloom 2025-11,by_status,Fished,1.56358400368875,0.0972156405540142,60,1.4166529277362125,0.4644053983183486,4,-0.14693107595253752,90.60293047217782,-9.397069527822183,FALSE,Low
location,Metro,invert_phylum_simpson,M2 invertebrate Arthropoda Simpson diversity,period_split,Bloom 2025-11,overall,Overall,1.56358400368875,0.0972156405540142,60,1.4166529277362125,0.4644053983183486,4,-0.14693107595253752,90.60293047217782,-9.397069527822183,FALSE,Low
location,Metro,invert_phylum_simpson,M2 invertebrate Arthropoda Simpson diversity,period_split,Bloom 2026-01,by_status,Fished,1.56358400368875,0.0972156405540142,60,2.201673326673327,0.4877413022401667,4,0.638089322984577,140.8094046421056,40.80940464210559,FALSE,Low
location,Metro,invert_phylum_simpson,M2 invertebrate Arthropoda Simpson diversity,period_split,Bloom 2026-01,overall,Overall,1.56358400368875,0.0972156405540142,60,2.201673326673327,0.4877413022401667,4,0.638089322984577,140.8094046421056,40.80940464210559,FALSE,Low
location,Metro,invert_phylum_simpson,M2 invertebrate Echinodermata Simpson diversity,period,Bloom,by_status,Fished,2.6466192686222976,0.1312149902144221,60,0.25,0.16366341767699427,8,-2.3966192686222976,9.446012993404146,-90.55398700659586,FALSE,High
location,Metro,invert_phylum_simpson,M2 invertebrate Echinodermata Simpson diversity,period,Bloom,overall,Overall,2.6466192686222976,0.1312149902144221,60,0.25,0.16366341767699427,8,-2.3966192686222976,9.446012993404146,-90.55398700659586,FALSE,High
location,Metro,invert_phylum_simpson,M2 invertebrate Echinodermata Simpson diversity,period_split,Bloom 2025-11,by_status,Fished,2.6466192686222976,0.1312149902144221,60,0.5,0.28867513459481287,4,-2.1466192686222976,18.892025986808292,-81.10797401319171,FALSE,High
location,Metro,invert_phylum_simpson,M2 invertebrate Echinodermata Simpson diversity,period_split,Bloom 2025-11,overall,Overall,2.6466192686222976,0.1312149902144221,60,0.5,0.28867513459481287,4,-2.1466192686222976,18.892025986808292,-81.10797401319171,FALSE,High
location,Metro,invert_phylum_simpson,M2 invertebrate Echinodermata Simpson diversity,period_split,Bloom 2026-01,by_status,Fished,2.6466192686222976,0.1312149902144221,60,0,0,4,-2.6466192686222976,0,-100,FALSE,High
location,Metro,invert_phylum_simpson,M2 invertebrate Echinodermata Simpson diversity,period_split,Bloom 2026-01,overall,Overall,2.6466192686222976,0.1312149902144221,60,0,0,4,-2.6466192686222976,0,-100,FALSE,High
location,Metro,invert_phylum_simpson,M2 invertebrate Mollusca Simpson diversity,period,Bloom,by_status,Fished,1.897350323045879,0.1053687628220964,60,0.7951923076923076,0.18358767002891047,8,-1.1021580153535715,41.910673955864894,-58.089326044135106,FALSE,High
location,Metro,invert_phylum_simpson,M2 invertebrate Mollusca Simpson diversity,period,Bloom,overall,Overall,1.897350323045879,0.1053687628220964,60,0.7951923076923076,0.18358767002891047,8,-1.1021580153535715,41.910673955864894,-58.089326044135106,FALSE,High
location,Metro,invert_phylum_simpson,M2 invertebrate Mollusca Simpson diversity,period_split,Bloom 2025-11,by_status,Fished,1.897350323045879,0.1053687628220964,60,1.0903846153846153,0.239850689090524,4,-0.8069657076612637,57.46880806039999,-42.531191939600014,FALSE,Medium
location,Metro,invert_phylum_simpson,M2 invertebrate Mollusca Simpson diversity,period_split,Bloom 2025-11,overall,Overall,1.897350323045879,0.1053687628220964,60,1.0903846153846153,0.239850689090524,4,-0.8069657076612637,57.46880806039999,-42.531191939600014,FALSE,Medium
location,Metro,invert_phylum_simpson,M2 invertebrate Mollusca Simpson diversity,period_split,Bloom 2026-01,by_status,Fished,1.897350323045879,0.1053687628220964,60,0.5,0.2041241452319315,4,-1.397350323045879,26.352539851329805,-73.64746014867019,FALSE,High
location,Metro,invert_phylum_simpson,M2 invertebrate Mollusca Simpson diversity,period_split,Bloom 2026-01,overall,Overall,1.897350323045879,0.1053687628220964,60,0.5,0.2041241452319315,4,-1.397350323045879,26.352539851329805,-73.64746014867019,FALSE,High
location,Metro,shannon_diversity,M1 fish Shannon diversity,period,Bloom,by_status,Fished,0.6555846525041001,0.054927220918163475,60,0.07811213025887825,0.05154144624678928,8,-0.5774725222452219,11.914880856426048,-88.08511914357395,FALSE,High
location,Metro,shannon_diversity,M1 fish Shannon diversity,period,Bloom,overall,Overall,0.6555846525041001,0.054927220918163475,60,0.07811213025887825,0.05154144624678928,8,-0.5774725222452219,11.914880856426048,-88.08511914357395,FALSE,High
location,Metro,shannon_diversity,M1 fish Shannon diversity,period_split,Bloom 2025-11,by_status,Fished,0.6555846525041001,0.054927220918163475,60,0.06958086294776335,0.06958086294776335,4,-0.5860037895563368,10.613558856509103,-89.3864411434909,FALSE,High
location,Metro,shannon_diversity,M1 fish Shannon diversity,period_split,Bloom 2025-11,overall,Overall,0.6555846525041001,0.054927220918163475,60,0.06958086294776335,0.06958086294776335,4,-0.5860037895563368,10.613558856509103,-89.3864411434909,FALSE,High
location,Metro,shannon_diversity,M1 fish Shannon diversity,period_split,Bloom 2026-01,by_status,Fished,0.6555846525041001,0.054927220918163475,60,0.08664339756999316,0.08664339756999316,4,-0.568941254934107,13.216202856342992,-86.78379714365701,FALSE,High
location,Metro,shannon_diversity,M1 fish Shannon diversity,period_split,Bloom 2026-01,overall,Overall,0.6555846525041001,0.054927220918163475,60,0.08664339756999316,0.08664339756999316,4,-0.568941254934107,13.216202856342992,-86.78379714365701,FALSE,High
location,Metro,shannon_diversity,M2 fish Shannon diversity,period,Bloom,by_status,Fished,0.5312983445084357,0.04567897499101283,60,0,0,8,-0.5312983445084357,0,-100,FALSE,High
location,Metro,shannon_diversity,M2 fish Shannon diversity,period,Bloom,overall,Overall,0.5312983445084357,0.04567897499101283,60,0,0,8,-0.5312983445084357,0,-100,FALSE,High
location,Metro,shannon_diversity,M2 fish Shannon diversity,period_split,Bloom 2025-11,by_status,Fished,0.5312983445084357,0.04567897499101283,60,0,0,4,-0.5312983445084357,0,-100,FALSE,High
location,Metro,shannon_diversity,M2 fish Shannon diversity,period_split,Bloom 2025-11,overall,Overall,0.5312983445084357,0.04567897499101283,60,0,0,4,-0.5312983445084357,0,-100,FALSE,High
location,Metro,shannon_diversity,M2 fish Shannon diversity,period_split,Bloom 2026-01,by_status,Fished,0.5312983445084357,0.04567897499101283,60,0,0,4,-0.5312983445084357,0,-100,FALSE,High
location,Metro,shannon_diversity,M2 fish Shannon diversity,period_split,Bloom 2026-01,overall,Overall,0.5312983445084357,0.04567897499101283,60,0,0,4,-0.5312983445084357,0,-100,FALSE,High
location,Metro,shannon_diversity,M2 invertebrate Shannon diversity,period,Bloom,by_status,Fished,1.6413569866709448,0.05660163781970023,60,0.9466049432886257,0.11888887911816579,8,-0.6947520433823191,57.672093942741945,-42.327906057258055,FALSE,Medium
location,Metro,shannon_diversity,M2 invertebrate Shannon diversity,period,Bloom,overall,Overall,1.6413569866709448,0.05660163781970023,60,0.9466049432886257,0.11888887911816579,8,-0.6947520433823191,57.672093942741945,-42.327906057258055,FALSE,Medium
location,Metro,shannon_diversity,M2 invertebrate Shannon diversity,period_split,Bloom 2025-11,by_status,Fished,1.6413569866709448,0.05660163781970023,60,0.988434635995789,0.1956600059112234,4,-0.6529223506751558,60.22057626845487,-39.77942373154513,FALSE,Medium
location,Metro,shannon_diversity,M2 invertebrate Shannon diversity,period_split,Bloom 2025-11,overall,Overall,1.6413569866709448,0.05660163781970023,60,0.988434635995789,0.1956600059112234,4,-0.6529223506751558,60.22057626845487,-39.77942373154513,FALSE,Medium
location,Metro,shannon_diversity,M2 invertebrate Shannon diversity,period_split,Bloom 2026-01,by_status,Fished,1.6413569866709448,0.05660163781970023,60,0.9047752505814624,0.1628250164728406,4,-0.7365817360894824,55.12361161702902,-44.87638838297098,FALSE,Medium
location,Metro,shannon_diversity,M2 invertebrate Shannon diversity,period_split,Bloom 2026-01,overall,Overall,1.6413569866709448,0.05660163781970023,60,0.9047752505814624,0.1628250164728406,4,-0.7365817360894824,55.12361161702902,-44.87638838297098,FALSE,Medium
location,Metro,simpson_diversity,M1 fish Simpson diversity,period,Bloom,by_status,Fished,1.8044064545351262,0.10667331133367951,60,0.6505434782608696,0.15586460030901692,8,-1.1538629762742567,36.05304540037631,-63.94695459962369,FALSE,High
location,Metro,simpson_diversity,M1 fish Simpson diversity,period,Bloom,overall,Overall,1.8044064545351262,0.10667331133367951,60,0.6505434782608696,0.15586460030901692,8,-1.1538629762742567,36.05304540037631,-63.94695459962369,FALSE,High
location,Metro,simpson_diversity,M1 fish Simpson diversity,period_split,Bloom 2025-11,by_status,Fished,1.8044064545351262,0.10667331133367951,60,0.5510869565217391,0.05108695652173911,4,-1.253319498013387,30.541176304078178,-69.45882369592182,FALSE,High
location,Metro,simpson_diversity,M1 fish Simpson diversity,period_split,Bloom 2025-11,overall,Overall,1.8044064545351262,0.10667331133367951,60,0.5510869565217391,0.05108695652173911,4,-1.253319498013387,30.541176304078178,-69.45882369592182,FALSE,High
location,Metro,simpson_diversity,M1 fish Simpson diversity,period_split,Bloom 2026-01,by_status,Fished,1.8044064545351262,0.10667331133367951,60,0.75,0.3227486121839514,4,-1.0544064545351262,41.56491449667444,-58.43508550332556,FALSE,High
location,Metro,simpson_diversity,M1 fish Simpson diversity,period_split,Bloom 2026-01,overall,Overall,1.8044064545351262,0.10667331133367951,60,0.75,0.3227486121839514,4,-1.0544064545351262,41.56491449667444,-58.43508550332556,FALSE,High
location,Metro,simpson_diversity,M2 fish Simpson diversity,period,Bloom,by_status,Fished,1.6434216042529994,0.08536447769932956,60,0.125,0.08183170883849714,8,-1.5184216042529994,7.606082314879722,-92.39391768512027,FALSE,High
location,Metro,simpson_diversity,M2 fish Simpson diversity,period,Bloom,overall,Overall,1.6434216042529994,0.08536447769932956,60,0.125,0.08183170883849714,8,-1.5184216042529994,7.606082314879722,-92.39391768512027,FALSE,High
location,Metro,simpson_diversity,M2 fish Simpson diversity,period_split,Bloom 2025-11,by_status,Fished,1.6434216042529994,0.08536447769932956,60,0,0,4,-1.6434216042529994,0,-100,FALSE,High
location,Metro,simpson_diversity,M2 fish Simpson diversity,period_split,Bloom 2025-11,overall,Overall,1.6434216042529994,0.08536447769932956,60,0,0,4,-1.6434216042529994,0,-100,FALSE,High
location,Metro,simpson_diversity,M2 fish Simpson diversity,period_split,Bloom 2026-01,by_status,Fished,1.6434216042529994,0.08536447769932956,60,0.25,0.14433756729740643,4,-1.3934216042529994,15.212164629759444,-84.78783537024056,FALSE,High
location,Metro,simpson_diversity,M2 fish Simpson diversity,period_split,Bloom 2026-01,overall,Overall,1.6434216042529994,0.08536447769932956,60,0.25,0.14433756729740643,4,-1.3934216042529994,15.212164629759444,-84.78783537024056,FALSE,High
location,Metro,simpson_diversity,M2 invertebrate Simpson diversity,period,Bloom,by_status,Fished,4.613188741568097,0.25076590683100447,60,2.60436858005592,0.27420485378047726,8,-2.0088201615121766,56.45484557327376,-43.54515442672624,FALSE,Medium
location,Metro,simpson_diversity,M2 invertebrate Simpson diversity,period,Bloom,overall,Overall,4.613188741568097,0.25076590683100447,60,2.60436858005592,0.27420485378047726,8,-2.0088201615121766,56.45484557327376,-43.54515442672624,FALSE,Medium
location,Metro,simpson_diversity,M2 invertebrate Simpson diversity,period_split,Bloom 2025-11,by_status,Fished,4.613188741568097,0.25076590683100447,60,2.543770182644863,0.5043913643510811,4,-2.0694185589232337,55.141255325707625,-44.858744674292375,FALSE,Medium
location,Metro,simpson_diversity,M2 invertebrate Simpson diversity,period_split,Bloom 2025-11,overall,Overall,4.613188741568097,0.25076590683100447,60,2.543770182644863,0.5043913643510811,4,-2.0694185589232337,55.141255325707625,-44.858744674292375,FALSE,Medium
location,Metro,simpson_diversity,M2 invertebrate Simpson diversity,period_split,Bloom 2026-01,by_status,Fished,4.613188741568097,0.25076590683100447,60,2.6649669774669777,0.30662678121858444,4,-1.948221764101119,57.768435820839905,-42.231564179160095,FALSE,Medium
location,Metro,simpson_diversity,M2 invertebrate Simpson diversity,period_split,Bloom 2026-01,overall,Overall,4.613188741568097,0.25076590683100447,60,2.6649669774669777,0.30662678121858444,4,-1.948221764101119,57.768435820839905,-42.231564179160095,FALSE,Medium
location,Metro,species_richness,M1 fish species richness,period,Bloom,by_status,Fished,5.383333333333334,0.4919359121060239,60,0.75,0.1889822365046136,8,-4.633333333333334,13.93188854489164,-86.06811145510837,FALSE,High
location,Metro,species_richness,M1 fish species richness,period,Bloom,overall,Overall,5.383333333333334,0.4919359121060239,60,0.75,0.1889822365046136,8,-4.633333333333334,13.93188854489164,-86.06811145510837,FALSE,High
location,Metro,species_richness,M1 fish species richness,period_split,Bloom 2025-11,by_status,Fished,5.383333333333334,0.4919359121060239,60,0.75,0.25,4,-4.633333333333334,13.93188854489164,-86.06811145510837,FALSE,High
location,Metro,species_richness,M1 fish species richness,period_split,Bloom 2025-11,overall,Overall,5.383333333333334,0.4919359121060239,60,0.75,0.25,4,-4.633333333333334,13.93188854489164,-86.06811145510837,FALSE,High
location,Metro,species_richness,M1 fish species richness,period_split,Bloom 2026-01,by_status,Fished,5.383333333333334,0.4919359121060239,60,0.75,0.3227486121839514,4,-4.633333333333334,13.93188854489164,-86.06811145510837,FALSE,High
location,Metro,species_richness,M1 fish species richness,period_split,Bloom 2026-01,overall,Overall,5.383333333333334,0.4919359121060239,60,0.75,0.3227486121839514,4,-4.633333333333334,13.93188854489164,-86.06811145510837,FALSE,High
location,Metro,species_richness,M2 fish species richness,period,Bloom,by_status,Fished,2.158333333333333,0.13884698049459715,60,0.125,0.08183170883849714,8,-2.033333333333333,5.7915057915057915,-94.20849420849422,FALSE,High
location,Metro,species_richness,M2 fish species richness,period,Bloom,overall,Overall,2.158333333333333,0.13884698049459715,60,0.125,0.08183170883849714,8,-2.033333333333333,5.7915057915057915,-94.20849420849422,FALSE,High
location,Metro,species_richness,M2 fish species richness,period_split,Bloom 2025-11,by_status,Fished,2.158333333333333,0.13884698049459715,60,0,0,4,-2.158333333333333,0,-100,FALSE,High
location,Metro,species_richness,M2 fish species richness,period_split,Bloom 2025-11,overall,Overall,2.158333333333333,0.13884698049459715,60,0,0,4,-2.158333333333333,0,-100,FALSE,High
location,Metro,species_richness,M2 fish species richness,period_split,Bloom 2026-01,by_status,Fished,2.158333333333333,0.13884698049459715,60,0.25,0.14433756729740643,4,-1.9083333333333332,11.583011583011583,-88.41698841698842,FALSE,High
location,Metro,species_richness,M2 fish species richness,period_split,Bloom 2026-01,overall,Overall,2.158333333333333,0.13884698049459715,60,0.25,0.14433756729740643,4,-1.9083333333333332,11.583011583011583,-88.41698841698842,FALSE,High
location,Metro,species_richness,M2 invertebrate species richness,period,Bloom,by_status,Fished,8.241666666666667,0.35345183760533955,60,3.25,0.2988071523335984,8,-4.991666666666667,39.43377148634985,-60.56622851365015,FALSE,High
location,Metro,species_richness,M2 invertebrate species richness,period,Bloom,overall,Overall,8.241666666666667,0.35345183760533955,60,3.25,0.2988071523335984,8,-4.991666666666667,39.43377148634985,-60.56622851365015,FALSE,High
location,Metro,species_richness,M2 invertebrate species richness,period_split,Bloom 2025-11,by_status,Fished,8.241666666666667,0.35345183760533955,60,3.5,0.45643546458763845,4,-4.741666666666667,42.46713852376137,-57.53286147623863,FALSE,High
location,Metro,species_richness,M2 invertebrate species richness,period_split,Bloom 2025-11,overall,Overall,8.241666666666667,0.35345183760533955,60,3.5,0.45643546458763845,4,-4.741666666666667,42.46713852376137,-57.53286147623863,FALSE,High
location,Metro,species_richness,M2 invertebrate species richness,period_split,Bloom 2026-01,by_status,Fished,8.241666666666667,0.35345183760533955,60,3,0.408248290463863,4,-5.241666666666667,36.40040444893832,-63.59959555106168,FALSE,High
location,Metro,species_richness,M2 invertebrate species richness,period_split,Bloom 2026-01,overall,Overall,8.241666666666667,0.35345183760533955,60,3,0.408248290463863,4,-5.241666666666667,36.40040444893832,-63.59959555106168,FALSE,High
location,Metro,total_abundance,M1 fish total abundance,period,Bloom,by_status,Fished,206,41.07000534432703,60,1.75,1.0479571965086578,8,-204.25,0.8495145631067961,-99.1504854368932,FALSE,High
location,Metro,total_abundance,M1 fish total abundance,period,Bloom,overall,Overall,206,41.07000534432703,60,1.75,1.0479571965086578,8,-204.25,0.8495145631067961,-99.1504854368932,FALSE,High
location,Metro,total_abundance,M1 fish total abundance,period_split,Bloom 2025-11,by_status,Fished,206,41.07000534432703,60,2.75,2.0866640042581523,4,-203.25,1.3349514563106795,-98.66504854368932,FALSE,High
location,Metro,total_abundance,M1 fish total abundance,period_split,Bloom 2025-11,overall,Overall,206,41.07000534432703,60,2.75,2.0866640042581523,4,-203.25,1.3349514563106795,-98.66504854368932,FALSE,High
location,Metro,total_abundance,M1 fish total abundance,period_split,Bloom 2026-01,by_status,Fished,206,41.07000534432703,60,0.75,0.3227486121839514,4,-205.25,0.3640776699029126,-99.63592233009709,FALSE,High
location,Metro,total_abundance,M1 fish total abundance,period_split,Bloom 2026-01,overall,Overall,206,41.07000534432703,60,0.75,0.3227486121839514,4,-205.25,0.3640776699029126,-99.63592233009709,FALSE,High
location,Metro,total_abundance,M2 fish total abundance,period,Bloom,by_status,Fished,8.425,0.7868826609056132,60,0.25,0.16366341767699427,8,-8.175,2.9673590504451037,-97.0326409495549,FALSE,High
location,Metro,total_abundance,M2 fish total abundance,period,Bloom,overall,Overall,8.425,0.7868826609056132,60,0.25,0.16366341767699427,8,-8.175,2.9673590504451037,-97.0326409495549,FALSE,High
location,Metro,total_abundance,M2 fish total abundance,period_split,Bloom 2025-11,by_status,Fished,8.425,0.7868826609056132,60,0,0,4,-8.425,0,-100,FALSE,High
location,Metro,total_abundance,M2 fish total abundance,period_split,Bloom 2025-11,overall,Overall,8.425,0.7868826609056132,60,0,0,4,-8.425,0,-100,FALSE,High
location,Metro,total_abundance,M2 fish total abundance,period_split,Bloom 2026-01,by_status,Fished,8.425,0.7868826609056132,60,0.5,0.28867513459481287,4,-7.925000000000001,5.9347181008902075,-94.06528189910979,FALSE,High
location,Metro,total_abundance,M2 fish total abundance,period_split,Bloom 2026-01,overall,Overall,8.425,0.7868826609056132,60,0.5,0.28867513459481287,4,-7.925000000000001,5.9347181008902075,-94.06528189910979,FALSE,High
location,Metro,total_abundance,M2 invertebrate total abundance,period,Bloom,by_status,Fished,32.8,3.1506926868197827,60,7.375,1.466135591079001,8,-25.424999999999997,22.48475609756098,-77.51524390243902,FALSE,High
location,Metro,total_abundance,M2 invertebrate total abundance,period,Bloom,overall,Overall,32.8,3.1506926868197827,60,7.375,1.466135591079001,8,-25.424999999999997,22.48475609756098,-77.51524390243902,FALSE,High
location,Metro,total_abundance,M2 invertebrate total abundance,period_split,Bloom 2025-11,by_status,Fished,32.8,3.1506926868197827,60,10.625,1.6754974385735917,4,-22.174999999999997,32.393292682926834,-67.60670731707316,FALSE,High
location,Metro,total_abundance,M2 invertebrate total abundance,period_split,Bloom 2025-11,overall,Overall,32.8,3.1506926868197827,60,10.625,1.6754974385735917,4,-22.174999999999997,32.393292682926834,-67.60670731707316,FALSE,High
location,Metro,total_abundance,M2 invertebrate total abundance,period_split,Bloom 2026-01,by_status,Fished,32.8,3.1506926868197827,60,4.125,0.42695628191498325,4,-28.674999999999997,12.576219512195122,-87.42378048780488,FALSE,High
location,Metro,total_abundance,M2 invertebrate total abundance,period_split,Bloom 2026-01,overall,Overall,32.8,3.1506926868197827,60,4.125,0.42695628191498325,4,-28.674999999999997,12.576219512195122,-87.42378048780488,FALSE,High
location,Rapid Head,b20,M1 fish B20 biomass,period,Bloom,by_status,Fished,4.329679248111864,0.46223295014456295,250,1.814086166116063,0.5058943503731569,30,-2.5155930819958012,41.8988581407542,-58.1011418592458,FALSE,High
location,Rapid Head,b20,M1 fish B20 biomass,period,Bloom,by_status,No-take,4.2419996192632405,0.2949430219273671,180,5.453505750729046,2.1820181709108155,14,1.2115061314658053,128.55978878367327,28.55978878367327,FALSE,Low
location,Rapid Head,b20,M1 fish B20 biomass,period,Bloom,overall,Overall,4.2929761476636035,0.2954632335995091,430,2.9720833066747394,0.8015677147090458,44,-1.320892840988864,69.23130258462436,-30.76869741537564,FALSE,Medium
location,Rapid Head,b20,M1 fish B20 biomass,period_split,Bloom 2026-01,by_status,Fished,4.329679248111864,0.46223295014456295,250,2.0029400090267395,0.5743981614490936,26,-2.3267392390851245,46.260701873012984,-53.739298126987016,FALSE,High
location,Rapid Head,b20,M1 fish B20 biomass,period_split,Bloom 2026-01,by_status,No-take,4.2419996192632405,0.2949430219273671,180,5.453505750729046,2.1820181709108155,14,1.2115061314658053,128.55978878367327,28.55978878367327,FALSE,Low
location,Rapid Head,b20,M1 fish B20 biomass,period_split,Bloom 2026-01,overall,Overall,4.2929761476636035,0.2954632335995091,430,3.210638018622547,0.8731551567202579,40,-1.0823381290410565,74.788163460211507,-25.211836539788493,FALSE,Medium
location,Rapid Head,b20,M1 fish B20 biomass,period_split,Bloom 2026-05,by_status,Fished,4.329679248111864,0.46223295014456295,250,0.5865361871966663,0.32234486027732134,4,-3.7431430609151977,13.54687388107213,-86.45312611892787,FALSE,High
location,Rapid Head,b20,M1 fish B20 biomass,period_split,Bloom 2026-05,overall,Overall,4.2929761476636035,0.2954632335995091,430,0.5865361871966663,0.32234486027732134,4,-3.706439960466937,13.662693828752834,-86.33730617124716,FALSE,High
location,Rapid Head,b20,M2 fish B20 biomass,period,Bloom,by_status,Fished,0.09897909450643161,0.03884515766585945,248,0.0365797395197439,0.016439368178967493,30,-0.06239935498668771,36.95703592981139,-63.04296407018861,FALSE,High
location,Rapid Head,b20,M2 fish B20 biomass,period,Bloom,by_status,No-take,0.048979451519422575,0.00798590356974322,177,0.038084594633813154,0.019051408029028737,14,-0.01089485688560942,77.75627013444787,-22.243729865552126,FALSE,Medium
location,Rapid Head,b20,M2 fish B20 biomass,period,Bloom,overall,Overall,0.07815571378007725,0.022921587264268548,425,0.03705855705603866,0.012617305688628351,44,-0.041097156724038596,47.41631195425828,-52.58368804574172,FALSE,High
location,Rapid Head,b20,M2 fish B20 biomass,period_split,Bloom 2026-01,by_status,Fished,0.09897909450643161,0.03884515766585945,248,0.04220739175355065,0.01876757503055834,26,-0.05677170275288096,42.64273376516699,-57.35726623483301,FALSE,High
location,Rapid Head,b20,M2 fish B20 biomass,period_split,Bloom 2026-01,by_status,No-take,0.048979451519422575,0.00798590356974322,177,0.038084594633813154,0.019051408029028737,14,-0.01089485688560942,77.75627013444787,-22.243729865552126,FALSE,Medium
location,Rapid Head,b20,M2 fish B20 biomass,period_split,Bloom 2026-01,overall,Overall,0.07815571378007725,0.022921587264268548,425,0.04076441276164253,0.01375511356916788,40,-0.03739130101843473,52.157943149684115,-47.842056850315885,FALSE,Medium
location,Rapid Head,b20,M2 fish B20 biomass,period_split,Bloom 2026-05,by_status,Fished,0.09897909450643161,0.03884515766585945,248,0,0,4,-0.09897909450643161,0,-100,FALSE,High
location,Rapid Head,b20,M2 fish B20 biomass,period_split,Bloom 2026-05,overall,Overall,0.07815571378007725,0.022921587264268548,425,0,0,4,-0.07815571378007725,0,-100,FALSE,High
location,Rapid Head,invert_phylum_abundance,M2 invertebrate Arthropoda abundance,period,Bloom,by_status,Fished,1.0161290322580645,0.07729082535419372,248,6.6,0.913311519162264,30,5.583870967741936,649.5238095238095,549.5238095238095,FALSE,Low
location,Rapid Head,invert_phylum_abundance,M2 invertebrate Arthropoda abundance,period,Bloom,by_status,No-take,0.6412429378531074,0.06809955215265481,177,4.178571428571429,0.8264300673383936,14,3.5373284907183216,651.6362492133418,551.6362492133418,FALSE,Low
location,Rapid Head,invert_phylum_abundance,M2 invertebrate Arthropoda abundance,period,Bloom,overall,Overall,0.86,0.053972081408698004,425,5.829545454545454,0.6919850688964534,44,4.969545454545454,677.8541226215644,577.8541226215644,FALSE,Low
location,Rapid Head,invert_phylum_abundance,M2 invertebrate Arthropoda abundance,period_split,Bloom 2026-01,by_status,Fished,1.0161290322580645,0.07729082535419372,248,7.230769230769231,0.9970073563615532,26,6.214640198511166,711.5995115995116,611.5995115995116,FALSE,Low
location,Rapid Head,invert_phylum_abundance,M2 invertebrate Arthropoda abundance,period_split,Bloom 2026-01,by_status,No-take,0.6412429378531074,0.06809955215265481,177,4.178571428571429,0.8264300673383936,14,3.5373284907183216,651.6362492133418,551.6362492133418,FALSE,Low
location,Rapid Head,invert_phylum_abundance,M2 invertebrate Arthropoda abundance,period_split,Bloom 2026-01,overall,Overall,0.86,0.053972081408698004,425,6.1625,0.7404060519707221,40,5.302499999999999,716.5697674418604,616.5697674418604,FALSE,Low
location,Rapid Head,invert_phylum_abundance,M2 invertebrate Arthropoda abundance,period_split,Bloom 2026-05,by_status,Fished,1.0161290322580645,0.07729082535419372,248,2.5,0.408248290463863,4,1.4838709677419355,246.03174603174605,146.03174603174605,FALSE,Low
location,Rapid Head,invert_phylum_abundance,M2 invertebrate Arthropoda abundance,period_split,Bloom 2026-05,overall,Overall,0.86,0.053972081408698004,425,2.5,0.408248290463863,4,1.6400000000000001,290.6976744186046,190.6976744186046,FALSE,Low
location,Rapid Head,invert_phylum_abundance,M2 invertebrate Chordata abundance,period,Bloom,by_status,Fished,0.024193548387096774,0.015039258358790754,248,0,0,30,-0.024193548387096774,0,-100,FALSE,High
location,Rapid Head,invert_phylum_abundance,M2 invertebrate Chordata abundance,period,Bloom,by_status,No-take,0.011299435028248588,0.007967176197991048,177,0,0,14,-0.011299435028248588,0,-100,FALSE,High
location,Rapid Head,invert_phylum_abundance,M2 invertebrate Chordata abundance,period,Bloom,overall,Overall,0.018823529411764704,0.009378409262368829,425,0,0,44,-0.018823529411764704,0,-100,FALSE,High
location,Rapid Head,invert_phylum_abundance,M2 invertebrate Chordata abundance,period_split,Bloom 2026-01,by_status,Fished,0.024193548387096774,0.015039258358790754,248,0,0,26,-0.024193548387096774,0,-100,FALSE,High
location,Rapid Head,invert_phylum_abundance,M2 invertebrate Chordata abundance,period_split,Bloom 2026-01,by_status,No-take,0.011299435028248588,0.007967176197991048,177,0,0,14,-0.011299435028248588,0,-100,FALSE,High
location,Rapid Head,invert_phylum_abundance,M2 invertebrate Chordata abundance,period_split,Bloom 2026-01,overall,Overall,0.018823529411764704,0.009378409262368829,425,0,0,40,-0.018823529411764704,0,-100,FALSE,High
location,Rapid Head,invert_phylum_abundance,M2 invertebrate Chordata abundance,period_split,Bloom 2026-05,by_status,Fished,0.024193548387096774,0.015039258358790754,248,0,0,4,-0.024193548387096774,0,-100,FALSE,High
location,Rapid Head,invert_phylum_abundance,M2 invertebrate Chordata abundance,period_split,Bloom 2026-05,overall,Overall,0.018823529411764704,0.009378409262368829,425,0,0,4,-0.018823529411764704,0,-100,FALSE,High
location,Rapid Head,invert_phylum_abundance,M2 invertebrate Cnidaria abundance,period,Bloom,by_status,Fished,0.0020161290322580645,0.0020161290322580645,248,0,0,30,-0.0020161290322580645,0,-100,FALSE,High
location,Rapid Head,invert_phylum_abundance,M2 invertebrate Cnidaria abundance,period,Bloom,by_status,No-take,0,0,177,0,0,14,0,NA,NA,TRUE,Undefined - pre-bloom zero
location,Rapid Head,invert_phylum_abundance,M2 invertebrate Cnidaria abundance,period,Bloom,overall,Overall,0.001176470588235294,0.001176470588235294,425,0,0,44,-0.001176470588235294,0,-100,FALSE,High
location,Rapid Head,invert_phylum_abundance,M2 invertebrate Cnidaria abundance,period_split,Bloom 2026-01,by_status,Fished,0.0020161290322580645,0.0020161290322580645,248,0,0,26,-0.0020161290322580645,0,-100,FALSE,High
location,Rapid Head,invert_phylum_abundance,M2 invertebrate Cnidaria abundance,period_split,Bloom 2026-01,by_status,No-take,0,0,177,0,0,14,0,NA,NA,TRUE,Undefined - pre-bloom zero
location,Rapid Head,invert_phylum_abundance,M2 invertebrate Cnidaria abundance,period_split,Bloom 2026-01,overall,Overall,0.001176470588235294,0.001176470588235294,425,0,0,40,-0.001176470588235294,0,-100,FALSE,High
location,Rapid Head,invert_phylum_abundance,M2 invertebrate Cnidaria abundance,period_split,Bloom 2026-05,by_status,Fished,0.0020161290322580645,0.0020161290322580645,248,0,0,4,-0.0020161290322580645,0,-100,FALSE,High
location,Rapid Head,invert_phylum_abundance,M2 invertebrate Cnidaria abundance,period_split,Bloom 2026-05,overall,Overall,0.001176470588235294,0.001176470588235294,425,0,0,4,-0.001176470588235294,0,-100,FALSE,High
location,Rapid Head,invert_phylum_abundance,M2 invertebrate Echinodermata abundance,period,Bloom,by_status,Fished,6.074596774193548,0.329395710180463,248,3.15,0.6131462108356122,30,-2.924596774193548,51.855293727182215,-48.144706272817785,FALSE,Medium
location,Rapid Head,invert_phylum_abundance,M2 invertebrate Echinodermata abundance,period,Bloom,by_status,No-take,4.333333333333333,0.20273025149380475,177,1.1428571428571428,0.2938404825740865,14,-3.1904761904761902,26.373626373626376,-73.62637362637362,FALSE,High
location,Rapid Head,invert_phylum_abundance,M2 invertebrate Echinodermata abundance,period,Bloom,overall,Overall,5.3494117647058825,0.21383686814051533,425,2.5113636363636362,0.44889123339575887,44,-2.8380481283422463,46.94653817701981,-53.05346182298019,FALSE,High
location,Rapid Head,invert_phylum_abundance,M2 invertebrate Echinodermata abundance,period_split,Bloom 2026-01,by_status,Fished,6.074596774193548,0.329395710180463,248,3.480769230769231,0.683025379205673,26,-2.593827543424317,57.30041614542113,-42.69958385457887,FALSE,Medium
location,Rapid Head,invert_phylum_abundance,M2 invertebrate Echinodermata abundance,period_split,Bloom 2026-01,by_status,No-take,4.333333333333333,0.20273025149380475,177,1.1428571428571428,0.2938404825740865,14,-3.1904761904761902,26.373626373626376,-73.62637362637362,FALSE,High
location,Rapid Head,invert_phylum_abundance,M2 invertebrate Echinodermata abundance,period_split,Bloom 2026-01,overall,Overall,5.3494117647058825,0.21383686814051533,425,2.6625,0.48615033419292986,40,-2.6869117647058824,49.77182757862327,-50.22817242137673,FALSE,High
location,Rapid Head,invert_phylum_abundance,M2 invertebrate Echinodermata abundance,period_split,Bloom 2026-05,by_status,Fished,6.074596774193548,0.329395710180463,248,1,0.45643546458763845,4,-5.074596774193548,16.461998008629276,-83.53800199137072,FALSE,High
location,Rapid Head,invert_phylum_abundance,M2 invertebrate Echinodermata abundance,period_split,Bloom 2026-05,overall,Overall,5.3494117647058825,0.21383686814051533,425,1,0.45643546458763845,4,-4.3494117647058825,18.693644160985265,-81.30635583901474,FALSE,High
location,Rapid Head,invert_phylum_abundance,M2 invertebrate Mollusca abundance,period,Bloom,by_status,Fished,6.014112903225806,0.9857546189001011,248,6.966666666666667,0.8960107415885958,30,0.9525537634408607,115.83864118895968,15.838641188959684,FALSE,Low
location,Rapid Head,invert_phylum_abundance,M2 invertebrate Mollusca abundance,period,Bloom,by_status,No-take,4.2259887005649714,0.8106562770443121,177,11.678571428571429,3.0326099188549134,14,7.452582728006457,276.3512223071047,176.3512223071047,FALSE,Low
location,Rapid Head,invert_phylum_abundance,M2 invertebrate Mollusca abundance,period,Bloom,overall,Overall,5.2694117647058825,0.6676503199986847,425,8.465909090909092,1.1686982656663094,44,3.1964973262032093,160.66136921796667,60.661369217966666,FALSE,Low
location,Rapid Head,invert_phylum_abundance,M2 invertebrate Mollusca abundance,period_split,Bloom 2026-01,by_status,Fished,6.014112903225806,0.9857546189001011,248,6.461538461538462,0.8870534963154385,26,0.4474255583126556,107.43959359447123,7.4395935944712335,FALSE,Low
location,Rapid Head,invert_phylum_abundance,M2 invertebrate Mollusca abundance,period_split,Bloom 2026-01,by_status,No-take,4.2259887005649714,0.8106562770443121,177,11.678571428571429,3.0326099188549134,14,7.452582728006457,276.3512223071047,176.3512223071047,FALSE,Low
location,Rapid Head,invert_phylum_abundance,M2 invertebrate Mollusca abundance,period_split,Bloom 2026-01,overall,Overall,5.2694117647058825,0.6676503199986847,425,8.2875,1.2488311843171906,40,3.018088235294117,157.27561955793703,57.275619557937034,FALSE,Low
location,Rapid Head,invert_phylum_abundance,M2 invertebrate Mollusca abundance,period_split,Bloom 2026-05,by_status,Fished,6.014112903225806,0.9857546189001011,248,10.25,3.3819373146171707,4,4.235887096774194,170.43245055313443,70.43245055313443,FALSE,Low
location,Rapid Head,invert_phylum_abundance,M2 invertebrate Mollusca abundance,period_split,Bloom 2026-05,overall,Overall,5.2694117647058825,0.6676503199986847,425,10.25,3.3819373146171707,4,4.9805882352941175,194.518865818263,94.51886581826301,FALSE,Low
location,Rapid Head,invert_phylum_abundance,M2 invertebrate Platyhelminthes abundance,period,Bloom,by_status,Fished,0,0,248,0,0,30,0,NA,NA,TRUE,Undefined - pre-bloom zero
location,Rapid Head,invert_phylum_abundance,M2 invertebrate Platyhelminthes abundance,period,Bloom,by_status,No-take,0.002824858757062147,0.002824858757062147,177,0,0,14,-0.002824858757062147,0,-100,FALSE,High
location,Rapid Head,invert_phylum_abundance,M2 invertebrate Platyhelminthes abundance,period,Bloom,overall,Overall,0.001176470588235294,0.001176470588235294,425,0,0,44,-0.001176470588235294,0,-100,FALSE,High
location,Rapid Head,invert_phylum_abundance,M2 invertebrate Platyhelminthes abundance,period_split,Bloom 2026-01,by_status,Fished,0,0,248,0,0,26,0,NA,NA,TRUE,Undefined - pre-bloom zero
location,Rapid Head,invert_phylum_abundance,M2 invertebrate Platyhelminthes abundance,period_split,Bloom 2026-01,by_status,No-take,0.002824858757062147,0.002824858757062147,177,0,0,14,-0.002824858757062147,0,-100,FALSE,High
location,Rapid Head,invert_phylum_abundance,M2 invertebrate Platyhelminthes abundance,period_split,Bloom 2026-01,overall,Overall,0.001176470588235294,0.001176470588235294,425,0,0,40,-0.001176470588235294,0,-100,FALSE,High
location,Rapid Head,invert_phylum_abundance,M2 invertebrate Platyhelminthes abundance,period_split,Bloom 2026-05,by_status,Fished,0,0,248,0,0,4,0,NA,NA,TRUE,Undefined - pre-bloom zero
location,Rapid Head,invert_phylum_abundance,M2 invertebrate Platyhelminthes abundance,period_split,Bloom 2026-05,overall,Overall,0.001176470588235294,0.001176470588235294,425,0,0,4,-0.001176470588235294,0,-100,FALSE,High
location,Rapid Head,invert_phylum_richness,M2 invertebrate Arthropoda species richness,period,Bloom,by_status,Fished,0.7056451612903226,0.04199154764974016,248,2.0166666666666666,0.16692508701309547,30,1.311021505376344,285.79047619047617,185.79047619047617,FALSE,Low
location,Rapid Head,invert_phylum_richness,M2 invertebrate Arthropoda species richness,period,Bloom,by_status,No-take,0.4689265536723164,0.04127801380443176,177,1.5,0.2344036154692477,14,1.0310734463276836,319.87951807228916,219.87951807228916,FALSE,Low
location,Rapid Head,invert_phylum_richness,M2 invertebrate Arthropoda species richness,period,Bloom,overall,Overall,0.6070588235294118,0.030431490306456983,425,1.8522727272727273,0.13944501278090807,44,1.2452139037433154,305.1224453840733,205.12244538407327,FALSE,Low
location,Rapid Head,invert_phylum_richness,M2 invertebrate Arthropoda species richness,period_split,Bloom 2026-01,by_status,Fished,0.7056451612903226,0.04199154764974016,248,2.1153846153846154,0.18252016181084113,26,1.409739454094293,299.7802197802198,199.7802197802198,FALSE,Low
location,Rapid Head,invert_phylum_richness,M2 invertebrate Arthropoda species richness,period_split,Bloom 2026-01,by_status,No-take,0.4689265536723164,0.04127801380443176,177,1.5,0.2344036154692477,14,1.0310734463276836,319.87951807228916,219.87951807228916,FALSE,Low
location,Rapid Head,invert_phylum_richness,M2 invertebrate Arthropoda species richness,period_split,Bloom 2026-01,overall,Overall,0.6070588235294118,0.030431490306456983,425,1.9,0.15,40,1.2929411764705883,312.984496124031,212.984496124031,FALSE,Low
location,Rapid Head,invert_phylum_richness,M2 invertebrate Arthropoda species richness,period_split,Bloom 2026-05,by_status,Fished,0.7056451612903226,0.04199154764974016,248,1.375,0.23935677693908453,4,0.6693548387096774,194.85714285714283,94.85714285714283,FALSE,Low
location,Rapid Head,invert_phylum_richness,M2 invertebrate Arthropoda species richness,period_split,Bloom 2026-05,overall,Overall,0.6070588235294118,0.030431490306456983,425,1.375,0.23935677693908453,4,0.7679411764705882,226.50193798449612,126.50193798449612,FALSE,Low
location,Rapid Head,invert_phylum_richness,M2 invertebrate Echinodermata species richness,period,Bloom,by_status,Fished,3.0181451612903225,0.08026788710790367,248,1.5,0.2034190510862431,30,-1.5181451612903225,49.69939879759519,-50.30060120240481,FALSE,High
location,Rapid Head,invert_phylum_richness,M2 invertebrate Echinodermata species richness,period,Bloom,by_status,No-take,2.73728813559322,0.09772940600023415,177,1,0.2567762955065478,14,-1.7372881355932202,36.53250773993808,-63.46749226006192,FALSE,High
location,Rapid Head,invert_phylum_richness,M2 invertebrate Echinodermata species richness,period,Bloom,overall,Overall,2.9011764705882355,0.06234189377140404,425,1.3409090909090908,0.16319090177124157,44,-1.5602673796791446,46.21949421219494,-53.78050578780506,FALSE,High
location,Rapid Head,invert_phylum_richness,M2 invertebrate Echinodermata species richness,period_split,Bloom 2026-01,by_status,Fished,3.0181451612903225,0.08026788710790367,248,1.6538461538461537,0.2179788817739193,26,-1.3642990074441688,54.796773033245984,-45.203226966754016,FALSE,Medium
location,Rapid Head,invert_phylum_richness,M2 invertebrate Echinodermata species richness,period_split,Bloom 2026-01,by_status,No-take,2.73728813559322,0.09772940600023415,177,1,0.2567762955065478,14,-1.7372881355932202,36.53250773993808,-63.46749226006192,FALSE,High
location,Rapid Head,invert_phylum_richness,M2 invertebrate Echinodermata species richness,period_split,Bloom 2026-01,overall,Overall,2.9011764705882355,0.06234189377140404,425,1.425,0.1731588125362794,40,-1.4761764705882354,49.11800486618005,-50.88199513381995,FALSE,High
location,Rapid Head,invert_phylum_richness,M2 invertebrate Echinodermata species richness,period_split,Bloom 2026-05,by_status,Fished,3.0181451612903225,0.08026788710790367,248,0.5,0.2041241452319315,4,-2.5181451612903225,16.566466265865067,-83.43353373413493,FALSE,High
location,Rapid Head,invert_phylum_richness,M2 invertebrate Echinodermata species richness,period_split,Bloom 2026-05,overall,Overall,2.9011764705882355,0.06234189377140404,425,0.5,0.2041241452319315,4,-2.4011764705882355,17.234387672343875,-82.76561232765613,FALSE,High
location,Rapid Head,invert_phylum_richness,M2 invertebrate Mollusca species richness,period,Bloom,by_status,Fished,1.7741935483870968,0.07696479950534503,248,2.3666666666666667,0.11970589758115016,30,0.5924731182795699,133.3939393939394,33.393939393939405,FALSE,Low
location,Rapid Head,invert_phylum_richness,M2 invertebrate Mollusca species richness,period,Bloom,by_status,No-take,1.4802259887005649,0.08642458417240141,177,2.2142857142857144,0.3425593945223371,14,0.7340597255851495,149.5910577971647,49.591057797164694,FALSE,Low
location,Rapid Head,invert_phylum_richness,M2 invertebrate Mollusca species richness,period,Bloom,overall,Overall,1.651764705882353,0.057917100639203745,425,2.3181818181818183,0.1341433050603851,44,0.6664171122994653,140.34576534576536,40.34576534576536,FALSE,Low
location,Rapid Head,invert_phylum_richness,M2 invertebrate Mollusca species richness,period_split,Bloom 2026-01,by_status,Fished,1.7741935483870968,0.07696479950534503,248,2.326923076923077,0.13570983664905656,26,0.5527295285359803,131.15384615384616,31.15384615384616,FALSE,Low
location,Rapid Head,invert_phylum_richness,M2 invertebrate Mollusca species richness,period_split,Bloom 2026-01,by_status,No-take,1.4802259887005649,0.08642458417240141,177,2.2142857142857144,0.3425593945223371,14,0.7340597255851495,149.5910577971647,49.591057797164694,FALSE,Low
location,Rapid Head,invert_phylum_richness,M2 invertebrate Mollusca species richness,period_split,Bloom 2026-01,overall,Overall,1.651764705882353,0.057917100639203745,425,2.2875,0.14641824094712816,40,0.6357352941176471,138.48824786324786,38.488247863247864,FALSE,Low
location,Rapid Head,invert_phylum_richness,M2 invertebrate Mollusca species richness,period_split,Bloom 2026-05,by_status,Fished,1.7741935483870968,0.07696479950534503,248,2.625,0.125,4,0.8508064516129032,147.95454545454544,47.95454545454544,FALSE,Low
location,Rapid Head,invert_phylum_richness,M2 invertebrate Mollusca species richness,period_split,Bloom 2026-05,overall,Overall,1.651764705882353,0.057917100639203745,425,2.625,0.125,4,0.973235294117647,158.92094017094016,58.920940170940156,FALSE,Low
location,Rapid Head,invert_phylum_shannon,M2 invertebrate Arthropoda Shannon diversity,period,Bloom,by_status,Fished,0.10948217462574411,0.013987203195065852,248,0.5370123466362835,0.05768814125921624,30,0.4275301720105394,490.5020826194003,390.5020826194003,FALSE,Low
location,Rapid Head,invert_phylum_shannon,M2 invertebrate Arthropoda Shannon diversity,period,Bloom,by_status,No-take,0.06310198262012004,0.011908728179084055,177,0.3851784533245621,0.08724998169489316,14,0.322076470704442,610.4062619448474,510.4062619448474,FALSE,Low
location,Rapid Head,invert_phylum_shannon,M2 invertebrate Arthropoda Shannon diversity,period,Bloom,overall,Overall,0.09016618877869598,0.009604938757035312,425,0.48870156240073576,0.048773726030619594,44,0.3985353736220398,542.0009085669636,442.00090856696363,FALSE,Low
location,Rapid Head,invert_phylum_shannon,M2 invertebrate Arthropoda Shannon diversity,period_split,Bloom 2026-01,by_status,Fished,0.10948217462574411,0.013987203195065852,248,0.5699153293104519,0.06204629374412389,26,0.46043315468470775,520.5553609605043,420.55536096050434,FALSE,Low
location,Rapid Head,invert_phylum_shannon,M2 invertebrate Arthropoda Shannon diversity,period_split,Bloom 2026-01,by_status,No-take,0.06310198262012004,0.011908728179084055,177,0.3851784533245621,0.08724998169489316,14,0.322076470704442,610.4062619448474,510.4062619448474,FALSE,Low
location,Rapid Head,invert_phylum_shannon,M2 invertebrate Arthropoda Shannon diversity,period_split,Bloom 2026-01,overall,Overall,0.09016618877869598,0.009604938757035312,425,0.5052574227153904,0.05187744837547848,40,0.41509123393669445,560.3624036450016,460.36240364500156,FALSE,Low
location,Rapid Head,invert_phylum_shannon,M2 invertebrate Arthropoda Shannon diversity,period_split,Bloom 2026-05,by_status,Fished,0.10948217462574411,0.013987203195065852,248,0.32314295925418896,0.12310257825124553,4,0.21366078462844484,295.15577340222444,195.15577340222444,FALSE,Low
location,Rapid Head,invert_phylum_shannon,M2 invertebrate Arthropoda Shannon diversity,period_split,Bloom 2026-05,overall,Overall,0.09016618877869598,0.009604938757035312,425,0.32314295925418896,0.12310257825124553,4,0.23297677047549298,358.38595778658396,258.38595778658396,FALSE,Low
location,Rapid Head,invert_phylum_shannon,M2 invertebrate Echinodermata Shannon diversity,period,Bloom,by_status,Fished,0.8786790967593584,0.025957401868245543,248,0.329472844549513,0.07399670770308485,30,-0.5492062522098454,37.496379026727304,-62.503620973272696,FALSE,High
location,Rapid Head,invert_phylum_shannon,M2 invertebrate Echinodermata Shannon diversity,period,Bloom,by_status,No-take,0.8083531213807397,0.034588319738150276,177,0.2607242676966834,0.09604864198365265,14,-0.5476288536840563,32.25375900712091,-67.74624099287908,FALSE,High
location,Rapid Head,invert_phylum_shannon,M2 invertebrate Echinodermata Shannon diversity,period,Bloom,overall,Overall,0.8493903964252042,0.020945075314231607,425,0.3075982973690672,0.05855836605651247,44,-0.541792099056137,36.21400697060433,-63.78599302939567,FALSE,High
location,Rapid Head,invert_phylum_shannon,M2 invertebrate Echinodermata Shannon diversity,period_split,Bloom 2026-01,by_status,Fished,0.8786790967593584,0.025957401868245543,248,0.38016097448020725,0.0809813389965148,26,-0.49851812227915115,43.26505272314689,-56.73494727685311,FALSE,High
location,Rapid Head,invert_phylum_shannon,M2 invertebrate Echinodermata Shannon diversity,period_split,Bloom 2026-01,by_status,No-take,0.8083531213807397,0.034588319738150276,177,0.2607242676966834,0.09604864198365265,14,-0.5476288536840563,32.25375900712091,-67.74624099287908,FALSE,High
location,Rapid Head,invert_phylum_shannon,M2 invertebrate Echinodermata Shannon diversity,period_split,Bloom 2026-01,overall,Overall,0.8493903964252042,0.020945075314231607,425,0.3383581271059739,0.06238584474256307,40,-0.5110322693192303,39.83540766766476,-60.16459233233524,FALSE,High
location,Rapid Head,invert_phylum_shannon,M2 invertebrate Echinodermata Shannon diversity,period_split,Bloom 2026-05,by_status,Fished,0.8786790967593584,0.025957401868245543,248,0,0,4,-0.8786790967593584,0,-100,FALSE,High
location,Rapid Head,invert_phylum_shannon,M2 invertebrate Echinodermata Shannon diversity,period_split,Bloom 2026-05,overall,Overall,0.8493903964252042,0.020945075314231607,425,0,0,4,-0.8493903964252042,0,-100,FALSE,High
location,Rapid Head,invert_phylum_shannon,M2 invertebrate Mollusca Shannon diversity,period,Bloom,by_status,Fished,0.42269063186394007,0.02474961858820961,248,0.6490944252455157,0.04856341705344556,30,0.22640379338157568,153.56252926240694,53.56252926240694,FALSE,Low
location,Rapid Head,invert_phylum_shannon,M2 invertebrate Mollusca Shannon diversity,period,Bloom,by_status,No-take,0.3517486268965672,0.02976368362265838,177,0.45434443217002224,0.09052230326106889,14,0.10259580527345502,129.16736482488776,29.167364824887756,FALSE,Low
location,Rapid Head,invert_phylum_shannon,M2 invertebrate Mollusca Shannon diversity,period,Bloom,overall,Overall,0.3931453733245871,0.01908544604782151,425,0.5871285183578587,0.0454319698344989,44,0.19398314503327163,149.34132720242292,49.34132720242292,FALSE,Low
location,Rapid Head,invert_phylum_shannon,M2 invertebrate Mollusca Shannon diversity,period_split,Bloom 2026-01,by_status,Fished,0.42269063186394007,0.02474961858820961,248,0.649281402426656,0.056148273385198254,26,0.22659077056271593,153.60676425770734,53.60676425770734,FALSE,Low
location,Rapid Head,invert_phylum_shannon,M2 invertebrate Mollusca Shannon diversity,period_split,Bloom 2026-01,by_status,No-take,0.3517486268965672,0.02976368362265838,177,0.45434443217002224,0.09052230326106889,14,0.10259580527345502,129.16736482488776,29.167364824887756,FALSE,Low
location,Rapid Head,invert_phylum_shannon,M2 invertebrate Mollusca Shannon diversity,period_split,Bloom 2026-01,overall,Overall,0.3931453733245871,0.01908544604782151,425,0.5810534628368341,0.04991256933341691,40,0.18790808951224702,147.79608314431493,47.796083144314935,FALSE,Low
location,Rapid Head,invert_phylum_shannon,M2 invertebrate Mollusca Shannon diversity,period_split,Bloom 2026-05,by_status,Fished,0.42269063186394007,0.02474961858820961,248,0.6478790735681043,0.014712109688236332,4,0.2251884417041642,153.27500179295436,53.275001792954356,FALSE,Low
location,Rapid Head,invert_phylum_shannon,M2 invertebrate Mollusca Shannon diversity,period_split,Bloom 2026-05,overall,Overall,0.3931453733245871,0.01908544604782151,425,0.6478790735681043,0.014712109688236332,4,0.25473370024351716,164.79376778350255,64.79376778350255,FALSE,Low
location,Rapid Head,invert_phylum_simpson,M2 invertebrate Arthropoda Simpson diversity,period,Bloom,by_status,Fished,0.6775450926737949,0.03869901519792962,248,1.6424577228509825,0.1185520190881009,30,0.9649126301771875,242.41304978969808,142.41304978969808,FALSE,Low
location,Rapid Head,invert_phylum_simpson,M2 invertebrate Arthropoda Simpson diversity,period,Bloom,by_status,No-take,0.4581920903954802,0.03969687300859423,177,1.3301610558753416,0.19653889469777075,14,0.8719689654798615,290.3064203328428,190.30642033284278,FALSE,Low
location,Rapid Head,invert_phylum_simpson,M2 invertebrate Arthropoda Simpson diversity,period,Bloom,overall,Overall,0.5861910187837673,0.028444512550803172,425,1.5430906015405512,0.10329829660766959,44,0.9568995827567839,263.24023263648166,163.24023263648166,FALSE,Low
location,Rapid Head,invert_phylum_simpson,M2 invertebrate Arthropoda Simpson diversity,period_split,Bloom 2026-01,by_status,Fished,0.6775450926737949,0.03869901519792962,248,1.6951435263665182,0.131886932116566,26,1.0175984336927233,250.189034603878,150.189034603878,FALSE,Low
location,Rapid Head,invert_phylum_simpson,M2 invertebrate Arthropoda Simpson diversity,period_split,Bloom 2026-01,by_status,No-take,0.4581920903954802,0.03969687300859423,177,1.3301610558753416,0.19653889469777075,14,0.8719689654798615,290.3064203328428,190.30642033284278,FALSE,Low
location,Rapid Head,invert_phylum_simpson,M2 invertebrate Arthropoda Simpson diversity,period_split,Bloom 2026-01,overall,Overall,0.5861910187837673,0.028444512550803172,425,1.5673996616946064,0.11194277576803746,40,0.9812086429108391,267.38718463252076,167.38718463252076,FALSE,Low
location,Rapid Head,invert_phylum_simpson,M2 invertebrate Arthropoda Simpson diversity,period_split,Bloom 2026-05,by_status,Fished,0.6775450926737949,0.03869901519792962,248,1.3,0.17795130420052185,4,0.6224549073262051,191.8691484975284,91.86914849752841,FALSE,Low
location,Rapid Head,invert_phylum_simpson,M2 invertebrate Arthropoda Simpson diversity,period_split,Bloom 2026-05,overall,Overall,0.5861910187837673,0.028444512550803172,425,1.3,0.17795130420052185,4,0.7138089812162327,221.77071267609114,121.77071267609114,FALSE,Low
location,Rapid Head,invert_phylum_simpson,M2 invertebrate Echinodermata Simpson diversity,period,Bloom,by_status,Fished,2.4893770246139333,0.06221756953786154,248,1.2869191154408908,0.16406471190371083,30,-1.2024579091730425,51.69643259001611,-48.30356740998389,FALSE,Medium
location,Rapid Head,invert_phylum_simpson,M2 invertebrate Echinodermata Simpson diversity,period,Bloom,by_status,No-take,2.3616286158745683,0.07889869548579191,177,0.9696145124716553,0.24918956443739043,14,-1.392014103402913,41.05702759333239,-58.94297240666761,FALSE,High
location,Rapid Head,invert_phylum_simpson,M2 invertebrate Echinodermata Simpson diversity,period,Bloom,overall,Overall,2.436173569680127,0.04900397876669049,425,1.1859585599506794,0.13732651404875454,44,-1.2502150097294478,48.68120131959224,-51.31879868040776,FALSE,High
location,Rapid Head,invert_phylum_simpson,M2 invertebrate Echinodermata Simpson diversity,period_split,Bloom 2026-01,by_status,Fished,2.4893770246139333,0.06221756953786154,248,1.4079835947394894,0.17567431073198397,26,-1.0813934298744439,56.559676610570776,-43.440323389429224,FALSE,Medium
location,Rapid Head,invert_phylum_simpson,M2 invertebrate Echinodermata Simpson diversity,period_split,Bloom 2026-01,by_status,No-take,2.3616286158745683,0.07889869548579191,177,0.9696145124716553,0.24918956443739043,14,-1.392014103402913,41.05702759333239,-58.94297240666761,FALSE,High
location,Rapid Head,invert_phylum_simpson,M2 invertebrate Echinodermata Simpson diversity,period_split,Bloom 2026-01,overall,Overall,2.436173569680127,0.04900397876669049,425,1.2545544159457473,0.14568592174899947,40,-1.1816191537343799,51.49692253292412,-48.50307746707588,FALSE,Medium
location,Rapid Head,invert_phylum_simpson,M2 invertebrate Echinodermata Simpson diversity,period_split,Bloom 2026-05,by_status,Fished,2.4893770246139333,0.06221756953786154,248,0.5,0.2041241452319315,4,-1.9893770246139333,20.08534645641083,-79.91465354358917,FALSE,High
location,Rapid Head,invert_phylum_simpson,M2 invertebrate Echinodermata Simpson diversity,period_split,Bloom 2026-05,overall,Overall,2.436173569680127,0.04900397876669049,425,0.5,0.2041241452319315,4,-1.9361735696801272,20.5239891862734,-79.4760108137266,FALSE,High
location,Rapid Head,invert_phylum_simpson,M2 invertebrate Mollusca Simpson diversity,period,Bloom,by_status,Fished,1.4337914630292001,0.05178734307609502,248,1.9561058180276076,0.09126503644079043,30,0.5223143549984075,136.4288927969276,36.42889279692761,FALSE,Low
location,Rapid Head,invert_phylum_simpson,M2 invertebrate Mollusca Simpson diversity,period,Bloom,by_status,No-take,1.2828972668457295,0.06471850484444956,177,1.5227881512055412,0.16037974257094398,14,0.23989088435981176,118.69915000673699,18.699150006736986,FALSE,Low
location,Rapid Head,invert_phylum_simpson,M2 invertebrate Mollusca Simpson diversity,period,Bloom,overall,Overall,1.3709484683833781,0.040605544980615735,425,1.8182320149478592,0.08515665850598778,44,0.4472835465644811,132.62584676810775,32.62584676810775,FALSE,Low
location,Rapid Head,invert_phylum_simpson,M2 invertebrate Mollusca Simpson diversity,period_split,Bloom 2026-01,by_status,Fished,1.4337914630292001,0.05178734307609502,248,1.9629723960386518,0.10476661192896249,26,0.5291809330094517,136.90780330714486,36.90780330714486,FALSE,Low
location,Rapid Head,invert_phylum_simpson,M2 invertebrate Mollusca Simpson diversity,period_split,Bloom 2026-01,by_status,No-take,1.2828972668457295,0.06471850484444956,177,1.5227881512055412,0.16037974257094398,14,0.23989088435981176,118.69915000673699,18.699150006736986,FALSE,Low
location,Rapid Head,invert_phylum_simpson,M2 invertebrate Mollusca Simpson diversity,period_split,Bloom 2026-01,overall,Overall,1.3709484683833781,0.040605544980615735,425,1.808907910347063,0.09329786228851968,40,0.43795944196368497,131.94572604761188,31.945726047611885,FALSE,Low
location,Rapid Head,invert_phylum_simpson,M2 invertebrate Mollusca Simpson diversity,period_split,Bloom 2026-05,by_status,Fished,1.4337914630292001,0.05178734307609502,248,1.9114730609558197,0.09258996505306391,4,0.47768159792661957,133.3159744805156,33.31597448051559,FALSE,Low
location,Rapid Head,invert_phylum_simpson,M2 invertebrate Mollusca Simpson diversity,period_split,Bloom 2026-05,overall,Overall,1.3709484683833781,0.040605544980615735,425,1.9114730609558197,0.09258996505306391,4,0.5405245925724416,139.4270539730664,39.42705397306639,FALSE,Low
location,Rapid Head,shannon_diversity,M1 fish Shannon diversity,period,Bloom,by_status,Fished,1.2822237835230499,0.032883067837992365,250,1.1924811173791476,0.07282376716738288,30,-0.08974266614390225,93.00101376240858,-6.998986237591424,FALSE,Low
location,Rapid Head,shannon_diversity,M1 fish Shannon diversity,period,Bloom,by_status,No-take,1.5982892679111318,0.03324865992349705,180,1.5548907833479113,0.04662697467334763,14,-0.043398484563220485,97.28469148642037,-2.715308513579629,FALSE,Low
location,Rapid Head,shannon_diversity,M1 fish Shannon diversity,period,Bloom,overall,Overall,1.4145302653599214,0.02479201891836209,430,1.3077932838237543,0.05753600235796353,44,-0.10673698153616717,92.45424547285963,-7.5457545271403745,FALSE,Low
location,Rapid Head,shannon_diversity,M1 fish Shannon diversity,period_split,Bloom 2026-01,by_status,Fished,1.2822237835230499,0.032883067837992365,250,1.247949609311544,0.0732012019147745,26,-0.034274174211505803,97.32697407020999,-2.6730259297900147,FALSE,Low
location,Rapid Head,shannon_diversity,M1 fish Shannon diversity,period_split,Bloom 2026-01,by_status,No-take,1.5982892679111318,0.03324865992349705,180,1.5548907833479113,0.04662697467334763,14,-0.043398484563220485,97.28469148642037,-2.715308513579629,FALSE,Low
location,Rapid Head,shannon_diversity,M1 fish Shannon diversity,period_split,Bloom 2026-01,overall,Overall,1.4145302653599214,0.02479201891836209,430,1.3553790202242726,0.05509891588862417,40,-0.059151245135648844,95.81831180398265,-4.1816881960173475,FALSE,Low
location,Rapid Head,shannon_diversity,M1 fish Shannon diversity,period_split,Bloom 2026-05,by_status,Fished,1.2822237835230499,0.032883067837992365,250,0.8319359198185708,0.21034388499495937,4,-0.45028786370447904,64.8822717616995,-35.1177282383005,FALSE,Medium
location,Rapid Head,shannon_diversity,M1 fish Shannon diversity,period_split,Bloom 2026-05,overall,Overall,1.4145302653599214,0.02479201891836209,430,0.8319359198185708,0.21034388499495937,4,-0.5825943455413506,58.81358216162933,-41.18641783837067,FALSE,Medium
location,Rapid Head,shannon_diversity,M2 fish Shannon diversity,period,Bloom,by_status,Fished,0.2965594542912801,0.02206935578563942,248,0.14784522951022397,0.04774102656902863,30,-0.14871422478105614,49.85348717461918,-50.14651282538082,FALSE,High
location,Rapid Head,shannon_diversity,M2 fish Shannon diversity,period,Bloom,by_status,No-take,0.27399791197572726,0.02574740234030676,177,0.15208347892556479,0.062191089493448856,14,-0.12191443305016247,55.50534229583379,-44.49465770416621,FALSE,Medium
location,Rapid Head,shannon_diversity,M2 fish Shannon diversity,period,Bloom,overall,Overall,0.28716323549162637,0.01674700112800926,425,0.14919376341510512,0.037685464583169084,44,-0.13796947207652124,51.954339893017256,-48.045660106982744,FALSE,Medium
location,Rapid Head,shannon_diversity,M2 fish Shannon diversity,period_split,Bloom 2026-01,by_status,Fished,0.2965594542912801,0.02206935578563942,248,0.14802499384742296,0.053967540856519614,26,-0.14853446044385715,49.91410380126782,-50.08589619873218,FALSE,High
location,Rapid Head,shannon_diversity,M2 fish Shannon diversity,period_split,Bloom 2026-01,by_status,No-take,0.27399791197572726,0.02574740234030676,177,0.15208347892556479,0.062191089493448856,14,-0.12191443305016247,55.50534229583379,-44.49465770416621,FALSE,Medium
location,Rapid Head,shannon_diversity,M2 fish Shannon diversity,period_split,Bloom 2026-01,overall,Overall,0.28716323549162637,0.01674700112800926,425,0.1494454636247726,0.040802833417662984,40,-0.13771777186685377,52.0419904619477,-47.9580095380523,FALSE,Medium
location,Rapid Head,shannon_diversity,M2 fish Shannon diversity,period_split,Bloom 2026-05,by_status,Fished,0.2965594542912801,0.02206935578563942,248,0.14667676131843055,0.08649688487161075,4,-0.14988269297284956,49.459479101403026,-50.540520898596974,FALSE,High
location,Rapid Head,shannon_diversity,M2 fish Shannon diversity,period_split,Bloom 2026-05,overall,Overall,0.28716323549162637,0.01674700112800926,425,0.14667676131843055,0.08649688487161075,4,-0.14048647417319582,51.077834203712904,-48.922165796287096,FALSE,Medium
location,Rapid Head,shannon_diversity,M2 invertebrate Shannon diversity,period,Bloom,by_status,Fished,1.3925039975654985,0.027070333831273354,248,1.491781699665403,0.051725085965029796,30,0.0992777020999045,107.129437493427,7.129437493427005,FALSE,Low
location,Rapid Head,shannon_diversity,M2 invertebrate Shannon diversity,period,Bloom,by_status,No-take,1.2879963129052026,0.034583441510178364,177,1.1241784238624613,0.1336202088827959,14,-0.1638178890427413,87.28118338528206,-12.718816614717937,FALSE,Low
location,Rapid Head,shannon_diversity,M2 invertebrate Shannon diversity,period,Bloom,overall,Overall,1.3489796206599163,0.021497087157798092,425,1.3748170210008306,0.060245546983207277,44,0.025837400340914307,101.91532918253242,1.9153291825324175,FALSE,Low
location,Rapid Head,shannon_diversity,M2 invertebrate Shannon diversity,period_split,Bloom 2026-01,by_status,Fished,1.3925039975654985,0.027070333831273354,248,1.54301167880698,0.051243696460083255,26,0.15050768124148162,110.8084200479577,10.808420047957696,FALSE,Low
location,Rapid Head,shannon_diversity,M2 invertebrate Shannon diversity,period_split,Bloom 2026-01,by_status,No-take,1.2879963129052026,0.034583441510178364,177,1.1241784238624613,0.1336202088827959,14,-0.1638178890427413,87.28118338528206,-12.718816614717937,FALSE,Low
location,Rapid Head,shannon_diversity,M2 invertebrate Shannon diversity,period_split,Bloom 2026-01,overall,Overall,1.3489796206599163,0.021497087157798092,425,1.3964200395763986,0.0648107354317297,40,0.04744041891648232,103.51676320308492,3.5167632030849205,FALSE,Low
location,Rapid Head,shannon_diversity,M2 invertebrate Shannon diversity,period_split,Bloom 2026-05,by_status,Fished,1.3925039975654985,0.027070333831273354,248,1.1587868352451522,0.09532674270741086,4,-0.23371716232034623,83.21605088897758,-16.783949111022423,FALSE,Low
location,Rapid Head,shannon_diversity,M2 invertebrate Shannon diversity,period_split,Bloom 2026-05,overall,Overall,1.3489796206599163,0.021497087157798092,425,1.1587868352451522,0.09532674270741086,4,-0.19019278541476403,85.9009889770075,-14.0990110229925,FALSE,Low
location,Rapid Head,simpson_diversity,M1 fish Simpson diversity,period,Bloom,by_status,Fished,3.2672321678801763,0.10924821017201489,250,2.8869639150896202,0.2052345840554443,30,-0.3802682527905561,88.3611499504402,-11.638850049559807,FALSE,Low
location,Rapid Head,simpson_diversity,M1 fish Simpson diversity,period,Bloom,by_status,No-take,4.297949701367908,0.13404501282268716,180,3.884884004781466,0.19254201607803134,14,-0.4130656965864419,90.38923846747264,-9.610761532527363,FALSE,Low
location,Rapid Head,simpson_diversity,M1 fish Simpson diversity,period,Bloom,overall,Overall,3.6986953214331804,0.08813969289320987,430,3.2044839436279347,0.16720947534562042,44,-0.4942113778052457,86.63822416133084,-13.36177583866916,FALSE,Low
location,Rapid Head,simpson_diversity,M1 fish Simpson diversity,period_split,Bloom 2026-01,by_status,Fished,3.2672321678801763,0.10924821017201489,250,2.9786972971950694,0.2245538186761747,26,-0.28853487068510697,91.16882866416218,-8.831171335837823,FALSE,Low
location,Rapid Head,simpson_diversity,M1 fish Simpson diversity,period_split,Bloom 2026-01,by_status,No-take,4.297949701367908,0.13404501282268716,180,3.884884004781466,0.19254201607803134,14,-0.4130656965864419,90.38923846747264,-9.610761532527363,FALSE,Low
location,Rapid Head,simpson_diversity,M1 fish Simpson diversity,period_split,Bloom 2026-01,overall,Overall,3.6986953214331804,0.08813969289320987,430,3.2958626448503083,0.17356691576503736,40,-0.40283267658287203,89.10878994956575,-10.891210050434253,FALSE,Low
location,Rapid Head,simpson_diversity,M1 fish Simpson diversity,period_split,Bloom 2026-05,by_status,Fished,3.2672321678801763,0.10924821017201489,250,2.2906969314042005,0.430955820775693,4,-0.9765352364759758,70.11123831124726,-29.888761688752737,FALSE,Medium
location,Rapid Head,simpson_diversity,M1 fish Simpson diversity,period_split,Bloom 2026-05,overall,Overall,3.6986953214331804,0.08813969289320987,430,2.2906969314042005,0.430955820775693,4,-1.4079983900289799,61.932566278981724,-38.067433721018276,FALSE,Medium
location,Rapid Head,simpson_diversity,M2 fish Simpson diversity,period,Bloom,by_status,Fished,1.1428840300303436,0.05311530606559694,248,0.6909176066451608,0.12062352851920541,30,-0.4519664233851828,60.45386832702675,-39.54613167297325,FALSE,Medium
location,Rapid Head,simpson_diversity,M2 fish Simpson diversity,period,Bloom,by_status,No-take,1.0772197291100285,0.06100533799561577,177,0.8596638655462184,0.15897411657682112,14,-0.21755586356381007,79.80394735774574,-20.19605264225426,FALSE,Medium
location,Rapid Head,simpson_diversity,M2 fish Simpson diversity,period,Bloom,overall,Overall,1.1155367800000007,0.04006098566852257,425,0.7446095981136791,0.09625653041720626,44,-0.37092718188632157,66.74899577167493,-33.25100422832507,FALSE,Medium
location,Rapid Head,simpson_diversity,M2 fish Simpson diversity,period_split,Bloom 2026-01,by_status,Fished,1.1428840300303436,0.05311530606559694,248,0.6742575238526656,0.13154288872664044,26,-0.468626506177678,58.99614537747667,-41.00385462252333,FALSE,Medium
location,Rapid Head,simpson_diversity,M2 fish Simpson diversity,period_split,Bloom 2026-01,by_status,No-take,1.0772197291100285,0.06100533799561577,177,0.8596638655462184,0.15897411657682112,14,-0.21755586356381007,79.80394735774574,-20.19605264225426,FALSE,Medium
location,Rapid Head,simpson_diversity,M2 fish Simpson diversity,period_split,Bloom 2026-01,overall,Overall,1.1155367800000007,0.04006098566852257,425,0.7391497434454091,0.10177828080296757,40,-0.3763870365545916,66.25955833078034,-33.74044166921966,FALSE,Medium
location,Rapid Head,simpson_diversity,M2 fish Simpson diversity,period_split,Bloom 2026-05,by_status,Fished,1.1428840300303436,0.05311530606559694,248,0.79920814479638,0.33629248143222884,4,-0.34367588523396353,69.92906749910233,-30.07093250089767,FALSE,Medium
location,Rapid Head,simpson_diversity,M2 fish Simpson diversity,period_split,Bloom 2026-05,overall,Overall,1.1155367800000007,0.04006098566852257,425,0.79920814479638,0.33629248143222884,4,-0.31632863520362065,71.64337018062099,-28.35662981937901,FALSE,Medium
location,Rapid Head,simpson_diversity,M2 invertebrate Simpson diversity,period,Bloom,by_status,Fished,3.9441585837549438,0.09273425623401149,248,4.119919538189725,0.20055553142118146,30,0.17576095443478135,104.45623447187695,4.456234471876954,FALSE,Low
location,Rapid Head,simpson_diversity,M2 invertebrate Simpson diversity,period,Bloom,by_status,No-take,3.7525414036629194,0.10945252702796195,177,3.0288366886052804,0.36448316995762725,14,-0.723704715057639,80.71427767988865,-19.285722320111347,FALSE,Low
location,Rapid Head,simpson_diversity,M2 invertebrate Simpson diversity,period,Bloom,overall,Overall,3.8643556640460304,0.0708192298940903,425,3.772756813321947,0.19308257287065414,44,-0.09159885072408347,97.62964750951059,-2.3703524904894095,FALSE,Low
location,Rapid Head,simpson_diversity,M2 invertebrate Simpson diversity,period_split,Bloom 2026-01,by_status,Fished,3.9441585837549438,0.09273425623401149,248,4.284600521097762,0.2104015607278571,26,0.3404419373428178,108.63154789832785,8.631547898327852,FALSE,Low
location,Rapid Head,simpson_diversity,M2 invertebrate Simpson diversity,period_split,Bloom 2026-01,by_status,No-take,3.7525414036629194,0.10945252702796195,177,3.0288366886052804,0.36448316995762725,14,-0.723704715057639,80.71427767988865,-19.285722320111347,FALSE,Low
location,Rapid Head,simpson_diversity,M2 invertebrate Simpson diversity,period_split,Bloom 2026-01,overall,Overall,3.8643556640460304,0.0708192298940903,425,3.845083179725393,0.20770918244198824,40,-0.01927248432063733,99.50127560721316,-0.49872439278684055,FALSE,Low
location,Rapid Head,simpson_diversity,M2 invertebrate Simpson diversity,period_split,Bloom 2026-05,by_status,Fished,3.9441585837549438,0.09273425623401149,248,3.0494931492874846,0.27846251127692934,4,-0.8946654344674592,77.3166971999459,-22.683302800054093,FALSE,Medium
location,Rapid Head,simpson_diversity,M2 invertebrate Simpson diversity,period_split,Bloom 2026-05,overall,Overall,3.8643556640460304,0.0708192298940903,425,3.0494931492874846,0.27846251127692934,4,-0.8148625147585458,78.9133665324849,-21.0866334675151,FALSE,Medium
location,Rapid Head,species_richness,M1 fish species richness,period,Bloom,by_status,Fished,10.372,0.24905940324625675,250,7.166666666666667,0.48502478508380775,30,-3.205333333333333,69.0962848695205,-30.903715130479497,FALSE,Medium
location,Rapid Head,species_richness,M1 fish species richness,period,Bloom,by_status,No-take,10.480555555555556,0.28372368468334314,180,7.607142857142857,0.4099670699338439,14,-2.8734126984126993,72.58339328310173,-27.416606716898272,FALSE,Medium
location,Rapid Head,species_richness,M1 fish species richness,period,Bloom,overall,Overall,10.417441860465116,0.1870809740886966,430,7.306818181818182,0.35400752681396186,44,-3.1106236786469346,70.14023480705029,-29.85976519294971,FALSE,Medium
location,Rapid Head,species_richness,M1 fish species richness,period_split,Bloom 2026-01,by_status,Fished,10.372,0.24905940324625675,250,7.826923076923077,0.42239455460897407,26,-2.5450769230769232,75.46204277789315,-24.537957222106854,FALSE,Medium
location,Rapid Head,species_richness,M1 fish species richness,period_split,Bloom 2026-01,by_status,No-take,10.480555555555556,0.28372368468334314,180,7.607142857142857,0.4099670699338439,14,-2.8734126984126993,72.58339328310173,-27.416606716898272,FALSE,Medium
location,Rapid Head,species_richness,M1 fish species richness,period_split,Bloom 2026-01,overall,Overall,10.417441860465116,0.1870809740886966,430,7.75,0.3069703067574602,40,-2.6674418604651162,74.39446366782006,-25.605536332179938,FALSE,Medium
location,Rapid Head,species_richness,M1 fish species richness,period_split,Bloom 2026-05,by_status,Fished,10.372,0.24905940324625675,250,2.875,0.5543389456520863,4,-7.497,27.71885846509834,-72.28114153490166,FALSE,High
location,Rapid Head,species_richness,M1 fish species richness,period_split,Bloom 2026-05,overall,Overall,10.417441860465116,0.1870809740886966,430,2.875,0.5543389456520863,4,-7.542441860465116,27.597946199352606,-72.4020538006474,FALSE,High
location,Rapid Head,species_richness,M2 fish species richness,period,Bloom,by_status,Fished,1.3205645161290323,0.06568188472125681,248,0.8,0.16188544268007588,30,-0.5205645161290322,60.58015267175573,-39.41984732824427,FALSE,Medium
location,Rapid Head,species_richness,M2 fish species richness,period,Bloom,by_status,No-take,1.2570621468926553,0.07902722811571866,177,0.8928571428571429,0.16722173399487034,14,-0.36420500403551237,71.02728731942216,-28.972712680577843,FALSE,Medium
location,Rapid Head,species_richness,M2 fish species richness,period,Bloom,overall,Overall,1.2941176470588236,0.050482428131404654,425,0.8295454545454546,0.12159004465125132,44,-0.464572192513369,64.10123966942149,-35.89876033057851,FALSE,Medium
location,Rapid Head,species_richness,M2 fish species richness,period_split,Bloom 2026-01,by_status,Fished,1.3205645161290323,0.06568188472125681,248,0.7884615384615384,0.1801133765225861,26,-0.5321029776674938,59.706400469759245,-40.293599530240755,FALSE,Medium
location,Rapid Head,species_richness,M2 fish species richness,period_split,Bloom 2026-01,by_status,No-take,1.2570621468926553,0.07902722811571866,177,0.8928571428571429,0.16722173399487034,14,-0.36420500403551237,71.02728731942216,-28.972712680577843,FALSE,Medium
location,Rapid Head,species_richness,M2 fish species richness,period_split,Bloom 2026-01,overall,Overall,1.2941176470588236,0.050482428131404654,425,0.825,0.12978038649175275,40,-0.46911764705882364,63.74999999999999,-36.25000000000001,FALSE,Medium
location,Rapid Head,species_richness,M2 fish species richness,period_split,Bloom 2026-05,by_status,Fished,1.3205645161290323,0.06568188472125681,248,0.875,0.375,4,-0.44556451612903225,66.25954198473283,-33.740458015267166,FALSE,Medium
location,Rapid Head,species_richness,M2 fish species richness,period_split,Bloom 2026-05,overall,Overall,1.2941176470588236,0.050482428131404654,425,0.875,0.375,4,-0.4191176470588236,67.61363636363636,-32.38636363636364,FALSE,Medium
location,Rapid Head,species_richness,M2 invertebrate species richness,period,Bloom,by_status,Fished,5.51008064516129,0.14563569532465312,248,5.883333333333334,0.3275504114341048,30,0.3732526881720437,106.77399682888158,6.773996828881579,FALSE,Low
location,Rapid Head,species_richness,M2 invertebrate species richness,period,Bloom,by_status,No-take,4.700564971751413,0.1519360106923591,177,4.714285714285714,0.5613814537172636,14,0.013720742534301777,100.29189560439559,0.2918956043955916,FALSE,Low
location,Rapid Head,species_richness,M2 invertebrate species richness,period,Bloom,overall,Overall,5.172941176470588,0.10759294625559335,425,5.511363636363637,0.29418637411964355,44,0.33842245989304853,106.54216718010214,6.54216718010214,FALSE,Low
location,Rapid Head,species_richness,M2 invertebrate species richness,period_split,Bloom 2026-01,by_status,Fished,5.51008064516129,0.14563569532465312,248,6.096153846153846,0.35736130259404975,26,0.5860732009925558,110.63638154746826,10.636381547468261,FALSE,Low
location,Rapid Head,species_richness,M2 invertebrate species richness,period_split,Bloom 2026-01,by_status,No-take,4.700564971751413,0.1519360106923591,177,4.714285714285714,0.5613814537172636,14,0.013720742534301777,100.29189560439559,0.2918956043955916,FALSE,Low
location,Rapid Head,species_richness,M2 invertebrate species richness,period_split,Bloom 2026-01,overall,Overall,5.172941176470588,0.10759294625559335,425,5.6125,0.3179902332801095,40,0.43955882352941167,108.49727086649989,8.497270866499889,FALSE,Low
location,Rapid Head,species_richness,M2 invertebrate species richness,period_split,Bloom 2026-05,by_status,Fished,5.51008064516129,0.14563569532465312,248,4.5,0.3535533905932738,4,-1.01008064516129,81.66849615806807,-18.331503841931934,FALSE,Low
location,Rapid Head,species_richness,M2 invertebrate species richness,period_split,Bloom 2026-05,overall,Overall,5.172941176470588,0.10759294625559335,425,4.5,0.3535533905932738,4,-0.6729411764705882,86.99113031612463,-13.008869683875375,FALSE,Low
location,Rapid Head,total_abundance,M1 fish total abundance,period,Bloom,by_status,Fished,309.37,33.78458514134354,250,74.65,17.69757353976534,30,-234.72,24.129682903966128,-75.87031709603387,FALSE,High
location,Rapid Head,total_abundance,M1 fish total abundance,period,Bloom,by_status,No-take,111.9888888888889,14.349318722138092,180,45.035714285714285,6.9508605455289425,14,-66.9531746031746,40.21444871231556,-59.78555128768444,FALSE,High
location,Rapid Head,total_abundance,M1 fish total abundance,period,Bloom,overall,Overall,226.7453488372093,21.053122110317833,430,65.22727272727273,12.373081401931367,44,-161.51807610993654,28.766752245093386,-71.23324775490661,FALSE,High
location,Rapid Head,total_abundance,M1 fish total abundance,period_split,Bloom 2026-01,by_status,Fished,309.37,33.78458514134354,250,84.51923076923077,19.739173873470506,26,-224.85076923076923,27.31978885128835,-72.68021114871165,FALSE,High
location,Rapid Head,total_abundance,M1 fish total abundance,period_split,Bloom 2026-01,by_status,No-take,111.9888888888889,14.349318722138092,180,45.035714285714285,6.9508605455289425,14,-66.9531746031746,40.21444871231556,-59.78555128768444,FALSE,High
location,Rapid Head,total_abundance,M1 fish total abundance,period_split,Bloom 2026-01,overall,Overall,226.7453488372093,21.053122110317833,430,70.7,13.307083134123028,40,-156.0453488372093,31.180352921267072,-68.81964707873293,FALSE,High
location,Rapid Head,total_abundance,M1 fish total abundance,period_split,Bloom 2026-05,by_status,Fished,309.37,33.78458514134354,250,10.5,4.392227984368146,4,-298.87,3.393994246371659,-96.60600575362834,FALSE,High
location,Rapid Head,total_abundance,M1 fish total abundance,period_split,Bloom 2026-05,overall,Overall,226.7453488372093,21.053122110317833,430,10.5,4.392227984368146,4,-216.2453488372093,4.630745483356495,-95.36925451664351,FALSE,High
location,Rapid Head,total_abundance,M2 fish total abundance,period,Bloom,by_status,Fished,4.631048387096774,1.0584607144178608,248,1.5666666666666667,0.35938431813673416,30,-3.0643817204301076,33.82963285444783,-66.17036714555218,FALSE,High
location,Rapid Head,total_abundance,M2 fish total abundance,period,Bloom,by_status,No-take,3.8559322033898304,0.6004908396982046,177,2.0714285714285716,0.7145603867489662,14,-1.7845036319612588,53.720565149136576,-46.279434850863424,FALSE,Medium
location,Rapid Head,total_abundance,M2 fish total abundance,period,Bloom,overall,Overall,4.308235294117647,0.6659742939001451,425,1.7272727272727273,0.3313494038710563,44,-2.58096256684492,40.092348939973185,-59.907651060026815,FALSE,High
location,Rapid Head,total_abundance,M2 fish total abundance,period_split,Bloom 2026-01,by_status,Fished,4.631048387096774,1.0584607144178608,248,1.4807692307692308,0.384788422613668,26,-3.150279156327543,31.974816650480562,-68.02518334951944,FALSE,High
location,Rapid Head,total_abundance,M2 fish total abundance,period_split,Bloom 2026-01,by_status,No-take,3.8559322033898304,0.6004908396982046,177,2.0714285714285716,0.7145603867489662,14,-1.7845036319612588,53.720565149136576,-46.279434850863424,FALSE,Medium
location,Rapid Head,total_abundance,M2 fish total abundance,period_split,Bloom 2026-01,overall,Overall,4.308235294117647,0.6659742939001451,425,1.6875,0.35113711800523967,40,-2.6207352941176474,39.16916985253959,-60.83083014746041,FALSE,High
location,Rapid Head,total_abundance,M2 fish total abundance,period_split,Bloom 2026-05,by_status,Fished,4.631048387096774,1.0584607144178608,248,2.125,1.1063265039459795,4,-2.506048387096774,45.885938180235094,-54.114061819764906,FALSE,High
location,Rapid Head,total_abundance,M2 fish total abundance,period_split,Bloom 2026-05,overall,Overall,4.308235294117647,0.6659742939001451,425,2.125,1.1063265039459795,4,-2.1832352941176474,49.32413981430911,-50.67586018569089,FALSE,High
location,Rapid Head,total_abundance,M2 invertebrate total abundance,period,Bloom,by_status,Fished,13.131048387096774,1.1281037383123658,248,16.716666666666665,1.635223513375868,30,3.585618279569891,127.30641281539484,27.306412815394836,FALSE,Low
location,Rapid Head,total_abundance,M2 invertebrate total abundance,period,Bloom,by_status,No-take,9.214689265536723,0.8572488013665888,177,17,3.435032830913054,14,7.785310734463277,184.48804414469652,84.48804414469652,FALSE,Low
location,Rapid Head,total_abundance,M2 invertebrate total abundance,period,Bloom,overall,Overall,11.5,0.7539481725137663,425,16.806818181818183,1.5378604537245024,44,5.306818181818183,146.14624505928856,46.14624505928856,FALSE,Low
location,Rapid Head,total_abundance,M2 invertebrate total abundance,period_split,Bloom 2026-01,by_status,Fished,13.131048387096774,1.1281037383123658,248,17.173076923076923,1.8256594820444196,26,4.042028535980149,130.78222253717416,30.782222537174164,FALSE,Low
location,Rapid Head,total_abundance,M2 invertebrate total abundance,period_split,Bloom 2026-01,by_status,No-take,9.214689265536723,0.8572488013665888,177,17,3.435032830913054,14,7.785310734463277,184.48804414469652,84.48804414469652,FALSE,Low
location,Rapid Head,total_abundance,M2 invertebrate total abundance,period_split,Bloom 2026-01,overall,Overall,11.5,0.7539481725137663,425,17.1125,1.6629915409840832,40,5.612500000000001,148.80434782608697,48.80434782608697,FALSE,Low
location,Rapid Head,total_abundance,M2 invertebrate total abundance,period_split,Bloom 2026-05,by_status,Fished,13.131048387096774,1.1281037383123658,248,13.75,3.152380053229623,4,0.618951612903226,104.71364962382927,4.713649623829269,FALSE,Low
location,Rapid Head,total_abundance,M2 invertebrate total abundance,period_split,Bloom 2026-05,overall,Overall,11.5,0.7539481725137663,425,13.75,3.152380053229623,4,2.25,119.56521739130434,19.565217391304344,FALSE,Low
location,Southern Fleurieu,b20,M1 fish B20 biomass,period,Bloom,by_status,Fished,6.068078609378986,0.4656114589435704,89,8.328170179999994,0.878294217084117,28,2.2600915706210074,137.24558820196805,37.24558820196805,FALSE,Low
location,Southern Fleurieu,b20,M1 fish B20 biomass,period,Bloom,overall,Overall,6.068078609378986,0.4656114589435704,89,8.328170179999994,0.878294217084117,28,2.2600915706210074,137.24558820196805,37.24558820196805,FALSE,Low
location,Southern Fleurieu,b20,M1 fish B20 biomass,period_split,Bloom 2025-06,by_status,Fished,6.068078609378986,0.4656114589435704,89,11.584720422332508,2.626666568148575,4,5.516641812953521,190.91249748193525,90.91249748193525,FALSE,Low
location,Southern Fleurieu,b20,M1 fish B20 biomass,period_split,Bloom 2025-06,overall,Overall,6.068078609378986,0.4656114589435704,89,11.584720422332508,2.626666568148575,4,5.516641812953521,190.91249748193525,90.91249748193525,FALSE,Low
location,Southern Fleurieu,b20,M1 fish B20 biomass,period_split,Bloom 2026-05,by_status,Fished,6.068078609378986,0.4656114589435704,89,7.785411806277907,0.903792200403013,24,1.7173331968989212,128.30110332197353,28.301103321973528,FALSE,Low
location,Southern Fleurieu,b20,M1 fish B20 biomass,period_split,Bloom 2026-05,overall,Overall,6.068078609378986,0.4656114589435704,89,7.785411806277907,0.903792200403013,24,1.7173331968989212,128.30110332197353,28.301103321973528,FALSE,Low
location,Southern Fleurieu,b20,M2 fish B20 biomass,period,Bloom,by_status,Fished,0.03418245287949294,0.009704022979873798,91,0,0,28,-0.03418245287949294,0,-100,FALSE,High
location,Southern Fleurieu,b20,M2 fish B20 biomass,period,Bloom,overall,Overall,0.03418245287949294,0.009704022979873798,91,0,0,28,-0.03418245287949294,0,-100,FALSE,High
location,Southern Fleurieu,b20,M2 fish B20 biomass,period_split,Bloom 2025-06,by_status,Fished,0.03418245287949294,0.009704022979873798,91,0,0,4,-0.03418245287949294,0,-100,FALSE,High
location,Southern Fleurieu,b20,M2 fish B20 biomass,period_split,Bloom 2025-06,overall,Overall,0.03418245287949294,0.009704022979873798,91,0,0,4,-0.03418245287949294,0,-100,FALSE,High
location,Southern Fleurieu,b20,M2 fish B20 biomass,period_split,Bloom 2026-05,by_status,Fished,0.03418245287949294,0.009704022979873798,91,0,0,24,-0.03418245287949294,0,-100,FALSE,High
location,Southern Fleurieu,b20,M2 fish B20 biomass,period_split,Bloom 2026-05,overall,Overall,0.03418245287949294,0.009704022979873798,91,0,0,24,-0.03418245287949294,0,-100,FALSE,High
location,Southern Fleurieu,invert_phylum_abundance,M2 invertebrate Arthropoda abundance,period,Bloom,by_status,Fished,2.0054945054945055,0.18415475414284865,91,8.910714285714286,0.9957095697245852,28,6.905219780219781,444.3150684931507,344.3150684931507,FALSE,Low
location,Southern Fleurieu,invert_phylum_abundance,M2 invertebrate Arthropoda abundance,period,Bloom,overall,Overall,2.0054945054945055,0.18415475414284865,91,8.910714285714286,0.9957095697245852,28,6.905219780219781,444.3150684931507,344.3150684931507,FALSE,Low
location,Southern Fleurieu,invert_phylum_abundance,M2 invertebrate Arthropoda abundance,period_split,Bloom 2025-06,by_status,Fished,2.0054945054945055,0.18415475414284865,91,2.875,0.4732423621500228,4,0.8695054945054945,143.35616438356163,43.356164383561634,FALSE,Low
location,Southern Fleurieu,invert_phylum_abundance,M2 invertebrate Arthropoda abundance,period_split,Bloom 2025-06,overall,Overall,2.0054945054945055,0.18415475414284865,91,2.875,0.4732423621500228,4,0.8695054945054945,143.35616438356163,43.356164383561634,FALSE,Low
location,Southern Fleurieu,invert_phylum_abundance,M2 invertebrate Arthropoda abundance,period_split,Bloom 2026-05,by_status,Fished,2.0054945054945055,0.18415475414284865,91,9.916666666666666,1.0222465077980525,24,7.911172161172161,494.47488584474877,394.47488584474877,FALSE,Low
location,Southern Fleurieu,invert_phylum_abundance,M2 invertebrate Arthropoda abundance,period_split,Bloom 2026-05,overall,Overall,2.0054945054945055,0.18415475414284865,91,9.916666666666666,1.0222465077980525,24,7.911172161172161,494.47488584474877,394.47488584474877,FALSE,Low
location,Southern Fleurieu,invert_phylum_abundance,M2 invertebrate Chordata abundance,period,Bloom,by_status,Fished,0.978021978021978,0.6223312785512659,91,0,0,28,-0.978021978021978,0,-100,FALSE,High
location,Southern Fleurieu,invert_phylum_abundance,M2 invertebrate Chordata abundance,period,Bloom,overall,Overall,0.978021978021978,0.6223312785512659,91,0,0,28,-0.978021978021978,0,-100,FALSE,High
location,Southern Fleurieu,invert_phylum_abundance,M2 invertebrate Chordata abundance,period_split,Bloom 2025-06,by_status,Fished,0.978021978021978,0.6223312785512659,91,0,0,4,-0.978021978021978,0,-100,FALSE,High
location,Southern Fleurieu,invert_phylum_abundance,M2 invertebrate Chordata abundance,period_split,Bloom 2025-06,overall,Overall,0.978021978021978,0.6223312785512659,91,0,0,4,-0.978021978021978,0,-100,FALSE,High
location,Southern Fleurieu,invert_phylum_abundance,M2 invertebrate Chordata abundance,period_split,Bloom 2026-05,by_status,Fished,0.978021978021978,0.6223312785512659,91,0,0,24,-0.978021978021978,0,-100,FALSE,High
location,Southern Fleurieu,invert_phylum_abundance,M2 invertebrate Chordata abundance,period_split,Bloom 2026-05,overall,Overall,0.978021978021978,0.6223312785512659,91,0,0,24,-0.978021978021978,0,-100,FALSE,High
location,Southern Fleurieu,invert_phylum_abundance,M2 invertebrate Cnidaria abundance,period,Bloom,by_status,Fished,0,0,91,0,0,28,0,NA,NA,TRUE,Undefined - pre-bloom zero
location,Southern Fleurieu,invert_phylum_abundance,M2 invertebrate Cnidaria abundance,period,Bloom,overall,Overall,0,0,91,0,0,28,0,NA,NA,TRUE,Undefined - pre-bloom zero
location,Southern Fleurieu,invert_phylum_abundance,M2 invertebrate Cnidaria abundance,period_split,Bloom 2025-06,by_status,Fished,0,0,91,0,0,4,0,NA,NA,TRUE,Undefined - pre-bloom zero
location,Southern Fleurieu,invert_phylum_abundance,M2 invertebrate Cnidaria abundance,period_split,Bloom 2025-06,overall,Overall,0,0,91,0,0,4,0,NA,NA,TRUE,Undefined - pre-bloom zero
location,Southern Fleurieu,invert_phylum_abundance,M2 invertebrate Cnidaria abundance,period_split,Bloom 2026-05,by_status,Fished,0,0,91,0,0,24,0,NA,NA,TRUE,Undefined - pre-bloom zero
location,Southern Fleurieu,invert_phylum_abundance,M2 invertebrate Cnidaria abundance,period_split,Bloom 2026-05,overall,Overall,0,0,91,0,0,24,0,NA,NA,TRUE,Undefined - pre-bloom zero
location,Southern Fleurieu,invert_phylum_abundance,M2 invertebrate Echinodermata abundance,period,Bloom,by_status,Fished,13.82967032967033,0.6961090088126786,91,2.125,0.4022300599955468,28,-11.70467032967033,15.365514501390543,-84.63448549860945,FALSE,High
location,Southern Fleurieu,invert_phylum_abundance,M2 invertebrate Echinodermata abundance,period,Bloom,overall,Overall,13.82967032967033,0.6961090088126786,91,2.125,0.4022300599955468,28,-11.70467032967033,15.365514501390543,-84.63448549860945,FALSE,High
location,Southern Fleurieu,invert_phylum_abundance,M2 invertebrate Echinodermata abundance,period_split,Bloom 2025-06,by_status,Fished,13.82967032967033,0.6961090088126786,91,3.375,1.087332362558324,4,-10.45467032967033,24.40405244338498,-75.59594755661502,FALSE,High
location,Southern Fleurieu,invert_phylum_abundance,M2 invertebrate Echinodermata abundance,period_split,Bloom 2025-06,overall,Overall,13.82967032967033,0.6961090088126786,91,3.375,1.087332362558324,4,-10.45467032967033,24.40405244338498,-75.59594755661502,FALSE,High
location,Southern Fleurieu,invert_phylum_abundance,M2 invertebrate Echinodermata abundance,period_split,Bloom 2026-05,by_status,Fished,13.82967032967033,0.6961090088126786,91,1.9166666666666667,0.42739803711014385,24,-11.913003663003664,13.85909151105814,-86.14090848894186,FALSE,High
location,Southern Fleurieu,invert_phylum_abundance,M2 invertebrate Echinodermata abundance,period_split,Bloom 2026-05,overall,Overall,13.82967032967033,0.6961090088126786,91,1.9166666666666667,0.42739803711014385,24,-11.913003663003664,13.85909151105814,-86.14090848894186,FALSE,High
location,Southern Fleurieu,invert_phylum_abundance,M2 invertebrate Mollusca abundance,period,Bloom,by_status,Fished,20.13186813186813,1.2856357531091287,91,14.196428571428571,1.201393394536267,28,-5.93543956043956,70.51719432314411,-29.48280567685589,FALSE,Medium
location,Southern Fleurieu,invert_phylum_abundance,M2 invertebrate Mollusca abundance,period,Bloom,overall,Overall,20.13186813186813,1.2856357531091287,91,14.196428571428571,1.201393394536267,28,-5.93543956043956,70.51719432314411,-29.48280567685589,FALSE,Medium
location,Southern Fleurieu,invert_phylum_abundance,M2 invertebrate Mollusca abundance,period_split,Bloom 2025-06,by_status,Fished,20.13186813186813,1.2856357531091287,91,18.625,5.828718412595803,4,-1.5068681318681314,92.51501091703057,-7.4849890829694345,FALSE,Low
location,Southern Fleurieu,invert_phylum_abundance,M2 invertebrate Mollusca abundance,period_split,Bloom 2025-06,overall,Overall,20.13186813186813,1.2856357531091287,91,18.625,5.828718412595803,4,-1.5068681318681314,92.51501091703057,-7.4849890829694345,FALSE,Low
location,Southern Fleurieu,invert_phylum_abundance,M2 invertebrate Mollusca abundance,period_split,Bloom 2026-05,by_status,Fished,20.13186813186813,1.2856357531091287,91,13.458333333333334,1.0355618209571822,24,-6.6735347985347975,66.85089155749637,-33.14910844250363,FALSE,Medium
location,Southern Fleurieu,invert_phylum_abundance,M2 invertebrate Mollusca abundance,period_split,Bloom 2026-05,overall,Overall,20.13186813186813,1.2856357531091287,91,13.458333333333334,1.0355618209571822,24,-6.6735347985347975,66.85089155749637,-33.14910844250363,FALSE,Medium
location,Southern Fleurieu,invert_phylum_abundance,M2 invertebrate Platyhelminthes abundance,period,Bloom,by_status,Fished,0,0,91,0,0,28,0,NA,NA,TRUE,Undefined - pre-bloom zero
location,Southern Fleurieu,invert_phylum_abundance,M2 invertebrate Platyhelminthes abundance,period,Bloom,overall,Overall,0,0,91,0,0,28,0,NA,NA,TRUE,Undefined - pre-bloom zero
location,Southern Fleurieu,invert_phylum_abundance,M2 invertebrate Platyhelminthes abundance,period_split,Bloom 2025-06,by_status,Fished,0,0,91,0,0,4,0,NA,NA,TRUE,Undefined - pre-bloom zero
location,Southern Fleurieu,invert_phylum_abundance,M2 invertebrate Platyhelminthes abundance,period_split,Bloom 2025-06,overall,Overall,0,0,91,0,0,4,0,NA,NA,TRUE,Undefined - pre-bloom zero
location,Southern Fleurieu,invert_phylum_abundance,M2 invertebrate Platyhelminthes abundance,period_split,Bloom 2026-05,by_status,Fished,0,0,91,0,0,24,0,NA,NA,TRUE,Undefined - pre-bloom zero
location,Southern Fleurieu,invert_phylum_abundance,M2 invertebrate Platyhelminthes abundance,period_split,Bloom 2026-05,overall,Overall,0,0,91,0,0,24,0,NA,NA,TRUE,Undefined - pre-bloom zero
location,Southern Fleurieu,invert_phylum_richness,M2 invertebrate Arthropoda species richness,period,Bloom,by_status,Fished,1.098901098901099,0.08240130079308187,91,2.0535714285714284,0.10072254084521472,28,0.9546703296703294,186.87499999999997,86.87499999999997,FALSE,Low
location,Southern Fleurieu,invert_phylum_richness,M2 invertebrate Arthropoda species richness,period,Bloom,overall,Overall,1.098901098901099,0.08240130079308187,91,2.0535714285714284,0.10072254084521472,28,0.9546703296703294,186.87499999999997,86.87499999999997,FALSE,Low
location,Southern Fleurieu,invert_phylum_richness,M2 invertebrate Arthropoda species richness,period_split,Bloom 2025-06,by_status,Fished,1.098901098901099,0.08240130079308187,91,1.5,0.2041241452319315,4,0.401098901098901,136.5,36.5,FALSE,Low
location,Southern Fleurieu,invert_phylum_richness,M2 invertebrate Arthropoda species richness,period_split,Bloom 2025-06,overall,Overall,1.098901098901099,0.08240130079308187,91,1.5,0.2041241452319315,4,0.401098901098901,136.5,36.5,FALSE,Low
location,Southern Fleurieu,invert_phylum_richness,M2 invertebrate Arthropoda species richness,period_split,Bloom 2026-05,by_status,Fished,1.098901098901099,0.08240130079308187,91,2.1458333333333335,0.10196958317910203,24,1.0469322344322345,195.27083333333331,95.27083333333331,FALSE,Low
location,Southern Fleurieu,invert_phylum_richness,M2 invertebrate Arthropoda species richness,period_split,Bloom 2026-05,overall,Overall,1.098901098901099,0.08240130079308187,91,2.1458333333333335,0.10196958317910203,24,1.0469322344322345,195.27083333333331,95.27083333333331,FALSE,Low
location,Southern Fleurieu,invert_phylum_richness,M2 invertebrate Echinodermata species richness,period,Bloom,by_status,Fished,5.549450549450549,0.18107246390006843,91,1.25,0.2391840185066609,28,-4.299450549450549,22.524752475247524,-77.47524752475248,FALSE,High
location,Southern Fleurieu,invert_phylum_richness,M2 invertebrate Echinodermata species richness,period,Bloom,overall,Overall,5.549450549450549,0.18107246390006843,91,1.25,0.2391840185066609,28,-4.299450549450549,22.524752475247524,-77.47524752475248,FALSE,High
location,Southern Fleurieu,invert_phylum_richness,M2 invertebrate Echinodermata species richness,period_split,Bloom 2025-06,by_status,Fished,5.549450549450549,0.18107246390006843,91,2.25,0.7216878364870323,4,-3.2994505494505493,40.54455445544555,-59.45544554455445,FALSE,High
location,Southern Fleurieu,invert_phylum_richness,M2 invertebrate Echinodermata species richness,period_split,Bloom 2025-06,overall,Overall,5.549450549450549,0.18107246390006843,91,2.25,0.7216878364870323,4,-3.2994505494505493,40.54455445544555,-59.45544554455445,FALSE,High
location,Southern Fleurieu,invert_phylum_richness,M2 invertebrate Echinodermata species richness,period_split,Bloom 2026-05,by_status,Fished,5.549450549450549,0.18107246390006843,91,1.0833333333333333,0.24202247669803964,24,-4.466117216117216,19.52145214521452,-80.47854785478548,FALSE,High
location,Southern Fleurieu,invert_phylum_richness,M2 invertebrate Echinodermata species richness,period_split,Bloom 2026-05,overall,Overall,5.549450549450549,0.18107246390006843,91,1.0833333333333333,0.24202247669803964,24,-4.466117216117216,19.52145214521452,-80.47854785478548,FALSE,High
location,Southern Fleurieu,invert_phylum_richness,M2 invertebrate Mollusca species richness,period,Bloom,by_status,Fished,3.521978021978022,0.11639478731790132,91,2.2142857142857144,0.15089804239548843,28,-1.3076923076923075,62.870514820592824,-37.129485179407176,FALSE,Medium
location,Southern Fleurieu,invert_phylum_richness,M2 invertebrate Mollusca species richness,period,Bloom,overall,Overall,3.521978021978022,0.11639478731790132,91,2.2142857142857144,0.15089804239548843,28,-1.3076923076923075,62.870514820592824,-37.129485179407176,FALSE,Medium
location,Southern Fleurieu,invert_phylum_richness,M2 invertebrate Mollusca species richness,period_split,Bloom 2025-06,by_status,Fished,3.521978021978022,0.11639478731790132,91,3.25,0.4330127018922193,4,-0.2719780219780219,92.27769110764432,-7.722308892355684,FALSE,Low
location,Southern Fleurieu,invert_phylum_richness,M2 invertebrate Mollusca species richness,period_split,Bloom 2025-06,overall,Overall,3.521978021978022,0.11639478731790132,91,3.25,0.4330127018922193,4,-0.2719780219780219,92.27769110764432,-7.722308892355684,FALSE,Low
location,Southern Fleurieu,invert_phylum_richness,M2 invertebrate Mollusca species richness,period_split,Bloom 2026-05,by_status,Fished,3.521978021978022,0.11639478731790132,91,2.0416666666666665,0.13431477557289842,24,-1.4803113553113554,57.96931877275091,-42.03068122724909,FALSE,Medium
location,Southern Fleurieu,invert_phylum_richness,M2 invertebrate Mollusca species richness,period_split,Bloom 2026-05,overall,Overall,3.521978021978022,0.11639478731790132,91,2.0416666666666665,0.13431477557289842,24,-1.4803113553113554,57.96931877275091,-42.03068122724909,FALSE,Medium
location,Southern Fleurieu,invert_phylum_shannon,M2 invertebrate Arthropoda Shannon diversity,period,Bloom,by_status,Fished,0.2069703711641577,0.03146728673553028,91,0.5314359793918625,0.048524584629279256,28,0.32446560822770476,256.7691097052516,156.7691097052516,FALSE,Low
location,Southern Fleurieu,invert_phylum_shannon,M2 invertebrate Arthropoda Shannon diversity,period,Bloom,overall,Overall,0.2069703711641577,0.03146728673553028,91,0.5314359793918625,0.048524584629279256,28,0.32446560822770476,256.7691097052516,156.7691097052516,FALSE,Low
location,Southern Fleurieu,invert_phylum_shannon,M2 invertebrate Arthropoda Shannon diversity,period_split,Bloom 2025-06,by_status,Fished,0.2069703711641577,0.03146728673553028,91,0.2376542714547159,0.09711990466062125,4,0.030683900290558203,114.82526224307796,14.825262243077958,FALSE,Low
location,Southern Fleurieu,invert_phylum_shannon,M2 invertebrate Arthropoda Shannon diversity,period_split,Bloom 2025-06,overall,Overall,0.2069703711641577,0.03146728673553028,91,0.2376542714547159,0.09711990466062125,4,0.030683900290558203,114.82526224307796,14.825262243077958,FALSE,Low
location,Southern Fleurieu,invert_phylum_shannon,M2 invertebrate Arthropoda Shannon diversity,period_split,Bloom 2026-05,by_status,Fished,0.2069703711641577,0.03146728673553028,91,0.5803995973813869,0.04785522697655104,24,0.3734292262172292,280.42641761561384,180.42641761561384,FALSE,Low
location,Southern Fleurieu,invert_phylum_shannon,M2 invertebrate Arthropoda Shannon diversity,period_split,Bloom 2026-05,overall,Overall,0.2069703711641577,0.03146728673553028,91,0.5803995973813869,0.04785522697655104,24,0.3734292262172292,280.42641761561384,180.42641761561384,FALSE,Low
location,Southern Fleurieu,invert_phylum_shannon,M2 invertebrate Echinodermata Shannon diversity,period,Bloom,by_status,Fished,1.4279375208055323,0.03375688783933108,91,0.3298408951126206,0.07823960412678052,28,-1.0980966256929117,23.099112552666156,-76.90088744733384,FALSE,High
location,Southern Fleurieu,invert_phylum_shannon,M2 invertebrate Echinodermata Shannon diversity,period,Bloom,overall,Overall,1.4279375208055323,0.03375688783933108,91,0.3298408951126206,0.07823960412678052,28,-1.0980966256929117,23.099112552666156,-76.90088744733384,FALSE,High
location,Southern Fleurieu,invert_phylum_shannon,M2 invertebrate Echinodermata Shannon diversity,period_split,Bloom 2025-06,by_status,Fished,1.4279375208055323,0.03375688783933108,91,0.650704819585134,0.27590737266506865,4,-0.7772327012203982,45.569558198740836,-54.430441801259164,FALSE,High
location,Southern Fleurieu,invert_phylum_shannon,M2 invertebrate Echinodermata Shannon diversity,period_split,Bloom 2025-06,overall,Overall,1.4279375208055323,0.03375688783933108,91,0.650704819585134,0.27590737266506865,4,-0.7772327012203982,45.569558198740836,-54.430441801259164,FALSE,High
location,Southern Fleurieu,invert_phylum_shannon,M2 invertebrate Echinodermata Shannon diversity,period_split,Bloom 2026-05,by_status,Fished,1.4279375208055323,0.03375688783933108,91,0.2763635743672017,0.07654041760207582,24,-1.1515739464383306,19.354038278320377,-80.64596172167963,FALSE,High
location,Southern Fleurieu,invert_phylum_shannon,M2 invertebrate Echinodermata Shannon diversity,period_split,Bloom 2026-05,overall,Overall,1.4279375208055323,0.03375688783933108,91,0.2763635743672017,0.07654041760207582,24,-1.1515739464383306,19.354038278320377,-80.64596172167963,FALSE,High
location,Southern Fleurieu,invert_phylum_shannon,M2 invertebrate Mollusca Shannon diversity,period,Bloom,by_status,Fished,0.906710914752976,0.031130155634489943,91,0.4572845828152337,0.06217090188335659,28,-0.44942633193774234,50.43333827516746,-49.56666172483254,FALSE,Medium
location,Southern Fleurieu,invert_phylum_shannon,M2 invertebrate Mollusca Shannon diversity,period,Bloom,overall,Overall,0.906710914752976,0.031130155634489943,91,0.4572845828152337,0.06217090188335659,28,-0.44942633193774234,50.43333827516746,-49.56666172483254,FALSE,Medium
location,Southern Fleurieu,invert_phylum_shannon,M2 invertebrate Mollusca Shannon diversity,period_split,Bloom 2025-06,by_status,Fished,0.906710914752976,0.031130155634489943,91,0.802052825920923,0.12535460086268588,4,-0.10465808883205308,88.45739175197134,-11.542608248028657,FALSE,Low
location,Southern Fleurieu,invert_phylum_shannon,M2 invertebrate Mollusca Shannon diversity,period_split,Bloom 2025-06,overall,Overall,0.906710914752976,0.031130155634489943,91,0.802052825920923,0.12535460086268588,4,-0.10465808883205308,88.45739175197134,-11.542608248028657,FALSE,Low
location,Southern Fleurieu,invert_phylum_shannon,M2 invertebrate Mollusca Shannon diversity,period_split,Bloom 2026-05,by_status,Fished,0.906710914752976,0.031130155634489943,91,0.3998232089642855,0.06282650659747975,24,-0.5068877057886905,44.095996029033486,-55.904003970966514,FALSE,High
location,Southern Fleurieu,invert_phylum_shannon,M2 invertebrate Mollusca Shannon diversity,period_split,Bloom 2026-05,overall,Overall,0.906710914752976,0.031130155634489943,91,0.3998232089642855,0.06282650659747975,24,-0.5068877057886905,44.095996029033486,-55.904003970966514,FALSE,High
location,Southern Fleurieu,invert_phylum_simpson,M2 invertebrate Arthropoda Simpson diversity,period,Bloom,by_status,Fished,1.0242999342604808,0.07441176482802586,91,1.6673475991981441,0.07384224254742915,28,0.6430476649376633,162.779235205353,62.77923520535299,FALSE,Low
location,Southern Fleurieu,invert_phylum_simpson,M2 invertebrate Arthropoda Simpson diversity,period,Bloom,overall,Overall,1.0242999342604808,0.07441176482802586,91,1.6673475991981441,0.07384224254742915,28,0.6430476649376633,162.779235205353,62.77923520535299,FALSE,Low
location,Southern Fleurieu,invert_phylum_simpson,M2 invertebrate Arthropoda Simpson diversity,period_split,Bloom 2025-06,by_status,Fished,1.0242999342604808,0.07441176482802586,91,1.2659913615795968,0.1336346481599792,4,0.24169142731911597,123.5957671415464,23.595767141546403,FALSE,Low
location,Southern Fleurieu,invert_phylum_simpson,M2 invertebrate Arthropoda Simpson diversity,period_split,Bloom 2025-06,overall,Overall,1.0242999342604808,0.07441176482802586,91,1.2659913615795968,0.1336346481599792,4,0.24169142731911597,123.5957671415464,23.595767141546403,FALSE,Low
location,Southern Fleurieu,invert_phylum_simpson,M2 invertebrate Arthropoda Simpson diversity,period_split,Bloom 2026-05,by_status,Fished,1.0242999342604808,0.07441176482802586,91,1.734240305467902,0.07561566724319865,24,0.7099403712074213,169.30981321598745,69.30981321598745,FALSE,Low
location,Southern Fleurieu,invert_phylum_simpson,M2 invertebrate Arthropoda Simpson diversity,period_split,Bloom 2026-05,overall,Overall,1.0242999342604808,0.07441176482802586,91,1.734240305467902,0.07561566724319865,24,0.7099403712074213,169.30981321598745,69.30981321598745,FALSE,Low
location,Southern Fleurieu,invert_phylum_simpson,M2 invertebrate Echinodermata Simpson diversity,period,Bloom,by_status,Fished,3.7771415056709277,0.1252518850223694,91,1.0907540794095416,0.20815037976855724,28,-2.686387426261386,28.87776583884677,-71.12223416115323,FALSE,High
location,Southern Fleurieu,invert_phylum_simpson,M2 invertebrate Echinodermata Simpson diversity,period,Bloom,overall,Overall,3.7771415056709277,0.1252518850223694,91,1.0907540794095416,0.20815037976855724,28,-2.686387426261386,28.87776583884677,-71.12223416115323,FALSE,High
location,Southern Fleurieu,invert_phylum_simpson,M2 invertebrate Echinodermata Simpson diversity,period_split,Bloom 2025-06,by_status,Fished,3.7771415056709277,0.1252518850223694,91,1.9547619047619047,0.6320655050871613,4,-1.822379600909023,51.75241387771845,-48.24758612228155,FALSE,Medium
location,Southern Fleurieu,invert_phylum_simpson,M2 invertebrate Echinodermata Simpson diversity,period_split,Bloom 2025-06,overall,Overall,3.7771415056709277,0.1252518850223694,91,1.9547619047619047,0.6320655050871613,4,-1.822379600909023,51.75241387771845,-48.24758612228155,FALSE,Medium
location,Southern Fleurieu,invert_phylum_simpson,M2 invertebrate Echinodermata Simpson diversity,period_split,Bloom 2026-05,by_status,Fished,3.7771415056709277,0.1252518850223694,91,0.9467527751841477,0.2105767708956899,24,-2.83038873048678,25.06532449903482,-74.93467550096518,FALSE,High
location,Southern Fleurieu,invert_phylum_simpson,M2 invertebrate Echinodermata Simpson diversity,period_split,Bloom 2026-05,overall,Overall,3.7771415056709277,0.1252518850223694,91,0.9467527751841477,0.2105767708956899,24,-2.83038873048678,25.06532449903482,-74.93467550096518,FALSE,High
location,Southern Fleurieu,invert_phylum_simpson,M2 invertebrate Mollusca Simpson diversity,period,Bloom,by_status,Fished,2.2668517819690353,0.07492105883482839,91,1.528882791289728,0.09556453870398043,28,-0.7379689906793072,67.44520323078682,-32.55479676921318,FALSE,Medium
location,Southern Fleurieu,invert_phylum_simpson,M2 invertebrate Mollusca Simpson diversity,period,Bloom,overall,Overall,2.2668517819690353,0.07492105883482839,91,1.528882791289728,0.09556453870398043,28,-0.7379689906793072,67.44520323078682,-32.55479676921318,FALSE,Medium
location,Southern Fleurieu,invert_phylum_simpson,M2 invertebrate Mollusca Simpson diversity,period_split,Bloom 2025-06,by_status,Fished,2.2668517819690353,0.07492105883482839,91,1.9264367503567776,0.21810465827502823,4,-0.3404150316122576,84.98291620475663,-15.017083795243366,FALSE,Low
location,Southern Fleurieu,invert_phylum_simpson,M2 invertebrate Mollusca Simpson diversity,period_split,Bloom 2025-06,overall,Overall,2.2668517819690353,0.07492105883482839,91,1.9264367503567776,0.21810465827502823,4,-0.3404150316122576,84.98291620475663,-15.017083795243366,FALSE,Low
location,Southern Fleurieu,invert_phylum_simpson,M2 invertebrate Mollusca Simpson diversity,period_split,Bloom 2026-05,by_status,Fished,2.2668517819690353,0.07492105883482839,91,1.4626237981118864,0.10068454894166103,24,-0.8042279838571489,64.5222510684585,-35.4777489315415,FALSE,Medium
location,Southern Fleurieu,invert_phylum_simpson,M2 invertebrate Mollusca Simpson diversity,period_split,Bloom 2026-05,overall,Overall,2.2668517819690353,0.07492105883482839,91,1.4626237981118864,0.10068454894166103,24,-0.8042279838571489,64.5222510684585,-35.4777489315415,FALSE,Medium
location,Southern Fleurieu,shannon_diversity,M1 fish Shannon diversity,period,Bloom,by_status,Fished,1.4323088014967862,0.03300361434285202,89,1.2600077947735302,0.061314615191886385,28,-0.172301006723256,87.97040089796289,-12.02959910203711,FALSE,Low
location,Southern Fleurieu,shannon_diversity,M1 fish Shannon diversity,period,Bloom,overall,Overall,1.4323088014967862,0.03300361434285202,89,1.2600077947735302,0.061314615191886385,28,-0.172301006723256,87.97040089796289,-12.02959910203711,FALSE,Low
location,Southern Fleurieu,shannon_diversity,M1 fish Shannon diversity,period_split,Bloom 2025-06,by_status,Fished,1.4323088014967862,0.03300361434285202,89,1.3401881321750575,0.08940017775157326,4,-0.09212066932172869,93.56837930302034,-6.431620696979664,FALSE,Low
location,Southern Fleurieu,shannon_diversity,M1 fish Shannon diversity,period_split,Bloom 2025-06,overall,Overall,1.4323088014967862,0.03300361434285202,89,1.3401881321750575,0.08940017775157326,4,-0.09212066932172869,93.56837930302034,-6.431620696979664,FALSE,Low
location,Southern Fleurieu,shannon_diversity,M1 fish Shannon diversity,period_split,Bloom 2026-05,by_status,Fished,1.4323088014967862,0.03300361434285202,89,1.246644405206609,0.07014811255387612,24,-0.18566439629017717,87.03740449711998,-12.96259550288002,FALSE,Low
location,Southern Fleurieu,shannon_diversity,M1 fish Shannon diversity,period_split,Bloom 2026-05,overall,Overall,1.4323088014967862,0.03300361434285202,89,1.246644405206609,0.07014811255387612,24,-0.18566439629017717,87.03740449711998,-12.96259550288002,FALSE,Low
location,Southern Fleurieu,shannon_diversity,M2 fish Shannon diversity,period,Bloom,by_status,Fished,0.04604142290282376,0.013822787596778774,91,0,0,28,-0.04604142290282376,0,-100,FALSE,High
location,Southern Fleurieu,shannon_diversity,M2 fish Shannon diversity,period,Bloom,overall,Overall,0.04604142290282376,0.013822787596778774,91,0,0,28,-0.04604142290282376,0,-100,FALSE,High
location,Southern Fleurieu,shannon_diversity,M2 fish Shannon diversity,period_split,Bloom 2025-06,by_status,Fished,0.04604142290282376,0.013822787596778774,91,0,0,4,-0.04604142290282376,0,-100,FALSE,High
location,Southern Fleurieu,shannon_diversity,M2 fish Shannon diversity,period_split,Bloom 2025-06,overall,Overall,0.04604142290282376,0.013822787596778774,91,0,0,4,-0.04604142290282376,0,-100,FALSE,High
location,Southern Fleurieu,shannon_diversity,M2 fish Shannon diversity,period_split,Bloom 2026-05,by_status,Fished,0.04604142290282376,0.013822787596778774,91,0,0,24,-0.04604142290282376,0,-100,FALSE,High
location,Southern Fleurieu,shannon_diversity,M2 fish Shannon diversity,period_split,Bloom 2026-05,overall,Overall,0.04604142290282376,0.013822787596778774,91,0,0,24,-0.04604142290282376,0,-100,FALSE,High
location,Southern Fleurieu,shannon_diversity,M2 invertebrate Shannon diversity,period,Bloom,by_status,Fished,1.8784536303520667,0.029793097109358912,91,1.324857778360622,0.06940360156768872,28,-0.5535958519914448,70.52917127969309,-29.470828720306912,FALSE,Medium
location,Southern Fleurieu,shannon_diversity,M2 invertebrate Shannon diversity,period,Bloom,overall,Overall,1.8784536303520667,0.029793097109358912,91,1.324857778360622,0.06940360156768872,28,-0.5535958519914448,70.52917127969309,-29.470828720306912,FALSE,Medium
location,Southern Fleurieu,shannon_diversity,M2 invertebrate Shannon diversity,period_split,Bloom 2025-06,by_status,Fished,1.8784536303520667,0.029793097109358912,91,1.4846319840859932,0.16494127306542936,4,-0.3938216462660735,79.03479543478207,-20.96520456521793,FALSE,Medium
location,Southern Fleurieu,shannon_diversity,M2 invertebrate Shannon diversity,period_split,Bloom 2025-06,overall,Overall,1.8784536303520667,0.029793097109358912,91,1.4846319840859932,0.16494127306542936,4,-0.3938216462660735,79.03479543478207,-20.96520456521793,FALSE,Medium
location,Southern Fleurieu,shannon_diversity,M2 invertebrate Shannon diversity,period_split,Bloom 2026-05,by_status,Fished,1.8784536303520667,0.029793097109358912,91,1.29822874407306,0.07609048878830847,24,-0.5802248862790067,69.11156725384492,-30.888432746155075,FALSE,Medium
location,Southern Fleurieu,shannon_diversity,M2 invertebrate Shannon diversity,period_split,Bloom 2026-05,overall,Overall,1.8784536303520667,0.029793097109358912,91,1.29822874407306,0.07609048878830847,24,-0.5802248862790067,69.11156725384492,-30.888432746155075,FALSE,Medium
location,Southern Fleurieu,simpson_diversity,M1 fish Simpson diversity,period,Bloom,by_status,Fished,3.562385272405172,0.11375418684537646,89,2.8590004413940315,0.15428719904884947,28,-0.7033848310111406,80.25522852736687,-19.744771472633133,FALSE,Low
location,Southern Fleurieu,simpson_diversity,M1 fish Simpson diversity,period,Bloom,overall,Overall,3.562385272405172,0.11375418684537646,89,2.8590004413940315,0.15428719904884947,28,-0.7033848310111406,80.25522852736687,-19.744771472633133,FALSE,Low
location,Southern Fleurieu,simpson_diversity,M1 fish Simpson diversity,period_split,Bloom 2025-06,by_status,Fished,3.562385272405172,0.11375418684537646,89,2.81256261843487,0.4057817543541477,4,-0.7498226539703019,78.95166870976723,-21.048331290232767,FALSE,Medium
location,Southern Fleurieu,simpson_diversity,M1 fish Simpson diversity,period_split,Bloom 2025-06,overall,Overall,3.562385272405172,0.11375418684537646,89,2.81256261843487,0.4057817543541477,4,-0.7498226539703019,78.95166870976723,-21.048331290232767,FALSE,Medium
location,Southern Fleurieu,simpson_diversity,M1 fish Simpson diversity,period_split,Bloom 2026-05,by_status,Fished,3.562385272405172,0.11375418684537646,89,2.8667400785538915,0.17030589785655886,24,-0.6956451938512807,80.4724884969668,-19.527511503033196,FALSE,Low
location,Southern Fleurieu,simpson_diversity,M1 fish Simpson diversity,period_split,Bloom 2026-05,overall,Overall,3.562385272405172,0.11375418684537646,89,2.8667400785538915,0.17030589785655886,24,-0.6956451938512807,80.4724884969668,-19.527511503033196,FALSE,Low
location,Southern Fleurieu,simpson_diversity,M2 fish Simpson diversity,period,Bloom,by_status,Fished,0.4450201382328079,0.05227814642292573,91,0.10714285714285714,0.0394836284566119,28,-0.33787728108995074,24.0759570046258,-75.92404299537421,FALSE,High
location,Southern Fleurieu,simpson_diversity,M2 fish Simpson diversity,period,Bloom,overall,Overall,0.4450201382328079,0.05227814642292573,91,0.10714285714285714,0.0394836284566119,28,-0.33787728108995074,24.0759570046258,-75.92404299537421,FALSE,High
location,Southern Fleurieu,simpson_diversity,M2 fish Simpson diversity,period_split,Bloom 2025-06,by_status,Fished,0.4450201382328079,0.05227814642292573,91,0.125,0.125,4,-0.3200201382328079,28.088616505396768,-71.91138349460323,FALSE,High
location,Southern Fleurieu,simpson_diversity,M2 fish Simpson diversity,period_split,Bloom 2025-06,overall,Overall,0.4450201382328079,0.05227814642292573,91,0.125,0.125,4,-0.3200201382328079,28.088616505396768,-71.91138349460323,FALSE,High
location,Southern Fleurieu,simpson_diversity,M2 fish Simpson diversity,period_split,Bloom 2026-05,by_status,Fished,0.4450201382328079,0.05227814642292573,91,0.10416666666666667,0.0423405648279719,24,-0.3408534715661412,23.407180421163975,-76.59281957883603,FALSE,High
location,Southern Fleurieu,simpson_diversity,M2 fish Simpson diversity,period_split,Bloom 2026-05,overall,Overall,0.4450201382328079,0.05227814642292573,91,0.10416666666666667,0.0423405648279719,24,-0.3408534715661412,23.407180421163975,-76.59281957883603,FALSE,High
location,Southern Fleurieu,simpson_diversity,M2 invertebrate Simpson diversity,period,Bloom,by_status,Fished,5.164640376522083,0.15652582298055084,91,3.3801944394466217,0.2431374106479692,28,-1.7844459370754615,65.44878622745222,-34.55121377254778,FALSE,Medium
location,Southern Fleurieu,simpson_diversity,M2 invertebrate Simpson diversity,period,Bloom,overall,Overall,5.164640376522083,0.15652582298055084,91,3.3801944394466217,0.2431374106479692,28,-1.7844459370754615,65.44878622745222,-34.55121377254778,FALSE,Medium
location,Southern Fleurieu,simpson_diversity,M2 invertebrate Simpson diversity,period_split,Bloom 2025-06,by_status,Fished,5.164640376522083,0.15652582298055084,91,3.5293693368971994,0.7622523865851839,4,-1.6352710396248837,68.33717509047376,-31.662824909526236,FALSE,Medium
location,Southern Fleurieu,simpson_diversity,M2 invertebrate Simpson diversity,period_split,Bloom 2025-06,overall,Overall,5.164640376522083,0.15652582298055084,91,3.5293693368971994,0.7622523865851839,4,-1.6352710396248837,68.33717509047376,-31.662824909526236,FALSE,Medium
location,Southern Fleurieu,simpson_diversity,M2 invertebrate Simpson diversity,period_split,Bloom 2026-05,by_status,Fished,5.164640376522083,0.15652582298055084,91,3.355331956538192,0.2610435881111634,24,-1.8093084199838914,64.96738808361529,-35.03261191638471,FALSE,Medium
location,Southern Fleurieu,simpson_diversity,M2 invertebrate Simpson diversity,period_split,Bloom 2026-05,overall,Overall,5.164640376522083,0.15652582298055084,91,3.355331956538192,0.2610435881111634,24,-1.8093084199838914,64.96738808361529,-35.03261191638471,FALSE,Medium
location,Southern Fleurieu,species_richness,M1 fish species richness,period,Bloom,by_status,Fished,6.617977528089888,0.2416932617654478,89,6.75,0.42140166715304417,28,0.13202247191011196,101.99490662139219,1.9949066213921895,FALSE,Low
location,Southern Fleurieu,species_richness,M1 fish species richness,period,Bloom,overall,Overall,6.617977528089888,0.2416932617654478,89,6.75,0.42140166715304417,28,0.13202247191011196,101.99490662139219,1.9949066213921895,FALSE,Low
location,Southern Fleurieu,species_richness,M1 fish species richness,period_split,Bloom 2025-06,by_status,Fished,6.617977528089888,0.2416932617654478,89,7.5,0.5400617248673217,4,0.882022471910112,113.32767402376909,13.327674023769092,FALSE,Low
location,Southern Fleurieu,species_richness,M1 fish species richness,period_split,Bloom 2025-06,overall,Overall,6.617977528089888,0.2416932617654478,89,7.5,0.5400617248673217,4,0.882022471910112,113.32767402376909,13.327674023769092,FALSE,Low
location,Southern Fleurieu,species_richness,M1 fish species richness,period_split,Bloom 2026-05,by_status,Fished,6.617977528089888,0.2416932617654478,89,6.625,0.4817784835859494,24,0.00702247191011196,100.10611205432936,0.10611205432935833,FALSE,Low
location,Southern Fleurieu,species_richness,M1 fish species richness,period_split,Bloom 2026-05,overall,Overall,6.617977528089888,0.2416932617654478,89,6.625,0.4817784835859494,24,0.00702247191011196,100.10611205432936,0.10611205432935833,FALSE,Low
location,Southern Fleurieu,species_richness,M2 fish species richness,period,Bloom,by_status,Fished,0.45054945054945056,0.053025062067494105,91,0.10714285714285714,0.0394836284566119,28,-0.3434065934065934,23.78048780487805,-76.21951219512195,FALSE,High
location,Southern Fleurieu,species_richness,M2 fish species richness,period,Bloom,overall,Overall,0.45054945054945056,0.053025062067494105,91,0.10714285714285714,0.0394836284566119,28,-0.3434065934065934,23.78048780487805,-76.21951219512195,FALSE,High
location,Southern Fleurieu,species_richness,M2 fish species richness,period_split,Bloom 2025-06,by_status,Fished,0.45054945054945056,0.053025062067494105,91,0.125,0.125,4,-0.32554945054945056,27.74390243902439,-72.2560975609756,FALSE,High
location,Southern Fleurieu,species_richness,M2 fish species richness,period_split,Bloom 2025-06,overall,Overall,0.45054945054945056,0.053025062067494105,91,0.125,0.125,4,-0.32554945054945056,27.74390243902439,-72.2560975609756,FALSE,High
location,Southern Fleurieu,species_richness,M2 fish species richness,period_split,Bloom 2026-05,by_status,Fished,0.45054945054945056,0.053025062067494105,91,0.10416666666666667,0.0423405648279719,24,-0.3463827838827839,23.119918699186993,-76.880081300813,FALSE,High
location,Southern Fleurieu,species_richness,M2 fish species richness,period_split,Bloom 2026-05,overall,Overall,0.45054945054945056,0.053025062067494105,91,0.10416666666666667,0.0423405648279719,24,-0.3463827838827839,23.119918699186993,-76.880081300813,FALSE,High
location,Southern Fleurieu,species_richness,M2 invertebrate species richness,period,Bloom,by_status,Fished,10.247252747252746,0.26753220640437175,91,5.517857142857143,0.3338113069716655,28,-4.729395604395603,53.84718498659519,-46.15281501340481,FALSE,Medium
location,Southern Fleurieu,species_richness,M2 invertebrate species richness,period,Bloom,overall,Overall,10.247252747252746,0.26753220640437175,91,5.517857142857143,0.3338113069716655,28,-4.729395604395603,53.84718498659519,-46.15281501340481,FALSE,Medium
location,Southern Fleurieu,species_richness,M2 invertebrate species richness,period_split,Bloom 2025-06,by_status,Fished,10.247252747252746,0.26753220640437175,91,7,0.7905694150420949,4,-3.2472527472527464,68.31099195710456,-31.689008042895438,FALSE,Medium
location,Southern Fleurieu,species_richness,M2 invertebrate species richness,period_split,Bloom 2025-06,overall,Overall,10.247252747252746,0.26753220640437175,91,7,0.7905694150420949,4,-3.2472527472527464,68.31099195710456,-31.689008042895438,FALSE,Medium
location,Southern Fleurieu,species_richness,M2 invertebrate species richness,period_split,Bloom 2026-05,by_status,Fished,10.247252747252746,0.26753220640437175,91,5.270833333333333,0.3470621611754972,24,-4.976419413919413,51.43655049151028,-48.56344950848972,FALSE,Medium
location,Southern Fleurieu,species_richness,M2 invertebrate species richness,period_split,Bloom 2026-05,overall,Overall,10.247252747252746,0.26753220640437175,91,5.270833333333333,0.3470621611754972,24,-4.976419413919413,51.43655049151028,-48.56344950848972,FALSE,Medium
location,Southern Fleurieu,total_abundance,M1 fish total abundance,period,Bloom,by_status,Fished,28.213483146067414,1.7687036328584593,89,42.69642857142857,4.188698836188539,28,14.482945425361155,151.33341867212835,51.333418672128346,FALSE,Low
location,Southern Fleurieu,total_abundance,M1 fish total abundance,period,Bloom,overall,Overall,28.213483146067414,1.7687036328584593,89,42.69642857142857,4.188698836188539,28,14.482945425361155,151.33341867212835,51.333418672128346,FALSE,Low
location,Southern Fleurieu,total_abundance,M1 fish total abundance,period_split,Bloom 2025-06,by_status,Fished,28.213483146067414,1.7687036328584593,89,61,9.098992618233442,4,32.78651685393258,216.2086818000797,116.20868180007969,FALSE,Low
location,Southern Fleurieu,total_abundance,M1 fish total abundance,period_split,Bloom 2025-06,overall,Overall,28.213483146067414,1.7687036328584593,89,61,9.098992618233442,4,32.78651685393258,216.2086818000797,116.20868180007969,FALSE,Low
location,Southern Fleurieu,total_abundance,M1 fish total abundance,period_split,Bloom 2026-05,by_status,Fished,28.213483146067414,1.7687036328584593,89,39.645833333333336,4.40422219673492,24,11.432350187265921,140.52087481746983,40.52087481746983,FALSE,Low
location,Southern Fleurieu,total_abundance,M1 fish total abundance,period_split,Bloom 2026-05,overall,Overall,28.213483146067414,1.7687036328584593,89,39.645833333333336,4.40422219673492,24,11.432350187265921,140.52087481746983,40.52087481746983,FALSE,Low
location,Southern Fleurieu,total_abundance,M2 fish total abundance,period,Bloom,by_status,Fished,1.1593406593406594,0.27501571948402564,91,0.125,0.04896413761608359,28,-1.0343406593406594,10.781990521327014,-89.21800947867298,FALSE,High
location,Southern Fleurieu,total_abundance,M2 fish total abundance,period,Bloom,overall,Overall,1.1593406593406594,0.27501571948402564,91,0.125,0.04896413761608359,28,-1.0343406593406594,10.781990521327014,-89.21800947867298,FALSE,High
location,Southern Fleurieu,total_abundance,M2 fish total abundance,period_split,Bloom 2025-06,by_status,Fished,1.1593406593406594,0.27501571948402564,91,0.125,0.125,4,-1.0343406593406594,10.781990521327014,-89.21800947867298,FALSE,High
location,Southern Fleurieu,total_abundance,M2 fish total abundance,period_split,Bloom 2025-06,overall,Overall,1.1593406593406594,0.27501571948402564,91,0.125,0.125,4,-1.0343406593406594,10.781990521327014,-89.21800947867298,FALSE,High
location,Southern Fleurieu,total_abundance,M2 fish total abundance,period_split,Bloom 2026-05,by_status,Fished,1.1593406593406594,0.27501571948402564,91,0.125,0.054257170767651956,24,-1.0343406593406594,10.781990521327014,-89.21800947867298,FALSE,High
location,Southern Fleurieu,total_abundance,M2 fish total abundance,period_split,Bloom 2026-05,overall,Overall,1.1593406593406594,0.27501571948402564,91,0.125,0.054257170767651956,24,-1.0343406593406594,10.781990521327014,-89.21800947867298,FALSE,High
location,Southern Fleurieu,total_abundance,M2 invertebrate total abundance,period,Bloom,by_status,Fished,36.94505494505494,1.7683703608627037,91,25.232142857142858,1.630861861698456,28,-11.712912087912084,68.2964009518144,-31.703599048185595,FALSE,Medium
location,Southern Fleurieu,total_abundance,M2 invertebrate total abundance,period,Bloom,overall,Overall,36.94505494505494,1.7683703608627037,91,25.232142857142858,1.630861861698456,28,-11.712912087912084,68.2964009518144,-31.703599048185595,FALSE,Medium
location,Southern Fleurieu,total_abundance,M2 invertebrate total abundance,period_split,Bloom 2025-06,by_status,Fished,36.94505494505494,1.7683703608627037,91,24.875,5.917400189272312,4,-12.070054945054942,67.32971445568114,-32.67028554431886,FALSE,Medium
location,Southern Fleurieu,total_abundance,M2 invertebrate total abundance,period_split,Bloom 2025-06,overall,Overall,36.94505494505494,1.7683703608627037,91,24.875,5.917400189272312,4,-12.070054945054942,67.32971445568114,-32.67028554431886,FALSE,Medium
location,Southern Fleurieu,total_abundance,M2 invertebrate total abundance,period_split,Bloom 2026-05,by_status,Fished,36.94505494505494,1.7683703608627037,91,25.291666666666668,1.6971621311816114,24,-11.653388278388274,68.45751536783662,-31.54248463216338,FALSE,Medium
location,Southern Fleurieu,total_abundance,M2 invertebrate total abundance,period_split,Bloom 2026-05,overall,Overall,36.94505494505494,1.7683703608627037,91,25.291666666666668,1.6971621311816114,24,-11.653388278388274,68.45751536783662,-31.54248463216338,FALSE,Medium
location,Southern Metro,b20,M1 fish B20 biomass,period,Bloom,by_status,Fished,2.542323593420396,0.3550694551540709,136,0.6154336132806515,0.1162150615765962,20,-1.9268899801397446,24.207524757014045,-75.79247524298596,FALSE,High
location,Southern Metro,b20,M1 fish B20 biomass,period,Bloom,by_status,No-take,10.17840585333757,0.8593237699447159,86,13.705041320961765,4.544841721840956,24,3.526635467624196,134.64821032330704,34.64821032330704,FALSE,Low
location,Southern Metro,b20,M1 fish B20 biomass,period,Bloom,overall,Overall,5.500445549964887,0.4688479936164231,222,7.755219635652168,2.6489612473164894,44,2.2547740856872807,140.99257169633603,40.99257169633603,FALSE,Low
location,Southern Metro,b20,M1 fish B20 biomass,period_split,Bloom 2025-11,by_status,Fished,2.542323593420396,0.3550694551540709,136,0.5210067301777065,0.17128194140657568,8,-2.0213168632426894,20.49332868270925,-79.50667131729075,FALSE,High
location,Southern Metro,b20,M1 fish B20 biomass,period_split,Bloom 2025-11,by_status,No-take,10.17840585333757,0.8593237699447159,86,8.963727926124232,1.2591187985046741,4,-1.2146779272133372,88.06612798982627,-11.93387201017373,FALSE,Low
location,Southern Metro,b20,M1 fish B20 biomass,period_split,Bloom 2025-11,overall,Overall,5.500445549964887,0.4688479936164231,222,3.335247128826548,1.2635515077807449,12,-2.165198421138339,60.63594482537581,-39.36405517462419,FALSE,Medium
location,Southern Metro,b20,M1 fish B20 biomass,period_split,Bloom 2026-01,by_status,Fished,2.542323593420396,0.3550694551540709,136,0.6783848686826147,0.15979322325446965,12,-1.8639387247377814,26.68365547321724,-73.31634452678276,FALSE,High
location,Southern Metro,b20,M1 fish B20 biomass,period_split,Bloom 2026-01,by_status,No-take,10.17840585333757,0.8593237699447159,86,14.653303999929271,5.447103240277524,20,4.474898146591702,143.9646267900032,43.964626790003194,FALSE,Low
location,Southern Metro,b20,M1 fish B20 biomass,period_split,Bloom 2026-01,overall,Overall,5.500445549964887,0.4688479936164231,222,9.412709325711775,3.58410793000913,32,3.9122637757468883,171.12630677294612,71.12630677294612,FALSE,Low
location,Southern Metro,b20,M2 fish B20 biomass,period,Bloom,by_status,Fished,0.17369562198915833,0.1391161008294266,134,0,0,20,-0.17369562198915833,0,-100,FALSE,High
location,Southern Metro,b20,M2 fish B20 biomass,period,Bloom,by_status,No-take,0.13985192915539188,0.04818390338814437,86,0.005064570390179463,0.005064570390179463,24,-0.13478735876521242,3.6213804276894406,-96.37861957231055,FALSE,High
location,Southern Metro,b20,M2 fish B20 biomass,period,Bloom,overall,Overall,0.16046581479050417,0.08667391484091286,220,0.002762492940097889,0.002762492940097889,44,-0.15770332185040628,1.7215460774025022,-98.27845392259749,FALSE,High
location,Southern Metro,b20,M2 fish B20 biomass,period_split,Bloom 2025-11,by_status,Fished,0.17369562198915833,0.1391161008294266,134,0,0,8,-0.17369562198915833,0,-100,FALSE,High
location,Southern Metro,b20,M2 fish B20 biomass,period_split,Bloom 2025-11,by_status,No-take,0.13985192915539188,0.04818390338814437,86,0,0,4,-0.13985192915539188,0,-100,FALSE,High
location,Southern Metro,b20,M2 fish B20 biomass,period_split,Bloom 2025-11,overall,Overall,0.16046581479050417,0.08667391484091286,220,0,0,12,-0.16046581479050417,0,-100,FALSE,High
location,Southern Metro,b20,M2 fish B20 biomass,period_split,Bloom 2026-01,by_status,Fished,0.17369562198915833,0.1391161008294266,134,0,0,12,-0.17369562198915833,0,-100,FALSE,High
location,Southern Metro,b20,M2 fish B20 biomass,period_split,Bloom 2026-01,by_status,No-take,0.13985192915539188,0.04818390338814437,86,0.0060774844682153556,0.0060774844682153556,20,-0.13377444468717653,4.345656513227328,-95.65434348677267,FALSE,High
location,Southern Metro,b20,M2 fish B20 biomass,period_split,Bloom 2026-01,overall,Overall,0.16046581479050417,0.08667391484091286,220,0.0037984277926345973,0.0037984277926345973,32,-0.15666738699786958,2.3671258564284408,-97.63287414357156,FALSE,High
location,Southern Metro,invert_phylum_abundance,M2 invertebrate Arthropoda abundance,period,Bloom,by_status,Fished,2.3786764705882355,0.2261798118437173,136,3.35,0.8584717142751567,20,0.9713235294117646,140.83462132921173,40.83462132921173,FALSE,Low
location,Southern Metro,invert_phylum_abundance,M2 invertebrate Arthropoda abundance,period,Bloom,by_status,No-take,3.8430232558139537,0.42326830982290703,86,3.875,0.6561098021396786,24,0.031976744186046346,100.83207261724658,0.8320726172465811,FALSE,Low
location,Southern Metro,invert_phylum_abundance,M2 invertebrate Arthropoda abundance,period,Bloom,overall,Overall,2.945945945945946,0.21940860506820106,222,3.6363636363636362,0.5245968038884812,44,0.6904176904176902,123.43619683069223,23.436196830692225,FALSE,Low
location,Southern Metro,invert_phylum_abundance,M2 invertebrate Arthropoda abundance,period_split,Bloom 2025-11,by_status,Fished,2.3786764705882355,0.2261798118437173,136,4.875,1.9994418864130201,8,2.4963235294117645,204.94590417310664,104.94590417310664,FALSE,Low
location,Southern Metro,invert_phylum_abundance,M2 invertebrate Arthropoda abundance,period_split,Bloom 2025-11,by_status,No-take,3.8430232558139537,0.42326830982290703,86,7,1.5138251770487459,4,3.1569767441860463,182.1482602118003,82.1482602118003,FALSE,Low
location,Southern Metro,invert_phylum_abundance,M2 invertebrate Arthropoda abundance,period_split,Bloom 2025-11,overall,Overall,2.945945945945946,0.21940860506820106,222,5.583333333333333,1.412650278052147,12,2.637387387387387,189.52599388379204,89.52599388379204,FALSE,Low
location,Southern Metro,invert_phylum_abundance,M2 invertebrate Arthropoda abundance,period_split,Bloom 2026-01,by_status,Fished,2.3786764705882355,0.2261798118437173,136,2.3333333333333335,0.43664237730271405,12,-0.04534313725490202,98.09376609994848,-1.906233900051518,FALSE,Low
location,Southern Metro,invert_phylum_abundance,M2 invertebrate Arthropoda abundance,period_split,Bloom 2026-01,by_status,No-take,3.8430232558139537,0.42326830982290703,86,3.25,0.6554427993028032,20,-0.5930232558139537,84.56883509833585,-15.431164901664147,FALSE,Low
location,Southern Metro,invert_phylum_abundance,M2 invertebrate Arthropoda abundance,period_split,Bloom 2026-01,overall,Overall,2.945945945945946,0.21940860506820106,222,2.90625,0.44304521496118204,32,-0.039695945945946054,98.65252293577981,-1.347477064220186,FALSE,Low
location,Southern Metro,invert_phylum_abundance,M2 invertebrate Chordata abundance,period,Bloom,by_status,Fished,0,0,136,0,0,20,0,NA,NA,TRUE,Undefined - pre-bloom zero
location,Southern Metro,invert_phylum_abundance,M2 invertebrate Chordata abundance,period,Bloom,by_status,No-take,0,0,86,0,0,24,0,NA,NA,TRUE,Undefined - pre-bloom zero
location,Southern Metro,invert_phylum_abundance,M2 invertebrate Chordata abundance,period,Bloom,overall,Overall,0,0,222,0,0,44,0,NA,NA,TRUE,Undefined - pre-bloom zero
location,Southern Metro,invert_phylum_abundance,M2 invertebrate Chordata abundance,period_split,Bloom 2025-11,by_status,Fished,0,0,136,0,0,8,0,NA,NA,TRUE,Undefined - pre-bloom zero
location,Southern Metro,invert_phylum_abundance,M2 invertebrate Chordata abundance,period_split,Bloom 2025-11,by_status,No-take,0,0,86,0,0,4,0,NA,NA,TRUE,Undefined - pre-bloom zero
location,Southern Metro,invert_phylum_abundance,M2 invertebrate Chordata abundance,period_split,Bloom 2025-11,overall,Overall,0,0,222,0,0,12,0,NA,NA,TRUE,Undefined - pre-bloom zero
location,Southern Metro,invert_phylum_abundance,M2 invertebrate Chordata abundance,period_split,Bloom 2026-01,by_status,Fished,0,0,136,0,0,12,0,NA,NA,TRUE,Undefined - pre-bloom zero
location,Southern Metro,invert_phylum_abundance,M2 invertebrate Chordata abundance,period_split,Bloom 2026-01,by_status,No-take,0,0,86,0,0,20,0,NA,NA,TRUE,Undefined - pre-bloom zero
location,Southern Metro,invert_phylum_abundance,M2 invertebrate Chordata abundance,period_split,Bloom 2026-01,overall,Overall,0,0,222,0,0,32,0,NA,NA,TRUE,Undefined - pre-bloom zero
location,Southern Metro,invert_phylum_abundance,M2 invertebrate Cnidaria abundance,period,Bloom,by_status,Fished,0,0,136,0,0,20,0,NA,NA,TRUE,Undefined - pre-bloom zero
location,Southern Metro,invert_phylum_abundance,M2 invertebrate Cnidaria abundance,period,Bloom,by_status,No-take,0,0,86,0,0,24,0,NA,NA,TRUE,Undefined - pre-bloom zero
location,Southern Metro,invert_phylum_abundance,M2 invertebrate Cnidaria abundance,period,Bloom,overall,Overall,0,0,222,0,0,44,0,NA,NA,TRUE,Undefined - pre-bloom zero
location,Southern Metro,invert_phylum_abundance,M2 invertebrate Cnidaria abundance,period_split,Bloom 2025-11,by_status,Fished,0,0,136,0,0,8,0,NA,NA,TRUE,Undefined - pre-bloom zero
location,Southern Metro,invert_phylum_abundance,M2 invertebrate Cnidaria abundance,period_split,Bloom 2025-11,by_status,No-take,0,0,86,0,0,4,0,NA,NA,TRUE,Undefined - pre-bloom zero
location,Southern Metro,invert_phylum_abundance,M2 invertebrate Cnidaria abundance,period_split,Bloom 2025-11,overall,Overall,0,0,222,0,0,12,0,NA,NA,TRUE,Undefined - pre-bloom zero
location,Southern Metro,invert_phylum_abundance,M2 invertebrate Cnidaria abundance,period_split,Bloom 2026-01,by_status,Fished,0,0,136,0,0,12,0,NA,NA,TRUE,Undefined - pre-bloom zero
location,Southern Metro,invert_phylum_abundance,M2 invertebrate Cnidaria abundance,period_split,Bloom 2026-01,by_status,No-take,0,0,86,0,0,20,0,NA,NA,TRUE,Undefined - pre-bloom zero
location,Southern Metro,invert_phylum_abundance,M2 invertebrate Cnidaria abundance,period_split,Bloom 2026-01,overall,Overall,0,0,222,0,0,32,0,NA,NA,TRUE,Undefined - pre-bloom zero
location,Southern Metro,invert_phylum_abundance,M2 invertebrate Echinodermata abundance,period,Bloom,by_status,Fished,39.29779411764706,4.461247989530159,136,0.45,0.1352385806055747,20,-38.847794117647055,1.1451024417625597,-98.85489755823744,FALSE,High
location,Southern Metro,invert_phylum_abundance,M2 invertebrate Echinodermata abundance,period,Bloom,by_status,No-take,8.563953488372093,0.5707050689814684,86,1.3125,0.4860485639539933,24,-7.251453488372093,15.325865580448067,-84.67413441955193,FALSE,High
location,Southern Metro,invert_phylum_abundance,M2 invertebrate Echinodermata abundance,period,Bloom,overall,Overall,27.39189189189189,2.917336402565266,222,0.9204545454545454,0.2772863736980805,44,-26.471437346437344,3.360317531506481,-96.63968246849352,FALSE,High
location,Southern Metro,invert_phylum_abundance,M2 invertebrate Echinodermata abundance,period_split,Bloom 2025-11,by_status,Fished,39.29779411764706,4.461247989530159,136,0.3125,0.16194961738586655,8,-38.98529411764706,0.7952100290017775,-99.20478997099822,FALSE,High
location,Southern Metro,invert_phylum_abundance,M2 invertebrate Echinodermata abundance,period_split,Bloom 2025-11,by_status,No-take,8.563953488372093,0.5707050689814684,86,0,0,4,-8.563953488372093,0,-100,FALSE,High
location,Southern Metro,invert_phylum_abundance,M2 invertebrate Echinodermata abundance,period_split,Bloom 2025-11,overall,Overall,27.39189189189189,2.917336402565266,222,0.20833333333333334,0.11445412825559188,12,-27.18355855855856,0.7605656964315081,-99.23943430356849,FALSE,High
location,Southern Metro,invert_phylum_abundance,M2 invertebrate Echinodermata abundance,period_split,Bloom 2026-01,by_status,Fished,39.29779411764706,4.461247989530159,136,0.5416666666666666,0.19903491902150988,12,-38.756127450980394,1.3783640502697476,-98.62163594973025,FALSE,High
location,Southern Metro,invert_phylum_abundance,M2 invertebrate Echinodermata abundance,period_split,Bloom 2026-01,by_status,No-take,8.563953488372093,0.5707050689814684,86,1.575,0.5669342763356353,20,-6.9889534883720925,18.391038696537677,-81.60896130346232,FALSE,High
location,Southern Metro,invert_phylum_abundance,M2 invertebrate Echinodermata abundance,period_split,Bloom 2026-01,overall,Overall,27.39189189189189,2.917336402565266,222,1.1875,0.369414041247714,32,-26.20439189189189,4.335224469659595,-95.6647755303404,FALSE,High
location,Southern Metro,invert_phylum_abundance,M2 invertebrate Mollusca abundance,period,Bloom,by_status,Fished,46.845588235294116,6.743476058735239,136,2.925,0.8692669325356854,20,-43.92058823529412,6.243917752315178,-93.75608224768482,FALSE,High
location,Southern Metro,invert_phylum_abundance,M2 invertebrate Mollusca abundance,period,Bloom,by_status,No-take,72.31976744186046,9.022042898192142,86,3.0416666666666665,0.4350127712046063,24,-69.27810077519379,4.205857919982849,-95.79414208001715,FALSE,High
location,Southern Metro,invert_phylum_abundance,M2 invertebrate Mollusca abundance,period,Bloom,overall,Overall,56.71396396396396,5.4627941480186,222,2.9886363636363638,0.4550307926886156,44,-53.725327600327596,5.269665801415931,-94.73033419858407,FALSE,High
location,Southern Metro,invert_phylum_abundance,M2 invertebrate Mollusca abundance,period_split,Bloom 2025-11,by_status,Fished,46.845588235294116,6.743476058735239,136,1.75,0.5509731650193397,8,-45.095588235294116,3.7356772877099353,-96.26432271229007,FALSE,High
location,Southern Metro,invert_phylum_abundance,M2 invertebrate Mollusca abundance,period_split,Bloom 2025-11,by_status,No-take,72.31976744186046,9.022042898192142,86,3.375,1.2970318680227817,4,-68.94476744186046,4.666773856419326,-95.33322614358067,FALSE,High
location,Southern Metro,invert_phylum_abundance,M2 invertebrate Mollusca abundance,period_split,Bloom 2025-11,overall,Overall,56.71396396396396,5.4627941480186,222,2.2916666666666665,0.5788518328937419,12,-54.4222972972973,4.040745006155435,-95.95925499384457,FALSE,High
location,Southern Metro,invert_phylum_abundance,M2 invertebrate Mollusca abundance,period_split,Bloom 2026-01,by_status,Fished,46.845588235294116,6.743476058735239,136,3.7083333333333335,1.380955879604465,12,-43.13725490196078,7.916078062052007,-92.08392193794799,FALSE,High
location,Southern Metro,invert_phylum_abundance,M2 invertebrate Mollusca abundance,period_split,Bloom 2026-01,by_status,No-take,72.31976744186046,9.022042898192142,86,2.975,0.46942714248886713,20,-69.34476744186047,4.1136747326955545,-95.88632526730444,FALSE,High
location,Southern Metro,invert_phylum_abundance,M2 invertebrate Mollusca abundance,period_split,Bloom 2026-01,overall,Overall,56.71396396396396,5.4627941480186,222,3.25,0.5850110282941736,32,-53.46396396396396,5.730511099638616,-94.26948890036138,FALSE,High
location,Southern Metro,invert_phylum_abundance,M2 invertebrate Platyhelminthes abundance,period,Bloom,by_status,Fished,0,0,136,0,0,20,0,NA,NA,TRUE,Undefined - pre-bloom zero
location,Southern Metro,invert_phylum_abundance,M2 invertebrate Platyhelminthes abundance,period,Bloom,by_status,No-take,0.005813953488372093,0.005813953488372093,86,0,0,24,-0.005813953488372093,0,-100,FALSE,High
location,Southern Metro,invert_phylum_abundance,M2 invertebrate Platyhelminthes abundance,period,Bloom,overall,Overall,0.0022522522522522522,0.0022522522522522522,222,0,0,44,-0.0022522522522522522,0,-100,FALSE,High
location,Southern Metro,invert_phylum_abundance,M2 invertebrate Platyhelminthes abundance,period_split,Bloom 2025-11,by_status,Fished,0,0,136,0,0,8,0,NA,NA,TRUE,Undefined - pre-bloom zero
location,Southern Metro,invert_phylum_abundance,M2 invertebrate Platyhelminthes abundance,period_split,Bloom 2025-11,by_status,No-take,0.005813953488372093,0.005813953488372093,86,0,0,4,-0.005813953488372093,0,-100,FALSE,High
location,Southern Metro,invert_phylum_abundance,M2 invertebrate Platyhelminthes abundance,period_split,Bloom 2025-11,overall,Overall,0.0022522522522522522,0.0022522522522522522,222,0,0,12,-0.0022522522522522522,0,-100,FALSE,High
location,Southern Metro,invert_phylum_abundance,M2 invertebrate Platyhelminthes abundance,period_split,Bloom 2026-01,by_status,Fished,0,0,136,0,0,12,0,NA,NA,TRUE,Undefined - pre-bloom zero
location,Southern Metro,invert_phylum_abundance,M2 invertebrate Platyhelminthes abundance,period_split,Bloom 2026-01,by_status,No-take,0.005813953488372093,0.005813953488372093,86,0,0,20,-0.005813953488372093,0,-100,FALSE,High
location,Southern Metro,invert_phylum_abundance,M2 invertebrate Platyhelminthes abundance,period_split,Bloom 2026-01,overall,Overall,0.0022522522522522522,0.0022522522522522522,222,0,0,32,-0.0022522522522522522,0,-100,FALSE,High
location,Southern Metro,invert_phylum_richness,M2 invertebrate Arthropoda species richness,period,Bloom,by_status,Fished,0.9816176470588235,0.05630412869735731,136,1.125,0.14452736036729116,20,0.14338235294117652,114.60674157303372,14.606741573033716,FALSE,Low
location,Southern Metro,invert_phylum_richness,M2 invertebrate Arthropoda species richness,period,Bloom,by_status,No-take,1.0406976744186047,0.0754444724187334,86,1.2916666666666667,0.18286336336684764,24,0.250968992248062,124.11545623836126,24.11545623836126,FALSE,Low
location,Southern Metro,invert_phylum_richness,M2 invertebrate Arthropoda species richness,period,Bloom,overall,Overall,1.0045045045045045,0.04514582505462195,222,1.2159090909090908,0.11879162480969746,44,0.21140458640458637,121.04565837749695,21.04565837749695,FALSE,Low
location,Southern Metro,invert_phylum_richness,M2 invertebrate Arthropoda species richness,period_split,Bloom 2025-11,by_status,Fished,0.9816176470588235,0.05630412869735731,136,1.0625,0.22033861927237616,8,0.08088235294117652,108.23970037453184,8.239700374531836,FALSE,Low
location,Southern Metro,invert_phylum_richness,M2 invertebrate Arthropoda species richness,period_split,Bloom 2025-11,by_status,No-take,1.0406976744186047,0.0754444724187334,86,1.625,0.125,4,0.5843023255813953,156.14525139664804,56.145251396648035,FALSE,Low
location,Southern Metro,invert_phylum_richness,M2 invertebrate Arthropoda species richness,period_split,Bloom 2025-11,overall,Overall,1.0045045045045045,0.04514582505462195,222,1.25,0.16854996561581054,12,0.24549549549549554,124.43946188340809,24.439461883408086,FALSE,Low
location,Southern Metro,invert_phylum_richness,M2 invertebrate Arthropoda species richness,period_split,Bloom 2026-01,by_status,Fished,0.9816176470588235,0.05630412869735731,136,1.1666666666666667,0.1978418917757666,12,0.18504901960784326,118.85143570536832,18.851435705368317,FALSE,Low
location,Southern Metro,invert_phylum_richness,M2 invertebrate Arthropoda species richness,period_split,Bloom 2026-01,by_status,No-take,1.0406976744186047,0.0754444724187334,86,1.225,0.21605006729678972,20,0.18430232558139537,117.70949720670392,17.709497206703915,FALSE,Low
location,Southern Metro,invert_phylum_richness,M2 invertebrate Arthropoda species richness,period_split,Bloom 2026-01,overall,Overall,1.0045045045045045,0.04514582505462195,222,1.203125,0.1520348786781422,32,0.19862049549549554,119.77298206278026,19.772982062780258,FALSE,Low
location,Southern Metro,invert_phylum_richness,M2 invertebrate Echinodermata species richness,period,Bloom,by_status,Fished,4.591911764705882,0.17206947204633288,136,0.45,0.1352385806055747,20,-4.141911764705882,9.799839871897518,-90.20016012810248,FALSE,High
location,Southern Metro,invert_phylum_richness,M2 invertebrate Echinodermata species richness,period,Bloom,by_status,No-take,2.9593023255813953,0.1364527940299076,86,0.625,0.21334550463467963,24,-2.3343023255813953,21.11984282907662,-78.88015717092338,FALSE,High
location,Southern Metro,invert_phylum_richness,M2 invertebrate Echinodermata species richness,period,Bloom,overall,Overall,3.9594594594594597,0.12929153297909451,222,0.5454545454545454,0.1308798710636025,44,-3.4140049140049142,13.775985107043127,-86.22401489295687,FALSE,High
location,Southern Metro,invert_phylum_richness,M2 invertebrate Echinodermata species richness,period_split,Bloom 2025-11,by_status,Fished,4.591911764705882,0.17206947204633288,136,0.3125,0.16194961738586655,8,-4.279411764705882,6.805444355484387,-93.19455564451562,FALSE,High
location,Southern Metro,invert_phylum_richness,M2 invertebrate Echinodermata species richness,period_split,Bloom 2025-11,by_status,No-take,2.9593023255813953,0.1364527940299076,86,0,0,4,-2.9593023255813953,0,-100,FALSE,High
location,Southern Metro,invert_phylum_richness,M2 invertebrate Echinodermata species richness,period_split,Bloom 2025-11,overall,Overall,3.9594594594594597,0.12929153297909451,222,0.20833333333333334,0.11445412825559188,12,-3.751126126126126,5.261660978384527,-94.73833902161547,FALSE,High
location,Southern Metro,invert_phylum_richness,M2 invertebrate Echinodermata species richness,period_split,Bloom 2026-01,by_status,Fished,4.591911764705882,0.17206947204633288,136,0.5416666666666666,0.19903491902150988,12,-4.050245098039215,11.79610354950627,-88.20389645049373,FALSE,High
location,Southern Metro,invert_phylum_richness,M2 invertebrate Echinodermata species richness,period_split,Bloom 2026-01,by_status,No-take,2.9593023255813953,0.1364527940299076,86,0.75,0.24735442289620732,20,-2.2093023255813953,25.343811394891947,-74.65618860510806,FALSE,High
location,Southern Metro,invert_phylum_richness,M2 invertebrate Echinodermata species richness,period_split,Bloom 2026-01,overall,Overall,3.9594594594594597,0.12929153297909451,222,0.671875,0.17040241596566488,32,-3.2875844594594597,16.9688566552901,-83.0311433447099,FALSE,High
location,Southern Metro,invert_phylum_richness,M2 invertebrate Mollusca species richness,period,Bloom,by_status,Fished,3.073529411764706,0.14267990323314816,136,1.275,0.18664277729338863,20,-1.7985294117647062,41.48325358851674,-58.51674641148326,FALSE,High
location,Southern Metro,invert_phylum_richness,M2 invertebrate Mollusca species richness,period,Bloom,by_status,No-take,3.6744186046511627,0.1954977935122483,86,1.625,0.16824434439317673,24,-2.0494186046511627,44.2246835443038,-55.7753164556962,FALSE,High
location,Southern Metro,invert_phylum_richness,M2 invertebrate Mollusca species richness,period,Bloom,overall,Overall,3.3063063063063063,0.11704889468994785,222,1.4659090909090908,0.12633821439565576,44,-1.8403972153972155,44.336759970274954,-55.663240029725046,FALSE,High
location,Southern Metro,invert_phylum_richness,M2 invertebrate Mollusca species richness,period_split,Bloom 2025-11,by_status,Fished,3.073529411764706,0.14267990323314816,136,1.1875,0.33987261269061214,8,-1.886029411764706,38.63636363636363,-61.36363636363637,FALSE,High
location,Southern Metro,invert_phylum_richness,M2 invertebrate Mollusca species richness,period_split,Bloom 2025-11,by_status,No-take,3.6744186046511627,0.1954977935122483,86,1.75,0.3227486121839514,4,-1.9244186046511627,47.62658227848102,-52.37341772151898,FALSE,High
location,Southern Metro,invert_phylum_richness,M2 invertebrate Mollusca species richness,period_split,Bloom 2025-11,overall,Overall,3.3063063063063063,0.11704889468994785,222,1.375,0.2546908405153673,12,-1.9313063063063063,41.58719346049046,-58.41280653950954,FALSE,High
location,Southern Metro,invert_phylum_richness,M2 invertebrate Mollusca species richness,period_split,Bloom 2026-01,by_status,Fished,3.073529411764706,0.14267990323314816,136,1.3333333333333333,0.22473328748774737,12,-1.7401960784313728,43.38118022328548,-56.61881977671452,FALSE,High
location,Southern Metro,invert_phylum_richness,M2 invertebrate Mollusca species richness,period_split,Bloom 2026-01,by_status,No-take,3.6744186046511627,0.1954977935122483,86,1.6,0.19398860519981173,20,-2.0744186046511626,43.54430379746836,-56.45569620253164,FALSE,High
location,Southern Metro,invert_phylum_richness,M2 invertebrate Mollusca species richness,period_split,Bloom 2026-01,overall,Overall,3.3063063063063063,0.11704889468994785,222,1.5,0.14721884083490872,32,-1.8063063063063063,45.36784741144414,-54.63215258855586,FALSE,High
location,Southern Metro,invert_phylum_shannon,M2 invertebrate Arthropoda Shannon diversity,period,Bloom,by_status,Fished,0.16182845913480837,0.020408059804773747,136,0.2188232452414451,0.048444452039356344,20,0.05699478610663675,135.21926020389174,35.219260203891736,FALSE,Low
location,Southern Metro,invert_phylum_shannon,M2 invertebrate Arthropoda Shannon diversity,period,Bloom,by_status,No-take,0.14272187769706599,0.024254873904101897,86,0.2642067780309433,0.06695701568988133,24,0.1214849003338773,185.12002665192986,85.12002665192986,FALSE,Low
location,Southern Metro,invert_phylum_shannon,M2 invertebrate Arthropoda Shannon diversity,period,Bloom,overall,Overall,0.154426810469737,0.015617436875085502,222,0.24357789949026226,0.0423230510141311,44,0.08915108902052526,157.7303181677745,57.7303181677745,FALSE,Low
location,Southern Metro,invert_phylum_shannon,M2 invertebrate Arthropoda Shannon diversity,period_split,Bloom 2025-11,by_status,Fished,0.16182845913480837,0.020408059804773747,136,0.12132548522820136,0.048975730330406385,8,-0.04050297390660701,74.97166189238278,-25.028338107617216,FALSE,Medium
location,Southern Metro,invert_phylum_shannon,M2 invertebrate Arthropoda Shannon diversity,period_split,Bloom 2025-11,by_status,No-take,0.14272187769706599,0.024254873904101897,86,0.3121812373532098,0.05149709982995553,4,0.1694593596561438,218.7339757509563,118.73397575095629,FALSE,Low
location,Southern Metro,invert_phylum_shannon,M2 invertebrate Arthropoda Shannon diversity,period_split,Bloom 2025-11,overall,Overall,0.154426810469737,0.015617436875085502,222,0.18494406926987084,0.04466050710979873,12,0.03051725880013384,119.76163252177918,19.761632521779177,FALSE,Low
location,Southern Metro,invert_phylum_shannon,M2 invertebrate Arthropoda Shannon diversity,period_split,Bloom 2026-01,by_status,Fished,0.16182845913480837,0.020408059804773747,136,0.2838217519169409,0.06912558058005845,12,0.12199329278213256,175.3843257448977,75.3843257448977,FALSE,Low
location,Southern Metro,invert_phylum_shannon,M2 invertebrate Arthropoda Shannon diversity,period_split,Bloom 2026-01,by_status,No-take,0.14272187769706599,0.024254873904101897,86,0.25461188616648994,0.07999800502405348,20,0.11189000846942396,178.39723683212455,78.39723683212455,FALSE,Low
location,Southern Metro,invert_phylum_shannon,M2 invertebrate Arthropoda Shannon diversity,period_split,Bloom 2026-01,overall,Overall,0.154426810469737,0.015617436875085502,222,0.26556558582290907,0.055621665235790256,32,0.11113877535317207,171.96857528502275,71.96857528502275,FALSE,Low
location,Southern Metro,invert_phylum_shannon,M2 invertebrate Echinodermata Shannon diversity,period,Bloom,by_status,Fished,0.8797712256625391,0.04159280279844724,136,0.08664339756999316,0.042632184762818465,20,-0.7931278280925459,9.848400929996734,-90.15159907000327,FALSE,High
location,Southern Metro,invert_phylum_shannon,M2 invertebrate Echinodermata Shannon diversity,period,Bloom,by_status,No-take,0.810039120602488,0.046029779419296715,86,0.13594483557211481,0.06579300619568967,24,-0.6740942850303732,16.782502488398617,-83.21749751160138,FALSE,High
location,Southern Metro,invert_phylum_shannon,M2 invertebrate Echinodermata Shannon diversity,period,Bloom,overall,Overall,0.8527578876663031,0.031117365374323004,222,0.11353509102569588,0.04052131512629373,44,-0.7392227966406072,13.313871694157095,-86.6861283058429,FALSE,High
location,Southern Metro,invert_phylum_shannon,M2 invertebrate Echinodermata Shannon diversity,period_split,Bloom 2025-11,by_status,Fished,0.8797712256625391,0.04159280279844724,136,0.04332169878499658,0.04332169878499657,8,-0.8364495268775425,4.924200464998367,-95.07579953500164,FALSE,High
location,Southern Metro,invert_phylum_shannon,M2 invertebrate Echinodermata Shannon diversity,period_split,Bloom 2025-11,by_status,No-take,0.810039120602488,0.046029779419296715,86,0,0,4,-0.810039120602488,0,-100,FALSE,High
location,Southern Metro,invert_phylum_shannon,M2 invertebrate Echinodermata Shannon diversity,period_split,Bloom 2025-11,overall,Overall,0.8527578876663031,0.031117365374323004,222,0.028881132523331052,0.028881132523331056,12,-0.8238767551429721,3.3867916018189526,-96.61320839818104,FALSE,High
location,Southern Metro,invert_phylum_shannon,M2 invertebrate Echinodermata Shannon diversity,period_split,Bloom 2026-01,by_status,Fished,0.8797712256625391,0.04159280279844724,136,0.11552453009332421,0.06516462348020924,12,-0.7642466955692149,13.131201239995644,-86.86879876000435,FALSE,High
location,Southern Metro,invert_phylum_shannon,M2 invertebrate Echinodermata Shannon diversity,period_split,Bloom 2026-01,by_status,No-take,0.810039120602488,0.046029779419296715,86,0.1631338026865378,0.07781125041685241,20,-0.6469053179159502,20.139002986078342,-79.86099701392166,FALSE,High
location,Southern Metro,invert_phylum_shannon,M2 invertebrate Echinodermata Shannon diversity,period_split,Bloom 2026-01,overall,Overall,0.8527578876663031,0.031117365374323004,222,0.1452803254640827,0.05386543119367673,32,-0.7074775622022205,17.036526728783898,-82.9634732712161,FALSE,High
location,Southern Metro,invert_phylum_shannon,M2 invertebrate Mollusca Shannon diversity,period,Bloom,by_status,Fished,0.6138178479655393,0.03471766054775798,136,0.2543643620897758,0.06346122647254511,20,-0.3594534858757635,41.439714230019625,-58.560285769980375,FALSE,High
location,Southern Metro,invert_phylum_shannon,M2 invertebrate Mollusca Shannon diversity,period,Bloom,by_status,No-take,0.6426688579164581,0.03703154923394217,86,0.4115756221358767,0.07254373397119433,24,-0.23109323578058144,64.04163155971348,-35.95836844028652,FALSE,Medium
location,Southern Metro,invert_phylum_shannon,M2 invertebrate Mollusca Shannon diversity,period,Bloom,overall,Overall,0.6249943653339133,0.025617767037680202,222,0.3401159584785581,0.04986746819082569,44,-0.2848784068553552,54.419043969595734,-45.580956030404266,FALSE,Medium
location,Southern Metro,invert_phylum_shannon,M2 invertebrate Mollusca Shannon diversity,period_split,Bloom 2025-11,by_status,Fished,0.6138178479655393,0.03471766054775798,136,0.36714934122075427,0.12460005585580677,8,-0.24666850674478502,59.814054354666894,-40.185945645333106,FALSE,Medium
location,Southern Metro,invert_phylum_shannon,M2 invertebrate Mollusca Shannon diversity,period_split,Bloom 2025-11,by_status,No-take,0.6426688579164581,0.03703154923394217,86,0.4454948226401149,0.1792792638390597,4,-0.1971740352763432,69.31949746007854,-30.680502539921463,FALSE,Medium
location,Southern Metro,invert_phylum_shannon,M2 invertebrate Mollusca Shannon diversity,period_split,Bloom 2025-11,overall,Overall,0.6249943653339133,0.025617767037680202,222,0.39326450169387445,0.09814454520062356,12,-0.23172986364003884,62.9228875501568,-37.0771124498432,FALSE,Medium
location,Southern Metro,invert_phylum_shannon,M2 invertebrate Mollusca Shannon diversity,period_split,Bloom 2026-01,by_status,Fished,0.6138178479655393,0.03471766054775798,136,0.17917437600245686,0.06101220699633539,12,-0.4346434719630824,29.190154146921447,-70.80984585307856,FALSE,High
location,Southern Metro,invert_phylum_shannon,M2 invertebrate Mollusca Shannon diversity,period_split,Bloom 2026-01,by_status,No-take,0.6426688579164581,0.03703154923394217,86,0.404791782035029,0.08133323932325184,20,-0.2378770758814291,62.986058379640475,-37.013941620359525,FALSE,Medium
location,Southern Metro,invert_phylum_shannon,M2 invertebrate Mollusca Shannon diversity,period_split,Bloom 2026-01,overall,Overall,0.6249943653339133,0.025617767037680202,222,0.32018525477281445,0.05843109324526348,32,-0.30480911056109883,51.23010262688534,-48.76989737311466,FALSE,Medium
location,Southern Metro,invert_phylum_simpson,M2 invertebrate Arthropoda Simpson diversity,period,Bloom,by_status,Fished,0.9215079850727518,0.04987472265417486,136,0.9869364169599464,0.11823279187833358,20,0.0654284318871946,107.10014812102027,7.100148121020268,FALSE,Low
location,Southern Metro,invert_phylum_simpson,M2 invertebrate Arthropoda Simpson diversity,period,Bloom,by_status,No-take,0.9096633206879486,0.05841162469911595,86,1.1910064044895026,0.16480075493136304,24,0.28134308380155393,130.92826515075745,30.928265150757454,FALSE,Low
location,Southern Metro,invert_phylum_simpson,M2 invertebrate Arthropoda Simpson diversity,period,Bloom,overall,Overall,0.9169195114822425,0.037939142668867686,222,1.0982473192487952,0.10474535993445257,44,0.18132780776655266,119.7757606306608,19.7757606306608,FALSE,Low
location,Southern Metro,invert_phylum_simpson,M2 invertebrate Arthropoda Simpson diversity,period_split,Bloom 2025-11,by_status,Fished,0.9215079850727518,0.04987472265417486,136,0.8725446623093682,0.14665525500872745,8,-0.048963322763383554,94.68660895439577,-5.313391045604234,FALSE,Low
location,Southern Metro,invert_phylum_simpson,M2 invertebrate Arthropoda Simpson diversity,period_split,Bloom 2025-11,by_status,No-take,0.9096633206879486,0.05841162469911595,86,1.3742908762420958,0.09039384031832418,4,0.46462755555414714,151.07687041869121,51.076870418691215,FALSE,Low
location,Southern Metro,invert_phylum_simpson,M2 invertebrate Arthropoda Simpson diversity,period_split,Bloom 2025-11,overall,Overall,0.9169195114822425,0.037939142668867686,222,1.039793400286944,0.12228316303445713,12,0.12287388880470151,113.40072790097686,13.400727900976861,FALSE,Low
location,Southern Metro,invert_phylum_simpson,M2 invertebrate Arthropoda Simpson diversity,period_split,Bloom 2026-01,by_status,Fished,0.9215079850727518,0.04987472265417486,136,1.0631975867269985,0.17261600434486615,12,0.1416896016542467,115.37584089876991,15.375840898769908,FALSE,Low
location,Southern Metro,invert_phylum_simpson,M2 invertebrate Arthropoda Simpson diversity,period_split,Bloom 2026-01,by_status,No-take,0.9096633206879486,0.05841162469911595,86,1.1543495101389838,0.1969011742975187,20,0.24468618945103515,126.8985440971707,26.8985440971707,FALSE,Low
location,Southern Metro,invert_phylum_simpson,M2 invertebrate Arthropoda Simpson diversity,period_split,Bloom 2026-01,overall,Overall,0.9169195114822425,0.037939142668867686,222,1.1201675388594894,0.1374011821958071,32,0.2032480273772469,122.1663979042923,22.166397904292296,FALSE,Low
location,Southern Metro,invert_phylum_simpson,M2 invertebrate Echinodermata Simpson diversity,period,Bloom,by_status,Fished,2.326476454849192,0.10156007560970004,136,0.45,0.1352385806055747,20,-1.8764764548491921,19.34255552262488,-80.65744447737512,FALSE,High
location,Southern Metro,invert_phylum_simpson,M2 invertebrate Echinodermata Simpson diversity,period,Bloom,by_status,No-take,2.2868229503176862,0.09841028313916055,86,0.5632446510597771,0.19279110967092447,24,-1.7235782992579092,24.630006926488598,-75.36999307351141,FALSE,High
location,Southern Metro,invert_phylum_simpson,M2 invertebrate Echinodermata Simpson diversity,period,Bloom,overall,Overall,2.311115187327978,0.07283214581473699,222,0.5117698096689693,0.12079472877409474,44,-1.7993453776590087,22.143846939133216,-77.85615306086679,FALSE,High
location,Southern Metro,invert_phylum_simpson,M2 invertebrate Echinodermata Simpson diversity,period_split,Bloom 2025-11,by_status,Fished,2.326476454849192,0.10156007560970004,136,0.3125,0.16194961738586655,8,-2.013976454849192,13.432330224045058,-86.56766977595494,FALSE,High
location,Southern Metro,invert_phylum_simpson,M2 invertebrate Echinodermata Simpson diversity,period_split,Bloom 2025-11,by_status,No-take,2.2868229503176862,0.09841028313916055,86,0,0,4,-2.2868229503176862,0,-100,FALSE,High
location,Southern Metro,invert_phylum_simpson,M2 invertebrate Echinodermata Simpson diversity,period_split,Bloom 2025-11,overall,Overall,2.311115187327978,0.07283214581473699,222,0.20833333333333334,0.11445412825559188,12,-2.1027818539946446,9.014407177783305,-90.98559282221669,FALSE,High
location,Southern Metro,invert_phylum_simpson,M2 invertebrate Echinodermata Simpson diversity,period_split,Bloom 2026-01,by_status,Fished,2.326476454849192,0.10156007560970004,136,0.5416666666666666,0.19903491902150988,12,-1.7848097881825256,23.2827057216781,-76.7172942783219,FALSE,High
location,Southern Metro,invert_phylum_simpson,M2 invertebrate Echinodermata Simpson diversity,period_split,Bloom 2026-01,by_status,No-take,2.2868229503176862,0.09841028313916055,86,0.6758935812717325,0.22357260465043957,20,-1.6109293690459539,29.556008311786318,-70.44399168821369,FALSE,High
location,Southern Metro,invert_phylum_simpson,M2 invertebrate Echinodermata Simpson diversity,period_split,Bloom 2026-01,overall,Overall,2.311115187327978,0.07283214581473699,222,0.6255584882948328,0.15670010260854628,32,-1.6855566990331452,27.06738684963943,-72.93261315036057,FALSE,High
location,Southern Metro,invert_phylum_simpson,M2 invertebrate Mollusca Simpson diversity,period,Bloom,by_status,Fished,1.7910154644309901,0.0708812578146737,136,1.1026346957846824,0.13892057152581777,20,-0.6883807686463077,61.564778064883555,-38.435221935116445,FALSE,Medium
location,Southern Metro,invert_phylum_simpson,M2 invertebrate Mollusca Simpson diversity,period,Bloom,by_status,No-take,1.715447954016701,0.07701271063381411,86,1.4740011566076474,0.1456633901282527,24,-0.2414467974090535,85.925145858042,-14.074854141958,FALSE,Low
location,Southern Metro,invert_phylum_simpson,M2 invertebrate Mollusca Simpson diversity,period,Bloom,overall,Overall,1.7617415640002294,0.052630374501446066,222,1.3051982198699361,0.10421947886335675,44,-0.4565433441302933,74.08568013269432,-25.91431986730568,FALSE,Medium
location,Southern Metro,invert_phylum_simpson,M2 invertebrate Mollusca Simpson diversity,period_split,Bloom 2025-11,by_status,Fished,1.7910154644309901,0.0708812578146737,136,1.1676470588235295,0.3317202276639512,8,-0.6233684056074607,65.19469440731456,-34.80530559268544,FALSE,Medium
location,Southern Metro,invert_phylum_simpson,M2 invertebrate Mollusca Simpson diversity,period_split,Bloom 2025-11,by_status,No-take,1.715447954016701,0.07701271063381411,86,1.6303245436105478,0.2669625055490819,4,-0.08512341040615312,95.03783194314711,-4.962168056852889,FALSE,Low
location,Southern Metro,invert_phylum_simpson,M2 invertebrate Mollusca Simpson diversity,period_split,Bloom 2025-11,overall,Overall,1.7617415640002294,0.052630374501446066,222,1.321872887085869,0.23976357716833102,12,-0.4398686769143605,75.03216783308501,-24.967832166914988,FALSE,Medium
location,Southern Metro,invert_phylum_simpson,M2 invertebrate Mollusca Simpson diversity,period_split,Bloom 2026-01,by_status,Fished,1.7910154644309901,0.0708812578146737,136,1.059293120425451,0.09191116758754747,12,-0.7317223440055391,59.14483383659621,-40.85516616340379,FALSE,Medium
location,Southern Metro,invert_phylum_simpson,M2 invertebrate Mollusca Simpson diversity,period_split,Bloom 2026-01,by_status,No-take,1.715447954016701,0.07701271063381411,86,1.4427364792070674,0.16811425516965237,20,-0.27271147480963354,84.10260864102096,-15.897391358979036,FALSE,Low
location,Southern Metro,invert_phylum_simpson,M2 invertebrate Mollusca Simpson diversity,period_split,Bloom 2026-01,overall,Overall,1.7617415640002294,0.052630374501446066,222,1.2989452196639613,0.114289180350075,32,-0.46279634433626815,73.7307472450478,-26.269252754952205,FALSE,Medium
location,Southern Metro,shannon_diversity,M1 fish Shannon diversity,period,Bloom,by_status,Fished,1.0227619403019963,0.04482629589688838,136,0.7800980688496338,0.10696070063582964,20,-0.24266387145236246,76.27367015820809,-23.72632984179191,FALSE,Medium
location,Southern Metro,shannon_diversity,M1 fish Shannon diversity,period,Bloom,by_status,No-take,1.071819989126792,0.05439561959449193,86,1.188548472429707,0.06855280402804201,24,0.11672848330291496,110.89067982376531,10.89067982376531,FALSE,Low
location,Southern Metro,shannon_diversity,M1 fish Shannon diversity,period,Bloom,overall,Overall,1.0417664096665569,0.034574570152697257,222,1.0028891980751284,0.06805017769391576,44,-0.03887721159142843,96.26814502457685,-3.731854975423147,FALSE,Low
location,Southern Metro,shannon_diversity,M1 fish Shannon diversity,period_split,Bloom 2025-11,by_status,Fished,1.0227619403019963,0.04482629589688838,136,0.6881373147190417,0.21380605596888502,8,-0.3346246255829546,67.28225676014614,-32.71774323985386,FALSE,Medium
location,Southern Metro,shannon_diversity,M1 fish Shannon diversity,period_split,Bloom 2025-11,by_status,No-take,1.071819989126792,0.05439561959449193,86,1.3634317214057283,0.08937808434383668,4,0.2916117322789362,127.20715560795905,27.207155607959052,FALSE,Low
location,Southern Metro,shannon_diversity,M1 fish Shannon diversity,period_split,Bloom 2025-11,overall,Overall,1.0417664096665569,0.034574570152697257,222,0.9132354502812706,0.1712664735407735,12,-0.12853095938528625,87.66220928294032,-12.337790717059676,FALSE,Low
location,Southern Metro,shannon_diversity,M1 fish Shannon diversity,period_split,Bloom 2026-01,by_status,Fished,1.0227619403019963,0.04482629589688838,136,0.8414052382700287,0.11263840093011523,12,-0.18135670203196763,82.26794575691608,-17.732054243083923,FALSE,Low
location,Southern Metro,shannon_diversity,M1 fish Shannon diversity,period_split,Bloom 2026-01,by_status,No-take,1.071819989126792,0.05439561959449193,86,1.1535718226345029,0.0786640351799294,20,0.08175183350771076,107.62738466692655,7.627384666926545,FALSE,Low
location,Southern Metro,shannon_diversity,M1 fish Shannon diversity,period_split,Bloom 2026-01,overall,Overall,1.0417664096665569,0.034574570152697257,222,1.036509353497825,0.06924891858007355,32,-0.005257056168731955,99.49537092769054,-0.5046290723094558,FALSE,Low
location,Southern Metro,shannon_diversity,M2 fish Shannon diversity,period,Bloom,by_status,Fished,0.29537917823217424,0.030858903300207487,134,0.15763533583416778,0.061206207864962836,20,-0.13774384239800647,53.36711164869688,-46.63288835130312,FALSE,Medium
location,Southern Metro,shannon_diversity,M2 fish Shannon diversity,period,Bloom,by_status,No-take,0.5019619648739189,0.03890986516661301,86,0.057762265046662105,0.02693179494543192,24,-0.44419969982725677,11.507299175779313,-88.49270082422069,FALSE,High
location,Southern Metro,shannon_diversity,M2 fish Shannon diversity,period,Bloom,overall,Overall,0.37613426755576534,0.025066965632458076,220,0.10315911540461922,0.03196148923804831,44,-0.2729751521511461,27.426141222116897,-72.5738587778831,FALSE,High
location,Southern Metro,shannon_diversity,M2 fish Shannon diversity,period_split,Bloom 2025-11,by_status,Fished,0.29537917823217424,0.030858903300207487,134,0,0,8,-0.29537917823217424,0,-100,FALSE,High
location,Southern Metro,shannon_diversity,M2 fish Shannon diversity,period_split,Bloom 2025-11,by_status,No-take,0.5019619648739189,0.03890986516661301,86,0,0,4,-0.5019619648739189,0,-100,FALSE,High
location,Southern Metro,shannon_diversity,M2 fish Shannon diversity,period_split,Bloom 2025-11,overall,Overall,0.37613426755576534,0.025066965632458076,220,0,0,12,-0.37613426755576534,0,-100,FALSE,High
location,Southern Metro,shannon_diversity,M2 fish Shannon diversity,period_split,Bloom 2026-01,by_status,Fished,0.29537917823217424,0.030858903300207487,134,0.26272555972361294,0.09096441612576696,12,-0.0326536185085613,88.94518608116147,-11.054813918838533,FALSE,Low
location,Southern Metro,shannon_diversity,M2 fish Shannon diversity,period_split,Bloom 2026-01,by_status,No-take,0.5019619648739189,0.03890986516661301,86,0.06931471805599453,0.03180377382169413,20,-0.4326472468179243,13.808759010935173,-86.19124098906482,FALSE,High
location,Southern Metro,shannon_diversity,M2 fish Shannon diversity,period_split,Bloom 2026-01,overall,Overall,0.37613426755576534,0.025066965632458076,220,0.14184378368135142,0.04208715352424652,32,-0.23429048387441392,37.710944180410735,-62.289055819589265,FALSE,High
location,Southern Metro,shannon_diversity,M2 invertebrate Shannon diversity,period,Bloom,by_status,Fished,1.4131643600789097,0.037822845681224286,136,0.7790830437267804,0.09265169332475764,20,-0.6340813163521293,55.13039146297726,-44.86960853702274,FALSE,Medium
location,Southern Metro,shannon_diversity,M2 invertebrate Shannon diversity,period,Bloom,by_status,No-take,1.2807548742979864,0.039275072778072684,86,0.9907779795733545,0.10593167894682147,24,-0.28997689472463195,77.3589075830318,-22.641092416968206,FALSE,Medium
location,Southern Metro,shannon_diversity,M2 invertebrate Shannon diversity,period,Bloom,overall,Overall,1.3618705953169303,0.028000072968718797,222,0.8945530087340026,0.07250142265582053,44,-0.46731758658292777,65.68561005796772,-34.31438994203228,FALSE,Medium
location,Southern Metro,shannon_diversity,M2 invertebrate Shannon diversity,period_split,Bloom 2025-11,by_status,Fished,1.4131643600789097,0.037822845681224286,136,0.6582973455343626,0.1875657594765506,8,-0.7548670145445471,46.583211700697284,-53.416788299302716,FALSE,High
location,Southern Metro,shannon_diversity,M2 invertebrate Shannon diversity,period_split,Bloom 2025-11,by_status,No-take,1.2807548742979864,0.039275072778072684,86,0.9242546853307472,0.0867296716367023,4,-0.35650018896723923,72.16483839949109,-27.83516160050891,FALSE,Medium
location,Southern Metro,shannon_diversity,M2 invertebrate Shannon diversity,period_split,Bloom 2025-11,overall,Overall,1.3618705953169303,0.028000072968718797,222,0.7469497921331574,0.13052974157158265,12,-0.614920803183773,54.847339732695346,-45.152660267304654,FALSE,Medium
location,Southern Metro,shannon_diversity,M2 invertebrate Shannon diversity,period_split,Bloom 2026-01,by_status,Fished,1.4131643600789097,0.037822845681224286,136,0.8596068425217255,0.09117890042504848,12,-0.5535575175571842,60.828511304497226,-39.171488695502774,FALSE,Medium
location,Southern Metro,shannon_diversity,M2 invertebrate Shannon diversity,period_split,Bloom 2026-01,by_status,No-take,1.2807548742979864,0.039275072778072684,86,1.004082638421876,0.12651995129460858,20,-0.27667223587611045,78.39772141973995,-21.602278580260048,FALSE,Medium
location,Southern Metro,shannon_diversity,M2 invertebrate Shannon diversity,period_split,Bloom 2026-01,overall,Overall,1.3618705953169303,0.028000072968718797,222,0.9499042149593195,0.08599932491207962,32,-0.4119663803576108,69.74996142994488,-30.250038570055125,FALSE,Medium
location,Southern Metro,simpson_diversity,M1 fish Simpson diversity,period,Bloom,by_status,Fished,2.662098279613068,0.11920967105268132,136,2.2565853630647066,0.24557002648519466,20,-0.4055129165483615,84.76716957995623,-15.232830420043769,FALSE,Low
location,Southern Metro,simpson_diversity,M1 fish Simpson diversity,period,Bloom,by_status,No-take,2.3791192285804454,0.13716556763526272,86,2.8851060512656805,0.25281714175272574,24,0.5059868226852351,121.26782115863708,21.267821158637076,FALSE,Low
location,Southern Metro,simpson_diversity,M1 fish Simpson diversity,period,Bloom,overall,Overall,2.5524757643481784,0.0905939768421167,222,2.5994148293561468,0.18176254548007245,44,0.046939065007968406,101.8389622210558,1.8389622210557945,FALSE,Low
location,Southern Metro,simpson_diversity,M1 fish Simpson diversity,period_split,Bloom 2025-11,by_status,Fished,2.662098279613068,0.11920967105268132,136,2.0639246654508283,0.5054196931693499,8,-0.5981736141622398,77.52999508909252,-22.470004910907477,FALSE,Medium
location,Southern Metro,simpson_diversity,M1 fish Simpson diversity,period_split,Bloom 2025-11,by_status,No-take,2.3791192285804454,0.13716556763526272,86,3.204756214826797,0.38857910666269924,4,0.8256369862463515,134.7034724585445,34.703472458544496,FALSE,Low
location,Southern Metro,simpson_diversity,M1 fish Simpson diversity,period_split,Bloom 2025-11,overall,Overall,2.5524757643481784,0.0905939768421167,222,2.444201848576151,0.3852166847863257,12,-0.10827391577202716,95.75808251406936,-4.241917485930642,FALSE,Low
location,Southern Metro,simpson_diversity,M1 fish Simpson diversity,period_split,Bloom 2026-01,by_status,Fished,2.662098279613068,0.11920967105268132,136,2.3850258281406256,0.2479568954371719,12,-0.2770724514724425,89.59195257386537,-10.40804742613463,FALSE,Low
location,Southern Metro,simpson_diversity,M1 fish Simpson diversity,period_split,Bloom 2026-01,by_status,No-take,2.3791192285804454,0.13716556763526272,86,2.8211760185534573,0.2945984841093049,20,0.4420567899730119,118.58069089865559,18.58069089865559,FALSE,Low
location,Southern Metro,simpson_diversity,M1 fish Simpson diversity,period_split,Bloom 2026-01,overall,Overall,2.5524757643481784,0.0905939768421167,222,2.6576196971486454,0.20703832705020997,32,0.10514393280046708,104.11929211117574,4.119292111175739,FALSE,Low
location,Southern Metro,simpson_diversity,M2 fish Simpson diversity,period,Bloom,by_status,Fished,1.241267112997717,0.06416675193676318,134,0.6873951048951049,0.15861958128208548,20,-0.5538720081026122,55.37849973604909,-44.62150026395091,FALSE,Medium
location,Southern Metro,simpson_diversity,M2 fish Simpson diversity,period,Bloom,by_status,No-take,1.595075175735934,0.07287802468650756,86,0.3541666666666667,0.08763791753215033,24,-1.2409085090692673,22.203760177213066,-77.79623982278693,FALSE,High
location,Southern Metro,simpson_diversity,M2 fish Simpson diversity,period,Bloom,overall,Overall,1.37957390115902,0.049648387543647254,220,0.505634138588684,0.08907501823004665,44,-0.873939762570336,36.651471745289335,-63.348528254710665,FALSE,High
location,Southern Metro,simpson_diversity,M2 fish Simpson diversity,period_split,Bloom 2025-11,by_status,Fished,1.241267112997717,0.06416675193676318,134,0.25,0.0944911182523068,8,-0.9912671129977171,20.140709230283118,-79.85929076971688,FALSE,High
location,Southern Metro,simpson_diversity,M2 fish Simpson diversity,period_split,Bloom 2025-11,by_status,No-take,1.595075175735934,0.07287802468650756,86,0,0,4,-1.595075175735934,0,-100,FALSE,High
location,Southern Metro,simpson_diversity,M2 fish Simpson diversity,period_split,Bloom 2025-11,overall,Overall,1.37957390115902,0.049648387543647254,220,0.16666666666666666,0.07106690545187015,12,-1.2129072344923533,12.081024911144315,-87.91897508885569,FALSE,High
location,Southern Metro,simpson_diversity,M2 fish Simpson diversity,period_split,Bloom 2026-01,by_status,Fished,1.241267112997717,0.06416675193676318,134,0.9789918414918415,0.2220770663958042,12,-0.2622752715058756,78.8703600732264,-21.129639926773606,FALSE,Medium
location,Southern Metro,simpson_diversity,M2 fish Simpson diversity,period_split,Bloom 2026-01,by_status,No-take,1.595075175735934,0.07287802468650756,86,0.425,0.0978384812895858,20,-1.170075175735934,26.64451221265568,-73.35548778734432,FALSE,High
location,Southern Metro,simpson_diversity,M2 fish Simpson diversity,period_split,Bloom 2026-01,overall,Overall,1.37957390115902,0.049648387543647254,220,0.6327469405594406,0.11202546736032108,32,-0.7468269605995794,45.86538930809372,-54.13461069190628,FALSE,High
location,Southern Metro,simpson_diversity,M2 invertebrate Simpson diversity,period,Bloom,by_status,Fished,3.6552971754166936,0.15192180735334512,136,2.129423698800347,0.22580007728643858,20,-1.5258734766163466,58.25582973448934,-41.74417026551066,FALSE,Medium
location,Southern Metro,simpson_diversity,M2 invertebrate Simpson diversity,period,Bloom,by_status,No-take,3.187547018988687,0.1261985290528256,86,2.9049906701238415,0.365592043802526,24,-0.2825563488648455,91.13561785342725,-8.864382146572751,FALSE,Low
location,Southern Metro,simpson_diversity,M2 invertebrate Simpson diversity,period,Bloom,overall,Overall,3.4740966643680062,0.10604219352818096,222,2.552460228613162,0.22957284436084224,44,-0.9216364357548441,73.47119194443876,-26.528808055561242,FALSE,Medium
location,Southern Metro,simpson_diversity,M2 invertebrate Simpson diversity,period_split,Bloom 2025-11,by_status,Fished,3.6552971754166936,0.15192180735334512,136,1.7922188985536072,0.4525587445015937,8,-1.8630782768630865,49.03073026748637,-50.96926973251363,FALSE,High
location,Southern Metro,simpson_diversity,M2 invertebrate Simpson diversity,period_split,Bloom 2025-11,by_status,No-take,3.187547018988687,0.1261985290528256,86,2.193085175254173,0.13035591780842087,4,-0.9944618437345141,68.80165726778748,-31.198342732212524,FALSE,Medium
location,Southern Metro,simpson_diversity,M2 invertebrate Simpson diversity,period_split,Bloom 2025-11,overall,Overall,3.4740966643680062,0.10604219352818096,222,1.925840990787129,0.3027870047583821,12,-1.5482556735808772,55.43429492159713,-44.56570507840287,FALSE,Medium
location,Southern Metro,simpson_diversity,M2 invertebrate Simpson diversity,period_split,Bloom 2026-01,by_status,Fished,3.6552971754166936,0.15192180735334512,136,2.3542268989648405,0.22000576325535498,12,-1.3010702764518531,64.40589604582465,-35.59410395417535,FALSE,Medium
location,Southern Metro,simpson_diversity,M2 invertebrate Simpson diversity,period_split,Bloom 2026-01,by_status,No-take,3.187547018988687,0.1261985290528256,86,3.0473717690977753,0.43268551296806945,20,-0.14017524989091168,95.60240997055519,-4.397590029444814,FALSE,Low
location,Southern Metro,simpson_diversity,M2 invertebrate Simpson diversity,period_split,Bloom 2026-01,overall,Overall,3.4740966643680062,0.10604219352818096,222,2.7874424427979245,0.2859880906805545,32,-0.6866542215700817,80.23502832800436,-19.76497167199564,FALSE,Low
location,Southern Metro,species_richness,M1 fish species richness,period,Bloom,by_status,Fished,5.779411764705882,0.32189376596234903,136,3.025,0.3635986074896616,20,-2.7544117647058823,52.340966921119595,-47.659033078880405,FALSE,Medium
location,Southern Metro,species_richness,M1 fish species richness,period,Bloom,by_status,No-take,12.104651162790697,0.40373735207133915,86,6.979166666666667,0.5722121821500886,24,-5.12548449612403,57.656900416266424,-42.343099583733576,FALSE,Medium
location,Southern Metro,species_richness,M1 fish species richness,period,Bloom,overall,Overall,8.22972972972973,0.32561434094564773,222,5.181818181818182,0.46068788450183173,44,-3.047911547911548,62.96462158531124,-37.03537841468876,FALSE,Medium
location,Southern Metro,species_richness,M1 fish species richness,period_split,Bloom 2025-11,by_status,Fished,5.779411764705882,0.32189376596234903,136,2.6875,0.7845466161147742,8,-3.0919117647058822,46.50127226463104,-53.49872773536896,FALSE,High
location,Southern Metro,species_richness,M1 fish species richness,period_split,Bloom 2025-11,by_status,No-take,12.104651162790697,0.40373735207133915,86,5.625,0.125,4,-6.479651162790697,46.46974063400577,-53.53025936599423,FALSE,High
location,Southern Metro,species_richness,M1 fish species richness,period_split,Bloom 2025-11,overall,Overall,8.22972972972973,0.32561434094564773,222,3.6666666666666665,0.6609604276117345,12,-4.563063063063064,44.55391351943076,-55.44608648056924,FALSE,High
location,Southern Metro,species_richness,M1 fish species richness,period_split,Bloom 2026-01,by_status,Fished,5.779411764705882,0.32189376596234903,136,3.25,0.32856437033638547,12,-2.5294117647058822,56.234096692111954,-43.765903307888046,FALSE,Medium
location,Southern Metro,species_richness,M1 fish species richness,period_split,Bloom 2026-01,by_status,No-take,12.104651162790697,0.40373735207133915,86,7.25,0.6722898810859244,20,-4.854651162790697,59.89433237271854,-40.10566762728146,FALSE,Medium
location,Southern Metro,species_richness,M1 fish species richness,period_split,Bloom 2026-01,overall,Overall,8.22972972972973,0.32561434094564773,222,5.75,0.5553987233830159,32,-2.47972972972973,69.86863711001642,-30.131362889983578,FALSE,Medium
location,Southern Metro,species_richness,M2 fish species richness,period,Bloom,by_status,Fished,1.4776119402985075,0.08522048737186953,134,0.725,0.17575027139306737,20,-0.7526119402985075,49.06565656565656,-50.93434343434344,FALSE,High
location,Southern Metro,species_richness,M2 fish species richness,period,Bloom,by_status,No-take,2.104651162790698,0.11130253538144147,86,0.3541666666666667,0.08763791753215033,24,-1.7504844961240311,16.82780847145488,-83.17219152854511,FALSE,High
location,Southern Metro,species_richness,M2 fish species richness,period,Bloom,overall,Overall,1.7227272727272727,0.07066463274078093,220,0.5227272727272727,0.09611170146333887,44,-1.2,30.343007915567284,-69.65699208443272,FALSE,High
location,Southern Metro,species_richness,M2 fish species richness,period_split,Bloom 2025-11,by_status,Fished,1.4776119402985075,0.08522048737186953,134,0.25,0.0944911182523068,8,-1.2276119402985075,16.91919191919192,-83.08080808080808,FALSE,High
location,Southern Metro,species_richness,M2 fish species richness,period_split,Bloom 2025-11,by_status,No-take,2.104651162790698,0.11130253538144147,86,0,0,4,-2.104651162790698,0,-100,FALSE,High
location,Southern Metro,species_richness,M2 fish species richness,period_split,Bloom 2025-11,overall,Overall,1.7227272727272727,0.07066463274078093,220,0.16666666666666666,0.07106690545187015,12,-1.556060606060606,9.674582233948989,-90.325417766051,FALSE,High
location,Southern Metro,species_richness,M2 fish species richness,period_split,Bloom 2026-01,by_status,Fished,1.4776119402985075,0.08522048737186953,134,1.0416666666666667,0.2496841439041969,12,-0.43594527363184077,70.496632996633,-29.503367003367003,FALSE,Medium
location,Southern Metro,species_richness,M2 fish species richness,period_split,Bloom 2026-01,by_status,No-take,2.104651162790698,0.11130253538144147,86,0.425,0.0978384812895858,20,-1.6796511627906978,20.193370165745854,-79.80662983425415,FALSE,High
location,Southern Metro,species_richness,M2 fish species richness,period_split,Bloom 2026-01,overall,Overall,1.7227272727272727,0.07066463274078093,220,0.65625,0.12180907025658719,32,-1.0664772727272727,38.093667546174146,-61.906332453825854,FALSE,High
location,Southern Metro,species_richness,M2 invertebrate species richness,period,Bloom,by_status,Fished,8.647058823529411,0.24924273365412225,136,2.85,0.30800717694987495,20,-5.797058823529412,32.95918367346939,-67.0408163265306,FALSE,High
location,Southern Metro,species_richness,M2 invertebrate species richness,period,Bloom,by_status,No-take,7.680232558139535,0.3154603600483123,86,3.5416666666666665,0.4276628711975898,24,-4.138565891472869,46.11405500883169,-53.88594499116831,FALSE,High
location,Southern Metro,species_richness,M2 invertebrate species richness,period,Bloom,overall,Overall,8.272522522522523,0.1976824669487157,222,3.227272727272727,0.2741769084525166,44,-5.045249795249797,39.01195455782986,-60.98804544217014,FALSE,High
location,Southern Metro,species_richness,M2 invertebrate species richness,period_split,Bloom 2025-11,by_status,Fished,8.647058823529411,0.24924273365412225,136,2.5625,0.6298915723020453,8,-6.084558823529411,29.6343537414966,-70.3656462585034,FALSE,High
location,Southern Metro,species_richness,M2 invertebrate species richness,period_split,Bloom 2025-11,by_status,No-take,7.680232558139535,0.3154603600483123,86,3.375,0.3145764348029479,4,-4.305232558139535,43.94398183194549,-56.05601816805451,FALSE,High
location,Southern Metro,species_richness,M2 invertebrate species richness,period_split,Bloom 2025-11,overall,Overall,8.272522522522523,0.1976824669487157,222,2.8333333333333335,0.43664237730271405,12,-5.4391891891891895,34.24993193574735,-65.75006806425264,FALSE,High
location,Southern Metro,species_richness,M2 invertebrate species richness,period_split,Bloom 2026-01,by_status,Fished,8.647058823529411,0.24924273365412225,136,3.0416666666666665,0.3105367624099936,12,-5.605392156862745,35.17573696145125,-64.82426303854875,FALSE,High
location,Southern Metro,species_richness,M2 invertebrate species richness,period_split,Bloom 2026-01,by_status,No-take,7.680232558139535,0.3154603600483123,86,3.575,0.5120585390054744,20,-4.105232558139535,46.54806964420894,-53.45193035579106,FALSE,High
location,Southern Metro,species_richness,M2 invertebrate species richness,period_split,Bloom 2026-01,overall,Overall,8.272522522522523,0.1976824669487157,222,3.375,0.3397401758649898,32,-4.897522522522523,40.797713041110804,-59.2022869588892,FALSE,High
location,Southern Metro,total_abundance,M1 fish total abundance,period,Bloom,by_status,Fished,54.86764705882353,9.690260584661361,136,7.45,1.2241538431009997,20,-47.417647058823526,13.578129187885285,-86.42187081211472,FALSE,High
location,Southern Metro,total_abundance,M1 fish total abundance,period,Bloom,by_status,No-take,278.45348837209303,28.92774813275207,86,78.33333333333333,16.696910964270977,24,-200.12015503875972,28.131568324494367,-71.86843167550563,FALSE,High
location,Southern Metro,total_abundance,M1 fish total abundance,period,Bloom,overall,Overall,141.481981981982,14.611739232602396,222,46.11363636363637,10.517073901789349,44,-95.36834561834561,32.59329259997858,-67.40670740002142,FALSE,High
location,Southern Metro,total_abundance,M1 fish total abundance,period_split,Bloom 2025-11,by_status,Fished,54.86764705882353,9.690260584661361,136,5.5625,2.1700837294577235,8,-49.30514705882353,10.13803269900831,-89.8619673009917,FALSE,High
location,Southern Metro,total_abundance,M1 fish total abundance,period_split,Bloom 2025-11,by_status,No-take,278.45348837209303,28.92774813275207,86,17.75,1.8427786989579984,4,-260.70348837209303,6.3744936735290425,-93.62550632647095,FALSE,High
location,Southern Metro,total_abundance,M1 fish total abundance,period_split,Bloom 2025-11,overall,Overall,141.481981981982,14.611739232602396,222,9.625,2.3037559911298477,12,-131.856981981982,6.8029864051704925,-93.19701359482951,FALSE,High
location,Southern Metro,total_abundance,M1 fish total abundance,period_split,Bloom 2026-01,by_status,Fished,54.86764705882353,9.690260584661361,136,8.708333333333334,1.3986713572732394,12,-46.15931372549019,15.871526847136606,-84.12847315286339,FALSE,High
location,Southern Metro,total_abundance,M1 fish total abundance,period_split,Bloom 2026-01,by_status,No-take,278.45348837209303,28.92774813275207,86,90.45,18.934231739865954,20,-188.00348837209305,32.48298325468744,-67.51701674531256,FALSE,High
location,Southern Metro,total_abundance,M1 fish total abundance,period_split,Bloom 2026-01,overall,Overall,141.481981981982,14.611739232602396,222,59.796875,13.715239408179848,32,-81.68510698198199,42.264657423031615,-57.735342576968385,FALSE,High
location,Southern Metro,total_abundance,M2 fish total abundance,period,Bloom,by_status,Fished,7.108208955223881,1.2271747468863792,134,1.35,0.41374413654614584,20,-5.75820895522388,18.99212598425197,-81.00787401574803,FALSE,High
location,Southern Metro,total_abundance,M2 fish total abundance,period,Bloom,by_status,No-take,11.430232558139535,1.2041356797893823,86,0.4375,0.12522624452901468,24,-10.992732558139535,3.827568667344863,-96.17243133265514,FALSE,High
location,Southern Metro,total_abundance,M2 fish total abundance,period,Bloom,overall,Overall,8.797727272727272,0.8929495164973174,220,0.8522727272727273,0.20918367047976588,44,-7.945454545454544,9.687419271506071,-90.31258072849393,FALSE,High
location,Southern Metro,total_abundance,M2 fish total abundance,period_split,Bloom 2025-11,by_status,Fished,7.108208955223881,1.2271747468863792,134,0.375,0.15669579263200217,8,-6.733208955223881,5.275590551181102,-94.7244094488189,FALSE,High
location,Southern Metro,total_abundance,M2 fish total abundance,period_split,Bloom 2025-11,by_status,No-take,11.430232558139535,1.2041356797893823,86,0,0,4,-11.430232558139535,0,-100,FALSE,High
location,Southern Metro,total_abundance,M2 fish total abundance,period_split,Bloom 2025-11,overall,Overall,8.797727272727272,0.8929495164973174,220,0.25,0.11514154661795957,12,-8.547727272727272,2.8416429863084476,-97.15835701369156,FALSE,High
location,Southern Metro,total_abundance,M2 fish total abundance,period_split,Bloom 2026-01,by_status,Fished,7.108208955223881,1.2271747468863792,134,2,0.621581560508061,12,-5.108208955223881,28.136482939632547,-71.86351706036746,FALSE,High
location,Southern Metro,total_abundance,M2 fish total abundance,period_split,Bloom 2026-01,by_status,No-take,11.430232558139535,1.2041356797893823,86,0.525,0.14269492669770414,20,-10.905232558139534,4.593082400813835,-95.40691759918616,FALSE,High
location,Southern Metro,total_abundance,M2 fish total abundance,period_split,Bloom 2026-01,overall,Overall,8.797727272727272,0.8929495164973174,220,1.078125,0.27506356944877886,32,-7.719602272727272,12.25458537845518,-87.74541462154482,FALSE,High
location,Southern Metro,total_abundance,M2 invertebrate total abundance,period,Bloom,by_status,Fished,88.5220588235294,10.424886779695656,136,6.725,1.204965057366264,20,-81.79705882352941,7.596976493064209,-92.4030235069358,FALSE,High
location,Southern Metro,total_abundance,M2 invertebrate total abundance,period,Bloom,by_status,No-take,84.73255813953489,9.527958347149095,86,8.229166666666666,1.2445457696305566,24,-76.50339147286822,9.711929920863637,-90.28807007913636,FALSE,High
location,Southern Metro,total_abundance,M2 invertebrate total abundance,period,Bloom,overall,Overall,87.05405405405405,7.362819948435048,222,7.545454545454546,0.8698038377273996,44,-79.5085995085995,8.667551014648192,-91.3324489853518,FALSE,High
location,Southern Metro,total_abundance,M2 invertebrate total abundance,period_split,Bloom 2025-11,by_status,Fished,88.5220588235294,10.424886779695656,136,6.9375,2.461194360177885,8,-81.5845588235294,7.837029653625717,-92.16297034637428,FALSE,High
location,Southern Metro,total_abundance,M2 invertebrate total abundance,period_split,Bloom 2025-11,by_status,No-take,84.73255813953489,9.527958347149095,86,10.375,2.357390859969273,4,-74.35755813953489,12.24440784959517,-87.75559215040482,FALSE,High
location,Southern Metro,total_abundance,M2 invertebrate total abundance,period_split,Bloom 2025-11,overall,Overall,87.05405405405405,7.362819948435048,222,8.083333333333334,1.8203743093832727,12,-78.97072072072072,9.285418607057851,-90.71458139294215,FALSE,High
location,Southern Metro,total_abundance,M2 invertebrate total abundance,period_split,Bloom 2026-01,by_status,Fished,88.5220588235294,10.424886779695656,136,6.583333333333333,1.2670553630087729,12,-81.93872549019608,7.4369410526898685,-92.56305894731013,FALSE,High
location,Southern Metro,total_abundance,M2 invertebrate total abundance,period_split,Bloom 2026-01,by_status,No-take,84.73255813953489,9.527958347149095,86,7.8,1.4199703480966368,20,-76.93255813953489,9.205434335117332,-90.79456566488267,FALSE,High
location,Southern Metro,total_abundance,M2 invertebrate total abundance,period_split,Bloom 2026-01,overall,Overall,87.05405405405405,7.362819948435048,222,7.34375,0.9985971763251267,32,-79.71030405405405,8.435850667494567,-91.56414933250544,FALSE,High
location,Southern Yorke,b20,M1 fish B20 biomass,period,Bloom,by_status,Fished,4.958237468987498,1.468062169078926,12,6.453863277434402,2.249537510542254,14,1.4956258084469036,130.16446505036637,30.164465050366374,FALSE,Low
location,Southern Yorke,b20,M1 fish B20 biomass,period,Bloom,overall,Overall,4.958237468987498,1.468062169078926,12,6.453863277434402,2.249537510542254,14,1.4956258084469036,130.16446505036637,30.164465050366374,FALSE,Low
location,Southern Yorke,b20,M1 fish B20 biomass,period_split,Bloom 2025-06,by_status,Fished,4.958237468987498,1.468062169078926,12,0.18267811173840348,0.028622599887182586,2,-4.775559357249095,3.68433567131482,-96.31566432868517,FALSE,High
location,Southern Yorke,b20,M1 fish B20 biomass,period_split,Bloom 2025-06,overall,Overall,4.958237468987498,1.468062169078926,12,0.18267811173840348,0.028622599887182586,2,-4.775559357249095,3.68433567131482,-96.31566432868517,FALSE,High
location,Southern Yorke,b20,M1 fish B20 biomass,period_split,Bloom 2026-04,by_status,Fished,4.958237468987498,1.468062169078926,12,7.4990608050504015,2.5064006553088594,12,2.5408233360629033,151.24448661354162,51.244486613541625,FALSE,Low
location,Southern Yorke,b20,M1 fish B20 biomass,period_split,Bloom 2026-04,overall,Overall,4.958237468987498,1.468062169078926,12,7.4990608050504015,2.5064006553088594,12,2.5408233360629033,151.24448661354162,51.244486613541625,FALSE,Low
location,Southern Yorke,b20,M2 fish B20 biomass,period,Bloom,by_status,Fished,0,0,19,0.06904654615149244,0.046323669532319096,15,0.06904654615149244,NA,NA,TRUE,Undefined - pre-bloom zero
location,Southern Yorke,b20,M2 fish B20 biomass,period,Bloom,overall,Overall,0,0,19,0.06904654615149244,0.046323669532319096,15,0.06904654615149244,NA,NA,TRUE,Undefined - pre-bloom zero
location,Southern Yorke,b20,M2 fish B20 biomass,period_split,Bloom 2025-06,by_status,Fished,0,0,19,0,0,3,0,NA,NA,TRUE,Undefined - pre-bloom zero
location,Southern Yorke,b20,M2 fish B20 biomass,period_split,Bloom 2025-06,overall,Overall,0,0,19,0,0,3,0,NA,NA,TRUE,Undefined - pre-bloom zero
location,Southern Yorke,b20,M2 fish B20 biomass,period_split,Bloom 2026-04,by_status,Fished,0,0,19,0.08630818268936556,0.057257886159195436,12,0.08630818268936556,NA,NA,TRUE,Undefined - pre-bloom zero
location,Southern Yorke,b20,M2 fish B20 biomass,period_split,Bloom 2026-04,overall,Overall,0,0,19,0.08630818268936556,0.057257886159195436,12,0.08630818268936556,NA,NA,TRUE,Undefined - pre-bloom zero
location,Southern Yorke,invert_phylum_abundance,M2 invertebrate Arthropoda abundance,period,Bloom,by_status,Fished,1.85,0.41848725063897513,20,4.266666666666667,0.7102425250887505,15,2.4166666666666665,230.63063063063063,130.63063063063063,FALSE,Low
location,Southern Yorke,invert_phylum_abundance,M2 invertebrate Arthropoda abundance,period,Bloom,overall,Overall,1.85,0.41848725063897513,20,4.266666666666667,0.7102425250887505,15,2.4166666666666665,230.63063063063063,130.63063063063063,FALSE,Low
location,Southern Yorke,invert_phylum_abundance,M2 invertebrate Arthropoda abundance,period_split,Bloom 2025-06,by_status,Fished,1.85,0.41848725063897513,20,1.1666666666666667,0.6009252125773316,3,-0.6833333333333333,63.06306306306306,-36.93693693693694,FALSE,Medium
location,Southern Yorke,invert_phylum_abundance,M2 invertebrate Arthropoda abundance,period_split,Bloom 2025-06,overall,Overall,1.85,0.41848725063897513,20,1.1666666666666667,0.6009252125773316,3,-0.6833333333333333,63.06306306306306,-36.93693693693694,FALSE,Medium
location,Southern Yorke,invert_phylum_abundance,M2 invertebrate Arthropoda abundance,period_split,Bloom 2026-04,by_status,Fished,1.85,0.41848725063897513,20,5.041666666666667,0.7163098124936915,12,3.191666666666667,272.52252252252254,172.52252252252254,FALSE,Low
location,Southern Yorke,invert_phylum_abundance,M2 invertebrate Arthropoda abundance,period_split,Bloom 2026-04,overall,Overall,1.85,0.41848725063897513,20,5.041666666666667,0.7163098124936915,12,3.191666666666667,272.52252252252254,172.52252252252254,FALSE,Low
location,Southern Yorke,invert_phylum_abundance,M2 invertebrate Chordata abundance,period,Bloom,by_status,Fished,0,0,20,0,0,15,0,NA,NA,TRUE,Undefined - pre-bloom zero
location,Southern Yorke,invert_phylum_abundance,M2 invertebrate Chordata abundance,period,Bloom,overall,Overall,0,0,20,0,0,15,0,NA,NA,TRUE,Undefined - pre-bloom zero
location,Southern Yorke,invert_phylum_abundance,M2 invertebrate Chordata abundance,period_split,Bloom 2025-06,by_status,Fished,0,0,20,0,0,3,0,NA,NA,TRUE,Undefined - pre-bloom zero
location,Southern Yorke,invert_phylum_abundance,M2 invertebrate Chordata abundance,period_split,Bloom 2025-06,overall,Overall,0,0,20,0,0,3,0,NA,NA,TRUE,Undefined - pre-bloom zero
location,Southern Yorke,invert_phylum_abundance,M2 invertebrate Chordata abundance,period_split,Bloom 2026-04,by_status,Fished,0,0,20,0,0,12,0,NA,NA,TRUE,Undefined - pre-bloom zero
location,Southern Yorke,invert_phylum_abundance,M2 invertebrate Chordata abundance,period_split,Bloom 2026-04,overall,Overall,0,0,20,0,0,12,0,NA,NA,TRUE,Undefined - pre-bloom zero
location,Southern Yorke,invert_phylum_abundance,M2 invertebrate Cnidaria abundance,period,Bloom,by_status,Fished,0,0,20,0,0,15,0,NA,NA,TRUE,Undefined - pre-bloom zero
location,Southern Yorke,invert_phylum_abundance,M2 invertebrate Cnidaria abundance,period,Bloom,overall,Overall,0,0,20,0,0,15,0,NA,NA,TRUE,Undefined - pre-bloom zero
location,Southern Yorke,invert_phylum_abundance,M2 invertebrate Cnidaria abundance,period_split,Bloom 2025-06,by_status,Fished,0,0,20,0,0,3,0,NA,NA,TRUE,Undefined - pre-bloom zero
location,Southern Yorke,invert_phylum_abundance,M2 invertebrate Cnidaria abundance,period_split,Bloom 2025-06,overall,Overall,0,0,20,0,0,3,0,NA,NA,TRUE,Undefined - pre-bloom zero
location,Southern Yorke,invert_phylum_abundance,M2 invertebrate Cnidaria abundance,period_split,Bloom 2026-04,by_status,Fished,0,0,20,0,0,12,0,NA,NA,TRUE,Undefined - pre-bloom zero
location,Southern Yorke,invert_phylum_abundance,M2 invertebrate Cnidaria abundance,period_split,Bloom 2026-04,overall,Overall,0,0,20,0,0,12,0,NA,NA,TRUE,Undefined - pre-bloom zero
location,Southern Yorke,invert_phylum_abundance,M2 invertebrate Echinodermata abundance,period,Bloom,by_status,Fished,46.95,10.026143457560286,20,11.166666666666666,3.388238293001059,15,-35.78333333333334,23.784167554135603,-76.2158324458644,FALSE,High
location,Southern Yorke,invert_phylum_abundance,M2 invertebrate Echinodermata abundance,period,Bloom,overall,Overall,46.95,10.026143457560286,20,11.166666666666666,3.388238293001059,15,-35.78333333333334,23.784167554135603,-76.2158324458644,FALSE,High
location,Southern Yorke,invert_phylum_abundance,M2 invertebrate Echinodermata abundance,period_split,Bloom 2025-06,by_status,Fished,46.95,10.026143457560286,20,26.833333333333332,15.17216017726034,3,-20.11666666666667,57.152999645012414,-42.847000354987586,FALSE,Medium
location,Southern Yorke,invert_phylum_abundance,M2 invertebrate Echinodermata abundance,period_split,Bloom 2025-06,overall,Overall,46.95,10.026143457560286,20,26.833333333333332,15.17216017726034,3,-20.11666666666667,57.152999645012414,-42.847000354987586,FALSE,Medium
location,Southern Yorke,invert_phylum_abundance,M2 invertebrate Echinodermata abundance,period_split,Bloom 2026-04,by_status,Fished,46.95,10.026143457560286,20,7.25,0.9097535463802904,12,-39.7,15.4419595314164,-84.5580404685836,FALSE,High
location,Southern Yorke,invert_phylum_abundance,M2 invertebrate Echinodermata abundance,period_split,Bloom 2026-04,overall,Overall,46.95,10.026143457560286,20,7.25,0.9097535463802904,12,-39.7,15.4419595314164,-84.5580404685836,FALSE,High
location,Southern Yorke,invert_phylum_abundance,M2 invertebrate Mollusca abundance,period,Bloom,by_status,Fished,8,1.687414715193817,20,7.266666666666667,2.7863898244804606,15,-0.7333333333333334,90.83333333333333,-9.166666666666671,FALSE,Low
location,Southern Yorke,invert_phylum_abundance,M2 invertebrate Mollusca abundance,period,Bloom,overall,Overall,8,1.687414715193817,20,7.266666666666667,2.7863898244804606,15,-0.7333333333333334,90.83333333333333,-9.166666666666671,FALSE,Low
location,Southern Yorke,invert_phylum_abundance,M2 invertebrate Mollusca abundance,period_split,Bloom 2025-06,by_status,Fished,8,1.687414715193817,20,23.333333333333332,10.084366338270563,3,15.333333333333332,291.66666666666663,191.66666666666663,FALSE,Low
location,Southern Yorke,invert_phylum_abundance,M2 invertebrate Mollusca abundance,period_split,Bloom 2025-06,overall,Overall,8,1.687414715193817,20,23.333333333333332,10.084366338270563,3,15.333333333333332,291.66666666666663,191.66666666666663,FALSE,Low
location,Southern Yorke,invert_phylum_abundance,M2 invertebrate Mollusca abundance,period_split,Bloom 2026-04,by_status,Fished,8,1.687414715193817,20,3.25,0.6291528696058959,12,-4.75,40.625,-59.375,FALSE,High
location,Southern Yorke,invert_phylum_abundance,M2 invertebrate Mollusca abundance,period_split,Bloom 2026-04,overall,Overall,8,1.687414715193817,20,3.25,0.6291528696058959,12,-4.75,40.625,-59.375,FALSE,High
location,Southern Yorke,invert_phylum_abundance,M2 invertebrate Platyhelminthes abundance,period,Bloom,by_status,Fished,0,0,20,0,0,15,0,NA,NA,TRUE,Undefined - pre-bloom zero
location,Southern Yorke,invert_phylum_abundance,M2 invertebrate Platyhelminthes abundance,period,Bloom,overall,Overall,0,0,20,0,0,15,0,NA,NA,TRUE,Undefined - pre-bloom zero
location,Southern Yorke,invert_phylum_abundance,M2 invertebrate Platyhelminthes abundance,period_split,Bloom 2025-06,by_status,Fished,0,0,20,0,0,3,0,NA,NA,TRUE,Undefined - pre-bloom zero
location,Southern Yorke,invert_phylum_abundance,M2 invertebrate Platyhelminthes abundance,period_split,Bloom 2025-06,overall,Overall,0,0,20,0,0,3,0,NA,NA,TRUE,Undefined - pre-bloom zero
location,Southern Yorke,invert_phylum_abundance,M2 invertebrate Platyhelminthes abundance,period_split,Bloom 2026-04,by_status,Fished,0,0,20,0,0,12,0,NA,NA,TRUE,Undefined - pre-bloom zero
location,Southern Yorke,invert_phylum_abundance,M2 invertebrate Platyhelminthes abundance,period_split,Bloom 2026-04,overall,Overall,0,0,20,0,0,12,0,NA,NA,TRUE,Undefined - pre-bloom zero
location,Southern Yorke,invert_phylum_richness,M2 invertebrate Arthropoda species richness,period,Bloom,by_status,Fished,1.1,0.1762175688714022,20,1.4666666666666666,0.16523191974188067,15,0.3666666666666665,133.33333333333331,33.333333333333314,FALSE,Low
location,Southern Yorke,invert_phylum_richness,M2 invertebrate Arthropoda species richness,period,Bloom,overall,Overall,1.1,0.1762175688714022,20,1.4666666666666666,0.16523191974188067,15,0.3666666666666665,133.33333333333331,33.333333333333314,FALSE,Low
location,Southern Yorke,invert_phylum_richness,M2 invertebrate Arthropoda species richness,period_split,Bloom 2025-06,by_status,Fished,1.1,0.1762175688714022,20,0.6666666666666666,0.3333333333333333,3,-0.43333333333333346,60.606060606060595,-39.393939393939405,FALSE,Medium
location,Southern Yorke,invert_phylum_richness,M2 invertebrate Arthropoda species richness,period_split,Bloom 2025-06,overall,Overall,1.1,0.1762175688714022,20,0.6666666666666666,0.3333333333333333,3,-0.43333333333333346,60.606060606060595,-39.393939393939405,FALSE,Medium
location,Southern Yorke,invert_phylum_richness,M2 invertebrate Arthropoda species richness,period_split,Bloom 2026-04,by_status,Fished,1.1,0.1762175688714022,20,1.6666666666666667,0.1421338109037403,12,0.5666666666666667,151.5151515151515,51.5151515151515,FALSE,Low
location,Southern Yorke,invert_phylum_richness,M2 invertebrate Arthropoda species richness,period_split,Bloom 2026-04,overall,Overall,1.1,0.1762175688714022,20,1.6666666666666667,0.1421338109037403,12,0.5666666666666667,151.5151515151515,51.5151515151515,FALSE,Low
location,Southern Yorke,invert_phylum_richness,M2 invertebrate Echinodermata species richness,period,Bloom,by_status,Fished,5.8,0.4078183290065372,20,3.2,0.22253945610567472,15,-2.5999999999999996,55.172413793103445,-44.827586206896555,FALSE,Medium
location,Southern Yorke,invert_phylum_richness,M2 invertebrate Echinodermata species richness,period,Bloom,overall,Overall,5.8,0.4078183290065372,20,3.2,0.22253945610567472,15,-2.5999999999999996,55.172413793103445,-44.827586206896555,FALSE,Medium
location,Southern Yorke,invert_phylum_richness,M2 invertebrate Echinodermata species richness,period_split,Bloom 2025-06,by_status,Fished,5.8,0.4078183290065372,20,4.333333333333333,0.3333333333333333,3,-1.4666666666666668,74.71264367816092,-25.287356321839084,FALSE,Medium
location,Southern Yorke,invert_phylum_richness,M2 invertebrate Echinodermata species richness,period_split,Bloom 2025-06,overall,Overall,5.8,0.4078183290065372,20,4.333333333333333,0.3333333333333333,3,-1.4666666666666668,74.71264367816092,-25.287356321839084,FALSE,Medium
location,Southern Yorke,invert_phylum_richness,M2 invertebrate Echinodermata species richness,period_split,Bloom 2026-04,by_status,Fished,5.8,0.4078183290065372,20,2.9166666666666665,0.19299604852813632,12,-2.8833333333333333,50.287356321839084,-49.712643678160916,FALSE,Medium
location,Southern Yorke,invert_phylum_richness,M2 invertebrate Echinodermata species richness,period_split,Bloom 2026-04,overall,Overall,5.8,0.4078183290065372,20,2.9166666666666665,0.19299604852813632,12,-2.8833333333333333,50.287356321839084,-49.712643678160916,FALSE,Medium
location,Southern Yorke,invert_phylum_richness,M2 invertebrate Mollusca species richness,period,Bloom,by_status,Fished,3.05,0.32827299294144935,20,1.9,0.2544836041121407,15,-1.15,62.295081967213115,-37.704918032786885,FALSE,Medium
location,Southern Yorke,invert_phylum_richness,M2 invertebrate Mollusca species richness,period,Bloom,overall,Overall,3.05,0.32827299294144935,20,1.9,0.2544836041121407,15,-1.15,62.295081967213115,-37.704918032786885,FALSE,Medium
location,Southern Yorke,invert_phylum_richness,M2 invertebrate Mollusca species richness,period_split,Bloom 2025-06,by_status,Fished,3.05,0.32827299294144935,20,3.1666666666666665,0.7264831572567789,3,0.1166666666666667,103.82513661202186,3.825136612021865,FALSE,Low
location,Southern Yorke,invert_phylum_richness,M2 invertebrate Mollusca species richness,period_split,Bloom 2025-06,overall,Overall,3.05,0.32827299294144935,20,3.1666666666666665,0.7264831572567789,3,0.1166666666666667,103.82513661202186,3.825136612021865,FALSE,Low
location,Southern Yorke,invert_phylum_richness,M2 invertebrate Mollusca species richness,period_split,Bloom 2026-04,by_status,Fished,3.05,0.32827299294144935,20,1.5833333333333333,0.18291964344923692,12,-1.4666666666666666,51.91256830601093,-48.08743169398907,FALSE,Medium
location,Southern Yorke,invert_phylum_richness,M2 invertebrate Mollusca species richness,period_split,Bloom 2026-04,overall,Overall,3.05,0.32827299294144935,20,1.5833333333333333,0.18291964344923692,12,-1.4666666666666666,51.91256830601093,-48.08743169398907,FALSE,Medium
location,Southern Yorke,invert_phylum_shannon,M2 invertebrate Arthropoda Shannon diversity,period,Bloom,by_status,Fished,0.17704217825730229,0.07197881181987914,20,0.27471783002843686,0.06615146674548532,15,0.09767565177113458,155.17083710367524,55.17083710367524,FALSE,Low
location,Southern Yorke,invert_phylum_shannon,M2 invertebrate Arthropoda Shannon diversity,period,Bloom,overall,Overall,0.17704217825730229,0.07197881181987914,20,0.27471783002843686,0.06615146674548532,15,0.09767565177113458,155.17083710367524,55.17083710367524,FALSE,Low
location,Southern Yorke,invert_phylum_shannon,M2 invertebrate Arthropoda Shannon diversity,period_split,Bloom 2025-06,by_status,Fished,0.17704217825730229,0.07197881181987914,20,0,0,3,-0.17704217825730229,0,-100,FALSE,High
location,Southern Yorke,invert_phylum_shannon,M2 invertebrate Arthropoda Shannon diversity,period_split,Bloom 2025-06,overall,Overall,0.17704217825730229,0.07197881181987914,20,0,0,3,-0.17704217825730229,0,-100,FALSE,High
location,Southern Yorke,invert_phylum_shannon,M2 invertebrate Arthropoda Shannon diversity,period_split,Bloom 2026-04,by_status,Fished,0.17704217825730229,0.07197881181987914,20,0.34339728753554605,0.06941047225990883,12,0.16635510927824376,193.96354637959402,93.96354637959402,FALSE,Low
location,Southern Yorke,invert_phylum_shannon,M2 invertebrate Arthropoda Shannon diversity,period_split,Bloom 2026-04,overall,Overall,0.17704217825730229,0.07197881181987914,20,0.34339728753554605,0.06941047225990883,12,0.16635510927824376,193.96354637959402,93.96354637959402,FALSE,Low
location,Southern Yorke,invert_phylum_shannon,M2 invertebrate Echinodermata Shannon diversity,period,Bloom,by_status,Fished,1.0876153070579353,0.051780651355781575,20,0.875305062421144,0.07216940341854526,15,-0.21231024463679127,80.47928865481829,-19.52071134518171,FALSE,Low
location,Southern Yorke,invert_phylum_shannon,M2 invertebrate Echinodermata Shannon diversity,period,Bloom,overall,Overall,1.0876153070579353,0.051780651355781575,20,0.875305062421144,0.07216940341854526,15,-0.21231024463679127,80.47928865481829,-19.52071134518171,FALSE,Low
location,Southern Yorke,invert_phylum_shannon,M2 invertebrate Echinodermata Shannon diversity,period_split,Bloom 2025-06,by_status,Fished,1.0876153070579353,0.051780651355781575,20,0.9634061568279817,0.24914850305832353,3,-0.1242091502299536,88.57967983496418,-11.420320165035818,FALSE,Low
location,Southern Yorke,invert_phylum_shannon,M2 invertebrate Echinodermata Shannon diversity,period_split,Bloom 2025-06,overall,Overall,1.0876153070579353,0.051780651355781575,20,0.9634061568279817,0.24914850305832353,3,-0.1242091502299536,88.57967983496418,-11.420320165035818,FALSE,Low
location,Southern Yorke,invert_phylum_shannon,M2 invertebrate Echinodermata Shannon diversity,period_split,Bloom 2026-04,by_status,Fished,1.0876153070579353,0.051780651355781575,20,0.8532797888194346,0.07241568586171614,12,-0.23433551823850074,78.45419085978182,-21.545809140218182,FALSE,Medium
location,Southern Yorke,invert_phylum_shannon,M2 invertebrate Echinodermata Shannon diversity,period_split,Bloom 2026-04,overall,Overall,1.0876153070579353,0.051780651355781575,20,0.8532797888194346,0.07241568586171614,12,-0.23433551823850074,78.45419085978182,-21.545809140218182,FALSE,Medium
location,Southern Yorke,invert_phylum_shannon,M2 invertebrate Mollusca Shannon diversity,period,Bloom,by_status,Fished,0.8668647223873838,0.09725234640447224,20,0.4797797691639011,0.09351545699694563,15,-0.3870849532234827,55.34655601655658,-44.65344398344342,FALSE,Medium
location,Southern Yorke,invert_phylum_shannon,M2 invertebrate Mollusca Shannon diversity,period,Bloom,overall,Overall,0.8668647223873838,0.09725234640447224,20,0.4797797691639011,0.09351545699694563,15,-0.3870849532234827,55.34655601655658,-44.65344398344342,FALSE,Medium
location,Southern Yorke,invert_phylum_shannon,M2 invertebrate Mollusca Shannon diversity,period_split,Bloom 2025-06,by_status,Fished,0.8668647223873838,0.09725234640447224,20,0.8973418682271933,0.20128954208363328,3,0.03047714583980954,103.51579030184482,3.5157903018448167,FALSE,Low
location,Southern Yorke,invert_phylum_shannon,M2 invertebrate Mollusca Shannon diversity,period_split,Bloom 2025-06,overall,Overall,0.8668647223873838,0.09725234640447224,20,0.8973418682271933,0.20128954208363328,3,0.03047714583980954,103.51579030184482,3.5157903018448167,FALSE,Low
location,Southern Yorke,invert_phylum_shannon,M2 invertebrate Mollusca Shannon diversity,period_split,Bloom 2026-04,by_status,Fished,0.8668647223873838,0.09725234640447224,20,0.375389244398078,0.08436625457601993,12,-0.49147547798930574,43.30424744523453,-56.69575255476547,FALSE,High
location,Southern Yorke,invert_phylum_shannon,M2 invertebrate Mollusca Shannon diversity,period_split,Bloom 2026-04,overall,Overall,0.8668647223873838,0.09725234640447224,20,0.375389244398078,0.08436625457601993,12,-0.49147547798930574,43.30424744523453,-56.69575255476547,FALSE,High
location,Southern Yorke,invert_phylum_simpson,M2 invertebrate Arthropoda Simpson diversity,period,Bloom,by_status,Fished,1.0366666666666666,0.1517519521151548,20,1.241344139174722,0.11452814058985822,15,0.20467747250805535,119.743807637433,19.743807637432994,FALSE,Low
location,Southern Yorke,invert_phylum_simpson,M2 invertebrate Arthropoda Simpson diversity,period,Bloom,overall,Overall,1.0366666666666666,0.1517519521151548,20,1.241344139174722,0.11452814058985822,15,0.20467747250805535,119.743807637433,19.743807637432994,FALSE,Low
location,Southern Yorke,invert_phylum_simpson,M2 invertebrate Arthropoda Simpson diversity,period_split,Bloom 2025-06,by_status,Fished,1.0366666666666666,0.1517519521151548,20,0.6666666666666666,0.3333333333333333,3,-0.37,64.30868167202573,-35.69131832797427,FALSE,Medium
location,Southern Yorke,invert_phylum_simpson,M2 invertebrate Arthropoda Simpson diversity,period_split,Bloom 2025-06,overall,Overall,1.0366666666666666,0.1517519521151548,20,0.6666666666666666,0.3333333333333333,3,-0.37,64.30868167202573,-35.69131832797427,FALSE,Medium
location,Southern Yorke,invert_phylum_simpson,M2 invertebrate Arthropoda Simpson diversity,period_split,Bloom 2026-04,by_status,Fished,1.0366666666666666,0.1517519521151548,20,1.385013507301736,0.08021684816588105,12,0.3483468406350694,133.6025891287848,33.602589128784814,FALSE,Low
location,Southern Yorke,invert_phylum_simpson,M2 invertebrate Arthropoda Simpson diversity,period_split,Bloom 2026-04,overall,Overall,1.0366666666666666,0.1517519521151548,20,1.385013507301736,0.08021684816588105,12,0.3483468406350694,133.6025891287848,33.602589128784814,FALSE,Low
location,Southern Yorke,invert_phylum_simpson,M2 invertebrate Echinodermata Simpson diversity,period,Bloom,by_status,Fished,2.429109357878858,0.1299700375796927,20,2.2750476053122353,0.1756199497303387,15,-0.1540617525666228,93.6576856012299,-6.3423143987701,FALSE,Low
location,Southern Yorke,invert_phylum_simpson,M2 invertebrate Echinodermata Simpson diversity,period,Bloom,overall,Overall,2.429109357878858,0.1299700375796927,20,2.2750476053122353,0.1756199497303387,15,-0.1540617525666228,93.6576856012299,-6.3423143987701,FALSE,Low
location,Southern Yorke,invert_phylum_simpson,M2 invertebrate Echinodermata Simpson diversity,period_split,Bloom 2025-06,by_status,Fished,2.429109357878858,0.1299700375796927,20,2.4084746663206285,0.6621728070998323,3,-0.020634691558229612,99.15052438906051,-0.8494756109394928,FALSE,Low
location,Southern Yorke,invert_phylum_simpson,M2 invertebrate Echinodermata Simpson diversity,period_split,Bloom 2025-06,overall,Overall,2.429109357878858,0.1299700375796927,20,2.4084746663206285,0.6621728070998323,3,-0.020634691558229612,99.15052438906051,-0.8494756109394928,FALSE,Low
location,Southern Yorke,invert_phylum_simpson,M2 invertebrate Echinodermata Simpson diversity,period_split,Bloom 2026-04,by_status,Fished,2.429109357878858,0.1299700375796927,20,2.241690840060137,0.1692071446578433,12,-0.18741851781872088,92.28447590427226,-7.715524095727744,FALSE,Low
location,Southern Yorke,invert_phylum_simpson,M2 invertebrate Echinodermata Simpson diversity,period_split,Bloom 2026-04,overall,Overall,2.429109357878858,0.1299700375796927,20,2.241690840060137,0.1692071446578433,12,-0.18741851781872088,92.28447590427226,-7.715524095727744,FALSE,Low
location,Southern Yorke,invert_phylum_simpson,M2 invertebrate Mollusca Simpson diversity,period,Bloom,by_status,Fished,2.34276415861715,0.17435164205110865,20,1.6165233226067461,0.17088774430295559,15,-0.7262408360104038,69.00068522308803,-30.999314776911973,FALSE,Medium
location,Southern Yorke,invert_phylum_simpson,M2 invertebrate Mollusca Simpson diversity,period,Bloom,overall,Overall,2.34276415861715,0.17435164205110865,20,1.6165233226067461,0.17088774430295559,15,-0.7262408360104038,69.00068522308803,-30.999314776911973,FALSE,Medium
location,Southern Yorke,invert_phylum_simpson,M2 invertebrate Mollusca Simpson diversity,period_split,Bloom 2025-06,by_status,Fished,2.34276415861715,0.17435164205110865,20,2.3235991925719306,0.4416590704153573,3,-0.019164966045219334,99.18195068954223,-0.8180493104577664,FALSE,Low
location,Southern Yorke,invert_phylum_simpson,M2 invertebrate Mollusca Simpson diversity,period_split,Bloom 2025-06,overall,Overall,2.34276415861715,0.17435164205110865,20,2.3235991925719306,0.4416590704153573,3,-0.019164966045219334,99.18195068954223,-0.8180493104577664,FALSE,Low
location,Southern Yorke,invert_phylum_simpson,M2 invertebrate Mollusca Simpson diversity,period_split,Bloom 2026-04,by_status,Fished,2.34276415861715,0.17435164205110865,20,1.4397543551154501,0.15293437796438666,12,-0.9030098035016998,61.455368856474465,-38.544631143525535,FALSE,Medium
location,Southern Yorke,invert_phylum_simpson,M2 invertebrate Mollusca Simpson diversity,period_split,Bloom 2026-04,overall,Overall,2.34276415861715,0.17435164205110865,20,1.4397543551154501,0.15293437796438666,12,-0.9030098035016998,61.455368856474465,-38.544631143525535,FALSE,Medium
location,Southern Yorke,shannon_diversity,M1 fish Shannon diversity,period,Bloom,by_status,Fished,1.7187249085795286,0.1212587559918387,12,1.4675704285403104,0.14602461207061135,14,-0.25115448003921825,85.38716237918554,-14.61283762081446,FALSE,Low
location,Southern Yorke,shannon_diversity,M1 fish Shannon diversity,period,Bloom,overall,Overall,1.7187249085795286,0.1212587559918387,12,1.4675704285403104,0.14602461207061135,14,-0.25115448003921825,85.38716237918554,-14.61283762081446,FALSE,Low
location,Southern Yorke,shannon_diversity,M1 fish Shannon diversity,period_split,Bloom 2025-06,by_status,Fished,1.7187249085795286,0.1212587559918387,12,0.706241434981399,0.27245982074066843,2,-1.0124834735981296,41.09101063561621,-58.90898936438379,FALSE,High
location,Southern Yorke,shannon_diversity,M1 fish Shannon diversity,period_split,Bloom 2025-06,overall,Overall,1.7187249085795286,0.1212587559918387,12,0.706241434981399,0.27245982074066843,2,-1.0124834735981296,41.09101063561621,-58.90898936438379,FALSE,High
location,Southern Yorke,shannon_diversity,M1 fish Shannon diversity,period_split,Bloom 2026-04,by_status,Fished,1.7187249085795286,0.1212587559918387,12,1.5944585941334621,0.13427415517169994,12,-0.1242663144460665,92.76985433644708,-7.230145663552918,FALSE,Low
location,Southern Yorke,shannon_diversity,M1 fish Shannon diversity,period_split,Bloom 2026-04,overall,Overall,1.7187249085795286,0.1212587559918387,12,1.5944585941334621,0.13427415517169994,12,-0.1242663144460665,92.76985433644708,-7.230145663552918,FALSE,Low
location,Southern Yorke,shannon_diversity,M2 fish Shannon diversity,period,Bloom,by_status,Fished,0.1391696087826082,0.06658496885445407,19,0.30664876753069903,0.07407408129147404,15,0.16747915874809083,220.34176154774136,120.34176154774136,FALSE,Low
location,Southern Yorke,shannon_diversity,M2 fish Shannon diversity,period,Bloom,overall,Overall,0.1391696087826082,0.06658496885445407,19,0.30664876753069903,0.07407408129147404,15,0.16747915874809083,220.34176154774136,120.34176154774136,FALSE,Low
location,Southern Yorke,shannon_diversity,M2 fish Shannon diversity,period_split,Bloom 2025-06,by_status,Fished,0.1391696087826082,0.06658496885445407,19,0.3353620389578559,0.16796189584479856,3,0.19619243017524768,240.97361621653528,140.97361621653528,FALSE,Low
location,Southern Yorke,shannon_diversity,M2 fish Shannon diversity,period_split,Bloom 2025-06,overall,Overall,0.1391696087826082,0.06658496885445407,19,0.3353620389578559,0.16796189584479856,3,0.19619243017524768,240.97361621653528,140.97361621653528,FALSE,Low
location,Southern Yorke,shannon_diversity,M2 fish Shannon diversity,period_split,Bloom 2026-04,by_status,Fished,0.1391696087826082,0.06658496885445407,19,0.29947044967390984,0.08615985466847674,12,0.16030084089130164,215.18379788054287,115.18379788054287,FALSE,Low
location,Southern Yorke,shannon_diversity,M2 fish Shannon diversity,period_split,Bloom 2026-04,overall,Overall,0.1391696087826082,0.06658496885445407,19,0.29947044967390984,0.08615985466847674,12,0.16030084089130164,215.18379788054287,115.18379788054287,FALSE,Low
location,Southern Yorke,shannon_diversity,M2 invertebrate Shannon diversity,period,Bloom,by_status,Fished,1.547441133403942,0.07828941948775846,20,1.583291082721118,0.03476268363008191,15,0.035849949317176,102.31672459412502,2.31672459412502,FALSE,Low
location,Southern Yorke,shannon_diversity,M2 invertebrate Shannon diversity,period,Bloom,overall,Overall,1.547441133403942,0.07828941948775846,20,1.583291082721118,0.03476268363008191,15,0.035849949317176,102.31672459412502,2.31672459412502,FALSE,Low
location,Southern Yorke,shannon_diversity,M2 invertebrate Shannon diversity,period_split,Bloom 2025-06,by_status,Fished,1.547441133403942,0.07828941948775846,20,1.6655557996045902,0.10996866014670387,3,0.11811466620064826,107.63290206334561,7.632902063345611,FALSE,Low
location,Southern Yorke,shannon_diversity,M2 invertebrate Shannon diversity,period_split,Bloom 2025-06,overall,Overall,1.547441133403942,0.07828941948775846,20,1.6655557996045902,0.10996866014670387,3,0.11811466620064826,107.63290206334561,7.632902063345611,FALSE,Low
location,Southern Yorke,shannon_diversity,M2 invertebrate Shannon diversity,period_split,Bloom 2026-04,by_status,Fished,1.547441133403942,0.07828941948775846,20,1.5627249035002497,0.03435957096307893,12,0.01528377009630777,100.98768022681985,0.9876802268198475,FALSE,Low
location,Southern Yorke,shannon_diversity,M2 invertebrate Shannon diversity,period_split,Bloom 2026-04,overall,Overall,1.547441133403942,0.07828941948775846,20,1.5627249035002497,0.03435957096307893,12,0.01528377009630777,100.98768022681985,0.9876802268198475,FALSE,Low
location,Southern Yorke,simpson_diversity,M1 fish Simpson diversity,period,Bloom,by_status,Fished,4.611492954099908,0.44317861900372213,12,4.021656109936765,0.45212190793856755,14,-0.589836844163143,87.20941677599787,-12.790583224002134,FALSE,Low
location,Southern Yorke,simpson_diversity,M1 fish Simpson diversity,period,Bloom,overall,Overall,4.611492954099908,0.44317861900372213,12,4.021656109936765,0.45212190793856755,14,-0.589836844163143,87.20941677599787,-12.790583224002134,FALSE,Low
location,Southern Yorke,simpson_diversity,M1 fish Simpson diversity,period_split,Bloom 2025-06,by_status,Fished,4.611492954099908,0.44317861900372213,12,2.0888888888888886,0.5888888888888888,2,-2.522604065211019,45.297453767802786,-54.702546232197214,FALSE,High
location,Southern Yorke,simpson_diversity,M1 fish Simpson diversity,period_split,Bloom 2025-06,overall,Overall,4.611492954099908,0.44317861900372213,12,2.0888888888888886,0.5888888888888888,2,-2.522604065211019,45.297453767802786,-54.702546232197214,FALSE,High
location,Southern Yorke,simpson_diversity,M1 fish Simpson diversity,period_split,Bloom 2026-04,by_status,Fished,4.611492954099908,0.44317861900372213,12,4.343783980111411,0.45886415340334497,12,-0.2677089739884968,94.19474394403039,-5.805256055969608,FALSE,Low
location,Southern Yorke,simpson_diversity,M1 fish Simpson diversity,period_split,Bloom 2026-04,overall,Overall,4.611492954099908,0.44317861900372213,12,4.343783980111411,0.45886415340334497,12,-0.2677089739884968,94.19474394403039,-5.805256055969608,FALSE,Low
location,Southern Yorke,simpson_diversity,M2 fish Simpson diversity,period,Bloom,by_status,Fished,0.6428370391218688,0.17637512400099112,19,1.1259977676448265,0.17868608214645945,15,0.48316072852295766,175.16068600884714,75.16068600884714,FALSE,Low
location,Southern Yorke,simpson_diversity,M2 fish Simpson diversity,period,Bloom,overall,Overall,0.6428370391218688,0.17637512400099112,19,1.1259977676448265,0.17868608214645945,15,0.48316072852295766,175.16068600884714,75.16068600884714,FALSE,Low
location,Southern Yorke,simpson_diversity,M2 fish Simpson diversity,period_split,Bloom 2025-06,by_status,Fished,0.6428370391218688,0.17637512400099112,19,1.2651651651651652,0.39730353931799656,3,0.6223281260432963,196.80962486128863,96.80962486128863,FALSE,Low
location,Southern Yorke,simpson_diversity,M2 fish Simpson diversity,period_split,Bloom 2025-06,overall,Overall,0.6428370391218688,0.17637512400099112,19,1.2651651651651652,0.39730353931799656,3,0.6223281260432963,196.80962486128863,96.80962486128863,FALSE,Low
location,Southern Yorke,simpson_diversity,M2 fish Simpson diversity,period_split,Bloom 2026-04,by_status,Fished,0.6428370391218688,0.17637512400099112,19,1.0912059182647418,0.20753424998411515,12,0.44836887914287293,169.74845129573674,69.74845129573674,FALSE,Low
location,Southern Yorke,simpson_diversity,M2 fish Simpson diversity,period_split,Bloom 2026-04,overall,Overall,0.6428370391218688,0.17637512400099112,19,1.0912059182647418,0.20753424998411515,12,0.44836887914287293,169.74845129573674,69.74845129573674,FALSE,Low
location,Southern Yorke,simpson_diversity,M2 invertebrate Simpson diversity,period,Bloom,by_status,Fished,3.5890949936416083,0.30025706620525894,20,4.13722816913913,0.16415589761660243,15,0.5481331754975214,115.27218355793276,15.272183557932763,FALSE,Low
location,Southern Yorke,simpson_diversity,M2 invertebrate Simpson diversity,period,Bloom,overall,Overall,3.5890949936416083,0.30025706620525894,20,4.13722816913913,0.16415589761660243,15,0.5481331754975214,115.27218355793276,15.272183557932763,FALSE,Low
location,Southern Yorke,simpson_diversity,M2 invertebrate Simpson diversity,period_split,Bloom 2025-06,by_status,Fished,3.5890949936416083,0.30025706620525894,20,4.4106249455851865,0.7317826289183231,3,0.8215299519435781,122.88961293582337,22.889612935823365,FALSE,Low
location,Southern Yorke,simpson_diversity,M2 invertebrate Simpson diversity,period_split,Bloom 2025-06,overall,Overall,3.5890949936416083,0.30025706620525894,20,4.4106249455851865,0.7317826289183231,3,0.8215299519435781,122.88961293582337,22.889612935823365,FALSE,Low
location,Southern Yorke,simpson_diversity,M2 invertebrate Simpson diversity,period_split,Bloom 2026-04,by_status,Fished,3.5890949936416083,0.30025706620525894,20,4.068878975027616,0.12808530820891306,12,0.4797839813860074,113.3678262134601,13.367826213460106,FALSE,Low
location,Southern Yorke,simpson_diversity,M2 invertebrate Simpson diversity,period_split,Bloom 2026-04,overall,Overall,3.5890949936416083,0.30025706620525894,20,4.068878975027616,0.12808530820891306,12,0.4797839813860074,113.3678262134601,13.367826213460106,FALSE,Low
location,Southern Yorke,species_richness,M1 fish species richness,period,Bloom,by_status,Fished,10.208333333333334,0.8604489960174716,12,7.964285714285714,0.9909817056703482,14,-2.2440476190476195,78.01749271137027,-21.982507288629733,FALSE,Medium
location,Southern Yorke,species_richness,M1 fish species richness,period,Bloom,overall,Overall,10.208333333333334,0.8604489960174716,12,7.964285714285714,0.9909817056703482,14,-2.2440476190476195,78.01749271137027,-21.982507288629733,FALSE,Medium
location,Southern Yorke,species_richness,M1 fish species richness,period_split,Bloom 2025-06,by_status,Fished,10.208333333333334,0.8604489960174716,12,2.5,0.5,2,-7.708333333333334,24.489795918367346,-75.51020408163265,FALSE,High
location,Southern Yorke,species_richness,M1 fish species richness,period_split,Bloom 2025-06,overall,Overall,10.208333333333334,0.8604489960174716,12,2.5,0.5,2,-7.708333333333334,24.489795918367346,-75.51020408163265,FALSE,High
location,Southern Yorke,species_richness,M1 fish species richness,period_split,Bloom 2026-04,by_status,Fished,10.208333333333334,0.8604489960174716,12,8.875,0.906886531942217,12,-1.333333333333334,86.93877551020408,-13.061224489795919,FALSE,Low
location,Southern Yorke,species_richness,M1 fish species richness,period_split,Bloom 2026-04,overall,Overall,10.208333333333334,0.8604489960174716,12,8.875,0.906886531942217,12,-1.333333333333334,86.93877551020408,-13.061224489795919,FALSE,Low
location,Southern Yorke,species_richness,M2 fish species richness,period,Bloom,by_status,Fished,0.7368421052631579,0.21415009852164388,19,1.3333333333333333,0.23737987772599078,15,0.5964912280701754,180.95238095238096,80.95238095238096,FALSE,Low
location,Southern Yorke,species_richness,M2 fish species richness,period,Bloom,overall,Overall,0.7368421052631579,0.21415009852164388,19,1.3333333333333333,0.23737987772599078,15,0.5964912280701754,180.95238095238096,80.95238095238096,FALSE,Low
location,Southern Yorke,species_richness,M2 fish species richness,period_split,Bloom 2025-06,by_status,Fished,0.7368421052631579,0.21415009852164388,19,1.5,0.5,3,0.7631578947368421,203.5714285714286,103.57142857142861,FALSE,Low
location,Southern Yorke,species_richness,M2 fish species richness,period_split,Bloom 2025-06,overall,Overall,0.7368421052631579,0.21415009852164388,19,1.5,0.5,3,0.7631578947368421,203.5714285714286,103.57142857142861,FALSE,Low
location,Southern Yorke,species_richness,M2 fish species richness,period_split,Bloom 2026-04,by_status,Fished,0.7368421052631579,0.21415009852164388,19,1.2916666666666667,0.2783768791920171,12,0.5548245614035089,175.29761904761907,75.29761904761907,FALSE,Low
location,Southern Yorke,species_richness,M2 fish species richness,period_split,Bloom 2026-04,overall,Overall,0.7368421052631579,0.21415009852164388,19,1.2916666666666667,0.2783768791920171,12,0.5548245614035089,175.29761904761907,75.29761904761907,FALSE,Low
location,Southern Yorke,species_richness,M2 invertebrate species richness,period,Bloom,by_status,Fished,9.95,0.6302672783075948,20,6.566666666666666,0.3194737736708477,15,-3.383333333333333,65.9966499162479,-34.003350083752096,FALSE,Medium
location,Southern Yorke,species_richness,M2 invertebrate species richness,period,Bloom,overall,Overall,9.95,0.6302672783075948,20,6.566666666666666,0.3194737736708477,15,-3.383333333333333,65.9966499162479,-34.003350083752096,FALSE,Medium
location,Southern Yorke,species_richness,M2 invertebrate species richness,period_split,Bloom 2025-06,by_status,Fished,9.95,0.6302672783075948,20,8.166666666666666,0.6009252125773316,3,-1.7833333333333332,82.07705192629817,-17.922948073701832,FALSE,Low
location,Southern Yorke,species_richness,M2 invertebrate species richness,period_split,Bloom 2025-06,overall,Overall,9.95,0.6302672783075948,20,8.166666666666666,0.6009252125773316,3,-1.7833333333333332,82.07705192629817,-17.922948073701832,FALSE,Low
location,Southern Yorke,species_richness,M2 invertebrate species richness,period_split,Bloom 2026-04,by_status,Fished,9.95,0.6302672783075948,20,6.166666666666667,0.2706147136286629,12,-3.7833333333333323,61.97654941373535,-38.02345058626465,FALSE,Medium
location,Southern Yorke,species_richness,M2 invertebrate species richness,period_split,Bloom 2026-04,overall,Overall,9.95,0.6302672783075948,20,6.166666666666667,0.2706147136286629,12,-3.7833333333333323,61.97654941373535,-38.02345058626465,FALSE,Medium
location,Southern Yorke,total_abundance,M1 fish total abundance,period,Bloom,by_status,Fished,63.041666666666664,15.198492042092049,12,40.607142857142854,12.30286067102842,14,-22.43452380952381,64.41318100273817,-35.58681899726183,FALSE,Medium
location,Southern Yorke,total_abundance,M1 fish total abundance,period,Bloom,overall,Overall,63.041666666666664,15.198492042092049,12,40.607142857142854,12.30286067102842,14,-22.43452380952381,64.41318100273817,-35.58681899726183,FALSE,Medium
location,Southern Yorke,total_abundance,M1 fish total abundance,period_split,Bloom 2025-06,by_status,Fished,63.041666666666664,15.198492042092049,12,5.75,0.25,2,-57.291666666666664,9.120951751487112,-90.87904824851289,FALSE,High
location,Southern Yorke,total_abundance,M1 fish total abundance,period_split,Bloom 2025-06,overall,Overall,63.041666666666664,15.198492042092049,12,5.75,0.25,2,-57.291666666666664,9.120951751487112,-90.87904824851289,FALSE,High
location,Southern Yorke,total_abundance,M1 fish total abundance,period_split,Bloom 2026-04,by_status,Fished,63.041666666666664,15.198492042092049,12,46.416666666666664,13.682663402195415,12,-16.625,73.62855254461334,-26.371447455386658,FALSE,Medium
location,Southern Yorke,total_abundance,M1 fish total abundance,period_split,Bloom 2026-04,overall,Overall,63.041666666666664,15.198492042092049,12,46.416666666666664,13.682663402195415,12,-16.625,73.62855254461334,-26.371447455386658,FALSE,Medium
location,Southern Yorke,total_abundance,M2 fish total abundance,period,Bloom,by_status,Fished,1.5263157894736843,0.5990656518934692,19,4.7,1.4661254412647673,15,3.173684210526316,307.9310344827586,207.9310344827586,FALSE,Low
location,Southern Yorke,total_abundance,M2 fish total abundance,period,Bloom,overall,Overall,1.5263157894736843,0.5990656518934692,19,4.7,1.4661254412647673,15,3.173684210526316,307.9310344827586,207.9310344827586,FALSE,Low
location,Southern Yorke,total_abundance,M2 fish total abundance,period_split,Bloom 2025-06,by_status,Fished,1.5263157894736843,0.5990656518934692,19,3.1666666666666665,1.4529663145135578,3,1.6403508771929822,207.47126436781608,107.47126436781608,FALSE,Low
location,Southern Yorke,total_abundance,M2 fish total abundance,period_split,Bloom 2025-06,overall,Overall,1.5263157894736843,0.5990656518934692,19,3.1666666666666665,1.4529663145135578,3,1.6403508771929822,207.47126436781608,107.47126436781608,FALSE,Low
location,Southern Yorke,total_abundance,M2 fish total abundance,period_split,Bloom 2026-04,by_status,Fished,1.5263157894736843,0.5990656518934692,19,5.083333333333333,1.8047006523089764,12,3.557017543859649,333.04597701149424,233.04597701149424,FALSE,Low
location,Southern Yorke,total_abundance,M2 fish total abundance,period_split,Bloom 2026-04,overall,Overall,1.5263157894736843,0.5990656518934692,19,5.083333333333333,1.8047006523089764,12,3.557017543859649,333.04597701149424,233.04597701149424,FALSE,Low
location,Southern Yorke,total_abundance,M2 invertebrate total abundance,period,Bloom,by_status,Fished,56.8,10.336089049640838,20,22.7,5.763555450290335,15,-34.099999999999994,39.96478873239437,-60.03521126760563,FALSE,High
location,Southern Yorke,total_abundance,M2 invertebrate total abundance,period,Bloom,overall,Overall,56.8,10.336089049640838,20,22.7,5.763555450290335,15,-34.099999999999994,39.96478873239437,-60.03521126760563,FALSE,High
location,Southern Yorke,total_abundance,M2 invertebrate total abundance,period_split,Bloom 2025-06,by_status,Fished,56.8,10.336089049640838,20,51.333333333333336,24.18045583615918,3,-5.4666666666666615,90.3755868544601,-9.624413145539904,FALSE,Low
location,Southern Yorke,total_abundance,M2 invertebrate total abundance,period_split,Bloom 2025-06,overall,Overall,56.8,10.336089049640838,20,51.333333333333336,24.18045583615918,3,-5.4666666666666615,90.3755868544601,-9.624413145539904,FALSE,Low
location,Southern Yorke,total_abundance,M2 invertebrate total abundance,period_split,Bloom 2026-04,by_status,Fished,56.8,10.336089049640838,20,15.541666666666666,1.7259805440339817,12,-41.25833333333333,27.362089201877936,-72.63791079812206,FALSE,High
location,Southern Yorke,total_abundance,M2 invertebrate total abundance,period_split,Bloom 2026-04,overall,Overall,56.8,10.336089049640838,20,15.541666666666666,1.7259805440339817,12,-41.25833333333333,27.362089201877936,-72.63791079812206,FALSE,High
location,Sponge Gardens,b20,M1 fish B20 biomass,period,Bloom,by_status,Fished,11.426996414279479,0.9935869727466179,60,10.514581127935765,1.0711145891014147,12,-0.9124152863437143,92.01526583833058,-7.984734161669422,FALSE,Low
location,Sponge Gardens,b20,M1 fish B20 biomass,period,Bloom,by_status,No-take,11.384218876942134,0.8089905420724999,68,12.844765716011603,2.3717415658871093,8,1.460546839069469,112.82957447372779,12.829574473727789,FALSE,Low
location,Sponge Gardens,b20,M1 fish B20 biomass,period,Bloom,overall,Overall,11.404270847569014,0.6311969066916432,128,11.4466549631661,1.1384586917173067,20,0.04238411559708588,100.37165125384688,0.3716512538468777,FALSE,Low
location,Sponge Gardens,b20,M1 fish B20 biomass,period_split,Bloom 2026-02,by_status,Fished,11.426996414279479,0.9935869727466179,60,10.514581127935765,1.0711145891014147,12,-0.9124152863437143,92.01526583833058,-7.984734161669422,FALSE,Low
location,Sponge Gardens,b20,M1 fish B20 biomass,period_split,Bloom 2026-02,by_status,No-take,11.384218876942134,0.8089905420724999,68,12.844765716011603,2.3717415658871093,8,1.460546839069469,112.82957447372779,12.829574473727789,FALSE,Low
location,Sponge Gardens,b20,M1 fish B20 biomass,period_split,Bloom 2026-02,overall,Overall,11.404270847569014,0.6311969066916432,128,11.4466549631661,1.1384586917173067,20,0.04238411559708588,100.37165125384688,0.3716512538468777,FALSE,Low
location,Sponge Gardens,b20,M2 fish B20 biomass,period,Bloom,by_status,Fished,0.15940759216746275,0.03843982543081637,60,0.09605302855951865,0.03180590745949696,12,-0.0633545636079441,60.25624454487204,-39.74375545512796,FALSE,Medium
location,Sponge Gardens,b20,M2 fish B20 biomass,period,Bloom,by_status,No-take,0.25534600692202414,0.05008856869135496,68,0.10792302161772553,0.031594563710179616,8,-0.1474229853042986,42.26540407607875,-57.73459592392125,FALSE,High
location,Sponge Gardens,b20,M2 fish B20 biomass,period,Bloom,overall,Overall,0.2103748750058235,0.03229507079200117,128,0.1008010257828014,0.022367134299748445,20,-0.1095738492230221,47.914954568605715,-52.085045431394285,FALSE,High
location,Sponge Gardens,b20,M2 fish B20 biomass,period_split,Bloom 2026-02,by_status,Fished,0.15940759216746275,0.03843982543081637,60,0.09605302855951865,0.03180590745949696,12,-0.0633545636079441,60.25624454487204,-39.74375545512796,FALSE,Medium
location,Sponge Gardens,b20,M2 fish B20 biomass,period_split,Bloom 2026-02,by_status,No-take,0.25534600692202414,0.05008856869135496,68,0.10792302161772553,0.031594563710179616,8,-0.1474229853042986,42.26540407607875,-57.73459592392125,FALSE,High
location,Sponge Gardens,b20,M2 fish B20 biomass,period_split,Bloom 2026-02,overall,Overall,0.2103748750058235,0.03229507079200117,128,0.1008010257828014,0.022367134299748445,20,-0.1095738492230221,47.914954568605715,-52.085045431394285,FALSE,High
location,Sponge Gardens,invert_phylum_abundance,M2 invertebrate Arthropoda abundance,period,Bloom,by_status,Fished,1.5,0.16295297578253728,60,6.083333333333333,0.36841867926629784,12,4.583333333333333,405.55555555555554,305.55555555555554,FALSE,Low
location,Sponge Gardens,invert_phylum_abundance,M2 invertebrate Arthropoda abundance,period,Bloom,by_status,No-take,1.411764705882353,0.32288026503286643,68,6.375,0.6927558836168151,8,4.963235294117647,451.5625,351.5625,FALSE,Low
location,Sponge Gardens,invert_phylum_abundance,M2 invertebrate Arthropoda abundance,period,Bloom,overall,Overall,1.453125,0.18712540500905572,128,6.2,0.3448874721138079,20,4.746875,426.6666666666667,326.6666666666667,FALSE,Low
location,Sponge Gardens,invert_phylum_abundance,M2 invertebrate Arthropoda abundance,period_split,Bloom 2026-02,by_status,Fished,1.5,0.16295297578253728,60,6.083333333333333,0.36841867926629784,12,4.583333333333333,405.55555555555554,305.55555555555554,FALSE,Low
location,Sponge Gardens,invert_phylum_abundance,M2 invertebrate Arthropoda abundance,period_split,Bloom 2026-02,by_status,No-take,1.411764705882353,0.32288026503286643,68,6.375,0.6927558836168151,8,4.963235294117647,451.5625,351.5625,FALSE,Low
location,Sponge Gardens,invert_phylum_abundance,M2 invertebrate Arthropoda abundance,period_split,Bloom 2026-02,overall,Overall,1.453125,0.18712540500905572,128,6.2,0.3448874721138079,20,4.746875,426.6666666666667,326.6666666666667,FALSE,Low
location,Sponge Gardens,invert_phylum_abundance,M2 invertebrate Chordata abundance,period,Bloom,by_status,Fished,0,0,60,0,0,12,0,NA,NA,TRUE,Undefined - pre-bloom zero
location,Sponge Gardens,invert_phylum_abundance,M2 invertebrate Chordata abundance,period,Bloom,by_status,No-take,0.7941176470588235,0.5577134207373046,68,0,0,8,-0.7941176470588235,0,-100,FALSE,High
location,Sponge Gardens,invert_phylum_abundance,M2 invertebrate Chordata abundance,period,Bloom,overall,Overall,0.421875,0.2973408591013716,128,0,0,20,-0.421875,0,-100,FALSE,High
location,Sponge Gardens,invert_phylum_abundance,M2 invertebrate Chordata abundance,period_split,Bloom 2026-02,by_status,Fished,0,0,60,0,0,12,0,NA,NA,TRUE,Undefined - pre-bloom zero
location,Sponge Gardens,invert_phylum_abundance,M2 invertebrate Chordata abundance,period_split,Bloom 2026-02,by_status,No-take,0.7941176470588235,0.5577134207373046,68,0,0,8,-0.7941176470588235,0,-100,FALSE,High
location,Sponge Gardens,invert_phylum_abundance,M2 invertebrate Chordata abundance,period_split,Bloom 2026-02,overall,Overall,0.421875,0.2973408591013716,128,0,0,20,-0.421875,0,-100,FALSE,High
location,Sponge Gardens,invert_phylum_abundance,M2 invertebrate Cnidaria abundance,period,Bloom,by_status,Fished,0,0,60,0,0,12,0,NA,NA,TRUE,Undefined - pre-bloom zero
location,Sponge Gardens,invert_phylum_abundance,M2 invertebrate Cnidaria abundance,period,Bloom,by_status,No-take,0,0,68,0,0,8,0,NA,NA,TRUE,Undefined - pre-bloom zero
location,Sponge Gardens,invert_phylum_abundance,M2 invertebrate Cnidaria abundance,period,Bloom,overall,Overall,0,0,128,0,0,20,0,NA,NA,TRUE,Undefined - pre-bloom zero
location,Sponge Gardens,invert_phylum_abundance,M2 invertebrate Cnidaria abundance,period_split,Bloom 2026-02,by_status,Fished,0,0,60,0,0,12,0,NA,NA,TRUE,Undefined - pre-bloom zero
location,Sponge Gardens,invert_phylum_abundance,M2 invertebrate Cnidaria abundance,period_split,Bloom 2026-02,by_status,No-take,0,0,68,0,0,8,0,NA,NA,TRUE,Undefined - pre-bloom zero
location,Sponge Gardens,invert_phylum_abundance,M2 invertebrate Cnidaria abundance,period_split,Bloom 2026-02,overall,Overall,0,0,128,0,0,20,0,NA,NA,TRUE,Undefined - pre-bloom zero
location,Sponge Gardens,invert_phylum_abundance,M2 invertebrate Echinodermata abundance,period,Bloom,by_status,Fished,6.483333333333333,0.8796961682303992,60,2,0.33143398263980844,12,-4.483333333333333,30.848329048843187,-69.15167095115682,FALSE,High
location,Sponge Gardens,invert_phylum_abundance,M2 invertebrate Echinodermata abundance,period,Bloom,by_status,No-take,22.529411764705884,1.5210652239071958,68,3.625,0.6391260774347599,8,-18.904411764705884,16.090078328981722,-83.90992167101828,FALSE,High
location,Sponge Gardens,invert_phylum_abundance,M2 invertebrate Echinodermata abundance,period,Bloom,overall,Overall,15.0078125,1.1497039424282192,128,2.65,0.3629194487979247,20,-12.3578125,17.65747006767309,-82.34252993232691,FALSE,High
location,Sponge Gardens,invert_phylum_abundance,M2 invertebrate Echinodermata abundance,period_split,Bloom 2026-02,by_status,Fished,6.483333333333333,0.8796961682303992,60,2,0.33143398263980844,12,-4.483333333333333,30.848329048843187,-69.15167095115682,FALSE,High
location,Sponge Gardens,invert_phylum_abundance,M2 invertebrate Echinodermata abundance,period_split,Bloom 2026-02,by_status,No-take,22.529411764705884,1.5210652239071958,68,3.625,0.6391260774347599,8,-18.904411764705884,16.090078328981722,-83.90992167101828,FALSE,High
location,Sponge Gardens,invert_phylum_abundance,M2 invertebrate Echinodermata abundance,period_split,Bloom 2026-02,overall,Overall,15.0078125,1.1497039424282192,128,2.65,0.3629194487979247,20,-12.3578125,17.65747006767309,-82.34252993232691,FALSE,High
location,Sponge Gardens,invert_phylum_abundance,M2 invertebrate Mollusca abundance,period,Bloom,by_status,Fished,2.775,0.308409671417303,60,7.708333333333333,1.0965827314291827,12,4.933333333333334,277.77777777777777,177.77777777777777,FALSE,Low
location,Sponge Gardens,invert_phylum_abundance,M2 invertebrate Mollusca abundance,period,Bloom,by_status,No-take,1.7279411764705883,0.25195326144668756,68,4.9375,1.1157856777049204,8,3.2095588235294117,285.74468085106383,185.74468085106383,FALSE,Low
location,Sponge Gardens,invert_phylum_abundance,M2 invertebrate Mollusca abundance,period,Bloom,overall,Overall,2.21875,0.20162891652814818,128,6.6,0.8355584328680083,20,4.38125,297.46478873239437,197.46478873239437,FALSE,Low
location,Sponge Gardens,invert_phylum_abundance,M2 invertebrate Mollusca abundance,period_split,Bloom 2026-02,by_status,Fished,2.775,0.308409671417303,60,7.708333333333333,1.0965827314291827,12,4.933333333333334,277.77777777777777,177.77777777777777,FALSE,Low
location,Sponge Gardens,invert_phylum_abundance,M2 invertebrate Mollusca abundance,period_split,Bloom 2026-02,by_status,No-take,1.7279411764705883,0.25195326144668756,68,4.9375,1.1157856777049204,8,3.2095588235294117,285.74468085106383,185.74468085106383,FALSE,Low
location,Sponge Gardens,invert_phylum_abundance,M2 invertebrate Mollusca abundance,period_split,Bloom 2026-02,overall,Overall,2.21875,0.20162891652814818,128,6.6,0.8355584328680083,20,4.38125,297.46478873239437,197.46478873239437,FALSE,Low
location,Sponge Gardens,invert_phylum_abundance,M2 invertebrate Platyhelminthes abundance,period,Bloom,by_status,Fished,0,0,60,0,0,12,0,NA,NA,TRUE,Undefined - pre-bloom zero
location,Sponge Gardens,invert_phylum_abundance,M2 invertebrate Platyhelminthes abundance,period,Bloom,by_status,No-take,0,0,68,0,0,8,0,NA,NA,TRUE,Undefined - pre-bloom zero
location,Sponge Gardens,invert_phylum_abundance,M2 invertebrate Platyhelminthes abundance,period,Bloom,overall,Overall,0,0,128,0,0,20,0,NA,NA,TRUE,Undefined - pre-bloom zero
location,Sponge Gardens,invert_phylum_abundance,M2 invertebrate Platyhelminthes abundance,period_split,Bloom 2026-02,by_status,Fished,0,0,60,0,0,12,0,NA,NA,TRUE,Undefined - pre-bloom zero
location,Sponge Gardens,invert_phylum_abundance,M2 invertebrate Platyhelminthes abundance,period_split,Bloom 2026-02,by_status,No-take,0,0,68,0,0,8,0,NA,NA,TRUE,Undefined - pre-bloom zero
location,Sponge Gardens,invert_phylum_abundance,M2 invertebrate Platyhelminthes abundance,period_split,Bloom 2026-02,overall,Overall,0,0,128,0,0,20,0,NA,NA,TRUE,Undefined - pre-bloom zero
location,Sponge Gardens,invert_phylum_richness,M2 invertebrate Arthropoda species richness,period,Bloom,by_status,Fished,1.0083333333333333,0.08692134462063465,60,2.25,0.15691147861521196,12,1.2416666666666667,223.1404958677686,123.1404958677686,FALSE,Low
location,Sponge Gardens,invert_phylum_richness,M2 invertebrate Arthropoda species richness,period,Bloom,by_status,No-take,0.7573529411764706,0.08281473278920407,68,2.3125,0.2662152056406352,8,1.5551470588235294,305.33980582524276,205.33980582524276,FALSE,Low
location,Sponge Gardens,invert_phylum_richness,M2 invertebrate Arthropoda species richness,period,Bloom,overall,Overall,0.875,0.06075314709453135,128,2.275,0.13800743687055037,20,1.4,260,160,FALSE,Low
location,Sponge Gardens,invert_phylum_richness,M2 invertebrate Arthropoda species richness,period_split,Bloom 2026-02,by_status,Fished,1.0083333333333333,0.08692134462063465,60,2.25,0.15691147861521196,12,1.2416666666666667,223.1404958677686,123.1404958677686,FALSE,Low
location,Sponge Gardens,invert_phylum_richness,M2 invertebrate Arthropoda species richness,period_split,Bloom 2026-02,by_status,No-take,0.7573529411764706,0.08281473278920407,68,2.3125,0.2662152056406352,8,1.5551470588235294,305.33980582524276,205.33980582524276,FALSE,Low
location,Sponge Gardens,invert_phylum_richness,M2 invertebrate Arthropoda species richness,period_split,Bloom 2026-02,overall,Overall,0.875,0.06075314709453135,128,2.275,0.13800743687055037,20,1.4,260,160,FALSE,Low
location,Sponge Gardens,invert_phylum_richness,M2 invertebrate Echinodermata species richness,period,Bloom,by_status,Fished,2.0833333333333335,0.15996409672502956,60,1.5,0.2383656473113981,12,-0.5833333333333335,72,-28,FALSE,Medium
location,Sponge Gardens,invert_phylum_richness,M2 invertebrate Echinodermata species richness,period,Bloom,by_status,No-take,3.5955882352941178,0.15081624306635166,68,2.1875,0.3527633261631859,8,-1.4080882352941178,60.83844580777096,-39.16155419222904,FALSE,Medium
location,Sponge Gardens,invert_phylum_richness,M2 invertebrate Echinodermata species richness,period,Bloom,overall,Overall,2.88671875,0.12818468263175994,128,1.775,0.2098715145787511,20,-1.11171875,61.488497970230036,-38.511502029769964,FALSE,Medium
location,Sponge Gardens,invert_phylum_richness,M2 invertebrate Echinodermata species richness,period_split,Bloom 2026-02,by_status,Fished,2.0833333333333335,0.15996409672502956,60,1.5,0.2383656473113981,12,-0.5833333333333335,72,-28,FALSE,Medium
location,Sponge Gardens,invert_phylum_richness,M2 invertebrate Echinodermata species richness,period_split,Bloom 2026-02,by_status,No-take,3.5955882352941178,0.15081624306635166,68,2.1875,0.3527633261631859,8,-1.4080882352941178,60.83844580777096,-39.16155419222904,FALSE,Medium
location,Sponge Gardens,invert_phylum_richness,M2 invertebrate Echinodermata species richness,period_split,Bloom 2026-02,overall,Overall,2.88671875,0.12818468263175994,128,1.775,0.2098715145787511,20,-1.11171875,61.488497970230036,-38.511502029769964,FALSE,Medium
location,Sponge Gardens,invert_phylum_richness,M2 invertebrate Mollusca species richness,period,Bloom,by_status,Fished,1.625,0.11437931245922081,60,2,0.18463723646899913,12,0.375,123.07692307692308,23.07692307692308,FALSE,Low
location,Sponge Gardens,invert_phylum_richness,M2 invertebrate Mollusca species richness,period,Bloom,by_status,No-take,1.1029411764705883,0.12061392903855699,68,1.6875,0.3651993095753136,8,0.5845588235294117,152.99999999999997,52.99999999999997,FALSE,Low
location,Sponge Gardens,invert_phylum_richness,M2 invertebrate Mollusca species richness,period,Bloom,overall,Overall,1.34765625,0.08637468765789841,128,1.875,0.18091507167147441,20,0.52734375,139.1304347826087,39.13043478260869,FALSE,Low
location,Sponge Gardens,invert_phylum_richness,M2 invertebrate Mollusca species richness,period_split,Bloom 2026-02,by_status,Fished,1.625,0.11437931245922081,60,2,0.18463723646899913,12,0.375,123.07692307692308,23.07692307692308,FALSE,Low
location,Sponge Gardens,invert_phylum_richness,M2 invertebrate Mollusca species richness,period_split,Bloom 2026-02,by_status,No-take,1.1029411764705883,0.12061392903855699,68,1.6875,0.3651993095753136,8,0.5845588235294117,152.99999999999997,52.99999999999997,FALSE,Low
location,Sponge Gardens,invert_phylum_richness,M2 invertebrate Mollusca species richness,period_split,Bloom 2026-02,overall,Overall,1.34765625,0.08637468765789841,128,1.875,0.18091507167147441,20,0.52734375,139.1304347826087,39.13043478260869,FALSE,Low
location,Sponge Gardens,invert_phylum_shannon,M2 invertebrate Arthropoda Shannon diversity,period,Bloom,by_status,Fished,0.2057453263106801,0.031547751252393,60,0.6535352622599837,0.0620347216372244,12,0.4477899359493036,317.64282279400635,217.64282279400635,FALSE,Low
location,Sponge Gardens,invert_phylum_shannon,M2 invertebrate Arthropoda Shannon diversity,period,Bloom,by_status,No-take,0.13225013982515335,0.02610825230815641,68,0.6294897087413813,0.12355532829738415,8,0.497239568916228,475.9841536452239,375.9841536452239,FALSE,Low
location,Sponge Gardens,invert_phylum_shannon,M2 invertebrate Arthropoda Shannon diversity,period,Bloom,overall,Overall,0.16670100849024402,0.020453989173269925,128,0.6439170408525428,0.05994829484483596,20,0.4772160323622987,386.27063308391877,286.27063308391877,FALSE,Low
location,Sponge Gardens,invert_phylum_shannon,M2 invertebrate Arthropoda Shannon diversity,period_split,Bloom 2026-02,by_status,Fished,0.2057453263106801,0.031547751252393,60,0.6535352622599837,0.0620347216372244,12,0.4477899359493036,317.64282279400635,217.64282279400635,FALSE,Low
location,Sponge Gardens,invert_phylum_shannon,M2 invertebrate Arthropoda Shannon diversity,period_split,Bloom 2026-02,by_status,No-take,0.13225013982515335,0.02610825230815641,68,0.6294897087413813,0.12355532829738415,8,0.497239568916228,475.9841536452239,375.9841536452239,FALSE,Low
location,Sponge Gardens,invert_phylum_shannon,M2 invertebrate Arthropoda Shannon diversity,period_split,Bloom 2026-02,overall,Overall,0.16670100849024402,0.020453989173269925,128,0.6439170408525428,0.05994829484483596,20,0.4772160323622987,386.27063308391877,286.27063308391877,FALSE,Low
location,Sponge Gardens,invert_phylum_shannon,M2 invertebrate Echinodermata Shannon diversity,period,Bloom,by_status,Fished,0.5059572578765932,0.049547097354420984,60,0.41164422710660753,0.08324934816888062,12,-0.09431303076998565,81.35948653730168,-18.640513462698323,FALSE,Low
location,Sponge Gardens,invert_phylum_shannon,M2 invertebrate Echinodermata Shannon diversity,period,Bloom,by_status,No-take,0.7264002564585648,0.0383381657558753,68,0.589718928158515,0.12482036694880501,8,-0.13668132830004975,81.18374448731403,-18.81625551268597,FALSE,Low
location,Sponge Gardens,invert_phylum_shannon,M2 invertebrate Echinodermata Shannon diversity,period,Bloom,overall,Overall,0.6230676008732656,0.03227725458052351,128,0.4828741075273705,0.07144224285443802,20,-0.14019349334589515,77.49947306690224,-22.50052693309776,FALSE,Medium
location,Sponge Gardens,invert_phylum_shannon,M2 invertebrate Echinodermata Shannon diversity,period_split,Bloom 2026-02,by_status,Fished,0.5059572578765932,0.049547097354420984,60,0.41164422710660753,0.08324934816888062,12,-0.09431303076998565,81.35948653730168,-18.640513462698323,FALSE,Low
location,Sponge Gardens,invert_phylum_shannon,M2 invertebrate Echinodermata Shannon diversity,period_split,Bloom 2026-02,by_status,No-take,0.7264002564585648,0.0383381657558753,68,0.589718928158515,0.12482036694880501,8,-0.13668132830004975,81.18374448731403,-18.81625551268597,FALSE,Low
location,Sponge Gardens,invert_phylum_shannon,M2 invertebrate Echinodermata Shannon diversity,period_split,Bloom 2026-02,overall,Overall,0.6230676008732656,0.03227725458052351,128,0.4828741075273705,0.07144224285443802,20,-0.14019349334589515,77.49947306690224,-22.50052693309776,FALSE,Medium
location,Sponge Gardens,invert_phylum_shannon,M2 invertebrate Mollusca Shannon diversity,period,Bloom,by_status,Fished,0.38526534730946727,0.044909102378803724,60,0.49410282275738676,0.06432648751711285,12,0.1088374754479195,128.25000385007246,28.25000385007246,FALSE,Low
location,Sponge Gardens,invert_phylum_shannon,M2 invertebrate Mollusca Shannon diversity,period,Bloom,by_status,No-take,0.26107237003658934,0.043661009709506426,68,0.3895805769677733,0.13022639593630977,8,0.12850820693118398,149.22321228905744,49.22321228905744,FALSE,Low
location,Sponge Gardens,invert_phylum_shannon,M2 invertebrate Mollusca Shannon diversity,period,Bloom,overall,Overall,0.31928782813325085,0.03168130976084825,128,0.4522939244415414,0.0638324516952309,20,0.13300609630829052,141.65711454956624,41.657114549566245,FALSE,Low
location,Sponge Gardens,invert_phylum_shannon,M2 invertebrate Mollusca Shannon diversity,period_split,Bloom 2026-02,by_status,Fished,0.38526534730946727,0.044909102378803724,60,0.49410282275738676,0.06432648751711285,12,0.1088374754479195,128.25000385007246,28.25000385007246,FALSE,Low
location,Sponge Gardens,invert_phylum_shannon,M2 invertebrate Mollusca Shannon diversity,period_split,Bloom 2026-02,by_status,No-take,0.26107237003658934,0.043661009709506426,68,0.3895805769677733,0.13022639593630977,8,0.12850820693118398,149.22321228905744,49.22321228905744,FALSE,Low
location,Sponge Gardens,invert_phylum_shannon,M2 invertebrate Mollusca Shannon diversity,period_split,Bloom 2026-02,overall,Overall,0.31928782813325085,0.03168130976084825,128,0.4522939244415414,0.0638324516952309,20,0.13300609630829052,141.65711454956624,41.657114549566245,FALSE,Low
location,Sponge Gardens,invert_phylum_simpson,M2 invertebrate Arthropoda Simpson diversity,period,Bloom,by_status,Fished,0.9684157200823867,0.08077195271563715,60,1.8627622197442215,0.13447180342544965,12,0.8943464996618348,192.35150577540702,92.35150577540702,FALSE,Low
location,Sponge Gardens,invert_phylum_simpson,M2 invertebrate Arthropoda Simpson diversity,period,Bloom,by_status,No-take,0.7269360448739146,0.07854223987145474,68,1.8569008418453934,0.2197894419387345,8,1.1299647969714788,255.44211969396406,155.44211969396406,FALSE,Low
location,Sponge Gardens,invert_phylum_simpson,M2 invertebrate Arthropoda Simpson diversity,period,Bloom,overall,Overall,0.8401296426278859,0.0571313743089649,128,1.8604176685846903,0.11576167828656807,20,1.0202880259568043,221.4441169776359,121.4441169776359,FALSE,Low
location,Sponge Gardens,invert_phylum_simpson,M2 invertebrate Arthropoda Simpson diversity,period_split,Bloom 2026-02,by_status,Fished,0.9684157200823867,0.08077195271563715,60,1.8627622197442215,0.13447180342544965,12,0.8943464996618348,192.35150577540702,92.35150577540702,FALSE,Low
location,Sponge Gardens,invert_phylum_simpson,M2 invertebrate Arthropoda Simpson diversity,period_split,Bloom 2026-02,by_status,No-take,0.7269360448739146,0.07854223987145474,68,1.8569008418453934,0.2197894419387345,8,1.1299647969714788,255.44211969396406,155.44211969396406,FALSE,Low
location,Sponge Gardens,invert_phylum_simpson,M2 invertebrate Arthropoda Simpson diversity,period_split,Bloom 2026-02,overall,Overall,0.8401296426278859,0.0571313743089649,128,1.8604176685846903,0.11576167828656807,20,1.0202880259568043,221.4441169776359,121.4441169776359,FALSE,Low
location,Sponge Gardens,invert_phylum_simpson,M2 invertebrate Echinodermata Simpson diversity,period,Bloom,by_status,Fished,1.5587786851257985,0.10788619412804139,60,1.381917755447167,0.2280816039471627,12,-0.17686092967863143,88.65387810557866,-11.346121894421344,FALSE,Low
location,Sponge Gardens,invert_phylum_simpson,M2 invertebrate Echinodermata Simpson diversity,period,Bloom,by_status,No-take,1.7533823873823462,0.06437923193790507,68,2.0166971916971916,0.30884065109756564,8,0.26331480431484544,115.0175344642279,15.017534464227893,FALSE,Low
location,Sponge Gardens,invert_phylum_simpson,M2 invertebrate Echinodermata Simpson diversity,period,Bloom,overall,Overall,1.6621619019495895,0.06140472277130055,128,1.635829529947177,0.1929163926886157,20,-0.026332372002412452,98.41577574533945,-1.5842242546605547,FALSE,Low
location,Sponge Gardens,invert_phylum_simpson,M2 invertebrate Echinodermata Simpson diversity,period_split,Bloom 2026-02,by_status,Fished,1.5587786851257985,0.10788619412804139,60,1.381917755447167,0.2280816039471627,12,-0.17686092967863143,88.65387810557866,-11.346121894421344,FALSE,Low
location,Sponge Gardens,invert_phylum_simpson,M2 invertebrate Echinodermata Simpson diversity,period_split,Bloom 2026-02,by_status,No-take,1.7533823873823462,0.06437923193790507,68,2.0166971916971916,0.30884065109756564,8,0.26331480431484544,115.0175344642279,15.017534464227893,FALSE,Low
location,Sponge Gardens,invert_phylum_simpson,M2 invertebrate Echinodermata Simpson diversity,period_split,Bloom 2026-02,overall,Overall,1.6621619019495895,0.06140472277130055,128,1.635829529947177,0.1929163926886157,20,-0.026332372002412452,98.41577574533945,-1.5842242546605547,FALSE,Low
location,Sponge Gardens,invert_phylum_simpson,M2 invertebrate Mollusca Simpson diversity,period,Bloom,by_status,Fished,1.4634515766215244,0.09816734170182477,60,1.4829146719426287,0.1300743615802365,12,0.01946309532110435,101.32994460712095,1.3299446071209502,FALSE,Low
location,Sponge Gardens,invert_phylum_simpson,M2 invertebrate Mollusca Simpson diversity,period,Bloom,by_status,No-take,1.0105375420427323,0.10474462421026776,68,1.3937195121951218,0.26528495106307565,8,0.38318197015238953,137.91862787975333,37.91862787975333,FALSE,Low
location,Sponge Gardens,invert_phylum_simpson,M2 invertebrate Mollusca Simpson diversity,period,Bloom,overall,Overall,1.2228409957515411,0.07467069512523679,128,1.4472366080436259,0.1278630274659114,20,0.2243956122920847,118.35035078736253,18.35035078736253,FALSE,Low
location,Sponge Gardens,invert_phylum_simpson,M2 invertebrate Mollusca Simpson diversity,period_split,Bloom 2026-02,by_status,Fished,1.4634515766215244,0.09816734170182477,60,1.4829146719426287,0.1300743615802365,12,0.01946309532110435,101.32994460712095,1.3299446071209502,FALSE,Low
location,Sponge Gardens,invert_phylum_simpson,M2 invertebrate Mollusca Simpson diversity,period_split,Bloom 2026-02,by_status,No-take,1.0105375420427323,0.10474462421026776,68,1.3937195121951218,0.26528495106307565,8,0.38318197015238953,137.91862787975333,37.91862787975333,FALSE,Low
location,Sponge Gardens,invert_phylum_simpson,M2 invertebrate Mollusca Simpson diversity,period_split,Bloom 2026-02,overall,Overall,1.2228409957515411,0.07467069512523679,128,1.4472366080436259,0.1278630274659114,20,0.2243956122920847,118.35035078736253,18.35035078736253,FALSE,Low
location,Sponge Gardens,shannon_diversity,M1 fish Shannon diversity,period,Bloom,by_status,Fished,1.9449936735942528,0.03874981699683766,60,1.6904204846502293,0.05603154287861383,12,-0.2545731889440235,86.91136159463261,-13.08863840536739,FALSE,Low
location,Sponge Gardens,shannon_diversity,M1 fish Shannon diversity,period,Bloom,by_status,No-take,1.854400628471931,0.03992734426089484,68,1.5635223519615837,0.05990370443330599,8,-0.29087827651034726,84.31416210476385,-15.685837895236148,FALSE,Low
location,Sponge Gardens,shannon_diversity,M1 fish Shannon diversity,period,Bloom,overall,Overall,1.8968661183730193,0.028104733333153335,128,1.6396612315747712,0.0426943521318823,20,-0.25720488679824816,86.44053555983919,-13.55946444016081,FALSE,Low
location,Sponge Gardens,shannon_diversity,M1 fish Shannon diversity,period_split,Bloom 2026-02,by_status,Fished,1.9449936735942528,0.03874981699683766,60,1.6904204846502293,0.05603154287861383,12,-0.2545731889440235,86.91136159463261,-13.08863840536739,FALSE,Low
location,Sponge Gardens,shannon_diversity,M1 fish Shannon diversity,period_split,Bloom 2026-02,by_status,No-take,1.854400628471931,0.03992734426089484,68,1.5635223519615837,0.05990370443330599,8,-0.29087827651034726,84.31416210476385,-15.685837895236148,FALSE,Low
location,Sponge Gardens,shannon_diversity,M1 fish Shannon diversity,period_split,Bloom 2026-02,overall,Overall,1.8968661183730193,0.028104733333153335,128,1.6396612315747712,0.0426943521318823,20,-0.25720488679824816,86.44053555983919,-13.55946444016081,FALSE,Low
location,Sponge Gardens,shannon_diversity,M2 fish Shannon diversity,period,Bloom,by_status,Fished,0.21209545922396664,0.036300810446814644,60,0.2633203371563942,0.08675534651726441,12,0.051224877932427554,124.15180321156029,24.151803211560292,FALSE,Low
location,Sponge Gardens,shannon_diversity,M2 fish Shannon diversity,period,Bloom,by_status,No-take,0.23235560130849262,0.03540746839784215,68,0.1462093512136225,0.06384336861823339,8,-0.08614625009487012,62.92482315479197,-37.07517684520803,FALSE,Medium
location,Sponge Gardens,shannon_diversity,M2 fish Shannon diversity,period,Bloom,overall,Overall,0.22285865970637106,0.025281049389476274,128,0.21647594277928553,0.058209767184900195,20,-0.00638271692708553,97.13597984682528,-2.864020153174721,FALSE,Low
location,Sponge Gardens,shannon_diversity,M2 fish Shannon diversity,period_split,Bloom 2026-02,by_status,Fished,0.21209545922396664,0.036300810446814644,60,0.2633203371563942,0.08675534651726441,12,0.051224877932427554,124.15180321156029,24.151803211560292,FALSE,Low
location,Sponge Gardens,shannon_diversity,M2 fish Shannon diversity,period_split,Bloom 2026-02,by_status,No-take,0.23235560130849262,0.03540746839784215,68,0.1462093512136225,0.06384336861823339,8,-0.08614625009487012,62.92482315479197,-37.07517684520803,FALSE,Medium
location,Sponge Gardens,shannon_diversity,M2 fish Shannon diversity,period_split,Bloom 2026-02,overall,Overall,0.22285865970637106,0.025281049389476274,128,0.21647594277928553,0.058209767184900195,20,-0.00638271692708553,97.13597984682528,-2.864020153174721,FALSE,Low
location,Sponge Gardens,shannon_diversity,M2 invertebrate Shannon diversity,period,Bloom,by_status,Fished,1.1792802738732362,0.05865604181525692,60,1.41254660417324,0.07116232015444085,12,0.23326633030000377,119.780397880638,19.780397880638006,FALSE,Low
location,Sponge Gardens,shannon_diversity,M2 invertebrate Shannon diversity,period,Bloom,by_status,No-take,1.0493755984685789,0.04035512778080302,68,1.525226179795365,0.10445270442470427,8,0.47585058132678615,145.34606884524717,45.346068845247174,FALSE,Low
location,Sponge Gardens,shannon_diversity,M2 invertebrate Shannon diversity,period,Bloom,overall,Overall,1.110268415064512,0.03519576677919113,128,1.45761843442209,0.05939126909961085,20,0.34735001935757803,131.28522928731564,31.285229287315644,FALSE,Low
location,Sponge Gardens,shannon_diversity,M2 invertebrate Shannon diversity,period_split,Bloom 2026-02,by_status,Fished,1.1792802738732362,0.05865604181525692,60,1.41254660417324,0.07116232015444085,12,0.23326633030000377,119.780397880638,19.780397880638006,FALSE,Low
location,Sponge Gardens,shannon_diversity,M2 invertebrate Shannon diversity,period_split,Bloom 2026-02,by_status,No-take,1.0493755984685789,0.04035512778080302,68,1.525226179795365,0.10445270442470427,8,0.47585058132678615,145.34606884524717,45.346068845247174,FALSE,Low
location,Sponge Gardens,shannon_diversity,M2 invertebrate Shannon diversity,period_split,Bloom 2026-02,overall,Overall,1.110268415064512,0.03519576677919113,128,1.45761843442209,0.05939126909961085,20,0.34735001935757803,131.28522928731564,31.285229287315644,FALSE,Low
location,Sponge Gardens,simpson_diversity,M1 fish Simpson diversity,period,Bloom,by_status,Fished,5.578487090712452,0.22176809485751095,60,4.271263405648361,0.30595790623023955,12,-1.3072236850640904,76.56669875170152,-23.433301248298477,FALSE,Medium
location,Sponge Gardens,simpson_diversity,M1 fish Simpson diversity,period,Bloom,by_status,No-take,4.900722462398353,0.20278864489008888,68,3.3685042444011715,0.1855039783579026,8,-1.532218217997182,68.73485022354575,-31.26514977645425,FALSE,Medium
location,Sponge Gardens,simpson_diversity,M1 fish Simpson diversity,period,Bloom,overall,Overall,5.218424631920588,0.15210562053322788,128,3.9101597411494855,0.21882150910272777,20,-1.308264890771102,74.92988817413257,-25.07011182586743,FALSE,Medium
location,Sponge Gardens,simpson_diversity,M1 fish Simpson diversity,period_split,Bloom 2026-02,by_status,Fished,5.578487090712452,0.22176809485751095,60,4.271263405648361,0.30595790623023955,12,-1.3072236850640904,76.56669875170152,-23.433301248298477,FALSE,Medium
location,Sponge Gardens,simpson_diversity,M1 fish Simpson diversity,period_split,Bloom 2026-02,by_status,No-take,4.900722462398353,0.20278864489008888,68,3.3685042444011715,0.1855039783579026,8,-1.532218217997182,68.73485022354575,-31.26514977645425,FALSE,Medium
location,Sponge Gardens,simpson_diversity,M1 fish Simpson diversity,period_split,Bloom 2026-02,overall,Overall,5.218424631920588,0.15210562053322788,128,3.9101597411494855,0.21882150910272777,20,-1.308264890771102,74.92988817413257,-25.07011182586743,FALSE,Medium
location,Sponge Gardens,simpson_diversity,M2 fish Simpson diversity,period,Bloom,by_status,Fished,1.0177277071889448,0.08097451215677097,60,1.1161453325246429,0.1772503283391879,12,0.09841762533569809,109.67032975917854,9.670329759178543,FALSE,Low
location,Sponge Gardens,simpson_diversity,M2 fish Simpson diversity,period,Bloom,by_status,No-take,1.1080218717651906,0.07376240413102149,68,0.8264267063926443,0.19063746746368782,8,-0.28159516537254636,74.58577555658383,-25.414224443416174,FALSE,Medium
location,Sponge Gardens,simpson_diversity,M2 fish Simpson diversity,period,Bloom,overall,Overall,1.0656964821200754,0.05448618526033053,128,1.0002578820718433,0.13164164588147642,20,-0.0654386000482321,93.85954620793625,-6.140453792063752,FALSE,Low
location,Sponge Gardens,simpson_diversity,M2 fish Simpson diversity,period_split,Bloom 2026-02,by_status,Fished,1.0177277071889448,0.08097451215677097,60,1.1161453325246429,0.1772503283391879,12,0.09841762533569809,109.67032975917854,9.670329759178543,FALSE,Low
location,Sponge Gardens,simpson_diversity,M2 fish Simpson diversity,period_split,Bloom 2026-02,by_status,No-take,1.1080218717651906,0.07376240413102149,68,0.8264267063926443,0.19063746746368782,8,-0.28159516537254636,74.58577555658383,-25.414224443416174,FALSE,Medium
location,Sponge Gardens,simpson_diversity,M2 fish Simpson diversity,period_split,Bloom 2026-02,overall,Overall,1.0656964821200754,0.05448618526033053,128,1.0002578820718433,0.13164164588147642,20,-0.0654386000482321,93.85954620793625,-6.140453792063752,FALSE,Low
location,Sponge Gardens,simpson_diversity,M2 invertebrate Simpson diversity,period,Bloom,by_status,Fished,3.2598081270716333,0.17302988781706427,60,3.5884754958996186,0.2887682192606985,12,0.3286673688279853,110.08241454760821,10.08241454760821,FALSE,Low
location,Sponge Gardens,simpson_diversity,M2 invertebrate Simpson diversity,period,Bloom,by_status,No-take,2.286275678816088,0.08621012513083025,68,4.277736827396462,0.4441997150214111,8,1.9914611485803744,187.1050314287392,87.10503142873921,FALSE,Low
location,Sponge Gardens,simpson_diversity,M2 invertebrate Simpson diversity,period,Bloom,overall,Overall,2.742619013935875,0.1022797265566717,128,3.8641800284983563,0.2530707956342908,20,1.1215610145624813,140.89379563342823,40.893795633428226,FALSE,Low
location,Sponge Gardens,simpson_diversity,M2 invertebrate Simpson diversity,period_split,Bloom 2026-02,by_status,Fished,3.2598081270716333,0.17302988781706427,60,3.5884754958996186,0.2887682192606985,12,0.3286673688279853,110.08241454760821,10.08241454760821,FALSE,Low
location,Sponge Gardens,simpson_diversity,M2 invertebrate Simpson diversity,period_split,Bloom 2026-02,by_status,No-take,2.286275678816088,0.08621012513083025,68,4.277736827396462,0.4441997150214111,8,1.9914611485803744,187.1050314287392,87.10503142873921,FALSE,Low
location,Sponge Gardens,simpson_diversity,M2 invertebrate Simpson diversity,period_split,Bloom 2026-02,overall,Overall,2.742619013935875,0.1022797265566717,128,3.8641800284983563,0.2530707956342908,20,1.1215610145624813,140.89379563342823,40.893795633428226,FALSE,Low
location,Sponge Gardens,species_richness,M1 fish species richness,period,Bloom,by_status,Fished,12.7,0.33869974036643985,60,9.666666666666666,0.216141554813441,12,-3.033333333333333,76.11548556430446,-23.884514435695536,FALSE,Medium
location,Sponge Gardens,species_richness,M1 fish species richness,period,Bloom,by_status,No-take,13.404411764705882,0.39116916791324596,68,10.4375,0.908479400662762,8,-2.9669117647058822,77.86615469007131,-22.133845309928688,FALSE,Medium
location,Sponge Gardens,species_richness,M1 fish species richness,period,Bloom,overall,Overall,13.07421875,0.2623716551954263,128,9.975,0.38126348121117387,20,-3.0992187500000004,76.29518972213923,-23.704810277860773,FALSE,Medium
location,Sponge Gardens,species_richness,M1 fish species richness,period_split,Bloom 2026-02,by_status,Fished,12.7,0.33869974036643985,60,9.666666666666666,0.216141554813441,12,-3.033333333333333,76.11548556430446,-23.884514435695536,FALSE,Medium
location,Sponge Gardens,species_richness,M1 fish species richness,period_split,Bloom 2026-02,by_status,No-take,13.404411764705882,0.39116916791324596,68,10.4375,0.908479400662762,8,-2.9669117647058822,77.86615469007131,-22.133845309928688,FALSE,Medium
location,Sponge Gardens,species_richness,M1 fish species richness,period_split,Bloom 2026-02,overall,Overall,13.07421875,0.2623716551954263,128,9.975,0.38126348121117387,20,-3.0992187500000004,76.29518972213923,-23.704810277860773,FALSE,Medium
location,Sponge Gardens,species_richness,M2 fish species richness,period,Bloom,by_status,Fished,1.2583333333333333,0.11972878170101076,60,1.3333333333333333,0.26352313834736496,12,0.07499999999999996,105.96026490066224,5.960264900662239,FALSE,Low
location,Sponge Gardens,species_richness,M2 fish species richness,period,Bloom,by_status,No-take,1.3970588235294117,0.12061392903855699,68,1.1875,0.32647330890682535,8,-0.2095588235294117,85.00000000000001,-14.999999999999986,FALSE,Low
location,Sponge Gardens,species_richness,M2 fish species richness,period,Bloom,overall,Overall,1.33203125,0.08506838953349441,128,1.275,0.20024655854852114,20,-0.05703125000000009,95.71847507331378,-4.281524926686217,FALSE,Low
location,Sponge Gardens,species_richness,M2 fish species richness,period_split,Bloom 2026-02,by_status,Fished,1.2583333333333333,0.11972878170101076,60,1.3333333333333333,0.26352313834736496,12,0.07499999999999996,105.96026490066224,5.960264900662239,FALSE,Low
location,Sponge Gardens,species_richness,M2 fish species richness,period_split,Bloom 2026-02,by_status,No-take,1.3970588235294117,0.12061392903855699,68,1.1875,0.32647330890682535,8,-0.2095588235294117,85.00000000000001,-14.999999999999986,FALSE,Low
location,Sponge Gardens,species_richness,M2 fish species richness,period_split,Bloom 2026-02,overall,Overall,1.33203125,0.08506838953349441,128,1.275,0.20024655854852114,20,-0.05703125000000009,95.71847507331378,-4.281524926686217,FALSE,Low
location,Sponge Gardens,species_richness,M2 invertebrate species richness,period,Bloom,by_status,Fished,4.716666666666667,0.27931682865901236,60,5.75,0.3667011003115439,12,1.0333333333333332,121.90812720848056,21.908127208480565,FALSE,Low
location,Sponge Gardens,species_richness,M2 invertebrate species richness,period,Bloom,by_status,No-take,5.485294117647059,0.23865169172743156,68,6.1875,0.6542273250615132,8,0.7022058823529411,112.80160857908848,12.80160857908848,FALSE,Low
location,Sponge Gardens,species_richness,M2 invertebrate species richness,period,Bloom,overall,Overall,5.125,0.18469023331910261,128,5.925,0.3349685766880545,20,0.7999999999999998,115.60975609756096,15.609756097560961,FALSE,Low
location,Sponge Gardens,species_richness,M2 invertebrate species richness,period_split,Bloom 2026-02,by_status,Fished,4.716666666666667,0.27931682865901236,60,5.75,0.3667011003115439,12,1.0333333333333332,121.90812720848056,21.908127208480565,FALSE,Low
location,Sponge Gardens,species_richness,M2 invertebrate species richness,period_split,Bloom 2026-02,by_status,No-take,5.485294117647059,0.23865169172743156,68,6.1875,0.6542273250615132,8,0.7022058823529411,112.80160857908848,12.80160857908848,FALSE,Low
location,Sponge Gardens,species_richness,M2 invertebrate species richness,period_split,Bloom 2026-02,overall,Overall,5.125,0.18469023331910261,128,5.925,0.3349685766880545,20,0.7999999999999998,115.60975609756096,15.609756097560961,FALSE,Low
location,Sponge Gardens,total_abundance,M1 fish total abundance,period,Bloom,by_status,Fished,88.725,8.24563251112215,60,58.291666666666664,6.724688325923224,12,-30.43333333333333,65.69925800695032,-34.300741993049684,FALSE,Medium
location,Sponge Gardens,total_abundance,M1 fish total abundance,period,Bloom,by_status,No-take,101.19117647058823,10.120569405378703,68,82.3125,13.179372918910605,8,-18.878676470588232,81.34355471588432,-18.656445284115676,FALSE,Low
location,Sponge Gardens,total_abundance,M1 fish total abundance,period,Bloom,overall,Overall,95.34765625,6.619455595289282,128,67.9,6.97095477867385,20,-27.447656249999994,71.21307714367651,-28.786922856323486,FALSE,Medium
location,Sponge Gardens,total_abundance,M1 fish total abundance,period_split,Bloom 2026-02,by_status,Fished,88.725,8.24563251112215,60,58.291666666666664,6.724688325923224,12,-30.43333333333333,65.69925800695032,-34.300741993049684,FALSE,Medium
location,Sponge Gardens,total_abundance,M1 fish total abundance,period_split,Bloom 2026-02,by_status,No-take,101.19117647058823,10.120569405378703,68,82.3125,13.179372918910605,8,-18.878676470588232,81.34355471588432,-18.656445284115676,FALSE,Low
location,Sponge Gardens,total_abundance,M1 fish total abundance,period_split,Bloom 2026-02,overall,Overall,95.34765625,6.619455595289282,128,67.9,6.97095477867385,20,-27.447656249999994,71.21307714367651,-28.786922856323486,FALSE,Medium
location,Sponge Gardens,total_abundance,M2 fish total abundance,period,Bloom,by_status,Fished,9.95,1.9035240883167883,60,2.8333333333333335,1.0468808890984667,12,-7.116666666666665,28.475711892797325,-71.52428810720268,FALSE,High
location,Sponge Gardens,total_abundance,M2 fish total abundance,period,Bloom,by_status,No-take,9.345588235294118,3.1470274126007856,68,7.1875,3.9130476567869334,8,-2.1580882352941178,76.90794649881983,-23.092053501180175,FALSE,Medium
location,Sponge Gardens,total_abundance,M2 fish total abundance,period,Bloom,overall,Overall,9.62890625,1.8882426552819078,128,4.575,1.6960771301974882,20,-5.05390625,47.513184584178504,-52.486815415821496,FALSE,High
location,Sponge Gardens,total_abundance,M2 fish total abundance,period_split,Bloom 2026-02,by_status,Fished,9.95,1.9035240883167883,60,2.8333333333333335,1.0468808890984667,12,-7.116666666666665,28.475711892797325,-71.52428810720268,FALSE,High
location,Sponge Gardens,total_abundance,M2 fish total abundance,period_split,Bloom 2026-02,by_status,No-take,9.345588235294118,3.1470274126007856,68,7.1875,3.9130476567869334,8,-2.1580882352941178,76.90794649881983,-23.092053501180175,FALSE,Medium
location,Sponge Gardens,total_abundance,M2 fish total abundance,period_split,Bloom 2026-02,overall,Overall,9.62890625,1.8882426552819078,128,4.575,1.6960771301974882,20,-5.05390625,47.513184584178504,-52.486815415821496,FALSE,High
location,Sponge Gardens,total_abundance,M2 invertebrate total abundance,period,Bloom,by_status,Fished,10.758333333333333,1.0638839718039714,60,15.791666666666666,0.9543725793431097,12,5.033333333333333,146.78543764523627,46.78543764523627,FALSE,Low
location,Sponge Gardens,total_abundance,M2 invertebrate total abundance,period,Bloom,by_status,No-take,26.46323529411765,1.9202526085971743,68,14.9375,1.8430310341546454,8,-11.525735294117649,56.446235065295916,-43.553764934704084,FALSE,Medium
location,Sponge Gardens,total_abundance,M2 invertebrate total abundance,period,Bloom,overall,Overall,19.1015625,1.32798513477294,128,15.45,0.9089467589063266,20,-3.6515625000000007,80.88343558282209,-19.116564417177912,FALSE,Low
location,Sponge Gardens,total_abundance,M2 invertebrate total abundance,period_split,Bloom 2026-02,by_status,Fished,10.758333333333333,1.0638839718039714,60,15.791666666666666,0.9543725793431097,12,5.033333333333333,146.78543764523627,46.78543764523627,FALSE,Low
location,Sponge Gardens,total_abundance,M2 invertebrate total abundance,period_split,Bloom 2026-02,by_status,No-take,26.46323529411765,1.9202526085971743,68,14.9375,1.8430310341546454,8,-11.525735294117649,56.446235065295916,-43.553764934704084,FALSE,Medium
location,Sponge Gardens,total_abundance,M2 invertebrate total abundance,period_split,Bloom 2026-02,overall,Overall,19.1015625,1.32798513477294,128,15.45,0.9089467589063266,20,-3.6515625000000007,80.88343558282209,-19.116564417177912,FALSE,Low
location,Upper GSV,b20,M1 fish B20 biomass,period,Bloom,by_status,Fished,0.27614548846149806,0.07401030726568496,72,2.709451595008398,1.5030829128591738,20,2.4333061065469,981.1681552733992,881.1681552733992,FALSE,Low
location,Upper GSV,b20,M1 fish B20 biomass,period,Bloom,overall,Overall,0.27614548846149806,0.07401030726568496,72,2.709451595008398,1.5030829128591738,20,2.4333061065469,981.1681552733992,881.1681552733992,FALSE,Low
location,Upper GSV,b20,M1 fish B20 biomass,period_split,Bloom 2025-11,by_status,Fished,0.27614548846149806,0.07401030726568496,72,2.709451595008398,1.5030829128591738,20,2.4333061065469,981.1681552733992,881.1681552733992,FALSE,Low
location,Upper GSV,b20,M1 fish B20 biomass,period_split,Bloom 2025-11,overall,Overall,0.27614548846149806,0.07401030726568496,72,2.709451595008398,1.5030829128591738,20,2.4333061065469,981.1681552733992,881.1681552733992,FALSE,Low
location,Upper GSV,b20,M2 fish B20 biomass,period,Bloom,by_status,Fished,0.009597465805130382,0.004836352743548734,72,0,0,20,-0.009597465805130382,0,-100,FALSE,High
location,Upper GSV,b20,M2 fish B20 biomass,period,Bloom,overall,Overall,0.009597465805130382,0.004836352743548734,72,0,0,20,-0.009597465805130382,0,-100,FALSE,High
location,Upper GSV,b20,M2 fish B20 biomass,period_split,Bloom 2025-11,by_status,Fished,0.009597465805130382,0.004836352743548734,72,0,0,20,-0.009597465805130382,0,-100,FALSE,High
location,Upper GSV,b20,M2 fish B20 biomass,period_split,Bloom 2025-11,overall,Overall,0.009597465805130382,0.004836352743548734,72,0,0,20,-0.009597465805130382,0,-100,FALSE,High
location,Upper GSV,invert_phylum_abundance,M2 invertebrate Arthropoda abundance,period,Bloom,by_status,Fished,2.8402777777777777,0.2569127206233351,72,2.025,0.4175035455254431,20,-0.8152777777777778,71.2958435207824,-28.704156479217602,FALSE,Medium
location,Upper GSV,invert_phylum_abundance,M2 invertebrate Arthropoda abundance,period,Bloom,overall,Overall,2.8402777777777777,0.2569127206233351,72,2.025,0.4175035455254431,20,-0.8152777777777778,71.2958435207824,-28.704156479217602,FALSE,Medium
location,Upper GSV,invert_phylum_abundance,M2 invertebrate Arthropoda abundance,period_split,Bloom 2025-11,by_status,Fished,2.8402777777777777,0.2569127206233351,72,2.025,0.4175035455254431,20,-0.8152777777777778,71.2958435207824,-28.704156479217602,FALSE,Medium
location,Upper GSV,invert_phylum_abundance,M2 invertebrate Arthropoda abundance,period_split,Bloom 2025-11,overall,Overall,2.8402777777777777,0.2569127206233351,72,2.025,0.4175035455254431,20,-0.8152777777777778,71.2958435207824,-28.704156479217602,FALSE,Medium
location,Upper GSV,invert_phylum_abundance,M2 invertebrate Chordata abundance,period,Bloom,by_status,Fished,0,0,72,0,0,20,0,NA,NA,TRUE,Undefined - pre-bloom zero
location,Upper GSV,invert_phylum_abundance,M2 invertebrate Chordata abundance,period,Bloom,overall,Overall,0,0,72,0,0,20,0,NA,NA,TRUE,Undefined - pre-bloom zero
location,Upper GSV,invert_phylum_abundance,M2 invertebrate Chordata abundance,period_split,Bloom 2025-11,by_status,Fished,0,0,72,0,0,20,0,NA,NA,TRUE,Undefined - pre-bloom zero
location,Upper GSV,invert_phylum_abundance,M2 invertebrate Chordata abundance,period_split,Bloom 2025-11,overall,Overall,0,0,72,0,0,20,0,NA,NA,TRUE,Undefined - pre-bloom zero
location,Upper GSV,invert_phylum_abundance,M2 invertebrate Cnidaria abundance,period,Bloom,by_status,Fished,0.04861111111111111,0.022464809513832604,72,0,0,20,-0.04861111111111111,0,-100,FALSE,High
location,Upper GSV,invert_phylum_abundance,M2 invertebrate Cnidaria abundance,period,Bloom,overall,Overall,0.04861111111111111,0.022464809513832604,72,0,0,20,-0.04861111111111111,0,-100,FALSE,High
location,Upper GSV,invert_phylum_abundance,M2 invertebrate Cnidaria abundance,period_split,Bloom 2025-11,by_status,Fished,0.04861111111111111,0.022464809513832604,72,0,0,20,-0.04861111111111111,0,-100,FALSE,High
location,Upper GSV,invert_phylum_abundance,M2 invertebrate Cnidaria abundance,period_split,Bloom 2025-11,overall,Overall,0.04861111111111111,0.022464809513832604,72,0,0,20,-0.04861111111111111,0,-100,FALSE,High
location,Upper GSV,invert_phylum_abundance,M2 invertebrate Echinodermata abundance,period,Bloom,by_status,Fished,3.625,0.27845672112539516,72,0.025,0.024999999999999998,20,-3.6,0.6896551724137931,-99.3103448275862,FALSE,High
location,Upper GSV,invert_phylum_abundance,M2 invertebrate Echinodermata abundance,period,Bloom,overall,Overall,3.625,0.27845672112539516,72,0.025,0.024999999999999998,20,-3.6,0.6896551724137931,-99.3103448275862,FALSE,High
location,Upper GSV,invert_phylum_abundance,M2 invertebrate Echinodermata abundance,period_split,Bloom 2025-11,by_status,Fished,3.625,0.27845672112539516,72,0.025,0.024999999999999998,20,-3.6,0.6896551724137931,-99.3103448275862,FALSE,High
location,Upper GSV,invert_phylum_abundance,M2 invertebrate Echinodermata abundance,period_split,Bloom 2025-11,overall,Overall,3.625,0.27845672112539516,72,0.025,0.024999999999999998,20,-3.6,0.6896551724137931,-99.3103448275862,FALSE,High
location,Upper GSV,invert_phylum_abundance,M2 invertebrate Mollusca abundance,period,Bloom,by_status,Fished,4.638888888888889,0.6174007670722153,72,3.525,1.540452342999494,20,-1.1138888888888894,75.9880239520958,-24.0119760479042,FALSE,Medium
location,Upper GSV,invert_phylum_abundance,M2 invertebrate Mollusca abundance,period,Bloom,overall,Overall,4.638888888888889,0.6174007670722153,72,3.525,1.540452342999494,20,-1.1138888888888894,75.9880239520958,-24.0119760479042,FALSE,Medium
location,Upper GSV,invert_phylum_abundance,M2 invertebrate Mollusca abundance,period_split,Bloom 2025-11,by_status,Fished,4.638888888888889,0.6174007670722153,72,3.525,1.540452342999494,20,-1.1138888888888894,75.9880239520958,-24.0119760479042,FALSE,Medium
location,Upper GSV,invert_phylum_abundance,M2 invertebrate Mollusca abundance,period_split,Bloom 2025-11,overall,Overall,4.638888888888889,0.6174007670722153,72,3.525,1.540452342999494,20,-1.1138888888888894,75.9880239520958,-24.0119760479042,FALSE,Medium
location,Upper GSV,invert_phylum_abundance,M2 invertebrate Platyhelminthes abundance,period,Bloom,by_status,Fished,0,0,72,0,0,20,0,NA,NA,TRUE,Undefined - pre-bloom zero
location,Upper GSV,invert_phylum_abundance,M2 invertebrate Platyhelminthes abundance,period,Bloom,overall,Overall,0,0,72,0,0,20,0,NA,NA,TRUE,Undefined - pre-bloom zero
location,Upper GSV,invert_phylum_abundance,M2 invertebrate Platyhelminthes abundance,period_split,Bloom 2025-11,by_status,Fished,0,0,72,0,0,20,0,NA,NA,TRUE,Undefined - pre-bloom zero
location,Upper GSV,invert_phylum_abundance,M2 invertebrate Platyhelminthes abundance,period_split,Bloom 2025-11,overall,Overall,0,0,72,0,0,20,0,NA,NA,TRUE,Undefined - pre-bloom zero
location,Upper GSV,invert_phylum_richness,M2 invertebrate Arthropoda species richness,period,Bloom,by_status,Fished,1.3541666666666667,0.08241127205745781,72,1.1,0.17991225931723379,20,-0.25416666666666665,81.23076923076923,-18.769230769230774,FALSE,Low
location,Upper GSV,invert_phylum_richness,M2 invertebrate Arthropoda species richness,period,Bloom,overall,Overall,1.3541666666666667,0.08241127205745781,72,1.1,0.17991225931723379,20,-0.25416666666666665,81.23076923076923,-18.769230769230774,FALSE,Low
location,Upper GSV,invert_phylum_richness,M2 invertebrate Arthropoda species richness,period_split,Bloom 2025-11,by_status,Fished,1.3541666666666667,0.08241127205745781,72,1.1,0.17991225931723379,20,-0.25416666666666665,81.23076923076923,-18.769230769230774,FALSE,Low
location,Upper GSV,invert_phylum_richness,M2 invertebrate Arthropoda species richness,period_split,Bloom 2025-11,overall,Overall,1.3541666666666667,0.08241127205745781,72,1.1,0.17991225931723379,20,-0.25416666666666665,81.23076923076923,-18.769230769230774,FALSE,Low
location,Upper GSV,invert_phylum_richness,M2 invertebrate Echinodermata species richness,period,Bloom,by_status,Fished,1.7847222222222223,0.10269566465635525,72,0.025,0.024999999999999998,20,-1.7597222222222224,1.4007782101167316,-98.59922178988327,FALSE,High
location,Upper GSV,invert_phylum_richness,M2 invertebrate Echinodermata species richness,period,Bloom,overall,Overall,1.7847222222222223,0.10269566465635525,72,0.025,0.024999999999999998,20,-1.7597222222222224,1.4007782101167316,-98.59922178988327,FALSE,High
location,Upper GSV,invert_phylum_richness,M2 invertebrate Echinodermata species richness,period_split,Bloom 2025-11,by_status,Fished,1.7847222222222223,0.10269566465635525,72,0.025,0.024999999999999998,20,-1.7597222222222224,1.4007782101167316,-98.59922178988327,FALSE,High
location,Upper GSV,invert_phylum_richness,M2 invertebrate Echinodermata species richness,period_split,Bloom 2025-11,overall,Overall,1.7847222222222223,0.10269566465635525,72,0.025,0.024999999999999998,20,-1.7597222222222224,1.4007782101167316,-98.59922178988327,FALSE,High
location,Upper GSV,invert_phylum_richness,M2 invertebrate Mollusca species richness,period,Bloom,by_status,Fished,1.9097222222222223,0.1335409141500953,72,0.825,0.29306681472786517,20,-1.0847222222222224,43.199999999999996,-56.800000000000004,FALSE,High
location,Upper GSV,invert_phylum_richness,M2 invertebrate Mollusca species richness,period,Bloom,overall,Overall,1.9097222222222223,0.1335409141500953,72,0.825,0.29306681472786517,20,-1.0847222222222224,43.199999999999996,-56.800000000000004,FALSE,High
location,Upper GSV,invert_phylum_richness,M2 invertebrate Mollusca species richness,period_split,Bloom 2025-11,by_status,Fished,1.9097222222222223,0.1335409141500953,72,0.825,0.29306681472786517,20,-1.0847222222222224,43.199999999999996,-56.800000000000004,FALSE,High
location,Upper GSV,invert_phylum_richness,M2 invertebrate Mollusca species richness,period_split,Bloom 2025-11,overall,Overall,1.9097222222222223,0.1335409141500953,72,0.825,0.29306681472786517,20,-1.0847222222222224,43.199999999999996,-56.800000000000004,FALSE,High
location,Upper GSV,invert_phylum_shannon,M2 invertebrate Arthropoda Shannon diversity,period,Bloom,by_status,Fished,0.270300320308743,0.03571851607550487,72,0.20580341890963375,0.06403884018219004,20,-0.06449690139910927,76.13879949330453,-23.861200506695468,FALSE,Medium
location,Upper GSV,invert_phylum_shannon,M2 invertebrate Arthropoda Shannon diversity,period,Bloom,overall,Overall,0.270300320308743,0.03571851607550487,72,0.20580341890963375,0.06403884018219004,20,-0.06449690139910927,76.13879949330453,-23.861200506695468,FALSE,Medium
location,Upper GSV,invert_phylum_shannon,M2 invertebrate Arthropoda Shannon diversity,period_split,Bloom 2025-11,by_status,Fished,0.270300320308743,0.03571851607550487,72,0.20580341890963375,0.06403884018219004,20,-0.06449690139910927,76.13879949330453,-23.861200506695468,FALSE,Medium
location,Upper GSV,invert_phylum_shannon,M2 invertebrate Arthropoda Shannon diversity,period_split,Bloom 2025-11,overall,Overall,0.270300320308743,0.03571851607550487,72,0.20580341890963375,0.06403884018219004,20,-0.06449690139910927,76.13879949330453,-23.861200506695468,FALSE,Medium
location,Upper GSV,invert_phylum_shannon,M2 invertebrate Echinodermata Shannon diversity,period,Bloom,by_status,Fished,0.45167498105139703,0.04315282979941403,72,0,0,20,-0.45167498105139703,0,-100,FALSE,High
location,Upper GSV,invert_phylum_shannon,M2 invertebrate Echinodermata Shannon diversity,period,Bloom,overall,Overall,0.45167498105139703,0.04315282979941403,72,0,0,20,-0.45167498105139703,0,-100,FALSE,High
location,Upper GSV,invert_phylum_shannon,M2 invertebrate Echinodermata Shannon diversity,period_split,Bloom 2025-11,by_status,Fished,0.45167498105139703,0.04315282979941403,72,0,0,20,-0.45167498105139703,0,-100,FALSE,High
location,Upper GSV,invert_phylum_shannon,M2 invertebrate Echinodermata Shannon diversity,period_split,Bloom 2025-11,overall,Overall,0.45167498105139703,0.04315282979941403,72,0,0,20,-0.45167498105139703,0,-100,FALSE,High
location,Upper GSV,invert_phylum_shannon,M2 invertebrate Mollusca Shannon diversity,period,Bloom,by_status,Fished,0.4888213816188293,0.044855683836676014,72,0.20673041010740426,0.08790568646129139,20,-0.28209097151142504,42.29160545775951,-57.70839454224049,FALSE,High
location,Upper GSV,invert_phylum_shannon,M2 invertebrate Mollusca Shannon diversity,period,Bloom,overall,Overall,0.4888213816188293,0.044855683836676014,72,0.20673041010740426,0.08790568646129139,20,-0.28209097151142504,42.29160545775951,-57.70839454224049,FALSE,High
location,Upper GSV,invert_phylum_shannon,M2 invertebrate Mollusca Shannon diversity,period_split,Bloom 2025-11,by_status,Fished,0.4888213816188293,0.044855683836676014,72,0.20673041010740426,0.08790568646129139,20,-0.28209097151142504,42.29160545775951,-57.70839454224049,FALSE,High
location,Upper GSV,invert_phylum_shannon,M2 invertebrate Mollusca Shannon diversity,period_split,Bloom 2025-11,overall,Overall,0.4888213816188293,0.044855683836676014,72,0.20673041010740426,0.08790568646129139,20,-0.28209097151142504,42.29160545775951,-57.70839454224049,FALSE,High
location,Upper GSV,invert_phylum_simpson,M2 invertebrate Arthropoda Simpson diversity,period,Bloom,by_status,Fished,1.2281866005625226,0.06950400795324034,72,1.019012096324445,0.1559459920777457,20,-0.2091745042380777,82.96883355165464,-17.03116644834536,FALSE,Low
location,Upper GSV,invert_phylum_simpson,M2 invertebrate Arthropoda Simpson diversity,period,Bloom,overall,Overall,1.2281866005625226,0.06950400795324034,72,1.019012096324445,0.1559459920777457,20,-0.2091745042380777,82.96883355165464,-17.03116644834536,FALSE,Low
location,Upper GSV,invert_phylum_simpson,M2 invertebrate Arthropoda Simpson diversity,period_split,Bloom 2025-11,by_status,Fished,1.2281866005625226,0.06950400795324034,72,1.019012096324445,0.1559459920777457,20,-0.2091745042380777,82.96883355165464,-17.03116644834536,FALSE,Low
location,Upper GSV,invert_phylum_simpson,M2 invertebrate Arthropoda Simpson diversity,period_split,Bloom 2025-11,overall,Overall,1.2281866005625226,0.06950400795324034,72,1.019012096324445,0.1559459920777457,20,-0.2091745042380777,82.96883355165464,-17.03116644834536,FALSE,Low
location,Upper GSV,invert_phylum_simpson,M2 invertebrate Echinodermata Simpson diversity,period,Bloom,by_status,Fished,1.582658886180882,0.08313111957530885,72,0.025,0.024999999999999998,20,-1.557658886180882,1.5796202339170864,-98.42037976608292,FALSE,High
location,Upper GSV,invert_phylum_simpson,M2 invertebrate Echinodermata Simpson diversity,period,Bloom,overall,Overall,1.582658886180882,0.08313111957530885,72,0.025,0.024999999999999998,20,-1.557658886180882,1.5796202339170864,-98.42037976608292,FALSE,High
location,Upper GSV,invert_phylum_simpson,M2 invertebrate Echinodermata Simpson diversity,period_split,Bloom 2025-11,by_status,Fished,1.582658886180882,0.08313111957530885,72,0.025,0.024999999999999998,20,-1.557658886180882,1.5796202339170864,-98.42037976608292,FALSE,High
location,Upper GSV,invert_phylum_simpson,M2 invertebrate Echinodermata Simpson diversity,period_split,Bloom 2025-11,overall,Overall,1.582658886180882,0.08313111957530885,72,0.025,0.024999999999999998,20,-1.557658886180882,1.5796202339170864,-98.42037976608292,FALSE,High
location,Upper GSV,invert_phylum_simpson,M2 invertebrate Mollusca Simpson diversity,period,Bloom,by_status,Fished,1.5823659837406605,0.09030024802067907,72,0.6416810466438907,0.2092149931296557,20,-0.9406849370967698,40.551999552403046,-59.448000447596954,FALSE,High
location,Upper GSV,invert_phylum_simpson,M2 invertebrate Mollusca Simpson diversity,period,Bloom,overall,Overall,1.5823659837406605,0.09030024802067907,72,0.6416810466438907,0.2092149931296557,20,-0.9406849370967698,40.551999552403046,-59.448000447596954,FALSE,High
location,Upper GSV,invert_phylum_simpson,M2 invertebrate Mollusca Simpson diversity,period_split,Bloom 2025-11,by_status,Fished,1.5823659837406605,0.09030024802067907,72,0.6416810466438907,0.2092149931296557,20,-0.9406849370967698,40.551999552403046,-59.448000447596954,FALSE,High
location,Upper GSV,invert_phylum_simpson,M2 invertebrate Mollusca Simpson diversity,period_split,Bloom 2025-11,overall,Overall,1.5823659837406605,0.09030024802067907,72,0.6416810466438907,0.2092149931296557,20,-0.9406849370967698,40.551999552403046,-59.448000447596954,FALSE,High
location,Upper GSV,shannon_diversity,M1 fish Shannon diversity,period,Bloom,by_status,Fished,0.624151370878541,0.05029917592712731,72,0.18494574456608281,0.08335301012121993,20,-0.4392056263124582,29.631553048703147,-70.36844695129685,FALSE,High
location,Upper GSV,shannon_diversity,M1 fish Shannon diversity,period,Bloom,overall,Overall,0.624151370878541,0.05029917592712731,72,0.18494574456608281,0.08335301012121993,20,-0.4392056263124582,29.631553048703147,-70.36844695129685,FALSE,High
location,Upper GSV,shannon_diversity,M1 fish Shannon diversity,period_split,Bloom 2025-11,by_status,Fished,0.624151370878541,0.05029917592712731,72,0.18494574456608281,0.08335301012121993,20,-0.4392056263124582,29.631553048703147,-70.36844695129685,FALSE,High
location,Upper GSV,shannon_diversity,M1 fish Shannon diversity,period_split,Bloom 2025-11,overall,Overall,0.624151370878541,0.05029917592712731,72,0.18494574456608281,0.08335301012121993,20,-0.4392056263124582,29.631553048703147,-70.36844695129685,FALSE,High
location,Upper GSV,shannon_diversity,M2 fish Shannon diversity,period,Bloom,by_status,Fished,0.36692815139617796,0.036497433984099235,72,0,0,20,-0.36692815139617796,0,-100,FALSE,High
location,Upper GSV,shannon_diversity,M2 fish Shannon diversity,period,Bloom,overall,Overall,0.36692815139617796,0.036497433984099235,72,0,0,20,-0.36692815139617796,0,-100,FALSE,High
location,Upper GSV,shannon_diversity,M2 fish Shannon diversity,period_split,Bloom 2025-11,by_status,Fished,0.36692815139617796,0.036497433984099235,72,0,0,20,-0.36692815139617796,0,-100,FALSE,High
location,Upper GSV,shannon_diversity,M2 fish Shannon diversity,period_split,Bloom 2025-11,overall,Overall,0.36692815139617796,0.036497433984099235,72,0,0,20,-0.36692815139617796,0,-100,FALSE,High
location,Upper GSV,shannon_diversity,M2 invertebrate Shannon diversity,period,Bloom,by_status,Fished,1.3409637209654344,0.04795560687587705,72,0.4581649430849404,0.1302613489133839,20,-0.882798777880494,34.166841050336686,-65.83315894966331,FALSE,High
location,Upper GSV,shannon_diversity,M2 invertebrate Shannon diversity,period,Bloom,overall,Overall,1.3409637209654344,0.04795560687587705,72,0.4581649430849404,0.1302613489133839,20,-0.882798777880494,34.166841050336686,-65.83315894966331,FALSE,High
location,Upper GSV,shannon_diversity,M2 invertebrate Shannon diversity,period_split,Bloom 2025-11,by_status,Fished,1.3409637209654344,0.04795560687587705,72,0.4581649430849404,0.1302613489133839,20,-0.882798777880494,34.166841050336686,-65.83315894966331,FALSE,High
location,Upper GSV,shannon_diversity,M2 invertebrate Shannon diversity,period_split,Bloom 2025-11,overall,Overall,1.3409637209654344,0.04795560687587705,72,0.4581649430849404,0.1302613489133839,20,-0.882798777880494,34.166841050336686,-65.83315894966331,FALSE,High
location,Upper GSV,simpson_diversity,M1 fish Simpson diversity,period,Bloom,by_status,Fished,1.8223303150840353,0.0980114144414931,72,0.7224119217271057,0.20452407394478372,20,-1.0999183933569296,39.64220513413301,-60.35779486586699,FALSE,High
location,Upper GSV,simpson_diversity,M1 fish Simpson diversity,period,Bloom,overall,Overall,1.8223303150840353,0.0980114144414931,72,0.7224119217271057,0.20452407394478372,20,-1.0999183933569296,39.64220513413301,-60.35779486586699,FALSE,High
location,Upper GSV,simpson_diversity,M1 fish Simpson diversity,period_split,Bloom 2025-11,by_status,Fished,1.8223303150840353,0.0980114144414931,72,0.7224119217271057,0.20452407394478372,20,-1.0999183933569296,39.64220513413301,-60.35779486586699,FALSE,High
location,Upper GSV,simpson_diversity,M1 fish Simpson diversity,period_split,Bloom 2025-11,overall,Overall,1.8223303150840353,0.0980114144414931,72,0.7224119217271057,0.20452407394478372,20,-1.0999183933569296,39.64220513413301,-60.35779486586699,FALSE,High
location,Upper GSV,simpson_diversity,M2 fish Simpson diversity,period,Bloom,by_status,Fished,1.3265915535535764,0.07360589048177647,72,0.375,0.09511073878158526,20,-0.9515915535535764,28.267932129936863,-71.73206787006313,FALSE,High
location,Upper GSV,simpson_diversity,M2 fish Simpson diversity,period,Bloom,overall,Overall,1.3265915535535764,0.07360589048177647,72,0.375,0.09511073878158526,20,-0.9515915535535764,28.267932129936863,-71.73206787006313,FALSE,High
location,Upper GSV,simpson_diversity,M2 fish Simpson diversity,period_split,Bloom 2025-11,by_status,Fished,1.3265915535535764,0.07360589048177647,72,0.375,0.09511073878158526,20,-0.9515915535535764,28.267932129936863,-71.73206787006313,FALSE,High
location,Upper GSV,simpson_diversity,M2 fish Simpson diversity,period_split,Bloom 2025-11,overall,Overall,1.3265915535535764,0.07360589048177647,72,0.375,0.09511073878158526,20,-0.9515915535535764,28.267932129936863,-71.73206787006313,FALSE,High
location,Upper GSV,simpson_diversity,M2 invertebrate Simpson diversity,period,Bloom,by_status,Fished,3.666346428824029,0.14789266497826364,72,1.5327182462665279,0.2975315363153165,20,-2.1336281825575014,41.80505786950807,-58.19494213049193,FALSE,High
location,Upper GSV,simpson_diversity,M2 invertebrate Simpson diversity,period,Bloom,overall,Overall,3.666346428824029,0.14789266497826364,72,1.5327182462665279,0.2975315363153165,20,-2.1336281825575014,41.80505786950807,-58.19494213049193,FALSE,High
location,Upper GSV,simpson_diversity,M2 invertebrate Simpson diversity,period_split,Bloom 2025-11,by_status,Fished,3.666346428824029,0.14789266497826364,72,1.5327182462665279,0.2975315363153165,20,-2.1336281825575014,41.80505786950807,-58.19494213049193,FALSE,High
location,Upper GSV,simpson_diversity,M2 invertebrate Simpson diversity,period_split,Bloom 2025-11,overall,Overall,3.666346428824029,0.14789266497826364,72,1.5327182462665279,0.2975315363153165,20,-2.1336281825575014,41.80505786950807,-58.19494213049193,FALSE,High
location,Upper GSV,species_richness,M1 fish species richness,period,Bloom,by_status,Fished,3.0277777777777777,0.19900203109805464,72,0.925,0.304084043091968,20,-2.102777777777778,30.550458715596335,-69.44954128440367,FALSE,High
location,Upper GSV,species_richness,M1 fish species richness,period,Bloom,overall,Overall,3.0277777777777777,0.19900203109805464,72,0.925,0.304084043091968,20,-2.102777777777778,30.550458715596335,-69.44954128440367,FALSE,High
location,Upper GSV,species_richness,M1 fish species richness,period_split,Bloom 2025-11,by_status,Fished,3.0277777777777777,0.19900203109805464,72,0.925,0.304084043091968,20,-2.102777777777778,30.550458715596335,-69.44954128440367,FALSE,High
location,Upper GSV,species_richness,M1 fish species richness,period_split,Bloom 2025-11,overall,Overall,3.0277777777777777,0.19900203109805464,72,0.925,0.304084043091968,20,-2.102777777777778,30.550458715596335,-69.44954128440367,FALSE,High
location,Upper GSV,species_richness,M2 fish species richness,period,Bloom,by_status,Fished,1.5972222222222223,0.10355519538244941,72,0.375,0.09511073878158526,20,-1.2222222222222223,23.478260869565215,-76.52173913043478,FALSE,High
location,Upper GSV,species_richness,M2 fish species richness,period,Bloom,overall,Overall,1.5972222222222223,0.10355519538244941,72,0.375,0.09511073878158526,20,-1.2222222222222223,23.478260869565215,-76.52173913043478,FALSE,High
location,Upper GSV,species_richness,M2 fish species richness,period_split,Bloom 2025-11,by_status,Fished,1.5972222222222223,0.10355519538244941,72,0.375,0.09511073878158526,20,-1.2222222222222223,23.478260869565215,-76.52173913043478,FALSE,High
location,Upper GSV,species_richness,M2 fish species richness,period_split,Bloom 2025-11,overall,Overall,1.5972222222222223,0.10355519538244941,72,0.375,0.09511073878158526,20,-1.2222222222222223,23.478260869565215,-76.52173913043478,FALSE,High
location,Upper GSV,species_richness,M2 invertebrate species richness,period,Bloom,by_status,Fished,5.083333333333333,0.24882352288299855,72,1.95,0.4529145382380306,20,-3.133333333333333,38.36065573770492,-61.63934426229508,FALSE,High
location,Upper GSV,species_richness,M2 invertebrate species richness,period,Bloom,overall,Overall,5.083333333333333,0.24882352288299855,72,1.95,0.4529145382380306,20,-3.133333333333333,38.36065573770492,-61.63934426229508,FALSE,High
location,Upper GSV,species_richness,M2 invertebrate species richness,period_split,Bloom 2025-11,by_status,Fished,5.083333333333333,0.24882352288299855,72,1.95,0.4529145382380306,20,-3.133333333333333,38.36065573770492,-61.63934426229508,FALSE,High
location,Upper GSV,species_richness,M2 invertebrate species richness,period_split,Bloom 2025-11,overall,Overall,5.083333333333333,0.24882352288299855,72,1.95,0.4529145382380306,20,-3.133333333333333,38.36065573770492,-61.63934426229508,FALSE,High
location,Upper GSV,total_abundance,M1 fish total abundance,period,Bloom,by_status,Fished,38.00694444444444,8.144788968962875,72,5.6,3.0757112998459393,20,-32.40694444444444,14.734149460990315,-85.26585053900969,FALSE,High
location,Upper GSV,total_abundance,M1 fish total abundance,period,Bloom,overall,Overall,38.00694444444444,8.144788968962875,72,5.6,3.0757112998459393,20,-32.40694444444444,14.734149460990315,-85.26585053900969,FALSE,High
location,Upper GSV,total_abundance,M1 fish total abundance,period_split,Bloom 2025-11,by_status,Fished,38.00694444444444,8.144788968962875,72,5.6,3.0757112998459393,20,-32.40694444444444,14.734149460990315,-85.26585053900969,FALSE,High
location,Upper GSV,total_abundance,M1 fish total abundance,period_split,Bloom 2025-11,overall,Overall,38.00694444444444,8.144788968962875,72,5.6,3.0757112998459393,20,-32.40694444444444,14.734149460990315,-85.26585053900969,FALSE,High
location,Upper GSV,total_abundance,M2 fish total abundance,period,Bloom,by_status,Fished,5.354166666666667,0.5626303969881324,72,0.775,0.22790522037391817,20,-4.579166666666667,14.474708171206224,-85.52529182879377,FALSE,High
location,Upper GSV,total_abundance,M2 fish total abundance,period,Bloom,overall,Overall,5.354166666666667,0.5626303969881324,72,0.775,0.22790522037391817,20,-4.579166666666667,14.474708171206224,-85.52529182879377,FALSE,High
location,Upper GSV,total_abundance,M2 fish total abundance,period_split,Bloom 2025-11,by_status,Fished,5.354166666666667,0.5626303969881324,72,0.775,0.22790522037391817,20,-4.579166666666667,14.474708171206224,-85.52529182879377,FALSE,High
location,Upper GSV,total_abundance,M2 fish total abundance,period_split,Bloom 2025-11,overall,Overall,5.354166666666667,0.5626303969881324,72,0.775,0.22790522037391817,20,-4.579166666666667,14.474708171206224,-85.52529182879377,FALSE,High
location,Upper GSV,total_abundance,M2 invertebrate total abundance,period,Bloom,by_status,Fished,11.152777777777779,0.8619862154415221,72,5.575,1.8674056729506905,20,-5.577777777777778,49.987546699875466,-50.012453300124534,FALSE,High
location,Upper GSV,total_abundance,M2 invertebrate total abundance,period,Bloom,overall,Overall,11.152777777777779,0.8619862154415221,72,5.575,1.8674056729506905,20,-5.577777777777778,49.987546699875466,-50.012453300124534,FALSE,High
location,Upper GSV,total_abundance,M2 invertebrate total abundance,period_split,Bloom 2025-11,by_status,Fished,11.152777777777779,0.8619862154415221,72,5.575,1.8674056729506905,20,-5.577777777777778,49.987546699875466,-50.012453300124534,FALSE,High
location,Upper GSV,total_abundance,M2 invertebrate total abundance,period_split,Bloom 2025-11,overall,Overall,11.152777777777779,0.8619862154415221,72,5.575,1.8674056729506905,20,-5.577777777777778,49.987546699875466,-50.012453300124534,FALSE,High
region,Adelaide Metro,b20,M1 fish B20 biomass,period,Bloom,by_status,Fished,2.121584962863256,0.2757939618033253,196,0.44396209503111017,0.09761380247345647,28,-1.677622867832146,20.925963503811143,-79.07403649618885,FALSE,High
region,Adelaide Metro,b20,M1 fish B20 biomass,period,Bloom,by_status,No-take,10.17840585333757,0.8593237699447159,86,13.705041320961765,4.544841721840956,24,3.526635467624196,134.64821032330704,34.64821032330704,FALSE,Low
region,Adelaide Metro,b20,M1 fish B20 biomass,period,Bloom,overall,Overall,4.5786296315894655,0.39213592061251284,282,6.564460199306797,2.271345092839368,52,1.9858305677173318,143.37172314651608,43.371723146516075,FALSE,Low
region,Adelaide Metro,b20,M1 fish B20 biomass,period_split,Bloom 2025-11,by_status,Fished,2.121584962863256,0.2757939618033253,196,0.34733782011847103,0.13390299408867146,12,-1.7742471427447852,16.371619623930105,-83.6283803760699,FALSE,High
region,Adelaide Metro,b20,M1 fish B20 biomass,period_split,Bloom 2025-11,by_status,No-take,10.17840585333757,0.8593237699447159,86,8.963727926124232,1.2591187985046741,4,-1.2146779272133372,88.06612798982627,-11.93387201017373,FALSE,Low
region,Adelaide Metro,b20,M1 fish B20 biomass,period_split,Bloom 2025-11,overall,Overall,4.5786296315894655,0.39213592061251284,282,2.5014353466199113,1.0085423861581466,16,-2.077194284969554,54.632838816262606,-45.367161183737394,FALSE,Medium
region,Adelaide Metro,b20,M1 fish B20 biomass,period_split,Bloom 2026-01,by_status,Fished,2.121584962863256,0.2757939618033253,196,0.5164303012155895,0.13905467644696326,16,-1.6051546616476666,24.341721413721924,-75.65827858627807,FALSE,High
region,Adelaide Metro,b20,M1 fish B20 biomass,period_split,Bloom 2026-01,by_status,No-take,10.17840585333757,0.8593237699447159,86,14.653303999929271,5.447103240277524,20,4.474898146591702,143.9646267900032,43.964626790003194,FALSE,Low
region,Adelaide Metro,b20,M1 fish B20 biomass,period_split,Bloom 2026-01,overall,Overall,4.5786296315894655,0.39213592061251284,282,8.37024902272319,3.2189975014066796,36,3.7916193911337244,182.81122729329536,82.81122729329536,FALSE,Low
region,Adelaide Metro,b20,M2 fish B20 biomass,period,Bloom,by_status,Fished,0.12414155467164993,0.09615175970466631,194,0,0,28,-0.12414155467164993,0,-100,FALSE,High
region,Adelaide Metro,b20,M2 fish B20 biomass,period,Bloom,by_status,No-take,0.13985192915539188,0.04818390338814437,86,0.005064570390179463,0.005064570390179463,24,-0.13478735876521242,3.6213804276894406,-96.37861957231055,FALSE,High
region,Adelaide Metro,b20,M2 fish B20 biomass,period,Bloom,overall,Overall,0.12896688397737066,0.06818016667380612,280,0.0023374940262366754,0.0023374940262366754,52,-0.12662938995113399,1.8124761598852204,-98.18752384011478,FALSE,High
region,Adelaide Metro,b20,M2 fish B20 biomass,period_split,Bloom 2025-11,by_status,Fished,0.12414155467164993,0.09615175970466631,194,0,0,12,-0.12414155467164993,0,-100,FALSE,High
region,Adelaide Metro,b20,M2 fish B20 biomass,period_split,Bloom 2025-11,by_status,No-take,0.13985192915539188,0.04818390338814437,86,0,0,4,-0.13985192915539188,0,-100,FALSE,High
region,Adelaide Metro,b20,M2 fish B20 biomass,period_split,Bloom 2025-11,overall,Overall,0.12896688397737066,0.06818016667380612,280,0,0,16,-0.12896688397737066,0,-100,FALSE,High
region,Adelaide Metro,b20,M2 fish B20 biomass,period_split,Bloom 2026-01,by_status,Fished,0.12414155467164993,0.09615175970466631,194,0,0,16,-0.12414155467164993,0,-100,FALSE,High
region,Adelaide Metro,b20,M2 fish B20 biomass,period_split,Bloom 2026-01,by_status,No-take,0.13985192915539188,0.04818390338814437,86,0.0060774844682153556,0.0060774844682153556,20,-0.13377444468717653,4.345656513227328,-95.65434348677267,FALSE,High
region,Adelaide Metro,b20,M2 fish B20 biomass,period_split,Bloom 2026-01,overall,Overall,0.12896688397737066,0.06818016667380612,280,0.003376380260119642,0.0033763802601196424,36,-0.12559050371725103,2.618021119834207,-97.38197888016579,FALSE,High
region,Adelaide Metro,invert_phylum_abundance,M2 invertebrate Arthropoda abundance,period,Bloom,by_status,Fished,3.3596938775510203,0.2683306721154403,196,3.7857142857142856,0.6467401833050395,28,0.42602040816326525,112.68033409263478,12.68033409263478,FALSE,Low
region,Adelaide Metro,invert_phylum_abundance,M2 invertebrate Arthropoda abundance,period,Bloom,by_status,No-take,3.8430232558139537,0.42326830982290703,86,3.875,0.6561098021396786,24,0.031976744186046346,100.83207261724658,0.8320726172465811,FALSE,Low
region,Adelaide Metro,invert_phylum_abundance,M2 invertebrate Arthropoda abundance,period,Bloom,overall,Overall,3.50709219858156,0.22678377429997693,282,3.826923076923077,0.4570308413326459,52,0.3198308783415169,109.11954577273082,9.119545772730817,FALSE,Low
region,Adelaide Metro,invert_phylum_abundance,M2 invertebrate Arthropoda abundance,period_split,Bloom 2025-11,by_status,Fished,3.3596938775510203,0.2683306721154403,196,5.291666666666667,1.330667315691832,12,1.9319727891156466,157.5044292584156,57.5044292584156,FALSE,Low
region,Adelaide Metro,invert_phylum_abundance,M2 invertebrate Arthropoda abundance,period_split,Bloom 2025-11,by_status,No-take,3.8430232558139537,0.42326830982290703,86,7,1.5138251770487459,4,3.1569767441860463,182.1482602118003,82.1482602118003,FALSE,Low
region,Adelaide Metro,invert_phylum_abundance,M2 invertebrate Arthropoda abundance,period_split,Bloom 2025-11,overall,Overall,3.50709219858156,0.22678377429997693,282,5.71875,1.0606294809373034,16,2.21165780141844,163.0624368048534,63.062436804853405,FALSE,Low
region,Adelaide Metro,invert_phylum_abundance,M2 invertebrate Arthropoda abundance,period_split,Bloom 2026-01,by_status,Fished,3.3596938775510203,0.2683306721154403,196,2.65625,0.3811133634935061,16,-0.7034438775510203,79.06226271829917,-20.937737281700834,FALSE,Medium
region,Adelaide Metro,invert_phylum_abundance,M2 invertebrate Arthropoda abundance,period_split,Bloom 2026-01,by_status,No-take,3.8430232558139537,0.42326830982290703,86,3.25,0.6554427993028032,20,-0.5930232558139537,84.56883509833585,-15.431164901664147,FALSE,Low
region,Adelaide Metro,invert_phylum_abundance,M2 invertebrate Arthropoda abundance,period_split,Bloom 2026-01,overall,Overall,3.50709219858156,0.22678377429997693,282,2.986111111111111,0.399645731565317,36,-0.520981087470449,85.14492753623189,-14.85507246376811,FALSE,Low
region,Adelaide Metro,invert_phylum_abundance,M2 invertebrate Chordata abundance,period,Bloom,by_status,Fished,0,0,196,0,0,28,0,NA,NA,TRUE,Undefined - pre-bloom zero
region,Adelaide Metro,invert_phylum_abundance,M2 invertebrate Chordata abundance,period,Bloom,by_status,No-take,0,0,86,0,0,24,0,NA,NA,TRUE,Undefined - pre-bloom zero
region,Adelaide Metro,invert_phylum_abundance,M2 invertebrate Chordata abundance,period,Bloom,overall,Overall,0,0,282,0,0,52,0,NA,NA,TRUE,Undefined - pre-bloom zero
region,Adelaide Metro,invert_phylum_abundance,M2 invertebrate Chordata abundance,period_split,Bloom 2025-11,by_status,Fished,0,0,196,0,0,12,0,NA,NA,TRUE,Undefined - pre-bloom zero
region,Adelaide Metro,invert_phylum_abundance,M2 invertebrate Chordata abundance,period_split,Bloom 2025-11,by_status,No-take,0,0,86,0,0,4,0,NA,NA,TRUE,Undefined - pre-bloom zero
region,Adelaide Metro,invert_phylum_abundance,M2 invertebrate Chordata abundance,period_split,Bloom 2025-11,overall,Overall,0,0,282,0,0,16,0,NA,NA,TRUE,Undefined - pre-bloom zero
region,Adelaide Metro,invert_phylum_abundance,M2 invertebrate Chordata abundance,period_split,Bloom 2026-01,by_status,Fished,0,0,196,0,0,16,0,NA,NA,TRUE,Undefined - pre-bloom zero
region,Adelaide Metro,invert_phylum_abundance,M2 invertebrate Chordata abundance,period_split,Bloom 2026-01,by_status,No-take,0,0,86,0,0,20,0,NA,NA,TRUE,Undefined - pre-bloom zero
region,Adelaide Metro,invert_phylum_abundance,M2 invertebrate Chordata abundance,period_split,Bloom 2026-01,overall,Overall,0,0,282,0,0,36,0,NA,NA,TRUE,Undefined - pre-bloom zero
region,Adelaide Metro,invert_phylum_abundance,M2 invertebrate Cnidaria abundance,period,Bloom,by_status,Fished,0,0,196,0,0,28,0,NA,NA,TRUE,Undefined - pre-bloom zero
region,Adelaide Metro,invert_phylum_abundance,M2 invertebrate Cnidaria abundance,period,Bloom,by_status,No-take,0,0,86,0,0,24,0,NA,NA,TRUE,Undefined - pre-bloom zero
region,Adelaide Metro,invert_phylum_abundance,M2 invertebrate Cnidaria abundance,period,Bloom,overall,Overall,0,0,282,0,0,52,0,NA,NA,TRUE,Undefined - pre-bloom zero
region,Adelaide Metro,invert_phylum_abundance,M2 invertebrate Cnidaria abundance,period_split,Bloom 2025-11,by_status,Fished,0,0,196,0,0,12,0,NA,NA,TRUE,Undefined - pre-bloom zero
region,Adelaide Metro,invert_phylum_abundance,M2 invertebrate Cnidaria abundance,period_split,Bloom 2025-11,by_status,No-take,0,0,86,0,0,4,0,NA,NA,TRUE,Undefined - pre-bloom zero
region,Adelaide Metro,invert_phylum_abundance,M2 invertebrate Cnidaria abundance,period_split,Bloom 2025-11,overall,Overall,0,0,282,0,0,16,0,NA,NA,TRUE,Undefined - pre-bloom zero
region,Adelaide Metro,invert_phylum_abundance,M2 invertebrate Cnidaria abundance,period_split,Bloom 2026-01,by_status,Fished,0,0,196,0,0,16,0,NA,NA,TRUE,Undefined - pre-bloom zero
region,Adelaide Metro,invert_phylum_abundance,M2 invertebrate Cnidaria abundance,period_split,Bloom 2026-01,by_status,No-take,0,0,86,0,0,20,0,NA,NA,TRUE,Undefined - pre-bloom zero
region,Adelaide Metro,invert_phylum_abundance,M2 invertebrate Cnidaria abundance,period_split,Bloom 2026-01,overall,Overall,0,0,282,0,0,36,0,NA,NA,TRUE,Undefined - pre-bloom zero
region,Adelaide Metro,invert_phylum_abundance,M2 invertebrate Echinodermata abundance,period,Bloom,by_status,Fished,30.153061224489797,3.2823776981486525,196,0.4642857142857143,0.13345374381587488,28,-29.68877551020408,1.5397631133671743,-98.46023688663283,FALSE,High
region,Adelaide Metro,invert_phylum_abundance,M2 invertebrate Echinodermata abundance,period,Bloom,by_status,No-take,8.563953488372093,0.5707050689814684,86,1.3125,0.4860485639539933,24,-7.251453488372093,15.325865580448067,-84.67413441955193,FALSE,High
region,Adelaide Metro,invert_phylum_abundance,M2 invertebrate Echinodermata abundance,period,Bloom,overall,Overall,23.569148936170212,2.361808446568441,282,0.8557692307692307,0.24032427598662437,52,-22.713379705400982,3.63088728017638,-96.36911271982362,FALSE,High
region,Adelaide Metro,invert_phylum_abundance,M2 invertebrate Echinodermata abundance,period_split,Bloom 2025-11,by_status,Fished,30.153061224489797,3.2823776981486525,196,0.5416666666666666,0.23402225138096194,12,-29.61139455782313,1.7963902989283698,-98.20360970107163,FALSE,High
region,Adelaide Metro,invert_phylum_abundance,M2 invertebrate Echinodermata abundance,period_split,Bloom 2025-11,by_status,No-take,8.563953488372093,0.5707050689814684,86,0,0,4,-8.563953488372093,0,-100,FALSE,High
region,Adelaide Metro,invert_phylum_abundance,M2 invertebrate Echinodermata abundance,period_split,Bloom 2025-11,overall,Overall,23.569148936170212,2.361808446568441,282,0.40625,0.18381801462315928,16,-23.162898936170212,1.7236515459264277,-98.27634845407357,FALSE,High
region,Adelaide Metro,invert_phylum_abundance,M2 invertebrate Echinodermata abundance,period_split,Bloom 2026-01,by_status,Fished,30.153061224489797,3.2823776981486525,196,0.40625,0.15954851665454828,16,-29.746811224489797,1.3472927241962775,-98.65270727580372,FALSE,High
region,Adelaide Metro,invert_phylum_abundance,M2 invertebrate Echinodermata abundance,period_split,Bloom 2026-01,by_status,No-take,8.563953488372093,0.5707050689814684,86,1.575,0.5669342763356353,20,-6.9889534883720925,18.391038696537677,-81.60896130346232,FALSE,High
region,Adelaide Metro,invert_phylum_abundance,M2 invertebrate Echinodermata abundance,period_split,Bloom 2026-01,overall,Overall,23.569148936170212,2.361808446568441,282,1.0555555555555556,0.33379597523999555,36,-22.513593380614655,4.478547606509692,-95.5214523934903,FALSE,High
region,Adelaide Metro,invert_phylum_abundance,M2 invertebrate Mollusca abundance,period,Bloom,by_status,Fished,37.951530612244895,4.819807187803113,196,2.6607142857142856,0.6465484118211259,28,-35.29081632653061,7.010822074342945,-92.98917792565706,FALSE,High
region,Adelaide Metro,invert_phylum_abundance,M2 invertebrate Mollusca abundance,period,Bloom,by_status,No-take,72.31976744186046,9.022042898192142,86,3.0416666666666665,0.4350127712046063,24,-69.27810077519379,4.205857919982849,-95.79414208001715,FALSE,High
region,Adelaide Metro,invert_phylum_abundance,M2 invertebrate Mollusca abundance,period,Bloom,overall,Overall,48.43262411347518,4.427679718838578,282,2.8365384615384617,0.3990753721866666,52,-45.59608565193672,5.856668957049687,-94.14333104295031,FALSE,High
region,Adelaide Metro,invert_phylum_abundance,M2 invertebrate Mollusca abundance,period_split,Bloom 2025-11,by_status,Fished,37.951530612244895,4.819807187803113,196,2.3333333333333335,0.4819992036541475,12,-35.61819727891156,6.14819296005019,-93.8518070399498,FALSE,High
region,Adelaide Metro,invert_phylum_abundance,M2 invertebrate Mollusca abundance,period_split,Bloom 2025-11,by_status,No-take,72.31976744186046,9.022042898192142,86,3.375,1.2970318680227817,4,-68.94476744186046,4.666773856419326,-95.33322614358067,FALSE,High
region,Adelaide Metro,invert_phylum_abundance,M2 invertebrate Mollusca abundance,period_split,Bloom 2025-11,overall,Overall,48.43262411347518,4.427679718838578,282,2.59375,0.47482178674389686,16,-45.83887411347518,5.35537780055645,-94.64462219944355,FALSE,High
region,Adelaide Metro,invert_phylum_abundance,M2 invertebrate Mollusca abundance,period_split,Bloom 2026-01,by_status,Fished,37.951530612244895,4.819807187803113,196,2.90625,1.0861042288074074,16,-35.045280612244895,7.657793910062513,-92.34220608993749,FALSE,High
region,Adelaide Metro,invert_phylum_abundance,M2 invertebrate Mollusca abundance,period_split,Bloom 2026-01,by_status,No-take,72.31976744186046,9.022042898192142,86,2.975,0.46942714248886713,20,-69.34476744186047,4.1136747326955545,-95.88632526730444,FALSE,High
region,Adelaide Metro,invert_phylum_abundance,M2 invertebrate Mollusca abundance,period_split,Bloom 2026-01,overall,Overall,48.43262411347518,4.427679718838578,282,2.9444444444444446,0.5396125071274057,36,-45.488179669030735,6.079465026602236,-93.92053497339776,FALSE,High
region,Adelaide Metro,invert_phylum_abundance,M2 invertebrate Platyhelminthes abundance,period,Bloom,by_status,Fished,0,0,196,0,0,28,0,NA,NA,TRUE,Undefined - pre-bloom zero
region,Adelaide Metro,invert_phylum_abundance,M2 invertebrate Platyhelminthes abundance,period,Bloom,by_status,No-take,0.005813953488372093,0.005813953488372093,86,0,0,24,-0.005813953488372093,0,-100,FALSE,High
region,Adelaide Metro,invert_phylum_abundance,M2 invertebrate Platyhelminthes abundance,period,Bloom,overall,Overall,0.0017730496453900709,0.001773049645390071,282,0,0,52,-0.0017730496453900709,0,-100,FALSE,High
region,Adelaide Metro,invert_phylum_abundance,M2 invertebrate Platyhelminthes abundance,period_split,Bloom 2025-11,by_status,Fished,0,0,196,0,0,12,0,NA,NA,TRUE,Undefined - pre-bloom zero
region,Adelaide Metro,invert_phylum_abundance,M2 invertebrate Platyhelminthes abundance,period_split,Bloom 2025-11,by_status,No-take,0.005813953488372093,0.005813953488372093,86,0,0,4,-0.005813953488372093,0,-100,FALSE,High
region,Adelaide Metro,invert_phylum_abundance,M2 invertebrate Platyhelminthes abundance,period_split,Bloom 2025-11,overall,Overall,0.0017730496453900709,0.001773049645390071,282,0,0,16,-0.0017730496453900709,0,-100,FALSE,High
region,Adelaide Metro,invert_phylum_abundance,M2 invertebrate Platyhelminthes abundance,period_split,Bloom 2026-01,by_status,Fished,0,0,196,0,0,16,0,NA,NA,TRUE,Undefined - pre-bloom zero
region,Adelaide Metro,invert_phylum_abundance,M2 invertebrate Platyhelminthes abundance,period_split,Bloom 2026-01,by_status,No-take,0.005813953488372093,0.005813953488372093,86,0,0,20,-0.005813953488372093,0,-100,FALSE,High
region,Adelaide Metro,invert_phylum_abundance,M2 invertebrate Platyhelminthes abundance,period_split,Bloom 2026-01,overall,Overall,0.0017730496453900709,0.001773049645390071,282,0,0,36,-0.0017730496453900709,0,-100,FALSE,High
region,Adelaide Metro,invert_phylum_richness,M2 invertebrate Arthropoda species richness,period,Bloom,by_status,Fished,1.2372448979591837,0.060677776621618336,196,1.4107142857142858,0.17069258900002474,28,0.17346938775510212,114.02061855670105,14.020618556701052,FALSE,Low
region,Adelaide Metro,invert_phylum_richness,M2 invertebrate Arthropoda species richness,period,Bloom,by_status,No-take,1.0406976744186047,0.0754444724187334,86,1.2916666666666667,0.18286336336684764,24,0.250968992248062,124.11545623836126,24.11545623836126,FALSE,Low
region,Adelaide Metro,invert_phylum_richness,M2 invertebrate Arthropoda species richness,period,Bloom,overall,Overall,1.177304964539007,0.048270190115565194,282,1.3557692307692308,0.12383433751935356,52,0.17846426623022382,115.15871177015757,15.158711770157566,FALSE,Low
region,Adelaide Metro,invert_phylum_richness,M2 invertebrate Arthropoda species richness,period_split,Bloom 2025-11,by_status,Fished,1.2372448979591837,0.060677776621618336,196,1.2916666666666667,0.2257842672852459,12,0.054421768707483054,104.39862542955328,4.398625429553277,FALSE,Low
region,Adelaide Metro,invert_phylum_richness,M2 invertebrate Arthropoda species richness,period_split,Bloom 2025-11,by_status,No-take,1.0406976744186047,0.0754444724187334,86,1.625,0.125,4,0.5843023255813953,156.14525139664804,56.145251396648035,FALSE,Low
region,Adelaide Metro,invert_phylum_richness,M2 invertebrate Arthropoda species richness,period_split,Bloom 2025-11,overall,Overall,1.177304964539007,0.048270190115565194,282,1.375,0.17380544678845175,16,0.19769503546099298,116.79216867469879,16.792168674698786,FALSE,Low
region,Adelaide Metro,invert_phylum_richness,M2 invertebrate Arthropoda species richness,period_split,Bloom 2026-01,by_status,Fished,1.2372448979591837,0.060677776621618336,196,1.5,0.25,16,0.2627551020408163,121.23711340206185,21.23711340206185,FALSE,Low
region,Adelaide Metro,invert_phylum_richness,M2 invertebrate Arthropoda species richness,period_split,Bloom 2026-01,by_status,No-take,1.0406976744186047,0.0754444724187334,86,1.225,0.21605006729678972,20,0.18430232558139537,117.70949720670392,17.709497206703915,FALSE,Low
region,Adelaide Metro,invert_phylum_richness,M2 invertebrate Arthropoda species richness,period_split,Bloom 2026-01,overall,Overall,1.177304964539007,0.048270190115565194,282,1.3472222222222223,0.16283627531148956,36,0.1699172576832153,114.43273092369479,14.432730923694791,FALSE,Low
region,Adelaide Metro,invert_phylum_richness,M2 invertebrate Echinodermata species richness,period,Bloom,by_status,Fished,4.239795918367347,0.13958988969849145,196,0.39285714285714285,0.10714285714285714,28,-3.846938775510204,9.265944645006018,-90.73405535499398,FALSE,High
region,Adelaide Metro,invert_phylum_richness,M2 invertebrate Echinodermata species richness,period,Bloom,by_status,No-take,2.9593023255813953,0.1364527940299076,86,0.625,0.21334550463467963,24,-2.3343023255813953,21.11984282907662,-78.88015717092338,FALSE,High
region,Adelaide Metro,invert_phylum_richness,M2 invertebrate Echinodermata species richness,period,Bloom,overall,Overall,3.849290780141844,0.11114225851299624,282,0.5,0.11405722148884592,52,-3.349290780141844,12.989405803777062,-87.01059419622294,FALSE,High
region,Adelaide Metro,invert_phylum_richness,M2 invertebrate Echinodermata species richness,period_split,Bloom 2025-11,by_status,Fished,4.239795918367347,0.13958988969849145,196,0.375,0.13933010725567818,12,-3.8647959183673466,8.84476534296029,-91.15523465703971,FALSE,High
region,Adelaide Metro,invert_phylum_richness,M2 invertebrate Echinodermata species richness,period_split,Bloom 2025-11,by_status,No-take,2.9593023255813953,0.1364527940299076,86,0,0,4,-2.9593023255813953,0,-100,FALSE,High
region,Adelaide Metro,invert_phylum_richness,M2 invertebrate Echinodermata species richness,period_split,Bloom 2025-11,overall,Overall,3.849290780141844,0.11114225851299624,282,0.28125,0.11151186409227196,16,-3.568040780141844,7.3065407646245975,-92.6934592353754,FALSE,High
region,Adelaide Metro,invert_phylum_richness,M2 invertebrate Echinodermata species richness,period_split,Bloom 2026-01,by_status,Fished,4.239795918367347,0.13958988969849145,196,0.40625,0.15954851665454828,16,-3.8335459183673466,9.581829121540315,-90.41817087845969,FALSE,High
region,Adelaide Metro,invert_phylum_richness,M2 invertebrate Echinodermata species richness,period_split,Bloom 2026-01,by_status,No-take,2.9593023255813953,0.1364527940299076,86,0.75,0.24735442289620732,20,-2.2093023255813953,25.343811394891947,-74.65618860510806,FALSE,High
region,Adelaide Metro,invert_phylum_richness,M2 invertebrate Echinodermata species richness,period_split,Bloom 2026-01,overall,Overall,3.849290780141844,0.11114225851299624,282,0.5972222222222222,0.15535346850446194,36,-3.2520685579196216,15.515123598955935,-84.48487640104406,FALSE,High
region,Adelaide Metro,invert_phylum_richness,M2 invertebrate Mollusca species richness,period,Bloom,by_status,Fished,3.045918367346939,0.11432997479637964,196,1.1607142857142858,0.15007399283611653,28,-1.8852040816326532,38.107202680067005,-61.892797319932995,FALSE,High
region,Adelaide Metro,invert_phylum_richness,M2 invertebrate Mollusca species richness,period,Bloom,by_status,No-take,3.6744186046511627,0.1954977935122483,86,1.625,0.16824434439317673,24,-2.0494186046511627,44.2246835443038,-55.7753164556962,FALSE,High
region,Adelaide Metro,invert_phylum_richness,M2 invertebrate Mollusca species richness,period,Bloom,overall,Overall,3.2375886524822697,0.1006391301913768,282,1.375,0.11559652486595769,52,-1.8625886524822697,42.46987951807228,-57.53012048192772,FALSE,High
region,Adelaide Metro,invert_phylum_richness,M2 invertebrate Mollusca species richness,period_split,Bloom 2025-11,by_status,Fished,3.045918367346939,0.11432997479637964,196,1.2083333333333333,0.24197994323764302,12,-1.8375850340136057,39.67057509771077,-60.32942490228923,FALSE,High
region,Adelaide Metro,invert_phylum_richness,M2 invertebrate Mollusca species richness,period_split,Bloom 2025-11,by_status,No-take,3.6744186046511627,0.1954977935122483,86,1.75,0.3227486121839514,4,-1.9244186046511627,47.62658227848102,-52.37341772151898,FALSE,High
region,Adelaide Metro,invert_phylum_richness,M2 invertebrate Mollusca species richness,period_split,Bloom 2025-11,overall,Overall,3.2375886524822697,0.1006391301913768,282,1.34375,0.20268381574922717,16,-1.8938386524822697,41.504654983570646,-58.495345016429354,FALSE,High
region,Adelaide Metro,invert_phylum_richness,M2 invertebrate Mollusca species richness,period_split,Bloom 2026-01,by_status,Fished,3.045918367346939,0.11432997479637964,196,1.125,0.19632031648982912,16,-1.920918367346939,36.93467336683417,-63.06532663316583,FALSE,High
region,Adelaide Metro,invert_phylum_richness,M2 invertebrate Mollusca species richness,period_split,Bloom 2026-01,by_status,No-take,3.6744186046511627,0.1954977935122483,86,1.6,0.19398860519981173,20,-2.0744186046511626,43.54430379746836,-56.45569620253164,FALSE,High
region,Adelaide Metro,invert_phylum_richness,M2 invertebrate Mollusca species richness,period_split,Bloom 2026-01,overall,Overall,3.2375886524822697,0.1006391301913768,282,1.3888888888888888,0.14241554321370128,36,-1.8486997635933808,42.89886820007302,-57.10113179992698,FALSE,High
region,Adelaide Metro,invert_phylum_shannon,M2 invertebrate Arthropoda Shannon diversity,period,Bloom,by_status,Fished,0.25224348699027294,0.02326523146619135,196,0.32167904646560563,0.06226864012711378,28,0.0694355594753327,127.52719616424042,27.527196164240422,FALSE,Low
region,Adelaide Metro,invert_phylum_shannon,M2 invertebrate Arthropoda Shannon diversity,period,Bloom,by_status,No-take,0.14272187769706599,0.024254873904101897,86,0.2642067780309433,0.06695701568988133,24,0.1214849003338773,185.12002665192986,85.12002665192986,FALSE,Low
region,Adelaide Metro,invert_phylum_shannon,M2 invertebrate Arthropoda Shannon diversity,period,Bloom,overall,Overall,0.2188432799008552,0.018010657284096072,282,0.29515338411114606,0.04532743798788543,52,0.07631010421029086,134.86974982501744,34.869749825017436,FALSE,Low
region,Adelaide Metro,invert_phylum_shannon,M2 invertebrate Arthropoda Shannon diversity,period_split,Bloom 2025-11,by_status,Fished,0.25224348699027294,0.02326523146619135,196,0.20666133399088665,0.07899948315047119,12,-0.04558215299938628,81.92930428322852,-18.070695716771482,FALSE,Low
region,Adelaide Metro,invert_phylum_shannon,M2 invertebrate Arthropoda Shannon diversity,period_split,Bloom 2025-11,by_status,No-take,0.14272187769706599,0.024254873904101897,86,0.3121812373532098,0.05149709982995553,4,0.1694593596561438,218.7339757509563,118.73397575095629,FALSE,Low
region,Adelaide Metro,invert_phylum_shannon,M2 invertebrate Arthropoda Shannon diversity,period_split,Bloom 2025-11,overall,Overall,0.2188432799008552,0.018010657284096072,282,0.23304130983146742,0.06086282342725824,16,0.014198029930612227,106.48776144145002,6.487761441450019,FALSE,Low
region,Adelaide Metro,invert_phylum_shannon,M2 invertebrate Arthropoda Shannon diversity,period_split,Bloom 2026-01,by_status,Fished,0.25224348699027294,0.02326523146619135,196,0.4079423308216448,0.08731385390878069,16,0.1556988438313719,161.72561507499935,61.725615074999354,FALSE,Low
region,Adelaide Metro,invert_phylum_shannon,M2 invertebrate Arthropoda Shannon diversity,period_split,Bloom 2026-01,by_status,No-take,0.14272187769706599,0.024254873904101897,86,0.25461188616648994,0.07999800502405348,20,0.11189000846942396,178.39723683212455,78.39723683212455,FALSE,Low
region,Adelaide Metro,invert_phylum_shannon,M2 invertebrate Arthropoda Shannon diversity,period_split,Bloom 2026-01,overall,Overall,0.2188432799008552,0.018010657284096072,282,0.3227587504576699,0.059565547910352186,36,0.10391547055681469,147.48396688438072,47.48396688438072,FALSE,Low
region,Adelaide Metro,invert_phylum_shannon,M2 invertebrate Echinodermata Shannon diversity,period,Bloom,by_status,Fished,0.9087312821883952,0.033021425565027754,196,0.061888141121423684,0.031149681264894685,28,-0.8468431410669714,6.810389642621903,-93.1896103573781,FALSE,High
region,Adelaide Metro,invert_phylum_shannon,M2 invertebrate Echinodermata Shannon diversity,period,Bloom,by_status,No-take,0.810039120602488,0.046029779419296715,86,0.13594483557211481,0.06579300619568967,24,-0.6740942850303732,16.782502488398617,-83.21749751160138,FALSE,High
region,Adelaide Metro,invert_phylum_shannon,M2 invertebrate Echinodermata Shannon diversity,period,Bloom,overall,Overall,0.8786336726267355,0.026994955845410156,282,0.09606815394481959,0.034703426194720575,52,-0.7825655186819159,10.933812001265245,-89.06618799873476,FALSE,High
region,Adelaide Metro,invert_phylum_shannon,M2 invertebrate Echinodermata Shannon diversity,period_split,Bloom 2025-11,by_status,Fished,0.9087312821883952,0.033021425565027754,196,0.028881132523331052,0.028881132523331056,12,-0.8798501496650641,3.178181833223555,-96.82181816677644,FALSE,High
region,Adelaide Metro,invert_phylum_shannon,M2 invertebrate Echinodermata Shannon diversity,period_split,Bloom 2025-11,by_status,No-take,0.810039120602488,0.046029779419296715,86,0,0,4,-0.810039120602488,0,-100,FALSE,High
region,Adelaide Metro,invert_phylum_shannon,M2 invertebrate Echinodermata Shannon diversity,period_split,Bloom 2025-11,overall,Overall,0.8786336726267355,0.026994955845410156,282,0.02166084939249829,0.02166084939249829,16,-0.8569728232342373,2.465287874495146,-97.53471212550485,FALSE,High
region,Adelaide Metro,invert_phylum_shannon,M2 invertebrate Echinodermata Shannon diversity,period_split,Bloom 2026-01,by_status,Fished,0.9087312821883952,0.033021425565027754,196,0.08664339756999316,0.05002358891053932,16,-0.822087884618402,9.534545499670664,-90.46545450032934,FALSE,High
region,Adelaide Metro,invert_phylum_shannon,M2 invertebrate Echinodermata Shannon diversity,period_split,Bloom 2026-01,by_status,No-take,0.810039120602488,0.046029779419296715,86,0.1631338026865378,0.07781125041685241,20,-0.6469053179159502,20.139002986078342,-79.86099701392166,FALSE,High
region,Adelaide Metro,invert_phylum_shannon,M2 invertebrate Echinodermata Shannon diversity,period_split,Bloom 2026-01,overall,Overall,0.8786336726267355,0.026994955845410156,282,0.12913806707918463,0.048413871175091626,36,-0.7494956055475509,14.697600502051959,-85.30239949794804,FALSE,High
region,Adelaide Metro,invert_phylum_shannon,M2 invertebrate Mollusca Shannon diversity,period,Bloom,by_status,Fished,0.6311736477441118,0.029165493149657638,196,0.22056542048886718,0.049667202501803905,28,-0.4106082272552446,34.945283485328275,-65.05471651467172,FALSE,High
region,Adelaide Metro,invert_phylum_shannon,M2 invertebrate Mollusca Shannon diversity,period,Bloom,by_status,No-take,0.6426688579164581,0.03703154923394217,86,0.4115756221358767,0.07254373397119433,24,-0.23109323578058144,64.04163155971348,-35.95836844028652,FALSE,Medium
region,Adelaide Metro,invert_phylum_shannon,M2 invertebrate Mollusca Shannon diversity,period,Bloom,overall,Overall,0.634679279215111,0.023170628178723677,282,0.30872397509517924,0.04445655129009502,52,-0.3259553041199318,48.64251681210847,-51.35748318789153,FALSE,High
region,Adelaide Metro,invert_phylum_shannon,M2 invertebrate Mollusca Shannon diversity,period_split,Bloom 2025-11,by_status,Fished,0.6311736477441118,0.029165493149657638,196,0.3354782718048999,0.08703626185073321,12,-0.29569537593921186,53.15150165155633,-46.84849834844367,FALSE,Medium
region,Adelaide Metro,invert_phylum_shannon,M2 invertebrate Mollusca Shannon diversity,period_split,Bloom 2025-11,by_status,No-take,0.6426688579164581,0.03703154923394217,86,0.4454948226401149,0.1792792638390597,4,-0.1971740352763432,69.31949746007854,-30.680502539921463,FALSE,Medium
region,Adelaide Metro,invert_phylum_shannon,M2 invertebrate Mollusca Shannon diversity,period_split,Bloom 2025-11,overall,Overall,0.634679279215111,0.023170628178723677,282,0.3629824095137037,0.07697252251730416,16,-0.27169686970140733,57.19146999136213,-42.80853000863787,FALSE,Medium
region,Adelaide Metro,invert_phylum_shannon,M2 invertebrate Mollusca Shannon diversity,period_split,Bloom 2026-01,by_status,Fished,0.6311736477441118,0.029165493149657638,196,0.13438078200184264,0.049483960877322604,16,-0.4967928657422691,21.29061986065724,-78.70938013934276,FALSE,High
region,Adelaide Metro,invert_phylum_shannon,M2 invertebrate Mollusca Shannon diversity,period_split,Bloom 2026-01,by_status,No-take,0.6426688579164581,0.03703154923394217,86,0.404791782035029,0.08133323932325184,20,-0.2378770758814291,62.986058379640475,-37.013941620359525,FALSE,Medium
region,Adelaide Metro,invert_phylum_shannon,M2 invertebrate Mollusca Shannon diversity,period_split,Bloom 2026-01,overall,Overall,0.634679279215111,0.023170628178723677,282,0.28460911535361283,0.0545645800937317,36,-0.3500701638614982,44.84298206577351,-55.15701793422649,FALSE,High
region,Adelaide Metro,invert_phylum_simpson,M2 invertebrate Arthropoda Simpson diversity,period,Bloom,by_status,Fished,1.1180618683225472,0.05019322725896384,196,1.2218583341727531,0.1447972508252394,28,0.10379646585020597,109.28360664029569,9.283606640295687,FALSE,Low
region,Adelaide Metro,invert_phylum_simpson,M2 invertebrate Arthropoda Simpson diversity,period,Bloom,by_status,No-take,0.9096633206879486,0.05841162469911595,86,1.1910064044895026,0.16480075493136304,24,0.28134308380155393,130.92826515075745,30.928265150757454,FALSE,Low
region,Adelaide Metro,invert_phylum_simpson,M2 invertebrate Arthropoda Simpson diversity,period,Bloom,overall,Overall,1.0545077013134143,0.039530286823972006,282,1.2076189820112528,0.10786336481032091,52,0.15311128069783853,114.51969298158133,14.51969298158133,FALSE,Low
region,Adelaide Metro,invert_phylum_simpson,M2 invertebrate Arthropoda Simpson diversity,period_split,Bloom 2025-11,by_status,Fished,1.1180618683225472,0.05019322725896384,196,1.0539140841183163,0.18631148718379165,12,-0.06414778420423084,94.2625908259913,-5.737409174008704,FALSE,Low
region,Adelaide Metro,invert_phylum_simpson,M2 invertebrate Arthropoda Simpson diversity,period_split,Bloom 2025-11,by_status,No-take,0.9096633206879486,0.05841162469911595,86,1.3742908762420958,0.09039384031832418,4,0.46462755555414714,151.07687041869121,51.076870418691215,FALSE,Low
region,Adelaide Metro,invert_phylum_simpson,M2 invertebrate Arthropoda Simpson diversity,period_split,Bloom 2025-11,overall,Overall,1.0545077013134143,0.039530286823972006,282,1.1340082821492612,0.14416362950192627,16,0.07950058083584688,107.53911808674579,7.539118086745788,FALSE,Low
region,Adelaide Metro,invert_phylum_simpson,M2 invertebrate Arthropoda Simpson diversity,period_split,Bloom 2026-01,by_status,Fished,1.1180618683225472,0.05019322725896384,196,1.3478165217135805,0.21091259623815428,16,0.2297546533910333,120.54936850102393,20.549368501023935,FALSE,Low
region,Adelaide Metro,invert_phylum_simpson,M2 invertebrate Arthropoda Simpson diversity,period_split,Bloom 2026-01,by_status,No-take,0.9096633206879486,0.05841162469911595,86,1.1543495101389838,0.1969011742975187,20,0.24468618945103515,126.8985440971707,26.8985440971707,FALSE,Low
region,Adelaide Metro,invert_phylum_simpson,M2 invertebrate Arthropoda Simpson diversity,period_split,Bloom 2026-01,overall,Overall,1.0545077013134143,0.039530286823972006,282,1.2403348486165824,0.14293278372832158,36,0.18582714730316807,117.62217071261935,17.62217071261935,FALSE,Low
region,Adelaide Metro,invert_phylum_simpson,M2 invertebrate Echinodermata Simpson diversity,period,Bloom,by_status,Fished,2.4244793570246324,0.08161596831796294,196,0.39285714285714285,0.10714285714285714,28,-2.0316222141674896,16.20377347074073,-83.79622652925927,FALSE,High
region,Adelaide Metro,invert_phylum_simpson,M2 invertebrate Echinodermata Simpson diversity,period,Bloom,by_status,No-take,2.2868229503176862,0.09841028313916055,86,0.5632446510597771,0.19279110967092447,24,-1.7235782992579092,24.630006926488598,-75.36999307351141,FALSE,High
region,Adelaide Metro,invert_phylum_simpson,M2 invertebrate Echinodermata Simpson diversity,period,Bloom,overall,Overall,2.3824990344118757,0.06419112862742633,282,0.47149753125835864,0.10559519653703245,52,-1.911001503153517,19.790040812115112,-80.20995918788489,FALSE,High
region,Adelaide Metro,invert_phylum_simpson,M2 invertebrate Echinodermata Simpson diversity,period_split,Bloom 2025-11,by_status,Fished,2.4244793570246324,0.08161596831796294,196,0.375,0.13933010725567818,12,-2.0494793570246324,15.46723831297979,-84.53276168702021,FALSE,High
region,Adelaide Metro,invert_phylum_simpson,M2 invertebrate Echinodermata Simpson diversity,period_split,Bloom 2025-11,by_status,No-take,2.2868229503176862,0.09841028313916055,86,0,0,4,-2.2868229503176862,0,-100,FALSE,High
region,Adelaide Metro,invert_phylum_simpson,M2 invertebrate Echinodermata Simpson diversity,period_split,Bloom 2025-11,overall,Overall,2.3824990344118757,0.06419112862742633,282,0.28125,0.11151186409227196,16,-2.1012490344118757,11.804831646843756,-88.19516835315625,FALSE,High
region,Adelaide Metro,invert_phylum_simpson,M2 invertebrate Echinodermata Simpson diversity,period_split,Bloom 2026-01,by_status,Fished,2.4244793570246324,0.08161596831796294,196,0.40625,0.15954851665454828,16,-2.0182293570246324,16.756174839061437,-83.24382516093857,FALSE,High
region,Adelaide Metro,invert_phylum_simpson,M2 invertebrate Echinodermata Simpson diversity,period_split,Bloom 2026-01,by_status,No-take,2.2868229503176862,0.09841028313916055,86,0.6758935812717325,0.22357260465043957,20,-1.6109293690459539,29.556008311786318,-70.44399168821369,FALSE,High
region,Adelaide Metro,invert_phylum_simpson,M2 invertebrate Echinodermata Simpson diversity,period_split,Bloom 2026-01,overall,Overall,2.3824990344118757,0.06419112862742633,282,0.5560519895954069,0.14295591214134687,36,-1.8264470448164687,23.339022663346825,-76.66097733665318,FALSE,High
region,Adelaide Metro,invert_phylum_simpson,M2 invertebrate Mollusca Simpson diversity,period,Bloom,by_status,Fished,1.8235669517620785,0.058771949277930446,196,1.0147940134725753,0.113629158622327,28,-0.8087729382895033,55.64884867495535,-44.35115132504465,FALSE,Medium
region,Adelaide Metro,invert_phylum_simpson,M2 invertebrate Mollusca Simpson diversity,period,Bloom,by_status,No-take,1.715447954016701,0.07701271063381411,86,1.4740011566076474,0.1456633901282527,24,-0.2414467974090535,85.925145858042,-14.074854141958,FALSE,Low
region,Adelaide Metro,invert_phylum_simpson,M2 invertebrate Mollusca Simpson diversity,period,Bloom,overall,Overall,1.7905944914567506,0.047137507922286985,282,1.2267357718426086,0.09552289599211426,52,-0.563858719614142,68.50997128024163,-31.49002871975837,FALSE,Medium
region,Adelaide Metro,invert_phylum_simpson,M2 invertebrate Mollusca Simpson diversity,period_split,Bloom 2025-11,by_status,Fished,1.8235669517620785,0.058771949277930446,196,1.141892911010558,0.2281082310983474,12,-0.6816740407515205,62.618644734001585,-37.381355265998415,FALSE,Medium
region,Adelaide Metro,invert_phylum_simpson,M2 invertebrate Mollusca Simpson diversity,period_split,Bloom 2025-11,by_status,No-take,1.715447954016701,0.07701271063381411,86,1.6303245436105478,0.2669625055490819,4,-0.08512341040615312,95.03783194314711,-4.962168056852889,FALSE,Low
region,Adelaide Metro,invert_phylum_simpson,M2 invertebrate Mollusca Simpson diversity,period_split,Bloom 2025-11,overall,Overall,1.7905944914567506,0.047137507922286985,282,1.2640008191605554,0.18752031361203297,16,-0.5265936722961952,70.59112630979998,-29.408873690200025,FALSE,Medium
region,Adelaide Metro,invert_phylum_simpson,M2 invertebrate Mollusca Simpson diversity,period_split,Bloom 2026-01,by_status,Fished,1.8235669517620785,0.058771949277930446,196,0.9194698403190882,0.1031487167408894,16,-0.9040971114429903,50.42150163067068,-49.57849836932932,FALSE,Medium
region,Adelaide Metro,invert_phylum_simpson,M2 invertebrate Mollusca Simpson diversity,period_split,Bloom 2026-01,by_status,No-take,1.715447954016701,0.07701271063381411,86,1.4427364792070674,0.16811425516965237,20,-0.27271147480963354,84.10260864102096,-15.897391358979036,FALSE,Low
region,Adelaide Metro,invert_phylum_simpson,M2 invertebrate Mollusca Simpson diversity,period_split,Bloom 2026-01,overall,Overall,1.7905944914567506,0.047137507922286985,282,1.2101735285901878,0.111722017533909,36,-0.5804209628665629,67.58501348932681,-32.41498651067319,FALSE,Medium
region,Adelaide Metro,shannon_diversity,M1 fish Shannon diversity,period,Bloom,by_status,Fished,0.9103607297516199,0.03730367525133886,196,0.5795306578237037,0.09834678389535959,28,-0.33083007192791614,63.659452663541536,-36.340547336458464,FALSE,Medium
region,Adelaide Metro,shannon_diversity,M1 fish Shannon diversity,period,Bloom,by_status,No-take,1.071819989126792,0.05439561959449193,86,1.188548472429707,0.06855280402804201,24,0.11672848330291496,110.89067982376531,10.89067982376531,FALSE,Low
region,Adelaide Metro,shannon_diversity,M1 fish Shannon diversity,period,Bloom,overall,Overall,0.9596000783553958,0.031045089962741284,282,0.8606158030264744,0.07444976861722469,52,-0.0989842753289214,89.68484084551504,-10.31515915448496,FALSE,Low
region,Adelaide Metro,shannon_diversity,M1 fish Shannon diversity,period_split,Bloom 2025-11,by_status,Fished,0.9103607297516199,0.03730367525133886,196,0.48195183079528225,0.16602132266455338,12,-0.4284088989563376,52.940753598496784,-47.059246401503216,FALSE,Medium
region,Adelaide Metro,shannon_diversity,M1 fish Shannon diversity,period_split,Bloom 2025-11,by_status,No-take,1.071819989126792,0.05439561959449193,86,1.3634317214057283,0.08937808434383668,4,0.2916117322789362,127.20715560795905,27.207155607959052,FALSE,Low
region,Adelaide Metro,shannon_diversity,M1 fish Shannon diversity,period_split,Bloom 2025-11,overall,Overall,0.9596000783553958,0.031045089962741284,282,0.7023218034478937,0.1589707546564446,16,-0.2572782749075021,73.1890106398869,-26.810989360113098,FALSE,Medium
region,Adelaide Metro,shannon_diversity,M1 fish Shannon diversity,period_split,Bloom 2026-01,by_status,Fished,0.9103607297516199,0.03730367525133886,196,0.6527147780950198,0.1203089648346551,16,-0.2576459516566001,71.6984769623251,-28.301523037674897,FALSE,Medium
region,Adelaide Metro,shannon_diversity,M1 fish Shannon diversity,period_split,Bloom 2026-01,by_status,No-take,1.071819989126792,0.05439561959449193,86,1.1535718226345029,0.0786640351799294,20,0.08175183350771076,107.62738466692655,7.627384666926545,FALSE,Low
region,Adelaide Metro,shannon_diversity,M1 fish Shannon diversity,period_split,Bloom 2026-01,overall,Overall,0.9596000783553958,0.031045089962741284,282,0.930968691728066,0.07995592919744227,36,-0.02863138662732989,97.01632093690534,-2.9836790630946552,FALSE,Low
region,Adelaide Metro,shannon_diversity,M2 fish Shannon diversity,period,Bloom,by_status,Fished,0.36834386883307985,0.026686222878308102,194,0.11259666845297697,0.04550640492193116,28,-0.2557472003801029,30.568356902392672,-69.43164309760732,FALSE,High
region,Adelaide Metro,shannon_diversity,M2 fish Shannon diversity,period,Bloom,by_status,No-take,0.5019619648739189,0.03890986516661301,86,0.057762265046662105,0.02693179494543192,24,-0.44419969982725677,11.507299175779313,-88.49270082422069,FALSE,High
region,Adelaide Metro,shannon_diversity,M2 fish Shannon diversity,period,Bloom,overall,Overall,0.40938371261705186,0.022284840842571443,280,0.08728848226544704,0.027494579444973334,52,-0.3220952303516048,21.32192355857082,-78.67807644142918,FALSE,High
region,Adelaide Metro,shannon_diversity,M2 fish Shannon diversity,period_split,Bloom 2025-11,by_status,Fished,0.36834386883307985,0.026686222878308102,194,0,0,12,-0.36834386883307985,0,-100,FALSE,High
region,Adelaide Metro,shannon_diversity,M2 fish Shannon diversity,period_split,Bloom 2025-11,by_status,No-take,0.5019619648739189,0.03890986516661301,86,0,0,4,-0.5019619648739189,0,-100,FALSE,High
region,Adelaide Metro,shannon_diversity,M2 fish Shannon diversity,period_split,Bloom 2025-11,overall,Overall,0.40938371261705186,0.022284840842571443,280,0,0,16,-0.40938371261705186,0,-100,FALSE,High
region,Adelaide Metro,shannon_diversity,M2 fish Shannon diversity,period_split,Bloom 2026-01,by_status,Fished,0.36834386883307985,0.026686222878308102,194,0.1970441697927097,0.07357851416858731,16,-0.17129969904037015,53.494624579187175,-46.505375420812825,FALSE,Medium
region,Adelaide Metro,shannon_diversity,M2 fish Shannon diversity,period_split,Bloom 2026-01,by_status,No-take,0.5019619648739189,0.03890986516661301,86,0.06931471805599453,0.03180377382169413,20,-0.4326472468179243,13.808759010935173,-86.19124098906482,FALSE,High
region,Adelaide Metro,shannon_diversity,M2 fish Shannon diversity,period_split,Bloom 2026-01,overall,Overall,0.40938371261705186,0.022284840842571443,280,0.1260833632723124,0.03809651932880868,36,-0.28330034934473947,30.798334029046742,-69.20166597095326,FALSE,High
region,Adelaide Metro,shannon_diversity,M2 invertebrate Shannon diversity,period,Bloom,by_status,Fished,1.483019245770349,0.0322594025423857,196,0.8269464436015933,0.0746592507172862,28,-0.6560728021687557,55.761005527075206,-44.238994472924794,FALSE,Medium
region,Adelaide Metro,shannon_diversity,M2 invertebrate Shannon diversity,period,Bloom,by_status,No-take,1.2807548742979864,0.039275072778072684,86,0.9907779795733545,0.10593167894682147,24,-0.28997689472463195,77.3589075830318,-22.641092416968206,FALSE,Medium
region,Adelaide Metro,shannon_diversity,M2 invertebrate Shannon diversity,period,Bloom,overall,Overall,1.4213357849667207,0.025982533285327642,282,0.902560998665483,0.06368252809469563,52,-0.5187747863012377,63.50089881727812,-36.49910118272188,FALSE,Medium
region,Adelaide Metro,shannon_diversity,M2 invertebrate Shannon diversity,period_split,Bloom 2025-11,by_status,Fished,1.483019245770349,0.0322594025423857,196,0.7683431090215047,0.1435525172510323,12,-0.7146761367488443,51.80938219196148,-48.19061780803852,FALSE,Medium
region,Adelaide Metro,shannon_diversity,M2 invertebrate Shannon diversity,period_split,Bloom 2025-11,by_status,No-take,1.2807548742979864,0.039275072778072684,86,0.9242546853307472,0.0867296716367023,4,-0.35650018896723923,72.16483839949109,-27.83516160050891,FALSE,Medium
region,Adelaide Metro,shannon_diversity,M2 invertebrate Shannon diversity,period_split,Bloom 2025-11,overall,Overall,1.4213357849667207,0.025982533285327642,282,0.8073210030988153,0.10960832955327929,16,-0.6140147818679055,56.80016021813719,-43.19983978186281,FALSE,Medium
region,Adelaide Metro,shannon_diversity,M2 invertebrate Shannon diversity,period_split,Bloom 2026-01,by_status,Fished,1.483019245770349,0.0322594025423857,196,0.8708989445366597,0.07696477862339808,16,-0.6121203012336893,58.72472302841049,-41.27527697158951,FALSE,Medium
region,Adelaide Metro,shannon_diversity,M2 invertebrate Shannon diversity,period_split,Bloom 2026-01,by_status,No-take,1.2807548742979864,0.039275072778072684,86,1.004082638421876,0.12651995129460858,20,-0.27667223587611045,78.39772141973995,-21.602278580260048,FALSE,Medium
region,Adelaide Metro,shannon_diversity,M2 invertebrate Shannon diversity,period_split,Bloom 2026-01,overall,Overall,1.4213357849667207,0.025982533285327642,282,0.9448898855840021,0.07798098045412723,36,-0.47644589938271864,66.47900486134077,-33.52099513865923,FALSE,Medium
region,Adelaide Metro,simpson_diversity,M1 fish Simpson diversity,period,Bloom,by_status,Fished,2.399539557650433,0.09317664979641181,196,1.7977162531207531,0.2271734354012639,28,-0.6018233045296797,74.91921720519709,-25.080782794802914,FALSE,Medium
region,Adelaide Metro,simpson_diversity,M1 fish Simpson diversity,period,Bloom,by_status,No-take,2.3791192285804454,0.13716556763526272,86,2.8851060512656805,0.25281714175272574,24,0.5059868226852351,121.26782115863708,21.267821158637076,FALSE,Low
region,Adelaide Metro,simpson_diversity,M1 fish Simpson diversity,period,Bloom,overall,Overall,2.393312081409231,0.0769634503851231,282,2.299588467649181,0.18378647503943107,52,-0.09372361376004967,96.0839367967063,-3.916063203293703,FALSE,Low
region,Adelaide Metro,simpson_diversity,M1 fish Simpson diversity,period_split,Bloom 2025-11,by_status,Fished,2.399539557650433,0.09317664979641181,196,1.559645429141132,0.39350414297715464,12,-0.8398941285093009,64.99769608583975,-35.00230391416025,FALSE,Medium
region,Adelaide Metro,simpson_diversity,M1 fish Simpson diversity,period_split,Bloom 2025-11,by_status,No-take,2.3791192285804454,0.13716556763526272,86,3.204756214826797,0.38857910666269924,4,0.8256369862463515,134.7034724585445,34.703472458544496,FALSE,Low
region,Adelaide Metro,simpson_diversity,M1 fish Simpson diversity,period_split,Bloom 2025-11,overall,Overall,2.393312081409231,0.0769634503851231,282,1.9709231255625481,0.35573105798985577,16,-0.4223889558466827,82.35127967105855,-17.64872032894145,FALSE,Low
region,Adelaide Metro,simpson_diversity,M1 fish Simpson diversity,period_split,Bloom 2026-01,by_status,Fished,2.399539557650433,0.09317664979641181,196,1.976269371105469,0.2691470669802708,16,-0.42327018654496373,82.36035804471508,-17.639641955284915,FALSE,Low
region,Adelaide Metro,simpson_diversity,M1 fish Simpson diversity,period_split,Bloom 2026-01,by_status,No-take,2.3791192285804454,0.13716556763526272,86,2.8211760185534573,0.2945984841093049,20,0.4420567899730119,118.58069089865559,18.58069089865559,FALSE,Low
region,Adelaide Metro,simpson_diversity,M1 fish Simpson diversity,period_split,Bloom 2026-01,overall,Overall,2.393312081409231,0.0769634503851231,282,2.445661953021018,0.21215197922072515,36,0.05234987161178717,102.18733996366085,2.187339963660847,FALSE,Low
region,Adelaide Metro,simpson_diversity,M2 fish Simpson diversity,period,Bloom,by_status,Fished,1.3656447907055362,0.05317710834939795,194,0.5267107892107892,0.12463293537490615,28,-0.8389340014947471,38.56865217042811,-61.43134782957189,FALSE,High
region,Adelaide Metro,simpson_diversity,M2 fish Simpson diversity,period,Bloom,by_status,No-take,1.595075175735934,0.07287802468650756,86,0.3541666666666667,0.08763791753215033,24,-1.2409085090692673,22.203760177213066,-77.79623982278693,FALSE,High
region,Adelaide Metro,simpson_diversity,M2 fish Simpson diversity,period,Bloom,overall,Overall,1.4361126946791585,0.04350257619405316,280,0.4470750403442711,0.0785606495192513,52,-0.9890376543348873,31.130916257526152,-68.86908374247385,FALSE,High
region,Adelaide Metro,simpson_diversity,M2 fish Simpson diversity,period_split,Bloom 2025-11,by_status,Fished,1.3656447907055362,0.05317710834939795,194,0.16666666666666666,0.07106690545187015,12,-1.1989781240388695,12.20424723917859,-87.795752760821415,FALSE,High
region,Adelaide Metro,simpson_diversity,M2 fish Simpson diversity,period_split,Bloom 2025-11,by_status,No-take,1.595075175735934,0.07287802468650756,86,0,0,4,-1.595075175735934,0,-100,FALSE,High
region,Adelaide Metro,simpson_diversity,M2 fish Simpson diversity,period_split,Bloom 2025-11,overall,Overall,1.4361126946791585,0.04350257619405316,280,0.125,0.05590169943749474,16,-1.3111126946791585,8.704052297784765,-91.29594770221523,FALSE,High
region,Adelaide Metro,simpson_diversity,M2 fish Simpson diversity,period_split,Bloom 2026-01,by_status,Fished,1.3656447907055362,0.05317710834939795,194,0.7967438811188812,0.18657318499484066,16,-0.5689009095866551,58.34195586886525,-41.65804413113475,FALSE,Medium
region,Adelaide Metro,simpson_diversity,M2 fish Simpson diversity,period_split,Bloom 2026-01,by_status,No-take,1.595075175735934,0.07287802468650756,86,0.425,0.0978384812895858,20,-1.170075175735934,26.64451221265568,-73.35548778734432,FALSE,High
region,Adelaide Metro,simpson_diversity,M2 fish Simpson diversity,period_split,Bloom 2026-01,overall,Overall,1.4361126946791585,0.04350257619405316,280,0.5902195027195027,0.1024314698889053,36,-0.8458931919596557,41.09841135074455,-58.90158864925545,FALSE,High
region,Adelaide Metro,simpson_diversity,M2 invertebrate Simpson diversity,period,Bloom,by_status,Fished,3.948529287503858,0.13383225181251537,196,2.265122236301939,0.18138972585955448,28,-1.6834070512019186,57.36622603941433,-42.63377396058567,FALSE,Medium
region,Adelaide Metro,simpson_diversity,M2 invertebrate Simpson diversity,period,Bloom,by_status,No-take,3.187547018988687,0.1261985290528256,86,2.9049906701238415,0.365592043802526,24,-0.2825563488648455,91.13561785342725,-8.864382146572751,FALSE,Low
region,Adelaide Metro,simpson_diversity,M2 invertebrate Simpson diversity,period,Bloom,overall,Overall,3.7164566807935575,0.10268811584121113,282,2.560446128835125,0.19797634535146452,52,-1.1560105519584325,68.89481968315059,-31.105180316849413,FALSE,Medium
region,Adelaide Metro,simpson_diversity,M2 invertebrate Simpson diversity,period_split,Bloom 2025-11,by_status,Fished,3.948529287503858,0.13383225181251537,196,2.0427359932506923,0.34846488779496804,12,-1.9057932942531655,51.73409754653356,-48.26590245346644,FALSE,Medium
region,Adelaide Metro,simpson_diversity,M2 invertebrate Simpson diversity,period_split,Bloom 2025-11,by_status,No-take,3.187547018988687,0.1261985290528256,86,2.193085175254173,0.13035591780842087,4,-0.9944618437345141,68.80165726778748,-31.198342732212524,FALSE,Medium
region,Adelaide Metro,simpson_diversity,M2 invertebrate Simpson diversity,period_split,Bloom 2025-11,overall,Overall,3.7164566807935575,0.10268811584121113,282,2.0803232887515626,0.26060980821196184,16,-1.636133392041995,55.97598646857794,-44.02401353142206,FALSE,Medium
region,Adelaide Metro,simpson_diversity,M2 invertebrate Simpson diversity,period_split,Bloom 2026-01,by_status,Fished,3.948529287503858,0.13383225181251537,196,2.431911918590375,0.18035904836999897,16,-1.516617368913483,61.590322409074915,-38.409677590925085,FALSE,Medium
region,Adelaide Metro,simpson_diversity,M2 invertebrate Simpson diversity,period_split,Bloom 2026-01,by_status,No-take,3.187547018988687,0.1261985290528256,86,3.0473717690977753,0.43268551296806945,20,-0.14017524989091168,95.60240997055519,-4.397590029444814,FALSE,Low
region,Adelaide Metro,simpson_diversity,M2 invertebrate Simpson diversity,period_split,Bloom 2026-01,overall,Overall,3.7164566807935575,0.10268811584121113,282,2.7738340577611527,0.2555983463813334,36,-0.9426226230324048,74.63652333407177,-25.363476665928232,FALSE,Medium
region,Adelaide Metro,species_richness,M1 fish species richness,period,Bloom,by_status,Fished,5.658163265306122,0.2689980312876234,196,2.375,0.32896442450908364,28,-3.283163265306122,41.97475202885483,-58.02524797114517,FALSE,High
region,Adelaide Metro,species_richness,M1 fish species richness,period,Bloom,by_status,No-take,12.104651162790697,0.40373735207133915,86,6.979166666666667,0.5722121821500886,24,-5.12548449612403,57.656900416266424,-42.343099583733576,FALSE,Medium
region,Adelaide Metro,species_richness,M1 fish species richness,period,Bloom,overall,Overall,7.624113475177305,0.285104581074167,282,4.5,0.44977789055217315,52,-3.124113475177305,59.02325581395349,-40.97674418604651,FALSE,Medium
region,Adelaide Metro,species_richness,M1 fish species richness,period_split,Bloom 2025-11,by_status,Fished,5.658163265306122,0.2689980312876234,196,2.0416666666666665,0.5853590368484987,12,-3.6164965986394555,36.083558761647126,-63.916441238352874,FALSE,High
region,Adelaide Metro,species_richness,M1 fish species richness,period_split,Bloom 2025-11,by_status,No-take,12.104651162790697,0.40373735207133915,86,5.625,0.125,4,-6.479651162790697,46.46974063400577,-53.53025936599423,FALSE,High
region,Adelaide Metro,species_richness,M1 fish species richness,period_split,Bloom 2025-11,overall,Overall,7.624113475177305,0.285104581074167,282,2.9375,0.591387845101109,16,-4.686613475177305,38.52906976744186,-61.47093023255814,FALSE,High
region,Adelaide Metro,species_richness,M1 fish species richness,period_split,Bloom 2026-01,by_status,Fished,5.658163265306122,0.2689980312876234,196,2.625,0.3777675652214379,16,-3.033163265306122,46.3931469792606,-53.6068530207394,FALSE,High
region,Adelaide Metro,species_richness,M1 fish species richness,period_split,Bloom 2026-01,by_status,No-take,12.104651162790697,0.40373735207133915,86,7.25,0.6722898810859244,20,-4.854651162790697,59.89433237271854,-40.10566762728146,FALSE,Medium
region,Adelaide Metro,species_richness,M1 fish species richness,period_split,Bloom 2026-01,overall,Overall,7.624113475177305,0.285104581074167,282,5.194444444444445,0.5607102135351293,36,-2.4296690307328603,68.13178294573645,-31.868217054263553,FALSE,Medium
region,Adelaide Metro,species_richness,M2 fish species richness,period,Bloom,by_status,Fished,1.6881443298969072,0.07610846591132923,194,0.5535714285714286,0.1369047619047619,28,-1.1345729013254786,32.79171210468921,-67.20828789531079,FALSE,High
region,Adelaide Metro,species_richness,M2 fish species richness,period,Bloom,by_status,No-take,2.104651162790698,0.11130253538144147,86,0.3541666666666667,0.08763791753215033,24,-1.7504844961240311,16.82780847145488,-83.17219152854511,FALSE,High
region,Adelaide Metro,species_richness,M2 fish species richness,period,Bloom,overall,Overall,1.8160714285714286,0.06377942164876019,280,0.46153846153846156,0.0844712882470338,52,-1.3545329670329669,25.414113909689135,-74.58588609031086,FALSE,High
region,Adelaide Metro,species_richness,M2 fish species richness,period_split,Bloom 2025-11,by_status,Fished,1.6881443298969072,0.07610846591132923,194,0.16666666666666666,0.07106690545187015,12,-1.5214776632302405,9.872773536895673,-90.12722646310432,FALSE,High
region,Adelaide Metro,species_richness,M2 fish species richness,period_split,Bloom 2025-11,by_status,No-take,2.104651162790698,0.11130253538144147,86,0,0,4,-2.104651162790698,0,-100,FALSE,High
region,Adelaide Metro,species_richness,M2 fish species richness,period_split,Bloom 2025-11,overall,Overall,1.8160714285714286,0.06377942164876019,280,0.125,0.05590169943749474,16,-1.6910714285714286,6.88298918387414,-93.11701081612586,FALSE,High
region,Adelaide Metro,species_richness,M2 fish species richness,period_split,Bloom 2026-01,by_status,Fished,1.6881443298969072,0.07610846591132923,194,0.84375,0.20775962673243328,16,-0.8443943298969072,49.98091603053435,-50.01908396946565,FALSE,High
region,Adelaide Metro,species_richness,M2 fish species richness,period_split,Bloom 2026-01,by_status,No-take,2.104651162790698,0.11130253538144147,86,0.425,0.0978384812895858,20,-1.6796511627906978,20.193370165745854,-79.80662983425415,FALSE,High
region,Adelaide Metro,species_richness,M2 fish species richness,period_split,Bloom 2026-01,overall,Overall,1.8160714285714286,0.06377942164876019,280,0.6111111111111112,0.1111111111111111,36,-1.2049603174603174,33.65016934338468,-66.34983065661532,FALSE,High
region,Adelaide Metro,species_richness,M2 invertebrate species richness,period,Bloom,by_status,Fished,8.52295918367347,0.2039411964474344,196,2.9642857142857144,0.23560202553646659,28,-5.558673469387755,34.780005986231664,-65.21999401376834,FALSE,High
region,Adelaide Metro,species_richness,M2 invertebrate species richness,period,Bloom,by_status,No-take,7.680232558139535,0.3154603600483123,86,3.5416666666666665,0.4276628711975898,24,-4.138565891472869,46.11405500883169,-53.88594499116831,FALSE,High
region,Adelaide Metro,species_richness,M2 invertebrate species richness,period,Bloom,overall,Overall,8.26595744680851,0.17255882383382376,282,3.230769230769231,0.23562020564615532,52,-5.03518821603928,39.08523908523909,-60.91476091476091,FALSE,High
region,Adelaide Metro,species_richness,M2 invertebrate species richness,period_split,Bloom 2025-11,by_status,Fished,8.52295918367347,0.2039411964474344,196,2.875,0.4527901714855783,12,-5.6479591836734695,33.7324154444777,-66.26758455552229,FALSE,High
region,Adelaide Metro,species_richness,M2 invertebrate species richness,period_split,Bloom 2025-11,by_status,No-take,7.680232558139535,0.3154603600483123,86,3.375,0.3145764348029479,4,-4.305232558139535,43.94398183194549,-56.05601816805451,FALSE,High
region,Adelaide Metro,species_richness,M2 invertebrate species richness,period_split,Bloom 2025-11,overall,Overall,8.26595744680851,0.17255882383382376,282,3,0.3476108935769035,16,-5.26595744680851,36.293436293436294,-63.706563706563706,FALSE,High
region,Adelaide Metro,species_richness,M2 invertebrate species richness,period_split,Bloom 2026-01,by_status,Fished,8.52295918367347,0.2039411964474344,196,3.03125,0.24777657106083834,16,-5.4917091836734695,35.56569889254714,-64.43430110745285,FALSE,High
region,Adelaide Metro,species_richness,M2 invertebrate species richness,period_split,Bloom 2026-01,by_status,No-take,7.680232558139535,0.3154603600483123,86,3.575,0.5120585390054744,20,-4.105232558139535,46.54806964420894,-53.45193035579106,FALSE,High
region,Adelaide Metro,species_richness,M2 invertebrate species richness,period_split,Bloom 2026-01,overall,Overall,8.26595744680851,0.17255882383382376,282,3.3333333333333335,0.304724700110022,36,-4.9326241134751765,40.32604032604033,-59.67395967395967,FALSE,High
region,Adelaide Metro,total_abundance,M1 fish total abundance,period,Bloom,by_status,Fished,101.13265306122449,15.040530060673676,196,5.821428571428571,1.039311396253531,28,-95.31122448979592,5.756230451014025,-94.24376954898598,FALSE,High
region,Adelaide Metro,total_abundance,M1 fish total abundance,period,Bloom,by_status,No-take,278.45348837209303,28.92774813275207,86,78.33333333333333,16.696910964270977,24,-200.12015503875972,28.131568324494367,-71.86843167550563,FALSE,High
region,Adelaide Metro,total_abundance,M1 fish total abundance,period,Bloom,overall,Overall,155.20921985815602,14.492140514621878,282,39.28846153846154,9.162850701897588,52,-115.92075831969447,25.31322660752166,-74.68677339247834,FALSE,High
region,Adelaide Metro,total_abundance,M1 fish total abundance,period_split,Bloom 2025-11,by_status,Fished,101.13265306122449,15.040530060673676,196,4.625,1.5979686442101384,12,-96.50765306122449,4.573201493290283,-95.42679850670972,FALSE,High
region,Adelaide Metro,total_abundance,M1 fish total abundance,period_split,Bloom 2025-11,by_status,No-take,278.45348837209303,28.92774813275207,86,17.75,1.8427786989579984,4,-260.70348837209303,6.3744936735290425,-93.62550632647095,FALSE,High
region,Adelaide Metro,total_abundance,M1 fish total abundance,period_split,Bloom 2025-11,overall,Overall,155.20921985815602,14.492140514621878,282,7.90625,1.930683573892936,16,-147.30296985815602,5.09393063583815,-94.90606936416185,FALSE,High
region,Adelaide Metro,total_abundance,M1 fish total abundance,period_split,Bloom 2026-01,by_status,Fished,101.13265306122449,15.040530060673676,196,6.71875,1.3685216704531937,16,-94.41390306122449,6.643502169306831,-93.35649783069317,FALSE,High
region,Adelaide Metro,total_abundance,M1 fish total abundance,period_split,Bloom 2026-01,by_status,No-take,278.45348837209303,28.92774813275207,86,90.45,18.934231739865954,20,-188.00348837209305,32.48298325468744,-67.51701674531256,FALSE,High
region,Adelaide Metro,total_abundance,M1 fish total abundance,period_split,Bloom 2026-01,overall,Overall,155.20921985815602,14.492140514621878,282,53.236111111111114,12.567302720279294,36,-101.9731087470449,34.29958037271433,-65.70041962728567,FALSE,High
region,Adelaide Metro,total_abundance,M2 fish total abundance,period,Bloom,by_status,Fished,7.515463917525773,0.8816353880341329,194,1.0357142857142858,0.3117290187062355,28,-6.4797496318114876,13.781109151479523,-86.21889084852047,FALSE,High
region,Adelaide Metro,total_abundance,M2 fish total abundance,period,Bloom,by_status,No-take,11.430232558139535,1.2041356797893823,86,0.4375,0.12522624452901468,24,-10.992732558139535,3.827568667344863,-96.17243133265514,FALSE,High
region,Adelaide Metro,total_abundance,M2 fish total abundance,period,Bloom,overall,Overall,8.717857142857143,0.7210464418142685,280,0.7596153846153846,0.18085726010396247,52,-7.958241758241758,8.71332682065988,-91.28667317934011,FALSE,High
region,Adelaide Metro,total_abundance,M2 fish total abundance,period_split,Bloom 2025-11,by_status,Fished,7.515463917525773,0.8816353880341329,194,0.25,0.11514154661795957,12,-7.265463917525773,3.326474622770919,-96.67352537722908,FALSE,High
region,Adelaide Metro,total_abundance,M2 fish total abundance,period_split,Bloom 2025-11,by_status,No-take,11.430232558139535,1.2041356797893823,86,0,0,4,-11.430232558139535,0,-100,FALSE,High
region,Adelaide Metro,total_abundance,M2 fish total abundance,period_split,Bloom 2025-11,overall,Overall,8.717857142857143,0.7210464418142685,280,0.1875,0.08984941105353261,16,-8.530357142857143,2.150757886112249,-97.84924211388775,FALSE,High
region,Adelaide Metro,total_abundance,M2 fish total abundance,period_split,Bloom 2026-01,by_status,Fished,7.515463917525773,0.8816353880341329,194,1.625,0.4947642536265799,16,-5.890463917525773,21.622085048010973,-78.37791495198903,FALSE,High
region,Adelaide Metro,total_abundance,M2 fish total abundance,period_split,Bloom 2026-01,by_status,No-take,11.430232558139535,1.2041356797893823,86,0.525,0.14269492669770414,20,-10.905232558139534,4.593082400813835,-95.40691759918616,FALSE,High
region,Adelaide Metro,total_abundance,M2 fish total abundance,period_split,Bloom 2026-01,overall,Overall,8.717857142857143,0.7210464418142685,280,1.0138888888888888,0.24759647078599287,36,-7.703968253968254,11.63002412490327,-88.36997587509673,FALSE,High
region,Adelaide Metro,total_abundance,M2 invertebrate total abundance,period,Bloom,by_status,Fished,71.46428571428571,7.517189876680795,196,6.910714285714286,0.9445799055848951,28,-64.55357142857142,9.67016491754123,-90.32983508245877,FALSE,High
region,Adelaide Metro,total_abundance,M2 invertebrate total abundance,period,Bloom,by_status,No-take,84.73255813953489,9.527958347149095,86,8.229166666666666,1.2445457696305566,24,-76.50339147286822,9.711929920863637,-90.28807007913636,FALSE,High
region,Adelaide Metro,total_abundance,M2 invertebrate total abundance,period,Bloom,overall,Overall,75.51063829787235,5.980163388796209,282,7.519230769230769,0.7649911446837037,52,-67.99140752864157,9.957842946008626,-90.04215705399137,FALSE,High
region,Adelaide Metro,total_abundance,M2 invertebrate total abundance,period_split,Bloom 2025-11,by_status,Fished,71.46428571428571,7.517189876680795,196,8.166666666666666,1.760609972352615,12,-63.297619047619044,11.427619523571547,-88.57238047642845,FALSE,High
region,Adelaide Metro,total_abundance,M2 invertebrate total abundance,period_split,Bloom 2025-11,by_status,No-take,84.73255813953489,9.527958347149095,86,10.375,2.357390859969273,4,-74.35755813953489,12.24440784959517,-87.75559215040482,FALSE,High
region,Adelaide Metro,total_abundance,M2 invertebrate total abundance,period_split,Bloom 2025-11,overall,Overall,75.51063829787235,5.980163388796209,282,8.71875,1.4295750752700374,16,-66.79188829787235,11.54638630600169,-88.4536136939983,FALSE,High
region,Adelaide Metro,total_abundance,M2 invertebrate total abundance,period_split,Bloom 2026-01,by_status,Fished,71.46428571428571,7.517189876680795,196,5.96875,0.9836885834280413,16,-65.49553571428571,8.35207396301849,-91.64792603698152,FALSE,High
region,Adelaide Metro,total_abundance,M2 invertebrate total abundance,period_split,Bloom 2026-01,by_status,No-take,84.73255813953489,9.527958347149095,86,7.8,1.4199703480966368,20,-76.93255813953489,9.205434335117332,-90.79456566488267,FALSE,High
region,Adelaide Metro,total_abundance,M2 invertebrate total abundance,period_split,Bloom 2026-01,overall,Overall,75.51063829787235,5.980163388796209,282,6.986111111111111,0.9033636682463956,36,-68.52452718676123,9.251823674900598,-90.74817632509941,FALSE,High
region,Eastern Spencer Gulf,b20,M1 fish B20 biomass,period,Bloom,by_status,Fished,4.160888278596392,1.7326666938454007,11,1.526312818809394,0.48858882114223096,12,-2.634575459786998,36.68237925687038,-63.31762074312962,FALSE,High
region,Eastern Spencer Gulf,b20,M1 fish B20 biomass,period,Bloom,overall,Overall,4.160888278596392,1.7326666938454007,11,1.526312818809394,0.48858882114223096,12,-2.634575459786998,36.68237925687038,-63.31762074312962,FALSE,High
region,Eastern Spencer Gulf,b20,M1 fish B20 biomass,period_split,Bloom 2026-03,by_status,Fished,4.160888278596392,1.7326666938454007,11,1.526312818809394,0.48858882114223096,12,-2.634575459786998,36.68237925687038,-63.31762074312962,FALSE,High
region,Eastern Spencer Gulf,b20,M1 fish B20 biomass,period_split,Bloom 2026-03,overall,Overall,4.160888278596392,1.7326666938454007,11,1.526312818809394,0.48858882114223096,12,-2.634575459786998,36.68237925687038,-63.31762074312962,FALSE,High
region,Eastern Spencer Gulf,b20,M2 fish B20 biomass,period,Bloom,by_status,Fished,0.037814864939000166,0.03781486493900016,15,0,0,12,-0.037814864939000166,0,-100,FALSE,High
region,Eastern Spencer Gulf,b20,M2 fish B20 biomass,period,Bloom,overall,Overall,0.037814864939000166,0.03781486493900016,15,0,0,12,-0.037814864939000166,0,-100,FALSE,High
region,Eastern Spencer Gulf,b20,M2 fish B20 biomass,period_split,Bloom 2026-03,by_status,Fished,0.037814864939000166,0.03781486493900016,15,0,0,12,-0.037814864939000166,0,-100,FALSE,High
region,Eastern Spencer Gulf,b20,M2 fish B20 biomass,period_split,Bloom 2026-03,overall,Overall,0.037814864939000166,0.03781486493900016,15,0,0,12,-0.037814864939000166,0,-100,FALSE,High
region,Eastern Spencer Gulf,invert_phylum_abundance,M2 invertebrate Arthropoda abundance,period,Bloom,by_status,Fished,0.8,0.247847879612821,15,4,0.6713848194274099,12,3.2,500,400,FALSE,Low
region,Eastern Spencer Gulf,invert_phylum_abundance,M2 invertebrate Arthropoda abundance,period,Bloom,overall,Overall,0.8,0.247847879612821,15,4,0.6713848194274099,12,3.2,500,400,FALSE,Low
region,Eastern Spencer Gulf,invert_phylum_abundance,M2 invertebrate Arthropoda abundance,period_split,Bloom 2026-03,by_status,Fished,0.8,0.247847879612821,15,4,0.6713848194274099,12,3.2,500,400,FALSE,Low
region,Eastern Spencer Gulf,invert_phylum_abundance,M2 invertebrate Arthropoda abundance,period_split,Bloom 2026-03,overall,Overall,0.8,0.247847879612821,15,4,0.6713848194274099,12,3.2,500,400,FALSE,Low
region,Eastern Spencer Gulf,invert_phylum_abundance,M2 invertebrate Chordata abundance,period,Bloom,by_status,Fished,0,0,15,0,0,12,0,NA,NA,TRUE,Undefined - pre-bloom zero
region,Eastern Spencer Gulf,invert_phylum_abundance,M2 invertebrate Chordata abundance,period,Bloom,overall,Overall,0,0,15,0,0,12,0,NA,NA,TRUE,Undefined - pre-bloom zero
region,Eastern Spencer Gulf,invert_phylum_abundance,M2 invertebrate Chordata abundance,period_split,Bloom 2026-03,by_status,Fished,0,0,15,0,0,12,0,NA,NA,TRUE,Undefined - pre-bloom zero
region,Eastern Spencer Gulf,invert_phylum_abundance,M2 invertebrate Chordata abundance,period_split,Bloom 2026-03,overall,Overall,0,0,15,0,0,12,0,NA,NA,TRUE,Undefined - pre-bloom zero
region,Eastern Spencer Gulf,invert_phylum_abundance,M2 invertebrate Cnidaria abundance,period,Bloom,by_status,Fished,0,0,15,0,0,12,0,NA,NA,TRUE,Undefined - pre-bloom zero
region,Eastern Spencer Gulf,invert_phylum_abundance,M2 invertebrate Cnidaria abundance,period,Bloom,overall,Overall,0,0,15,0,0,12,0,NA,NA,TRUE,Undefined - pre-bloom zero
region,Eastern Spencer Gulf,invert_phylum_abundance,M2 invertebrate Cnidaria abundance,period_split,Bloom 2026-03,by_status,Fished,0,0,15,0,0,12,0,NA,NA,TRUE,Undefined - pre-bloom zero
region,Eastern Spencer Gulf,invert_phylum_abundance,M2 invertebrate Cnidaria abundance,period_split,Bloom 2026-03,overall,Overall,0,0,15,0,0,12,0,NA,NA,TRUE,Undefined - pre-bloom zero
region,Eastern Spencer Gulf,invert_phylum_abundance,M2 invertebrate Echinodermata abundance,period,Bloom,by_status,Fished,42.06666666666667,10.716016791374296,15,0.20833333333333334,0.11445412825559188,12,-41.858333333333334,0.4952456418383518,-99.50475435816165,FALSE,High
region,Eastern Spencer Gulf,invert_phylum_abundance,M2 invertebrate Echinodermata abundance,period,Bloom,overall,Overall,42.06666666666667,10.716016791374296,15,0.20833333333333334,0.11445412825559188,12,-41.858333333333334,0.4952456418383518,-99.50475435816165,FALSE,High
region,Eastern Spencer Gulf,invert_phylum_abundance,M2 invertebrate Echinodermata abundance,period_split,Bloom 2026-03,by_status,Fished,42.06666666666667,10.716016791374296,15,0.20833333333333334,0.11445412825559188,12,-41.858333333333334,0.4952456418383518,-99.50475435816165,FALSE,High
region,Eastern Spencer Gulf,invert_phylum_abundance,M2 invertebrate Echinodermata abundance,period_split,Bloom 2026-03,overall,Overall,42.06666666666667,10.716016791374296,15,0.20833333333333334,0.11445412825559188,12,-41.858333333333334,0.4952456418383518,-99.50475435816165,FALSE,High
region,Eastern Spencer Gulf,invert_phylum_abundance,M2 invertebrate Mollusca abundance,period,Bloom,by_status,Fished,8.566666666666666,2.968030719046949,15,3.5,1.0552897060221726,12,-5.066666666666666,40.856031128404666,-59.143968871595334,FALSE,High
region,Eastern Spencer Gulf,invert_phylum_abundance,M2 invertebrate Mollusca abundance,period,Bloom,overall,Overall,8.566666666666666,2.968030719046949,15,3.5,1.0552897060221726,12,-5.066666666666666,40.856031128404666,-59.143968871595334,FALSE,High
region,Eastern Spencer Gulf,invert_phylum_abundance,M2 invertebrate Mollusca abundance,period_split,Bloom 2026-03,by_status,Fished,8.566666666666666,2.968030719046949,15,3.5,1.0552897060221726,12,-5.066666666666666,40.856031128404666,-59.143968871595334,FALSE,High
region,Eastern Spencer Gulf,invert_phylum_abundance,M2 invertebrate Mollusca abundance,period_split,Bloom 2026-03,overall,Overall,8.566666666666666,2.968030719046949,15,3.5,1.0552897060221726,12,-5.066666666666666,40.856031128404666,-59.143968871595334,FALSE,High
region,Eastern Spencer Gulf,invert_phylum_abundance,M2 invertebrate Platyhelminthes abundance,period,Bloom,by_status,Fished,0,0,15,0,0,12,0,NA,NA,TRUE,Undefined - pre-bloom zero
region,Eastern Spencer Gulf,invert_phylum_abundance,M2 invertebrate Platyhelminthes abundance,period,Bloom,overall,Overall,0,0,15,0,0,12,0,NA,NA,TRUE,Undefined - pre-bloom zero
region,Eastern Spencer Gulf,invert_phylum_abundance,M2 invertebrate Platyhelminthes abundance,period_split,Bloom 2026-03,by_status,Fished,0,0,15,0,0,12,0,NA,NA,TRUE,Undefined - pre-bloom zero
region,Eastern Spencer Gulf,invert_phylum_abundance,M2 invertebrate Platyhelminthes abundance,period_split,Bloom 2026-03,overall,Overall,0,0,15,0,0,12,0,NA,NA,TRUE,Undefined - pre-bloom zero
region,Eastern Spencer Gulf,invert_phylum_richness,M2 invertebrate Arthropoda species richness,period,Bloom,by_status,Fished,0.7333333333333333,0.21194488651683702,15,1.75,0.19943100880436643,12,1.0166666666666666,238.63636363636368,138.63636363636368,FALSE,Low
region,Eastern Spencer Gulf,invert_phylum_richness,M2 invertebrate Arthropoda species richness,period,Bloom,overall,Overall,0.7333333333333333,0.21194488651683702,15,1.75,0.19943100880436643,12,1.0166666666666666,238.63636363636368,138.63636363636368,FALSE,Low
region,Eastern Spencer Gulf,invert_phylum_richness,M2 invertebrate Arthropoda species richness,period_split,Bloom 2026-03,by_status,Fished,0.7333333333333333,0.21194488651683702,15,1.75,0.19943100880436643,12,1.0166666666666666,238.63636363636368,138.63636363636368,FALSE,Low
region,Eastern Spencer Gulf,invert_phylum_richness,M2 invertebrate Arthropoda species richness,period_split,Bloom 2026-03,overall,Overall,0.7333333333333333,0.21194488651683702,15,1.75,0.19943100880436643,12,1.0166666666666666,238.63636363636368,138.63636363636368,FALSE,Low
region,Eastern Spencer Gulf,invert_phylum_richness,M2 invertebrate Echinodermata species richness,period,Bloom,by_status,Fished,5.066666666666666,0.6562277962986028,15,0.20833333333333334,0.11445412825559188,12,-4.858333333333333,4.111842105263158,-95.88815789473684,FALSE,High
region,Eastern Spencer Gulf,invert_phylum_richness,M2 invertebrate Echinodermata species richness,period,Bloom,overall,Overall,5.066666666666666,0.6562277962986028,15,0.20833333333333334,0.11445412825559188,12,-4.858333333333333,4.111842105263158,-95.88815789473684,FALSE,High
region,Eastern Spencer Gulf,invert_phylum_richness,M2 invertebrate Echinodermata species richness,period_split,Bloom 2026-03,by_status,Fished,5.066666666666666,0.6562277962986028,15,0.20833333333333334,0.11445412825559188,12,-4.858333333333333,4.111842105263158,-95.88815789473684,FALSE,High
region,Eastern Spencer Gulf,invert_phylum_richness,M2 invertebrate Echinodermata species richness,period_split,Bloom 2026-03,overall,Overall,5.066666666666666,0.6562277962986028,15,0.20833333333333334,0.11445412825559188,12,-4.858333333333333,4.111842105263158,-95.88815789473684,FALSE,High
region,Eastern Spencer Gulf,invert_phylum_richness,M2 invertebrate Mollusca species richness,period,Bloom,by_status,Fished,2.2333333333333334,0.42501167117494626,15,1.4166666666666667,0.36324157862838946,12,-0.8166666666666667,63.43283582089553,-36.56716417910447,FALSE,Medium
region,Eastern Spencer Gulf,invert_phylum_richness,M2 invertebrate Mollusca species richness,period,Bloom,overall,Overall,2.2333333333333334,0.42501167117494626,15,1.4166666666666667,0.36324157862838946,12,-0.8166666666666667,63.43283582089553,-36.56716417910447,FALSE,Medium
region,Eastern Spencer Gulf,invert_phylum_richness,M2 invertebrate Mollusca species richness,period_split,Bloom 2026-03,by_status,Fished,2.2333333333333334,0.42501167117494626,15,1.4166666666666667,0.36324157862838946,12,-0.8166666666666667,63.43283582089553,-36.56716417910447,FALSE,Medium
region,Eastern Spencer Gulf,invert_phylum_richness,M2 invertebrate Mollusca species richness,period_split,Bloom 2026-03,overall,Overall,2.2333333333333334,0.42501167117494626,15,1.4166666666666667,0.36324157862838946,12,-0.8166666666666667,63.43283582089553,-36.56716417910447,FALSE,Medium
region,Eastern Spencer Gulf,invert_phylum_shannon,M2 invertebrate Arthropoda Shannon diversity,period,Bloom,by_status,Fished,0.15795880797964507,0.07276527142874364,15,0.4337545951585294,0.08586851204942553,12,0.2757957871788843,274.5998154242997,174.59981542429972,FALSE,Low
region,Eastern Spencer Gulf,invert_phylum_shannon,M2 invertebrate Arthropoda Shannon diversity,period,Bloom,overall,Overall,0.15795880797964507,0.07276527142874364,15,0.4337545951585294,0.08586851204942553,12,0.2757957871788843,274.5998154242997,174.59981542429972,FALSE,Low
region,Eastern Spencer Gulf,invert_phylum_shannon,M2 invertebrate Arthropoda Shannon diversity,period_split,Bloom 2026-03,by_status,Fished,0.15795880797964507,0.07276527142874364,15,0.4337545951585294,0.08586851204942553,12,0.2757957871788843,274.5998154242997,174.59981542429972,FALSE,Low
region,Eastern Spencer Gulf,invert_phylum_shannon,M2 invertebrate Arthropoda Shannon diversity,period_split,Bloom 2026-03,overall,Overall,0.15795880797964507,0.07276527142874364,15,0.4337545951585294,0.08586851204942553,12,0.2757957871788843,274.5998154242997,174.59981542429972,FALSE,Low
region,Eastern Spencer Gulf,invert_phylum_shannon,M2 invertebrate Echinodermata Shannon diversity,period,Bloom,by_status,Fished,0.8727026945421361,0.10165175761853515,15,0,0,12,-0.8727026945421361,0,-100,FALSE,High
region,Eastern Spencer Gulf,invert_phylum_shannon,M2 invertebrate Echinodermata Shannon diversity,period,Bloom,overall,Overall,0.8727026945421361,0.10165175761853515,15,0,0,12,-0.8727026945421361,0,-100,FALSE,High
region,Eastern Spencer Gulf,invert_phylum_shannon,M2 invertebrate Echinodermata Shannon diversity,period_split,Bloom 2026-03,by_status,Fished,0.8727026945421361,0.10165175761853515,15,0,0,12,-0.8727026945421361,0,-100,FALSE,High
region,Eastern Spencer Gulf,invert_phylum_shannon,M2 invertebrate Echinodermata Shannon diversity,period_split,Bloom 2026-03,overall,Overall,0.8727026945421361,0.10165175761853515,15,0,0,12,-0.8727026945421361,0,-100,FALSE,High
region,Eastern Spencer Gulf,invert_phylum_shannon,M2 invertebrate Mollusca Shannon diversity,period,Bloom,by_status,Fished,0.5623012695850964,0.12815255743571113,15,0.42535381683525814,0.12306517334663271,12,-0.13694745274983827,75.64518165664337,-24.354818343356627,FALSE,Medium
region,Eastern Spencer Gulf,invert_phylum_shannon,M2 invertebrate Mollusca Shannon diversity,period,Bloom,overall,Overall,0.5623012695850964,0.12815255743571113,15,0.42535381683525814,0.12306517334663271,12,-0.13694745274983827,75.64518165664337,-24.354818343356627,FALSE,Medium
region,Eastern Spencer Gulf,invert_phylum_shannon,M2 invertebrate Mollusca Shannon diversity,period_split,Bloom 2026-03,by_status,Fished,0.5623012695850964,0.12815255743571113,15,0.42535381683525814,0.12306517334663271,12,-0.13694745274983827,75.64518165664337,-24.354818343356627,FALSE,Medium
region,Eastern Spencer Gulf,invert_phylum_shannon,M2 invertebrate Mollusca Shannon diversity,period_split,Bloom 2026-03,overall,Overall,0.5623012695850964,0.12815255743571113,15,0.42535381683525814,0.12306517334663271,12,-0.13694745274983827,75.64518165664337,-24.354818343356627,FALSE,Medium
region,Eastern Spencer Gulf,invert_phylum_simpson,M2 invertebrate Arthropoda Simpson diversity,period,Bloom,by_status,Fished,0.72,0.20660521359761055,15,1.543807450411224,0.13190582719573143,12,0.823807450411224,214.41770144600335,114.41770144600335,FALSE,Low
region,Eastern Spencer Gulf,invert_phylum_simpson,M2 invertebrate Arthropoda Simpson diversity,period,Bloom,overall,Overall,0.72,0.20660521359761055,15,1.543807450411224,0.13190582719573143,12,0.823807450411224,214.41770144600335,114.41770144600335,FALSE,Low
region,Eastern Spencer Gulf,invert_phylum_simpson,M2 invertebrate Arthropoda Simpson diversity,period_split,Bloom 2026-03,by_status,Fished,0.72,0.20660521359761055,15,1.543807450411224,0.13190582719573143,12,0.823807450411224,214.41770144600335,114.41770144600335,FALSE,Low
region,Eastern Spencer Gulf,invert_phylum_simpson,M2 invertebrate Arthropoda Simpson diversity,period_split,Bloom 2026-03,overall,Overall,0.72,0.20660521359761055,15,1.543807450411224,0.13190582719573143,12,0.823807450411224,214.41770144600335,114.41770144600335,FALSE,Low
region,Eastern Spencer Gulf,invert_phylum_simpson,M2 invertebrate Echinodermata Simpson diversity,period,Bloom,by_status,Fished,2.0214792418148466,0.23939975528014407,15,0.20833333333333334,0.11445412825559188,12,-1.8131459084815134,10.305984302183361,-89.69401569781664,FALSE,High
region,Eastern Spencer Gulf,invert_phylum_simpson,M2 invertebrate Echinodermata Simpson diversity,period,Bloom,overall,Overall,2.0214792418148466,0.23939975528014407,15,0.20833333333333334,0.11445412825559188,12,-1.8131459084815134,10.305984302183361,-89.69401569781664,FALSE,High
region,Eastern Spencer Gulf,invert_phylum_simpson,M2 invertebrate Echinodermata Simpson diversity,period_split,Bloom 2026-03,by_status,Fished,2.0214792418148466,0.23939975528014407,15,0.20833333333333334,0.11445412825559188,12,-1.8131459084815134,10.305984302183361,-89.69401569781664,FALSE,High
region,Eastern Spencer Gulf,invert_phylum_simpson,M2 invertebrate Echinodermata Simpson diversity,period_split,Bloom 2026-03,overall,Overall,2.0214792418148466,0.23939975528014407,15,0.20833333333333334,0.11445412825559188,12,-1.8131459084815134,10.305984302183361,-89.69401569781664,FALSE,High
region,Eastern Spencer Gulf,invert_phylum_simpson,M2 invertebrate Mollusca Simpson diversity,period,Bloom,by_status,Fished,1.6855159176878054,0.24940300933805187,15,1.2496512627248382,0.3130357818839112,12,-0.4358646549629672,74.14057913135063,-25.859420868649366,FALSE,Medium
region,Eastern Spencer Gulf,invert_phylum_simpson,M2 invertebrate Mollusca Simpson diversity,period,Bloom,overall,Overall,1.6855159176878054,0.24940300933805187,15,1.2496512627248382,0.3130357818839112,12,-0.4358646549629672,74.14057913135063,-25.859420868649366,FALSE,Medium
region,Eastern Spencer Gulf,invert_phylum_simpson,M2 invertebrate Mollusca Simpson diversity,period_split,Bloom 2026-03,by_status,Fished,1.6855159176878054,0.24940300933805187,15,1.2496512627248382,0.3130357818839112,12,-0.4358646549629672,74.14057913135063,-25.859420868649366,FALSE,Medium
region,Eastern Spencer Gulf,invert_phylum_simpson,M2 invertebrate Mollusca Simpson diversity,period_split,Bloom 2026-03,overall,Overall,1.6855159176878054,0.24940300933805187,15,1.2496512627248382,0.3130357818839112,12,-0.4358646549629672,74.14057913135063,-25.859420868649366,FALSE,Medium
region,Eastern Spencer Gulf,shannon_diversity,M1 fish Shannon diversity,period,Bloom,by_status,Fished,1.4192866020094106,0.17039265450029709,11,0.8020876102139732,0.15510529031993178,12,-0.6171989917954374,56.51343492416445,-43.48656507583555,FALSE,Medium
region,Eastern Spencer Gulf,shannon_diversity,M1 fish Shannon diversity,period,Bloom,overall,Overall,1.4192866020094106,0.17039265450029709,11,0.8020876102139732,0.15510529031993178,12,-0.6171989917954374,56.51343492416445,-43.48656507583555,FALSE,Medium
region,Eastern Spencer Gulf,shannon_diversity,M1 fish Shannon diversity,period_split,Bloom 2026-03,by_status,Fished,1.4192866020094106,0.17039265450029709,11,0.8020876102139732,0.15510529031993178,12,-0.6171989917954374,56.51343492416445,-43.48656507583555,FALSE,Medium
region,Eastern Spencer Gulf,shannon_diversity,M1 fish Shannon diversity,period_split,Bloom 2026-03,overall,Overall,1.4192866020094106,0.17039265450029709,11,0.8020876102139732,0.15510529031993178,12,-0.6171989917954374,56.51343492416445,-43.48656507583555,FALSE,Medium
region,Eastern Spencer Gulf,shannon_diversity,M2 fish Shannon diversity,period,Bloom,by_status,Fished,0.18984179977469698,0.09148152555447144,15,0.3512478894175773,0.1293457718992484,12,0.1614060896428803,185.0213650705145,85.02136507051449,FALSE,Low
region,Eastern Spencer Gulf,shannon_diversity,M2 fish Shannon diversity,period,Bloom,overall,Overall,0.18984179977469698,0.09148152555447144,15,0.3512478894175773,0.1293457718992484,12,0.1614060896428803,185.0213650705145,85.02136507051449,FALSE,Low
region,Eastern Spencer Gulf,shannon_diversity,M2 fish Shannon diversity,period_split,Bloom 2026-03,by_status,Fished,0.18984179977469698,0.09148152555447144,15,0.3512478894175773,0.1293457718992484,12,0.1614060896428803,185.0213650705145,85.02136507051449,FALSE,Low
region,Eastern Spencer Gulf,shannon_diversity,M2 fish Shannon diversity,period_split,Bloom 2026-03,overall,Overall,0.18984179977469698,0.09148152555447144,15,0.3512478894175773,0.1293457718992484,12,0.1614060896428803,185.0213650705145,85.02136507051449,FALSE,Low
region,Eastern Spencer Gulf,shannon_diversity,M2 invertebrate Shannon diversity,period,Bloom,by_status,Fished,1.2258861623711903,0.12077084090573872,15,0.8915897165721782,0.17873209137991894,12,-0.3342964457990121,72.73022112001054,-27.26977887998946,FALSE,Medium
region,Eastern Spencer Gulf,shannon_diversity,M2 invertebrate Shannon diversity,period,Bloom,overall,Overall,1.2258861623711903,0.12077084090573872,15,0.8915897165721782,0.17873209137991894,12,-0.3342964457990121,72.73022112001054,-27.26977887998946,FALSE,Medium
region,Eastern Spencer Gulf,shannon_diversity,M2 invertebrate Shannon diversity,period_split,Bloom 2026-03,by_status,Fished,1.2258861623711903,0.12077084090573872,15,0.8915897165721782,0.17873209137991894,12,-0.3342964457990121,72.73022112001054,-27.26977887998946,FALSE,Medium
region,Eastern Spencer Gulf,shannon_diversity,M2 invertebrate Shannon diversity,period_split,Bloom 2026-03,overall,Overall,1.2258861623711903,0.12077084090573872,15,0.8915897165721782,0.17873209137991894,12,-0.3342964457990121,72.73022112001054,-27.26977887998946,FALSE,Medium
region,Eastern Spencer Gulf,simpson_diversity,M1 fish Simpson diversity,period,Bloom,by_status,Fished,3.9124634986424742,0.5840538191318744,11,2.3387986733188533,0.41586720377050546,12,-1.573664825323621,59.77815956954888,-40.22184043045112,FALSE,Medium
region,Eastern Spencer Gulf,simpson_diversity,M1 fish Simpson diversity,period,Bloom,overall,Overall,3.9124634986424742,0.5840538191318744,11,2.3387986733188533,0.41586720377050546,12,-1.573664825323621,59.77815956954888,-40.22184043045112,FALSE,Medium
region,Eastern Spencer Gulf,simpson_diversity,M1 fish Simpson diversity,period_split,Bloom 2026-03,by_status,Fished,3.9124634986424742,0.5840538191318744,11,2.3387986733188533,0.41586720377050546,12,-1.573664825323621,59.77815956954888,-40.22184043045112,FALSE,Medium
region,Eastern Spencer Gulf,simpson_diversity,M1 fish Simpson diversity,period_split,Bloom 2026-03,overall,Overall,3.9124634986424742,0.5840538191318744,11,2.3387986733188533,0.41586720377050546,12,-1.573664825323621,59.77815956954888,-40.22184043045112,FALSE,Medium
region,Eastern Spencer Gulf,simpson_diversity,M2 fish Simpson diversity,period,Bloom,by_status,Fished,0.6983908045977012,0.20932563597466816,15,1.0895283079493607,0.33036742053027984,12,0.39113750335165953,156.00553454837785,56.00553454837785,FALSE,Low
region,Eastern Spencer Gulf,simpson_diversity,M2 fish Simpson diversity,period,Bloom,overall,Overall,0.6983908045977012,0.20932563597466816,15,1.0895283079493607,0.33036742053027984,12,0.39113750335165953,156.00553454837785,56.00553454837785,FALSE,Low
region,Eastern Spencer Gulf,simpson_diversity,M2 fish Simpson diversity,period_split,Bloom 2026-03,by_status,Fished,0.6983908045977012,0.20932563597466816,15,1.0895283079493607,0.33036742053027984,12,0.39113750335165953,156.00553454837785,56.00553454837785,FALSE,Low
region,Eastern Spencer Gulf,simpson_diversity,M2 fish Simpson diversity,period_split,Bloom 2026-03,overall,Overall,0.6983908045977012,0.20932563597466816,15,1.0895283079493607,0.33036742053027984,12,0.39113750335165953,156.00553454837785,56.00553454837785,FALSE,Low
region,Eastern Spencer Gulf,simpson_diversity,M2 invertebrate Simpson diversity,period,Bloom,by_status,Fished,2.6296819815725105,0.2923534387584403,15,2.6725165128540413,0.43855108121591047,12,0.04283453128153081,101.62888636655283,1.628886366552834,FALSE,Low
region,Eastern Spencer Gulf,simpson_diversity,M2 invertebrate Simpson diversity,period,Bloom,overall,Overall,2.6296819815725105,0.2923534387584403,15,2.6725165128540413,0.43855108121591047,12,0.04283453128153081,101.62888636655283,1.628886366552834,FALSE,Low
region,Eastern Spencer Gulf,simpson_diversity,M2 invertebrate Simpson diversity,period_split,Bloom 2026-03,by_status,Fished,2.6296819815725105,0.2923534387584403,15,2.6725165128540413,0.43855108121591047,12,0.04283453128153081,101.62888636655283,1.628886366552834,FALSE,Low
region,Eastern Spencer Gulf,simpson_diversity,M2 invertebrate Simpson diversity,period_split,Bloom 2026-03,overall,Overall,2.6296819815725105,0.2923534387584403,15,2.6725165128540413,0.43855108121591047,12,0.04283453128153081,101.62888636655283,1.628886366552834,FALSE,Low
region,Eastern Spencer Gulf,species_richness,M1 fish species richness,period,Bloom,by_status,Fished,6.7272727272727275,1.0030943859415413,11,3.0833333333333335,0.5429762723390704,12,-3.643939393939394,45.83333333333333,-54.16666666666667,FALSE,High
region,Eastern Spencer Gulf,species_richness,M1 fish species richness,period,Bloom,overall,Overall,6.7272727272727275,1.0030943859415413,11,3.0833333333333335,0.5429762723390704,12,-3.643939393939394,45.83333333333333,-54.16666666666667,FALSE,High
region,Eastern Spencer Gulf,species_richness,M1 fish species richness,period_split,Bloom 2026-03,by_status,Fished,6.7272727272727275,1.0030943859415413,11,3.0833333333333335,0.5429762723390704,12,-3.643939393939394,45.83333333333333,-54.16666666666667,FALSE,High
region,Eastern Spencer Gulf,species_richness,M1 fish species richness,period_split,Bloom 2026-03,overall,Overall,6.7272727272727275,1.0030943859415413,11,3.0833333333333335,0.5429762723390704,12,-3.643939393939394,45.83333333333333,-54.16666666666667,FALSE,High
region,Eastern Spencer Gulf,species_richness,M2 fish species richness,period,Bloom,by_status,Fished,0.9,0.3169797950598594,15,1.2916666666666667,0.4057276167453961,12,0.3916666666666667,143.51851851851853,43.51851851851853,FALSE,Low
region,Eastern Spencer Gulf,species_richness,M2 fish species richness,period,Bloom,overall,Overall,0.9,0.3169797950598594,15,1.2916666666666667,0.4057276167453961,12,0.3916666666666667,143.51851851851853,43.51851851851853,FALSE,Low
region,Eastern Spencer Gulf,species_richness,M2 fish species richness,period_split,Bloom 2026-03,by_status,Fished,0.9,0.3169797950598594,15,1.2916666666666667,0.4057276167453961,12,0.3916666666666667,143.51851851851853,43.51851851851853,FALSE,Low
region,Eastern Spencer Gulf,species_richness,M2 fish species richness,period_split,Bloom 2026-03,overall,Overall,0.9,0.3169797950598594,15,1.2916666666666667,0.4057276167453961,12,0.3916666666666667,143.51851851851853,43.51851851851853,FALSE,Low
region,Eastern Spencer Gulf,species_richness,M2 invertebrate species richness,period,Bloom,by_status,Fished,8.033333333333333,0.91608206466798,15,3.375,0.5810289983896646,12,-4.658333333333333,42.01244813278009,-57.98755186721991,FALSE,High
region,Eastern Spencer Gulf,species_richness,M2 invertebrate species richness,period,Bloom,overall,Overall,8.033333333333333,0.91608206466798,15,3.375,0.5810289983896646,12,-4.658333333333333,42.01244813278009,-57.98755186721991,FALSE,High
region,Eastern Spencer Gulf,species_richness,M2 invertebrate species richness,period_split,Bloom 2026-03,by_status,Fished,8.033333333333333,0.91608206466798,15,3.375,0.5810289983896646,12,-4.658333333333333,42.01244813278009,-57.98755186721991,FALSE,High
region,Eastern Spencer Gulf,species_richness,M2 invertebrate species richness,period_split,Bloom 2026-03,overall,Overall,8.033333333333333,0.91608206466798,15,3.375,0.5810289983896646,12,-4.658333333333333,42.01244813278009,-57.98755186721991,FALSE,High
region,Eastern Spencer Gulf,total_abundance,M1 fish total abundance,period,Bloom,by_status,Fished,22.545454545454547,4.6468242065535,11,9.791666666666666,3.1397128399221033,12,-12.75378787878788,43.43077956989247,-56.56922043010753,FALSE,High
region,Eastern Spencer Gulf,total_abundance,M1 fish total abundance,period,Bloom,overall,Overall,22.545454545454547,4.6468242065535,11,9.791666666666666,3.1397128399221033,12,-12.75378787878788,43.43077956989247,-56.56922043010753,FALSE,High
region,Eastern Spencer Gulf,total_abundance,M1 fish total abundance,period_split,Bloom 2026-03,by_status,Fished,22.545454545454547,4.6468242065535,11,9.791666666666666,3.1397128399221033,12,-12.75378787878788,43.43077956989247,-56.56922043010753,FALSE,High
region,Eastern Spencer Gulf,total_abundance,M1 fish total abundance,period_split,Bloom 2026-03,overall,Overall,22.545454545454547,4.6468242065535,11,9.791666666666666,3.1397128399221033,12,-12.75378787878788,43.43077956989247,-56.56922043010753,FALSE,High
region,Eastern Spencer Gulf,total_abundance,M2 fish total abundance,period,Bloom,by_status,Fished,1.8666666666666667,0.9264199740150081,15,2.4166666666666665,0.9020879260153227,12,0.5499999999999998,129.4642857142857,29.464285714285694,FALSE,Low
region,Eastern Spencer Gulf,total_abundance,M2 fish total abundance,period,Bloom,overall,Overall,1.8666666666666667,0.9264199740150081,15,2.4166666666666665,0.9020879260153227,12,0.5499999999999998,129.4642857142857,29.464285714285694,FALSE,Low
region,Eastern Spencer Gulf,total_abundance,M2 fish total abundance,period_split,Bloom 2026-03,by_status,Fished,1.8666666666666667,0.9264199740150081,15,2.4166666666666665,0.9020879260153227,12,0.5499999999999998,129.4642857142857,29.464285714285694,FALSE,Low
region,Eastern Spencer Gulf,total_abundance,M2 fish total abundance,period_split,Bloom 2026-03,overall,Overall,1.8666666666666667,0.9264199740150081,15,2.4166666666666665,0.9020879260153227,12,0.5499999999999998,129.4642857142857,29.464285714285694,FALSE,Low
region,Eastern Spencer Gulf,total_abundance,M2 invertebrate total abundance,period,Bloom,by_status,Fished,51.43333333333333,10.456356766359725,15,7.708333333333333,1.5636233335726766,12,-43.724999999999994,14.98703823720026,-85.01296176279973,FALSE,High
region,Eastern Spencer Gulf,total_abundance,M2 invertebrate total abundance,period,Bloom,overall,Overall,51.43333333333333,10.456356766359725,15,7.708333333333333,1.5636233335726766,12,-43.724999999999994,14.98703823720026,-85.01296176279973,FALSE,High
region,Eastern Spencer Gulf,total_abundance,M2 invertebrate total abundance,period_split,Bloom 2026-03,by_status,Fished,51.43333333333333,10.456356766359725,15,7.708333333333333,1.5636233335726766,12,-43.724999999999994,14.98703823720026,-85.01296176279973,FALSE,High
region,Eastern Spencer Gulf,total_abundance,M2 invertebrate total abundance,period_split,Bloom 2026-03,overall,Overall,51.43333333333333,10.456356766359725,15,7.708333333333333,1.5636233335726766,12,-43.724999999999994,14.98703823720026,-85.01296176279973,FALSE,High
region,Fleurieu,b20,M1 fish B20 biomass,period,Bloom,by_status,Fished,3.7281181902916267,0.2976712672468753,462,1.3949436112064049,0.2517068932501264,74,-2.333174579085222,37.41682908119625,-62.58317091880375,FALSE,High
region,Fleurieu,b20,M1 fish B20 biomass,period,Bloom,by_status,No-take,5.249626329024864,0.4409435442748453,346,6.887070995713915,2.296754669260394,34,1.637444666689051,131.1916423010095,31.191642301009495,FALSE,Low
region,Fleurieu,b20,M1 fish B20 biomass,period,Bloom,overall,Overall,4.37965509128383,0.25541839076695294,808,3.12394667669951,0.7762700515536064,108,-1.25570841458432,71.32860034838433,-28.671399651615673,FALSE,Medium
region,Fleurieu,b20,M1 fish B20 biomass,period_split,Bloom 2026-01,by_status,Fished,3.7281181902916267,0.2976712672468753,462,1.4411383211498185,0.2646301829731745,70,-2.286979869141808,38.65591828345677,-61.34408171654323,FALSE,High
region,Fleurieu,b20,M1 fish B20 biomass,period_split,Bloom 2026-01,by_status,No-take,5.249626329024864,0.4409435442748453,346,6.887070995713915,2.296754669260394,34,1.637444666689051,131.1916423010095,31.191642301009495,FALSE,Low
region,Fleurieu,b20,M1 fish B20 biomass,period_split,Bloom 2026-01,overall,Overall,4.37965509128383,0.25541839076695294,808,3.221539387834235,0.804649416191408,104,-1.158115703449595,73.55691991009934,-26.44308008990066,FALSE,Medium
region,Fleurieu,b20,M1 fish B20 biomass,period_split,Bloom 2026-05,by_status,Fished,3.7281181902916267,0.2976712672468753,462,0.5865361871966663,0.32234486027732134,4,-3.1415820030949604,15.732768041637257,-84.26723195836274,FALSE,High
region,Fleurieu,b20,M1 fish B20 biomass,period_split,Bloom 2026-05,overall,Overall,4.37965509128383,0.25541839076695294,808,0.5865361871966663,0.32234486027732134,4,-3.7931189040871636,13.39229174379419,-86.60770825620581,FALSE,High
region,Fleurieu,b20,M2 fish B20 biomass,period,Bloom,by_status,Fished,0.06913943168586541,0.021477102161325673,459,0.026858246711886042,0.010873714372429727,74,-0.04228118497397937,38.846496213501325,-61.153503786498675,FALSE,High
region,Fleurieu,b20,M2 fish B20 biomass,period,Bloom,by_status,No-take,0.10052339894641601,0.06700428712492044,342,0.02288706687998775,0.010588802466005813,33,-0.07763633206642827,22.767899931624573,-77.23210006837543,FALSE,High
region,Fleurieu,b20,M2 fish B20 biomass,period,Bloom,overall,Overall,0.08253932781958365,0.031123982591081432,801,0.025633490315132363,0.008172240933637578,107,-0.05690583750445129,31.05609288600294,-68.94390711399706,FALSE,High
region,Fleurieu,b20,M2 fish B20 biomass,period_split,Bloom 2026-01,by_status,Fished,0.06913943168586541,0.021477102161325673,459,0.02839300366685096,0.011472078960422202,70,-0.040746428019014444,41.06629599712998,-58.93370400287002,FALSE,High
region,Fleurieu,b20,M2 fish B20 biomass,period_split,Bloom 2026-01,by_status,No-take,0.10052339894641601,0.06700428712492044,342,0.02288706687998775,0.010588802466005813,33,-0.07763633206642827,22.767899931624573,-77.23210006837543,FALSE,High
region,Fleurieu,b20,M2 fish B20 biomass,period_split,Bloom 2026-01,overall,Overall,0.08253932781958365,0.031123982591081432,801,0.02662896566717634,0.008475847904281629,103,-0.05591036215240731,32.26215474565354,-67.73784525434647,FALSE,High
region,Fleurieu,b20,M2 fish B20 biomass,period_split,Bloom 2026-05,by_status,Fished,0.06913943168586541,0.021477102161325673,459,0,0,4,-0.06913943168586541,0,-100,FALSE,High
region,Fleurieu,b20,M2 fish B20 biomass,period_split,Bloom 2026-05,overall,Overall,0.08253932781958365,0.031123982591081432,801,0,0,4,-0.08253932781958365,0,-100,FALSE,High
region,Fleurieu,invert_phylum_abundance,M2 invertebrate Arthropoda abundance,period,Bloom,by_status,Fished,1.0130434782608695,0.055459781290329815,460,5.02027027027027,0.5267237519647817,74,4.0072267920094005,495.56315972624986,395.56315972624986,FALSE,Low
region,Fleurieu,invert_phylum_abundance,M2 invertebrate Arthropoda abundance,period,Bloom,by_status,No-take,1.1443148688046647,0.10881973031101078,343,5.6911764705882355,0.8311061251207151,34,4.54686160178357,497.34357437242414,397.34357437242414,FALSE,Low
region,Fleurieu,invert_phylum_abundance,M2 invertebrate Arthropoda abundance,period,Bloom,overall,Overall,1.0691158156911582,0.05630847613845113,803,5.231481481481482,0.4445949540352394,108,4.162365665790324,489.3278543540629,389.3278543540629,FALSE,Low
region,Fleurieu,invert_phylum_abundance,M2 invertebrate Arthropoda abundance,period_split,Bloom 2026-01,by_status,Fished,1.0130434782608695,0.055459781290329815,460,5.164285714285715,0.5516511474337302,70,4.151242236024845,509.779276517474,409.779276517474,FALSE,Low
region,Fleurieu,invert_phylum_abundance,M2 invertebrate Arthropoda abundance,period_split,Bloom 2026-01,by_status,No-take,1.1443148688046647,0.10881973031101078,343,5.6911764705882355,0.8311061251207151,34,4.54686160178357,497.34357437242414,397.34357437242414,FALSE,Low
region,Fleurieu,invert_phylum_abundance,M2 invertebrate Arthropoda abundance,period_split,Bloom 2026-01,overall,Overall,1.0691158156911582,0.05630847613845113,803,5.336538461538462,0.4584308107425429,104,4.2674226458473035,499.15438376416824,399.15438376416824,FALSE,Low
region,Fleurieu,invert_phylum_abundance,M2 invertebrate Arthropoda abundance,period_split,Bloom 2026-05,by_status,Fished,1.0130434782608695,0.055459781290329815,460,2.5,0.408248290463863,4,1.4869565217391305,246.78111587982835,146.78111587982835,FALSE,Low
region,Fleurieu,invert_phylum_abundance,M2 invertebrate Arthropoda abundance,period_split,Bloom 2026-05,overall,Overall,1.0691158156911582,0.05630847613845113,803,2.5,0.408248290463863,4,1.4308841843088418,233.83808969132204,133.83808969132204,FALSE,Low
region,Fleurieu,invert_phylum_abundance,M2 invertebrate Chordata abundance,period,Bloom,by_status,Fished,0.01956521739130435,0.009442123908826086,460,0,0,74,-0.01956521739130435,0,-100,FALSE,High
region,Fleurieu,invert_phylum_abundance,M2 invertebrate Chordata abundance,period,Bloom,by_status,No-take,0.02040816326530612,0.008689338417122517,343,0,0,34,-0.02040816326530612,0,-100,FALSE,High
region,Fleurieu,invert_phylum_abundance,M2 invertebrate Chordata abundance,period,Bloom,overall,Overall,0.019925280199252802,0.006556128613069934,803,0,0,108,-0.019925280199252802,0,-100,FALSE,High
region,Fleurieu,invert_phylum_abundance,M2 invertebrate Chordata abundance,period_split,Bloom 2026-01,by_status,Fished,0.01956521739130435,0.009442123908826086,460,0,0,70,-0.01956521739130435,0,-100,FALSE,High
region,Fleurieu,invert_phylum_abundance,M2 invertebrate Chordata abundance,period_split,Bloom 2026-01,by_status,No-take,0.02040816326530612,0.008689338417122517,343,0,0,34,-0.02040816326530612,0,-100,FALSE,High
region,Fleurieu,invert_phylum_abundance,M2 invertebrate Chordata abundance,period_split,Bloom 2026-01,overall,Overall,0.019925280199252802,0.006556128613069934,803,0,0,104,-0.019925280199252802,0,-100,FALSE,High
region,Fleurieu,invert_phylum_abundance,M2 invertebrate Chordata abundance,period_split,Bloom 2026-05,by_status,Fished,0.01956521739130435,0.009442123908826086,460,0,0,4,-0.01956521739130435,0,-100,FALSE,High
region,Fleurieu,invert_phylum_abundance,M2 invertebrate Chordata abundance,period_split,Bloom 2026-05,overall,Overall,0.019925280199252802,0.006556128613069934,803,0,0,4,-0.019925280199252802,0,-100,FALSE,High
region,Fleurieu,invert_phylum_abundance,M2 invertebrate Cnidaria abundance,period,Bloom,by_status,Fished,0.0010869565217391304,0.0010869565217391304,460,0,0,74,-0.0010869565217391304,0,-100,FALSE,High
region,Fleurieu,invert_phylum_abundance,M2 invertebrate Cnidaria abundance,period,Bloom,by_status,No-take,0,0,343,0,0,34,0,NA,NA,TRUE,Undefined - pre-bloom zero
region,Fleurieu,invert_phylum_abundance,M2 invertebrate Cnidaria abundance,period,Bloom,overall,Overall,6.226650062266501e-4,6.226650062266501e-4,803,0,0,108,-6.226650062266501e-4,0,-100,FALSE,High
region,Fleurieu,invert_phylum_abundance,M2 invertebrate Cnidaria abundance,period_split,Bloom 2026-01,by_status,Fished,0.0010869565217391304,0.0010869565217391304,460,0,0,70,-0.0010869565217391304,0,-100,FALSE,High
region,Fleurieu,invert_phylum_abundance,M2 invertebrate Cnidaria abundance,period_split,Bloom 2026-01,by_status,No-take,0,0,343,0,0,34,0,NA,NA,TRUE,Undefined - pre-bloom zero
region,Fleurieu,invert_phylum_abundance,M2 invertebrate Cnidaria abundance,period_split,Bloom 2026-01,overall,Overall,6.226650062266501e-4,6.226650062266501e-4,803,0,0,104,-6.226650062266501e-4,0,-100,FALSE,High
region,Fleurieu,invert_phylum_abundance,M2 invertebrate Cnidaria abundance,period_split,Bloom 2026-05,by_status,Fished,0.0010869565217391304,0.0010869565217391304,460,0,0,4,-0.0010869565217391304,0,-100,FALSE,High
region,Fleurieu,invert_phylum_abundance,M2 invertebrate Cnidaria abundance,period_split,Bloom 2026-05,overall,Overall,6.226650062266501e-4,6.226650062266501e-4,803,0,0,4,-6.226650062266501e-4,0,-100,FALSE,High
region,Fleurieu,invert_phylum_abundance,M2 invertebrate Echinodermata abundance,period,Bloom,by_status,Fished,5.863043478260869,0.39533111445893876,460,2.02027027027027,0.29108676687318624,74,-3.842773207990599,34.45770575915181,-65.5422942408482,FALSE,High
region,Fleurieu,invert_phylum_abundance,M2 invertebrate Echinodermata abundance,period,Bloom,by_status,No-take,4.771137026239067,0.8260604541067302,343,0.7941176470588235,0.15385371530284278,34,-3.977019379180244,16.644201218525907,-83.35579878147409,FALSE,High
region,Fleurieu,invert_phylum_abundance,M2 invertebrate Echinodermata abundance,period,Bloom,overall,Overall,5.396637608966376,0.4194020542699415,803,1.6342592592592593,0.21198578995296294,108,-3.7623783497071166,30.282916469024695,-69.7170835309753,FALSE,High
region,Fleurieu,invert_phylum_abundance,M2 invertebrate Echinodermata abundance,period_split,Bloom 2026-01,by_status,Fished,5.863043478260869,0.39533111445893876,460,2.0785714285714287,0.30551109712146246,70,-3.7844720496894406,35.452089623391075,-64.54791037660893,FALSE,High
region,Fleurieu,invert_phylum_abundance,M2 invertebrate Echinodermata abundance,period_split,Bloom 2026-01,by_status,No-take,4.771137026239067,0.8260604541067302,343,0.7941176470588235,0.15385371530284278,34,-3.977019379180244,16.644201218525907,-83.35579878147409,FALSE,High
region,Fleurieu,invert_phylum_abundance,M2 invertebrate Echinodermata abundance,period_split,Bloom 2026-01,overall,Overall,5.396637608966376,0.4194020542699415,803,1.6586538461538463,0.21929264796967812,104,-3.73798376281253,30.734949543360763,-69.26505045663924,FALSE,High
region,Fleurieu,invert_phylum_abundance,M2 invertebrate Echinodermata abundance,period_split,Bloom 2026-05,by_status,Fished,5.863043478260869,0.39533111445893876,460,1,0.45643546458763845,4,-4.863043478260869,17.055988134964775,-82.94401186503522,FALSE,High
region,Fleurieu,invert_phylum_abundance,M2 invertebrate Echinodermata abundance,period_split,Bloom 2026-05,overall,Overall,5.396637608966376,0.4194020542699415,803,1,0.45643546458763845,4,-4.396637608966376,18.530056536287066,-81.46994346371294,FALSE,High
region,Fleurieu,invert_phylum_abundance,M2 invertebrate Mollusca abundance,period,Bloom,by_status,Fished,6.129347826086956,0.6193439872476914,460,4.763513513513513,0.523620432532135,74,-1.3658343125734431,77.71648222082696,-22.28351777917304,FALSE,Medium
region,Fleurieu,invert_phylum_abundance,M2 invertebrate Mollusca abundance,period,Bloom,by_status,No-take,19.11516034985423,2.3544039050605705,343,12.25,1.9634868852791203,34,-6.865160349854229,64.08525890337833,-35.91474109662167,FALSE,Medium
region,Fleurieu,invert_phylum_abundance,M2 invertebrate Mollusca abundance,period,Bloom,overall,Overall,11.676214196762142,1.0894541015972838,803,7.12037037037037,0.7845224831592216,108,-4.555843826391772,60.981840949311085,-39.018159050688915,FALSE,Medium
region,Fleurieu,invert_phylum_abundance,M2 invertebrate Mollusca abundance,period_split,Bloom 2026-01,by_status,Fished,6.129347826086956,0.6193439872476914,460,4.45,0.5018753649937179,70,-1.679347826086956,72.60152509310161,-27.398474906898386,FALSE,Medium
region,Fleurieu,invert_phylum_abundance,M2 invertebrate Mollusca abundance,period_split,Bloom 2026-01,by_status,No-take,19.11516034985423,2.3544039050605705,343,12.25,1.9634868852791203,34,-6.865160349854229,64.08525890337833,-35.91474109662167,FALSE,Medium
region,Fleurieu,invert_phylum_abundance,M2 invertebrate Mollusca abundance,period_split,Bloom 2026-01,overall,Overall,11.676214196762142,1.0894541015972838,803,7,0.8045856716733071,104,-4.6762141967621424,59.9509385665529,-40.0490614334471,FALSE,Medium
region,Fleurieu,invert_phylum_abundance,M2 invertebrate Mollusca abundance,period_split,Bloom 2026-05,by_status,Fished,6.129347826086956,0.6193439872476914,460,10.25,3.3819373146171707,4,4.120652173913044,167.22823195602058,67.22823195602058,FALSE,Low
region,Fleurieu,invert_phylum_abundance,M2 invertebrate Mollusca abundance,period_split,Bloom 2026-05,overall,Overall,11.676214196762142,1.0894541015972838,803,10.25,3.3819373146171707,4,-1.4262141967621424,87.78530290102388,-12.214697098976117,FALSE,Low
region,Fleurieu,invert_phylum_abundance,M2 invertebrate Platyhelminthes abundance,period,Bloom,by_status,Fished,0,0,460,0,0,74,0,NA,NA,TRUE,Undefined - pre-bloom zero
region,Fleurieu,invert_phylum_abundance,M2 invertebrate Platyhelminthes abundance,period,Bloom,by_status,No-take,0.0014577259475218659,0.0014577259475218656,343,0,0,34,-0.0014577259475218659,0,-100,FALSE,High
region,Fleurieu,invert_phylum_abundance,M2 invertebrate Platyhelminthes abundance,period,Bloom,overall,Overall,6.226650062266501e-4,6.226650062266501e-4,803,0,0,108,-6.226650062266501e-4,0,-100,FALSE,High
region,Fleurieu,invert_phylum_abundance,M2 invertebrate Platyhelminthes abundance,period_split,Bloom 2026-01,by_status,Fished,0,0,460,0,0,70,0,NA,NA,TRUE,Undefined - pre-bloom zero
region,Fleurieu,invert_phylum_abundance,M2 invertebrate Platyhelminthes abundance,period_split,Bloom 2026-01,by_status,No-take,0.0014577259475218659,0.0014577259475218656,343,0,0,34,-0.0014577259475218659,0,-100,FALSE,High
region,Fleurieu,invert_phylum_abundance,M2 invertebrate Platyhelminthes abundance,period_split,Bloom 2026-01,overall,Overall,6.226650062266501e-4,6.226650062266501e-4,803,0,0,104,-6.226650062266501e-4,0,-100,FALSE,High
region,Fleurieu,invert_phylum_abundance,M2 invertebrate Platyhelminthes abundance,period_split,Bloom 2026-05,by_status,Fished,0,0,460,0,0,4,0,NA,NA,TRUE,Undefined - pre-bloom zero
region,Fleurieu,invert_phylum_abundance,M2 invertebrate Platyhelminthes abundance,period_split,Bloom 2026-05,overall,Overall,6.226650062266501e-4,6.226650062266501e-4,803,0,0,4,-6.226650062266501e-4,0,-100,FALSE,High
region,Fleurieu,invert_phylum_richness,M2 invertebrate Arthropoda species richness,period,Bloom,by_status,Fished,0.657608695652174,0.029102270856620663,460,1.722972972972973,0.10457061756945438,74,1.065364277320799,262.0058074603529,162.0058074603529,FALSE,Low
region,Fleurieu,invert_phylum_richness,M2 invertebrate Arthropoda species richness,period,Bloom,by_status,No-take,0.6239067055393586,0.03144407783643414,343,1.6764705882352942,0.1246784687186268,34,1.0525638826959356,268.7053326003299,168.70533260032988,FALSE,Low
region,Fleurieu,invert_phylum_richness,M2 invertebrate Arthropoda species richness,period,Bloom,overall,Overall,0.6432129514321295,0.021403682923038084,803,1.7083333333333333,0.08139622927711734,108,1.0651203819012038,265.593739916102,165.59373991610198,FALSE,Low
region,Fleurieu,invert_phylum_richness,M2 invertebrate Arthropoda species richness,period_split,Bloom 2026-01,by_status,Fished,0.657608695652174,0.029102270856620663,460,1.7428571428571429,0.10946077941486364,70,1.085248447204969,265.02951593860683,165.02951593860683,FALSE,Low
region,Fleurieu,invert_phylum_richness,M2 invertebrate Arthropoda species richness,period_split,Bloom 2026-01,by_status,No-take,0.6239067055393586,0.03144407783643414,343,1.6764705882352942,0.1246784687186268,34,1.0525638826959356,268.7053326003299,168.70533260032988,FALSE,Low
region,Fleurieu,invert_phylum_richness,M2 invertebrate Arthropoda species richness,period_split,Bloom 2026-01,overall,Overall,0.6432129514321295,0.021403682923038084,803,1.7211538461538463,0.08390525388677458,104,1.0779408947217166,267.5869387147219,167.5869387147219,FALSE,Low
region,Fleurieu,invert_phylum_richness,M2 invertebrate Arthropoda species richness,period_split,Bloom 2026-05,by_status,Fished,0.657608695652174,0.029102270856620663,460,1.375,0.23935677693908453,4,0.717391304347826,209.0909090909091,109.0909090909091,FALSE,Low
region,Fleurieu,invert_phylum_richness,M2 invertebrate Arthropoda species richness,period_split,Bloom 2026-05,overall,Overall,0.6432129514321295,0.021403682923038084,803,1.375,0.23935677693908453,4,0.7317870485678705,213.7705711519845,113.77057115198451,FALSE,Low
region,Fleurieu,invert_phylum_richness,M2 invertebrate Echinodermata species richness,period,Bloom,by_status,Fished,2.634782608695652,0.0642700607132646,460,1.1824324324324325,0.1056416390360159,74,-1.4523501762632196,44.87779859066988,-55.12220140933012,FALSE,High
region,Fleurieu,invert_phylum_richness,M2 invertebrate Echinodermata species richness,period,Bloom,by_status,No-take,2.3498542274052476,0.066259915402896,343,0.7205882352941176,0.1338301402844992,34,-1.6292659921111299,30.66523135308714,-69.33476864691286,FALSE,High
region,Fleurieu,invert_phylum_richness,M2 invertebrate Echinodermata species richness,period,Bloom,overall,Overall,2.5130759651307595,0.0466768265154654,803,1.037037037037037,0.08594145608690934,108,-1.4760389280937225,41.26564622104761,-58.73435377895239,FALSE,High
region,Fleurieu,invert_phylum_richness,M2 invertebrate Echinodermata species richness,period_split,Bloom 2026-01,by_status,Fished,2.634782608695652,0.0642700607132646,460,1.2214285714285715,0.10941010390741097,70,-1.4133540372670805,46.35785007072136,-53.64214992927864,FALSE,High
region,Fleurieu,invert_phylum_richness,M2 invertebrate Echinodermata species richness,period_split,Bloom 2026-01,by_status,No-take,2.3498542274052476,0.066259915402896,343,0.7205882352941176,0.1338301402844992,34,-1.6292659921111299,30.66523135308714,-69.33476864691286,FALSE,High
region,Fleurieu,invert_phylum_richness,M2 invertebrate Echinodermata species richness,period_split,Bloom 2026-01,overall,Overall,2.5130759651307595,0.0466768265154654,803,1.0576923076923077,0.08837057374562261,104,-1.4553836574384518,42.087558130670125,-57.912441869329875,FALSE,High
region,Fleurieu,invert_phylum_richness,M2 invertebrate Echinodermata species richness,period_split,Bloom 2026-05,by_status,Fished,2.634782608695652,0.0642700607132646,460,0.5,0.2041241452319315,4,-2.134782608695652,18.97689768976898,-81.02310231023102,FALSE,High
region,Fleurieu,invert_phylum_richness,M2 invertebrate Echinodermata species richness,period_split,Bloom 2026-05,overall,Overall,2.5130759651307595,0.0466768265154654,803,0.5,0.2041241452319315,4,-2.0130759651307595,19.89593657086224,-80.10406342913777,FALSE,High
region,Fleurieu,invert_phylum_richness,M2 invertebrate Mollusca species richness,period,Bloom,by_status,Fished,1.8065217391304347,0.05476622126873051,460,1.8310810810810811,0.12179889585603806,74,0.024559341950646463,101.35948222590822,1.3594822259082235,FALSE,Low
region,Fleurieu,invert_phylum_richness,M2 invertebrate Mollusca species richness,period,Bloom,by_status,No-take,2.0408163265306123,0.07254930363531761,343,2.5,0.2224078250460429,34,0.4591836734693877,122.49999999999999,22.499999999999986,FALSE,Low
region,Fleurieu,invert_phylum_richness,M2 invertebrate Mollusca species richness,period,Bloom,overall,Overall,1.9066002490660026,0.04425861437941921,803,2.0416666666666665,0.11242569947475697,108,0.13506641760066396,107.08414979316349,7.0841497931634905,FALSE,Low
region,Fleurieu,invert_phylum_richness,M2 invertebrate Mollusca species richness,period_split,Bloom 2026-01,by_status,Fished,1.8065217391304347,0.05476622126873051,460,1.7857142857142858,0.12649578286222993,70,-0.02080745341614887,98.84820354134435,-1.151796458655653,FALSE,Low
region,Fleurieu,invert_phylum_richness,M2 invertebrate Mollusca species richness,period_split,Bloom 2026-01,by_status,No-take,2.0408163265306123,0.07254930363531761,343,2.5,0.2224078250460429,34,0.4591836734693877,122.49999999999999,22.499999999999986,FALSE,Low
region,Fleurieu,invert_phylum_richness,M2 invertebrate Mollusca species richness,period_split,Bloom 2026-01,overall,Overall,1.9066002490660026,0.04425861437941921,803,2.019230769230769,0.11612903997959022,104,0.1126305201647666,105.90740089433753,5.907400894337528,FALSE,Low
region,Fleurieu,invert_phylum_richness,M2 invertebrate Mollusca species richness,period_split,Bloom 2026-05,by_status,Fished,1.8065217391304347,0.05476622126873051,460,2.625,0.125,4,0.8184782608695653,145.30685920577616,45.30685920577616,FALSE,Low
region,Fleurieu,invert_phylum_richness,M2 invertebrate Mollusca species richness,period_split,Bloom 2026-05,overall,Overall,1.9066002490660026,0.04425861437941921,803,2.625,0.125,4,0.7183997509339974,137.6796211626388,37.679621162638796,FALSE,Low
region,Fleurieu,invert_phylum_shannon,M2 invertebrate Arthropoda Shannon diversity,period,Bloom,by_status,Fished,0.08759950574769766,0.009204771170253085,460,0.4399294085095253,0.03836482188352597,74,0.35232990276182763,502.20535464732086,402.20535464732086,FALSE,Low
region,Fleurieu,invert_phylum_shannon,M2 invertebrate Arthropoda Shannon diversity,period,Bloom,by_status,No-take,0.07321723388516953,0.00928402476922137,343,0.4217855711758876,0.04762398602489328,34,0.34856833729071807,576.0741683268127,476.0741683268127,FALSE,Low
region,Fleurieu,invert_phylum_shannon,M2 invertebrate Arthropoda Shannon diversity,period,Bloom,overall,Overall,0.08145614429209722,0.006598604951131857,803,0.43421745971930603,0.030148185800334258,108,0.3527613154272088,533.0690072466803,433.06900724668026,FALSE,Low
region,Fleurieu,invert_phylum_shannon,M2 invertebrate Arthropoda Shannon diversity,period_split,Bloom 2026-01,by_status,Fished,0.08759950574769766,0.009204771170253085,460,0.4466029198955445,0.039957173228035166,70,0.35900341414784687,509.82356131305266,409.82356131305266,FALSE,Low
region,Fleurieu,invert_phylum_shannon,M2 invertebrate Arthropoda Shannon diversity,period_split,Bloom 2026-01,by_status,No-take,0.07321723388516953,0.00928402476922137,343,0.4217855711758876,0.04762398602489328,34,0.34856833729071807,576.0741683268127,476.0741683268127,FALSE,Low
region,Fleurieu,invert_phylum_shannon,M2 invertebrate Arthropoda Shannon diversity,period_split,Bloom 2026-01,overall,Overall,0.08145614429209722,0.006598604951131857,803,0.43848955589104127,0.030963945681564534,104,0.3570334115989441,538.3136652265813,438.3136652265813,FALSE,Low
region,Fleurieu,invert_phylum_shannon,M2 invertebrate Arthropoda Shannon diversity,period_split,Bloom 2026-05,by_status,Fished,0.08759950574769766,0.009204771170253085,460,0.32314295925418896,0.12310257825124553,4,0.2355434535064913,368.8867379970143,268.8867379970143,FALSE,Low
region,Fleurieu,invert_phylum_shannon,M2 invertebrate Arthropoda Shannon diversity,period_split,Bloom 2026-05,overall,Overall,0.08145614429209722,0.006598604951131857,803,0.32314295925418896,0.12310257825124553,4,0.24168681496209174,396.7078997692504,296.7078997692504,FALSE,Low
region,Fleurieu,invert_phylum_shannon,M2 invertebrate Echinodermata Shannon diversity,period,Bloom,by_status,Fished,0.7374344283595438,0.021102622640015684,460,0.253440083987507,0.0385607452090869,74,-0.48399434437203676,34.367812817106454,-65.63218718289355,FALSE,High
region,Fleurieu,invert_phylum_shannon,M2 invertebrate Echinodermata Shannon diversity,period,Bloom,by_status,No-take,0.6769429410561588,0.024734472469595703,343,0.1430337445215727,0.046686836858869527,34,-0.5339091965345861,21.129364950377212,-78.87063504962279,FALSE,High
region,Fleurieu,invert_phylum_shannon,M2 invertebrate Echinodermata Shannon diversity,period,Bloom,overall,Overall,0.7115955987891066,0.016079652905667072,803,0.21868253267415733,0.030516995288084558,108,-0.4929130661149493,30.731293595165642,-69.26870640483436,FALSE,High
region,Fleurieu,invert_phylum_shannon,M2 invertebrate Echinodermata Shannon diversity,period_split,Bloom 2026-01,by_status,Fished,0.7374344283595438,0.021102622640015684,460,0.26792237450107886,0.040084777059158166,70,-0.4695120538584649,36.33168783522683,-63.66831216477317,FALSE,High
region,Fleurieu,invert_phylum_shannon,M2 invertebrate Echinodermata Shannon diversity,period_split,Bloom 2026-01,by_status,No-take,0.6769429410561588,0.024734472469595703,343,0.1430337445215727,0.046686836858869527,34,-0.5339091965345861,21.129364950377212,-78.87063504962279,FALSE,High
region,Fleurieu,invert_phylum_shannon,M2 invertebrate Echinodermata Shannon diversity,period_split,Bloom 2026-01,overall,Overall,0.7115955987891066,0.016079652905667072,803,0.22709339931547107,0.03140253237153186,104,-0.48450219947363554,31.913266425748937,-68.08673357425107,FALSE,High
region,Fleurieu,invert_phylum_shannon,M2 invertebrate Echinodermata Shannon diversity,period_split,Bloom 2026-05,by_status,Fished,0.7374344283595438,0.021102622640015684,460,0,0,4,-0.7374344283595438,0,-100,FALSE,High
region,Fleurieu,invert_phylum_shannon,M2 invertebrate Echinodermata Shannon diversity,period_split,Bloom 2026-05,overall,Overall,0.7115955987891066,0.016079652905667072,803,0,0,4,-0.7115955987891066,0,-100,FALSE,High
region,Fleurieu,invert_phylum_shannon,M2 invertebrate Mollusca Shannon diversity,period,Bloom,by_status,Fished,0.42776952407841523,0.018074972839668666,460,0.4587119206940586,0.04300852667084078,74,0.030942396615643353,107.23342708490173,7.233427084901734,FALSE,Low
region,Fleurieu,invert_phylum_shannon,M2 invertebrate Mollusca Shannon diversity,period,Bloom,by_status,No-take,0.44481720110835926,0.02110217294466095,343,0.5743297187405778,0.07074338739856945,34,0.12951251763221855,129.11589689191644,29.115896891916435,FALSE,Low
region,Fleurieu,invert_phylum_shannon,M2 invertebrate Mollusca Shannon diversity,period,Bloom,overall,Overall,0.4350514085382792,0.013722683429872044,803,0.4951101163753702,0.037115239283352884,108,0.060058707837091,113.80496802409652,13.804968024096524,FALSE,Low
region,Fleurieu,invert_phylum_shannon,M2 invertebrate Mollusca Shannon diversity,period_split,Bloom 2026-01,by_status,Fished,0.42776952407841523,0.018074972839668666,460,0.44790236910125597,0.0451323019382273,70,0.02013284502284074,104.70647016432852,4.706470164328522,FALSE,Low
region,Fleurieu,invert_phylum_shannon,M2 invertebrate Mollusca Shannon diversity,period_split,Bloom 2026-01,by_status,No-take,0.44481720110835926,0.02110217294466095,343,0.5743297187405778,0.07074338739856945,34,0.12951251763221855,129.11589689191644,29.115896891916435,FALSE,Low
region,Fleurieu,invert_phylum_shannon,M2 invertebrate Mollusca Shannon diversity,period_split,Bloom 2026-01,overall,Overall,0.4350514085382792,0.013722683429872044,803,0.48923438725257273,0.03842896218164181,104,0.054182978714293506,112.45438530962164,12.454385309621642,FALSE,Low
region,Fleurieu,invert_phylum_shannon,M2 invertebrate Mollusca Shannon diversity,period_split,Bloom 2026-05,by_status,Fished,0.42776952407841523,0.018074972839668666,460,0.6478790735681043,0.014712109688236332,4,0.22010954948968903,151.45517319493297,51.45517319493297,FALSE,Low
region,Fleurieu,invert_phylum_shannon,M2 invertebrate Mollusca Shannon diversity,period_split,Bloom 2026-05,overall,Overall,0.4350514085382792,0.013722683429872044,803,0.6478790735681043,0.014712109688236332,4,0.21282766502982503,148.92011860044323,48.92011860044323,FALSE,Low
region,Fleurieu,invert_phylum_simpson,M2 invertebrate Arthropoda Simpson diversity,period,Bloom,by_status,Fished,0.6356305800963868,0.02705969778974773,460,1.4707690540878058,0.07798742536442503,74,0.8351384739914189,231.38739704197033,131.38739704197033,FALSE,Low
region,Fleurieu,invert_phylum_simpson,M2 invertebrate Arthropoda Simpson diversity,period,Bloom,by_status,No-take,0.6066657778509907,0.029967382358147627,343,1.4556992883236286,0.10038112269818862,34,0.8490335104726379,239.95078368853987,139.95078368853987,FALSE,Low
region,Fleurieu,invert_phylum_simpson,M2 invertebrate Arthropoda Simpson diversity,period,Bloom,overall,Overall,0.6232583171198354,0.0200972338557235,803,1.4660248685694537,0.061821708430126694,108,0.8427665514496183,235.2194633108406,135.2194633108406,FALSE,Low
region,Fleurieu,invert_phylum_simpson,M2 invertebrate Arthropoda Simpson diversity,period_split,Bloom 2026-01,by_status,Fished,0.6356305800963868,0.02705969778974773,460,1.480527285749966,0.08184196527477275,70,0.8448967056535792,232.92260191846958,132.92260191846958,FALSE,Low
region,Fleurieu,invert_phylum_simpson,M2 invertebrate Arthropoda Simpson diversity,period_split,Bloom 2026-01,by_status,No-take,0.6066657778509907,0.029967382358147627,343,1.4556992883236286,0.10038112269818862,34,0.8490335104726379,239.95078368853987,139.95078368853987,FALSE,Low
region,Fleurieu,invert_phylum_simpson,M2 invertebrate Arthropoda Simpson diversity,period_split,Bloom 2026-01,overall,Overall,0.6232583171198354,0.0200972338557235,803,1.4724104404375096,0.0638505330708724,104,0.8491521233176742,236.24400990615354,136.24400990615354,FALSE,Low
region,Fleurieu,invert_phylum_simpson,M2 invertebrate Arthropoda Simpson diversity,period_split,Bloom 2026-05,by_status,Fished,0.6356305800963868,0.02705969778974773,460,1.3,0.17795130420052185,4,0.6643694199036132,204.5213117032331,104.5213117032331,FALSE,Low
region,Fleurieu,invert_phylum_simpson,M2 invertebrate Arthropoda Simpson diversity,period_split,Bloom 2026-05,overall,Overall,0.6232583171198354,0.0200972338557235,803,1.3,0.17795130420052185,4,0.6767416828801647,208.58125183270454,108.58125183270454,FALSE,Low
region,Fleurieu,invert_phylum_simpson,M2 invertebrate Echinodermata Simpson diversity,period,Bloom,by_status,Fished,2.1752991232767727,0.049932121460910084,460,1.070614873433717,0.08759985997041707,74,-1.1046842498430556,49.21690364224443,-50.78309635775557,FALSE,High
region,Fleurieu,invert_phylum_simpson,M2 invertebrate Echinodermata Simpson diversity,period,Bloom,by_status,No-take,2.066267083147986,0.0547514849786073,343,0.7031746031746031,0.1293172785968172,34,-1.363092479973383,34.03115739052025,-65.96884260947975,FALSE,High
region,Fleurieu,invert_phylum_simpson,M2 invertebrate Echinodermata Simpson diversity,period,Bloom,overall,Overall,2.1287262842180255,0.03697398306603878,803,0.9549392327965887,0.07404752657807157,108,-1.1737870514214368,44.859653393502384,-55.140346606497616,FALSE,High
region,Fleurieu,invert_phylum_simpson,M2 invertebrate Echinodermata Simpson diversity,period_split,Bloom 2026-01,by_status,Fished,2.1752991232767727,0.049932121460910084,460,1.1032214376299296,0.0905203390373834,70,-1.072077685646843,50.71584987208961,-49.28415012791039,FALSE,Medium
region,Fleurieu,invert_phylum_simpson,M2 invertebrate Echinodermata Simpson diversity,period_split,Bloom 2026-01,by_status,No-take,2.066267083147986,0.0547514849786073,343,0.7031746031746031,0.1293172785968172,34,-1.363092479973383,34.03115739052025,-65.96884260947975,FALSE,High
region,Fleurieu,invert_phylum_simpson,M2 invertebrate Echinodermata Simpson diversity,period_split,Bloom 2026-01,overall,Overall,2.1287262842180255,0.03697398306603878,803,0.9724368955964575,0.07607963645550525,104,-1.156289388621568,45.68163144345616,-54.31836855654384,FALSE,High
region,Fleurieu,invert_phylum_simpson,M2 invertebrate Echinodermata Simpson diversity,period_split,Bloom 2026-05,by_status,Fished,2.1752991232767727,0.049932121460910084,460,0.5,0.2041241452319315,4,-1.6752991232767727,22.985344619953807,-77.0146553800462,FALSE,High
region,Fleurieu,invert_phylum_simpson,M2 invertebrate Echinodermata Simpson diversity,period_split,Bloom 2026-05,overall,Overall,2.1287262842180255,0.03697398306603878,803,0.5,0.2041241452319315,4,-1.6287262842180255,23.488224094704215,-76.51177590529579,FALSE,High
region,Fleurieu,invert_phylum_simpson,M2 invertebrate Mollusca Simpson diversity,period,Bloom,by_status,Fished,1.4508055023653876,0.03786615009722806,460,1.5291177678680214,0.08943361951894466,74,0.07831226550263382,105.39784729069153,5.39784729069153,FALSE,Low
region,Fleurieu,invert_phylum_simpson,M2 invertebrate Mollusca Simpson diversity,period,Bloom,by_status,No-take,1.4599473550099145,0.043089407550097575,343,1.7628254450271674,0.1271675776659922,34,0.30287809001725297,120.7458227159976,20.745822715997605,FALSE,Low
region,Fleurieu,invert_phylum_simpson,M2 invertebrate Mollusca Simpson diversity,period,Bloom,overall,Overall,1.4547104282147933,0.028430895193516575,803,1.6026924069736785,0.07361514880896655,108,0.1479819787588852,110.1726072686842,10.172607268684203,FALSE,Low
region,Fleurieu,invert_phylum_simpson,M2 invertebrate Mollusca Simpson diversity,period_split,Bloom 2026-01,by_status,Fished,1.4508055023653876,0.03786615009722806,460,1.5072688939772902,0.09378859750443384,70,0.056463391611902614,103.89186500325818,3.891865003258175,FALSE,Low
region,Fleurieu,invert_phylum_simpson,M2 invertebrate Mollusca Simpson diversity,period_split,Bloom 2026-01,by_status,No-take,1.4599473550099145,0.043089407550097575,343,1.7628254450271674,0.1271675776659922,34,0.30287809001725297,120.7458227159976,20.745822715997605,FALSE,Low
region,Fleurieu,invert_phylum_simpson,M2 invertebrate Mollusca Simpson diversity,period_split,Bloom 2026-01,overall,Overall,1.4547104282147933,0.028430895193516575,803,1.5908162279743654,0.0761550562587595,104,0.13610579975957204,109.35621255747783,9.356212557477832,FALSE,Low
region,Fleurieu,invert_phylum_simpson,M2 invertebrate Mollusca Simpson diversity,period_split,Bloom 2026-05,by_status,Fished,1.4508055023653876,0.03786615009722806,460,1.9114730609558197,0.09258996505306391,4,0.46066755859043207,131.75253732077536,31.75253732077536,FALSE,Low
region,Fleurieu,invert_phylum_simpson,M2 invertebrate Mollusca Simpson diversity,period_split,Bloom 2026-05,overall,Overall,1.4547104282147933,0.028430895193516575,803,1.9114730609558197,0.09258996505306391,4,0.45676263274102635,131.39886976004985,31.39886976004985,FALSE,Low
region,Fleurieu,shannon_diversity,M1 fish Shannon diversity,period,Bloom,by_status,Fished,1.1859037390329383,0.025429039846165336,462,1.1030228300425484,0.05821699054425199,74,-0.08288090899038991,93.01116049621562,-6.9888395037843765,FALSE,Low
region,Fleurieu,shannon_diversity,M1 fish Shannon diversity,period,Bloom,by_status,No-take,1.5754359736574528,0.023399152778395774,346,1.4612748942959395,0.042679824705983777,34,-0.11416107936151332,92.75368334414233,-7.246316655857669,FALSE,Low
region,Fleurieu,shannon_diversity,M1 fish Shannon diversity,period,Bloom,overall,Overall,1.3527083840577923,0.018907189425415392,808,1.215805887307505,0.04494362714852469,108,-0.1369024967502872,89.87937841121281,-10.120621588787188,FALSE,Low
region,Fleurieu,shannon_diversity,M1 fish Shannon diversity,period_split,Bloom 2026-01,by_status,Fished,1.1859037390329383,0.025429039846165336,462,1.1185135106267758,0.06013592477651825,70,-0.06739022840616249,94.31739472706977,-5.682605272930232,FALSE,Low
region,Fleurieu,shannon_diversity,M1 fish Shannon diversity,period_split,Bloom 2026-01,by_status,No-take,1.5754359736574528,0.023399152778395774,346,1.4612748942959395,0.042679824705983777,34,-0.11416107936151332,92.75368334414233,-7.246316655857669,FALSE,Low
region,Fleurieu,shannon_diversity,M1 fish Shannon diversity,period_split,Bloom 2026-01,overall,Overall,1.3527083840577923,0.018907189425415392,808,1.2305701168263101,0.04552334188477361,104,-0.12213826723148213,90.97083534995937,-9.029164650040627,FALSE,Low
region,Fleurieu,shannon_diversity,M1 fish Shannon diversity,period_split,Bloom 2026-05,by_status,Fished,1.1859037390329383,0.025429039846165336,462,0.8319359198185708,0.21034388499495937,4,-0.3539678192143675,70.15206145626833,-29.847938543731672,FALSE,Medium
region,Fleurieu,shannon_diversity,M1 fish Shannon diversity,period_split,Bloom 2026-05,overall,Overall,1.3527083840577923,0.018907189425415392,808,0.8319359198185708,0.21034388499495937,4,-0.5207724642392214,61.5014980038024,-38.4985019961976,FALSE,Medium
region,Fleurieu,shannon_diversity,M2 fish Shannon diversity,period,Bloom,by_status,Fished,0.3082329814230277,0.01566576131031371,459,0.1087097423091584,0.02696732649952521,74,-0.19952323911386927,35.268692469986554,-64.73130753001345,FALSE,High
region,Fleurieu,shannon_diversity,M2 fish Shannon diversity,period,Bloom,by_status,No-take,0.28586437145083304,0.017997080040719635,342,0.08836480029154506,0.032345981730204115,33,-0.19749957115928798,30.911442318982125,-69.08855768101787,FALSE,High
region,Fleurieu,shannon_diversity,M2 fish Shannon diversity,period,Bloom,overall,Overall,0.29868233896298957,0.011815740124300407,801,0.10243513402335241,0.021085914859518304,107,-0.19624720493963715,34.295678271103064,-65.70432172889693,FALSE,High
region,Fleurieu,shannon_diversity,M2 fish Shannon diversity,period_split,Bloom 2026-01,by_status,Fished,0.3082329814230277,0.01566576131031371,459,0.10654019836577142,0.02816932185078729,70,-0.20169278305725627,34.56482751258621,-65.43517248741378,FALSE,High
region,Fleurieu,shannon_diversity,M2 fish Shannon diversity,period_split,Bloom 2026-01,by_status,No-take,0.28586437145083304,0.017997080040719635,342,0.08836480029154506,0.032345981730204115,33,-0.19749957115928798,30.911442318982125,-69.08855768101787,FALSE,High
region,Fleurieu,shannon_diversity,M2 fish Shannon diversity,period_split,Bloom 2026-01,overall,Overall,0.29868233896298957,0.011815740124300407,801,0.10071701257499986,0.021695060974305576,103,-0.1979653263879897,33.720444578238,-66.279555421762,FALSE,High
region,Fleurieu,shannon_diversity,M2 fish Shannon diversity,period_split,Bloom 2026-05,by_status,Fished,0.3082329814230277,0.01566576131031371,459,0.14667676131843055,0.08649688487161075,4,-0.16155622010459714,47.58632922449243,-52.41367077550757,FALSE,High
region,Fleurieu,shannon_diversity,M2 fish Shannon diversity,period_split,Bloom 2026-05,overall,Overall,0.29868233896298957,0.011815740124300407,801,0.14667676131843055,0.08649688487161075,4,-0.15200557764455902,49.10794586237843,-50.89205413762157,FALSE,High
region,Fleurieu,shannon_diversity,M2 invertebrate Shannon diversity,period,Bloom,by_status,Fished,1.2937082639123008,0.021431245770370685,460,1.276106005414737,0.04720220820692352,74,-0.017602258497563694,98.63939506389696,-1.3606049361030443,FALSE,Low
region,Fleurieu,shannon_diversity,M2 invertebrate Shannon diversity,period,Bloom,by_status,No-take,1.2022056029370962,0.02530880790106463,343,1.194250810037726,0.06855467878085249,34,-0.007954792899370178,99.3383167671207,-0.6616832328792981,FALSE,Low
region,Fleurieu,shannon_diversity,M2 invertebrate Shannon diversity,period,Bloom,overall,Overall,1.2546230675057066,0.016425932690888934,803,1.250336777240493,0.038876042314522664,108,-0.004286290265213655,99.65836031743501,-0.34163968256498833,FALSE,Low
region,Fleurieu,shannon_diversity,M2 invertebrate Shannon diversity,period_split,Bloom 2026-01,by_status,Fished,1.2937082639123008,0.021431245770370685,460,1.2828099579958563,0.0495709758735433,70,-0.010898305916444473,99.15759169045678,-0.8424083095432167,FALSE,Low
region,Fleurieu,shannon_diversity,M2 invertebrate Shannon diversity,period_split,Bloom 2026-01,by_status,No-take,1.2022056029370962,0.02530880790106463,343,1.194250810037726,0.06855467878085249,34,-0.007954792899370178,99.3383167671207,-0.6616832328792981,FALSE,Low
region,Fleurieu,shannon_diversity,M2 invertebrate Shannon diversity,period_split,Bloom 2026-01,overall,Overall,1.2546230675057066,0.016425932690888934,803,1.2538579288556984,0.040211888387451634,104,-7.65138650008268e-4,99.93901446021319,-0.06098553978681309,FALSE,Low
region,Fleurieu,shannon_diversity,M2 invertebrate Shannon diversity,period_split,Bloom 2026-05,by_status,Fished,1.2937082639123008,0.021431245770370685,460,1.1587868352451522,0.09532674270741086,4,-0.1349214286671485,89.57095409910013,-10.429045900899865,FALSE,Low
region,Fleurieu,shannon_diversity,M2 invertebrate Shannon diversity,period_split,Bloom 2026-05,overall,Overall,1.2546230675057066,0.016425932690888934,803,1.1587868352451522,0.09532674270741086,4,-0.09583623226055438,92.3613526052024,-7.6386473947976015,FALSE,Low
region,Fleurieu,simpson_diversity,M1 fish Simpson diversity,period,Bloom,by_status,Fished,3.0294373137176063,0.07766938052646713,462,2.919708486210053,0.15361069538452335,74,-0.1097288275075532,96.37791391125046,-3.6220860887495405,FALSE,Low
region,Fleurieu,simpson_diversity,M1 fish Simpson diversity,period,Bloom,by_status,No-take,4.132015006706548,0.0918108040257913,346,3.6560074898613095,0.14793560744140602,34,-0.4760075168452387,88.48001480941755,-11.519985190582446,FALSE,Low
region,Fleurieu,simpson_diversity,M1 fish Simpson diversity,period,Bloom,overall,Overall,3.50158073175495,0.06230866979121515,808,3.1515063206928557,0.11936560439604299,108,-0.35007441106209436,90.00238926701424,-9.997610732985763,FALSE,Low
region,Fleurieu,simpson_diversity,M1 fish Simpson diversity,period_split,Bloom 2026-01,by_status,Fished,3.0294373137176063,0.07766938052646713,462,2.95565200362753,0.15994641101774382,70,-0.07378531009007627,97.56438894589537,-2.4356110541046263,FALSE,Low
region,Fleurieu,simpson_diversity,M1 fish Simpson diversity,period_split,Bloom 2026-01,by_status,No-take,4.132015006706548,0.0918108040257913,346,3.6560074898613095,0.14793560744140602,34,-0.4760075168452387,88.48001480941755,-11.519985190582446,FALSE,Low
region,Fleurieu,simpson_diversity,M1 fish Simpson diversity,period_split,Bloom 2026-01,overall,Overall,3.50158073175495,0.06230866979121515,808,3.184614374127035,0.12196461992381989,104,-0.31696635762791514,90.94790661961818,-9.05209338038182,FALSE,Low
region,Fleurieu,simpson_diversity,M1 fish Simpson diversity,period_split,Bloom 2026-05,by_status,Fished,3.0294373137176063,0.07766938052646713,462,2.2906969314042005,0.430955820775693,4,-0.7387403823134058,75.61460080496425,-24.385399195035745,FALSE,Medium
region,Fleurieu,simpson_diversity,M1 fish Simpson diversity,period_split,Bloom 2026-05,overall,Overall,3.50158073175495,0.06230866979121515,808,2.2906969314042005,0.430955820775693,4,-1.2108838003507496,65.41893809931182,-34.581061900688184,FALSE,Medium
region,Fleurieu,simpson_diversity,M2 fish Simpson diversity,period,Bloom,by_status,Fished,1.1750550816455423,0.036166716241061374,459,0.5471904995124809,0.07365698461373786,74,-0.6278645821330614,46.567221235807736,-53.432778764192264,FALSE,High
region,Fleurieu,simpson_diversity,M2 fish Simpson diversity,period,Bloom,by_status,No-take,1.1207736313272918,0.041409443610485736,342,0.594576012223071,0.09395977464451163,33,-0.5261976191042208,53.05049972659832,-46.94950027340168,FALSE,Medium
region,Fleurieu,simpson_diversity,M2 fish Simpson diversity,period,Bloom,overall,Overall,1.1518787320714579,0.027241322716084076,801,0.5618047230587377,0.05839943662887014,107,-0.5900740090127201,48.772905290857096,-51.227094709142904,FALSE,High
region,Fleurieu,simpson_diversity,M2 fish Simpson diversity,period_split,Bloom 2026-01,by_status,Fished,1.1750550816455423,0.036166716241061374,459,0.5327894912105439,0.07570519777235943,70,-0.6422655904349984,45.34166095979328,-54.65833904020672,FALSE,High
region,Fleurieu,simpson_diversity,M2 fish Simpson diversity,period_split,Bloom 2026-01,by_status,No-take,1.1207736313272918,0.041409443610485736,342,0.594576012223071,0.09395977464451163,33,-0.5261976191042208,53.05049972659832,-46.94950027340168,FALSE,Medium
region,Fleurieu,simpson_diversity,M2 fish Simpson diversity,period_split,Bloom 2026-01,overall,Overall,1.1518787320714579,0.027241322716084076,801,0.5525851726999943,0.059417277090277956,103,-0.5992935593714636,47.97251284484296,-52.02748715515704,FALSE,High
region,Fleurieu,simpson_diversity,M2 fish Simpson diversity,period_split,Bloom 2026-05,by_status,Fished,1.1750550816455423,0.036166716241061374,459,0.79920814479638,0.33629248143222884,4,-0.37584693684916226,68.01452606606085,-31.985473933939147,FALSE,Medium
region,Fleurieu,simpson_diversity,M2 fish Simpson diversity,period_split,Bloom 2026-05,overall,Overall,1.1518787320714579,0.027241322716084076,801,0.79920814479638,0.33629248143222884,4,-0.35267058727507783,69.38301077572117,-30.616989224278825,FALSE,Medium
region,Fleurieu,simpson_diversity,M2 invertebrate Simpson diversity,period,Bloom,by_status,Fished,3.608123608976065,0.07064197865033005,460,3.548168780673825,0.1453498300803969,74,-0.05995482830223997,98.33833774006278,-1.6616622599372164,FALSE,Low
region,Fleurieu,simpson_diversity,M2 invertebrate Simpson diversity,period,Bloom,by_status,No-take,3.3419063587754643,0.07922591259302202,343,3.1224465897698797,0.19354052573512326,34,-0.21945976900558462,93.43309639932585,-6.566903600674152,FALSE,Low
region,Fleurieu,simpson_diversity,M2 invertebrate Simpson diversity,period,Bloom,overall,Overall,3.494409391268959,0.05292468215243937,803,3.4141451279818424,0.11780550728171195,108,-0.08026426328711667,97.70306640407782,-2.2969335959221837,FALSE,Low
region,Fleurieu,simpson_diversity,M2 invertebrate Simpson diversity,period_split,Bloom 2026-01,by_status,Fished,3.608123608976065,0.07064197865033005,460,3.5766645310387593,0.15237505581902194,70,-0.031459077937305846,99.12810420743226,-0.8718957925677415,FALSE,Low
region,Fleurieu,simpson_diversity,M2 invertebrate Simpson diversity,period_split,Bloom 2026-01,by_status,No-take,3.3419063587754643,0.07922591259302202,343,3.1224465897698797,0.19354052573512326,34,-0.21945976900558462,93.43309639932585,-6.566903600674152,FALSE,Low
region,Fleurieu,simpson_diversity,M2 invertebrate Simpson diversity,period_split,Bloom 2026-01,overall,Overall,3.494409391268959,0.05292468215243937,803,3.4281702040854714,0.1217915031818137,104,-0.06623918718348776,98.10442395933941,-1.8955760406605862,FALSE,Low
region,Fleurieu,simpson_diversity,M2 invertebrate Simpson diversity,period_split,Bloom 2026-05,by_status,Fished,3.608123608976065,0.07064197865033005,460,3.0494931492874846,0.27846251127692934,4,-0.5586304596885805,84.51742456109723,-15.48257543890277,FALSE,Low
region,Fleurieu,simpson_diversity,M2 invertebrate Simpson diversity,period_split,Bloom 2026-05,overall,Overall,3.494409391268959,0.05292468215243937,803,3.0494931492874846,0.27846251127692934,4,-0.4449162419814745,87.267769967276,-12.732230032724004,FALSE,Low
region,Fleurieu,species_richness,M1 fish species richness,period,Bloom,by_status,Fished,9.329004329004329,0.19501024246478768,462,5.412162162162162,0.32616352657374525,74,-3.9168421668421667,58.01436006772433,-41.98563993227567,FALSE,Medium
region,Fleurieu,species_richness,M1 fish species richness,period,Bloom,by_status,No-take,10.738439306358382,0.2121701152503734,346,6.867647058823529,0.32036411404165027,34,-3.870792247534853,63.953865761080365,-36.046134238919635,FALSE,Medium
region,Fleurieu,species_richness,M1 fish species richness,period,Bloom,overall,Overall,9.932549504950495,0.14582578005124183,808,5.87037037037037,0.2529139942882804,108,-4.062179134580125,59.10235199376063,-40.89764800623937,FALSE,Medium
region,Fleurieu,species_richness,M1 fish species richness,period_split,Bloom 2026-01,by_status,Fished,9.329004329004329,0.19501024246478768,462,5.557142857142857,0.33553252645426845,70,-3.771861471861472,59.56844547563806,-40.43155452436194,FALSE,Medium
region,Fleurieu,species_richness,M1 fish species richness,period_split,Bloom 2026-01,by_status,No-take,10.738439306358382,0.2121701152503734,346,6.867647058823529,0.32036411404165027,34,-3.870792247534853,63.953865761080365,-36.046134238919635,FALSE,Medium
region,Fleurieu,species_richness,M1 fish species richness,period_split,Bloom 2026-01,overall,Overall,9.932549504950495,0.14582578005124183,808,5.985576923076923,0.25530743474935264,104,-3.946972581873572,60.26224102979445,-39.73775897020555,FALSE,Medium
region,Fleurieu,species_richness,M1 fish species richness,period_split,Bloom 2026-05,by_status,Fished,9.329004329004329,0.19501024246478768,462,2.875,0.5543389456520863,4,-6.454004329004329,30.817865429234338,-69.18213457076567,FALSE,High
region,Fleurieu,species_richness,M1 fish species richness,period_split,Bloom 2026-05,overall,Overall,9.932549504950495,0.14582578005124183,808,2.875,0.5543389456520863,4,-7.0575495049504955,28.94523705688119,-71.05476294311882,FALSE,High
region,Fleurieu,species_richness,M2 fish species richness,period,Bloom,by_status,Fished,1.4302832244008714,0.0497000862937164,459,0.6081081081081081,0.09140713219549232,74,-0.8221751162927633,42.51662172454252,-57.48337827545748,FALSE,High
region,Fleurieu,species_richness,M2 fish species richness,period,Bloom,by_status,No-take,1.3669590643274854,0.05668258596189283,342,0.6212121212121212,0.09978742327514765,33,-0.7457469431153642,45.44482255712202,-54.55517744287798,FALSE,High
region,Fleurieu,species_richness,M2 fish species richness,period,Bloom,overall,Overall,1.4032459425717854,0.03736715045921351,801,0.6121495327102804,0.07004936013651289,107,-0.791096409861505,43.62382346093724,-56.37617653906276,FALSE,High
region,Fleurieu,species_richness,M2 fish species richness,period_split,Bloom 2026-01,by_status,Fished,1.4302832244008714,0.0497000862937164,459,0.5928571428571429,0.09451459139097526,70,-0.8374260815437286,41.450331846371455,-58.549668153628545,FALSE,High
region,Fleurieu,species_richness,M2 fish species richness,period_split,Bloom 2026-01,by_status,No-take,1.3669590643274854,0.05668258596189283,342,0.6212121212121212,0.09978742327514765,33,-0.7457469431153642,45.44482255712202,-54.55517744287798,FALSE,High
region,Fleurieu,species_richness,M2 fish species richness,period_split,Bloom 2026-01,overall,Overall,1.4032459425717854,0.03736715045921351,801,0.6019417475728155,0.07148023709870298,103,-0.8013041949989699,42.89638254500224,-57.10361745499776,FALSE,High
region,Fleurieu,species_richness,M2 fish species richness,period_split,Bloom 2026-05,by_status,Fished,1.4302832244008714,0.0497000862937164,459,0.875,0.375,4,-0.5552832244008714,61.17669459253617,-38.82330540746383,FALSE,Medium
region,Fleurieu,species_richness,M2 fish species richness,period_split,Bloom 2026-05,overall,Overall,1.4032459425717854,0.03736715045921351,801,0.875,0.375,4,-0.5282459425717854,62.355427046263344,-37.644572953736656,FALSE,Medium
region,Fleurieu,species_richness,M2 invertebrate species richness,period,Bloom,by_status,Fished,5.109782608695652,0.10654231300678521,460,4.736486486486487,0.23234055553058078,74,-0.3732961222091653,92.69448133519609,-7.3055186648039125,FALSE,Low
region,Fleurieu,species_richness,M2 invertebrate species richness,period,Bloom,by_status,No-take,5.033527696793003,0.1094352150077625,343,4.897058823529412,0.32620229537290724,34,-0.13646887326359103,97.28880257576532,-2.7111974242346832,FALSE,Low
region,Fleurieu,species_richness,M2 invertebrate species richness,period,Bloom,overall,Overall,5.077210460772105,0.07684255827371317,803,4.787037037037037,0.18872737242316626,108,-0.2901734237350677,94.28478638069024,-5.715213619309765,FALSE,Low
region,Fleurieu,species_richness,M2 invertebrate species richness,period_split,Bloom 2026-01,by_status,Fished,5.109782608695652,0.10654231300678521,460,4.75,0.24498066852368283,70,-0.35978260869565215,92.9589449053393,-7.041055094660706,FALSE,Low
region,Fleurieu,species_richness,M2 invertebrate species richness,period_split,Bloom 2026-01,by_status,No-take,5.033527696793003,0.1094352150077625,343,4.897058823529412,0.32620229537290724,34,-0.13646887326359103,97.28880257576532,-2.7111974242346832,FALSE,Low
region,Fleurieu,species_richness,M2 invertebrate species richness,period_split,Bloom 2026-01,overall,Overall,5.077210460772105,0.07684255827371317,803,4.798076923076923,0.19558218548571946,104,-0.27913353769518157,94.5022263730873,-5.4977736269127035,FALSE,Low
region,Fleurieu,species_richness,M2 invertebrate species richness,period_split,Bloom 2026-05,by_status,Fished,5.109782608695652,0.10654231300678521,460,4.5,0.3535533905932738,4,-0.6097826086956522,88.06636885768985,-11.933631142310148,FALSE,Low
region,Fleurieu,species_richness,M2 invertebrate species richness,period_split,Bloom 2026-05,overall,Overall,5.077210460772105,0.07684255827371317,803,4.5,0.3535533905932738,4,-0.5772104607721049,88.63134657836645,-11.368653421633553,FALSE,Low
region,Fleurieu,total_abundance,M1 fish total abundance,period,Bloom,by_status,Fished,235.39718614718615,19.83415889185705,462,39.66216216216216,8.05520054630423,74,-195.735023985024,16.849038347197027,-83.15096165280298,FALSE,High
region,Fleurieu,total_abundance,M1 fish total abundance,period,Bloom,by_status,No-take,114.0028901734104,8.774642890434466,346,41.11764705882353,6.389784726564754,34,-72.88524311458687,36.067197065161466,-63.932802934838534,FALSE,High
region,Fleurieu,total_abundance,M1 fish total abundance,period,Bloom,overall,Overall,183.41398514851485,12.126874426697466,808,40.120370370370374,5.856654429481707,108,-143.29361477814447,21.874215501006596,-78.1257844989934,FALSE,High
region,Fleurieu,total_abundance,M1 fish total abundance,period_split,Bloom 2026-01,by_status,Fished,235.39718614718615,19.83415889185705,462,41.32857142857143,8.472192278236397,70,-194.06861471861473,17.55695219004446,-82.44304780995554,FALSE,High
region,Fleurieu,total_abundance,M1 fish total abundance,period_split,Bloom 2026-01,by_status,No-take,114.0028901734104,8.774642890434466,346,41.11764705882353,6.389784726564754,34,-72.88524311458687,36.067197065161466,-63.932802934838534,FALSE,High
region,Fleurieu,total_abundance,M1 fish total abundance,period_split,Bloom 2026-01,overall,Overall,183.41398514851485,12.126874426697466,808,41.25961538461539,6.053189451666961,104,-142.15436976389947,22.495348624155596,-77.5046513758444,FALSE,High
region,Fleurieu,total_abundance,M1 fish total abundance,period_split,Bloom 2026-05,by_status,Fished,235.39718614718615,19.83415889185705,462,10.5,4.392227984368146,4,-224.89718614718615,4.460546097366981,-95.53945390263301,FALSE,High
region,Fleurieu,total_abundance,M1 fish total abundance,period_split,Bloom 2026-05,overall,Overall,183.41398514851485,12.126874426697466,808,10.5,4.392227984368146,4,-172.91398514851485,5.724754299132583,-94.27524570086742,FALSE,High
region,Fleurieu,total_abundance,M2 fish total abundance,period,Bloom,by_status,Fished,5.4869281045751634,0.6660863900393618,459,1.054054054054054,0.1884207167242744,74,-4.432874050521109,19.21027638716739,-80.7897236128326,FALSE,High
region,Fleurieu,total_abundance,M2 fish total abundance,period,Bloom,by_status,No-take,5.33625730994152,0.5569112556842402,342,1.196969696969697,0.34055115889887166,33,-4.139287612971823,22.430884184308844,-77.56911581569116,FALSE,High
region,Fleurieu,total_abundance,M2 fish total abundance,period,Bloom,overall,Overall,5.4225967540574285,0.44944861662576713,801,1.0981308411214954,0.16657778843135007,107,-4.324465912935933,20.25101424515524,-79.74898575484477,FALSE,High
region,Fleurieu,total_abundance,M2 fish total abundance,period_split,Bloom 2026-01,by_status,Fished,5.4869281045751634,0.6660863900393618,459,0.9928571428571429,0.18884328543454204,70,-4.494070961718021,18.094954479707308,-81.90504552029269,FALSE,High
region,Fleurieu,total_abundance,M2 fish total abundance,period_split,Bloom 2026-01,by_status,No-take,5.33625730994152,0.5569112556842402,342,1.196969696969697,0.34055115889887166,33,-4.139287612971823,22.430884184308844,-77.56911581569116,FALSE,High
region,Fleurieu,total_abundance,M2 fish total abundance,period_split,Bloom 2026-01,overall,Overall,5.4225967540574285,0.44944861662576713,801,1.058252427184466,0.16775311757408445,103,-4.3643443268729625,19.51560249049746,-80.48439750950254,FALSE,High
region,Fleurieu,total_abundance,M2 fish total abundance,period_split,Bloom 2026-05,by_status,Fished,5.4869281045751634,0.6660863900393618,459,2.125,1.1063265039459795,4,-3.3619281045751634,38.72840976771888,-61.27159023228112,FALSE,High
region,Fleurieu,total_abundance,M2 fish total abundance,period_split,Bloom 2026-05,overall,Overall,5.4225967540574285,0.44944861662576713,801,2.125,1.1063265039459795,4,-3.2975967540574285,39.18786692759295,-60.81213307240705,FALSE,High
region,Fleurieu,total_abundance,M2 invertebrate total abundance,period,Bloom,by_status,Fished,13.02608695652174,0.8084248034673588,460,11.804054054054054,1.0069555200872795,74,-1.222032902467685,90.61857251109588,-9.381427488904123,FALSE,Low
region,Fleurieu,total_abundance,M2 invertebrate total abundance,period,Bloom,by_status,No-take,25.05247813411079,2.501045857981798,343,18.735294117647058,2.5436681106763275,34,-6.317184016463731,74.7841950698585,-25.215804930141502,FALSE,Medium
region,Fleurieu,total_abundance,M2 invertebrate total abundance,period,Bloom,overall,Overall,18.163138231631383,1.1822820089452943,803,13.98611111111111,1.0950117065472322,108,-4.177027120520272,77.00272349826686,-22.99727650173314,FALSE,Medium
region,Fleurieu,total_abundance,M2 invertebrate total abundance,period_split,Bloom 2026-01,by_status,Fished,13.02608695652174,0.8084248034673588,460,11.692857142857143,1.0516817281198552,70,-1.3332298136645964,89.76492466145338,-10.235075338546622,FALSE,Low
region,Fleurieu,total_abundance,M2 invertebrate total abundance,period_split,Bloom 2026-01,by_status,No-take,25.05247813411079,2.501045857981798,343,18.735294117647058,2.5436681106763275,34,-6.317184016463731,74.7841950698585,-25.215804930141502,FALSE,Medium
region,Fleurieu,total_abundance,M2 invertebrate total abundance,period_split,Bloom 2026-01,overall,Overall,18.163138231631383,1.1822820089452943,803,13.995192307692308,1.1324177738703456,104,-4.167945923939074,77.05272144721921,-22.947278552780787,FALSE,Medium
region,Fleurieu,total_abundance,M2 invertebrate total abundance,period_split,Bloom 2026-05,by_status,Fished,13.02608695652174,0.8084248034673588,460,13.75,3.152380053229623,4,0.7239130434782606,105.5574098798398,5.5574098798397955,FALSE,Low
region,Fleurieu,total_abundance,M2 invertebrate total abundance,period_split,Bloom 2026-05,overall,Overall,18.163138231631383,1.1822820089452943,803,13.75,3.152380053229623,4,-4.4131382316313825,75.70277682550565,-24.29722317449435,FALSE,Medium
region,Kangaroo Island,b20,M1 fish B20 biomass,period,Bloom,by_status,Fished,11.426996414279479,0.9935869727466179,60,10.514581127935765,1.0711145891014147,12,-0.9124152863437143,92.01526583833058,-7.984734161669422,FALSE,Low
region,Kangaroo Island,b20,M1 fish B20 biomass,period,Bloom,by_status,No-take,11.384218876942134,0.8089905420724999,68,12.844765716011603,2.3717415658871093,8,1.460546839069469,112.82957447372779,12.829574473727789,FALSE,Low
region,Kangaroo Island,b20,M1 fish B20 biomass,period,Bloom,overall,Overall,11.404270847569014,0.6311969066916432,128,11.4466549631661,1.1384586917173067,20,0.04238411559708588,100.37165125384688,0.3716512538468777,FALSE,Low
region,Kangaroo Island,b20,M1 fish B20 biomass,period_split,Bloom 2026-02,by_status,Fished,11.426996414279479,0.9935869727466179,60,10.514581127935765,1.0711145891014147,12,-0.9124152863437143,92.01526583833058,-7.984734161669422,FALSE,Low
region,Kangaroo Island,b20,M1 fish B20 biomass,period_split,Bloom 2026-02,by_status,No-take,11.384218876942134,0.8089905420724999,68,12.844765716011603,2.3717415658871093,8,1.460546839069469,112.82957447372779,12.829574473727789,FALSE,Low
region,Kangaroo Island,b20,M1 fish B20 biomass,period_split,Bloom 2026-02,overall,Overall,11.404270847569014,0.6311969066916432,128,11.4466549631661,1.1384586917173067,20,0.04238411559708588,100.37165125384688,0.3716512538468777,FALSE,Low
region,Kangaroo Island,b20,M2 fish B20 biomass,period,Bloom,by_status,Fished,0.15940759216746275,0.03843982543081637,60,0.09605302855951865,0.03180590745949696,12,-0.0633545636079441,60.25624454487204,-39.74375545512796,FALSE,Medium
region,Kangaroo Island,b20,M2 fish B20 biomass,period,Bloom,by_status,No-take,0.25534600692202414,0.05008856869135496,68,0.10792302161772553,0.031594563710179616,8,-0.1474229853042986,42.26540407607875,-57.73459592392125,FALSE,High
region,Kangaroo Island,b20,M2 fish B20 biomass,period,Bloom,overall,Overall,0.2103748750058235,0.03229507079200117,128,0.1008010257828014,0.022367134299748445,20,-0.1095738492230221,47.914954568605715,-52.085045431394285,FALSE,High
region,Kangaroo Island,b20,M2 fish B20 biomass,period_split,Bloom 2026-02,by_status,Fished,0.15940759216746275,0.03843982543081637,60,0.09605302855951865,0.03180590745949696,12,-0.0633545636079441,60.25624454487204,-39.74375545512796,FALSE,Medium
region,Kangaroo Island,b20,M2 fish B20 biomass,period_split,Bloom 2026-02,by_status,No-take,0.25534600692202414,0.05008856869135496,68,0.10792302161772553,0.031594563710179616,8,-0.1474229853042986,42.26540407607875,-57.73459592392125,FALSE,High
region,Kangaroo Island,b20,M2 fish B20 biomass,period_split,Bloom 2026-02,overall,Overall,0.2103748750058235,0.03229507079200117,128,0.1008010257828014,0.022367134299748445,20,-0.1095738492230221,47.914954568605715,-52.085045431394285,FALSE,High
region,Kangaroo Island,invert_phylum_abundance,M2 invertebrate Arthropoda abundance,period,Bloom,by_status,Fished,1.5,0.16295297578253728,60,6.083333333333333,0.36841867926629784,12,4.583333333333333,405.55555555555554,305.55555555555554,FALSE,Low
region,Kangaroo Island,invert_phylum_abundance,M2 invertebrate Arthropoda abundance,period,Bloom,by_status,No-take,1.411764705882353,0.32288026503286643,68,6.375,0.6927558836168151,8,4.963235294117647,451.5625,351.5625,FALSE,Low
region,Kangaroo Island,invert_phylum_abundance,M2 invertebrate Arthropoda abundance,period,Bloom,overall,Overall,1.453125,0.18712540500905572,128,6.2,0.3448874721138079,20,4.746875,426.6666666666667,326.6666666666667,FALSE,Low
region,Kangaroo Island,invert_phylum_abundance,M2 invertebrate Arthropoda abundance,period_split,Bloom 2026-02,by_status,Fished,1.5,0.16295297578253728,60,6.083333333333333,0.36841867926629784,12,4.583333333333333,405.55555555555554,305.55555555555554,FALSE,Low
region,Kangaroo Island,invert_phylum_abundance,M2 invertebrate Arthropoda abundance,period_split,Bloom 2026-02,by_status,No-take,1.411764705882353,0.32288026503286643,68,6.375,0.6927558836168151,8,4.963235294117647,451.5625,351.5625,FALSE,Low
region,Kangaroo Island,invert_phylum_abundance,M2 invertebrate Arthropoda abundance,period_split,Bloom 2026-02,overall,Overall,1.453125,0.18712540500905572,128,6.2,0.3448874721138079,20,4.746875,426.6666666666667,326.6666666666667,FALSE,Low
region,Kangaroo Island,invert_phylum_abundance,M2 invertebrate Chordata abundance,period,Bloom,by_status,Fished,0,0,60,0,0,12,0,NA,NA,TRUE,Undefined - pre-bloom zero
region,Kangaroo Island,invert_phylum_abundance,M2 invertebrate Chordata abundance,period,Bloom,by_status,No-take,0.7941176470588235,0.5577134207373046,68,0,0,8,-0.7941176470588235,0,-100,FALSE,High
region,Kangaroo Island,invert_phylum_abundance,M2 invertebrate Chordata abundance,period,Bloom,overall,Overall,0.421875,0.2973408591013716,128,0,0,20,-0.421875,0,-100,FALSE,High
region,Kangaroo Island,invert_phylum_abundance,M2 invertebrate Chordata abundance,period_split,Bloom 2026-02,by_status,Fished,0,0,60,0,0,12,0,NA,NA,TRUE,Undefined - pre-bloom zero
region,Kangaroo Island,invert_phylum_abundance,M2 invertebrate Chordata abundance,period_split,Bloom 2026-02,by_status,No-take,0.7941176470588235,0.5577134207373046,68,0,0,8,-0.7941176470588235,0,-100,FALSE,High
region,Kangaroo Island,invert_phylum_abundance,M2 invertebrate Chordata abundance,period_split,Bloom 2026-02,overall,Overall,0.421875,0.2973408591013716,128,0,0,20,-0.421875,0,-100,FALSE,High
region,Kangaroo Island,invert_phylum_abundance,M2 invertebrate Cnidaria abundance,period,Bloom,by_status,Fished,0,0,60,0,0,12,0,NA,NA,TRUE,Undefined - pre-bloom zero
region,Kangaroo Island,invert_phylum_abundance,M2 invertebrate Cnidaria abundance,period,Bloom,by_status,No-take,0,0,68,0,0,8,0,NA,NA,TRUE,Undefined - pre-bloom zero
region,Kangaroo Island,invert_phylum_abundance,M2 invertebrate Cnidaria abundance,period,Bloom,overall,Overall,0,0,128,0,0,20,0,NA,NA,TRUE,Undefined - pre-bloom zero
region,Kangaroo Island,invert_phylum_abundance,M2 invertebrate Cnidaria abundance,period_split,Bloom 2026-02,by_status,Fished,0,0,60,0,0,12,0,NA,NA,TRUE,Undefined - pre-bloom zero
region,Kangaroo Island,invert_phylum_abundance,M2 invertebrate Cnidaria abundance,period_split,Bloom 2026-02,by_status,No-take,0,0,68,0,0,8,0,NA,NA,TRUE,Undefined - pre-bloom zero
region,Kangaroo Island,invert_phylum_abundance,M2 invertebrate Cnidaria abundance,period_split,Bloom 2026-02,overall,Overall,0,0,128,0,0,20,0,NA,NA,TRUE,Undefined - pre-bloom zero
region,Kangaroo Island,invert_phylum_abundance,M2 invertebrate Echinodermata abundance,period,Bloom,by_status,Fished,6.483333333333333,0.8796961682303992,60,2,0.33143398263980844,12,-4.483333333333333,30.848329048843187,-69.15167095115682,FALSE,High
region,Kangaroo Island,invert_phylum_abundance,M2 invertebrate Echinodermata abundance,period,Bloom,by_status,No-take,22.529411764705884,1.5210652239071958,68,3.625,0.6391260774347599,8,-18.904411764705884,16.090078328981722,-83.90992167101828,FALSE,High
region,Kangaroo Island,invert_phylum_abundance,M2 invertebrate Echinodermata abundance,period,Bloom,overall,Overall,15.0078125,1.1497039424282192,128,2.65,0.3629194487979247,20,-12.3578125,17.65747006767309,-82.34252993232691,FALSE,High
region,Kangaroo Island,invert_phylum_abundance,M2 invertebrate Echinodermata abundance,period_split,Bloom 2026-02,by_status,Fished,6.483333333333333,0.8796961682303992,60,2,0.33143398263980844,12,-4.483333333333333,30.848329048843187,-69.15167095115682,FALSE,High
region,Kangaroo Island,invert_phylum_abundance,M2 invertebrate Echinodermata abundance,period_split,Bloom 2026-02,by_status,No-take,22.529411764705884,1.5210652239071958,68,3.625,0.6391260774347599,8,-18.904411764705884,16.090078328981722,-83.90992167101828,FALSE,High
region,Kangaroo Island,invert_phylum_abundance,M2 invertebrate Echinodermata abundance,period_split,Bloom 2026-02,overall,Overall,15.0078125,1.1497039424282192,128,2.65,0.3629194487979247,20,-12.3578125,17.65747006767309,-82.34252993232691,FALSE,High
region,Kangaroo Island,invert_phylum_abundance,M2 invertebrate Mollusca abundance,period,Bloom,by_status,Fished,2.775,0.308409671417303,60,7.708333333333333,1.0965827314291827,12,4.933333333333334,277.77777777777777,177.77777777777777,FALSE,Low
region,Kangaroo Island,invert_phylum_abundance,M2 invertebrate Mollusca abundance,period,Bloom,by_status,No-take,1.7279411764705883,0.25195326144668756,68,4.9375,1.1157856777049204,8,3.2095588235294117,285.74468085106383,185.74468085106383,FALSE,Low
region,Kangaroo Island,invert_phylum_abundance,M2 invertebrate Mollusca abundance,period,Bloom,overall,Overall,2.21875,0.20162891652814818,128,6.6,0.8355584328680083,20,4.38125,297.46478873239437,197.46478873239437,FALSE,Low
region,Kangaroo Island,invert_phylum_abundance,M2 invertebrate Mollusca abundance,period_split,Bloom 2026-02,by_status,Fished,2.775,0.308409671417303,60,7.708333333333333,1.0965827314291827,12,4.933333333333334,277.77777777777777,177.77777777777777,FALSE,Low
region,Kangaroo Island,invert_phylum_abundance,M2 invertebrate Mollusca abundance,period_split,Bloom 2026-02,by_status,No-take,1.7279411764705883,0.25195326144668756,68,4.9375,1.1157856777049204,8,3.2095588235294117,285.74468085106383,185.74468085106383,FALSE,Low
region,Kangaroo Island,invert_phylum_abundance,M2 invertebrate Mollusca abundance,period_split,Bloom 2026-02,overall,Overall,2.21875,0.20162891652814818,128,6.6,0.8355584328680083,20,4.38125,297.46478873239437,197.46478873239437,FALSE,Low
region,Kangaroo Island,invert_phylum_abundance,M2 invertebrate Platyhelminthes abundance,period,Bloom,by_status,Fished,0,0,60,0,0,12,0,NA,NA,TRUE,Undefined - pre-bloom zero
region,Kangaroo Island,invert_phylum_abundance,M2 invertebrate Platyhelminthes abundance,period,Bloom,by_status,No-take,0,0,68,0,0,8,0,NA,NA,TRUE,Undefined - pre-bloom zero
region,Kangaroo Island,invert_phylum_abundance,M2 invertebrate Platyhelminthes abundance,period,Bloom,overall,Overall,0,0,128,0,0,20,0,NA,NA,TRUE,Undefined - pre-bloom zero
region,Kangaroo Island,invert_phylum_abundance,M2 invertebrate Platyhelminthes abundance,period_split,Bloom 2026-02,by_status,Fished,0,0,60,0,0,12,0,NA,NA,TRUE,Undefined - pre-bloom zero
region,Kangaroo Island,invert_phylum_abundance,M2 invertebrate Platyhelminthes abundance,period_split,Bloom 2026-02,by_status,No-take,0,0,68,0,0,8,0,NA,NA,TRUE,Undefined - pre-bloom zero
region,Kangaroo Island,invert_phylum_abundance,M2 invertebrate Platyhelminthes abundance,period_split,Bloom 2026-02,overall,Overall,0,0,128,0,0,20,0,NA,NA,TRUE,Undefined - pre-bloom zero
region,Kangaroo Island,invert_phylum_richness,M2 invertebrate Arthropoda species richness,period,Bloom,by_status,Fished,1.0083333333333333,0.08692134462063465,60,2.25,0.15691147861521196,12,1.2416666666666667,223.1404958677686,123.1404958677686,FALSE,Low
region,Kangaroo Island,invert_phylum_richness,M2 invertebrate Arthropoda species richness,period,Bloom,by_status,No-take,0.7573529411764706,0.08281473278920407,68,2.3125,0.2662152056406352,8,1.5551470588235294,305.33980582524276,205.33980582524276,FALSE,Low
region,Kangaroo Island,invert_phylum_richness,M2 invertebrate Arthropoda species richness,period,Bloom,overall,Overall,0.875,0.06075314709453135,128,2.275,0.13800743687055037,20,1.4,260,160,FALSE,Low
region,Kangaroo Island,invert_phylum_richness,M2 invertebrate Arthropoda species richness,period_split,Bloom 2026-02,by_status,Fished,1.0083333333333333,0.08692134462063465,60,2.25,0.15691147861521196,12,1.2416666666666667,223.1404958677686,123.1404958677686,FALSE,Low
region,Kangaroo Island,invert_phylum_richness,M2 invertebrate Arthropoda species richness,period_split,Bloom 2026-02,by_status,No-take,0.7573529411764706,0.08281473278920407,68,2.3125,0.2662152056406352,8,1.5551470588235294,305.33980582524276,205.33980582524276,FALSE,Low
region,Kangaroo Island,invert_phylum_richness,M2 invertebrate Arthropoda species richness,period_split,Bloom 2026-02,overall,Overall,0.875,0.06075314709453135,128,2.275,0.13800743687055037,20,1.4,260,160,FALSE,Low
region,Kangaroo Island,invert_phylum_richness,M2 invertebrate Echinodermata species richness,period,Bloom,by_status,Fished,2.0833333333333335,0.15996409672502956,60,1.5,0.2383656473113981,12,-0.5833333333333335,72,-28,FALSE,Medium
region,Kangaroo Island,invert_phylum_richness,M2 invertebrate Echinodermata species richness,period,Bloom,by_status,No-take,3.5955882352941178,0.15081624306635166,68,2.1875,0.3527633261631859,8,-1.4080882352941178,60.83844580777096,-39.16155419222904,FALSE,Medium
region,Kangaroo Island,invert_phylum_richness,M2 invertebrate Echinodermata species richness,period,Bloom,overall,Overall,2.88671875,0.12818468263175994,128,1.775,0.2098715145787511,20,-1.11171875,61.488497970230036,-38.511502029769964,FALSE,Medium
region,Kangaroo Island,invert_phylum_richness,M2 invertebrate Echinodermata species richness,period_split,Bloom 2026-02,by_status,Fished,2.0833333333333335,0.15996409672502956,60,1.5,0.2383656473113981,12,-0.5833333333333335,72,-28,FALSE,Medium
region,Kangaroo Island,invert_phylum_richness,M2 invertebrate Echinodermata species richness,period_split,Bloom 2026-02,by_status,No-take,3.5955882352941178,0.15081624306635166,68,2.1875,0.3527633261631859,8,-1.4080882352941178,60.83844580777096,-39.16155419222904,FALSE,Medium
region,Kangaroo Island,invert_phylum_richness,M2 invertebrate Echinodermata species richness,period_split,Bloom 2026-02,overall,Overall,2.88671875,0.12818468263175994,128,1.775,0.2098715145787511,20,-1.11171875,61.488497970230036,-38.511502029769964,FALSE,Medium
region,Kangaroo Island,invert_phylum_richness,M2 invertebrate Mollusca species richness,period,Bloom,by_status,Fished,1.625,0.11437931245922081,60,2,0.18463723646899913,12,0.375,123.07692307692308,23.07692307692308,FALSE,Low
region,Kangaroo Island,invert_phylum_richness,M2 invertebrate Mollusca species richness,period,Bloom,by_status,No-take,1.1029411764705883,0.12061392903855699,68,1.6875,0.3651993095753136,8,0.5845588235294117,152.99999999999997,52.99999999999997,FALSE,Low
region,Kangaroo Island,invert_phylum_richness,M2 invertebrate Mollusca species richness,period,Bloom,overall,Overall,1.34765625,0.08637468765789841,128,1.875,0.18091507167147441,20,0.52734375,139.1304347826087,39.13043478260869,FALSE,Low
region,Kangaroo Island,invert_phylum_richness,M2 invertebrate Mollusca species richness,period_split,Bloom 2026-02,by_status,Fished,1.625,0.11437931245922081,60,2,0.18463723646899913,12,0.375,123.07692307692308,23.07692307692308,FALSE,Low
region,Kangaroo Island,invert_phylum_richness,M2 invertebrate Mollusca species richness,period_split,Bloom 2026-02,by_status,No-take,1.1029411764705883,0.12061392903855699,68,1.6875,0.3651993095753136,8,0.5845588235294117,152.99999999999997,52.99999999999997,FALSE,Low
region,Kangaroo Island,invert_phylum_richness,M2 invertebrate Mollusca species richness,period_split,Bloom 2026-02,overall,Overall,1.34765625,0.08637468765789841,128,1.875,0.18091507167147441,20,0.52734375,139.1304347826087,39.13043478260869,FALSE,Low
region,Kangaroo Island,invert_phylum_shannon,M2 invertebrate Arthropoda Shannon diversity,period,Bloom,by_status,Fished,0.2057453263106801,0.031547751252393,60,0.6535352622599837,0.0620347216372244,12,0.4477899359493036,317.64282279400635,217.64282279400635,FALSE,Low
region,Kangaroo Island,invert_phylum_shannon,M2 invertebrate Arthropoda Shannon diversity,period,Bloom,by_status,No-take,0.13225013982515335,0.02610825230815641,68,0.6294897087413813,0.12355532829738415,8,0.497239568916228,475.9841536452239,375.9841536452239,FALSE,Low
region,Kangaroo Island,invert_phylum_shannon,M2 invertebrate Arthropoda Shannon diversity,period,Bloom,overall,Overall,0.16670100849024402,0.020453989173269925,128,0.6439170408525428,0.05994829484483596,20,0.4772160323622987,386.27063308391877,286.27063308391877,FALSE,Low
region,Kangaroo Island,invert_phylum_shannon,M2 invertebrate Arthropoda Shannon diversity,period_split,Bloom 2026-02,by_status,Fished,0.2057453263106801,0.031547751252393,60,0.6535352622599837,0.0620347216372244,12,0.4477899359493036,317.64282279400635,217.64282279400635,FALSE,Low
region,Kangaroo Island,invert_phylum_shannon,M2 invertebrate Arthropoda Shannon diversity,period_split,Bloom 2026-02,by_status,No-take,0.13225013982515335,0.02610825230815641,68,0.6294897087413813,0.12355532829738415,8,0.497239568916228,475.9841536452239,375.9841536452239,FALSE,Low
region,Kangaroo Island,invert_phylum_shannon,M2 invertebrate Arthropoda Shannon diversity,period_split,Bloom 2026-02,overall,Overall,0.16670100849024402,0.020453989173269925,128,0.6439170408525428,0.05994829484483596,20,0.4772160323622987,386.27063308391877,286.27063308391877,FALSE,Low
region,Kangaroo Island,invert_phylum_shannon,M2 invertebrate Echinodermata Shannon diversity,period,Bloom,by_status,Fished,0.5059572578765932,0.049547097354420984,60,0.41164422710660753,0.08324934816888062,12,-0.09431303076998565,81.35948653730168,-18.640513462698323,FALSE,Low
region,Kangaroo Island,invert_phylum_shannon,M2 invertebrate Echinodermata Shannon diversity,period,Bloom,by_status,No-take,0.7264002564585648,0.0383381657558753,68,0.589718928158515,0.12482036694880501,8,-0.13668132830004975,81.18374448731403,-18.81625551268597,FALSE,Low
region,Kangaroo Island,invert_phylum_shannon,M2 invertebrate Echinodermata Shannon diversity,period,Bloom,overall,Overall,0.6230676008732656,0.03227725458052351,128,0.4828741075273705,0.07144224285443802,20,-0.14019349334589515,77.49947306690224,-22.50052693309776,FALSE,Medium
region,Kangaroo Island,invert_phylum_shannon,M2 invertebrate Echinodermata Shannon diversity,period_split,Bloom 2026-02,by_status,Fished,0.5059572578765932,0.049547097354420984,60,0.41164422710660753,0.08324934816888062,12,-0.09431303076998565,81.35948653730168,-18.640513462698323,FALSE,Low
region,Kangaroo Island,invert_phylum_shannon,M2 invertebrate Echinodermata Shannon diversity,period_split,Bloom 2026-02,by_status,No-take,0.7264002564585648,0.0383381657558753,68,0.589718928158515,0.12482036694880501,8,-0.13668132830004975,81.18374448731403,-18.81625551268597,FALSE,Low
region,Kangaroo Island,invert_phylum_shannon,M2 invertebrate Echinodermata Shannon diversity,period_split,Bloom 2026-02,overall,Overall,0.6230676008732656,0.03227725458052351,128,0.4828741075273705,0.07144224285443802,20,-0.14019349334589515,77.49947306690224,-22.50052693309776,FALSE,Medium
region,Kangaroo Island,invert_phylum_shannon,M2 invertebrate Mollusca Shannon diversity,period,Bloom,by_status,Fished,0.38526534730946727,0.044909102378803724,60,0.49410282275738676,0.06432648751711285,12,0.1088374754479195,128.25000385007246,28.25000385007246,FALSE,Low
region,Kangaroo Island,invert_phylum_shannon,M2 invertebrate Mollusca Shannon diversity,period,Bloom,by_status,No-take,0.26107237003658934,0.043661009709506426,68,0.3895805769677733,0.13022639593630977,8,0.12850820693118398,149.22321228905744,49.22321228905744,FALSE,Low
region,Kangaroo Island,invert_phylum_shannon,M2 invertebrate Mollusca Shannon diversity,period,Bloom,overall,Overall,0.31928782813325085,0.03168130976084825,128,0.4522939244415414,0.0638324516952309,20,0.13300609630829052,141.65711454956624,41.657114549566245,FALSE,Low
region,Kangaroo Island,invert_phylum_shannon,M2 invertebrate Mollusca Shannon diversity,period_split,Bloom 2026-02,by_status,Fished,0.38526534730946727,0.044909102378803724,60,0.49410282275738676,0.06432648751711285,12,0.1088374754479195,128.25000385007246,28.25000385007246,FALSE,Low
region,Kangaroo Island,invert_phylum_shannon,M2 invertebrate Mollusca Shannon diversity,period_split,Bloom 2026-02,by_status,No-take,0.26107237003658934,0.043661009709506426,68,0.3895805769677733,0.13022639593630977,8,0.12850820693118398,149.22321228905744,49.22321228905744,FALSE,Low
region,Kangaroo Island,invert_phylum_shannon,M2 invertebrate Mollusca Shannon diversity,period_split,Bloom 2026-02,overall,Overall,0.31928782813325085,0.03168130976084825,128,0.4522939244415414,0.0638324516952309,20,0.13300609630829052,141.65711454956624,41.657114549566245,FALSE,Low
region,Kangaroo Island,invert_phylum_simpson,M2 invertebrate Arthropoda Simpson diversity,period,Bloom,by_status,Fished,0.9684157200823867,0.08077195271563715,60,1.8627622197442215,0.13447180342544965,12,0.8943464996618348,192.35150577540702,92.35150577540702,FALSE,Low
region,Kangaroo Island,invert_phylum_simpson,M2 invertebrate Arthropoda Simpson diversity,period,Bloom,by_status,No-take,0.7269360448739146,0.07854223987145474,68,1.8569008418453934,0.2197894419387345,8,1.1299647969714788,255.44211969396406,155.44211969396406,FALSE,Low
region,Kangaroo Island,invert_phylum_simpson,M2 invertebrate Arthropoda Simpson diversity,period,Bloom,overall,Overall,0.8401296426278859,0.0571313743089649,128,1.8604176685846903,0.11576167828656807,20,1.0202880259568043,221.4441169776359,121.4441169776359,FALSE,Low
region,Kangaroo Island,invert_phylum_simpson,M2 invertebrate Arthropoda Simpson diversity,period_split,Bloom 2026-02,by_status,Fished,0.9684157200823867,0.08077195271563715,60,1.8627622197442215,0.13447180342544965,12,0.8943464996618348,192.35150577540702,92.35150577540702,FALSE,Low
region,Kangaroo Island,invert_phylum_simpson,M2 invertebrate Arthropoda Simpson diversity,period_split,Bloom 2026-02,by_status,No-take,0.7269360448739146,0.07854223987145474,68,1.8569008418453934,0.2197894419387345,8,1.1299647969714788,255.44211969396406,155.44211969396406,FALSE,Low
region,Kangaroo Island,invert_phylum_simpson,M2 invertebrate Arthropoda Simpson diversity,period_split,Bloom 2026-02,overall,Overall,0.8401296426278859,0.0571313743089649,128,1.8604176685846903,0.11576167828656807,20,1.0202880259568043,221.4441169776359,121.4441169776359,FALSE,Low
region,Kangaroo Island,invert_phylum_simpson,M2 invertebrate Echinodermata Simpson diversity,period,Bloom,by_status,Fished,1.5587786851257985,0.10788619412804139,60,1.381917755447167,0.2280816039471627,12,-0.17686092967863143,88.65387810557866,-11.346121894421344,FALSE,Low
region,Kangaroo Island,invert_phylum_simpson,M2 invertebrate Echinodermata Simpson diversity,period,Bloom,by_status,No-take,1.7533823873823462,0.06437923193790507,68,2.0166971916971916,0.30884065109756564,8,0.26331480431484544,115.0175344642279,15.017534464227893,FALSE,Low
region,Kangaroo Island,invert_phylum_simpson,M2 invertebrate Echinodermata Simpson diversity,period,Bloom,overall,Overall,1.6621619019495895,0.06140472277130055,128,1.635829529947177,0.1929163926886157,20,-0.026332372002412452,98.41577574533945,-1.5842242546605547,FALSE,Low
region,Kangaroo Island,invert_phylum_simpson,M2 invertebrate Echinodermata Simpson diversity,period_split,Bloom 2026-02,by_status,Fished,1.5587786851257985,0.10788619412804139,60,1.381917755447167,0.2280816039471627,12,-0.17686092967863143,88.65387810557866,-11.346121894421344,FALSE,Low
region,Kangaroo Island,invert_phylum_simpson,M2 invertebrate Echinodermata Simpson diversity,period_split,Bloom 2026-02,by_status,No-take,1.7533823873823462,0.06437923193790507,68,2.0166971916971916,0.30884065109756564,8,0.26331480431484544,115.0175344642279,15.017534464227893,FALSE,Low
region,Kangaroo Island,invert_phylum_simpson,M2 invertebrate Echinodermata Simpson diversity,period_split,Bloom 2026-02,overall,Overall,1.6621619019495895,0.06140472277130055,128,1.635829529947177,0.1929163926886157,20,-0.026332372002412452,98.41577574533945,-1.5842242546605547,FALSE,Low
region,Kangaroo Island,invert_phylum_simpson,M2 invertebrate Mollusca Simpson diversity,period,Bloom,by_status,Fished,1.4634515766215244,0.09816734170182477,60,1.4829146719426287,0.1300743615802365,12,0.01946309532110435,101.32994460712095,1.3299446071209502,FALSE,Low
region,Kangaroo Island,invert_phylum_simpson,M2 invertebrate Mollusca Simpson diversity,period,Bloom,by_status,No-take,1.0105375420427323,0.10474462421026776,68,1.3937195121951218,0.26528495106307565,8,0.38318197015238953,137.91862787975333,37.91862787975333,FALSE,Low
region,Kangaroo Island,invert_phylum_simpson,M2 invertebrate Mollusca Simpson diversity,period,Bloom,overall,Overall,1.2228409957515411,0.07467069512523679,128,1.4472366080436259,0.1278630274659114,20,0.2243956122920847,118.35035078736253,18.35035078736253,FALSE,Low
region,Kangaroo Island,invert_phylum_simpson,M2 invertebrate Mollusca Simpson diversity,period_split,Bloom 2026-02,by_status,Fished,1.4634515766215244,0.09816734170182477,60,1.4829146719426287,0.1300743615802365,12,0.01946309532110435,101.32994460712095,1.3299446071209502,FALSE,Low
region,Kangaroo Island,invert_phylum_simpson,M2 invertebrate Mollusca Simpson diversity,period_split,Bloom 2026-02,by_status,No-take,1.0105375420427323,0.10474462421026776,68,1.3937195121951218,0.26528495106307565,8,0.38318197015238953,137.91862787975333,37.91862787975333,FALSE,Low
region,Kangaroo Island,invert_phylum_simpson,M2 invertebrate Mollusca Simpson diversity,period_split,Bloom 2026-02,overall,Overall,1.2228409957515411,0.07467069512523679,128,1.4472366080436259,0.1278630274659114,20,0.2243956122920847,118.35035078736253,18.35035078736253,FALSE,Low
region,Kangaroo Island,shannon_diversity,M1 fish Shannon diversity,period,Bloom,by_status,Fished,1.9449936735942528,0.03874981699683766,60,1.6904204846502293,0.05603154287861383,12,-0.2545731889440235,86.91136159463261,-13.08863840536739,FALSE,Low
region,Kangaroo Island,shannon_diversity,M1 fish Shannon diversity,period,Bloom,by_status,No-take,1.854400628471931,0.03992734426089484,68,1.5635223519615837,0.05990370443330599,8,-0.29087827651034726,84.31416210476385,-15.685837895236148,FALSE,Low
region,Kangaroo Island,shannon_diversity,M1 fish Shannon diversity,period,Bloom,overall,Overall,1.8968661183730193,0.028104733333153335,128,1.6396612315747712,0.0426943521318823,20,-0.25720488679824816,86.44053555983919,-13.55946444016081,FALSE,Low
region,Kangaroo Island,shannon_diversity,M1 fish Shannon diversity,period_split,Bloom 2026-02,by_status,Fished,1.9449936735942528,0.03874981699683766,60,1.6904204846502293,0.05603154287861383,12,-0.2545731889440235,86.91136159463261,-13.08863840536739,FALSE,Low
region,Kangaroo Island,shannon_diversity,M1 fish Shannon diversity,period_split,Bloom 2026-02,by_status,No-take,1.854400628471931,0.03992734426089484,68,1.5635223519615837,0.05990370443330599,8,-0.29087827651034726,84.31416210476385,-15.685837895236148,FALSE,Low
region,Kangaroo Island,shannon_diversity,M1 fish Shannon diversity,period_split,Bloom 2026-02,overall,Overall,1.8968661183730193,0.028104733333153335,128,1.6396612315747712,0.0426943521318823,20,-0.25720488679824816,86.44053555983919,-13.55946444016081,FALSE,Low
region,Kangaroo Island,shannon_diversity,M2 fish Shannon diversity,period,Bloom,by_status,Fished,0.21209545922396664,0.036300810446814644,60,0.2633203371563942,0.08675534651726441,12,0.051224877932427554,124.15180321156029,24.151803211560292,FALSE,Low
region,Kangaroo Island,shannon_diversity,M2 fish Shannon diversity,period,Bloom,by_status,No-take,0.23235560130849262,0.03540746839784215,68,0.1462093512136225,0.06384336861823339,8,-0.08614625009487012,62.92482315479197,-37.07517684520803,FALSE,Medium
region,Kangaroo Island,shannon_diversity,M2 fish Shannon diversity,period,Bloom,overall,Overall,0.22285865970637106,0.025281049389476274,128,0.21647594277928553,0.058209767184900195,20,-0.00638271692708553,97.13597984682528,-2.864020153174721,FALSE,Low
region,Kangaroo Island,shannon_diversity,M2 fish Shannon diversity,period_split,Bloom 2026-02,by_status,Fished,0.21209545922396664,0.036300810446814644,60,0.2633203371563942,0.08675534651726441,12,0.051224877932427554,124.15180321156029,24.151803211560292,FALSE,Low
region,Kangaroo Island,shannon_diversity,M2 fish Shannon diversity,period_split,Bloom 2026-02,by_status,No-take,0.23235560130849262,0.03540746839784215,68,0.1462093512136225,0.06384336861823339,8,-0.08614625009487012,62.92482315479197,-37.07517684520803,FALSE,Medium
region,Kangaroo Island,shannon_diversity,M2 fish Shannon diversity,period_split,Bloom 2026-02,overall,Overall,0.22285865970637106,0.025281049389476274,128,0.21647594277928553,0.058209767184900195,20,-0.00638271692708553,97.13597984682528,-2.864020153174721,FALSE,Low
region,Kangaroo Island,shannon_diversity,M2 invertebrate Shannon diversity,period,Bloom,by_status,Fished,1.1792802738732362,0.05865604181525692,60,1.41254660417324,0.07116232015444085,12,0.23326633030000377,119.780397880638,19.780397880638006,FALSE,Low
region,Kangaroo Island,shannon_diversity,M2 invertebrate Shannon diversity,period,Bloom,by_status,No-take,1.0493755984685789,0.04035512778080302,68,1.525226179795365,0.10445270442470427,8,0.47585058132678615,145.34606884524717,45.346068845247174,FALSE,Low
region,Kangaroo Island,shannon_diversity,M2 invertebrate Shannon diversity,period,Bloom,overall,Overall,1.110268415064512,0.03519576677919113,128,1.45761843442209,0.05939126909961085,20,0.34735001935757803,131.28522928731564,31.285229287315644,FALSE,Low
region,Kangaroo Island,shannon_diversity,M2 invertebrate Shannon diversity,period_split,Bloom 2026-02,by_status,Fished,1.1792802738732362,0.05865604181525692,60,1.41254660417324,0.07116232015444085,12,0.23326633030000377,119.780397880638,19.780397880638006,FALSE,Low
region,Kangaroo Island,shannon_diversity,M2 invertebrate Shannon diversity,period_split,Bloom 2026-02,by_status,No-take,1.0493755984685789,0.04035512778080302,68,1.525226179795365,0.10445270442470427,8,0.47585058132678615,145.34606884524717,45.346068845247174,FALSE,Low
region,Kangaroo Island,shannon_diversity,M2 invertebrate Shannon diversity,period_split,Bloom 2026-02,overall,Overall,1.110268415064512,0.03519576677919113,128,1.45761843442209,0.05939126909961085,20,0.34735001935757803,131.28522928731564,31.285229287315644,FALSE,Low
region,Kangaroo Island,simpson_diversity,M1 fish Simpson diversity,period,Bloom,by_status,Fished,5.578487090712452,0.22176809485751095,60,4.271263405648361,0.30595790623023955,12,-1.3072236850640904,76.56669875170152,-23.433301248298477,FALSE,Medium
region,Kangaroo Island,simpson_diversity,M1 fish Simpson diversity,period,Bloom,by_status,No-take,4.900722462398353,0.20278864489008888,68,3.3685042444011715,0.1855039783579026,8,-1.532218217997182,68.73485022354575,-31.26514977645425,FALSE,Medium
region,Kangaroo Island,simpson_diversity,M1 fish Simpson diversity,period,Bloom,overall,Overall,5.218424631920588,0.15210562053322788,128,3.9101597411494855,0.21882150910272777,20,-1.308264890771102,74.92988817413257,-25.07011182586743,FALSE,Medium
region,Kangaroo Island,simpson_diversity,M1 fish Simpson diversity,period_split,Bloom 2026-02,by_status,Fished,5.578487090712452,0.22176809485751095,60,4.271263405648361,0.30595790623023955,12,-1.3072236850640904,76.56669875170152,-23.433301248298477,FALSE,Medium
region,Kangaroo Island,simpson_diversity,M1 fish Simpson diversity,period_split,Bloom 2026-02,by_status,No-take,4.900722462398353,0.20278864489008888,68,3.3685042444011715,0.1855039783579026,8,-1.532218217997182,68.73485022354575,-31.26514977645425,FALSE,Medium
region,Kangaroo Island,simpson_diversity,M1 fish Simpson diversity,period_split,Bloom 2026-02,overall,Overall,5.218424631920588,0.15210562053322788,128,3.9101597411494855,0.21882150910272777,20,-1.308264890771102,74.92988817413257,-25.07011182586743,FALSE,Medium
region,Kangaroo Island,simpson_diversity,M2 fish Simpson diversity,period,Bloom,by_status,Fished,1.0177277071889448,0.08097451215677097,60,1.1161453325246429,0.1772503283391879,12,0.09841762533569809,109.67032975917854,9.670329759178543,FALSE,Low
region,Kangaroo Island,simpson_diversity,M2 fish Simpson diversity,period,Bloom,by_status,No-take,1.1080218717651906,0.07376240413102149,68,0.8264267063926443,0.19063746746368782,8,-0.28159516537254636,74.58577555658383,-25.414224443416174,FALSE,Medium
region,Kangaroo Island,simpson_diversity,M2 fish Simpson diversity,period,Bloom,overall,Overall,1.0656964821200754,0.05448618526033053,128,1.0002578820718433,0.13164164588147642,20,-0.0654386000482321,93.85954620793625,-6.140453792063752,FALSE,Low
region,Kangaroo Island,simpson_diversity,M2 fish Simpson diversity,period_split,Bloom 2026-02,by_status,Fished,1.0177277071889448,0.08097451215677097,60,1.1161453325246429,0.1772503283391879,12,0.09841762533569809,109.67032975917854,9.670329759178543,FALSE,Low
region,Kangaroo Island,simpson_diversity,M2 fish Simpson diversity,period_split,Bloom 2026-02,by_status,No-take,1.1080218717651906,0.07376240413102149,68,0.8264267063926443,0.19063746746368782,8,-0.28159516537254636,74.58577555658383,-25.414224443416174,FALSE,Medium
region,Kangaroo Island,simpson_diversity,M2 fish Simpson diversity,period_split,Bloom 2026-02,overall,Overall,1.0656964821200754,0.05448618526033053,128,1.0002578820718433,0.13164164588147642,20,-0.0654386000482321,93.85954620793625,-6.140453792063752,FALSE,Low
region,Kangaroo Island,simpson_diversity,M2 invertebrate Simpson diversity,period,Bloom,by_status,Fished,3.2598081270716333,0.17302988781706427,60,3.5884754958996186,0.2887682192606985,12,0.3286673688279853,110.08241454760821,10.08241454760821,FALSE,Low
region,Kangaroo Island,simpson_diversity,M2 invertebrate Simpson diversity,period,Bloom,by_status,No-take,2.286275678816088,0.08621012513083025,68,4.277736827396462,0.4441997150214111,8,1.9914611485803744,187.1050314287392,87.10503142873921,FALSE,Low
region,Kangaroo Island,simpson_diversity,M2 invertebrate Simpson diversity,period,Bloom,overall,Overall,2.742619013935875,0.1022797265566717,128,3.8641800284983563,0.2530707956342908,20,1.1215610145624813,140.89379563342823,40.893795633428226,FALSE,Low
region,Kangaroo Island,simpson_diversity,M2 invertebrate Simpson diversity,period_split,Bloom 2026-02,by_status,Fished,3.2598081270716333,0.17302988781706427,60,3.5884754958996186,0.2887682192606985,12,0.3286673688279853,110.08241454760821,10.08241454760821,FALSE,Low
region,Kangaroo Island,simpson_diversity,M2 invertebrate Simpson diversity,period_split,Bloom 2026-02,by_status,No-take,2.286275678816088,0.08621012513083025,68,4.277736827396462,0.4441997150214111,8,1.9914611485803744,187.1050314287392,87.10503142873921,FALSE,Low
region,Kangaroo Island,simpson_diversity,M2 invertebrate Simpson diversity,period_split,Bloom 2026-02,overall,Overall,2.742619013935875,0.1022797265566717,128,3.8641800284983563,0.2530707956342908,20,1.1215610145624813,140.89379563342823,40.893795633428226,FALSE,Low
region,Kangaroo Island,species_richness,M1 fish species richness,period,Bloom,by_status,Fished,12.7,0.33869974036643985,60,9.666666666666666,0.216141554813441,12,-3.033333333333333,76.11548556430446,-23.884514435695536,FALSE,Medium
region,Kangaroo Island,species_richness,M1 fish species richness,period,Bloom,by_status,No-take,13.404411764705882,0.39116916791324596,68,10.4375,0.908479400662762,8,-2.9669117647058822,77.86615469007131,-22.133845309928688,FALSE,Medium
region,Kangaroo Island,species_richness,M1 fish species richness,period,Bloom,overall,Overall,13.07421875,0.2623716551954263,128,9.975,0.38126348121117387,20,-3.0992187500000004,76.29518972213923,-23.704810277860773,FALSE,Medium
region,Kangaroo Island,species_richness,M1 fish species richness,period_split,Bloom 2026-02,by_status,Fished,12.7,0.33869974036643985,60,9.666666666666666,0.216141554813441,12,-3.033333333333333,76.11548556430446,-23.884514435695536,FALSE,Medium
region,Kangaroo Island,species_richness,M1 fish species richness,period_split,Bloom 2026-02,by_status,No-take,13.404411764705882,0.39116916791324596,68,10.4375,0.908479400662762,8,-2.9669117647058822,77.86615469007131,-22.133845309928688,FALSE,Medium
region,Kangaroo Island,species_richness,M1 fish species richness,period_split,Bloom 2026-02,overall,Overall,13.07421875,0.2623716551954263,128,9.975,0.38126348121117387,20,-3.0992187500000004,76.29518972213923,-23.704810277860773,FALSE,Medium
region,Kangaroo Island,species_richness,M2 fish species richness,period,Bloom,by_status,Fished,1.2583333333333333,0.11972878170101076,60,1.3333333333333333,0.26352313834736496,12,0.07499999999999996,105.96026490066224,5.960264900662239,FALSE,Low
region,Kangaroo Island,species_richness,M2 fish species richness,period,Bloom,by_status,No-take,1.3970588235294117,0.12061392903855699,68,1.1875,0.32647330890682535,8,-0.2095588235294117,85.00000000000001,-14.999999999999986,FALSE,Low
region,Kangaroo Island,species_richness,M2 fish species richness,period,Bloom,overall,Overall,1.33203125,0.08506838953349441,128,1.275,0.20024655854852114,20,-0.05703125000000009,95.71847507331378,-4.281524926686217,FALSE,Low
region,Kangaroo Island,species_richness,M2 fish species richness,period_split,Bloom 2026-02,by_status,Fished,1.2583333333333333,0.11972878170101076,60,1.3333333333333333,0.26352313834736496,12,0.07499999999999996,105.96026490066224,5.960264900662239,FALSE,Low
region,Kangaroo Island,species_richness,M2 fish species richness,period_split,Bloom 2026-02,by_status,No-take,1.3970588235294117,0.12061392903855699,68,1.1875,0.32647330890682535,8,-0.2095588235294117,85.00000000000001,-14.999999999999986,FALSE,Low
region,Kangaroo Island,species_richness,M2 fish species richness,period_split,Bloom 2026-02,overall,Overall,1.33203125,0.08506838953349441,128,1.275,0.20024655854852114,20,-0.05703125000000009,95.71847507331378,-4.281524926686217,FALSE,Low
region,Kangaroo Island,species_richness,M2 invertebrate species richness,period,Bloom,by_status,Fished,4.716666666666667,0.27931682865901236,60,5.75,0.3667011003115439,12,1.0333333333333332,121.90812720848056,21.908127208480565,FALSE,Low
region,Kangaroo Island,species_richness,M2 invertebrate species richness,period,Bloom,by_status,No-take,5.485294117647059,0.23865169172743156,68,6.1875,0.6542273250615132,8,0.7022058823529411,112.80160857908848,12.80160857908848,FALSE,Low
region,Kangaroo Island,species_richness,M2 invertebrate species richness,period,Bloom,overall,Overall,5.125,0.18469023331910261,128,5.925,0.3349685766880545,20,0.7999999999999998,115.60975609756096,15.609756097560961,FALSE,Low
region,Kangaroo Island,species_richness,M2 invertebrate species richness,period_split,Bloom 2026-02,by_status,Fished,4.716666666666667,0.27931682865901236,60,5.75,0.3667011003115439,12,1.0333333333333332,121.90812720848056,21.908127208480565,FALSE,Low
region,Kangaroo Island,species_richness,M2 invertebrate species richness,period_split,Bloom 2026-02,by_status,No-take,5.485294117647059,0.23865169172743156,68,6.1875,0.6542273250615132,8,0.7022058823529411,112.80160857908848,12.80160857908848,FALSE,Low
region,Kangaroo Island,species_richness,M2 invertebrate species richness,period_split,Bloom 2026-02,overall,Overall,5.125,0.18469023331910261,128,5.925,0.3349685766880545,20,0.7999999999999998,115.60975609756096,15.609756097560961,FALSE,Low
region,Kangaroo Island,total_abundance,M1 fish total abundance,period,Bloom,by_status,Fished,88.725,8.24563251112215,60,58.291666666666664,6.724688325923224,12,-30.43333333333333,65.69925800695032,-34.300741993049684,FALSE,Medium
region,Kangaroo Island,total_abundance,M1 fish total abundance,period,Bloom,by_status,No-take,101.19117647058823,10.120569405378703,68,82.3125,13.179372918910605,8,-18.878676470588232,81.34355471588432,-18.656445284115676,FALSE,Low
region,Kangaroo Island,total_abundance,M1 fish total abundance,period,Bloom,overall,Overall,95.34765625,6.619455595289282,128,67.9,6.97095477867385,20,-27.447656249999994,71.21307714367651,-28.786922856323486,FALSE,Medium
region,Kangaroo Island,total_abundance,M1 fish total abundance,period_split,Bloom 2026-02,by_status,Fished,88.725,8.24563251112215,60,58.291666666666664,6.724688325923224,12,-30.43333333333333,65.69925800695032,-34.300741993049684,FALSE,Medium
region,Kangaroo Island,total_abundance,M1 fish total abundance,period_split,Bloom 2026-02,by_status,No-take,101.19117647058823,10.120569405378703,68,82.3125,13.179372918910605,8,-18.878676470588232,81.34355471588432,-18.656445284115676,FALSE,Low
region,Kangaroo Island,total_abundance,M1 fish total abundance,period_split,Bloom 2026-02,overall,Overall,95.34765625,6.619455595289282,128,67.9,6.97095477867385,20,-27.447656249999994,71.21307714367651,-28.786922856323486,FALSE,Medium
region,Kangaroo Island,total_abundance,M2 fish total abundance,period,Bloom,by_status,Fished,9.95,1.9035240883167883,60,2.8333333333333335,1.0468808890984667,12,-7.116666666666665,28.475711892797325,-71.52428810720268,FALSE,High
region,Kangaroo Island,total_abundance,M2 fish total abundance,period,Bloom,by_status,No-take,9.345588235294118,3.1470274126007856,68,7.1875,3.9130476567869334,8,-2.1580882352941178,76.90794649881983,-23.092053501180175,FALSE,Medium
region,Kangaroo Island,total_abundance,M2 fish total abundance,period,Bloom,overall,Overall,9.62890625,1.8882426552819078,128,4.575,1.6960771301974882,20,-5.05390625,47.513184584178504,-52.486815415821496,FALSE,High
region,Kangaroo Island,total_abundance,M2 fish total abundance,period_split,Bloom 2026-02,by_status,Fished,9.95,1.9035240883167883,60,2.8333333333333335,1.0468808890984667,12,-7.116666666666665,28.475711892797325,-71.52428810720268,FALSE,High
region,Kangaroo Island,total_abundance,M2 fish total abundance,period_split,Bloom 2026-02,by_status,No-take,9.345588235294118,3.1470274126007856,68,7.1875,3.9130476567869334,8,-2.1580882352941178,76.90794649881983,-23.092053501180175,FALSE,Medium
region,Kangaroo Island,total_abundance,M2 fish total abundance,period_split,Bloom 2026-02,overall,Overall,9.62890625,1.8882426552819078,128,4.575,1.6960771301974882,20,-5.05390625,47.513184584178504,-52.486815415821496,FALSE,High
region,Kangaroo Island,total_abundance,M2 invertebrate total abundance,period,Bloom,by_status,Fished,10.758333333333333,1.0638839718039714,60,15.791666666666666,0.9543725793431097,12,5.033333333333333,146.78543764523627,46.78543764523627,FALSE,Low
region,Kangaroo Island,total_abundance,M2 invertebrate total abundance,period,Bloom,by_status,No-take,26.46323529411765,1.9202526085971743,68,14.9375,1.8430310341546454,8,-11.525735294117649,56.446235065295916,-43.553764934704084,FALSE,Medium
region,Kangaroo Island,total_abundance,M2 invertebrate total abundance,period,Bloom,overall,Overall,19.1015625,1.32798513477294,128,15.45,0.9089467589063266,20,-3.6515625000000007,80.88343558282209,-19.116564417177912,FALSE,Low
region,Kangaroo Island,total_abundance,M2 invertebrate total abundance,period_split,Bloom 2026-02,by_status,Fished,10.758333333333333,1.0638839718039714,60,15.791666666666666,0.9543725793431097,12,5.033333333333333,146.78543764523627,46.78543764523627,FALSE,Low
region,Kangaroo Island,total_abundance,M2 invertebrate total abundance,period_split,Bloom 2026-02,by_status,No-take,26.46323529411765,1.9202526085971743,68,14.9375,1.8430310341546454,8,-11.525735294117649,56.446235065295916,-43.553764934704084,FALSE,Medium
region,Kangaroo Island,total_abundance,M2 invertebrate total abundance,period_split,Bloom 2026-02,overall,Overall,19.1015625,1.32798513477294,128,15.45,0.9089467589063266,20,-3.6515625000000007,80.88343558282209,-19.116564417177912,FALSE,Low
region,South Coast,b20,M1 fish B20 biomass,period,Bloom,by_status,Fished,4.919822044817086,0.3424720281481298,204,5.260605199252792,0.668007626436668,56,0.34078315443570606,106.92673741715339,6.92673741715339,FALSE,Low
region,South Coast,b20,M1 fish B20 biomass,period,Bloom,by_status,No-take,1.3851194552025237,0.2135079472664214,14,1.0947023749995042,0.4440099597522632,8,-0.2904170802030195,79.03306612926345,-20.966933870736554,FALSE,Medium
region,South Coast,b20,M1 fish B20 biomass,period,Bloom,overall,Overall,4.692822795942757,0.32605127322677047,218,4.739867346221131,0.6113437900183122,64,0.04704455027837451,101.00247872813452,1.0024787281345198,FALSE,Low
region,South Coast,b20,M1 fish B20 biomass,period_split,Bloom 2025-06,by_status,Fished,4.919822044817086,0.3424720281481298,204,6.642856389829242,1.7754940023032668,12,1.723034345012156,135.0222900201712,35.0222900201712,FALSE,Low
region,South Coast,b20,M1 fish B20 biomass,period_split,Bloom 2025-06,overall,Overall,4.692822795942757,0.32605127322677047,218,6.642856389829242,1.7754940023032668,12,1.9500335938864852,141.55353139633598,41.553531396335984,FALSE,Low
region,South Coast,b20,M1 fish B20 biomass,period_split,Bloom 2026-02,by_status,Fished,4.919822044817086,0.3424720281481298,204,1.3248865735093116,0.38098124981326265,12,-3.5949354713077746,26.929562928095084,-73.07043707190492,FALSE,High
region,South Coast,b20,M1 fish B20 biomass,period_split,Bloom 2026-02,by_status,No-take,1.3851194552025237,0.2135079472664214,14,2.1894047499990084,0.3479852685434537,4,0.8042852947964847,158.0661322585269,58.06613225852689,FALSE,Low
region,South Coast,b20,M1 fish B20 biomass,period_split,Bloom 2026-02,overall,Overall,4.692822795942757,0.32605127322677047,218,1.5410161176317358,0.3085899792844511,16,-3.151806678311021,32.837722297207605,-67.1622777027924,FALSE,High
region,South Coast,b20,M1 fish B20 biomass,period_split,Bloom 2026-05,by_status,Fished,4.919822044817086,0.3424720281481298,204,6.218155487440428,0.8406153174771046,32,1.298333442623342,126.38984562441857,26.38984562441857,FALSE,Low
region,South Coast,b20,M1 fish B20 biomass,period_split,Bloom 2026-05,by_status,No-take,1.3851194552025237,0.2135079472664214,14,0,0,4,-1.3851194552025237,0,-100,FALSE,High
region,South Coast,b20,M1 fish B20 biomass,period_split,Bloom 2026-05,overall,Overall,4.692822795942757,0.32605127322677047,218,5.527249322169269,0.8157469174008417,36,0.8344265262265127,117.78090847470158,17.780908474701576,FALSE,Low
region,South Coast,b20,M2 fish B20 biomass,period,Bloom,by_status,Fished,0.05455598997380982,0.026386970190602488,208,0,0,56,-0.05455598997380982,0,-100,FALSE,High
region,South Coast,b20,M2 fish B20 biomass,period,Bloom,by_status,No-take,0.016239487804179054,0.010299016436632618,24,0,0,8,-0.016239487804179054,0,-100,FALSE,High
region,South Coast,b20,M2 fish B20 biomass,period,Bloom,overall,Overall,0.05059221388729629,0.023686905723502773,232,0,0,64,-0.05059221388729629,0,-100,FALSE,High
region,South Coast,b20,M2 fish B20 biomass,period_split,Bloom 2025-06,by_status,Fished,0.05455598997380982,0.026386970190602488,208,0,0,12,-0.05455598997380982,0,-100,FALSE,High
region,South Coast,b20,M2 fish B20 biomass,period_split,Bloom 2025-06,overall,Overall,0.05059221388729629,0.023686905723502773,232,0,0,12,-0.05059221388729629,0,-100,FALSE,High
region,South Coast,b20,M2 fish B20 biomass,period_split,Bloom 2026-02,by_status,Fished,0.05455598997380982,0.026386970190602488,208,0,0,12,-0.05455598997380982,0,-100,FALSE,High
region,South Coast,b20,M2 fish B20 biomass,period_split,Bloom 2026-02,by_status,No-take,0.016239487804179054,0.010299016436632618,24,0,0,4,-0.016239487804179054,0,-100,FALSE,High
region,South Coast,b20,M2 fish B20 biomass,period_split,Bloom 2026-02,overall,Overall,0.05059221388729629,0.023686905723502773,232,0,0,16,-0.05059221388729629,0,-100,FALSE,High
region,South Coast,b20,M2 fish B20 biomass,period_split,Bloom 2026-05,by_status,Fished,0.05455598997380982,0.026386970190602488,208,0,0,32,-0.05455598997380982,0,-100,FALSE,High
region,South Coast,b20,M2 fish B20 biomass,period_split,Bloom 2026-05,by_status,No-take,0.016239487804179054,0.010299016436632618,24,0,0,4,-0.016239487804179054,0,-100,FALSE,High
region,South Coast,b20,M2 fish B20 biomass,period_split,Bloom 2026-05,overall,Overall,0.05059221388729629,0.023686905723502773,232,0,0,36,-0.05059221388729629,0,-100,FALSE,High
region,South Coast,invert_phylum_abundance,M2 invertebrate Arthropoda abundance,period,Bloom,by_status,Fished,3.0240384615384617,0.24364268296118333,208,6.5,0.7232233044170715,56,3.4759615384615383,214.9443561208267,114.94435612082671,FALSE,Low
region,South Coast,invert_phylum_abundance,M2 invertebrate Arthropoda abundance,period,Bloom,by_status,No-take,3.0833333333333335,0.493312768862418,24,4.75,0.9682458365518541,8,1.6666666666666665,154.05405405405406,54.05405405405406,FALSE,Low
region,South Coast,invert_phylum_abundance,M2 invertebrate Arthropoda abundance,period,Bloom,overall,Overall,3.0301724137931036,0.2240523321683392,232,6.28125,0.6464450827716787,64,3.2510775862068964,207.29018492176388,107.29018492176388,FALSE,Low
region,South Coast,invert_phylum_abundance,M2 invertebrate Arthropoda abundance,period_split,Bloom 2025-06,by_status,Fished,3.0240384615384617,0.24364268296118333,208,3.1666666666666665,0.45781651302236753,12,0.14262820512820484,104.71648118706942,4.716481187069419,FALSE,Low
region,South Coast,invert_phylum_abundance,M2 invertebrate Arthropoda abundance,period_split,Bloom 2025-06,overall,Overall,3.0301724137931036,0.2240523321683392,232,3.1666666666666665,0.45781651302236753,12,0.13649425287356287,104.5045045045045,4.504504504504496,FALSE,Low
region,South Coast,invert_phylum_abundance,M2 invertebrate Arthropoda abundance,period_split,Bloom 2026-02,by_status,Fished,3.0240384615384617,0.24364268296118333,208,5.291666666666667,1.8334624610172952,12,2.2676282051282053,174.9867514573397,74.9867514573397,FALSE,Low
region,South Coast,invert_phylum_abundance,M2 invertebrate Arthropoda abundance,period_split,Bloom 2026-02,by_status,No-take,3.0833333333333335,0.493312768862418,24,6,1.7440374613713625,4,2.9166666666666665,194.59459459459458,94.59459459459458,FALSE,Low
region,South Coast,invert_phylum_abundance,M2 invertebrate Arthropoda abundance,period_split,Bloom 2026-02,overall,Overall,3.0301724137931036,0.2240523321683392,232,5.46875,1.416766234246144,16,2.4385775862068964,180.4765291607397,80.47652916073969,FALSE,Low
region,South Coast,invert_phylum_abundance,M2 invertebrate Arthropoda abundance,period_split,Bloom 2026-05,by_status,Fished,3.0240384615384617,0.24364268296118333,208,8.203125,0.9503446358639177,32,5.179086538461538,271.2639109697933,171.2639109697933,FALSE,Low
region,South Coast,invert_phylum_abundance,M2 invertebrate Arthropoda abundance,period_split,Bloom 2026-05,by_status,No-take,3.0833333333333335,0.493312768862418,24,3.5,0.5400617248673217,4,0.4166666666666665,113.51351351351352,13.513513513513516,FALSE,Low
region,South Coast,invert_phylum_abundance,M2 invertebrate Arthropoda abundance,period_split,Bloom 2026-05,overall,Overall,3.0301724137931036,0.2240523321683392,232,7.680555555555555,0.8810511348910284,36,4.650383141762452,253.4692587324166,153.4692587324166,FALSE,Low
region,South Coast,invert_phylum_abundance,M2 invertebrate Chordata abundance,period,Bloom,by_status,Fished,2.5048076923076925,0.5876274341007047,208,0,0,56,-2.5048076923076925,0,-100,FALSE,High
region,South Coast,invert_phylum_abundance,M2 invertebrate Chordata abundance,period,Bloom,by_status,No-take,6.895833333333333,3.248045561534931,24,0,0,8,-6.895833333333333,0,-100,FALSE,High
region,South Coast,invert_phylum_abundance,M2 invertebrate Chordata abundance,period,Bloom,overall,Overall,2.959051724137931,0.6275546534759585,232,0,0,64,-2.959051724137931,0,-100,FALSE,High
region,South Coast,invert_phylum_abundance,M2 invertebrate Chordata abundance,period_split,Bloom 2025-06,by_status,Fished,2.5048076923076925,0.5876274341007047,208,0,0,12,-2.5048076923076925,0,-100,FALSE,High
region,South Coast,invert_phylum_abundance,M2 invertebrate Chordata abundance,period_split,Bloom 2025-06,overall,Overall,2.959051724137931,0.6275546534759585,232,0,0,12,-2.959051724137931,0,-100,FALSE,High
region,South Coast,invert_phylum_abundance,M2 invertebrate Chordata abundance,period_split,Bloom 2026-02,by_status,Fished,2.5048076923076925,0.5876274341007047,208,0,0,12,-2.5048076923076925,0,-100,FALSE,High
region,South Coast,invert_phylum_abundance,M2 invertebrate Chordata abundance,period_split,Bloom 2026-02,by_status,No-take,6.895833333333333,3.248045561534931,24,0,0,4,-6.895833333333333,0,-100,FALSE,High
region,South Coast,invert_phylum_abundance,M2 invertebrate Chordata abundance,period_split,Bloom 2026-02,overall,Overall,2.959051724137931,0.6275546534759585,232,0,0,16,-2.959051724137931,0,-100,FALSE,High
region,South Coast,invert_phylum_abundance,M2 invertebrate Chordata abundance,period_split,Bloom 2026-05,by_status,Fished,2.5048076923076925,0.5876274341007047,208,0,0,32,-2.5048076923076925,0,-100,FALSE,High
region,South Coast,invert_phylum_abundance,M2 invertebrate Chordata abundance,period_split,Bloom 2026-05,by_status,No-take,6.895833333333333,3.248045561534931,24,0,0,4,-6.895833333333333,0,-100,FALSE,High
region,South Coast,invert_phylum_abundance,M2 invertebrate Chordata abundance,period_split,Bloom 2026-05,overall,Overall,2.959051724137931,0.6275546534759585,232,0,0,36,-2.959051724137931,0,-100,FALSE,High
region,South Coast,invert_phylum_abundance,M2 invertebrate Cnidaria abundance,period,Bloom,by_status,Fished,0.002403846153846154,0.002403846153846154,208,0,0,56,-0.002403846153846154,0,-100,FALSE,High
region,South Coast,invert_phylum_abundance,M2 invertebrate Cnidaria abundance,period,Bloom,by_status,No-take,0,0,24,0,0,8,0,NA,NA,TRUE,Undefined - pre-bloom zero
region,South Coast,invert_phylum_abundance,M2 invertebrate Cnidaria abundance,period,Bloom,overall,Overall,0.0021551724137931034,0.002155172413793103,232,0,0,64,-0.0021551724137931034,0,-100,FALSE,High
region,South Coast,invert_phylum_abundance,M2 invertebrate Cnidaria abundance,period_split,Bloom 2025-06,by_status,Fished,0.002403846153846154,0.002403846153846154,208,0,0,12,-0.002403846153846154,0,-100,FALSE,High
region,South Coast,invert_phylum_abundance,M2 invertebrate Cnidaria abundance,period_split,Bloom 2025-06,overall,Overall,0.0021551724137931034,0.002155172413793103,232,0,0,12,-0.0021551724137931034,0,-100,FALSE,High
region,South Coast,invert_phylum_abundance,M2 invertebrate Cnidaria abundance,period_split,Bloom 2026-02,by_status,Fished,0.002403846153846154,0.002403846153846154,208,0,0,12,-0.002403846153846154,0,-100,FALSE,High
region,South Coast,invert_phylum_abundance,M2 invertebrate Cnidaria abundance,period_split,Bloom 2026-02,by_status,No-take,0,0,24,0,0,4,0,NA,NA,TRUE,Undefined - pre-bloom zero
region,South Coast,invert_phylum_abundance,M2 invertebrate Cnidaria abundance,period_split,Bloom 2026-02,overall,Overall,0.0021551724137931034,0.002155172413793103,232,0,0,16,-0.0021551724137931034,0,-100,FALSE,High
region,South Coast,invert_phylum_abundance,M2 invertebrate Cnidaria abundance,period_split,Bloom 2026-05,by_status,Fished,0.002403846153846154,0.002403846153846154,208,0,0,32,-0.002403846153846154,0,-100,FALSE,High
region,South Coast,invert_phylum_abundance,M2 invertebrate Cnidaria abundance,period_split,Bloom 2026-05,by_status,No-take,0,0,24,0,0,4,0,NA,NA,TRUE,Undefined - pre-bloom zero
region,South Coast,invert_phylum_abundance,M2 invertebrate Cnidaria abundance,period_split,Bloom 2026-05,overall,Overall,0.0021551724137931034,0.002155172413793103,232,0,0,36,-0.0021551724137931034,0,-100,FALSE,High
region,South Coast,invert_phylum_abundance,M2 invertebrate Echinodermata abundance,period,Bloom,by_status,Fished,27.63221153846154,1.6780278474634969,208,1.8571428571428572,0.2446552987641144,56,-25.775068681318682,6.72093456782452,-93.27906543217549,FALSE,High
region,South Coast,invert_phylum_abundance,M2 invertebrate Echinodermata abundance,period,Bloom,by_status,No-take,18.25,1.8491576617398027,24,4.9375,2.0989740265867307,8,-13.3125,27.054794520547947,-72.94520547945206,FALSE,High
region,South Coast,invert_phylum_abundance,M2 invertebrate Echinodermata abundance,period,Bloom,overall,Overall,26.661637931034484,1.527340085673069,232,2.2421875,0.3512647548693049,64,-24.419450431034484,8.409789022714412,-91.5902109772856,FALSE,High
region,South Coast,invert_phylum_abundance,M2 invertebrate Echinodermata abundance,period_split,Bloom 2025-06,by_status,Fished,27.63221153846154,1.6780278474634969,208,2.4583333333333335,0.4979440052086503,12,-25.173878205128208,8.896621719588227,-91.10337828041177,FALSE,High
region,South Coast,invert_phylum_abundance,M2 invertebrate Echinodermata abundance,period_split,Bloom 2025-06,overall,Overall,26.661637931034484,1.527340085673069,232,2.4583333333333335,0.4979440052086503,12,-24.203304597701152,9.220488777517312,-90.77951122248268,FALSE,High
region,South Coast,invert_phylum_abundance,M2 invertebrate Echinodermata abundance,period_split,Bloom 2026-02,by_status,Fished,27.63221153846154,1.6780278474634969,208,2.125,0.4527901714855783,12,-25.50721153846154,7.690300130491518,-92.30969986950848,FALSE,High
region,South Coast,invert_phylum_abundance,M2 invertebrate Echinodermata abundance,period_split,Bloom 2026-02,by_status,No-take,18.25,1.8491576617398027,24,9.125,2.967708150520645,4,-9.125,50,-50,FALSE,Medium
region,South Coast,invert_phylum_abundance,M2 invertebrate Echinodermata abundance,period_split,Bloom 2026-02,overall,Overall,26.661637931034484,1.527340085673069,232,3.875,1.079641144084459,16,-22.786637931034484,14.533990784900169,-85.46600921509983,FALSE,High
region,South Coast,invert_phylum_abundance,M2 invertebrate Echinodermata abundance,period_split,Bloom 2026-05,by_status,Fished,27.63221153846154,1.6780278474634969,208,1.53125,0.34191224291452144,32,-26.10096153846154,5.541539799913005,-94.45846020008699,FALSE,High
region,South Coast,invert_phylum_abundance,M2 invertebrate Echinodermata abundance,period_split,Bloom 2026-05,by_status,No-take,18.25,1.8491576617398027,24,0.75,0.25,4,-17.5,4.10958904109589,-95.89041095890411,FALSE,High
region,South Coast,invert_phylum_abundance,M2 invertebrate Echinodermata abundance,period_split,Bloom 2026-05,overall,Overall,26.661637931034484,1.527340085673069,232,1.4444444444444444,0.3071746425454544,36,-25.21719348659004,5.4176883212531095,-94.58231167874689,FALSE,High
region,South Coast,invert_phylum_abundance,M2 invertebrate Mollusca abundance,period,Bloom,by_status,Fished,16.451923076923077,0.7732900489374025,208,9.214285714285714,0.9341863206195289,56,-7.237637362637363,56.00734741588044,-43.99265258411956,FALSE,Medium
region,South Coast,invert_phylum_abundance,M2 invertebrate Mollusca abundance,period,Bloom,by_status,No-take,11.354166666666666,2.1139373522474725,24,6.1875,1.1137833689084886,8,-5.166666666666666,54.49541284403669,-45.50458715596331,FALSE,Medium
region,South Coast,invert_phylum_abundance,M2 invertebrate Mollusca abundance,period,Bloom,overall,Overall,15.924568965517242,0.7327204088760803,232,8.8359375,0.8365306733158764,64,-7.088631465517242,55.486195696305316,-44.513804303694684,FALSE,Medium
region,South Coast,invert_phylum_abundance,M2 invertebrate Mollusca abundance,period_split,Bloom 2025-06,by_status,Fished,16.451923076923077,0.7732900489374025,208,8.75,2.7855824699638134,12,-7.701923076923077,53.18527177089422,-46.81472822910578,FALSE,Medium
region,South Coast,invert_phylum_abundance,M2 invertebrate Mollusca abundance,period_split,Bloom 2025-06,overall,Overall,15.924568965517242,0.7327204088760803,232,8.75,2.7855824699638134,12,-7.174568965517242,54.946542157260794,-45.053457842739206,FALSE,Medium
region,South Coast,invert_phylum_abundance,M2 invertebrate Mollusca abundance,period_split,Bloom 2026-02,by_status,Fished,16.451923076923077,0.7732900489374025,208,4.625,0.8508574106942557,12,-11.826923076923077,28.112215078901226,-71.88778492109877,FALSE,High
region,South Coast,invert_phylum_abundance,M2 invertebrate Mollusca abundance,period_split,Bloom 2026-02,by_status,No-take,11.354166666666666,2.1139373522474725,24,5,1,4,-6.354166666666666,44.03669724770643,-55.96330275229357,FALSE,High
region,South Coast,invert_phylum_abundance,M2 invertebrate Mollusca abundance,period_split,Bloom 2026-02,overall,Overall,15.924568965517242,0.7327204088760803,232,4.71875,0.6707718657139201,16,-11.205818965517242,29.631885234808497,-70.3681147651915,FALSE,High
region,South Coast,invert_phylum_abundance,M2 invertebrate Mollusca abundance,period_split,Bloom 2026-05,by_status,Fished,16.451923076923077,0.7732900489374025,208,11.109375,1.0988755192259185,32,-5.342548076923077,67.52630040911748,-32.47369959088252,FALSE,Medium
region,South Coast,invert_phylum_abundance,M2 invertebrate Mollusca abundance,period_split,Bloom 2026-05,by_status,No-take,11.354166666666666,2.1139373522474725,24,7.375,1.961876227832259,4,-3.979166666666666,64.95412844036697,-35.04587155963303,FALSE,Medium
region,South Coast,invert_phylum_abundance,M2 invertebrate Mollusca abundance,period_split,Bloom 2026-05,overall,Overall,15.924568965517242,0.7327204088760803,232,10.694444444444445,1.0132608404868895,36,-5.230124521072797,67.15688485887429,-32.84311514112571,FALSE,Medium
region,South Coast,invert_phylum_abundance,M2 invertebrate Platyhelminthes abundance,period,Bloom,by_status,Fished,0,0,208,0,0,56,0,NA,NA,TRUE,Undefined - pre-bloom zero
region,South Coast,invert_phylum_abundance,M2 invertebrate Platyhelminthes abundance,period,Bloom,by_status,No-take,0,0,24,0,0,8,0,NA,NA,TRUE,Undefined - pre-bloom zero
region,South Coast,invert_phylum_abundance,M2 invertebrate Platyhelminthes abundance,period,Bloom,overall,Overall,0,0,232,0,0,64,0,NA,NA,TRUE,Undefined - pre-bloom zero
region,South Coast,invert_phylum_abundance,M2 invertebrate Platyhelminthes abundance,period_split,Bloom 2025-06,by_status,Fished,0,0,208,0,0,12,0,NA,NA,TRUE,Undefined - pre-bloom zero
region,South Coast,invert_phylum_abundance,M2 invertebrate Platyhelminthes abundance,period_split,Bloom 2025-06,overall,Overall,0,0,232,0,0,12,0,NA,NA,TRUE,Undefined - pre-bloom zero
region,South Coast,invert_phylum_abundance,M2 invertebrate Platyhelminthes abundance,period_split,Bloom 2026-02,by_status,Fished,0,0,208,0,0,12,0,NA,NA,TRUE,Undefined - pre-bloom zero
region,South Coast,invert_phylum_abundance,M2 invertebrate Platyhelminthes abundance,period_split,Bloom 2026-02,by_status,No-take,0,0,24,0,0,4,0,NA,NA,TRUE,Undefined - pre-bloom zero
region,South Coast,invert_phylum_abundance,M2 invertebrate Platyhelminthes abundance,period_split,Bloom 2026-02,overall,Overall,0,0,232,0,0,16,0,NA,NA,TRUE,Undefined - pre-bloom zero
region,South Coast,invert_phylum_abundance,M2 invertebrate Platyhelminthes abundance,period_split,Bloom 2026-05,by_status,Fished,0,0,208,0,0,32,0,NA,NA,TRUE,Undefined - pre-bloom zero
region,South Coast,invert_phylum_abundance,M2 invertebrate Platyhelminthes abundance,period_split,Bloom 2026-05,by_status,No-take,0,0,24,0,0,4,0,NA,NA,TRUE,Undefined - pre-bloom zero
region,South Coast,invert_phylum_abundance,M2 invertebrate Platyhelminthes abundance,period_split,Bloom 2026-05,overall,Overall,0,0,232,0,0,36,0,NA,NA,TRUE,Undefined - pre-bloom zero
region,South Coast,invert_phylum_richness,M2 invertebrate Arthropoda species richness,period,Bloom,by_status,Fished,1.3028846153846154,0.06235690963685255,208,1.6696428571428572,0.09642706829035277,56,0.3667582417582418,128.14971006852926,28.14971006852926,FALSE,Low
region,South Coast,invert_phylum_richness,M2 invertebrate Arthropoda species richness,period,Bloom,by_status,No-take,1.375,0.15710815069401318,24,1.4375,0.1132908708968707,8,0.0625,104.54545454545455,4.545454545454547,FALSE,Low
region,South Coast,invert_phylum_richness,M2 invertebrate Arthropoda species richness,period,Bloom,overall,Overall,1.3103448275862069,0.05814004812997085,232,1.640625,0.08587547364763905,64,0.33028017241379315,125.20559210526316,25.205592105263165,FALSE,Low
region,South Coast,invert_phylum_richness,M2 invertebrate Arthropoda species richness,period_split,Bloom 2025-06,by_status,Fished,1.3028846153846154,0.06235690963685255,208,1.5416666666666667,0.1680811191843469,12,0.23878205128205132,118.32718327183271,18.32718327183271,FALSE,Low
region,South Coast,invert_phylum_richness,M2 invertebrate Arthropoda species richness,period_split,Bloom 2025-06,overall,Overall,1.3103448275862069,0.05814004812997085,232,1.5416666666666667,0.1680811191843469,12,0.2313218390804599,117.65350877192984,17.653508771929836,FALSE,Low
region,South Coast,invert_phylum_richness,M2 invertebrate Arthropoda species richness,period_split,Bloom 2026-02,by_status,Fished,1.3028846153846154,0.06235690963685255,208,1.1666666666666667,0.22473328748774737,12,-0.13621794871794868,89.54489544895449,-10.455104551045508,FALSE,Low
region,South Coast,invert_phylum_richness,M2 invertebrate Arthropoda species richness,period_split,Bloom 2026-02,by_status,No-take,1.375,0.15710815069401318,24,1.5,0.2041241452319315,4,0.125,109.09090909090908,9.09090909090908,FALSE,Low
region,South Coast,invert_phylum_richness,M2 invertebrate Arthropoda species richness,period_split,Bloom 2026-02,overall,Overall,1.3103448275862069,0.05814004812997085,232,1.25,0.1767766952966369,16,-0.06034482758620685,95.39473684210526,-4.60526315789474,FALSE,Low
region,South Coast,invert_phylum_richness,M2 invertebrate Arthropoda species richness,period_split,Bloom 2026-05,by_status,Fished,1.3028846153846154,0.06235690963685255,208,1.90625,0.11543549204027609,32,0.6033653846153846,146.309963099631,46.309963099631005,FALSE,Low
region,South Coast,invert_phylum_richness,M2 invertebrate Arthropoda species richness,period_split,Bloom 2026-05,by_status,No-take,1.375,0.15710815069401318,24,1.375,0.125,4,0,100,0,FALSE,Low
region,South Coast,invert_phylum_richness,M2 invertebrate Arthropoda species richness,period_split,Bloom 2026-05,overall,Overall,1.3103448275862069,0.05814004812997085,232,1.8472222222222223,0.10694057919215766,36,0.5368773946360155,140.97222222222223,40.97222222222223,FALSE,Low
region,South Coast,invert_phylum_richness,M2 invertebrate Echinodermata species richness,period,Bloom,by_status,Fished,5.259615384615385,0.11843899545165992,208,1.1875,0.14558575149705086,56,-4.072115384615385,22.577696526508227,-77.42230347349178,FALSE,High
region,South Coast,invert_phylum_richness,M2 invertebrate Echinodermata species richness,period,Bloom,by_status,No-take,4.4375,0.2176798356981308,24,1.6875,0.4323678576001161,8,-2.75,38.028169014084504,-61.971830985915496,FALSE,High
region,South Coast,invert_phylum_richness,M2 invertebrate Echinodermata species richness,period,Bloom,overall,Overall,5.174568965517241,0.10967865138643028,232,1.25,0.1386406511768109,64,-3.924568965517241,24.156601416076636,-75.84339858392336,FALSE,High
region,South Coast,invert_phylum_richness,M2 invertebrate Echinodermata species richness,period_split,Bloom 2025-06,by_status,Fished,5.259615384615385,0.11843899545165992,208,1.7083333333333333,0.32250401297323167,12,-3.551282051282052,32.480195003046916,-67.51980499695308,FALSE,High
region,South Coast,invert_phylum_richness,M2 invertebrate Echinodermata species richness,period_split,Bloom 2025-06,overall,Overall,5.174568965517241,0.10967865138643028,232,1.7083333333333333,0.32250401297323167,12,-3.466235632183908,33.01402193530473,-66.98597806469527,FALSE,High
region,South Coast,invert_phylum_richness,M2 invertebrate Echinodermata species richness,period_split,Bloom 2026-02,by_status,Fished,5.259615384615385,0.11843899545165992,208,1.4583333333333333,0.2496841439041969,12,-3.801282051282052,27.726995734308346,-72.27300426569165,FALSE,High
region,South Coast,invert_phylum_richness,M2 invertebrate Echinodermata species richness,period_split,Bloom 2026-02,by_status,No-take,4.4375,0.2176798356981308,24,2.75,0.3227486121839514,4,-1.6875,61.97183098591549,-38.02816901408451,FALSE,Medium
region,South Coast,invert_phylum_richness,M2 invertebrate Echinodermata species richness,period_split,Bloom 2026-02,overall,Overall,5.174568965517241,0.10967865138643028,232,1.78125,0.24566555008791932,16,-3.393318965517241,34.423157017909205,-65.5768429820908,FALSE,High
region,South Coast,invert_phylum_richness,M2 invertebrate Echinodermata species richness,period_split,Bloom 2026-05,by_status,Fished,5.259615384615385,0.11843899545165992,208,0.890625,0.19146924366634263,32,-4.368990384615385,16.93327239488117,-83.06672760511883,FALSE,High
region,South Coast,invert_phylum_richness,M2 invertebrate Echinodermata species richness,period_split,Bloom 2026-05,by_status,No-take,4.4375,0.2176798356981308,24,0.625,0.125,4,-3.8125,14.084507042253522,-85.91549295774648,FALSE,High
region,South Coast,invert_phylum_richness,M2 invertebrate Echinodermata species richness,period_split,Bloom 2026-05,overall,Overall,5.174568965517241,0.10967865138643028,232,0.8611111111111112,0.17091155132823832,36,-4.3134578544061295,16.641214308852796,-83.3587856911472,FALSE,High
region,South Coast,invert_phylum_richness,M2 invertebrate Mollusca species richness,period,Bloom,by_status,Fished,3.141826923076923,0.07779328679455484,208,1.7857142857142858,0.10875411834054692,56,-1.356112637362637,56.83681276642256,-43.16318723357744,FALSE,Medium
region,South Coast,invert_phylum_richness,M2 invertebrate Mollusca species richness,period,Bloom,by_status,No-take,2.8333333333333335,0.2305213582693749,24,2.1875,0.23024637425406477,8,-0.6458333333333335,77.20588235294117,-22.794117647058826,FALSE,Medium
region,South Coast,invert_phylum_richness,M2 invertebrate Mollusca species richness,period,Bloom,overall,Overall,3.1099137931034484,0.07380778522788246,232,1.8359375,0.10025679299264781,64,-1.2739762931034484,59.03499653499653,-40.96500346500347,FALSE,Medium
region,South Coast,invert_phylum_richness,M2 invertebrate Mollusca species richness,period_split,Bloom 2025-06,by_status,Fished,3.141826923076923,0.07779328679455484,208,2.125,0.2959640129639024,12,-1.016826923076923,67.63580719204285,-32.36419280795715,FALSE,Medium
region,South Coast,invert_phylum_richness,M2 invertebrate Mollusca species richness,period_split,Bloom 2025-06,overall,Overall,3.1099137931034484,0.07380778522788246,232,2.125,0.2959640129639024,12,-0.9849137931034484,68.32986832986833,-31.670131670131667,FALSE,Medium
region,South Coast,invert_phylum_richness,M2 invertebrate Mollusca species richness,period_split,Bloom 2026-02,by_status,Fished,3.141826923076923,0.07779328679455484,208,1.375,0.1523179489612356,12,-1.766826923076923,43.76434583014537,-56.23565416985463,FALSE,High
region,South Coast,invert_phylum_richness,M2 invertebrate Mollusca species richness,period_split,Bloom 2026-02,by_status,No-take,2.8333333333333335,0.2305213582693749,24,2,0.3535533905932738,4,-0.8333333333333335,70.58823529411764,-29.411764705882362,FALSE,Medium
region,South Coast,invert_phylum_richness,M2 invertebrate Mollusca species richness,period_split,Bloom 2026-02,overall,Overall,3.1099137931034484,0.07380778522788246,232,1.53125,0.1545743483462462,16,-1.5786637931034484,49.23769923769923,-50.76230076230077,FALSE,High
region,South Coast,invert_phylum_richness,M2 invertebrate Mollusca species richness,period_split,Bloom 2026-05,by_status,Fished,3.141826923076923,0.07779328679455484,208,1.8125,0.13609990993336832,32,-1.329326923076923,57.6893649579189,-42.3106350420811,FALSE,Medium
region,South Coast,invert_phylum_richness,M2 invertebrate Mollusca species richness,period_split,Bloom 2026-05,by_status,No-take,2.8333333333333335,0.2305213582693749,24,2.375,0.3145764348029479,4,-0.4583333333333335,83.8235294117647,-16.176470588235304,FALSE,Low
region,South Coast,invert_phylum_richness,M2 invertebrate Mollusca species richness,period_split,Bloom 2026-05,overall,Overall,3.1099137931034484,0.07380778522788246,232,1.875,0.12813528317232062,36,-1.2349137931034484,60.29106029106028,-39.70893970893972,FALSE,Medium
region,South Coast,invert_phylum_shannon,M2 invertebrate Arthropoda Shannon diversity,period,Bloom,by_status,Fished,0.2784029075985742,0.022740808098102305,208,0.3770386848419894,0.03980736731831506,56,0.09863577724341516,135.42914766739324,35.42914766739324,FALSE,Low
region,South Coast,invert_phylum_shannon,M2 invertebrate Arthropoda Shannon diversity,period,Bloom,by_status,No-take,0.28453082118401135,0.05791633526676897,24,0.2669407309079926,0.07639199330665791,8,-0.017590090276018766,93.81786120645154,-6.182138793548461,FALSE,Low
region,South Coast,invert_phylum_shannon,M2 invertebrate Arthropoda Shannon diversity,period,Bloom,overall,Overall,0.2790368296936194,0.021214148961561603,232,0.3632764406002398,0.03622947477897738,64,0.08423961090662035,130.18942373991092,30.18942373991092,FALSE,Low
region,South Coast,invert_phylum_shannon,M2 invertebrate Arthropoda Shannon diversity,period_split,Bloom 2025-06,by_status,Fished,0.2784029075985742,0.022740808098102305,208,0.29103238555140953,0.08533930298227504,12,0.01262947795283531,104.53640303607949,4.536403036079491,FALSE,Low
region,South Coast,invert_phylum_shannon,M2 invertebrate Arthropoda Shannon diversity,period_split,Bloom 2025-06,overall,Overall,0.2790368296936194,0.021214148961561603,232,0.29103238555140953,0.08533930298227504,12,0.011995555857790108,104.29891490344166,4.298914903441656,FALSE,Low
region,South Coast,invert_phylum_shannon,M2 invertebrate Arthropoda Shannon diversity,period_split,Bloom 2026-02,by_status,Fished,0.2784029075985742,0.022740808098102305,208,0.1669019364015823,0.052876404835970704,12,-0.11150097119699193,59.94978207707376,-40.05021792292624,FALSE,Medium
region,South Coast,invert_phylum_shannon,M2 invertebrate Arthropoda Shannon diversity,period_split,Bloom 2026-02,by_status,No-take,0.28453082118401135,0.05791633526676897,24,0.3137334046244315,0.14252119921327208,4,0.02920258344042015,110.26341656728087,10.26341656728087,FALSE,Low
region,South Coast,invert_phylum_shannon,M2 invertebrate Arthropoda Shannon diversity,period_split,Bloom 2026-02,overall,Overall,0.2790368296936194,0.021214148961561603,232,0.2036098034572946,0.053130602439865435,16,-0.07542702623632483,72.968791854773,-27.031208145226998,FALSE,Medium
region,South Coast,invert_phylum_shannon,M2 invertebrate Arthropoda Shannon diversity,period_split,Bloom 2026-05,by_status,Fished,0.2784029075985742,0.022740808098102305,208,0.48809232774110944,0.05057085574716529,32,0.20968942014253522,175.31868900050566,75.31868900050566,FALSE,Low
region,South Coast,invert_phylum_shannon,M2 invertebrate Arthropoda Shannon diversity,period_split,Bloom 2026-05,by_status,No-take,0.28453082118401135,0.05791633526676897,24,0.22014805719155367,0.0739015734529578,4,-0.06438276399245768,77.37230584562221,-22.627694154377792,FALSE,Medium
region,South Coast,invert_phylum_shannon,M2 invertebrate Arthropoda Shannon diversity,period_split,Bloom 2026-05,overall,Overall,0.2790368296936194,0.021214148961561603,232,0.45832074212449214,0.047624169329215475,36,0.17928391243087272,164.25098530101752,64.25098530101752,FALSE,Low
region,South Coast,invert_phylum_shannon,M2 invertebrate Echinodermata Shannon diversity,period,Bloom,by_status,Fished,1.1729331754300898,0.030145416939725368,208,0.28658027124567625,0.0513007918890642,56,-0.8863529041844136,24.43278758319657,-75.56721241680343,FALSE,High
region,South Coast,invert_phylum_shannon,M2 invertebrate Echinodermata Shannon diversity,period,Bloom,by_status,No-take,1.107716277501736,0.04466887695613514,24,0.37615048657777633,0.14627222263141773,8,-0.7315657909239597,33.95729522239388,-66.04270477760612,FALSE,High
region,South Coast,invert_phylum_shannon,M2 invertebrate Echinodermata Shannon diversity,period,Bloom,overall,Overall,1.166186599782329,0.027428986318408444,232,0.2977765481621888,0.04818163474354449,64,-0.8684100516201403,25.534211096043236,-74.46578890395676,FALSE,High
region,South Coast,invert_phylum_shannon,M2 invertebrate Echinodermata Shannon diversity,period_split,Bloom 2025-06,by_status,Fished,1.1729331754300898,0.030145416939725368,208,0.44996650875247657,0.12335213054864543,12,-0.7229666666776132,38.36250164784395,-61.63749835215605,FALSE,High
region,South Coast,invert_phylum_shannon,M2 invertebrate Echinodermata Shannon diversity,period_split,Bloom 2025-06,overall,Overall,1.166186599782329,0.027428986318408444,232,0.44996650875247657,0.12335213054864543,12,-0.7162200910298525,38.58443484400041,-61.41556515599959,FALSE,High
region,South Coast,invert_phylum_shannon,M2 invertebrate Echinodermata Shannon diversity,period_split,Bloom 2026-02,by_status,Fished,1.1729331754300898,0.030145416939725368,208,0.3346809416596092,0.11857372985038886,12,-0.8382522337704805,28.533675120655428,-71.46632487934457,FALSE,High
region,South Coast,invert_phylum_shannon,M2 invertebrate Echinodermata Shannon diversity,period_split,Bloom 2026-02,by_status,No-take,1.107716277501736,0.04466887695613514,24,0.7523009731555527,0.07429559539231277,4,-0.3554153043461833,67.91459044478776,-32.08540955521224,FALSE,Medium
region,South Coast,invert_phylum_shannon,M2 invertebrate Echinodermata Shannon diversity,period_split,Bloom 2026-02,overall,Overall,1.166186599782329,0.027428986318408444,232,0.4390859495335951,0.10094020053683503,16,-0.727100650248734,37.6514315646871,-62.3485684353129,FALSE,High
region,South Coast,invert_phylum_shannon,M2 invertebrate Echinodermata Shannon diversity,period_split,Bloom 2026-05,by_status,Fished,1.1729331754300898,0.030145416939725368,208,0.20727268077540129,0.061007315153004435,32,-0.9656604946546885,17.67131198240674,-82.32868801759327,FALSE,High
region,South Coast,invert_phylum_shannon,M2 invertebrate Echinodermata Shannon diversity,period_split,Bloom 2026-05,by_status,No-take,1.107716277501736,0.04466887695613514,24,0,0,4,-1.107716277501736,0,-100,FALSE,High
region,South Coast,invert_phylum_shannon,M2 invertebrate Echinodermata Shannon diversity,period_split,Bloom 2026-05,overall,Overall,1.166186599782329,0.027428986318408444,232,0.18424238291146783,0.05524024738053216,36,-0.9819442168708612,15.79870519399357,-84.20129480600643,FALSE,High
region,South Coast,invert_phylum_shannon,M2 invertebrate Mollusca Shannon diversity,period,Bloom,by_status,Fished,0.7998964342721119,0.02429226658153289,208,0.3457991924961699,0.04009574331187659,56,-0.45409724177594196,43.23049555919568,-56.76950444080432,FALSE,High
region,South Coast,invert_phylum_shannon,M2 invertebrate Mollusca Shannon diversity,period,Bloom,by_status,No-take,0.7579271490603134,0.0647774494488928,24,0.5810538979968579,0.09238312488393662,8,-0.17687325106345553,76.6635551605791,-23.336444839420906,FALSE,Medium
region,South Coast,invert_phylum_shannon,M2 invertebrate Mollusca Shannon diversity,period,Bloom,overall,Overall,0.7955547840777879,0.022760211714520747,232,0.37520603068375596,0.03798291164862135,64,-0.42034875339403194,47.16281495543983,-52.83718504456017,FALSE,High
region,South Coast,invert_phylum_shannon,M2 invertebrate Mollusca Shannon diversity,period_split,Bloom 2025-06,by_status,Fished,0.7998964342721119,0.02429226658153289,208,0.5014637740369878,0.08772913864944565,12,-0.29843266023512405,62.691087564768154,-37.308912435231846,FALSE,Medium
region,South Coast,invert_phylum_shannon,M2 invertebrate Mollusca Shannon diversity,period_split,Bloom 2025-06,overall,Overall,0.7955547840777879,0.022760211714520747,232,0.5014637740369878,0.08772913864944565,12,-0.29409101004080007,63.03321707986306,-36.96678292013694,FALSE,Medium
region,South Coast,invert_phylum_shannon,M2 invertebrate Mollusca Shannon diversity,period_split,Bloom 2026-02,by_status,Fished,0.7998964342721119,0.02429226658153289,208,0.21836972059781273,0.059821006635233424,12,-0.5815267136742992,27.29974922272586,-72.70025077727414,FALSE,High
region,South Coast,invert_phylum_shannon,M2 invertebrate Mollusca Shannon diversity,period_split,Bloom 2026-02,by_status,No-take,0.7579271490603134,0.0647774494488928,24,0.5299717431107382,0.153768540643927,4,-0.2279554059495752,69.92383684471564,-30.076163155284362,FALSE,Medium
region,South Coast,invert_phylum_shannon,M2 invertebrate Mollusca Shannon diversity,period_split,Bloom 2026-02,overall,Overall,0.7955547840777879,0.022760211714520747,232,0.2962702262260441,0.06606163802982731,16,-0.4992845578517438,37.24070700793817,-62.75929299206183,FALSE,High
region,South Coast,invert_phylum_shannon,M2 invertebrate Mollusca Shannon diversity,period_split,Bloom 2026-05,by_status,Fished,0.7998964342721119,0.02429226658153289,208,0.3352110263802472,0.054754778612950125,32,-0.4646854078918647,41.90680343328219,-58.09319656671781,FALSE,High
region,South Coast,invert_phylum_shannon,M2 invertebrate Mollusca Shannon diversity,period_split,Bloom 2026-05,by_status,No-take,0.7579271490603134,0.0647774494488928,24,0.6321360528829777,0.12018308160966507,4,-0.12579109617733575,83.40327347644256,-16.596726523557436,FALSE,Low
region,South Coast,invert_phylum_shannon,M2 invertebrate Mollusca Shannon diversity,period_split,Bloom 2026-05,overall,Overall,0.7955547840777879,0.022760211714520747,232,0.3682026959916617,0.0524094263901606,36,-0.4273520880861262,46.2825066684106,-53.7174933315894,FALSE,High
region,South Coast,invert_phylum_simpson,M2 invertebrate Arthropoda Simpson diversity,period,Bloom,by_status,Fished,1.147944847352553,0.05110002074172853,208,1.4053550295689288,0.07242292219844017,56,0.2574101822163757,122.42356702153658,22.423567021536584,FALSE,Low
region,South Coast,invert_phylum_simpson,M2 invertebrate Arthropoda Simpson diversity,period,Bloom,by_status,No-take,1.1660080442433383,0.09823651364227806,24,1.3317307692307692,0.10947733257742041,8,0.1657227249874309,114.21282861688779,14.21282861688779,FALSE,Low
region,South Coast,invert_phylum_simpson,M2 invertebrate Arthropoda Simpson diversity,period,Bloom,overall,Overall,1.149813453927462,0.046876301279293604,232,1.3961519970266587,0.0646724905129827,64,0.24633854309919667,121.4242181858082,21.4242181858082,FALSE,Low
region,South Coast,invert_phylum_simpson,M2 invertebrate Arthropoda Simpson diversity,period_split,Bloom 2025-06,by_status,Fished,1.147944847352553,0.05110002074172853,208,1.3928192229524083,0.13890887897622886,12,0.24487437559985525,121.33154534075365,21.33154534075365,FALSE,Low
region,South Coast,invert_phylum_simpson,M2 invertebrate Arthropoda Simpson diversity,period_split,Bloom 2025-06,overall,Overall,1.149813453927462,0.046876301279293604,232,1.3928192229524083,0.13890887897622886,12,0.2430057690249463,121.13436472628688,21.134364726286876,FALSE,Low
region,South Coast,invert_phylum_simpson,M2 invertebrate Arthropoda Simpson diversity,period_split,Bloom 2026-02,by_status,Fished,1.147944847352553,0.05110002074172853,208,0.9185620989719163,0.14248450974757387,12,-0.22938274838063677,80.01796437262203,-19.982035627377968,FALSE,Low
region,South Coast,invert_phylum_simpson,M2 invertebrate Arthropoda Simpson diversity,period_split,Bloom 2026-02,by_status,No-take,1.1660080442433383,0.09823651364227806,24,1.4134615384615383,0.20970945901225116,4,0.24745349421820007,121.22228019265347,21.22228019265347,FALSE,Low
region,South Coast,invert_phylum_simpson,M2 invertebrate Arthropoda Simpson diversity,period_split,Bloom 2026-02,overall,Overall,1.149813453927462,0.046876301279293604,232,1.0422869588443218,0.1281658323616454,16,-0.10752649508314027,90.64835302493131,-9.35164697506869,FALSE,Low
region,South Coast,invert_phylum_simpson,M2 invertebrate Arthropoda Simpson diversity,period_split,Bloom 2026-05,by_status,Fished,1.147944847352553,0.05110002074172853,208,1.5926033060240035,0.08376533534923941,32,0.4446584586714504,138.73517614517314,38.73517614517314,FALSE,Low
region,South Coast,invert_phylum_simpson,M2 invertebrate Arthropoda Simpson diversity,period_split,Bloom 2026-05,by_status,No-take,1.1660080442433383,0.09823651364227806,24,1.25,0.08660254037844385,4,0.08399195575666174,107.20337704112212,7.203377041122124,FALSE,Low
region,South Coast,invert_phylum_simpson,M2 invertebrate Arthropoda Simpson diversity,period_split,Bloom 2026-05,overall,Overall,1.149813453927462,0.046876301279293604,232,1.5545362720213365,0.07698607836071399,36,0.40472281809387445,135.1989982993717,35.19899829937171,FALSE,Low
region,South Coast,invert_phylum_simpson,M2 invertebrate Echinodermata Simpson diversity,period,Bloom,by_status,Fished,2.960856341122542,0.0894487860541628,208,1.0832171757591924,0.12922928398780956,56,-1.8776391653633495,36.58459077242887,-63.41540922757113,FALSE,High
region,South Coast,invert_phylum_simpson,M2 invertebrate Echinodermata Simpson diversity,period,Bloom,by_status,No-take,2.7090311848432655,0.1354822879404848,24,1.3135449041249987,0.27358843722890885,8,-1.3954862807182669,48.48762581524124,-51.51237418475876,FALSE,High
region,South Coast,invert_phylum_simpson,M2 invertebrate Echinodermata Simpson diversity,period,Bloom,overall,Overall,2.9348054628867546,0.08150229083253924,232,1.1120081418049184,0.11785074258429554,64,-1.8227973210818362,37.89035272924417,-62.10964727075583,FALSE,High
region,South Coast,invert_phylum_simpson,M2 invertebrate Echinodermata Simpson diversity,period_split,Bloom 2025-06,by_status,Fished,2.960856341122542,0.0894487860541628,208,1.5448412698412697,0.27602526427363033,12,-1.4160150712812722,52.17548884035279,-47.82451115964721,FALSE,Medium
region,South Coast,invert_phylum_simpson,M2 invertebrate Echinodermata Simpson diversity,period_split,Bloom 2025-06,overall,Overall,2.9348054628867546,0.08150229083253924,232,1.5448412698412697,0.27602526427363033,12,-1.389964193045485,52.63862594564349,-47.36137405435651,FALSE,Medium
region,South Coast,invert_phylum_simpson,M2 invertebrate Echinodermata Simpson diversity,period_split,Bloom 2026-02,by_status,Fished,2.960856341122542,0.0894487860541628,208,1.4083333333333332,0.2369178138195828,12,-1.5525230077892087,47.56506804377396,-52.43493195622604,FALSE,High
region,South Coast,invert_phylum_simpson,M2 invertebrate Echinodermata Simpson diversity,period_split,Bloom 2026-02,by_status,No-take,2.7090311848432655,0.1354822879404848,24,2.0020898082499974,0.13272238168696998,4,-0.7069413765932682,73.90427321219009,-26.09572678780991,FALSE,Medium
region,South Coast,invert_phylum_simpson,M2 invertebrate Echinodermata Simpson diversity,period_split,Bloom 2026-02,overall,Overall,2.9348054628867546,0.08150229083253924,232,1.5567724520624993,0.19015552503576946,16,-1.3780330108242553,53.045166766563646,-46.954833233436354,FALSE,Medium
region,South Coast,invert_phylum_simpson,M2 invertebrate Echinodermata Simpson diversity,period_split,Bloom 2026-05,by_status,Fished,2.960856341122542,0.0894487860541628,208,0.7881895813881108,0.16607273381157545,32,-2.1726667597344314,26.62032502020299,-73.37967497979702,FALSE,High
region,South Coast,invert_phylum_simpson,M2 invertebrate Echinodermata Simpson diversity,period_split,Bloom 2026-05,by_status,No-take,2.7090311848432655,0.1354822879404848,24,0.625,0.125,4,-2.0840311848432655,23.070978418292373,-76.92902158170763,FALSE,High
region,South Coast,invert_phylum_simpson,M2 invertebrate Echinodermata Simpson diversity,period_split,Bloom 2026-05,overall,Overall,2.9348054628867546,0.08150229083253924,232,0.7700574056783207,0.14811433571969432,36,-2.164748057208434,26.238788751635735,-73.76121124836426,FALSE,High
region,South Coast,invert_phylum_simpson,M2 invertebrate Mollusca Simpson diversity,period,Bloom,by_status,Fished,2.088729143352858,0.04898705331889821,208,1.3506819019020795,0.06583145217120924,56,-0.7380472414507784,64.66524901998282,-35.334750980017176,FALSE,Medium
region,South Coast,invert_phylum_simpson,M2 invertebrate Mollusca Simpson diversity,period,Bloom,by_status,No-take,2.0395838157900985,0.12672694454787975,24,1.7791682919283898,0.1459213479308275,8,-0.26041552386170874,87.23192830588194,-12.768071694118063,FALSE,Low
region,South Coast,invert_phylum_simpson,M2 invertebrate Mollusca Simpson diversity,period,Bloom,overall,Overall,2.083645143949814,0.04576393922629609,232,1.4042427006553684,0.06264993330559028,64,-0.6794024432944457,67.39356289782856,-32.60643710217144,FALSE,Medium
region,South Coast,invert_phylum_simpson,M2 invertebrate Mollusca Simpson diversity,period_split,Bloom 2025-06,by_status,Fished,2.088729143352858,0.04898705331889821,208,1.5502669401030276,0.1212125804386667,12,-0.5384622032498303,74.22058264646593,-25.779417353534072,FALSE,Medium
region,South Coast,invert_phylum_simpson,M2 invertebrate Mollusca Simpson diversity,period_split,Bloom 2025-06,overall,Overall,2.083645143949814,0.04576393922629609,232,1.5502669401030276,0.1212125804386667,12,-0.5333782038467865,74.40167749314068,-25.59832250685932,FALSE,Medium
region,South Coast,invert_phylum_simpson,M2 invertebrate Mollusca Simpson diversity,period_split,Bloom 2026-02,by_status,Fished,2.088729143352858,0.04898705331889821,208,1.1835752419085752,0.10541289014800537,12,-0.9051539014442826,56.66485028349264,-43.33514971650736,FALSE,Medium
region,South Coast,invert_phylum_simpson,M2 invertebrate Mollusca Simpson diversity,period_split,Bloom 2026-02,by_status,No-take,2.0395838157900985,0.12672694454787975,24,1.6770242914979756,0.22860889359581468,4,-0.3625595242921229,82.22384775338719,-17.77615224661281,FALSE,Low
region,South Coast,invert_phylum_simpson,M2 invertebrate Mollusca Simpson diversity,period_split,Bloom 2026-02,overall,Overall,2.083645143949814,0.04576393922629609,232,1.3069375043059255,0.10848171939759782,16,-0.7767076396438886,62.72361242032122,-37.27638757967878,FALSE,Medium
region,South Coast,invert_phylum_simpson,M2 invertebrate Mollusca Simpson diversity,period_split,Bloom 2026-05,by_status,Fished,2.088729143352858,0.04898705331889821,208,1.3385025100742882,0.09590408913135705,32,-0.7502266332785696,64.08214843623549,-35.917851563764515,FALSE,Medium
region,South Coast,invert_phylum_simpson,M2 invertebrate Mollusca Simpson diversity,period_split,Bloom 2026-05,by_status,No-take,2.0395838157900985,0.12672694454787975,24,1.881312292358804,0.2003743867581634,4,-0.15827152343129458,92.24000885837668,-7.759991141623317,FALSE,Low
region,South Coast,invert_phylum_simpson,M2 invertebrate Mollusca Simpson diversity,period_split,Bloom 2026-05,overall,Overall,2.083645143949814,0.04576393922629609,232,1.398814708105901,0.09195163467602492,36,-0.684830435843913,67.13305824495,-32.86694175504999,FALSE,Medium
region,South Coast,shannon_diversity,M1 fish Shannon diversity,period,Bloom,by_status,Fished,1.3674692062581362,0.03184189617330027,204,0.9338290252929206,0.07207957772770399,56,-0.4336401809652156,68.28885221102685,-31.71114778897315,FALSE,Medium
region,South Coast,shannon_diversity,M1 fish Shannon diversity,period,Bloom,by_status,No-take,0.8224108093320569,0.11845175173686359,14,0.3158622032232669,0.14165706681850945,8,-0.50654860610879,38.40686426286188,-61.59313573713812,FALSE,High
region,South Coast,shannon_diversity,M1 fish Shannon diversity,period,Bloom,overall,Overall,1.3324654559968283,0.03199745284500866,218,0.8565831725342139,0.07007463309296745,64,-0.4758822834626144,64.28558193978823,-35.71441806021177,FALSE,Medium
region,South Coast,shannon_diversity,M1 fish Shannon diversity,period_split,Bloom 2025-06,by_status,Fished,1.3674692062581362,0.03184189617330027,204,0.9958485892740767,0.1614285102048762,12,-0.37162061698405946,72.82420581879569,-27.17579418120431,FALSE,Medium
region,South Coast,shannon_diversity,M1 fish Shannon diversity,period_split,Bloom 2025-06,overall,Overall,1.3324654559968283,0.03199745284500866,218,0.9958485892740767,0.1614285102048762,12,-0.3366168667227516,74.73729129653678,-25.26270870346322,FALSE,Medium
region,South Coast,shannon_diversity,M1 fish Shannon diversity,period_split,Bloom 2026-02,by_status,Fished,1.3674692062581362,0.03184189617330027,204,0.6291332838595208,0.14313944572360737,12,-0.7383359223986153,46.007126228534595,-53.992873771465405,FALSE,High
region,South Coast,shannon_diversity,M1 fish Shannon diversity,period_split,Bloom 2026-02,by_status,No-take,0.8224108093320569,0.11845175173686359,14,0.6317244064465338,0.16471822532698924,4,-0.19068640288552308,76.81372852572376,-23.18627147427624,FALSE,Medium
region,South Coast,shannon_diversity,M1 fish Shannon diversity,period_split,Bloom 2026-02,overall,Overall,1.3324654559968283,0.03199745284500866,218,0.629781064506274,0.11236362453583788,16,-0.7026843914905543,47.26434457808361,-52.73565542191639,FALSE,High
region,South Coast,shannon_diversity,M1 fish Shannon diversity,period_split,Bloom 2026-05,by_status,Fished,1.3674692062581362,0.03184189617330027,204,1.0248325918375119,0.0921978797321195,32,-0.3426366144206243,74.94374185154813,-25.056258148451874,FALSE,Medium
region,South Coast,shannon_diversity,M1 fish Shannon diversity,period_split,Bloom 2026-05,by_status,No-take,0.8224108093320569,0.11845175173686359,14,0,0,4,-0.8224108093320569,0,-100,FALSE,High
region,South Coast,shannon_diversity,M1 fish Shannon diversity,period_split,Bloom 2026-05,overall,Overall,1.3324654559968283,0.03199745284500866,218,0.9109623038555661,0.09826583991457742,36,-0.4215031521412622,68.36667320385186,-31.63332679614814,FALSE,Medium
region,South Coast,shannon_diversity,M2 fish Shannon diversity,period,Bloom,by_status,Fished,0.06514323372427425,0.011964580115793193,208,0.006188814112142368,0.006188814112142368,56,-0.05895441961213188,9.500317620609978,-90.49968237939002,FALSE,High
region,South Coast,shannon_diversity,M2 fish Shannon diversity,period,Bloom,by_status,No-take,0.09118548215128264,0.03412638393027179,24,0,0,8,-0.09118548215128264,0,-100,FALSE,High
region,South Coast,shannon_diversity,M2 fish Shannon diversity,period,Bloom,overall,Overall,0.06783725942361994,0.011281666071602985,232,0.0054152123481245725,0.0054152123481245725,64,-0.06242204707549537,7.982652002947918,-92.01734799705208,FALSE,High
region,South Coast,shannon_diversity,M2 fish Shannon diversity,period_split,Bloom 2025-06,by_status,Fished,0.06514323372427425,0.011964580115793193,208,0,0,12,-0.06514323372427425,0,-100,FALSE,High
region,South Coast,shannon_diversity,M2 fish Shannon diversity,period_split,Bloom 2025-06,overall,Overall,0.06783725942361994,0.011281666071602985,232,0,0,12,-0.06783725942361994,0,-100,FALSE,High
region,South Coast,shannon_diversity,M2 fish Shannon diversity,period_split,Bloom 2026-02,by_status,Fished,0.06514323372427425,0.011964580115793193,208,0.028881132523331052,0.028881132523331056,12,-0.0362621012009432,44.33481556284657,-55.66518443715343,FALSE,High
region,South Coast,shannon_diversity,M2 fish Shannon diversity,period_split,Bloom 2026-02,by_status,No-take,0.09118548215128264,0.03412638393027179,24,0,0,4,-0.09118548215128264,0,-100,FALSE,High
region,South Coast,shannon_diversity,M2 fish Shannon diversity,period_split,Bloom 2026-02,overall,Overall,0.06783725942361994,0.011281666071602985,232,0.02166084939249829,0.02166084939249829,16,-0.04617641003112165,31.930608011791673,-68.06939198820832,FALSE,High
region,South Coast,shannon_diversity,M2 fish Shannon diversity,period_split,Bloom 2026-05,by_status,Fished,0.06514323372427425,0.011964580115793193,208,0,0,32,-0.06514323372427425,0,-100,FALSE,High
region,South Coast,shannon_diversity,M2 fish Shannon diversity,period_split,Bloom 2026-05,by_status,No-take,0.09118548215128264,0.03412638393027179,24,0,0,4,-0.09118548215128264,0,-100,FALSE,High
region,South Coast,shannon_diversity,M2 fish Shannon diversity,period_split,Bloom 2026-05,overall,Overall,0.06783725942361994,0.011281666071602985,232,0,0,36,-0.06783725942361994,0,-100,FALSE,High
region,South Coast,shannon_diversity,M2 invertebrate Shannon diversity,period,Bloom,by_status,Fished,1.7126768521822813,0.024727665154011206,208,1.18499141681048,0.057035160545677796,56,-0.5276854353718012,69.18943379777522,-30.810566202224777,FALSE,Medium
region,South Coast,shannon_diversity,M2 invertebrate Shannon diversity,period,Bloom,by_status,No-take,1.7041196494304836,0.04620843522079485,24,1.4105804541350364,0.07785430352105735,8,-0.29353919529544714,82.77473090615744,-17.225269093842556,FALSE,Low
region,South Coast,shannon_diversity,M2 invertebrate Shannon diversity,period,Bloom,overall,Overall,1.7117916243114057,0.022655447177106876,232,1.2131900464760497,0.051550692272643785,64,-0.4986015778353561,70.87253081776666,-29.12746918223334,FALSE,Medium
region,South Coast,shannon_diversity,M2 invertebrate Shannon diversity,period_split,Bloom 2025-06,by_status,Fished,1.7126768521822813,0.024727665154011206,208,1.3959017713493589,0.07156568778965504,12,-0.3167750808329224,81.50409515786416,-18.495904842135843,FALSE,Low
region,South Coast,shannon_diversity,M2 invertebrate Shannon diversity,period_split,Bloom 2025-06,overall,Overall,1.7117916243114057,0.022655447177106876,232,1.3959017713493589,0.07156568778965504,12,-0.31588985296204686,81.5462438023601,-18.453756197639905,FALSE,Low
region,South Coast,shannon_diversity,M2 invertebrate Shannon diversity,period_split,Bloom 2026-02,by_status,Fished,1.7126768521822813,0.024727665154011206,208,1.0487126493736822,0.11487671751224804,12,-0.663964202808599,61.232371304453594,-38.767628695546406,FALSE,Medium
region,South Coast,shannon_diversity,M2 invertebrate Shannon diversity,period_split,Bloom 2026-02,by_status,No-take,1.7041196494304836,0.04620843522079485,24,1.5567293708446155,0.09803774123476865,4,-0.14739027858586806,91.35094307285725,-8.649056927142752,FALSE,Low
region,South Coast,shannon_diversity,M2 invertebrate Shannon diversity,period_split,Bloom 2026-02,overall,Overall,1.7117916243114057,0.022655447177106876,232,1.1757168297414156,0.10471268034966241,16,-0.5360747945699902,68.68340825153678,-31.316591748463225,FALSE,Medium
region,South Coast,shannon_diversity,M2 invertebrate Shannon diversity,period_split,Bloom 2026-05,by_status,Fished,1.7126768521822813,0.024727665154011206,208,1.1570045716471995,0.08291274649434578,32,-0.5556722805350818,67.55533422273747,-32.44466577726253,FALSE,Medium
region,South Coast,shannon_diversity,M2 invertebrate Shannon diversity,period_split,Bloom 2026-05,by_status,No-take,1.7041196494304836,0.04620843522079485,24,1.2644315374254576,0.06659551597635703,4,-0.439688112005026,74.19851873945767,-25.80148126054233,FALSE,Medium
region,South Coast,shannon_diversity,M2 invertebrate Shannon diversity,period_split,Bloom 2026-05,overall,Overall,1.7117916243114057,0.022655447177106876,232,1.168940901178117,0.0740751440286639,36,-0.5428507231332886,68.28756985233768,-31.712430147662317,FALSE,Medium
region,South Coast,simpson_diversity,M1 fish Simpson diversity,period,Bloom,by_status,Fished,3.5190714484398327,0.09810036068557602,204,2.326471233002756,0.14852162995589843,56,-1.1926002154370767,66.1103722129367,-33.889627787063304,FALSE,Medium
region,South Coast,simpson_diversity,M1 fish Simpson diversity,period,Bloom,by_status,No-take,2.154133411484307,0.22902237773131448,14,0.916548068078387,0.3341518174223987,8,-1.2375853434059199,42.54834279028424,-57.45165720971576,FALSE,High
region,South Coast,simpson_diversity,M1 fish Simpson diversity,period,Bloom,overall,Overall,3.431414877259203,0.09561582770224283,218,2.15023083738721,0.14782543921623828,64,-1.281184039871993,62.663097127581324,-37.336902872418676,FALSE,Medium
region,South Coast,simpson_diversity,M1 fish Simpson diversity,period_split,Bloom 2025-06,by_status,Fished,3.5190714484398327,0.09810036068557602,204,2.4565997469783545,0.3672662894358457,12,-1.0624717014614782,69.8081804524736,-30.191819547526407,FALSE,Medium
region,South Coast,simpson_diversity,M1 fish Simpson diversity,period_split,Bloom 2025-06,overall,Overall,3.431414877259203,0.09561582770224283,218,2.4565997469783545,0.3672662894358457,12,-0.9748151302808483,71.59145235566884,-28.408547644331165,FALSE,Medium
region,South Coast,simpson_diversity,M1 fish Simpson diversity,period_split,Bloom 2026-02,by_status,Fished,3.5190714484398327,0.09810036068557602,204,1.7740334738462513,0.32042391423646593,12,-1.7450379745935813,50.41197656366888,-49.58802343633112,FALSE,Medium
region,South Coast,simpson_diversity,M1 fish Simpson diversity,period_split,Bloom 2026-02,by_status,No-take,2.154133411484307,0.22902237773131448,14,1.708096136156774,0.2962163798399385,4,-0.446037275327533,79.29388806888285,-20.70611193111715,FALSE,Medium
region,South Coast,simpson_diversity,M1 fish Simpson diversity,period_split,Bloom 2026-02,overall,Overall,3.431414877259203,0.09561582770224283,218,1.757549139423882,0.24680127732364668,16,-1.6738657378353208,51.21937166710955,-48.78062833289045,FALSE,Medium
region,South Coast,simpson_diversity,M1 fish Simpson diversity,period_split,Bloom 2026-05,by_status,Fished,3.5190714484398327,0.09810036068557602,204,2.4848371999455954,0.17936750494258272,32,-1.0342342484942373,70.61059249158578,-29.389407508414223,FALSE,Medium
region,South Coast,simpson_diversity,M1 fish Simpson diversity,period_split,Bloom 2026-05,by_status,No-take,2.154133411484307,0.22902237773131448,14,0.125,0.125,4,-2.029133411484307,5.802797511685624,-94.19720248831437,FALSE,High
region,South Coast,simpson_diversity,M1 fish Simpson diversity,period_split,Bloom 2026-05,overall,Overall,3.431414877259203,0.09561582770224283,218,2.222633066618307,0.20296045119572326,36,-1.2087818106408958,64.77307892287294,-35.22692107712706,FALSE,Medium
region,South Coast,simpson_diversity,M2 fish Simpson diversity,period,Bloom,by_status,Fished,0.4374504767320337,0.03783718301737637,208,0.15178571428571427,0.03351594613971198,56,-0.28566476244631944,34.69780520520331,-65.30219479479669,FALSE,High
region,South Coast,simpson_diversity,M2 fish Simpson diversity,period,Bloom,by_status,No-take,0.4041666666666667,0.104513913966325,24,0.25,0.0944911182523068,8,-0.15416666666666667,61.855670103092784,-38.144329896907216,FALSE,Medium
region,South Coast,simpson_diversity,M2 fish Simpson diversity,period,Bloom,overall,Overall,0.43400732396665087,0.035540798533617975,232,0.1640625,0.03160451195780865,64,-0.26994482396665087,37.80178143090659,-62.19821856909341,FALSE,High
region,South Coast,simpson_diversity,M2 fish Simpson diversity,period_split,Bloom 2025-06,by_status,Fished,0.4374504767320337,0.03783718301737637,208,0.16666666666666666,0.07106690545187015,12,-0.270783810065367,38.099550813556576,-61.900449186443424,FALSE,High
region,South Coast,simpson_diversity,M2 fish Simpson diversity,period_split,Bloom 2025-06,overall,Overall,0.43400732396665087,0.035540798533617975,232,0.16666666666666666,0.07106690545187015,12,-0.26734065729998424,38.40180970758764,-61.59819029241236,FALSE,High
region,South Coast,simpson_diversity,M2 fish Simpson diversity,period_split,Bloom 2026-02,by_status,Fished,0.4374504767320337,0.03783718301737637,208,0.20833333333333334,0.09649802426406816,12,-0.22911714339870035,47.62443851694572,-52.37556148305428,FALSE,High
region,South Coast,simpson_diversity,M2 fish Simpson diversity,period_split,Bloom 2026-02,by_status,No-take,0.4041666666666667,0.104513913966325,24,0.375,0.125,4,-0.029166666666666674,92.78350515463917,-7.2164948453608275,FALSE,Low
region,South Coast,simpson_diversity,M2 fish Simpson diversity,period_split,Bloom 2026-02,overall,Overall,0.43400732396665087,0.035540798533617975,232,0.25,0.07905694150420949,16,-0.18400732396665087,57.60271456138146,-42.39728543861854,FALSE,Medium
region,South Coast,simpson_diversity,M2 fish Simpson diversity,period_split,Bloom 2026-05,by_status,Fished,0.4374504767320337,0.03783718301737637,208,0.125,0.03888568855239094,32,-0.3124504767320337,28.57466311016743,-71.42533688983256,FALSE,High
region,South Coast,simpson_diversity,M2 fish Simpson diversity,period_split,Bloom 2026-05,by_status,No-take,0.4041666666666667,0.104513913966325,24,0.125,0.125,4,-0.2791666666666667,30.927835051546392,-69.0721649484536,FALSE,High
region,South Coast,simpson_diversity,M2 fish Simpson diversity,period_split,Bloom 2026-05,overall,Overall,0.43400732396665087,0.035540798533617975,232,0.125,0.036596252735569997,36,-0.30900732396665087,28.80135728069073,-71.19864271930928,FALSE,High
region,South Coast,simpson_diversity,M2 invertebrate Simpson diversity,period,Bloom,by_status,Fished,4.406366704322684,0.11051630466695067,208,3.0798823481154507,0.16228825646759773,56,-1.3264843562072333,69.89618782962525,-30.103812170374752,FALSE,Medium
region,South Coast,simpson_diversity,M2 invertebrate Simpson diversity,period,Bloom,by_status,No-take,4.575071197111323,0.23909829973404195,24,3.6768276966357933,0.23758367815110226,8,-0.8982435004755298,80.36656782428487,-19.63343217571513,FALSE,Low
region,South Coast,simpson_diversity,M2 invertebrate Simpson diversity,period,Bloom,overall,Overall,4.423818893231854,0.1020436807196862,232,3.1545005166804936,0.1467021866583661,64,-1.26931837655136,71.30718035285459,-28.692819647145413,FALSE,Medium
region,South Coast,simpson_diversity,M2 invertebrate Simpson diversity,period_split,Bloom 2025-06,by_status,Fished,4.406366704322684,0.11051630466695067,208,3.553121505149619,0.29473577013511804,12,-0.853245199173065,80.63608282224845,-19.363917177751546,FALSE,Low
region,South Coast,simpson_diversity,M2 invertebrate Simpson diversity,period_split,Bloom 2025-06,overall,Overall,4.423818893231854,0.1020436807196862,232,3.553121505149619,0.29473577013511804,12,-0.8706973880822346,80.31796940389347,-19.68203059610653,FALSE,Low
region,South Coast,simpson_diversity,M2 invertebrate Simpson diversity,period_split,Bloom 2026-02,by_status,Fished,4.406366704322684,0.11051630466695067,208,2.6751679266920836,0.2784644753350811,12,-1.7311987776306004,60.71142295233215,-39.28857704766785,FALSE,Medium
region,South Coast,simpson_diversity,M2 invertebrate Simpson diversity,period_split,Bloom 2026-02,by_status,No-take,4.575071197111323,0.23909829973404195,24,4.000923480458152,0.39749886056349837,4,-0.5741477166531714,87.45051843093316,-12.549481569066842,FALSE,Low
region,South Coast,simpson_diversity,M2 invertebrate Simpson diversity,period_split,Bloom 2026-02,overall,Overall,4.423818893231854,0.1020436807196862,232,3.0066068151336007,0.2692934640401373,16,-1.417212078098253,67.96405747381539,-32.03594252618461,FALSE,Medium
region,South Coast,simpson_diversity,M2 invertebrate Simpson diversity,period_split,Bloom 2026-05,by_status,Fished,4.406366704322684,0.11051630466695067,208,3.0541855722614,0.23491371408901654,32,-1.352181132061284,69.31301403637644,-30.686985963623556,FALSE,Medium
region,South Coast,simpson_diversity,M2 invertebrate Simpson diversity,period_split,Bloom 2026-05,by_status,No-take,4.575071197111323,0.23909829973404195,24,3.352731912813435,0.1881062386902636,4,-1.2223392842978882,73.2826172176366,-26.7173827823634,FALSE,Medium
region,South Coast,simpson_diversity,M2 invertebrate Simpson diversity,period_split,Bloom 2026-05,overall,Overall,4.423818893231854,0.1020436807196862,232,3.087357387878293,0.20984592098888855,36,-1.3364615053535607,69.78941639319238,-30.210583606807617,FALSE,Medium
region,South Coast,species_richness,M1 fish species richness,period,Bloom,by_status,Fished,6.4754901960784315,0.20257312275162356,204,4.794642857142857,0.3843059154396788,56,-1.6808473389355747,74.04293284308424,-25.957067156915755,FALSE,Medium
region,South Coast,species_richness,M1 fish species richness,period,Bloom,by_status,No-take,3.642857142857143,0.49009017848302766,14,1.5,0.5509731650193397,8,-2.142857142857143,41.17647058823529,-58.82352941176471,FALSE,High
region,South Coast,species_richness,M1 fish species richness,period,Bloom,overall,Overall,6.293577981651376,0.19765948646769177,218,4.3828125,0.3686200314911921,64,-1.9107654816513762,69.63944059766763,-30.36055940233237,FALSE,Medium
region,South Coast,species_richness,M1 fish species richness,period_split,Bloom 2025-06,by_status,Fished,6.4754901960784315,0.20257312275162356,204,4.916666666666667,0.7558692901807719,12,-1.5588235294117645,75.92732778198335,-24.07267221801665,FALSE,Medium
region,South Coast,species_richness,M1 fish species richness,period_split,Bloom 2025-06,overall,Overall,6.293577981651376,0.19765948646769177,218,4.916666666666667,0.7558692901807719,12,-1.3769113149847092,78.12196307094267,-21.87803692905733,FALSE,Medium
region,South Coast,species_richness,M1 fish species richness,period_split,Bloom 2026-02,by_status,Fished,6.4754901960784315,0.20257312275162356,204,3,0.6276459144608478,12,-3.4754901960784315,46.32853898561696,-53.67146101438304,FALSE,High
region,South Coast,species_richness,M1 fish species richness,period_split,Bloom 2026-02,by_status,No-take,3.642857142857143,0.49009017848302766,14,2.875,0.375,4,-0.7678571428571428,78.92156862745098,-21.07843137254902,FALSE,Medium
region,South Coast,species_richness,M1 fish species richness,period_split,Bloom 2026-02,overall,Overall,6.293577981651376,0.19765948646769177,218,2.96875,0.473173571923313,16,-3.324827981651376,47.17110058309038,-52.82889941690962,FALSE,High
region,South Coast,species_richness,M1 fish species richness,period_split,Bloom 2026-05,by_status,Fished,6.4754901960784315,0.20257312275162356,204,5.421875,0.5275233975662489,32,-1.0536151960784315,83.72918243754731,-16.27081756245269,FALSE,Low
region,South Coast,species_richness,M1 fish species richness,period_split,Bloom 2026-05,by_status,No-take,3.642857142857143,0.49009017848302766,14,0.125,0.125,4,-3.517857142857143,3.431372549019608,-96.56862745098039,FALSE,High
region,South Coast,species_richness,M1 fish species richness,period_split,Bloom 2026-05,overall,Overall,6.293577981651376,0.19765948646769177,218,4.833333333333333,0.5462716342742852,36,-1.4602446483180431,76.79786200194363,-23.202137998056372,FALSE,Medium
region,South Coast,species_richness,M2 fish species richness,period,Bloom,by_status,Fished,0.47836538461538464,0.044601919262975034,208,0.15178571428571427,0.03351594613971198,56,-0.3265796703296704,31.730078966259867,-68.26992103374013,FALSE,High
region,South Coast,species_richness,M2 fish species richness,period,Bloom,by_status,No-take,0.4166666666666667,0.10711409781952526,24,0.25,0.0944911182523068,8,-0.16666666666666669,60,-40,FALSE,Medium
region,South Coast,species_richness,M2 fish species richness,period,Bloom,overall,Overall,0.47198275862068967,0.04144805044163893,232,0.1640625,0.03160451195780865,64,-0.30792025862068967,34.76027397260274,-65.23972602739727,FALSE,High
region,South Coast,species_richness,M2 fish species richness,period_split,Bloom 2025-06,by_status,Fished,0.47836538461538464,0.044601919262975034,208,0.16666666666666666,0.07106690545187015,12,-0.31169871794871795,34.84087102177554,-65.15912897822446,FALSE,High
region,South Coast,species_richness,M2 fish species richness,period_split,Bloom 2025-06,overall,Overall,0.47198275862068967,0.04144805044163893,232,0.16666666666666666,0.07106690545187015,12,-0.305316091954023,35.31202435312024,-64.68797564687975,FALSE,High
region,South Coast,species_richness,M2 fish species richness,period_split,Bloom 2026-02,by_status,Fished,0.47836538461538464,0.044601919262975034,208,0.20833333333333334,0.09649802426406816,12,-0.2700320512820513,43.551088777219434,-56.448911222780566,FALSE,High
region,South Coast,species_richness,M2 fish species richness,period_split,Bloom 2026-02,by_status,No-take,0.4166666666666667,0.10711409781952526,24,0.375,0.125,4,-0.041666666666666685,89.99999999999999,-10.000000000000014,FALSE,Low
region,South Coast,species_richness,M2 fish species richness,period_split,Bloom 2026-02,overall,Overall,0.47198275862068967,0.04144805044163893,232,0.25,0.07905694150420949,16,-0.22198275862068967,52.96803652968036,-47.03196347031964,FALSE,Medium
region,South Coast,species_richness,M2 fish species richness,period_split,Bloom 2026-05,by_status,Fished,0.47836538461538464,0.044601919262975034,208,0.125,0.03888568855239094,32,-0.35336538461538464,26.130653266331656,-73.86934673366835,FALSE,High
region,South Coast,species_richness,M2 fish species richness,period_split,Bloom 2026-05,by_status,No-take,0.4166666666666667,0.10711409781952526,24,0.125,0.125,4,-0.2916666666666667,30,-70,FALSE,High
region,South Coast,species_richness,M2 fish species richness,period_split,Bloom 2026-05,overall,Overall,0.47198275862068967,0.04144805044163893,232,0.125,0.036596252735569997,36,-0.34698275862068967,26.48401826484018,-73.51598173515981,FALSE,High
region,South Coast,species_richness,M2 invertebrate species richness,period,Bloom,by_status,Fished,9.875,0.18251375029012115,208,4.642857142857143,0.25505101530510177,56,-5.232142857142857,47.016274864376136,-52.983725135623864,FALSE,High
region,South Coast,species_richness,M2 invertebrate species richness,period,Bloom,by_status,No-take,8.916666666666666,0.4678685351501797,24,5.3125,0.4718646522044218,8,-3.604166666666666,59.57943925233645,-40.42056074766355,FALSE,Medium
region,South Coast,species_richness,M2 invertebrate species richness,period,Bloom,overall,Overall,9.775862068965518,0.17142292522783262,232,4.7265625,0.23143618831849277,64,-5.049299568965518,48.34931657848324,-51.65068342151676,FALSE,High
region,South Coast,species_richness,M2 invertebrate species richness,period_split,Bloom 2025-06,by_status,Fished,9.875,0.18251375029012115,208,5.375,0.5079854746193462,12,-4.5,54.43037974683544,-45.56962025316456,FALSE,Medium
region,South Coast,species_richness,M2 invertebrate species richness,period_split,Bloom 2025-06,overall,Overall,9.775862068965518,0.17142292522783262,232,5.375,0.5079854746193462,12,-4.400862068965518,54.982363315696645,-45.017636684303355,FALSE,Medium
region,South Coast,species_richness,M2 invertebrate species richness,period_split,Bloom 2026-02,by_status,Fished,9.875,0.18251375029012115,208,4,0.5075192189225524,12,-5.875,40.50632911392405,-59.49367088607595,FALSE,High
region,South Coast,species_richness,M2 invertebrate species richness,period_split,Bloom 2026-02,by_status,No-take,8.916666666666666,0.4678685351501797,24,6.25,0.5951190357119042,4,-2.666666666666666,70.09345794392524,-29.906542056074755,FALSE,Medium
region,South Coast,species_richness,M2 invertebrate species richness,period_split,Bloom 2026-02,overall,Overall,9.775862068965518,0.17142292522783262,232,4.5625,0.47186465220442186,16,-5.213362068965518,46.67107583774251,-53.32892416225749,FALSE,High
region,South Coast,species_richness,M2 invertebrate species richness,period_split,Bloom 2026-05,by_status,Fished,9.875,0.18251375029012115,208,4.609375,0.34905862384858005,32,-5.265625,46.677215189873415,-53.322784810126585,FALSE,High
region,South Coast,species_richness,M2 invertebrate species richness,period_split,Bloom 2026-05,by_status,No-take,8.916666666666666,0.4678685351501797,24,4.375,0.3145764348029479,4,-4.541666666666666,49.06542056074767,-50.93457943925233,FALSE,High
region,South Coast,species_richness,M2 invertebrate species richness,period_split,Bloom 2026-05,overall,Overall,9.775862068965518,0.17142292522783262,232,4.583333333333333,0.3114864515894865,36,-5.192528735632185,46.884185773074655,-53.115814226925345,FALSE,High
region,South Coast,total_abundance,M1 fish total abundance,period,Bloom,by_status,Fished,26.112745098039216,1.2706462310412039,204,29.5,3.5007884084188063,56,3.387254901960784,112.97165383893373,12.971653838933733,FALSE,Low
region,South Coast,total_abundance,M1 fish total abundance,period,Bloom,by_status,No-take,14,2.47903295573181,14,10.625,4.275918865326743,8,-3.375,75.89285714285714,-24.10714285714286,FALSE,Medium
region,South Coast,total_abundance,M1 fish total abundance,period,Bloom,overall,Overall,25.334862385321102,1.2155892706372573,218,27.140625,3.199110676544925,64,1.8057626146788976,107.12758011950028,7.12758011950028,FALSE,Low
region,South Coast,total_abundance,M1 fish total abundance,period_split,Bloom 2025-06,by_status,Fished,26.112745098039216,1.2706462310412039,204,32.541666666666664,7.925662751499401,12,6.428921568627448,124.61986108503847,24.619861085038465,FALSE,Low
region,South Coast,total_abundance,M1 fish total abundance,period_split,Bloom 2025-06,overall,Overall,25.334862385321102,1.2155892706372573,218,32.541666666666664,7.925662751499401,12,7.206804281345562,128.44619470094753,28.44619470094753,FALSE,Low
region,South Coast,total_abundance,M1 fish total abundance,period_split,Bloom 2026-02,by_status,Fished,26.112745098039216,1.2706462310412039,204,21.083333333333332,9.211289461055577,12,-5.029411764705884,80.73962830861647,-19.260371691383526,FALSE,Low
region,South Coast,total_abundance,M1 fish total abundance,period_split,Bloom 2026-02,by_status,No-take,14,2.47903295573181,14,20.875,3.891095604068345,4,6.875,149.10714285714286,49.10714285714286,FALSE,Low
region,South Coast,total_abundance,M1 fish total abundance,period_split,Bloom 2026-02,overall,Overall,25.334862385321102,1.2155892706372573,218,21.03125,6.886500797151386,16,-4.303612385321102,83.01308165851891,-16.986918341481086,FALSE,Low
region,South Coast,total_abundance,M1 fish total abundance,period_split,Bloom 2026-05,by_status,Fished,26.112745098039216,1.2706462310412039,204,31.515625,4.159647039769565,32,5.402879901960784,120.69058569551343,20.690585695513434,FALSE,Low
region,South Coast,total_abundance,M1 fish total abundance,period_split,Bloom 2026-05,by_status,No-take,14,2.47903295573181,14,0.375,0.375,4,-13.625,2.6785714285714284,-97.32142857142857,FALSE,High
region,South Coast,total_abundance,M1 fish total abundance,period_split,Bloom 2026-05,overall,Overall,25.334862385321102,1.2155892706372573,218,28.055555555555557,4.044778025664195,36,2.720693170234455,110.73893013056511,10.738930130565109,FALSE,Low
region,South Coast,total_abundance,M2 fish total abundance,period,Bloom,by_status,Fished,1.7427884615384615,0.31191609077479854,208,0.20535714285714285,0.052187203167031584,56,-1.5374313186813187,11.783251231527094,-88.21674876847291,FALSE,High
region,South Coast,total_abundance,M2 fish total abundance,period,Bloom,by_status,No-take,0.4791666666666667,0.12937687430087624,24,0.25,0.0944911182523068,8,-0.22916666666666669,52.17391304347826,-47.82608695652174,FALSE,Medium
region,South Coast,total_abundance,M2 fish total abundance,period,Bloom,overall,Overall,1.6120689655172413,0.28103015555258526,232,0.2109375,0.04698853644287775,64,-1.4011314655172413,13.084893048128343,-86.91510695187165,FALSE,High
region,South Coast,total_abundance,M2 fish total abundance,period_split,Bloom 2025-06,by_status,Fished,1.7427884615384615,0.31191609077479854,208,0.2916666666666667,0.1680811191843469,12,-1.4511217948717947,16.73563218390805,-83.26436781609195,FALSE,High
region,South Coast,total_abundance,M2 fish total abundance,period_split,Bloom 2025-06,overall,Overall,1.6120689655172413,0.28103015555258526,232,0.2916666666666667,0.1680811191843469,12,-1.3204022988505746,18.092691622103388,-81.90730837789661,FALSE,High
region,South Coast,total_abundance,M2 fish total abundance,period_split,Bloom 2026-02,by_status,Fished,1.7427884615384615,0.31191609077479854,208,0.25,0.11514154661795957,12,-1.4927884615384615,14.344827586206899,-85.6551724137931,FALSE,High
region,South Coast,total_abundance,M2 fish total abundance,period_split,Bloom 2026-02,by_status,No-take,0.4791666666666667,0.12937687430087624,24,0.375,0.125,4,-0.10416666666666669,78.26086956521738,-21.739130434782624,FALSE,Medium
region,South Coast,total_abundance,M2 fish total abundance,period_split,Bloom 2026-02,overall,Overall,1.6120689655172413,0.28103015555258526,232,0.28125,0.09092980351164665,16,-1.3308189655172413,17.446524064171122,-82.55347593582889,FALSE,High
region,South Coast,total_abundance,M2 fish total abundance,period_split,Bloom 2026-05,by_status,Fished,1.7427884615384615,0.31191609077479854,208,0.15625,0.0523514603733822,32,-1.5865384615384615,8.96551724137931,-91.0344827586207,FALSE,High
region,South Coast,total_abundance,M2 fish total abundance,period_split,Bloom 2026-05,by_status,No-take,0.4791666666666667,0.12937687430087624,24,0.125,0.125,4,-0.3541666666666667,26.08695652173913,-73.91304347826087,FALSE,High
region,South Coast,total_abundance,M2 fish total abundance,period_split,Bloom 2026-05,overall,Overall,1.6120689655172413,0.28103015555258526,232,0.1527777777777778,0.04805521148606067,36,-1.4592911877394634,9.477124183006538,-90.52287581699346,FALSE,High
region,South Coast,total_abundance,M2 invertebrate total abundance,period,Bloom,by_status,Fished,49.61538461538461,2.1061583026077595,208,17.571428571428573,1.4668096714451053,56,-32.043956043956044,35.41528239202658,-64.58471760797342,FALSE,High
region,South Coast,total_abundance,M2 invertebrate total abundance,period,Bloom,by_status,No-take,39.583333333333336,5.134483684394568,24,15.875,2.614776007888356,8,-23.708333333333336,40.10526315789473,-59.89473684210527,FALSE,High
region,South Coast,total_abundance,M2 invertebrate total abundance,period,Bloom,overall,Overall,48.577586206896555,1.9686967694013704,232,17.359375,1.320411189018526,64,-31.218211206896555,35.73535936113576,-64.26464063886425,FALSE,High
region,South Coast,total_abundance,M2 invertebrate total abundance,period_split,Bloom 2025-06,by_status,Fished,49.61538461538461,2.1061583026077595,208,14.375,2.981715110469141,12,-35.24038461538461,28.972868217054266,-71.02713178294573,FALSE,High
region,South Coast,total_abundance,M2 invertebrate total abundance,period_split,Bloom 2025-06,overall,Overall,48.577586206896555,1.9686967694013704,232,14.375,2.981715110469141,12,-34.202586206896555,29.591836734693878,-70.40816326530611,FALSE,High
region,South Coast,total_abundance,M2 invertebrate total abundance,period_split,Bloom 2026-02,by_status,Fished,49.61538461538461,2.1061583026077595,208,12.041666666666666,2.6100463926369533,12,-37.57371794871795,24.270025839793284,-75.72997416020672,FALSE,High
region,South Coast,total_abundance,M2 invertebrate total abundance,period_split,Bloom 2026-02,by_status,No-take,39.583333333333336,5.134483684394568,24,20.125,3.659320292076112,4,-19.458333333333336,50.84210526315789,-49.15789473684211,FALSE,Medium
region,South Coast,total_abundance,M2 invertebrate total abundance,period_split,Bloom 2026-02,overall,Overall,48.577586206896555,1.9686967694013704,232,14.0625,2.2875910728682842,16,-34.515086206896555,28.948535936113572,-71.05146406388643,FALSE,High
region,South Coast,total_abundance,M2 invertebrate total abundance,period_split,Bloom 2026-05,by_status,Fished,49.61538461538461,2.1061583026077595,208,20.84375,1.9369389796498744,32,-28.771634615384613,42.01065891472868,-57.98934108527132,FALSE,High
region,South Coast,total_abundance,M2 invertebrate total abundance,period_split,Bloom 2026-05,by_status,No-take,39.583333333333336,5.134483684394568,24,11.625,2.544397440128671,4,-27.958333333333336,29.368421052631575,-70.63157894736842,FALSE,High
region,South Coast,total_abundance,M2 invertebrate total abundance,period_split,Bloom 2026-05,overall,Overall,48.577586206896555,1.9686967694013704,232,19.819444444444443,1.8042226459783235,36,-28.758141762452112,40.799566203292905,-59.200433796707095,FALSE,High
region,Southern Yorke,b20,M1 fish B20 biomass,period,Bloom,by_status,Fished,4.958237468987498,1.468062169078926,12,6.453863277434402,2.249537510542254,14,1.4956258084469036,130.16446505036637,30.164465050366374,FALSE,Low
region,Southern Yorke,b20,M1 fish B20 biomass,period,Bloom,overall,Overall,4.958237468987498,1.468062169078926,12,6.453863277434402,2.249537510542254,14,1.4956258084469036,130.16446505036637,30.164465050366374,FALSE,Low
region,Southern Yorke,b20,M1 fish B20 biomass,period_split,Bloom 2025-06,by_status,Fished,4.958237468987498,1.468062169078926,12,0.18267811173840348,0.028622599887182586,2,-4.775559357249095,3.68433567131482,-96.31566432868517,FALSE,High
region,Southern Yorke,b20,M1 fish B20 biomass,period_split,Bloom 2025-06,overall,Overall,4.958237468987498,1.468062169078926,12,0.18267811173840348,0.028622599887182586,2,-4.775559357249095,3.68433567131482,-96.31566432868517,FALSE,High
region,Southern Yorke,b20,M1 fish B20 biomass,period_split,Bloom 2026-04,by_status,Fished,4.958237468987498,1.468062169078926,12,7.4990608050504015,2.5064006553088594,12,2.5408233360629033,151.24448661354162,51.244486613541625,FALSE,Low
region,Southern Yorke,b20,M1 fish B20 biomass,period_split,Bloom 2026-04,overall,Overall,4.958237468987498,1.468062169078926,12,7.4990608050504015,2.5064006553088594,12,2.5408233360629033,151.24448661354162,51.244486613541625,FALSE,Low
region,Southern Yorke,b20,M2 fish B20 biomass,period,Bloom,by_status,Fished,0,0,19,0.06904654615149244,0.046323669532319096,15,0.06904654615149244,NA,NA,TRUE,Undefined - pre-bloom zero
region,Southern Yorke,b20,M2 fish B20 biomass,period,Bloom,overall,Overall,0,0,19,0.06904654615149244,0.046323669532319096,15,0.06904654615149244,NA,NA,TRUE,Undefined - pre-bloom zero
region,Southern Yorke,b20,M2 fish B20 biomass,period_split,Bloom 2025-06,by_status,Fished,0,0,19,0,0,3,0,NA,NA,TRUE,Undefined - pre-bloom zero
region,Southern Yorke,b20,M2 fish B20 biomass,period_split,Bloom 2025-06,overall,Overall,0,0,19,0,0,3,0,NA,NA,TRUE,Undefined - pre-bloom zero
region,Southern Yorke,b20,M2 fish B20 biomass,period_split,Bloom 2026-04,by_status,Fished,0,0,19,0.08630818268936556,0.057257886159195436,12,0.08630818268936556,NA,NA,TRUE,Undefined - pre-bloom zero
region,Southern Yorke,b20,M2 fish B20 biomass,period_split,Bloom 2026-04,overall,Overall,0,0,19,0.08630818268936556,0.057257886159195436,12,0.08630818268936556,NA,NA,TRUE,Undefined - pre-bloom zero
region,Southern Yorke,invert_phylum_abundance,M2 invertebrate Arthropoda abundance,period,Bloom,by_status,Fished,1.85,0.41848725063897513,20,4.266666666666667,0.7102425250887505,15,2.4166666666666665,230.63063063063063,130.63063063063063,FALSE,Low
region,Southern Yorke,invert_phylum_abundance,M2 invertebrate Arthropoda abundance,period,Bloom,overall,Overall,1.85,0.41848725063897513,20,4.266666666666667,0.7102425250887505,15,2.4166666666666665,230.63063063063063,130.63063063063063,FALSE,Low
region,Southern Yorke,invert_phylum_abundance,M2 invertebrate Arthropoda abundance,period_split,Bloom 2025-06,by_status,Fished,1.85,0.41848725063897513,20,1.1666666666666667,0.6009252125773316,3,-0.6833333333333333,63.06306306306306,-36.93693693693694,FALSE,Medium
region,Southern Yorke,invert_phylum_abundance,M2 invertebrate Arthropoda abundance,period_split,Bloom 2025-06,overall,Overall,1.85,0.41848725063897513,20,1.1666666666666667,0.6009252125773316,3,-0.6833333333333333,63.06306306306306,-36.93693693693694,FALSE,Medium
region,Southern Yorke,invert_phylum_abundance,M2 invertebrate Arthropoda abundance,period_split,Bloom 2026-04,by_status,Fished,1.85,0.41848725063897513,20,5.041666666666667,0.7163098124936915,12,3.191666666666667,272.52252252252254,172.52252252252254,FALSE,Low
region,Southern Yorke,invert_phylum_abundance,M2 invertebrate Arthropoda abundance,period_split,Bloom 2026-04,overall,Overall,1.85,0.41848725063897513,20,5.041666666666667,0.7163098124936915,12,3.191666666666667,272.52252252252254,172.52252252252254,FALSE,Low
region,Southern Yorke,invert_phylum_abundance,M2 invertebrate Chordata abundance,period,Bloom,by_status,Fished,0,0,20,0,0,15,0,NA,NA,TRUE,Undefined - pre-bloom zero
region,Southern Yorke,invert_phylum_abundance,M2 invertebrate Chordata abundance,period,Bloom,overall,Overall,0,0,20,0,0,15,0,NA,NA,TRUE,Undefined - pre-bloom zero
region,Southern Yorke,invert_phylum_abundance,M2 invertebrate Chordata abundance,period_split,Bloom 2025-06,by_status,Fished,0,0,20,0,0,3,0,NA,NA,TRUE,Undefined - pre-bloom zero
region,Southern Yorke,invert_phylum_abundance,M2 invertebrate Chordata abundance,period_split,Bloom 2025-06,overall,Overall,0,0,20,0,0,3,0,NA,NA,TRUE,Undefined - pre-bloom zero
region,Southern Yorke,invert_phylum_abundance,M2 invertebrate Chordata abundance,period_split,Bloom 2026-04,by_status,Fished,0,0,20,0,0,12,0,NA,NA,TRUE,Undefined - pre-bloom zero
region,Southern Yorke,invert_phylum_abundance,M2 invertebrate Chordata abundance,period_split,Bloom 2026-04,overall,Overall,0,0,20,0,0,12,0,NA,NA,TRUE,Undefined - pre-bloom zero
region,Southern Yorke,invert_phylum_abundance,M2 invertebrate Cnidaria abundance,period,Bloom,by_status,Fished,0,0,20,0,0,15,0,NA,NA,TRUE,Undefined - pre-bloom zero
region,Southern Yorke,invert_phylum_abundance,M2 invertebrate Cnidaria abundance,period,Bloom,overall,Overall,0,0,20,0,0,15,0,NA,NA,TRUE,Undefined - pre-bloom zero
region,Southern Yorke,invert_phylum_abundance,M2 invertebrate Cnidaria abundance,period_split,Bloom 2025-06,by_status,Fished,0,0,20,0,0,3,0,NA,NA,TRUE,Undefined - pre-bloom zero
region,Southern Yorke,invert_phylum_abundance,M2 invertebrate Cnidaria abundance,period_split,Bloom 2025-06,overall,Overall,0,0,20,0,0,3,0,NA,NA,TRUE,Undefined - pre-bloom zero
region,Southern Yorke,invert_phylum_abundance,M2 invertebrate Cnidaria abundance,period_split,Bloom 2026-04,by_status,Fished,0,0,20,0,0,12,0,NA,NA,TRUE,Undefined - pre-bloom zero
region,Southern Yorke,invert_phylum_abundance,M2 invertebrate Cnidaria abundance,period_split,Bloom 2026-04,overall,Overall,0,0,20,0,0,12,0,NA,NA,TRUE,Undefined - pre-bloom zero
region,Southern Yorke,invert_phylum_abundance,M2 invertebrate Echinodermata abundance,period,Bloom,by_status,Fished,46.95,10.026143457560286,20,11.166666666666666,3.388238293001059,15,-35.78333333333334,23.784167554135603,-76.2158324458644,FALSE,High
region,Southern Yorke,invert_phylum_abundance,M2 invertebrate Echinodermata abundance,period,Bloom,overall,Overall,46.95,10.026143457560286,20,11.166666666666666,3.388238293001059,15,-35.78333333333334,23.784167554135603,-76.2158324458644,FALSE,High
region,Southern Yorke,invert_phylum_abundance,M2 invertebrate Echinodermata abundance,period_split,Bloom 2025-06,by_status,Fished,46.95,10.026143457560286,20,26.833333333333332,15.17216017726034,3,-20.11666666666667,57.152999645012414,-42.847000354987586,FALSE,Medium
region,Southern Yorke,invert_phylum_abundance,M2 invertebrate Echinodermata abundance,period_split,Bloom 2025-06,overall,Overall,46.95,10.026143457560286,20,26.833333333333332,15.17216017726034,3,-20.11666666666667,57.152999645012414,-42.847000354987586,FALSE,Medium
region,Southern Yorke,invert_phylum_abundance,M2 invertebrate Echinodermata abundance,period_split,Bloom 2026-04,by_status,Fished,46.95,10.026143457560286,20,7.25,0.9097535463802904,12,-39.7,15.4419595314164,-84.5580404685836,FALSE,High
region,Southern Yorke,invert_phylum_abundance,M2 invertebrate Echinodermata abundance,period_split,Bloom 2026-04,overall,Overall,46.95,10.026143457560286,20,7.25,0.9097535463802904,12,-39.7,15.4419595314164,-84.5580404685836,FALSE,High
region,Southern Yorke,invert_phylum_abundance,M2 invertebrate Mollusca abundance,period,Bloom,by_status,Fished,8,1.687414715193817,20,7.266666666666667,2.7863898244804606,15,-0.7333333333333334,90.83333333333333,-9.166666666666671,FALSE,Low
region,Southern Yorke,invert_phylum_abundance,M2 invertebrate Mollusca abundance,period,Bloom,overall,Overall,8,1.687414715193817,20,7.266666666666667,2.7863898244804606,15,-0.7333333333333334,90.83333333333333,-9.166666666666671,FALSE,Low
region,Southern Yorke,invert_phylum_abundance,M2 invertebrate Mollusca abundance,period_split,Bloom 2025-06,by_status,Fished,8,1.687414715193817,20,23.333333333333332,10.084366338270563,3,15.333333333333332,291.66666666666663,191.66666666666663,FALSE,Low
region,Southern Yorke,invert_phylum_abundance,M2 invertebrate Mollusca abundance,period_split,Bloom 2025-06,overall,Overall,8,1.687414715193817,20,23.333333333333332,10.084366338270563,3,15.333333333333332,291.66666666666663,191.66666666666663,FALSE,Low
region,Southern Yorke,invert_phylum_abundance,M2 invertebrate Mollusca abundance,period_split,Bloom 2026-04,by_status,Fished,8,1.687414715193817,20,3.25,0.6291528696058959,12,-4.75,40.625,-59.375,FALSE,High
region,Southern Yorke,invert_phylum_abundance,M2 invertebrate Mollusca abundance,period_split,Bloom 2026-04,overall,Overall,8,1.687414715193817,20,3.25,0.6291528696058959,12,-4.75,40.625,-59.375,FALSE,High
region,Southern Yorke,invert_phylum_abundance,M2 invertebrate Platyhelminthes abundance,period,Bloom,by_status,Fished,0,0,20,0,0,15,0,NA,NA,TRUE,Undefined - pre-bloom zero
region,Southern Yorke,invert_phylum_abundance,M2 invertebrate Platyhelminthes abundance,period,Bloom,overall,Overall,0,0,20,0,0,15,0,NA,NA,TRUE,Undefined - pre-bloom zero
region,Southern Yorke,invert_phylum_abundance,M2 invertebrate Platyhelminthes abundance,period_split,Bloom 2025-06,by_status,Fished,0,0,20,0,0,3,0,NA,NA,TRUE,Undefined - pre-bloom zero
region,Southern Yorke,invert_phylum_abundance,M2 invertebrate Platyhelminthes abundance,period_split,Bloom 2025-06,overall,Overall,0,0,20,0,0,3,0,NA,NA,TRUE,Undefined - pre-bloom zero
region,Southern Yorke,invert_phylum_abundance,M2 invertebrate Platyhelminthes abundance,period_split,Bloom 2026-04,by_status,Fished,0,0,20,0,0,12,0,NA,NA,TRUE,Undefined - pre-bloom zero
region,Southern Yorke,invert_phylum_abundance,M2 invertebrate Platyhelminthes abundance,period_split,Bloom 2026-04,overall,Overall,0,0,20,0,0,12,0,NA,NA,TRUE,Undefined - pre-bloom zero
region,Southern Yorke,invert_phylum_richness,M2 invertebrate Arthropoda species richness,period,Bloom,by_status,Fished,1.1,0.1762175688714022,20,1.4666666666666666,0.16523191974188067,15,0.3666666666666665,133.33333333333331,33.333333333333314,FALSE,Low
region,Southern Yorke,invert_phylum_richness,M2 invertebrate Arthropoda species richness,period,Bloom,overall,Overall,1.1,0.1762175688714022,20,1.4666666666666666,0.16523191974188067,15,0.3666666666666665,133.33333333333331,33.333333333333314,FALSE,Low
region,Southern Yorke,invert_phylum_richness,M2 invertebrate Arthropoda species richness,period_split,Bloom 2025-06,by_status,Fished,1.1,0.1762175688714022,20,0.6666666666666666,0.3333333333333333,3,-0.43333333333333346,60.606060606060595,-39.393939393939405,FALSE,Medium
region,Southern Yorke,invert_phylum_richness,M2 invertebrate Arthropoda species richness,period_split,Bloom 2025-06,overall,Overall,1.1,0.1762175688714022,20,0.6666666666666666,0.3333333333333333,3,-0.43333333333333346,60.606060606060595,-39.393939393939405,FALSE,Medium
region,Southern Yorke,invert_phylum_richness,M2 invertebrate Arthropoda species richness,period_split,Bloom 2026-04,by_status,Fished,1.1,0.1762175688714022,20,1.6666666666666667,0.1421338109037403,12,0.5666666666666667,151.5151515151515,51.5151515151515,FALSE,Low
region,Southern Yorke,invert_phylum_richness,M2 invertebrate Arthropoda species richness,period_split,Bloom 2026-04,overall,Overall,1.1,0.1762175688714022,20,1.6666666666666667,0.1421338109037403,12,0.5666666666666667,151.5151515151515,51.5151515151515,FALSE,Low
region,Southern Yorke,invert_phylum_richness,M2 invertebrate Echinodermata species richness,period,Bloom,by_status,Fished,5.8,0.4078183290065372,20,3.2,0.22253945610567472,15,-2.5999999999999996,55.172413793103445,-44.827586206896555,FALSE,Medium
region,Southern Yorke,invert_phylum_richness,M2 invertebrate Echinodermata species richness,period,Bloom,overall,Overall,5.8,0.4078183290065372,20,3.2,0.22253945610567472,15,-2.5999999999999996,55.172413793103445,-44.827586206896555,FALSE,Medium
region,Southern Yorke,invert_phylum_richness,M2 invertebrate Echinodermata species richness,period_split,Bloom 2025-06,by_status,Fished,5.8,0.4078183290065372,20,4.333333333333333,0.3333333333333333,3,-1.4666666666666668,74.71264367816092,-25.287356321839084,FALSE,Medium
region,Southern Yorke,invert_phylum_richness,M2 invertebrate Echinodermata species richness,period_split,Bloom 2025-06,overall,Overall,5.8,0.4078183290065372,20,4.333333333333333,0.3333333333333333,3,-1.4666666666666668,74.71264367816092,-25.287356321839084,FALSE,Medium
region,Southern Yorke,invert_phylum_richness,M2 invertebrate Echinodermata species richness,period_split,Bloom 2026-04,by_status,Fished,5.8,0.4078183290065372,20,2.9166666666666665,0.19299604852813632,12,-2.8833333333333333,50.287356321839084,-49.712643678160916,FALSE,Medium
region,Southern Yorke,invert_phylum_richness,M2 invertebrate Echinodermata species richness,period_split,Bloom 2026-04,overall,Overall,5.8,0.4078183290065372,20,2.9166666666666665,0.19299604852813632,12,-2.8833333333333333,50.287356321839084,-49.712643678160916,FALSE,Medium
region,Southern Yorke,invert_phylum_richness,M2 invertebrate Mollusca species richness,period,Bloom,by_status,Fished,3.05,0.32827299294144935,20,1.9,0.2544836041121407,15,-1.15,62.295081967213115,-37.704918032786885,FALSE,Medium
region,Southern Yorke,invert_phylum_richness,M2 invertebrate Mollusca species richness,period,Bloom,overall,Overall,3.05,0.32827299294144935,20,1.9,0.2544836041121407,15,-1.15,62.295081967213115,-37.704918032786885,FALSE,Medium
region,Southern Yorke,invert_phylum_richness,M2 invertebrate Mollusca species richness,period_split,Bloom 2025-06,by_status,Fished,3.05,0.32827299294144935,20,3.1666666666666665,0.7264831572567789,3,0.1166666666666667,103.82513661202186,3.825136612021865,FALSE,Low
region,Southern Yorke,invert_phylum_richness,M2 invertebrate Mollusca species richness,period_split,Bloom 2025-06,overall,Overall,3.05,0.32827299294144935,20,3.1666666666666665,0.7264831572567789,3,0.1166666666666667,103.82513661202186,3.825136612021865,FALSE,Low
region,Southern Yorke,invert_phylum_richness,M2 invertebrate Mollusca species richness,period_split,Bloom 2026-04,by_status,Fished,3.05,0.32827299294144935,20,1.5833333333333333,0.18291964344923692,12,-1.4666666666666666,51.91256830601093,-48.08743169398907,FALSE,Medium
region,Southern Yorke,invert_phylum_richness,M2 invertebrate Mollusca species richness,period_split,Bloom 2026-04,overall,Overall,3.05,0.32827299294144935,20,1.5833333333333333,0.18291964344923692,12,-1.4666666666666666,51.91256830601093,-48.08743169398907,FALSE,Medium
region,Southern Yorke,invert_phylum_shannon,M2 invertebrate Arthropoda Shannon diversity,period,Bloom,by_status,Fished,0.17704217825730229,0.07197881181987914,20,0.27471783002843686,0.06615146674548532,15,0.09767565177113458,155.17083710367524,55.17083710367524,FALSE,Low
region,Southern Yorke,invert_phylum_shannon,M2 invertebrate Arthropoda Shannon diversity,period,Bloom,overall,Overall,0.17704217825730229,0.07197881181987914,20,0.27471783002843686,0.06615146674548532,15,0.09767565177113458,155.17083710367524,55.17083710367524,FALSE,Low
region,Southern Yorke,invert_phylum_shannon,M2 invertebrate Arthropoda Shannon diversity,period_split,Bloom 2025-06,by_status,Fished,0.17704217825730229,0.07197881181987914,20,0,0,3,-0.17704217825730229,0,-100,FALSE,High
region,Southern Yorke,invert_phylum_shannon,M2 invertebrate Arthropoda Shannon diversity,period_split,Bloom 2025-06,overall,Overall,0.17704217825730229,0.07197881181987914,20,0,0,3,-0.17704217825730229,0,-100,FALSE,High
region,Southern Yorke,invert_phylum_shannon,M2 invertebrate Arthropoda Shannon diversity,period_split,Bloom 2026-04,by_status,Fished,0.17704217825730229,0.07197881181987914,20,0.34339728753554605,0.06941047225990883,12,0.16635510927824376,193.96354637959402,93.96354637959402,FALSE,Low
region,Southern Yorke,invert_phylum_shannon,M2 invertebrate Arthropoda Shannon diversity,period_split,Bloom 2026-04,overall,Overall,0.17704217825730229,0.07197881181987914,20,0.34339728753554605,0.06941047225990883,12,0.16635510927824376,193.96354637959402,93.96354637959402,FALSE,Low
region,Southern Yorke,invert_phylum_shannon,M2 invertebrate Echinodermata Shannon diversity,period,Bloom,by_status,Fished,1.0876153070579353,0.051780651355781575,20,0.875305062421144,0.07216940341854526,15,-0.21231024463679127,80.47928865481829,-19.52071134518171,FALSE,Low
region,Southern Yorke,invert_phylum_shannon,M2 invertebrate Echinodermata Shannon diversity,period,Bloom,overall,Overall,1.0876153070579353,0.051780651355781575,20,0.875305062421144,0.07216940341854526,15,-0.21231024463679127,80.47928865481829,-19.52071134518171,FALSE,Low
region,Southern Yorke,invert_phylum_shannon,M2 invertebrate Echinodermata Shannon diversity,period_split,Bloom 2025-06,by_status,Fished,1.0876153070579353,0.051780651355781575,20,0.9634061568279817,0.24914850305832353,3,-0.1242091502299536,88.57967983496418,-11.420320165035818,FALSE,Low
region,Southern Yorke,invert_phylum_shannon,M2 invertebrate Echinodermata Shannon diversity,period_split,Bloom 2025-06,overall,Overall,1.0876153070579353,0.051780651355781575,20,0.9634061568279817,0.24914850305832353,3,-0.1242091502299536,88.57967983496418,-11.420320165035818,FALSE,Low
region,Southern Yorke,invert_phylum_shannon,M2 invertebrate Echinodermata Shannon diversity,period_split,Bloom 2026-04,by_status,Fished,1.0876153070579353,0.051780651355781575,20,0.8532797888194346,0.07241568586171614,12,-0.23433551823850074,78.45419085978182,-21.545809140218182,FALSE,Medium
region,Southern Yorke,invert_phylum_shannon,M2 invertebrate Echinodermata Shannon diversity,period_split,Bloom 2026-04,overall,Overall,1.0876153070579353,0.051780651355781575,20,0.8532797888194346,0.07241568586171614,12,-0.23433551823850074,78.45419085978182,-21.545809140218182,FALSE,Medium
region,Southern Yorke,invert_phylum_shannon,M2 invertebrate Mollusca Shannon diversity,period,Bloom,by_status,Fished,0.8668647223873838,0.09725234640447224,20,0.4797797691639011,0.09351545699694563,15,-0.3870849532234827,55.34655601655658,-44.65344398344342,FALSE,Medium
region,Southern Yorke,invert_phylum_shannon,M2 invertebrate Mollusca Shannon diversity,period,Bloom,overall,Overall,0.8668647223873838,0.09725234640447224,20,0.4797797691639011,0.09351545699694563,15,-0.3870849532234827,55.34655601655658,-44.65344398344342,FALSE,Medium
region,Southern Yorke,invert_phylum_shannon,M2 invertebrate Mollusca Shannon diversity,period_split,Bloom 2025-06,by_status,Fished,0.8668647223873838,0.09725234640447224,20,0.8973418682271933,0.20128954208363328,3,0.03047714583980954,103.51579030184482,3.5157903018448167,FALSE,Low
region,Southern Yorke,invert_phylum_shannon,M2 invertebrate Mollusca Shannon diversity,period_split,Bloom 2025-06,overall,Overall,0.8668647223873838,0.09725234640447224,20,0.8973418682271933,0.20128954208363328,3,0.03047714583980954,103.51579030184482,3.5157903018448167,FALSE,Low
region,Southern Yorke,invert_phylum_shannon,M2 invertebrate Mollusca Shannon diversity,period_split,Bloom 2026-04,by_status,Fished,0.8668647223873838,0.09725234640447224,20,0.375389244398078,0.08436625457601993,12,-0.49147547798930574,43.30424744523453,-56.69575255476547,FALSE,High
region,Southern Yorke,invert_phylum_shannon,M2 invertebrate Mollusca Shannon diversity,period_split,Bloom 2026-04,overall,Overall,0.8668647223873838,0.09725234640447224,20,0.375389244398078,0.08436625457601993,12,-0.49147547798930574,43.30424744523453,-56.69575255476547,FALSE,High
region,Southern Yorke,invert_phylum_simpson,M2 invertebrate Arthropoda Simpson diversity,period,Bloom,by_status,Fished,1.0366666666666666,0.1517519521151548,20,1.241344139174722,0.11452814058985822,15,0.20467747250805535,119.743807637433,19.743807637432994,FALSE,Low
region,Southern Yorke,invert_phylum_simpson,M2 invertebrate Arthropoda Simpson diversity,period,Bloom,overall,Overall,1.0366666666666666,0.1517519521151548,20,1.241344139174722,0.11452814058985822,15,0.20467747250805535,119.743807637433,19.743807637432994,FALSE,Low
region,Southern Yorke,invert_phylum_simpson,M2 invertebrate Arthropoda Simpson diversity,period_split,Bloom 2025-06,by_status,Fished,1.0366666666666666,0.1517519521151548,20,0.6666666666666666,0.3333333333333333,3,-0.37,64.30868167202573,-35.69131832797427,FALSE,Medium
region,Southern Yorke,invert_phylum_simpson,M2 invertebrate Arthropoda Simpson diversity,period_split,Bloom 2025-06,overall,Overall,1.0366666666666666,0.1517519521151548,20,0.6666666666666666,0.3333333333333333,3,-0.37,64.30868167202573,-35.69131832797427,FALSE,Medium
region,Southern Yorke,invert_phylum_simpson,M2 invertebrate Arthropoda Simpson diversity,period_split,Bloom 2026-04,by_status,Fished,1.0366666666666666,0.1517519521151548,20,1.385013507301736,0.08021684816588105,12,0.3483468406350694,133.6025891287848,33.602589128784814,FALSE,Low
region,Southern Yorke,invert_phylum_simpson,M2 invertebrate Arthropoda Simpson diversity,period_split,Bloom 2026-04,overall,Overall,1.0366666666666666,0.1517519521151548,20,1.385013507301736,0.08021684816588105,12,0.3483468406350694,133.6025891287848,33.602589128784814,FALSE,Low
region,Southern Yorke,invert_phylum_simpson,M2 invertebrate Echinodermata Simpson diversity,period,Bloom,by_status,Fished,2.429109357878858,0.1299700375796927,20,2.2750476053122353,0.1756199497303387,15,-0.1540617525666228,93.6576856012299,-6.3423143987701,FALSE,Low
region,Southern Yorke,invert_phylum_simpson,M2 invertebrate Echinodermata Simpson diversity,period,Bloom,overall,Overall,2.429109357878858,0.1299700375796927,20,2.2750476053122353,0.1756199497303387,15,-0.1540617525666228,93.6576856012299,-6.3423143987701,FALSE,Low
region,Southern Yorke,invert_phylum_simpson,M2 invertebrate Echinodermata Simpson diversity,period_split,Bloom 2025-06,by_status,Fished,2.429109357878858,0.1299700375796927,20,2.4084746663206285,0.6621728070998323,3,-0.020634691558229612,99.15052438906051,-0.8494756109394928,FALSE,Low
region,Southern Yorke,invert_phylum_simpson,M2 invertebrate Echinodermata Simpson diversity,period_split,Bloom 2025-06,overall,Overall,2.429109357878858,0.1299700375796927,20,2.4084746663206285,0.6621728070998323,3,-0.020634691558229612,99.15052438906051,-0.8494756109394928,FALSE,Low
region,Southern Yorke,invert_phylum_simpson,M2 invertebrate Echinodermata Simpson diversity,period_split,Bloom 2026-04,by_status,Fished,2.429109357878858,0.1299700375796927,20,2.241690840060137,0.1692071446578433,12,-0.18741851781872088,92.28447590427226,-7.715524095727744,FALSE,Low
region,Southern Yorke,invert_phylum_simpson,M2 invertebrate Echinodermata Simpson diversity,period_split,Bloom 2026-04,overall,Overall,2.429109357878858,0.1299700375796927,20,2.241690840060137,0.1692071446578433,12,-0.18741851781872088,92.28447590427226,-7.715524095727744,FALSE,Low
region,Southern Yorke,invert_phylum_simpson,M2 invertebrate Mollusca Simpson diversity,period,Bloom,by_status,Fished,2.34276415861715,0.17435164205110865,20,1.6165233226067461,0.17088774430295559,15,-0.7262408360104038,69.00068522308803,-30.999314776911973,FALSE,Medium
region,Southern Yorke,invert_phylum_simpson,M2 invertebrate Mollusca Simpson diversity,period,Bloom,overall,Overall,2.34276415861715,0.17435164205110865,20,1.6165233226067461,0.17088774430295559,15,-0.7262408360104038,69.00068522308803,-30.999314776911973,FALSE,Medium
region,Southern Yorke,invert_phylum_simpson,M2 invertebrate Mollusca Simpson diversity,period_split,Bloom 2025-06,by_status,Fished,2.34276415861715,0.17435164205110865,20,2.3235991925719306,0.4416590704153573,3,-0.019164966045219334,99.18195068954223,-0.8180493104577664,FALSE,Low
region,Southern Yorke,invert_phylum_simpson,M2 invertebrate Mollusca Simpson diversity,period_split,Bloom 2025-06,overall,Overall,2.34276415861715,0.17435164205110865,20,2.3235991925719306,0.4416590704153573,3,-0.019164966045219334,99.18195068954223,-0.8180493104577664,FALSE,Low
region,Southern Yorke,invert_phylum_simpson,M2 invertebrate Mollusca Simpson diversity,period_split,Bloom 2026-04,by_status,Fished,2.34276415861715,0.17435164205110865,20,1.4397543551154501,0.15293437796438666,12,-0.9030098035016998,61.455368856474465,-38.544631143525535,FALSE,Medium
region,Southern Yorke,invert_phylum_simpson,M2 invertebrate Mollusca Simpson diversity,period_split,Bloom 2026-04,overall,Overall,2.34276415861715,0.17435164205110865,20,1.4397543551154501,0.15293437796438666,12,-0.9030098035016998,61.455368856474465,-38.544631143525535,FALSE,Medium
region,Southern Yorke,shannon_diversity,M1 fish Shannon diversity,period,Bloom,by_status,Fished,1.7187249085795286,0.1212587559918387,12,1.4675704285403104,0.14602461207061135,14,-0.25115448003921825,85.38716237918554,-14.61283762081446,FALSE,Low
region,Southern Yorke,shannon_diversity,M1 fish Shannon diversity,period,Bloom,overall,Overall,1.7187249085795286,0.1212587559918387,12,1.4675704285403104,0.14602461207061135,14,-0.25115448003921825,85.38716237918554,-14.61283762081446,FALSE,Low
region,Southern Yorke,shannon_diversity,M1 fish Shannon diversity,period_split,Bloom 2025-06,by_status,Fished,1.7187249085795286,0.1212587559918387,12,0.706241434981399,0.27245982074066843,2,-1.0124834735981296,41.09101063561621,-58.90898936438379,FALSE,High
region,Southern Yorke,shannon_diversity,M1 fish Shannon diversity,period_split,Bloom 2025-06,overall,Overall,1.7187249085795286,0.1212587559918387,12,0.706241434981399,0.27245982074066843,2,-1.0124834735981296,41.09101063561621,-58.90898936438379,FALSE,High
region,Southern Yorke,shannon_diversity,M1 fish Shannon diversity,period_split,Bloom 2026-04,by_status,Fished,1.7187249085795286,0.1212587559918387,12,1.5944585941334621,0.13427415517169994,12,-0.1242663144460665,92.76985433644708,-7.230145663552918,FALSE,Low
region,Southern Yorke,shannon_diversity,M1 fish Shannon diversity,period_split,Bloom 2026-04,overall,Overall,1.7187249085795286,0.1212587559918387,12,1.5944585941334621,0.13427415517169994,12,-0.1242663144460665,92.76985433644708,-7.230145663552918,FALSE,Low
region,Southern Yorke,shannon_diversity,M2 fish Shannon diversity,period,Bloom,by_status,Fished,0.1391696087826082,0.06658496885445407,19,0.30664876753069903,0.07407408129147404,15,0.16747915874809083,220.34176154774136,120.34176154774136,FALSE,Low
region,Southern Yorke,shannon_diversity,M2 fish Shannon diversity,period,Bloom,overall,Overall,0.1391696087826082,0.06658496885445407,19,0.30664876753069903,0.07407408129147404,15,0.16747915874809083,220.34176154774136,120.34176154774136,FALSE,Low
region,Southern Yorke,shannon_diversity,M2 fish Shannon diversity,period_split,Bloom 2025-06,by_status,Fished,0.1391696087826082,0.06658496885445407,19,0.3353620389578559,0.16796189584479856,3,0.19619243017524768,240.97361621653528,140.97361621653528,FALSE,Low
region,Southern Yorke,shannon_diversity,M2 fish Shannon diversity,period_split,Bloom 2025-06,overall,Overall,0.1391696087826082,0.06658496885445407,19,0.3353620389578559,0.16796189584479856,3,0.19619243017524768,240.97361621653528,140.97361621653528,FALSE,Low
region,Southern Yorke,shannon_diversity,M2 fish Shannon diversity,period_split,Bloom 2026-04,by_status,Fished,0.1391696087826082,0.06658496885445407,19,0.29947044967390984,0.08615985466847674,12,0.16030084089130164,215.18379788054287,115.18379788054287,FALSE,Low
region,Southern Yorke,shannon_diversity,M2 fish Shannon diversity,period_split,Bloom 2026-04,overall,Overall,0.1391696087826082,0.06658496885445407,19,0.29947044967390984,0.08615985466847674,12,0.16030084089130164,215.18379788054287,115.18379788054287,FALSE,Low
region,Southern Yorke,shannon_diversity,M2 invertebrate Shannon diversity,period,Bloom,by_status,Fished,1.547441133403942,0.07828941948775846,20,1.583291082721118,0.03476268363008191,15,0.035849949317176,102.31672459412502,2.31672459412502,FALSE,Low
region,Southern Yorke,shannon_diversity,M2 invertebrate Shannon diversity,period,Bloom,overall,Overall,1.547441133403942,0.07828941948775846,20,1.583291082721118,0.03476268363008191,15,0.035849949317176,102.31672459412502,2.31672459412502,FALSE,Low
region,Southern Yorke,shannon_diversity,M2 invertebrate Shannon diversity,period_split,Bloom 2025-06,by_status,Fished,1.547441133403942,0.07828941948775846,20,1.6655557996045902,0.10996866014670387,3,0.11811466620064826,107.63290206334561,7.632902063345611,FALSE,Low
region,Southern Yorke,shannon_diversity,M2 invertebrate Shannon diversity,period_split,Bloom 2025-06,overall,Overall,1.547441133403942,0.07828941948775846,20,1.6655557996045902,0.10996866014670387,3,0.11811466620064826,107.63290206334561,7.632902063345611,FALSE,Low
region,Southern Yorke,shannon_diversity,M2 invertebrate Shannon diversity,period_split,Bloom 2026-04,by_status,Fished,1.547441133403942,0.07828941948775846,20,1.5627249035002497,0.03435957096307893,12,0.01528377009630777,100.98768022681985,0.9876802268198475,FALSE,Low
region,Southern Yorke,shannon_diversity,M2 invertebrate Shannon diversity,period_split,Bloom 2026-04,overall,Overall,1.547441133403942,0.07828941948775846,20,1.5627249035002497,0.03435957096307893,12,0.01528377009630777,100.98768022681985,0.9876802268198475,FALSE,Low
region,Southern Yorke,simpson_diversity,M1 fish Simpson diversity,period,Bloom,by_status,Fished,4.611492954099908,0.44317861900372213,12,4.021656109936765,0.45212190793856755,14,-0.589836844163143,87.20941677599787,-12.790583224002134,FALSE,Low
region,Southern Yorke,simpson_diversity,M1 fish Simpson diversity,period,Bloom,overall,Overall,4.611492954099908,0.44317861900372213,12,4.021656109936765,0.45212190793856755,14,-0.589836844163143,87.20941677599787,-12.790583224002134,FALSE,Low
region,Southern Yorke,simpson_diversity,M1 fish Simpson diversity,period_split,Bloom 2025-06,by_status,Fished,4.611492954099908,0.44317861900372213,12,2.0888888888888886,0.5888888888888888,2,-2.522604065211019,45.297453767802786,-54.702546232197214,FALSE,High
region,Southern Yorke,simpson_diversity,M1 fish Simpson diversity,period_split,Bloom 2025-06,overall,Overall,4.611492954099908,0.44317861900372213,12,2.0888888888888886,0.5888888888888888,2,-2.522604065211019,45.297453767802786,-54.702546232197214,FALSE,High
region,Southern Yorke,simpson_diversity,M1 fish Simpson diversity,period_split,Bloom 2026-04,by_status,Fished,4.611492954099908,0.44317861900372213,12,4.343783980111411,0.45886415340334497,12,-0.2677089739884968,94.19474394403039,-5.805256055969608,FALSE,Low
region,Southern Yorke,simpson_diversity,M1 fish Simpson diversity,period_split,Bloom 2026-04,overall,Overall,4.611492954099908,0.44317861900372213,12,4.343783980111411,0.45886415340334497,12,-0.2677089739884968,94.19474394403039,-5.805256055969608,FALSE,Low
region,Southern Yorke,simpson_diversity,M2 fish Simpson diversity,period,Bloom,by_status,Fished,0.6428370391218688,0.17637512400099112,19,1.1259977676448265,0.17868608214645945,15,0.48316072852295766,175.16068600884714,75.16068600884714,FALSE,Low
region,Southern Yorke,simpson_diversity,M2 fish Simpson diversity,period,Bloom,overall,Overall,0.6428370391218688,0.17637512400099112,19,1.1259977676448265,0.17868608214645945,15,0.48316072852295766,175.16068600884714,75.16068600884714,FALSE,Low
region,Southern Yorke,simpson_diversity,M2 fish Simpson diversity,period_split,Bloom 2025-06,by_status,Fished,0.6428370391218688,0.17637512400099112,19,1.2651651651651652,0.39730353931799656,3,0.6223281260432963,196.80962486128863,96.80962486128863,FALSE,Low
region,Southern Yorke,simpson_diversity,M2 fish Simpson diversity,period_split,Bloom 2025-06,overall,Overall,0.6428370391218688,0.17637512400099112,19,1.2651651651651652,0.39730353931799656,3,0.6223281260432963,196.80962486128863,96.80962486128863,FALSE,Low
region,Southern Yorke,simpson_diversity,M2 fish Simpson diversity,period_split,Bloom 2026-04,by_status,Fished,0.6428370391218688,0.17637512400099112,19,1.0912059182647418,0.20753424998411515,12,0.44836887914287293,169.74845129573674,69.74845129573674,FALSE,Low
region,Southern Yorke,simpson_diversity,M2 fish Simpson diversity,period_split,Bloom 2026-04,overall,Overall,0.6428370391218688,0.17637512400099112,19,1.0912059182647418,0.20753424998411515,12,0.44836887914287293,169.74845129573674,69.74845129573674,FALSE,Low
region,Southern Yorke,simpson_diversity,M2 invertebrate Simpson diversity,period,Bloom,by_status,Fished,3.5890949936416083,0.30025706620525894,20,4.13722816913913,0.16415589761660243,15,0.5481331754975214,115.27218355793276,15.272183557932763,FALSE,Low
region,Southern Yorke,simpson_diversity,M2 invertebrate Simpson diversity,period,Bloom,overall,Overall,3.5890949936416083,0.30025706620525894,20,4.13722816913913,0.16415589761660243,15,0.5481331754975214,115.27218355793276,15.272183557932763,FALSE,Low
region,Southern Yorke,simpson_diversity,M2 invertebrate Simpson diversity,period_split,Bloom 2025-06,by_status,Fished,3.5890949936416083,0.30025706620525894,20,4.4106249455851865,0.7317826289183231,3,0.8215299519435781,122.88961293582337,22.889612935823365,FALSE,Low
region,Southern Yorke,simpson_diversity,M2 invertebrate Simpson diversity,period_split,Bloom 2025-06,overall,Overall,3.5890949936416083,0.30025706620525894,20,4.4106249455851865,0.7317826289183231,3,0.8215299519435781,122.88961293582337,22.889612935823365,FALSE,Low
region,Southern Yorke,simpson_diversity,M2 invertebrate Simpson diversity,period_split,Bloom 2026-04,by_status,Fished,3.5890949936416083,0.30025706620525894,20,4.068878975027616,0.12808530820891306,12,0.4797839813860074,113.3678262134601,13.367826213460106,FALSE,Low
region,Southern Yorke,simpson_diversity,M2 invertebrate Simpson diversity,period_split,Bloom 2026-04,overall,Overall,3.5890949936416083,0.30025706620525894,20,4.068878975027616,0.12808530820891306,12,0.4797839813860074,113.3678262134601,13.367826213460106,FALSE,Low
region,Southern Yorke,species_richness,M1 fish species richness,period,Bloom,by_status,Fished,10.208333333333334,0.8604489960174716,12,7.964285714285714,0.9909817056703482,14,-2.2440476190476195,78.01749271137027,-21.982507288629733,FALSE,Medium
region,Southern Yorke,species_richness,M1 fish species richness,period,Bloom,overall,Overall,10.208333333333334,0.8604489960174716,12,7.964285714285714,0.9909817056703482,14,-2.2440476190476195,78.01749271137027,-21.982507288629733,FALSE,Medium
region,Southern Yorke,species_richness,M1 fish species richness,period_split,Bloom 2025-06,by_status,Fished,10.208333333333334,0.8604489960174716,12,2.5,0.5,2,-7.708333333333334,24.489795918367346,-75.51020408163265,FALSE,High
region,Southern Yorke,species_richness,M1 fish species richness,period_split,Bloom 2025-06,overall,Overall,10.208333333333334,0.8604489960174716,12,2.5,0.5,2,-7.708333333333334,24.489795918367346,-75.51020408163265,FALSE,High
region,Southern Yorke,species_richness,M1 fish species richness,period_split,Bloom 2026-04,by_status,Fished,10.208333333333334,0.8604489960174716,12,8.875,0.906886531942217,12,-1.333333333333334,86.93877551020408,-13.061224489795919,FALSE,Low
region,Southern Yorke,species_richness,M1 fish species richness,period_split,Bloom 2026-04,overall,Overall,10.208333333333334,0.8604489960174716,12,8.875,0.906886531942217,12,-1.333333333333334,86.93877551020408,-13.061224489795919,FALSE,Low
region,Southern Yorke,species_richness,M2 fish species richness,period,Bloom,by_status,Fished,0.7368421052631579,0.21415009852164388,19,1.3333333333333333,0.23737987772599078,15,0.5964912280701754,180.95238095238096,80.95238095238096,FALSE,Low
region,Southern Yorke,species_richness,M2 fish species richness,period,Bloom,overall,Overall,0.7368421052631579,0.21415009852164388,19,1.3333333333333333,0.23737987772599078,15,0.5964912280701754,180.95238095238096,80.95238095238096,FALSE,Low
region,Southern Yorke,species_richness,M2 fish species richness,period_split,Bloom 2025-06,by_status,Fished,0.7368421052631579,0.21415009852164388,19,1.5,0.5,3,0.7631578947368421,203.5714285714286,103.57142857142861,FALSE,Low
region,Southern Yorke,species_richness,M2 fish species richness,period_split,Bloom 2025-06,overall,Overall,0.7368421052631579,0.21415009852164388,19,1.5,0.5,3,0.7631578947368421,203.5714285714286,103.57142857142861,FALSE,Low
region,Southern Yorke,species_richness,M2 fish species richness,period_split,Bloom 2026-04,by_status,Fished,0.7368421052631579,0.21415009852164388,19,1.2916666666666667,0.2783768791920171,12,0.5548245614035089,175.29761904761907,75.29761904761907,FALSE,Low
region,Southern Yorke,species_richness,M2 fish species richness,period_split,Bloom 2026-04,overall,Overall,0.7368421052631579,0.21415009852164388,19,1.2916666666666667,0.2783768791920171,12,0.5548245614035089,175.29761904761907,75.29761904761907,FALSE,Low
region,Southern Yorke,species_richness,M2 invertebrate species richness,period,Bloom,by_status,Fished,9.95,0.6302672783075948,20,6.566666666666666,0.3194737736708477,15,-3.383333333333333,65.9966499162479,-34.003350083752096,FALSE,Medium
region,Southern Yorke,species_richness,M2 invertebrate species richness,period,Bloom,overall,Overall,9.95,0.6302672783075948,20,6.566666666666666,0.3194737736708477,15,-3.383333333333333,65.9966499162479,-34.003350083752096,FALSE,Medium
region,Southern Yorke,species_richness,M2 invertebrate species richness,period_split,Bloom 2025-06,by_status,Fished,9.95,0.6302672783075948,20,8.166666666666666,0.6009252125773316,3,-1.7833333333333332,82.07705192629817,-17.922948073701832,FALSE,Low
region,Southern Yorke,species_richness,M2 invertebrate species richness,period_split,Bloom 2025-06,overall,Overall,9.95,0.6302672783075948,20,8.166666666666666,0.6009252125773316,3,-1.7833333333333332,82.07705192629817,-17.922948073701832,FALSE,Low
region,Southern Yorke,species_richness,M2 invertebrate species richness,period_split,Bloom 2026-04,by_status,Fished,9.95,0.6302672783075948,20,6.166666666666667,0.2706147136286629,12,-3.7833333333333323,61.97654941373535,-38.02345058626465,FALSE,Medium
region,Southern Yorke,species_richness,M2 invertebrate species richness,period_split,Bloom 2026-04,overall,Overall,9.95,0.6302672783075948,20,6.166666666666667,0.2706147136286629,12,-3.7833333333333323,61.97654941373535,-38.02345058626465,FALSE,Medium
region,Southern Yorke,total_abundance,M1 fish total abundance,period,Bloom,by_status,Fished,63.041666666666664,15.198492042092049,12,40.607142857142854,12.30286067102842,14,-22.43452380952381,64.41318100273817,-35.58681899726183,FALSE,Medium
region,Southern Yorke,total_abundance,M1 fish total abundance,period,Bloom,overall,Overall,63.041666666666664,15.198492042092049,12,40.607142857142854,12.30286067102842,14,-22.43452380952381,64.41318100273817,-35.58681899726183,FALSE,Medium
region,Southern Yorke,total_abundance,M1 fish total abundance,period_split,Bloom 2025-06,by_status,Fished,63.041666666666664,15.198492042092049,12,5.75,0.25,2,-57.291666666666664,9.120951751487112,-90.87904824851289,FALSE,High
region,Southern Yorke,total_abundance,M1 fish total abundance,period_split,Bloom 2025-06,overall,Overall,63.041666666666664,15.198492042092049,12,5.75,0.25,2,-57.291666666666664,9.120951751487112,-90.87904824851289,FALSE,High
region,Southern Yorke,total_abundance,M1 fish total abundance,period_split,Bloom 2026-04,by_status,Fished,63.041666666666664,15.198492042092049,12,46.416666666666664,13.682663402195415,12,-16.625,73.62855254461334,-26.371447455386658,FALSE,Medium
region,Southern Yorke,total_abundance,M1 fish total abundance,period_split,Bloom 2026-04,overall,Overall,63.041666666666664,15.198492042092049,12,46.416666666666664,13.682663402195415,12,-16.625,73.62855254461334,-26.371447455386658,FALSE,Medium
region,Southern Yorke,total_abundance,M2 fish total abundance,period,Bloom,by_status,Fished,1.5263157894736843,0.5990656518934692,19,4.7,1.4661254412647673,15,3.173684210526316,307.9310344827586,207.9310344827586,FALSE,Low
region,Southern Yorke,total_abundance,M2 fish total abundance,period,Bloom,overall,Overall,1.5263157894736843,0.5990656518934692,19,4.7,1.4661254412647673,15,3.173684210526316,307.9310344827586,207.9310344827586,FALSE,Low
region,Southern Yorke,total_abundance,M2 fish total abundance,period_split,Bloom 2025-06,by_status,Fished,1.5263157894736843,0.5990656518934692,19,3.1666666666666665,1.4529663145135578,3,1.6403508771929822,207.47126436781608,107.47126436781608,FALSE,Low
region,Southern Yorke,total_abundance,M2 fish total abundance,period_split,Bloom 2025-06,overall,Overall,1.5263157894736843,0.5990656518934692,19,3.1666666666666665,1.4529663145135578,3,1.6403508771929822,207.47126436781608,107.47126436781608,FALSE,Low
region,Southern Yorke,total_abundance,M2 fish total abundance,period_split,Bloom 2026-04,by_status,Fished,1.5263157894736843,0.5990656518934692,19,5.083333333333333,1.8047006523089764,12,3.557017543859649,333.04597701149424,233.04597701149424,FALSE,Low
region,Southern Yorke,total_abundance,M2 fish total abundance,period_split,Bloom 2026-04,overall,Overall,1.5263157894736843,0.5990656518934692,19,5.083333333333333,1.8047006523089764,12,3.557017543859649,333.04597701149424,233.04597701149424,FALSE,Low
region,Southern Yorke,total_abundance,M2 invertebrate total abundance,period,Bloom,by_status,Fished,56.8,10.336089049640838,20,22.7,5.763555450290335,15,-34.099999999999994,39.96478873239437,-60.03521126760563,FALSE,High
region,Southern Yorke,total_abundance,M2 invertebrate total abundance,period,Bloom,overall,Overall,56.8,10.336089049640838,20,22.7,5.763555450290335,15,-34.099999999999994,39.96478873239437,-60.03521126760563,FALSE,High
region,Southern Yorke,total_abundance,M2 invertebrate total abundance,period_split,Bloom 2025-06,by_status,Fished,56.8,10.336089049640838,20,51.333333333333336,24.18045583615918,3,-5.4666666666666615,90.3755868544601,-9.624413145539904,FALSE,Low
region,Southern Yorke,total_abundance,M2 invertebrate total abundance,period_split,Bloom 2025-06,overall,Overall,56.8,10.336089049640838,20,51.333333333333336,24.18045583615918,3,-5.4666666666666615,90.3755868544601,-9.624413145539904,FALSE,Low
region,Southern Yorke,total_abundance,M2 invertebrate total abundance,period_split,Bloom 2026-04,by_status,Fished,56.8,10.336089049640838,20,15.541666666666666,1.7259805440339817,12,-41.25833333333333,27.362089201877936,-72.63791079812206,FALSE,High
region,Southern Yorke,total_abundance,M2 invertebrate total abundance,period_split,Bloom 2026-04,overall,Overall,56.8,10.336089049640838,20,15.541666666666666,1.7259805440339817,12,-41.25833333333333,27.362089201877936,-72.63791079812206,FALSE,High
region,Upper Gulf St Vincent,b20,M1 fish B20 biomass,period,Bloom,by_status,Fished,0.27614548846149806,0.07401030726568496,72,2.709451595008398,1.5030829128591738,20,2.4333061065469,981.1681552733992,881.1681552733992,FALSE,Low
region,Upper Gulf St Vincent,b20,M1 fish B20 biomass,period,Bloom,overall,Overall,0.27614548846149806,0.07401030726568496,72,2.709451595008398,1.5030829128591738,20,2.4333061065469,981.1681552733992,881.1681552733992,FALSE,Low
region,Upper Gulf St Vincent,b20,M1 fish B20 biomass,period_split,Bloom 2025-11,by_status,Fished,0.27614548846149806,0.07401030726568496,72,2.709451595008398,1.5030829128591738,20,2.4333061065469,981.1681552733992,881.1681552733992,FALSE,Low
region,Upper Gulf St Vincent,b20,M1 fish B20 biomass,period_split,Bloom 2025-11,overall,Overall,0.27614548846149806,0.07401030726568496,72,2.709451595008398,1.5030829128591738,20,2.4333061065469,981.1681552733992,881.1681552733992,FALSE,Low
region,Upper Gulf St Vincent,b20,M2 fish B20 biomass,period,Bloom,by_status,Fished,0.009597465805130382,0.004836352743548734,72,0,0,20,-0.009597465805130382,0,-100,FALSE,High
region,Upper Gulf St Vincent,b20,M2 fish B20 biomass,period,Bloom,overall,Overall,0.009597465805130382,0.004836352743548734,72,0,0,20,-0.009597465805130382,0,-100,FALSE,High
region,Upper Gulf St Vincent,b20,M2 fish B20 biomass,period_split,Bloom 2025-11,by_status,Fished,0.009597465805130382,0.004836352743548734,72,0,0,20,-0.009597465805130382,0,-100,FALSE,High
region,Upper Gulf St Vincent,b20,M2 fish B20 biomass,period_split,Bloom 2025-11,overall,Overall,0.009597465805130382,0.004836352743548734,72,0,0,20,-0.009597465805130382,0,-100,FALSE,High
region,Upper Gulf St Vincent,invert_phylum_abundance,M2 invertebrate Arthropoda abundance,period,Bloom,by_status,Fished,2.8402777777777777,0.2569127206233351,72,2.025,0.4175035455254431,20,-0.8152777777777778,71.2958435207824,-28.704156479217602,FALSE,Medium
region,Upper Gulf St Vincent,invert_phylum_abundance,M2 invertebrate Arthropoda abundance,period,Bloom,overall,Overall,2.8402777777777777,0.2569127206233351,72,2.025,0.4175035455254431,20,-0.8152777777777778,71.2958435207824,-28.704156479217602,FALSE,Medium
region,Upper Gulf St Vincent,invert_phylum_abundance,M2 invertebrate Arthropoda abundance,period_split,Bloom 2025-11,by_status,Fished,2.8402777777777777,0.2569127206233351,72,2.025,0.4175035455254431,20,-0.8152777777777778,71.2958435207824,-28.704156479217602,FALSE,Medium
region,Upper Gulf St Vincent,invert_phylum_abundance,M2 invertebrate Arthropoda abundance,period_split,Bloom 2025-11,overall,Overall,2.8402777777777777,0.2569127206233351,72,2.025,0.4175035455254431,20,-0.8152777777777778,71.2958435207824,-28.704156479217602,FALSE,Medium
region,Upper Gulf St Vincent,invert_phylum_abundance,M2 invertebrate Chordata abundance,period,Bloom,by_status,Fished,0,0,72,0,0,20,0,NA,NA,TRUE,Undefined - pre-bloom zero
region,Upper Gulf St Vincent,invert_phylum_abundance,M2 invertebrate Chordata abundance,period,Bloom,overall,Overall,0,0,72,0,0,20,0,NA,NA,TRUE,Undefined - pre-bloom zero
region,Upper Gulf St Vincent,invert_phylum_abundance,M2 invertebrate Chordata abundance,period_split,Bloom 2025-11,by_status,Fished,0,0,72,0,0,20,0,NA,NA,TRUE,Undefined - pre-bloom zero
region,Upper Gulf St Vincent,invert_phylum_abundance,M2 invertebrate Chordata abundance,period_split,Bloom 2025-11,overall,Overall,0,0,72,0,0,20,0,NA,NA,TRUE,Undefined - pre-bloom zero
region,Upper Gulf St Vincent,invert_phylum_abundance,M2 invertebrate Cnidaria abundance,period,Bloom,by_status,Fished,0.04861111111111111,0.022464809513832604,72,0,0,20,-0.04861111111111111,0,-100,FALSE,High
region,Upper Gulf St Vincent,invert_phylum_abundance,M2 invertebrate Cnidaria abundance,period,Bloom,overall,Overall,0.04861111111111111,0.022464809513832604,72,0,0,20,-0.04861111111111111,0,-100,FALSE,High
region,Upper Gulf St Vincent,invert_phylum_abundance,M2 invertebrate Cnidaria abundance,period_split,Bloom 2025-11,by_status,Fished,0.04861111111111111,0.022464809513832604,72,0,0,20,-0.04861111111111111,0,-100,FALSE,High
region,Upper Gulf St Vincent,invert_phylum_abundance,M2 invertebrate Cnidaria abundance,period_split,Bloom 2025-11,overall,Overall,0.04861111111111111,0.022464809513832604,72,0,0,20,-0.04861111111111111,0,-100,FALSE,High
region,Upper Gulf St Vincent,invert_phylum_abundance,M2 invertebrate Echinodermata abundance,period,Bloom,by_status,Fished,3.625,0.27845672112539516,72,0.025,0.024999999999999998,20,-3.6,0.6896551724137931,-99.3103448275862,FALSE,High
region,Upper Gulf St Vincent,invert_phylum_abundance,M2 invertebrate Echinodermata abundance,period,Bloom,overall,Overall,3.625,0.27845672112539516,72,0.025,0.024999999999999998,20,-3.6,0.6896551724137931,-99.3103448275862,FALSE,High
region,Upper Gulf St Vincent,invert_phylum_abundance,M2 invertebrate Echinodermata abundance,period_split,Bloom 2025-11,by_status,Fished,3.625,0.27845672112539516,72,0.025,0.024999999999999998,20,-3.6,0.6896551724137931,-99.3103448275862,FALSE,High
region,Upper Gulf St Vincent,invert_phylum_abundance,M2 invertebrate Echinodermata abundance,period_split,Bloom 2025-11,overall,Overall,3.625,0.27845672112539516,72,0.025,0.024999999999999998,20,-3.6,0.6896551724137931,-99.3103448275862,FALSE,High
region,Upper Gulf St Vincent,invert_phylum_abundance,M2 invertebrate Mollusca abundance,period,Bloom,by_status,Fished,4.638888888888889,0.6174007670722153,72,3.525,1.540452342999494,20,-1.1138888888888894,75.9880239520958,-24.0119760479042,FALSE,Medium
region,Upper Gulf St Vincent,invert_phylum_abundance,M2 invertebrate Mollusca abundance,period,Bloom,overall,Overall,4.638888888888889,0.6174007670722153,72,3.525,1.540452342999494,20,-1.1138888888888894,75.9880239520958,-24.0119760479042,FALSE,Medium
region,Upper Gulf St Vincent,invert_phylum_abundance,M2 invertebrate Mollusca abundance,period_split,Bloom 2025-11,by_status,Fished,4.638888888888889,0.6174007670722153,72,3.525,1.540452342999494,20,-1.1138888888888894,75.9880239520958,-24.0119760479042,FALSE,Medium
region,Upper Gulf St Vincent,invert_phylum_abundance,M2 invertebrate Mollusca abundance,period_split,Bloom 2025-11,overall,Overall,4.638888888888889,0.6174007670722153,72,3.525,1.540452342999494,20,-1.1138888888888894,75.9880239520958,-24.0119760479042,FALSE,Medium
region,Upper Gulf St Vincent,invert_phylum_abundance,M2 invertebrate Platyhelminthes abundance,period,Bloom,by_status,Fished,0,0,72,0,0,20,0,NA,NA,TRUE,Undefined - pre-bloom zero
region,Upper Gulf St Vincent,invert_phylum_abundance,M2 invertebrate Platyhelminthes abundance,period,Bloom,overall,Overall,0,0,72,0,0,20,0,NA,NA,TRUE,Undefined - pre-bloom zero
region,Upper Gulf St Vincent,invert_phylum_abundance,M2 invertebrate Platyhelminthes abundance,period_split,Bloom 2025-11,by_status,Fished,0,0,72,0,0,20,0,NA,NA,TRUE,Undefined - pre-bloom zero
region,Upper Gulf St Vincent,invert_phylum_abundance,M2 invertebrate Platyhelminthes abundance,period_split,Bloom 2025-11,overall,Overall,0,0,72,0,0,20,0,NA,NA,TRUE,Undefined - pre-bloom zero
region,Upper Gulf St Vincent,invert_phylum_richness,M2 invertebrate Arthropoda species richness,period,Bloom,by_status,Fished,1.3541666666666667,0.08241127205745781,72,1.1,0.17991225931723379,20,-0.25416666666666665,81.23076923076923,-18.769230769230774,FALSE,Low
region,Upper Gulf St Vincent,invert_phylum_richness,M2 invertebrate Arthropoda species richness,period,Bloom,overall,Overall,1.3541666666666667,0.08241127205745781,72,1.1,0.17991225931723379,20,-0.25416666666666665,81.23076923076923,-18.769230769230774,FALSE,Low
region,Upper Gulf St Vincent,invert_phylum_richness,M2 invertebrate Arthropoda species richness,period_split,Bloom 2025-11,by_status,Fished,1.3541666666666667,0.08241127205745781,72,1.1,0.17991225931723379,20,-0.25416666666666665,81.23076923076923,-18.769230769230774,FALSE,Low
region,Upper Gulf St Vincent,invert_phylum_richness,M2 invertebrate Arthropoda species richness,period_split,Bloom 2025-11,overall,Overall,1.3541666666666667,0.08241127205745781,72,1.1,0.17991225931723379,20,-0.25416666666666665,81.23076923076923,-18.769230769230774,FALSE,Low
region,Upper Gulf St Vincent,invert_phylum_richness,M2 invertebrate Echinodermata species richness,period,Bloom,by_status,Fished,1.7847222222222223,0.10269566465635525,72,0.025,0.024999999999999998,20,-1.7597222222222224,1.4007782101167316,-98.59922178988327,FALSE,High
region,Upper Gulf St Vincent,invert_phylum_richness,M2 invertebrate Echinodermata species richness,period,Bloom,overall,Overall,1.7847222222222223,0.10269566465635525,72,0.025,0.024999999999999998,20,-1.7597222222222224,1.4007782101167316,-98.59922178988327,FALSE,High
region,Upper Gulf St Vincent,invert_phylum_richness,M2 invertebrate Echinodermata species richness,period_split,Bloom 2025-11,by_status,Fished,1.7847222222222223,0.10269566465635525,72,0.025,0.024999999999999998,20,-1.7597222222222224,1.4007782101167316,-98.59922178988327,FALSE,High
region,Upper Gulf St Vincent,invert_phylum_richness,M2 invertebrate Echinodermata species richness,period_split,Bloom 2025-11,overall,Overall,1.7847222222222223,0.10269566465635525,72,0.025,0.024999999999999998,20,-1.7597222222222224,1.4007782101167316,-98.59922178988327,FALSE,High
region,Upper Gulf St Vincent,invert_phylum_richness,M2 invertebrate Mollusca species richness,period,Bloom,by_status,Fished,1.9097222222222223,0.1335409141500953,72,0.825,0.29306681472786517,20,-1.0847222222222224,43.199999999999996,-56.800000000000004,FALSE,High
region,Upper Gulf St Vincent,invert_phylum_richness,M2 invertebrate Mollusca species richness,period,Bloom,overall,Overall,1.9097222222222223,0.1335409141500953,72,0.825,0.29306681472786517,20,-1.0847222222222224,43.199999999999996,-56.800000000000004,FALSE,High
region,Upper Gulf St Vincent,invert_phylum_richness,M2 invertebrate Mollusca species richness,period_split,Bloom 2025-11,by_status,Fished,1.9097222222222223,0.1335409141500953,72,0.825,0.29306681472786517,20,-1.0847222222222224,43.199999999999996,-56.800000000000004,FALSE,High
region,Upper Gulf St Vincent,invert_phylum_richness,M2 invertebrate Mollusca species richness,period_split,Bloom 2025-11,overall,Overall,1.9097222222222223,0.1335409141500953,72,0.825,0.29306681472786517,20,-1.0847222222222224,43.199999999999996,-56.800000000000004,FALSE,High
region,Upper Gulf St Vincent,invert_phylum_shannon,M2 invertebrate Arthropoda Shannon diversity,period,Bloom,by_status,Fished,0.270300320308743,0.03571851607550487,72,0.20580341890963375,0.06403884018219004,20,-0.06449690139910927,76.13879949330453,-23.861200506695468,FALSE,Medium
region,Upper Gulf St Vincent,invert_phylum_shannon,M2 invertebrate Arthropoda Shannon diversity,period,Bloom,overall,Overall,0.270300320308743,0.03571851607550487,72,0.20580341890963375,0.06403884018219004,20,-0.06449690139910927,76.13879949330453,-23.861200506695468,FALSE,Medium
region,Upper Gulf St Vincent,invert_phylum_shannon,M2 invertebrate Arthropoda Shannon diversity,period_split,Bloom 2025-11,by_status,Fished,0.270300320308743,0.03571851607550487,72,0.20580341890963375,0.06403884018219004,20,-0.06449690139910927,76.13879949330453,-23.861200506695468,FALSE,Medium
region,Upper Gulf St Vincent,invert_phylum_shannon,M2 invertebrate Arthropoda Shannon diversity,period_split,Bloom 2025-11,overall,Overall,0.270300320308743,0.03571851607550487,72,0.20580341890963375,0.06403884018219004,20,-0.06449690139910927,76.13879949330453,-23.861200506695468,FALSE,Medium
region,Upper Gulf St Vincent,invert_phylum_shannon,M2 invertebrate Echinodermata Shannon diversity,period,Bloom,by_status,Fished,0.45167498105139703,0.04315282979941403,72,0,0,20,-0.45167498105139703,0,-100,FALSE,High
region,Upper Gulf St Vincent,invert_phylum_shannon,M2 invertebrate Echinodermata Shannon diversity,period,Bloom,overall,Overall,0.45167498105139703,0.04315282979941403,72,0,0,20,-0.45167498105139703,0,-100,FALSE,High
region,Upper Gulf St Vincent,invert_phylum_shannon,M2 invertebrate Echinodermata Shannon diversity,period_split,Bloom 2025-11,by_status,Fished,0.45167498105139703,0.04315282979941403,72,0,0,20,-0.45167498105139703,0,-100,FALSE,High
region,Upper Gulf St Vincent,invert_phylum_shannon,M2 invertebrate Echinodermata Shannon diversity,period_split,Bloom 2025-11,overall,Overall,0.45167498105139703,0.04315282979941403,72,0,0,20,-0.45167498105139703,0,-100,FALSE,High
region,Upper Gulf St Vincent,invert_phylum_shannon,M2 invertebrate Mollusca Shannon diversity,period,Bloom,by_status,Fished,0.4888213816188293,0.044855683836676014,72,0.20673041010740426,0.08790568646129139,20,-0.28209097151142504,42.29160545775951,-57.70839454224049,FALSE,High
region,Upper Gulf St Vincent,invert_phylum_shannon,M2 invertebrate Mollusca Shannon diversity,period,Bloom,overall,Overall,0.4888213816188293,0.044855683836676014,72,0.20673041010740426,0.08790568646129139,20,-0.28209097151142504,42.29160545775951,-57.70839454224049,FALSE,High
region,Upper Gulf St Vincent,invert_phylum_shannon,M2 invertebrate Mollusca Shannon diversity,period_split,Bloom 2025-11,by_status,Fished,0.4888213816188293,0.044855683836676014,72,0.20673041010740426,0.08790568646129139,20,-0.28209097151142504,42.29160545775951,-57.70839454224049,FALSE,High
region,Upper Gulf St Vincent,invert_phylum_shannon,M2 invertebrate Mollusca Shannon diversity,period_split,Bloom 2025-11,overall,Overall,0.4888213816188293,0.044855683836676014,72,0.20673041010740426,0.08790568646129139,20,-0.28209097151142504,42.29160545775951,-57.70839454224049,FALSE,High
region,Upper Gulf St Vincent,invert_phylum_simpson,M2 invertebrate Arthropoda Simpson diversity,period,Bloom,by_status,Fished,1.2281866005625226,0.06950400795324034,72,1.019012096324445,0.1559459920777457,20,-0.2091745042380777,82.96883355165464,-17.03116644834536,FALSE,Low
region,Upper Gulf St Vincent,invert_phylum_simpson,M2 invertebrate Arthropoda Simpson diversity,period,Bloom,overall,Overall,1.2281866005625226,0.06950400795324034,72,1.019012096324445,0.1559459920777457,20,-0.2091745042380777,82.96883355165464,-17.03116644834536,FALSE,Low
region,Upper Gulf St Vincent,invert_phylum_simpson,M2 invertebrate Arthropoda Simpson diversity,period_split,Bloom 2025-11,by_status,Fished,1.2281866005625226,0.06950400795324034,72,1.019012096324445,0.1559459920777457,20,-0.2091745042380777,82.96883355165464,-17.03116644834536,FALSE,Low
region,Upper Gulf St Vincent,invert_phylum_simpson,M2 invertebrate Arthropoda Simpson diversity,period_split,Bloom 2025-11,overall,Overall,1.2281866005625226,0.06950400795324034,72,1.019012096324445,0.1559459920777457,20,-0.2091745042380777,82.96883355165464,-17.03116644834536,FALSE,Low
region,Upper Gulf St Vincent,invert_phylum_simpson,M2 invertebrate Echinodermata Simpson diversity,period,Bloom,by_status,Fished,1.582658886180882,0.08313111957530885,72,0.025,0.024999999999999998,20,-1.557658886180882,1.5796202339170864,-98.42037976608292,FALSE,High
region,Upper Gulf St Vincent,invert_phylum_simpson,M2 invertebrate Echinodermata Simpson diversity,period,Bloom,overall,Overall,1.582658886180882,0.08313111957530885,72,0.025,0.024999999999999998,20,-1.557658886180882,1.5796202339170864,-98.42037976608292,FALSE,High
region,Upper Gulf St Vincent,invert_phylum_simpson,M2 invertebrate Echinodermata Simpson diversity,period_split,Bloom 2025-11,by_status,Fished,1.582658886180882,0.08313111957530885,72,0.025,0.024999999999999998,20,-1.557658886180882,1.5796202339170864,-98.42037976608292,FALSE,High
region,Upper Gulf St Vincent,invert_phylum_simpson,M2 invertebrate Echinodermata Simpson diversity,period_split,Bloom 2025-11,overall,Overall,1.582658886180882,0.08313111957530885,72,0.025,0.024999999999999998,20,-1.557658886180882,1.5796202339170864,-98.42037976608292,FALSE,High
region,Upper Gulf St Vincent,invert_phylum_simpson,M2 invertebrate Mollusca Simpson diversity,period,Bloom,by_status,Fished,1.5823659837406605,0.09030024802067907,72,0.6416810466438907,0.2092149931296557,20,-0.9406849370967698,40.551999552403046,-59.448000447596954,FALSE,High
region,Upper Gulf St Vincent,invert_phylum_simpson,M2 invertebrate Mollusca Simpson diversity,period,Bloom,overall,Overall,1.5823659837406605,0.09030024802067907,72,0.6416810466438907,0.2092149931296557,20,-0.9406849370967698,40.551999552403046,-59.448000447596954,FALSE,High
region,Upper Gulf St Vincent,invert_phylum_simpson,M2 invertebrate Mollusca Simpson diversity,period_split,Bloom 2025-11,by_status,Fished,1.5823659837406605,0.09030024802067907,72,0.6416810466438907,0.2092149931296557,20,-0.9406849370967698,40.551999552403046,-59.448000447596954,FALSE,High
region,Upper Gulf St Vincent,invert_phylum_simpson,M2 invertebrate Mollusca Simpson diversity,period_split,Bloom 2025-11,overall,Overall,1.5823659837406605,0.09030024802067907,72,0.6416810466438907,0.2092149931296557,20,-0.9406849370967698,40.551999552403046,-59.448000447596954,FALSE,High
region,Upper Gulf St Vincent,shannon_diversity,M1 fish Shannon diversity,period,Bloom,by_status,Fished,0.624151370878541,0.05029917592712731,72,0.18494574456608281,0.08335301012121993,20,-0.4392056263124582,29.631553048703147,-70.36844695129685,FALSE,High
region,Upper Gulf St Vincent,shannon_diversity,M1 fish Shannon diversity,period,Bloom,overall,Overall,0.624151370878541,0.05029917592712731,72,0.18494574456608281,0.08335301012121993,20,-0.4392056263124582,29.631553048703147,-70.36844695129685,FALSE,High
region,Upper Gulf St Vincent,shannon_diversity,M1 fish Shannon diversity,period_split,Bloom 2025-11,by_status,Fished,0.624151370878541,0.05029917592712731,72,0.18494574456608281,0.08335301012121993,20,-0.4392056263124582,29.631553048703147,-70.36844695129685,FALSE,High
region,Upper Gulf St Vincent,shannon_diversity,M1 fish Shannon diversity,period_split,Bloom 2025-11,overall,Overall,0.624151370878541,0.05029917592712731,72,0.18494574456608281,0.08335301012121993,20,-0.4392056263124582,29.631553048703147,-70.36844695129685,FALSE,High
region,Upper Gulf St Vincent,shannon_diversity,M2 fish Shannon diversity,period,Bloom,by_status,Fished,0.36692815139617796,0.036497433984099235,72,0,0,20,-0.36692815139617796,0,-100,FALSE,High
region,Upper Gulf St Vincent,shannon_diversity,M2 fish Shannon diversity,period,Bloom,overall,Overall,0.36692815139617796,0.036497433984099235,72,0,0,20,-0.36692815139617796,0,-100,FALSE,High
region,Upper Gulf St Vincent,shannon_diversity,M2 fish Shannon diversity,period_split,Bloom 2025-11,by_status,Fished,0.36692815139617796,0.036497433984099235,72,0,0,20,-0.36692815139617796,0,-100,FALSE,High
region,Upper Gulf St Vincent,shannon_diversity,M2 fish Shannon diversity,period_split,Bloom 2025-11,overall,Overall,0.36692815139617796,0.036497433984099235,72,0,0,20,-0.36692815139617796,0,-100,FALSE,High
region,Upper Gulf St Vincent,shannon_diversity,M2 invertebrate Shannon diversity,period,Bloom,by_status,Fished,1.3409637209654344,0.04795560687587705,72,0.4581649430849404,0.1302613489133839,20,-0.882798777880494,34.166841050336686,-65.83315894966331,FALSE,High
region,Upper Gulf St Vincent,shannon_diversity,M2 invertebrate Shannon diversity,period,Bloom,overall,Overall,1.3409637209654344,0.04795560687587705,72,0.4581649430849404,0.1302613489133839,20,-0.882798777880494,34.166841050336686,-65.83315894966331,FALSE,High
region,Upper Gulf St Vincent,shannon_diversity,M2 invertebrate Shannon diversity,period_split,Bloom 2025-11,by_status,Fished,1.3409637209654344,0.04795560687587705,72,0.4581649430849404,0.1302613489133839,20,-0.882798777880494,34.166841050336686,-65.83315894966331,FALSE,High
region,Upper Gulf St Vincent,shannon_diversity,M2 invertebrate Shannon diversity,period_split,Bloom 2025-11,overall,Overall,1.3409637209654344,0.04795560687587705,72,0.4581649430849404,0.1302613489133839,20,-0.882798777880494,34.166841050336686,-65.83315894966331,FALSE,High
region,Upper Gulf St Vincent,simpson_diversity,M1 fish Simpson diversity,period,Bloom,by_status,Fished,1.8223303150840353,0.0980114144414931,72,0.7224119217271057,0.20452407394478372,20,-1.0999183933569296,39.64220513413301,-60.35779486586699,FALSE,High
region,Upper Gulf St Vincent,simpson_diversity,M1 fish Simpson diversity,period,Bloom,overall,Overall,1.8223303150840353,0.0980114144414931,72,0.7224119217271057,0.20452407394478372,20,-1.0999183933569296,39.64220513413301,-60.35779486586699,FALSE,High
region,Upper Gulf St Vincent,simpson_diversity,M1 fish Simpson diversity,period_split,Bloom 2025-11,by_status,Fished,1.8223303150840353,0.0980114144414931,72,0.7224119217271057,0.20452407394478372,20,-1.0999183933569296,39.64220513413301,-60.35779486586699,FALSE,High
region,Upper Gulf St Vincent,simpson_diversity,M1 fish Simpson diversity,period_split,Bloom 2025-11,overall,Overall,1.8223303150840353,0.0980114144414931,72,0.7224119217271057,0.20452407394478372,20,-1.0999183933569296,39.64220513413301,-60.35779486586699,FALSE,High
region,Upper Gulf St Vincent,simpson_diversity,M2 fish Simpson diversity,period,Bloom,by_status,Fished,1.3265915535535764,0.07360589048177647,72,0.375,0.09511073878158526,20,-0.9515915535535764,28.267932129936863,-71.73206787006313,FALSE,High
region,Upper Gulf St Vincent,simpson_diversity,M2 fish Simpson diversity,period,Bloom,overall,Overall,1.3265915535535764,0.07360589048177647,72,0.375,0.09511073878158526,20,-0.9515915535535764,28.267932129936863,-71.73206787006313,FALSE,High
region,Upper Gulf St Vincent,simpson_diversity,M2 fish Simpson diversity,period_split,Bloom 2025-11,by_status,Fished,1.3265915535535764,0.07360589048177647,72,0.375,0.09511073878158526,20,-0.9515915535535764,28.267932129936863,-71.73206787006313,FALSE,High
region,Upper Gulf St Vincent,simpson_diversity,M2 fish Simpson diversity,period_split,Bloom 2025-11,overall,Overall,1.3265915535535764,0.07360589048177647,72,0.375,0.09511073878158526,20,-0.9515915535535764,28.267932129936863,-71.73206787006313,FALSE,High
region,Upper Gulf St Vincent,simpson_diversity,M2 invertebrate Simpson diversity,period,Bloom,by_status,Fished,3.666346428824029,0.14789266497826364,72,1.5327182462665279,0.2975315363153165,20,-2.1336281825575014,41.80505786950807,-58.19494213049193,FALSE,High
region,Upper Gulf St Vincent,simpson_diversity,M2 invertebrate Simpson diversity,period,Bloom,overall,Overall,3.666346428824029,0.14789266497826364,72,1.5327182462665279,0.2975315363153165,20,-2.1336281825575014,41.80505786950807,-58.19494213049193,FALSE,High
region,Upper Gulf St Vincent,simpson_diversity,M2 invertebrate Simpson diversity,period_split,Bloom 2025-11,by_status,Fished,3.666346428824029,0.14789266497826364,72,1.5327182462665279,0.2975315363153165,20,-2.1336281825575014,41.80505786950807,-58.19494213049193,FALSE,High
region,Upper Gulf St Vincent,simpson_diversity,M2 invertebrate Simpson diversity,period_split,Bloom 2025-11,overall,Overall,3.666346428824029,0.14789266497826364,72,1.5327182462665279,0.2975315363153165,20,-2.1336281825575014,41.80505786950807,-58.19494213049193,FALSE,High
region,Upper Gulf St Vincent,species_richness,M1 fish species richness,period,Bloom,by_status,Fished,3.0277777777777777,0.19900203109805464,72,0.925,0.304084043091968,20,-2.102777777777778,30.550458715596335,-69.44954128440367,FALSE,High
region,Upper Gulf St Vincent,species_richness,M1 fish species richness,period,Bloom,overall,Overall,3.0277777777777777,0.19900203109805464,72,0.925,0.304084043091968,20,-2.102777777777778,30.550458715596335,-69.44954128440367,FALSE,High
region,Upper Gulf St Vincent,species_richness,M1 fish species richness,period_split,Bloom 2025-11,by_status,Fished,3.0277777777777777,0.19900203109805464,72,0.925,0.304084043091968,20,-2.102777777777778,30.550458715596335,-69.44954128440367,FALSE,High
region,Upper Gulf St Vincent,species_richness,M1 fish species richness,period_split,Bloom 2025-11,overall,Overall,3.0277777777777777,0.19900203109805464,72,0.925,0.304084043091968,20,-2.102777777777778,30.550458715596335,-69.44954128440367,FALSE,High
region,Upper Gulf St Vincent,species_richness,M2 fish species richness,period,Bloom,by_status,Fished,1.5972222222222223,0.10355519538244941,72,0.375,0.09511073878158526,20,-1.2222222222222223,23.478260869565215,-76.52173913043478,FALSE,High
region,Upper Gulf St Vincent,species_richness,M2 fish species richness,period,Bloom,overall,Overall,1.5972222222222223,0.10355519538244941,72,0.375,0.09511073878158526,20,-1.2222222222222223,23.478260869565215,-76.52173913043478,FALSE,High
region,Upper Gulf St Vincent,species_richness,M2 fish species richness,period_split,Bloom 2025-11,by_status,Fished,1.5972222222222223,0.10355519538244941,72,0.375,0.09511073878158526,20,-1.2222222222222223,23.478260869565215,-76.52173913043478,FALSE,High
region,Upper Gulf St Vincent,species_richness,M2 fish species richness,period_split,Bloom 2025-11,overall,Overall,1.5972222222222223,0.10355519538244941,72,0.375,0.09511073878158526,20,-1.2222222222222223,23.478260869565215,-76.52173913043478,FALSE,High
region,Upper Gulf St Vincent,species_richness,M2 invertebrate species richness,period,Bloom,by_status,Fished,5.083333333333333,0.24882352288299855,72,1.95,0.4529145382380306,20,-3.133333333333333,38.36065573770492,-61.63934426229508,FALSE,High
region,Upper Gulf St Vincent,species_richness,M2 invertebrate species richness,period,Bloom,overall,Overall,5.083333333333333,0.24882352288299855,72,1.95,0.4529145382380306,20,-3.133333333333333,38.36065573770492,-61.63934426229508,FALSE,High
region,Upper Gulf St Vincent,species_richness,M2 invertebrate species richness,period_split,Bloom 2025-11,by_status,Fished,5.083333333333333,0.24882352288299855,72,1.95,0.4529145382380306,20,-3.133333333333333,38.36065573770492,-61.63934426229508,FALSE,High
region,Upper Gulf St Vincent,species_richness,M2 invertebrate species richness,period_split,Bloom 2025-11,overall,Overall,5.083333333333333,0.24882352288299855,72,1.95,0.4529145382380306,20,-3.133333333333333,38.36065573770492,-61.63934426229508,FALSE,High
region,Upper Gulf St Vincent,total_abundance,M1 fish total abundance,period,Bloom,by_status,Fished,38.00694444444444,8.144788968962875,72,5.6,3.0757112998459393,20,-32.40694444444444,14.734149460990315,-85.26585053900969,FALSE,High
region,Upper Gulf St Vincent,total_abundance,M1 fish total abundance,period,Bloom,overall,Overall,38.00694444444444,8.144788968962875,72,5.6,3.0757112998459393,20,-32.40694444444444,14.734149460990315,-85.26585053900969,FALSE,High
region,Upper Gulf St Vincent,total_abundance,M1 fish total abundance,period_split,Bloom 2025-11,by_status,Fished,38.00694444444444,8.144788968962875,72,5.6,3.0757112998459393,20,-32.40694444444444,14.734149460990315,-85.26585053900969,FALSE,High
region,Upper Gulf St Vincent,total_abundance,M1 fish total abundance,period_split,Bloom 2025-11,overall,Overall,38.00694444444444,8.144788968962875,72,5.6,3.0757112998459393,20,-32.40694444444444,14.734149460990315,-85.26585053900969,FALSE,High
region,Upper Gulf St Vincent,total_abundance,M2 fish total abundance,period,Bloom,by_status,Fished,5.354166666666667,0.5626303969881324,72,0.775,0.22790522037391817,20,-4.579166666666667,14.474708171206224,-85.52529182879377,FALSE,High
region,Upper Gulf St Vincent,total_abundance,M2 fish total abundance,period,Bloom,overall,Overall,5.354166666666667,0.5626303969881324,72,0.775,0.22790522037391817,20,-4.579166666666667,14.474708171206224,-85.52529182879377,FALSE,High
region,Upper Gulf St Vincent,total_abundance,M2 fish total abundance,period_split,Bloom 2025-11,by_status,Fished,5.354166666666667,0.5626303969881324,72,0.775,0.22790522037391817,20,-4.579166666666667,14.474708171206224,-85.52529182879377,FALSE,High
region,Upper Gulf St Vincent,total_abundance,M2 fish total abundance,period_split,Bloom 2025-11,overall,Overall,5.354166666666667,0.5626303969881324,72,0.775,0.22790522037391817,20,-4.579166666666667,14.474708171206224,-85.52529182879377,FALSE,High
region,Upper Gulf St Vincent,total_abundance,M2 invertebrate total abundance,period,Bloom,by_status,Fished,11.152777777777779,0.8619862154415221,72,5.575,1.8674056729506905,20,-5.577777777777778,49.987546699875466,-50.012453300124534,FALSE,High
region,Upper Gulf St Vincent,total_abundance,M2 invertebrate total abundance,period,Bloom,overall,Overall,11.152777777777779,0.8619862154415221,72,5.575,1.8674056729506905,20,-5.577777777777778,49.987546699875466,-50.012453300124534,FALSE,High
region,Upper Gulf St Vincent,total_abundance,M2 invertebrate total abundance,period_split,Bloom 2025-11,by_status,Fished,11.152777777777779,0.8619862154415221,72,5.575,1.8674056729506905,20,-5.577777777777778,49.987546699875466,-50.012453300124534,FALSE,High
region,Upper Gulf St Vincent,total_abundance,M2 invertebrate total abundance,period_split,Bloom 2025-11,overall,Overall,11.152777777777779,0.8619862154415221,72,5.575,1.8674056729506905,20,-5.577777777777778,49.987546699875466,-50.012453300124534,FALSE,High
