spatial_level,group_name,method,period_name,taxon_plot,mean_abundance,total_mean_abundance,percent
location,Carrickalinga,M1 fish,Bloom 2026-01,Austrolabrus maculatus,2.2734375,22.859375,9.945317840054683
location,Carrickalinga,M1 fish,Bloom 2026-01,Notolabrus parilus,3.34375,22.859375,14.627477785372522
location,Carrickalinga,M1 fish,Bloom 2026-01,Other,5.5390625,22.859375,24.23103212576897
location,Carrickalinga,M1 fish,Bloom 2026-01,Parapriacanthus elongatus,0,22.859375,0
location,Carrickalinga,M1 fish,Bloom 2026-01,Pseudogoniistius nigripes,2.1484375,22.859375,9.398496240601503
location,Carrickalinga,M1 fish,Bloom 2026-01,Scorpis aequipinnis,4.28125,22.859375,18.72863978127136
location,Carrickalinga,M1 fish,Bloom 2026-01,Siphamia cephalotes,0,22.859375,0
location,Carrickalinga,M1 fish,Bloom 2026-01,Siphonognathus beddomei,0.0234375,22.859375,0.10252904989747096
location,Carrickalinga,M1 fish,Bloom 2026-01,Trachinops noarlungae,5.25,22.859375,22.966507177033492
location,Carrickalinga,M1 fish,Pre-bloom,Austrolabrus maculatus,2.505291005291005,134.1216931216931,1.8679237839756992
location,Carrickalinga,M1 fish,Pre-bloom,Notolabrus parilus,0.9629629629629629,134.1216931216931,0.7179770405144187
location,Carrickalinga,M1 fish,Pre-bloom,Other,20.452380952380953,134.1216931216931,15.249122253343328
location,Carrickalinga,M1 fish,Pre-bloom,Parapriacanthus elongatus,10.13888888888889,134.1216931216931,7.559469801570082
location,Carrickalinga,M1 fish,Pre-bloom,Pseudogoniistius nigripes,1.664021164021164,134.1216931216931,1.2406801057240917
location,Carrickalinga,M1 fish,Pre-bloom,Scorpis aequipinnis,3.517195767195767,134.1216931216931,2.622391415834944
location,Carrickalinga,M1 fish,Pre-bloom,Siphamia cephalotes,10.576719576719576,134.1216931216931,7.8859126592765
location,Carrickalinga,M1 fish,Pre-bloom,Siphonognathus beddomei,2.607142857142857,134.1216931216931,1.9438636632608783
location,Carrickalinga,M1 fish,Pre-bloom,Trachinops noarlungae,81.69708994708995,134.1216931216931,60.912659276500065
location,Carrickalinga,M2 fish,Bloom 2026-01,Eocallionymus papilio,0.031746031746031744,0.6587301587301587,4.8192771084337345
location,Carrickalinga,M2 fish,Bloom 2026-01,Helcogramma decurrens,0.16666666666666666,0.6587301587301587,25.301204819277107
location,Carrickalinga,M2 fish,Bloom 2026-01,Hypoplectrodes nigroruber,0.03968253968253968,0.6587301587301587,6.024096385542168
location,Carrickalinga,M2 fish,Bloom 2026-01,Other,0.19047619047619047,0.6587301587301587,28.91566265060241
location,Carrickalinga,M2 fish,Bloom 2026-01,Pempheris multiradiata,0.0873015873015873,0.6587301587301587,13.25301204819277
location,Carrickalinga,M2 fish,Bloom 2026-01,Trinorfolkia clarkei,0.14285714285714285,0.6587301587301587,21.686746987951807
location,Carrickalinga,M2 fish,Bloom 2026-01,Tripterygiidae spp,0,0.6587301587301587,0
location,Carrickalinga,M2 fish,Pre-bloom,Eocallionymus papilio,0.32845744680851063,6.68218085106383,4.915422885572139
location,Carrickalinga,M2 fish,Pre-bloom,Helcogramma decurrens,3.375,6.68218085106383,50.507462686567166
location,Carrickalinga,M2 fish,Pre-bloom,Hypoplectrodes nigroruber,0.05319148936170213,6.68218085106383,0.7960199004975124
location,Carrickalinga,M2 fish,Pre-bloom,Other,1.190159574468085,6.68218085106383,17.810945273631837
location,Carrickalinga,M2 fish,Pre-bloom,Pempheris multiradiata,0.523936170212766,6.68218085106383,7.840796019900497
location,Carrickalinga,M2 fish,Pre-bloom,Trinorfolkia clarkei,0.3696808510638298,6.68218085106383,5.532338308457711
location,Carrickalinga,M2 fish,Pre-bloom,Tripterygiidae spp,0.8417553191489362,6.68218085106383,12.597014925373136
location,Carrickalinga,M2 invertebrates,Bloom 2026-01,Cenolia trichoptera,0.0625,8.6875,0.7194244604316546
location,Carrickalinga,M2 invertebrates,Bloom 2026-01,Comanthus spp,0,8.6875,0
location,Carrickalinga,M2 invertebrates,Bloom 2026-01,Fusinus australis,0.4765625,8.6875,5.485611510791367
location,Carrickalinga,M2 invertebrates,Bloom 2026-01,Guinusia chabrus,0.84375,8.6875,9.712230215827338
location,Carrickalinga,M2 invertebrates,Bloom 2026-01,Lunella undulata,0.3359375,8.6875,3.866906474820144
location,Carrickalinga,M2 invertebrates,Bloom 2026-01,Other,1.921875,8.6875,22.12230215827338
location,Carrickalinga,M2 invertebrates,Bloom 2026-01,Paguridae & Diogenidae spp,3.5859375,8.6875,41.276978417266186
location,Carrickalinga,M2 invertebrates,Bloom 2026-01,Phasianella ventricosa,0.015625,8.6875,0.17985611510791366
location,Carrickalinga,M2 invertebrates,Bloom 2026-01,Pleuroploca australasia,1.4453125,8.6875,16.636690647482013
location,Carrickalinga,M2 invertebrates,Pre-bloom,Cenolia trichoptera,1.7949735449735449,25.599206349206348,7.01183279078179
location,Carrickalinga,M2 invertebrates,Pre-bloom,Comanthus spp,1.0753968253968254,25.599206349206348,4.2008990854131145
location,Carrickalinga,M2 invertebrates,Pre-bloom,Fusinus australis,0.09126984126984126,25.599206349206348,0.3565338707177182
location,Carrickalinga,M2 invertebrates,Pre-bloom,Guinusia chabrus,0.17195767195767195,25.599206349206348,0.6717304810623677
location,Carrickalinga,M2 invertebrates,Pre-bloom,Lunella undulata,13.350529100529101,25.599206349206348,52.1521211181729
location,Carrickalinga,M2 invertebrates,Pre-bloom,Other,4.228835978835979,25.599206349206348,16.51940267658761
location,Carrickalinga,M2 invertebrates,Pre-bloom,Paguridae & Diogenidae spp,1.007936507936508,25.599206349206348,3.9373740505348005
location,Carrickalinga,M2 invertebrates,Pre-bloom,Phasianella ventricosa,1.7103174603174602,25.599206349206348,6.6811347077972405
location,Carrickalinga,M2 invertebrates,Pre-bloom,Pleuroploca australasia,2.167989417989418,25.599206349206348,8.468971218932467
location,Eastern Spencer Gulf,M1 fish,Bloom 2026-03,Girella zebra,0.9583333333333334,9.791666666666666,9.787234042553193
location,Eastern Spencer Gulf,M1 fish,Bloom 2026-03,Kyphosus sydneyanus,0.3333333333333333,9.791666666666666,3.4042553191489358
location,Eastern Spencer Gulf,M1 fish,Bloom 2026-03,Neoodax balteatus,0.9166666666666666,9.791666666666666,9.361702127659575
location,Eastern Spencer Gulf,M1 fish,Bloom 2026-03,Notolabrus tetricus,2.3333333333333335,9.791666666666666,23.829787234042556
location,Eastern Spencer Gulf,M1 fish,Bloom 2026-03,Other,1.4583333333333333,9.791666666666666,14.893617021276595
location,Eastern Spencer Gulf,M1 fish,Bloom 2026-03,Scorpis aequipinnis,1.9583333333333333,9.791666666666666,20
location,Eastern Spencer Gulf,M1 fish,Bloom 2026-03,Siphonognathus beddomei,0.041666666666666664,9.791666666666666,0.42553191489361697
location,Eastern Spencer Gulf,M1 fish,Bloom 2026-03,Trachinops noarlungae,1.7916666666666667,9.791666666666666,18.297872340425535
location,Eastern Spencer Gulf,M1 fish,Pre-bloom,Girella zebra,0.13636363636363635,22.545454545454547,0.6048387096774193
location,Eastern Spencer Gulf,M1 fish,Pre-bloom,Kyphosus sydneyanus,2.272727272727273,22.545454545454547,10.080645161290322
location,Eastern Spencer Gulf,M1 fish,Pre-bloom,Neoodax balteatus,0.4090909090909091,22.545454545454547,1.8145161290322582
location,Eastern Spencer Gulf,M1 fish,Pre-bloom,Notolabrus tetricus,3.272727272727273,22.545454545454547,14.516129032258066
location,Eastern Spencer Gulf,M1 fish,Pre-bloom,Other,8.045454545454545,22.545454545454547,35.68548387096774
location,Eastern Spencer Gulf,M1 fish,Pre-bloom,Scorpis aequipinnis,2.272727272727273,22.545454545454547,10.080645161290322
location,Eastern Spencer Gulf,M1 fish,Pre-bloom,Siphonognathus beddomei,2.6818181818181817,22.545454545454547,11.89516129032258
location,Eastern Spencer Gulf,M1 fish,Pre-bloom,Trachinops noarlungae,3.4545454545454546,22.545454545454547,15.322580645161288
location,Eastern Spencer Gulf,M2 fish,Bloom 2026-03,Callionymidae spp,0,2.4166666666666665,0
location,Eastern Spencer Gulf,M2 fish,Bloom 2026-03,Eocallionymus papilio,0.20833333333333334,2.4166666666666665,8.620689655172415
location,Eastern Spencer Gulf,M2 fish,Bloom 2026-03,Gobiidae spp,0.25,2.4166666666666665,10.344827586206897
location,Eastern Spencer Gulf,M2 fish,Bloom 2026-03,Heteroclinus spp,0,2.4166666666666665,0
location,Eastern Spencer Gulf,M2 fish,Bloom 2026-03,Other,0.041666666666666664,2.4166666666666665,1.7241379310344827
location,Eastern Spencer Gulf,M2 fish,Bloom 2026-03,Parapercis haackei,1,2.4166666666666665,41.37931034482759
location,Eastern Spencer Gulf,M2 fish,Bloom 2026-03,Trinorfolkia clarkei,0.5,2.4166666666666665,20.689655172413794
location,Eastern Spencer Gulf,M2 fish,Bloom 2026-03,Trinorfolkia cristata,0.4166666666666667,2.4166666666666665,17.24137931034483
location,Eastern Spencer Gulf,M2 fish,Pre-bloom,Callionymidae spp,0.13333333333333333,1.8666666666666667,7.142857142857143
location,Eastern Spencer Gulf,M2 fish,Pre-bloom,Eocallionymus papilio,0.06666666666666667,1.8666666666666667,3.5714285714285716
location,Eastern Spencer Gulf,M2 fish,Pre-bloom,Gobiidae spp,0.6666666666666666,1.8666666666666667,35.71428571428571
location,Eastern Spencer Gulf,M2 fish,Pre-bloom,Heteroclinus spp,0.13333333333333333,1.8666666666666667,7.142857142857143
location,Eastern Spencer Gulf,M2 fish,Pre-bloom,Other,0.26666666666666666,1.8666666666666667,14.285714285714286
location,Eastern Spencer Gulf,M2 fish,Pre-bloom,Parapercis haackei,0.26666666666666666,1.8666666666666667,14.285714285714286
location,Eastern Spencer Gulf,M2 fish,Pre-bloom,Trinorfolkia clarkei,0.3333333333333333,1.8666666666666667,17.857142857142854
location,Eastern Spencer Gulf,M2 fish,Pre-bloom,Trinorfolkia cristata,0,1.8666666666666667,0
location,Eastern Spencer Gulf,M2 invertebrates,Bloom 2026-03,Cenolia trichoptera,0,7.666666666666667,0
location,Eastern Spencer Gulf,M2 invertebrates,Bloom 2026-03,Equichlamys bifrons,0.875,7.666666666666667,11.41304347826087
location,Eastern Spencer Gulf,M2 invertebrates,Bloom 2026-03,Haliotis spp,1.8333333333333333,7.666666666666667,23.913043478260867
location,Eastern Spencer Gulf,M2 invertebrates,Bloom 2026-03,Heliocidaris erythrogramma,0,7.666666666666667,0
location,Eastern Spencer Gulf,M2 invertebrates,Bloom 2026-03,Nectocarcinus integrifrons,0.625,7.666666666666667,8.152173913043478
location,Eastern Spencer Gulf,M2 invertebrates,Bloom 2026-03,Neothyonidium dearmatum,0,7.666666666666667,0
location,Eastern Spencer Gulf,M2 invertebrates,Bloom 2026-03,Other,1.4583333333333333,7.666666666666667,19.021739130434778
location,Eastern Spencer Gulf,M2 invertebrates,Bloom 2026-03,Paguridae & Diogenidae spp,2.4583333333333335,7.666666666666667,32.06521739130435
location,Eastern Spencer Gulf,M2 invertebrates,Bloom 2026-03,Pleuroploca australasia,0.4166666666666667,7.666666666666667,5.434782608695652
location,Eastern Spencer Gulf,M2 invertebrates,Bloom 2026-03,Tosia australis,0,7.666666666666667,0
location,Eastern Spencer Gulf,M2 invertebrates,Pre-bloom,Cenolia trichoptera,19.466666666666665,51.43333333333333,37.84834737524303
location,Eastern Spencer Gulf,M2 invertebrates,Pre-bloom,Equichlamys bifrons,1.1333333333333333,51.43333333333333,2.20349967595593
location,Eastern Spencer Gulf,M2 invertebrates,Pre-bloom,Haliotis spp,4.7,51.43333333333333,9.13804277381724
location,Eastern Spencer Gulf,M2 invertebrates,Pre-bloom,Heliocidaris erythrogramma,4.033333333333333,51.43333333333333,7.841866493843162
location,Eastern Spencer Gulf,M2 invertebrates,Pre-bloom,Nectocarcinus integrifrons,0,51.43333333333333,0
location,Eastern Spencer Gulf,M2 invertebrates,Pre-bloom,Neothyonidium dearmatum,10.466666666666667,51.43333333333333,20.349967595593004
location,Eastern Spencer Gulf,M2 invertebrates,Pre-bloom,Other,9.8,51.43333333333333,19.053791315618927
location,Eastern Spencer Gulf,M2 invertebrates,Pre-bloom,Paguridae & Diogenidae spp,0.2,51.43333333333333,0.38885288399222295
location,Eastern Spencer Gulf,M2 invertebrates,Pre-bloom,Pleuroploca australasia,0.3333333333333333,51.43333333333333,0.6480881399870382
location,Eastern Spencer Gulf,M2 invertebrates,Pre-bloom,Tosia australis,1.3,51.43333333333333,2.5275437459494494
location,Encounter Bay,M1 fish,Bloom 2025-06,Arripis georgianus,0,18.3125,0
location,Encounter Bay,M1 fish,Bloom 2025-06,Enoplosus armatus,0.5625,18.3125,3.0716723549488054
location,Encounter Bay,M1 fish,Bloom 2025-06,Girella zebra,0.1875,18.3125,1.023890784982935
location,Encounter Bay,M1 fish,Bloom 2025-06,Kyphosus sydneyanus,1.75,18.3125,9.556313993174061
location,Encounter Bay,M1 fish,Bloom 2025-06,Notolabrus tetricus,2.3125,18.3125,12.627986348122867
location,Encounter Bay,M1 fish,Bloom 2025-06,Olisthops cyanomelas,0.0625,18.3125,0.3412969283276451
location,Encounter Bay,M1 fish,Bloom 2025-06,Other,1.3125,18.3125,7.167235494880546
location,Encounter Bay,M1 fish,Bloom 2025-06,Pseudogoniistius nigripes,0.5625,18.3125,3.0716723549488054
location,Encounter Bay,M1 fish,Bloom 2025-06,Scorpis aequipinnis,11.25,18.3125,61.43344709897611
location,Encounter Bay,M1 fish,Bloom 2025-06,Siphamia cephalotes,0,18.3125,0
location,Encounter Bay,M1 fish,Bloom 2025-06,Tilodon sexfasciatus,0.3125,18.3125,1.7064846416382253
location,Encounter Bay,M1 fish,Bloom 2026-02,Arripis georgianus,9.78125,21.03125,46.50817236255572
location,Encounter Bay,M1 fish,Bloom 2026-02,Enoplosus armatus,0.03125,21.03125,0.1485884101040119
location,Encounter Bay,M1 fish,Bloom 2026-02,Girella zebra,0.78125,21.03125,3.7147102526002973
location,Encounter Bay,M1 fish,Bloom 2026-02,Kyphosus sydneyanus,0.15625,21.03125,0.7429420505200595
location,Encounter Bay,M1 fish,Bloom 2026-02,Notolabrus tetricus,0.8125,21.03125,3.863298662704309
location,Encounter Bay,M1 fish,Bloom 2026-02,Olisthops cyanomelas,0.3125,21.03125,1.485884101040119
location,Encounter Bay,M1 fish,Bloom 2026-02,Other,1.34375,21.03125,6.3893016344725115
location,Encounter Bay,M1 fish,Bloom 2026-02,Pseudogoniistius nigripes,1.03125,21.03125,4.903417533432393
location,Encounter Bay,M1 fish,Bloom 2026-02,Scorpis aequipinnis,6.65625,21.03125,31.649331352154533
location,Encounter Bay,M1 fish,Bloom 2026-02,Siphamia cephalotes,0,21.03125,0
location,Encounter Bay,M1 fish,Bloom 2026-02,Tilodon sexfasciatus,0.125,21.03125,0.5943536404160475
location,Encounter Bay,M1 fish,Bloom 2026-05,Arripis georgianus,0.041666666666666664,4.875,0.8547008547008546
location,Encounter Bay,M1 fish,Bloom 2026-05,Enoplosus armatus,0.041666666666666664,4.875,0.8547008547008546
location,Encounter Bay,M1 fish,Bloom 2026-05,Girella zebra,0.08333333333333333,4.875,1.709401709401709
location,Encounter Bay,M1 fish,Bloom 2026-05,Kyphosus sydneyanus,0.5416666666666666,4.875,11.11111111111111
location,Encounter Bay,M1 fish,Bloom 2026-05,Notolabrus tetricus,0.041666666666666664,4.875,0.8547008547008546
location,Encounter Bay,M1 fish,Bloom 2026-05,Olisthops cyanomelas,0,4.875,0
location,Encounter Bay,M1 fish,Bloom 2026-05,Other,0.125,4.875,2.5641025641025643
location,Encounter Bay,M1 fish,Bloom 2026-05,Pseudogoniistius nigripes,0.041666666666666664,4.875,0.8547008547008546
location,Encounter Bay,M1 fish,Bloom 2026-05,Scorpis aequipinnis,3.8333333333333335,4.875,78.63247863247864
location,Encounter Bay,M1 fish,Bloom 2026-05,Siphamia cephalotes,0,4.875,0
location,Encounter Bay,M1 fish,Bloom 2026-05,Tilodon sexfasciatus,0.125,4.875,2.5641025641025643
location,Encounter Bay,M1 fish,Pre-bloom,Arripis georgianus,0.7635658914728682,23.348837209302324,3.270252324037185
location,Encounter Bay,M1 fish,Pre-bloom,Enoplosus armatus,1.1007751937984496,23.348837209302324,4.714475431606906
location,Encounter Bay,M1 fish,Pre-bloom,Girella zebra,1,23.348837209302324,4.282868525896415
location,Encounter Bay,M1 fish,Pre-bloom,Kyphosus sydneyanus,0.9069767441860465,23.348837209302324,3.8844621513944224
location,Encounter Bay,M1 fish,Pre-bloom,Notolabrus tetricus,3.1705426356589146,23.348837209302324,13.579017264276228
location,Encounter Bay,M1 fish,Pre-bloom,Olisthops cyanomelas,1.073643410852713,23.348837209302324,4.598273572377158
location,Encounter Bay,M1 fish,Pre-bloom,Other,7.217054263565892,23.348837209302324,30.909694555112885
location,Encounter Bay,M1 fish,Pre-bloom,Pseudogoniistius nigripes,0.7635658914728682,23.348837209302324,3.270252324037185
location,Encounter Bay,M1 fish,Pre-bloom,Scorpis aequipinnis,5.368217054263566,23.348837209302324,22.991367861885788
location,Encounter Bay,M1 fish,Pre-bloom,Siphamia cephalotes,1.5465116279069768,23.348837209302324,6.623505976095619
location,Encounter Bay,M1 fish,Pre-bloom,Tilodon sexfasciatus,0.437984496124031,23.348837209302324,1.8758300132802128
location,Encounter Bay,M2 fish,Bloom 2025-06,Aetapcus maculatus,0,0.375,0
location,Encounter Bay,M2 fish,Bloom 2025-06,Aploactisoma milesii,0,0.375,0
location,Encounter Bay,M2 fish,Bloom 2025-06,Aspasmogaster spp,0,0.375,0
location,Encounter Bay,M2 fish,Bloom 2025-06,Bovichtus angustifrons,0.0625,0.375,16.666666666666668
location,Encounter Bay,M2 fish,Bloom 2025-06,Helcogramma decurrens,0,0.375,0
location,Encounter Bay,M2 fish,Bloom 2025-06,Other,0,0.375,0
location,Encounter Bay,M2 fish,Bloom 2025-06,Parapriacanthus elongatus,0,0.375,0
location,Encounter Bay,M2 fish,Bloom 2025-06,Pempheris klunzingeri,0.0625,0.375,16.666666666666668
location,Encounter Bay,M2 fish,Bloom 2025-06,Pempheris multiradiata,0.25,0.375,66.66666666666667
location,Encounter Bay,M2 fish,Bloom 2025-06,Trinorfolkia clarkei,0,0.375,0
location,Encounter Bay,M2 fish,Bloom 2025-06,Trinorfolkia cristata,0,0.375,0
location,Encounter Bay,M2 fish,Bloom 2025-06,Vincentia conspersa,0,0.375,0
location,Encounter Bay,M2 fish,Bloom 2026-02,Aetapcus maculatus,0,0.28125,0
location,Encounter Bay,M2 fish,Bloom 2026-02,Aploactisoma milesii,0,0.28125,0
location,Encounter Bay,M2 fish,Bloom 2026-02,Aspasmogaster spp,0,0.28125,0
location,Encounter Bay,M2 fish,Bloom 2026-02,Bovichtus angustifrons,0,0.28125,0
location,Encounter Bay,M2 fish,Bloom 2026-02,Helcogramma decurrens,0.0625,0.28125,22.22222222222222
location,Encounter Bay,M2 fish,Bloom 2026-02,Other,0,0.28125,0
location,Encounter Bay,M2 fish,Bloom 2026-02,Parapriacanthus elongatus,0,0.28125,0
location,Encounter Bay,M2 fish,Bloom 2026-02,Pempheris klunzingeri,0.0625,0.28125,22.22222222222222
location,Encounter Bay,M2 fish,Bloom 2026-02,Pempheris multiradiata,0.0625,0.28125,22.22222222222222
location,Encounter Bay,M2 fish,Bloom 2026-02,Trinorfolkia clarkei,0.03125,0.28125,11.11111111111111
location,Encounter Bay,M2 fish,Bloom 2026-02,Trinorfolkia cristata,0.0625,0.28125,22.22222222222222
location,Encounter Bay,M2 fish,Bloom 2026-02,Vincentia conspersa,0,0.28125,0
location,Encounter Bay,M2 fish,Bloom 2026-05,Aetapcus maculatus,0,0.20833333333333331,0
location,Encounter Bay,M2 fish,Bloom 2026-05,Aploactisoma milesii,0,0.20833333333333331,0
location,Encounter Bay,M2 fish,Bloom 2026-05,Aspasmogaster spp,0,0.20833333333333331,0
location,Encounter Bay,M2 fish,Bloom 2026-05,Bovichtus angustifrons,0,0.20833333333333331,0
location,Encounter Bay,M2 fish,Bloom 2026-05,Helcogramma decurrens,0,0.20833333333333331,0
location,Encounter Bay,M2 fish,Bloom 2026-05,Other,0,0.20833333333333331,0
location,Encounter Bay,M2 fish,Bloom 2026-05,Parapriacanthus elongatus,0,0.20833333333333331,0
location,Encounter Bay,M2 fish,Bloom 2026-05,Pempheris klunzingeri,0,0.20833333333333331,0
location,Encounter Bay,M2 fish,Bloom 2026-05,Pempheris multiradiata,0.16666666666666666,0.20833333333333331,80
location,Encounter Bay,M2 fish,Bloom 2026-05,Trinorfolkia clarkei,0,0.20833333333333331,0
location,Encounter Bay,M2 fish,Bloom 2026-05,Trinorfolkia cristata,0.041666666666666664,0.20833333333333331,20
location,Encounter Bay,M2 fish,Bloom 2026-05,Vincentia conspersa,0,0.20833333333333331,0
location,Encounter Bay,M2 fish,Pre-bloom,Aetapcus maculatus,0.02127659574468085,1.9042553191489362,1.1173184357541899
location,Encounter Bay,M2 fish,Pre-bloom,Aploactisoma milesii,0,1.9042553191489362,0
location,Encounter Bay,M2 fish,Pre-bloom,Aspasmogaster spp,0,1.9042553191489362,0
location,Encounter Bay,M2 fish,Pre-bloom,Bovichtus angustifrons,0.03546099290780142,1.9042553191489362,1.86219739292365
location,Encounter Bay,M2 fish,Pre-bloom,Helcogramma decurrens,0.12056737588652482,1.9042553191489362,6.331471135940409
location,Encounter Bay,M2 fish,Pre-bloom,Other,0.1347517730496454,1.9042553191489362,7.07635009310987
location,Encounter Bay,M2 fish,Pre-bloom,Parapriacanthus elongatus,0.04964539007092199,1.9042553191489362,2.6070763500931102
location,Encounter Bay,M2 fish,Pre-bloom,Pempheris klunzingeri,0.1595744680851064,1.9042553191489362,8.379888268156424
location,Encounter Bay,M2 fish,Pre-bloom,Pempheris multiradiata,1.25177304964539,1.9042553191489362,65.73556797020484
location,Encounter Bay,M2 fish,Pre-bloom,Trinorfolkia clarkei,0.0070921985815602835,1.9042553191489362,0.37243947858473
location,Encounter Bay,M2 fish,Pre-bloom,Trinorfolkia cristata,0.0070921985815602835,1.9042553191489362,0.37243947858473
location,Encounter Bay,M2 fish,Pre-bloom,Vincentia conspersa,0.11702127659574468,1.9042553191489362,6.145251396648045
location,Encounter Bay,M2 invertebrates,Bloom 2025-06,Cenolia trichoptera,0.6875,9.125,7.534246575342466
location,Encounter Bay,M2 invertebrates,Bloom 2025-06,Dicathais orbita,2.6875,9.125,29.45205479452055
location,Encounter Bay,M2 invertebrates,Bloom 2025-06,Guinusia chabrus,1.75,9.125,19.17808219178082
location,Encounter Bay,M2 invertebrates,Bloom 2025-06,Haliotis spp,0.625,9.125,6.8493150684931505
location,Encounter Bay,M2 invertebrates,Bloom 2025-06,Heliocidaris erythrogramma,0.25,9.125,2.73972602739726
location,Encounter Bay,M2 invertebrates,Bloom 2025-06,Herdmania grandis,0,9.125,0
location,Encounter Bay,M2 invertebrates,Bloom 2025-06,Jasus edwardsii,0.75,9.125,8.219178082191782
location,Encounter Bay,M2 invertebrates,Bloom 2025-06,Lunella torquata,0,9.125,0
location,Encounter Bay,M2 invertebrates,Bloom 2025-06,Lunella undulata,0.0625,9.125,0.684931506849315
location,Encounter Bay,M2 invertebrates,Bloom 2025-06,Meridiastra gunnii,0.375,9.125,4.109589041095891
location,Encounter Bay,M2 invertebrates,Bloom 2025-06,Nectocarcinus tuberculosus,0.1875,9.125,2.0547945205479454
location,Encounter Bay,M2 invertebrates,Bloom 2025-06,Other,1.125,9.125,12.32876712328767
location,Encounter Bay,M2 invertebrates,Bloom 2025-06,Paguridae & Diogenidae spp,0.625,9.125,6.8493150684931505
location,Encounter Bay,M2 invertebrates,Bloom 2026-02,Cenolia trichoptera,1.03125,14.0625,7.333333333333333
location,Encounter Bay,M2 invertebrates,Bloom 2026-02,Dicathais orbita,3.78125,14.0625,26.88888888888889
location,Encounter Bay,M2 invertebrates,Bloom 2026-02,Guinusia chabrus,4.71875,14.0625,33.55555555555556
location,Encounter Bay,M2 invertebrates,Bloom 2026-02,Haliotis spp,0.15625,14.0625,1.1111111111111112
location,Encounter Bay,M2 invertebrates,Bloom 2026-02,Heliocidaris erythrogramma,0.21875,14.0625,1.5555555555555556
location,Encounter Bay,M2 invertebrates,Bloom 2026-02,Herdmania grandis,0,14.0625,0
location,Encounter Bay,M2 invertebrates,Bloom 2026-02,Jasus edwardsii,0.09375,14.0625,0.6666666666666666
location,Encounter Bay,M2 invertebrates,Bloom 2026-02,Lunella torquata,0,14.0625,0
location,Encounter Bay,M2 invertebrates,Bloom 2026-02,Lunella undulata,0.03125,14.0625,0.2222222222222222
location,Encounter Bay,M2 invertebrates,Bloom 2026-02,Meridiastra gunnii,1.875,14.0625,13.333333333333334
location,Encounter Bay,M2 invertebrates,Bloom 2026-02,Nectocarcinus tuberculosus,0.46875,14.0625,3.3333333333333335
location,Encounter Bay,M2 invertebrates,Bloom 2026-02,Other,1.5,14.0625,10.666666666666666
location,Encounter Bay,M2 invertebrates,Bloom 2026-02,Paguridae & Diogenidae spp,0.1875,14.0625,1.3333333333333333
location,Encounter Bay,M2 invertebrates,Bloom 2026-05,Cenolia trichoptera,0.08333333333333333,8.875,0.9389671361502346
location,Encounter Bay,M2 invertebrates,Bloom 2026-05,Dicathais orbita,3.8333333333333335,8.875,43.1924882629108
location,Encounter Bay,M2 invertebrates,Bloom 2026-05,Guinusia chabrus,2,8.875,22.535211267605632
location,Encounter Bay,M2 invertebrates,Bloom 2026-05,Haliotis spp,0.875,8.875,9.859154929577464
location,Encounter Bay,M2 invertebrates,Bloom 2026-05,Heliocidaris erythrogramma,0,8.875,0
location,Encounter Bay,M2 invertebrates,Bloom 2026-05,Herdmania grandis,0,8.875,0
location,Encounter Bay,M2 invertebrates,Bloom 2026-05,Jasus edwardsii,0,8.875,0
location,Encounter Bay,M2 invertebrates,Bloom 2026-05,Lunella torquata,0,8.875,0
location,Encounter Bay,M2 invertebrates,Bloom 2026-05,Lunella undulata,0.16666666666666666,8.875,1.8779342723004693
location,Encounter Bay,M2 invertebrates,Bloom 2026-05,Meridiastra gunnii,0.16666666666666666,8.875,1.8779342723004693
location,Encounter Bay,M2 invertebrates,Bloom 2026-05,Nectocarcinus tuberculosus,0.125,8.875,1.408450704225352
location,Encounter Bay,M2 invertebrates,Bloom 2026-05,Other,0.5416666666666666,8.875,6.103286384976526
location,Encounter Bay,M2 invertebrates,Bloom 2026-05,Paguridae & Diogenidae spp,1.0833333333333333,8.875,12.206572769953052
location,Encounter Bay,M2 invertebrates,Pre-bloom,Cenolia trichoptera,12.308510638297872,56.08156028368794,21.947518178944037
location,Encounter Bay,M2 invertebrates,Pre-bloom,Dicathais orbita,1.4361702127659575,56.08156028368794,2.5608599430920016
location,Encounter Bay,M2 invertebrates,Pre-bloom,Guinusia chabrus,2.0531914893617023,56.08156028368794,3.6610812519759723
location,Encounter Bay,M2 invertebrates,Pre-bloom,Haliotis spp,1.872340425531915,56.08156028368794,3.3386025924754983
location,Encounter Bay,M2 invertebrates,Pre-bloom,Heliocidaris erythrogramma,14.904255319148936,56.08156028368794,26.576035409421436
location,Encounter Bay,M2 invertebrates,Pre-bloom,Herdmania grandis,3.351063829787234,56.08156028368794,5.97533986721467
location,Encounter Bay,M2 invertebrates,Pre-bloom,Jasus edwardsii,0.6914893617021277,56.08156028368794,1.2330066392665193
location,Encounter Bay,M2 invertebrates,Pre-bloom,Lunella torquata,3.9326241134751774,56.08156028368794,7.012330066392665
location,Encounter Bay,M2 invertebrates,Pre-bloom,Lunella undulata,4.897163120567376,56.08156028368794,8.732216250395194
location,Encounter Bay,M2 invertebrates,Pre-bloom,Meridiastra gunnii,1.3652482269503545,56.08156028368794,2.4343977236800507
location,Encounter Bay,M2 invertebrates,Pre-bloom,Nectocarcinus tuberculosus,0.17375886524822695,56.08156028368794,0.3098324375592792
location,Encounter Bay,M2 invertebrates,Pre-bloom,Other,8.329787234042554,56.08156028368794,14.852987669933608
location,Encounter Bay,M2 invertebrates,Pre-bloom,Paguridae & Diogenidae spp,0.7659574468085106,56.08156028368794,1.3657919696490675
location,Metro,M1 fish,Bloom 2025-11,Acanthaluteres brownii,0,2.75,0
location,Metro,M1 fish,Bloom 2025-11,Acanthaluteres spilomelanurus,0,2.75,0
location,Metro,M1 fish,Bloom 2025-11,Aracana ornata,0,2.75,0
location,Metro,M1 fish,Bloom 2025-11,Austrolabrus maculatus,0,2.75,0
location,Metro,M1 fish,Bloom 2025-11,Notolabrus parilus,0.5,2.75,18.181818181818183
location,Metro,M1 fish,Bloom 2025-11,Other,0,2.75,0
location,Metro,M1 fish,Bloom 2025-11,Parapriacanthus elongatus,0,2.75,0
location,Metro,M1 fish,Bloom 2025-11,Parma victoriae,0,2.75,0
location,Metro,M1 fish,Bloom 2025-11,Pempheris klunzingeri,0,2.75,0
location,Metro,M1 fish,Bloom 2025-11,Pseudogoniistius nigripes,0.125,2.75,4.545454545454546
location,Metro,M1 fish,Bloom 2025-11,Scorpis aequipinnis,0.25,2.75,9.090909090909092
location,Metro,M1 fish,Bloom 2025-11,Siphamia cephalotes,0,2.75,0
location,Metro,M1 fish,Bloom 2025-11,Thamnaconus degeni,1.875,2.75,68.18181818181819
location,Metro,M1 fish,Bloom 2025-11,Trachinops noarlungae,0,2.75,0
location,Metro,M1 fish,Bloom 2026-01,Acanthaluteres brownii,0,0.75,0
location,Metro,M1 fish,Bloom 2026-01,Acanthaluteres spilomelanurus,0,0.75,0
location,Metro,M1 fish,Bloom 2026-01,Aracana ornata,0.125,0.75,16.666666666666668
location,Metro,M1 fish,Bloom 2026-01,Austrolabrus maculatus,0,0.75,0
location,Metro,M1 fish,Bloom 2026-01,Notolabrus parilus,0,0.75,0
location,Metro,M1 fish,Bloom 2026-01,Other,0,0.75,0
location,Metro,M1 fish,Bloom 2026-01,Parapriacanthus elongatus,0,0.75,0
location,Metro,M1 fish,Bloom 2026-01,Parma victoriae,0.375,0.75,50
location,Metro,M1 fish,Bloom 2026-01,Pempheris klunzingeri,0,0.75,0
location,Metro,M1 fish,Bloom 2026-01,Pseudogoniistius nigripes,0,0.75,0
location,Metro,M1 fish,Bloom 2026-01,Scorpis aequipinnis,0.25,0.75,33.333333333333336
location,Metro,M1 fish,Bloom 2026-01,Siphamia cephalotes,0,0.75,0
location,Metro,M1 fish,Bloom 2026-01,Thamnaconus degeni,0,0.75,0
location,Metro,M1 fish,Bloom 2026-01,Trachinops noarlungae,0,0.75,0
location,Metro,M1 fish,Pre-bloom,Acanthaluteres brownii,1.4833333333333334,206,0.7200647249190939
location,Metro,M1 fish,Pre-bloom,Acanthaluteres spilomelanurus,0,206,0
location,Metro,M1 fish,Pre-bloom,Aracana ornata,0.041666666666666664,206,0.020226537216828475
location,Metro,M1 fish,Pre-bloom,Austrolabrus maculatus,1.7166666666666666,206,0.8333333333333333
location,Metro,M1 fish,Pre-bloom,Notolabrus parilus,0.375,206,0.1820388349514563
location,Metro,M1 fish,Pre-bloom,Other,6.783333333333333,206,3.2928802588996766
location,Metro,M1 fish,Pre-bloom,Parapriacanthus elongatus,21.658333333333335,206,10.513754045307444
location,Metro,M1 fish,Pre-bloom,Parma victoriae,0.65,206,0.3155339805825243
location,Metro,M1 fish,Pre-bloom,Pempheris klunzingeri,2.3666666666666667,206,1.1488673139158576
location,Metro,M1 fish,Pre-bloom,Pseudogoniistius nigripes,1.1666666666666667,206,0.5663430420711975
location,Metro,M1 fish,Pre-bloom,Scorpis aequipinnis,0.016666666666666666,206,0.008090614886731393
location,Metro,M1 fish,Pre-bloom,Siphamia cephalotes,5.9,206,2.8640776699029127
location,Metro,M1 fish,Pre-bloom,Thamnaconus degeni,0,206,0
location,Metro,M1 fish,Pre-bloom,Trachinops noarlungae,163.84166666666667,206,79.53478964401295
location,Metro,M2 fish,Bloom 2025-11,Aetapcus maculatus,0,0,NA
location,Metro,M2 fish,Bloom 2025-11,Aploactisoma milesii,0,0,NA
location,Metro,M2 fish,Bloom 2025-11,Aspasmogaster spp,0,0,NA
location,Metro,M2 fish,Bloom 2025-11,Bathygobius krefftii,0,0,NA
location,Metro,M2 fish,Bloom 2025-11,Blenniidae spp,0,0,NA
location,Metro,M2 fish,Bloom 2025-11,Eocallionymus papilio,0,0,NA
location,Metro,M2 fish,Bloom 2025-11,Helcogramma decurrens,0,0,NA
location,Metro,M2 fish,Bloom 2025-11,Nesogobius spp,0,0,NA
location,Metro,M2 fish,Bloom 2025-11,Other,0,0,NA
location,Metro,M2 fish,Bloom 2025-11,Parapercis haackei,0,0,NA
location,Metro,M2 fish,Bloom 2025-11,Pempheris klunzingeri,0,0,NA
location,Metro,M2 fish,Bloom 2025-11,Trinorfolkia clarkei,0,0,NA
location,Metro,M2 fish,Bloom 2026-01,Aetapcus maculatus,0,0.5,0
location,Metro,M2 fish,Bloom 2026-01,Aploactisoma milesii,0,0.5,0
location,Metro,M2 fish,Bloom 2026-01,Aspasmogaster spp,0,0.5,0
location,Metro,M2 fish,Bloom 2026-01,Bathygobius krefftii,0,0.5,0
location,Metro,M2 fish,Bloom 2026-01,Blenniidae spp,0,0.5,0
location,Metro,M2 fish,Bloom 2026-01,Eocallionymus papilio,0,0.5,0
location,Metro,M2 fish,Bloom 2026-01,Helcogramma decurrens,0,0.5,0
location,Metro,M2 fish,Bloom 2026-01,Nesogobius spp,0,0.5,0
location,Metro,M2 fish,Bloom 2026-01,Other,0,0.5,0
location,Metro,M2 fish,Bloom 2026-01,Parapercis haackei,0,0.5,0
location,Metro,M2 fish,Bloom 2026-01,Pempheris klunzingeri,0,0.5,0
location,Metro,M2 fish,Bloom 2026-01,Trinorfolkia clarkei,0.5,0.5,100
location,Metro,M2 fish,Pre-bloom,Aetapcus maculatus,0.016666666666666666,8.424999999999999,0.1978239366963403
location,Metro,M2 fish,Pre-bloom,Aploactisoma milesii,0.008333333333333333,8.424999999999999,0.09891196834817015
location,Metro,M2 fish,Pre-bloom,Aspasmogaster spp,0,8.424999999999999,0
location,Metro,M2 fish,Pre-bloom,Bathygobius krefftii,0,8.424999999999999,0
location,Metro,M2 fish,Pre-bloom,Blenniidae spp,0,8.424999999999999,0
location,Metro,M2 fish,Pre-bloom,Eocallionymus papilio,0.6083333333333333,8.424999999999999,7.22057368941642
location,Metro,M2 fish,Pre-bloom,Helcogramma decurrens,2.433333333333333,8.424999999999999,28.88229475766568
location,Metro,M2 fish,Pre-bloom,Nesogobius spp,1.475,8.424999999999999,17.507418397626115
location,Metro,M2 fish,Pre-bloom,Other,0.2833333333333333,8.424999999999999,3.363006923837785
location,Metro,M2 fish,Pre-bloom,Parapercis haackei,2.908333333333333,8.424999999999999,34.52027695351138
location,Metro,M2 fish,Pre-bloom,Pempheris klunzingeri,0.55,8.424999999999999,6.52818991097923
location,Metro,M2 fish,Pre-bloom,Trinorfolkia clarkei,0.14166666666666666,8.424999999999999,1.6815034619188924
location,Metro,M2 invertebrates,Bloom 2025-11,Australostichopus mollis,0,9.625,0
location,Metro,M2 invertebrates,Bloom 2025-11,Equichlamys bifrons,0,9.625,0
location,Metro,M2 invertebrates,Bloom 2025-11,Fusinus australis,0.25,9.625,2.5974025974025974
location,Metro,M2 invertebrates,Bloom 2025-11,Guinusia chabrus,0.125,9.625,1.2987012987012987
location,Metro,M2 invertebrates,Bloom 2025-11,Haliotis spp,1.875,9.625,19.48051948051948
location,Metro,M2 invertebrates,Bloom 2025-11,Leptomithrax gaimardii,0.375,9.625,3.896103896103896
location,Metro,M2 invertebrates,Bloom 2025-11,Meridiastra gunnii,1,9.625,10.38961038961039
location,Metro,M2 invertebrates,Bloom 2025-11,Nectocarcinus tuberculosus,0,9.625,0
location,Metro,M2 invertebrates,Bloom 2025-11,Other,0.375,9.625,3.896103896103896
location,Metro,M2 invertebrates,Bloom 2025-11,Paguridae & Diogenidae spp,5.375,9.625,55.84415584415584
location,Metro,M2 invertebrates,Bloom 2025-11,Portunus armatus,0.25,9.625,2.5974025974025974
location,Metro,M2 invertebrates,Bloom 2026-01,Australostichopus mollis,0,4,0
location,Metro,M2 invertebrates,Bloom 2026-01,Equichlamys bifrons,0.125,4,3.125
location,Metro,M2 invertebrates,Bloom 2026-01,Fusinus australis,0.125,4,3.125
location,Metro,M2 invertebrates,Bloom 2026-01,Guinusia chabrus,0.25,4,6.25
location,Metro,M2 invertebrates,Bloom 2026-01,Haliotis spp,0.125,4,3.125
location,Metro,M2 invertebrates,Bloom 2026-01,Leptomithrax gaimardii,0.625,4,15.625
location,Metro,M2 invertebrates,Bloom 2026-01,Meridiastra gunnii,0,4,0
location,Metro,M2 invertebrates,Bloom 2026-01,Nectocarcinus tuberculosus,0.375,4,9.375
location,Metro,M2 invertebrates,Bloom 2026-01,Other,0.125,4,3.125
location,Metro,M2 invertebrates,Bloom 2026-01,Paguridae & Diogenidae spp,1.75,4,43.75
location,Metro,M2 invertebrates,Bloom 2026-01,Portunus armatus,0.5,4,12.5
location,Metro,M2 invertebrates,Pre-bloom,Australostichopus mollis,2.3916666666666666,30.116666666666667,7.941339236303264
location,Metro,M2 invertebrates,Pre-bloom,Equichlamys bifrons,4.033333333333333,30.116666666666667,13.3923630326508
location,Metro,M2 invertebrates,Pre-bloom,Fusinus australis,0.16666666666666666,30.116666666666667,0.5534034311012728
location,Metro,M2 invertebrates,Pre-bloom,Guinusia chabrus,0.275,30.116666666666667,0.9131156613171003
location,Metro,M2 invertebrates,Pre-bloom,Haliotis spp,7.508333333333334,30.116666666666667,24.930824571112343
location,Metro,M2 invertebrates,Pre-bloom,Leptomithrax gaimardii,0.025,30.116666666666667,0.08301051466519092
location,Metro,M2 invertebrates,Pre-bloom,Meridiastra gunnii,2.8916666666666666,30.116666666666667,9.601549529607084
location,Metro,M2 invertebrates,Pre-bloom,Nectocarcinus tuberculosus,2.066666666666667,30.116666666666667,6.862202545655784
location,Metro,M2 invertebrates,Pre-bloom,Other,8.083333333333334,30.116666666666667,26.840066408411733
location,Metro,M2 invertebrates,Pre-bloom,Paguridae & Diogenidae spp,1.925,30.116666666666667,6.391809629219701
location,Metro,M2 invertebrates,Pre-bloom,Portunus armatus,0.75,30.116666666666667,2.4903154399557277
location,Rapid Head,M1 fish,Bloom 2026-01,Meuschenia hippocrepis,0.3875,70.7,0.5480905233380481
location,Rapid Head,M1 fish,Bloom 2026-01,Notolabrus parilus,2.8875,70.7,4.084158415841584
location,Rapid Head,M1 fish,Bloom 2026-01,Notolabrus tetricus,6.525,70.7,9.229137199434229
location,Rapid Head,M1 fish,Bloom 2026-01,Other,11.4875,70.7,16.248231966053748
location,Rapid Head,M1 fish,Bloom 2026-01,Parapriacanthus elongatus,0.025,70.7,0.03536067892503536
location,Rapid Head,M1 fish,Bloom 2026-01,Pempheris klunzingeri,0.0375,70.7,0.05304101838755304
location,Rapid Head,M1 fish,Bloom 2026-01,Pictilabrus laticlavius,4.0375,70.7,5.71074964639321
location,Rapid Head,M1 fish,Bloom 2026-01,Scorpis aequipinnis,8.2125,70.7,11.615983026874115
location,Rapid Head,M1 fish,Bloom 2026-01,Scorpis lineolata,0,70.7,0
location,Rapid Head,M1 fish,Bloom 2026-01,Siphamia cephalotes,0,70.7,0
location,Rapid Head,M1 fish,Bloom 2026-01,Trachinops noarlungae,37.1,70.7,52.475247524752476
location,Rapid Head,M1 fish,Bloom 2026-05,Meuschenia hippocrepis,1,10.5,9.523809523809524
location,Rapid Head,M1 fish,Bloom 2026-05,Notolabrus parilus,0.25,10.5,2.380952380952381
location,Rapid Head,M1 fish,Bloom 2026-05,Notolabrus tetricus,3.625,10.5,34.523809523809526
location,Rapid Head,M1 fish,Bloom 2026-05,Other,0.625,10.5,5.9523809523809526
location,Rapid Head,M1 fish,Bloom 2026-05,Parapriacanthus elongatus,0,10.5,0
location,Rapid Head,M1 fish,Bloom 2026-05,Pempheris klunzingeri,0,10.5,0
location,Rapid Head,M1 fish,Bloom 2026-05,Pictilabrus laticlavius,1,10.5,9.523809523809524
location,Rapid Head,M1 fish,Bloom 2026-05,Scorpis aequipinnis,3.125,10.5,29.761904761904763
location,Rapid Head,M1 fish,Bloom 2026-05,Scorpis lineolata,0.875,10.5,8.333333333333334
location,Rapid Head,M1 fish,Bloom 2026-05,Siphamia cephalotes,0,10.5,0
location,Rapid Head,M1 fish,Bloom 2026-05,Trachinops noarlungae,0,10.5,0
location,Rapid Head,M1 fish,Pre-bloom,Meuschenia hippocrepis,1.5069767441860464,226.7453488372093,0.6646119763488392
location,Rapid Head,M1 fish,Pre-bloom,Notolabrus parilus,0.7441860465116279,226.7453488372093,0.32820344511053795
location,Rapid Head,M1 fish,Pre-bloom,Notolabrus tetricus,5.397674418604651,226.7453488372093,2.38050061281737
location,Rapid Head,M1 fish,Pre-bloom,Other,30.136046511627907,226.7453488372093,13.29070107332783
location,Rapid Head,M1 fish,Pre-bloom,Parapriacanthus elongatus,31.422093023255815,226.7453488372093,13.85787765190948
location,Rapid Head,M1 fish,Pre-bloom,Pempheris klunzingeri,7.0162790697674415,226.7453488372093,3.09434310593279
location,Rapid Head,M1 fish,Pre-bloom,Pictilabrus laticlavius,1.930232558139535,226.7453488372093,0.8512776857554578
location,Rapid Head,M1 fish,Pre-bloom,Scorpis aequipinnis,2.7593023255813955,226.7453488372093,1.2169168363239165
location,Rapid Head,M1 fish,Pre-bloom,Scorpis lineolata,0,226.7453488372093,0
location,Rapid Head,M1 fish,Pre-bloom,Siphamia cephalotes,8.351162790697675,226.7453488372093,3.683058035599818
location,Rapid Head,M1 fish,Pre-bloom,Trachinops noarlungae,137.4813953488372,226.7453488372093,60.632509576873964
location,Rapid Head,M2 fish,Bloom 2026-01,Aetapcus maculatus,0.0625,1.6875,3.7037037037037037
location,Rapid Head,M2 fish,Bloom 2026-01,Aploactisoma milesii,0,1.6875,0
location,Rapid Head,M2 fish,Bloom 2026-01,Aspasmogaster spp,0,1.6875,0
location,Rapid Head,M2 fish,Bloom 2026-01,Helcogramma decurrens,0.05,1.6875,2.962962962962963
location,Rapid Head,M2 fish,Bloom 2026-01,Other,0.1875,1.6875,11.11111111111111
location,Rapid Head,M2 fish,Bloom 2026-01,Paraplesiops meleagris,0.8875,1.6875,52.592592592592595
location,Rapid Head,M2 fish,Bloom 2026-01,Parapriacanthus elongatus,0,1.6875,0
location,Rapid Head,M2 fish,Bloom 2026-01,Pempheris klunzingeri,0.025,1.6875,1.4814814814814814
location,Rapid Head,M2 fish,Bloom 2026-01,Pempheris multiradiata,0.0125,1.6875,0.7407407407407407
location,Rapid Head,M2 fish,Bloom 2026-01,Pempheris spp,0.25,1.6875,14.814814814814815
location,Rapid Head,M2 fish,Bloom 2026-01,Trinorfolkia clarkei,0.1375,1.6875,8.148148148148149
location,Rapid Head,M2 fish,Bloom 2026-01,Trinorfolkia cristata,0.075,1.6875,4.444444444444445
location,Rapid Head,M2 fish,Bloom 2026-05,Aetapcus maculatus,0,2.125,0
location,Rapid Head,M2 fish,Bloom 2026-05,Aploactisoma milesii,0,2.125,0
location,Rapid Head,M2 fish,Bloom 2026-05,Aspasmogaster spp,0,2.125,0
location,Rapid Head,M2 fish,Bloom 2026-05,Helcogramma decurrens,1.125,2.125,52.94117647058823
location,Rapid Head,M2 fish,Bloom 2026-05,Other,0,2.125,0
location,Rapid Head,M2 fish,Bloom 2026-05,Paraplesiops meleagris,0,2.125,0
location,Rapid Head,M2 fish,Bloom 2026-05,Parapriacanthus elongatus,0,2.125,0
location,Rapid Head,M2 fish,Bloom 2026-05,Pempheris klunzingeri,0,2.125,0
location,Rapid Head,M2 fish,Bloom 2026-05,Pempheris multiradiata,0,2.125,0
location,Rapid Head,M2 fish,Bloom 2026-05,Pempheris spp,0,2.125,0
location,Rapid Head,M2 fish,Bloom 2026-05,Trinorfolkia clarkei,1,2.125,47.05882352941177
location,Rapid Head,M2 fish,Bloom 2026-05,Trinorfolkia cristata,0,2.125,0
location,Rapid Head,M2 fish,Pre-bloom,Aetapcus maculatus,0.036470588235294116,4.308235294117647,0.8465319497542326
location,Rapid Head,M2 fish,Pre-bloom,Aploactisoma milesii,0.0035294117647058825,4.308235294117647,0.0819224467504096
location,Rapid Head,M2 fish,Pre-bloom,Aspasmogaster spp,0,4.308235294117647,0
location,Rapid Head,M2 fish,Pre-bloom,Helcogramma decurrens,0.8811764705882353,4.308235294117647,20.453304205352268
location,Rapid Head,M2 fish,Pre-bloom,Other,0.8717647058823529,4.308235294117647,20.23484434735117
location,Rapid Head,M2 fish,Pre-bloom,Paraplesiops meleagris,0.33647058823529413,4.308235294117647,7.80993992353905
location,Rapid Head,M2 fish,Pre-bloom,Parapriacanthus elongatus,0.4505882352941176,4.308235294117647,10.458765701802292
location,Rapid Head,M2 fish,Pre-bloom,Pempheris klunzingeri,0.8870588235294118,4.308235294117647,20.589841616602946
location,Rapid Head,M2 fish,Pre-bloom,Pempheris multiradiata,0.5305882352941177,4.308235294117647,12.315674494811578
location,Rapid Head,M2 fish,Pre-bloom,Pempheris spp,0,4.308235294117647,0
location,Rapid Head,M2 fish,Pre-bloom,Trinorfolkia clarkei,0.2211764705882353,4.308235294117647,5.133806663025669
location,Rapid Head,M2 fish,Pre-bloom,Trinorfolkia cristata,0.08941176470588236,4.308235294117647,2.075368651010377
location,Rapid Head,M2 invertebrates,Bloom 2026-01,Austrocochlea spp,0.1875,12.049999999999999,1.5560165975103737
location,Rapid Head,M2 invertebrates,Bloom 2026-01,Cenolia trichoptera,0.025,12.049999999999999,0.2074688796680498
location,Rapid Head,M2 invertebrates,Bloom 2026-01,Guinusia chabrus,1.175,12.049999999999999,9.751037344398341
location,Rapid Head,M2 invertebrates,Bloom 2026-01,Haliotis spp,0.3375,12.049999999999999,2.8008298755186725
location,Rapid Head,M2 invertebrates,Bloom 2026-01,Heliocidaris erythrogramma,1.2,12.049999999999999,9.95850622406639
location,Rapid Head,M2 invertebrates,Bloom 2026-01,Lunella undulata,0.475,12.049999999999999,3.9419087136929463
location,Rapid Head,M2 invertebrates,Bloom 2026-01,Meridiastra gunnii,0.175,12.049999999999999,1.4522821576763487
location,Rapid Head,M2 invertebrates,Bloom 2026-01,Other,2.8125,12.049999999999999,23.340248962655604
location,Rapid Head,M2 invertebrates,Bloom 2026-01,Paguridae & Diogenidae spp,4.3625,12.049999999999999,36.20331950207469
location,Rapid Head,M2 invertebrates,Bloom 2026-01,Pentagonaster duebeni,0,12.049999999999999,0
location,Rapid Head,M2 invertebrates,Bloom 2026-01,Phasianella australis,0.1125,12.049999999999999,0.9336099585062242
location,Rapid Head,M2 invertebrates,Bloom 2026-01,Pleuroploca australasia,1.1875,12.049999999999999,9.854771784232366
location,Rapid Head,M2 invertebrates,Bloom 2026-05,Austrocochlea spp,0.5,4.875,10.256410256410257
location,Rapid Head,M2 invertebrates,Bloom 2026-05,Cenolia trichoptera,0.375,4.875,7.6923076923076925
location,Rapid Head,M2 invertebrates,Bloom 2026-05,Guinusia chabrus,0.5,4.875,10.256410256410257
location,Rapid Head,M2 invertebrates,Bloom 2026-05,Haliotis spp,0.125,4.875,2.5641025641025643
location,Rapid Head,M2 invertebrates,Bloom 2026-05,Heliocidaris erythrogramma,0,4.875,0
location,Rapid Head,M2 invertebrates,Bloom 2026-05,Lunella undulata,0,4.875,0
location,Rapid Head,M2 invertebrates,Bloom 2026-05,Meridiastra gunnii,0.625,4.875,12.820512820512821
location,Rapid Head,M2 invertebrates,Bloom 2026-05,Other,1.125,4.875,23.076923076923077
location,Rapid Head,M2 invertebrates,Bloom 2026-05,Paguridae & Diogenidae spp,1.375,4.875,28.205128205128204
location,Rapid Head,M2 invertebrates,Bloom 2026-05,Pentagonaster duebeni,0,4.875,0
location,Rapid Head,M2 invertebrates,Bloom 2026-05,Phasianella australis,0,4.875,0
location,Rapid Head,M2 invertebrates,Bloom 2026-05,Pleuroploca australasia,0.25,4.875,5.128205128205129
location,Rapid Head,M2 invertebrates,Pre-bloom,Austrocochlea spp,0,11.441176470588236,0
location,Rapid Head,M2 invertebrates,Pre-bloom,Cenolia trichoptera,0.11529411764705882,11.441176470588236,1.0077120822622108
location,Rapid Head,M2 invertebrates,Pre-bloom,Guinusia chabrus,0.20823529411764705,11.441176470588236,1.8200514138817478
location,Rapid Head,M2 invertebrates,Pre-bloom,Haliotis spp,1.0494117647058823,11.441176470588236,9.172236503856041
location,Rapid Head,M2 invertebrates,Pre-bloom,Heliocidaris erythrogramma,1.0058823529411764,11.441176470588236,8.791773778920309
location,Rapid Head,M2 invertebrates,Pre-bloom,Lunella undulata,0.11529411764705882,11.441176470588236,1.0077120822622108
location,Rapid Head,M2 invertebrates,Pre-bloom,Meridiastra gunnii,0.0976470588235294,11.441176470588236,0.8534704370179947
location,Rapid Head,M2 invertebrates,Pre-bloom,Other,4.718823529411765,11.441176470588236,41.24421593830334
location,Rapid Head,M2 invertebrates,Pre-bloom,Paguridae & Diogenidae spp,0.3870588235294118,11.441176470588236,3.3830334190231364
location,Rapid Head,M2 invertebrates,Pre-bloom,Pentagonaster duebeni,1.2352941176470589,11.441176470588236,10.796915167095115
location,Rapid Head,M2 invertebrates,Pre-bloom,Phasianella australis,1.5611764705882354,11.441176470588236,13.645244215938304
location,Rapid Head,M2 invertebrates,Pre-bloom,Pleuroploca australasia,0.9470588235294117,11.441176470588236,8.277634961439588
location,Southern Fleurieu,M1 fish,Bloom 2025-06,Girella zebra,2.25,61,3.6885245901639343
location,Southern Fleurieu,M1 fish,Bloom 2025-06,Kyphosus sydneyanus,2.5,61,4.098360655737705
location,Southern Fleurieu,M1 fish,Bloom 2025-06,Meuschenia hippocrepis,0,61,0
location,Southern Fleurieu,M1 fish,Bloom 2025-06,Notolabrus tetricus,7.875,61,12.90983606557377
location,Southern Fleurieu,M1 fish,Bloom 2025-06,Olisthops cyanomelas,0.125,61,0.20491803278688525
location,Southern Fleurieu,M1 fish,Bloom 2025-06,Other,4.375,61,7.172131147540983
location,Southern Fleurieu,M1 fish,Bloom 2025-06,Parma victoriae,3.375,61,5.532786885245901
location,Southern Fleurieu,M1 fish,Bloom 2025-06,Pseudogoniistius nigripes,4.125,61,6.762295081967213
location,Southern Fleurieu,M1 fish,Bloom 2025-06,Scorpis aequipinnis,36.375,61,59.631147540983605
location,Southern Fleurieu,M1 fish,Bloom 2026-05,Girella zebra,1.6458333333333333,39.64583333333333,4.151339989490278
location,Southern Fleurieu,M1 fish,Bloom 2026-05,Kyphosus sydneyanus,2.1041666666666665,39.64583333333333,5.307409353652129
location,Southern Fleurieu,M1 fish,Bloom 2026-05,Meuschenia hippocrepis,0.5,39.64583333333333,1.2611665790856543
location,Southern Fleurieu,M1 fish,Bloom 2026-05,Notolabrus tetricus,7.3125,39.64583333333333,18.444561219127696
location,Southern Fleurieu,M1 fish,Bloom 2026-05,Olisthops cyanomelas,0,39.64583333333333,0
location,Southern Fleurieu,M1 fish,Bloom 2026-05,Other,3.3541666666666665,39.64583333333333,8.460325801366263
location,Southern Fleurieu,M1 fish,Bloom 2026-05,Parma victoriae,1.0625,39.64583333333333,2.6799789805570158
location,Southern Fleurieu,M1 fish,Bloom 2026-05,Pseudogoniistius nigripes,2.4583333333333335,39.64583333333333,6.200735680504468
location,Southern Fleurieu,M1 fish,Bloom 2026-05,Scorpis aequipinnis,21.208333333333332,39.64583333333333,53.4944823962165
location,Southern Fleurieu,M1 fish,Pre-bloom,Girella zebra,1.0449438202247192,28.213483146067418,3.703703703703704
location,Southern Fleurieu,M1 fish,Pre-bloom,Kyphosus sydneyanus,0.8707865168539326,28.213483146067418,3.0864197530864192
location,Southern Fleurieu,M1 fish,Pre-bloom,Meuschenia hippocrepis,1.949438202247191,28.213483146067418,6.909597769812823
location,Southern Fleurieu,M1 fish,Pre-bloom,Notolabrus tetricus,6.623595505617978,28.213483146067418,23.47670250896057
location,Southern Fleurieu,M1 fish,Pre-bloom,Olisthops cyanomelas,1.646067415730337,28.213483146067418,5.834328952608522
location,Southern Fleurieu,M1 fish,Pre-bloom,Other,4.3033707865168545,28.213483146067418,15.252887295898049
location,Southern Fleurieu,M1 fish,Pre-bloom,Parma victoriae,1.4887640449438202,28.213483146067418,5.276782158502589
location,Southern Fleurieu,M1 fish,Pre-bloom,Pseudogoniistius nigripes,1.1348314606741574,28.213483146067418,4.022301871764237
location,Southern Fleurieu,M1 fish,Pre-bloom,Scorpis aequipinnis,9.151685393258427,28.213483146067418,32.437275985663085
location,Southern Fleurieu,M2 fish,Bloom 2025-06,Aetapcus maculatus,0,0.125,0
location,Southern Fleurieu,M2 fish,Bloom 2025-06,Aploactisoma milesii,0,0.125,0
location,Southern Fleurieu,M2 fish,Bloom 2025-06,Aspasmogaster spp,0,0.125,0
location,Southern Fleurieu,M2 fish,Bloom 2025-06,Bathygobius krefftii,0,0.125,0
location,Southern Fleurieu,M2 fish,Bloom 2025-06,Helcogramma decurrens,0,0.125,0
location,Southern Fleurieu,M2 fish,Bloom 2025-06,Hypoplectrodes nigroruber,0,0.125,0
location,Southern Fleurieu,M2 fish,Bloom 2025-06,Other,0,0.125,0
location,Southern Fleurieu,M2 fish,Bloom 2025-06,Pempheris klunzingeri,0.125,0.125,100
location,Southern Fleurieu,M2 fish,Bloom 2025-06,Pempheris multiradiata,0,0.125,0
location,Southern Fleurieu,M2 fish,Bloom 2025-06,Trachichthys australis,0,0.125,0
location,Southern Fleurieu,M2 fish,Bloom 2025-06,Trinorfolkia clarkei,0,0.125,0
location,Southern Fleurieu,M2 fish,Bloom 2026-05,Aetapcus maculatus,0,0.125,0
location,Southern Fleurieu,M2 fish,Bloom 2026-05,Aploactisoma milesii,0,0.125,0
location,Southern Fleurieu,M2 fish,Bloom 2026-05,Aspasmogaster spp,0,0.125,0
location,Southern Fleurieu,M2 fish,Bloom 2026-05,Bathygobius krefftii,0,0.125,0
location,Southern Fleurieu,M2 fish,Bloom 2026-05,Helcogramma decurrens,0.020833333333333332,0.125,16.666666666666664
location,Southern Fleurieu,M2 fish,Bloom 2026-05,Hypoplectrodes nigroruber,0,0.125,0
location,Southern Fleurieu,M2 fish,Bloom 2026-05,Other,0,0.125,0
location,Southern Fleurieu,M2 fish,Bloom 2026-05,Pempheris klunzingeri,0.08333333333333333,0.125,66.66666666666666
location,Southern Fleurieu,M2 fish,Bloom 2026-05,Pempheris multiradiata,0,0.125,0
location,Southern Fleurieu,M2 fish,Bloom 2026-05,Trachichthys australis,0,0.125,0
location,Southern Fleurieu,M2 fish,Bloom 2026-05,Trinorfolkia clarkei,0.020833333333333332,0.125,16.666666666666664
location,Southern Fleurieu,M2 fish,Pre-bloom,Aetapcus maculatus,0,1.1593406593406594,0
location,Southern Fleurieu,M2 fish,Pre-bloom,Aploactisoma milesii,0,1.1593406593406594,0
location,Southern Fleurieu,M2 fish,Pre-bloom,Aspasmogaster spp,0,1.1593406593406594,0
location,Southern Fleurieu,M2 fish,Pre-bloom,Bathygobius krefftii,0,1.1593406593406594,0
location,Southern Fleurieu,M2 fish,Pre-bloom,Helcogramma decurrens,0.09340659340659341,1.1593406593406594,8.056872037914692
location,Southern Fleurieu,M2 fish,Pre-bloom,Hypoplectrodes nigroruber,0.06043956043956044,1.1593406593406594,5.213270142180094
location,Southern Fleurieu,M2 fish,Pre-bloom,Other,0.14285714285714288,1.1593406593406594,12.32227488151659
location,Southern Fleurieu,M2 fish,Pre-bloom,Pempheris klunzingeri,0.24725274725274726,1.1593406593406594,21.327014218009477
location,Southern Fleurieu,M2 fish,Pre-bloom,Pempheris multiradiata,0.5879120879120879,1.1593406593406594,50.71090047393365
location,Southern Fleurieu,M2 fish,Pre-bloom,Trachichthys australis,0.027472527472527472,1.1593406593406594,2.3696682464454972
location,Southern Fleurieu,M2 fish,Pre-bloom,Trinorfolkia clarkei,0,1.1593406593406594,0
location,Southern Fleurieu,M2 invertebrates,Bloom 2025-06,Cenolia trichoptera,0.5,24.875,2.0100502512562812
location,Southern Fleurieu,M2 invertebrates,Bloom 2025-06,Dicathais orbita,10.125,24.875,40.7035175879397
location,Southern Fleurieu,M2 invertebrates,Bloom 2025-06,Guinusia chabrus,1.625,24.875,6.532663316582915
location,Southern Fleurieu,M2 invertebrates,Bloom 2025-06,Haliotis spp,5.25,24.875,21.105527638190956
location,Southern Fleurieu,M2 invertebrates,Bloom 2025-06,Heliocidaris erythrogramma,0.75,24.875,3.0150753768844223
location,Southern Fleurieu,M2 invertebrates,Bloom 2025-06,Lunella torquata,0,24.875,0
location,Southern Fleurieu,M2 invertebrates,Bloom 2025-06,Lunella undulata,1.5,24.875,6.030150753768845
location,Southern Fleurieu,M2 invertebrates,Bloom 2025-06,Other,2.625,24.875,10.552763819095478
location,Southern Fleurieu,M2 invertebrates,Bloom 2025-06,Paguridae & Diogenidae spp,1.125,24.875,4.522613065326633
location,Southern Fleurieu,M2 invertebrates,Bloom 2025-06,Tosia australis,1.375,24.875,5.527638190954774
location,Southern Fleurieu,M2 invertebrates,Bloom 2026-05,Cenolia trichoptera,0.3958333333333333,25.020833333333332,1.582014987510408
location,Southern Fleurieu,M2 invertebrates,Bloom 2026-05,Dicathais orbita,11.0625,25.020833333333332,44.213155703580355
location,Southern Fleurieu,M2 invertebrates,Bloom 2026-05,Guinusia chabrus,6.6875,25.020833333333332,26.72772689425479
location,Southern Fleurieu,M2 invertebrates,Bloom 2026-05,Haliotis spp,1.5,25.020833333333332,5.995004163197335
location,Southern Fleurieu,M2 invertebrates,Bloom 2026-05,Heliocidaris erythrogramma,0.5208333333333334,25.020833333333332,2.081598667776853
location,Southern Fleurieu,M2 invertebrates,Bloom 2026-05,Lunella torquata,0.020833333333333332,25.020833333333332,0.0832639467110741
location,Southern Fleurieu,M2 invertebrates,Bloom 2026-05,Lunella undulata,0.020833333333333332,25.020833333333332,0.0832639467110741
location,Southern Fleurieu,M2 invertebrates,Bloom 2026-05,Other,2,25.020833333333332,7.993338884263115
location,Southern Fleurieu,M2 invertebrates,Bloom 2026-05,Paguridae & Diogenidae spp,2.5,25.020833333333332,9.991673605328893
location,Southern Fleurieu,M2 invertebrates,Bloom 2026-05,Tosia australis,0.3125,25.020833333333332,1.2489592006661117
location,Southern Fleurieu,M2 invertebrates,Pre-bloom,Cenolia trichoptera,3.241758241758242,36.94505494505494,8.774538964901845
location,Southern Fleurieu,M2 invertebrates,Pre-bloom,Dicathais orbita,1.5879120879120878,36.94505494505494,4.298036882807852
location,Southern Fleurieu,M2 invertebrates,Pre-bloom,Guinusia chabrus,1.2032967032967032,36.94505494505494,3.2569898869720406
location,Southern Fleurieu,M2 invertebrates,Pre-bloom,Haliotis spp,9.719780219780219,36.94505494505494,26.30874479476502
location,Southern Fleurieu,M2 invertebrates,Pre-bloom,Heliocidaris erythrogramma,2.857142857142857,36.94505494505494,7.733491969066033
location,Southern Fleurieu,M2 invertebrates,Pre-bloom,Lunella torquata,3.923076923076923,36.94505494505494,10.618679357525282
location,Southern Fleurieu,M2 invertebrates,Pre-bloom,Lunella undulata,3.934065934065934,36.94505494505494,10.648423557406307
location,Southern Fleurieu,M2 invertebrates,Pre-bloom,Other,9.406593406593407,36.94505494505494,25.461035098155865
location,Southern Fleurieu,M2 invertebrates,Pre-bloom,Paguridae & Diogenidae spp,0.13736263736263737,36.94505494505494,0.37180249851279007
location,Southern Fleurieu,M2 invertebrates,Pre-bloom,Tosia australis,0.9340659340659341,36.94505494505494,2.5282569898869722
location,Southern Metro,M1 fish,Bloom 2025-11,Austrolabrus maculatus,0.375,9.625,3.896103896103896
location,Southern Metro,M1 fish,Bloom 2025-11,Girella zebra,0.9583333333333334,9.625,9.956709956709958
location,Southern Metro,M1 fish,Bloom 2025-11,Kyphosus sydneyanus,1,9.625,10.38961038961039
location,Southern Metro,M1 fish,Bloom 2025-11,Notolabrus parilus,2.1666666666666665,9.625,22.51082251082251
location,Southern Metro,M1 fish,Bloom 2025-11,Other,1.5,9.625,15.584415584415584
location,Southern Metro,M1 fish,Bloom 2025-11,Parapriacanthus elongatus,0,9.625,0
location,Southern Metro,M1 fish,Bloom 2025-11,Pempheris klunzingeri,0.125,9.625,1.2987012987012987
location,Southern Metro,M1 fish,Bloom 2025-11,Scorpis aequipinnis,2.75,9.625,28.571428571428573
location,Southern Metro,M1 fish,Bloom 2025-11,Trachinops noarlungae,0.75,9.625,7.792207792207792
location,Southern Metro,M1 fish,Bloom 2026-01,Austrolabrus maculatus,2.5625,59.796875,4.285340998170891
location,Southern Metro,M1 fish,Bloom 2026-01,Girella zebra,5.59375,59.796875,9.354585837470603
location,Southern Metro,M1 fish,Bloom 2026-01,Kyphosus sydneyanus,1.640625,59.796875,2.7436634439508754
location,Southern Metro,M1 fish,Bloom 2026-01,Notolabrus parilus,3.1875,59.796875,5.3305461196759865
location,Southern Metro,M1 fish,Bloom 2026-01,Other,8.140625,59.796875,13.613796707603868
location,Southern Metro,M1 fish,Bloom 2026-01,Parapriacanthus elongatus,0,59.796875,0
location,Southern Metro,M1 fish,Bloom 2026-01,Pempheris klunzingeri,0.09375,59.796875,0.1567807682257643
location,Southern Metro,M1 fish,Bloom 2026-01,Scorpis aequipinnis,9.671875,59.796875,16.17454925529135
location,Southern Metro,M1 fish,Bloom 2026-01,Trachinops noarlungae,28.90625,59.796875,48.34073686961066
location,Southern Metro,M1 fish,Pre-bloom,Austrolabrus maculatus,2.119369369369369,141.481981981982,1.4979782864783977
location,Southern Metro,M1 fish,Pre-bloom,Girella zebra,0.7995495495495496,141.481981981982,0.5651246458021586
location,Southern Metro,M1 fish,Pre-bloom,Kyphosus sydneyanus,2.315315315315315,141.481981981982,1.6364736222101943
location,Southern Metro,M1 fish,Pre-bloom,Notolabrus parilus,0.7117117117117117,141.481981981982,0.5030405297844567
location,Southern Metro,M1 fish,Pre-bloom,Other,16.283783783783782,141.481981981982,11.509439969435512
location,Southern Metro,M1 fish,Pre-bloom,Parapriacanthus elongatus,6.86936936936937,141.481981981982,4.855296252666433
location,Southern Metro,M1 fish,Pre-bloom,Pempheris klunzingeri,3.277027027027027,141.481981981982,2.316215097583495
location,Southern Metro,M1 fish,Pre-bloom,Scorpis aequipinnis,4.4324324324324325,141.481981981982,3.132860008277882
location,Southern Metro,M1 fish,Pre-bloom,Trachinops noarlungae,104.67342342342343,141.481981981982,73.98357158776147
location,Southern Metro,M2 fish,Bloom 2025-11,Aetapcus maculatus,0,0.25,0
location,Southern Metro,M2 fish,Bloom 2025-11,Eocallionymus papilio,0,0.25,0
location,Southern Metro,M2 fish,Bloom 2025-11,Gymnapistes marmoratus,0.08333333333333333,0.25,33.33333333333333
location,Southern Metro,M2 fish,Bloom 2025-11,Helcogramma decurrens,0.041666666666666664,0.25,16.666666666666664
location,Southern Metro,M2 fish,Bloom 2025-11,Hypoplectrodes nigroruber,0.041666666666666664,0.25,16.666666666666664
location,Southern Metro,M2 fish,Bloom 2025-11,Other,0,0.25,0
location,Southern Metro,M2 fish,Bloom 2025-11,Parablennius tasmanianus,0,0.25,0
location,Southern Metro,M2 fish,Bloom 2025-11,Parapercis haackei,0,0.25,0
location,Southern Metro,M2 fish,Bloom 2025-11,Parapriacanthus elongatus,0,0.25,0
location,Southern Metro,M2 fish,Bloom 2025-11,Pempheris klunzingeri,0,0.25,0
location,Southern Metro,M2 fish,Bloom 2025-11,Pempheris multiradiata,0,0.25,0
location,Southern Metro,M2 fish,Bloom 2025-11,Trinorfolkia clarkei,0,0.25,0
location,Southern Metro,M2 fish,Bloom 2025-11,Trinorfolkia cristata,0.08333333333333333,0.25,33.33333333333333
location,Southern Metro,M2 fish,Bloom 2026-01,Aetapcus maculatus,0.03125,1.078125,2.898550724637681
location,Southern Metro,M2 fish,Bloom 2026-01,Eocallionymus papilio,0.171875,1.078125,15.942028985507246
location,Southern Metro,M2 fish,Bloom 2026-01,Gymnapistes marmoratus,0,1.078125,0
location,Southern Metro,M2 fish,Bloom 2026-01,Helcogramma decurrens,0.484375,1.078125,44.927536231884055
location,Southern Metro,M2 fish,Bloom 2026-01,Hypoplectrodes nigroruber,0.03125,1.078125,2.898550724637681
location,Southern Metro,M2 fish,Bloom 2026-01,Other,0.0625,1.078125,5.797101449275362
location,Southern Metro,M2 fish,Bloom 2026-01,Parablennius tasmanianus,0.0625,1.078125,5.797101449275362
location,Southern Metro,M2 fish,Bloom 2026-01,Parapercis haackei,0.015625,1.078125,1.4492753623188406
location,Southern Metro,M2 fish,Bloom 2026-01,Parapriacanthus elongatus,0,1.078125,0
location,Southern Metro,M2 fish,Bloom 2026-01,Pempheris klunzingeri,0.015625,1.078125,1.4492753623188406
location,Southern Metro,M2 fish,Bloom 2026-01,Pempheris multiradiata,0,1.078125,0
location,Southern Metro,M2 fish,Bloom 2026-01,Trinorfolkia clarkei,0.171875,1.078125,15.942028985507246
location,Southern Metro,M2 fish,Bloom 2026-01,Trinorfolkia cristata,0.03125,1.078125,2.898550724637681
location,Southern Metro,M2 fish,Pre-bloom,Aetapcus maculatus,0.00909090909090909,8.797727272727272,0.10333247222939809
location,Southern Metro,M2 fish,Pre-bloom,Eocallionymus papilio,0.24545454545454545,8.797727272727272,2.7899767501937487
location,Southern Metro,M2 fish,Pre-bloom,Gymnapistes marmoratus,0,8.797727272727272,0
location,Southern Metro,M2 fish,Pre-bloom,Helcogramma decurrens,4.9363636363636365,8.797727272727272,56.10953242056316
location,Southern Metro,M2 fish,Pre-bloom,Hypoplectrodes nigroruber,0.05227272727272727,8.797727272727272,0.5941617153190389
location,Southern Metro,M2 fish,Pre-bloom,Other,0.6159090909090909,8.797727272727272,7.000774993541721
location,Southern Metro,M2 fish,Pre-bloom,Parablennius tasmanianus,0.0022727272727272726,8.797727272727272,0.025833118057349523
location,Southern Metro,M2 fish,Pre-bloom,Parapercis haackei,0.5659090909090909,8.797727272727272,6.432446396280032
location,Southern Metro,M2 fish,Pre-bloom,Parapriacanthus elongatus,0.6522727272727272,8.797727272727272,7.414104882459313
location,Southern Metro,M2 fish,Pre-bloom,Pempheris klunzingeri,1.2431818181818182,8.797727272727272,14.13071557737019
location,Southern Metro,M2 fish,Pre-bloom,Pempheris multiradiata,0.2863636363636364,8.797727272727272,3.25497287522604
location,Southern Metro,M2 fish,Pre-bloom,Trinorfolkia clarkei,0.13636363636363635,8.797727272727272,1.5499870834409712
location,Southern Metro,M2 fish,Pre-bloom,Trinorfolkia cristata,0.05227272727272727,8.797727272727272,0.5941617153190389
location,Southern Metro,M2 invertebrates,Bloom 2025-11,Dicathais orbita,0.25,7.75,3.225806451612903
location,Southern Metro,M2 invertebrates,Bloom 2025-11,Fusinus australis,0.4583333333333333,7.75,5.913978494623655
location,Southern Metro,M2 invertebrates,Bloom 2025-11,Guinusia chabrus,0.08333333333333333,7.75,1.075268817204301
location,Southern Metro,M2 invertebrates,Bloom 2025-11,Haliotis spp,0.08333333333333333,7.75,1.075268817204301
location,Southern Metro,M2 invertebrates,Bloom 2025-11,Heliocidaris erythrogramma,0,7.75,0
location,Southern Metro,M2 invertebrates,Bloom 2025-11,Lunella undulata,0.16666666666666666,7.75,2.150537634408602
location,Southern Metro,M2 invertebrates,Bloom 2025-11,Other,0.7916666666666666,7.75,10.215053763440858
location,Southern Metro,M2 invertebrates,Bloom 2025-11,Paguridae & Diogenidae spp,5.375,7.75,69.35483870967742
location,Southern Metro,M2 invertebrates,Bloom 2025-11,Pleuroploca australasia,0.5416666666666666,7.75,6.989247311827957
location,Southern Metro,M2 invertebrates,Bloom 2026-01,Dicathais orbita,0.21875,6.25,3.5
location,Southern Metro,M2 invertebrates,Bloom 2026-01,Fusinus australis,0.484375,6.25,7.75
location,Southern Metro,M2 invertebrates,Bloom 2026-01,Guinusia chabrus,0.3125,6.25,5
location,Southern Metro,M2 invertebrates,Bloom 2026-01,Haliotis spp,0.265625,6.25,4.25
location,Southern Metro,M2 invertebrates,Bloom 2026-01,Heliocidaris erythrogramma,0.4375,6.25,7
location,Southern Metro,M2 invertebrates,Bloom 2026-01,Lunella undulata,0.015625,6.25,0.25
location,Southern Metro,M2 invertebrates,Bloom 2026-01,Other,1.140625,6.25,18.25
location,Southern Metro,M2 invertebrates,Bloom 2026-01,Paguridae & Diogenidae spp,2.390625,6.25,38.25
location,Southern Metro,M2 invertebrates,Bloom 2026-01,Pleuroploca australasia,0.984375,6.25,15.75
location,Southern Metro,M2 invertebrates,Pre-bloom,Dicathais orbita,1.2252252252252251,86.61036036036036,1.41464048888311
location,Southern Metro,M2 invertebrates,Pre-bloom,Fusinus australis,0.0990990990990991,86.61036036036036,0.11441945130672214
location,Southern Metro,M2 invertebrates,Pre-bloom,Guinusia chabrus,0.7792792792792793,86.61036036036036,0.8997529580028605
location,Southern Metro,M2 invertebrates,Pre-bloom,Haliotis spp,3.8018018018018016,86.61036036036036,4.389546222857886
location,Southern Metro,M2 invertebrates,Pre-bloom,Heliocidaris erythrogramma,19.6509009009009,86.61036036036036,22.68885710570797
location,Southern Metro,M2 invertebrates,Pre-bloom,Lunella undulata,44.48198198198198,86.61036036036036,51.358730984267325
location,Southern Metro,M2 invertebrates,Pre-bloom,Other,12.637387387387387,86.61036036036036,14.591080483682225
location,Southern Metro,M2 invertebrates,Pre-bloom,Paguridae & Diogenidae spp,1.90990990990991,86.61036036036036,2.205174879729554
location,Southern Metro,M2 invertebrates,Pre-bloom,Pleuroploca australasia,2.024774774774775,86.61036036036036,2.337797425562346
location,Southern Yorke,M1 fish,Bloom 2025-06,Dactylophora nigricans,0.25,5.75,4.3478260869565215
location,Southern Yorke,M1 fish,Bloom 2025-06,Kyphosus sydneyanus,0,5.75,0
location,Southern Yorke,M1 fish,Bloom 2025-06,Meuschenia hippocrepis,0,5.75,0
location,Southern Yorke,M1 fish,Bloom 2025-06,Neoodax balteatus,3.75,5.75,65.21739130434783
location,Southern Yorke,M1 fish,Bloom 2025-06,Notolabrus parilus,0.75,5.75,13.043478260869565
location,Southern Yorke,M1 fish,Bloom 2025-06,Notolabrus tetricus,0,5.75,0
location,Southern Yorke,M1 fish,Bloom 2025-06,Other,0.25,5.75,4.3478260869565215
location,Southern Yorke,M1 fish,Bloom 2025-06,Parapriacanthus elongatus,0,5.75,0
location,Southern Yorke,M1 fish,Bloom 2025-06,Parma victoriae,0.5,5.75,8.695652173913043
location,Southern Yorke,M1 fish,Bloom 2025-06,Pseudogoniistius nigripes,0.25,5.75,4.3478260869565215
location,Southern Yorke,M1 fish,Bloom 2025-06,Scorpis aequipinnis,0,5.75,0
location,Southern Yorke,M1 fish,Bloom 2025-06,Trachinops noarlungae,0,5.75,0
location,Southern Yorke,M1 fish,Bloom 2026-04,Dactylophora nigricans,0.2916666666666667,46.416666666666664,0.6283662477558349
location,Southern Yorke,M1 fish,Bloom 2026-04,Kyphosus sydneyanus,5.541666666666667,46.416666666666664,11.938958707360865
location,Southern Yorke,M1 fish,Bloom 2026-04,Meuschenia hippocrepis,2.375,46.416666666666664,5.116696588868941
location,Southern Yorke,M1 fish,Bloom 2026-04,Neoodax balteatus,0.75,46.416666666666664,1.6157989228007181
location,Southern Yorke,M1 fish,Bloom 2026-04,Notolabrus parilus,1.7916666666666667,46.416666666666664,3.859964093357272
location,Southern Yorke,M1 fish,Bloom 2026-04,Notolabrus tetricus,1.1666666666666667,46.416666666666664,2.5134649910233398
location,Southern Yorke,M1 fish,Bloom 2026-04,Other,8.125,46.416666666666664,17.504488330341115
location,Southern Yorke,M1 fish,Bloom 2026-04,Parapriacanthus elongatus,0,46.416666666666664,0
location,Southern Yorke,M1 fish,Bloom 2026-04,Parma victoriae,1,46.416666666666664,2.154398563734291
location,Southern Yorke,M1 fish,Bloom 2026-04,Pseudogoniistius nigripes,1.9583333333333333,46.416666666666664,4.219030520646319
location,Southern Yorke,M1 fish,Bloom 2026-04,Scorpis aequipinnis,9.666666666666666,46.416666666666664,20.825852782764812
location,Southern Yorke,M1 fish,Bloom 2026-04,Trachinops noarlungae,13.75,46.416666666666664,29.6229802513465
location,Southern Yorke,M1 fish,Pre-bloom,Dactylophora nigricans,0.08333333333333333,63.041666666666664,0.13218770654329146
location,Southern Yorke,M1 fish,Pre-bloom,Kyphosus sydneyanus,3.2083333333333335,63.041666666666664,5.089226701916722
location,Southern Yorke,M1 fish,Pre-bloom,Meuschenia hippocrepis,4.666666666666667,63.041666666666664,7.402511566424323
location,Southern Yorke,M1 fish,Pre-bloom,Neoodax balteatus,1.375,63.041666666666664,2.1810971579643095
location,Southern Yorke,M1 fish,Pre-bloom,Notolabrus parilus,0.5833333333333334,63.041666666666664,0.9253139458030404
location,Southern Yorke,M1 fish,Pre-bloom,Notolabrus tetricus,7.708333333333333,63.041666666666664,12.22736285525446
location,Southern Yorke,M1 fish,Pre-bloom,Other,13.833333333333334,63.041666666666664,21.943159286186386
location,Southern Yorke,M1 fish,Pre-bloom,Parapriacanthus elongatus,14.166666666666666,63.041666666666664,22.47191011235955
location,Southern Yorke,M1 fish,Pre-bloom,Parma victoriae,0.9583333333333334,63.041666666666664,1.520158625247852
location,Southern Yorke,M1 fish,Pre-bloom,Pseudogoniistius nigripes,1.125,63.041666666666664,1.784534038334435
location,Southern Yorke,M1 fish,Pre-bloom,Scorpis aequipinnis,7.5,63.041666666666664,11.896893588896233
location,Southern Yorke,M1 fish,Pre-bloom,Trachinops noarlungae,7.833333333333333,63.041666666666664,12.425644415069398
location,Southern Yorke,M2 fish,Bloom 2025-06,Aetapcus maculatus,0,3.1666666666666665,0
location,Southern Yorke,M2 fish,Bloom 2025-06,Diodon nicthemerus,0.3333333333333333,3.1666666666666665,10.526315789473683
location,Southern Yorke,M2 fish,Bloom 2025-06,Gobiidae spp,0,3.1666666666666665,0
location,Southern Yorke,M2 fish,Bloom 2025-06,Helcogramma decurrens,0,3.1666666666666665,0
location,Southern Yorke,M2 fish,Bloom 2025-06,Other,0,3.1666666666666665,0
location,Southern Yorke,M2 fish,Bloom 2025-06,Parapercis haackei,0.16666666666666666,3.1666666666666665,5.263157894736842
location,Southern Yorke,M2 fish,Bloom 2025-06,Pempheris klunzingeri,0.3333333333333333,3.1666666666666665,10.526315789473683
location,Southern Yorke,M2 fish,Bloom 2025-06,Pempheris multiradiata,0.16666666666666666,3.1666666666666665,5.263157894736842
location,Southern Yorke,M2 fish,Bloom 2025-06,Trinorfolkia clarkei,2.1666666666666665,3.1666666666666665,68.42105263157895
location,Southern Yorke,M2 fish,Bloom 2025-06,Trinorfolkia cristata,0,3.1666666666666665,0
location,Southern Yorke,M2 fish,Bloom 2025-06,Tripterygiidae spp,0,3.1666666666666665,0
location,Southern Yorke,M2 fish,Bloom 2026-04,Aetapcus maculatus,0,5.083333333333334,0
location,Southern Yorke,M2 fish,Bloom 2026-04,Diodon nicthemerus,0,5.083333333333334,0
location,Southern Yorke,M2 fish,Bloom 2026-04,Gobiidae spp,0.041666666666666664,5.083333333333334,0.8196721311475408
location,Southern Yorke,M2 fish,Bloom 2026-04,Helcogramma decurrens,3.3333333333333335,5.083333333333334,65.57377049180327
location,Southern Yorke,M2 fish,Bloom 2026-04,Other,0.08333333333333333,5.083333333333334,1.6393442622950816
location,Southern Yorke,M2 fish,Bloom 2026-04,Parapercis haackei,0,5.083333333333334,0
location,Southern Yorke,M2 fish,Bloom 2026-04,Pempheris klunzingeri,0.20833333333333334,5.083333333333334,4.098360655737705
location,Southern Yorke,M2 fish,Bloom 2026-04,Pempheris multiradiata,0.375,5.083333333333334,7.377049180327868
location,Southern Yorke,M2 fish,Bloom 2026-04,Trinorfolkia clarkei,0.5833333333333334,5.083333333333334,11.475409836065573
location,Southern Yorke,M2 fish,Bloom 2026-04,Trinorfolkia cristata,0.4583333333333333,5.083333333333334,9.016393442622949
location,Southern Yorke,M2 fish,Bloom 2026-04,Tripterygiidae spp,0,5.083333333333334,0
location,Southern Yorke,M2 fish,Pre-bloom,Aetapcus maculatus,0.05263157894736842,1.526315789473684,3.4482758620689653
location,Southern Yorke,M2 fish,Pre-bloom,Diodon nicthemerus,0.05263157894736842,1.526315789473684,3.4482758620689653
location,Southern Yorke,M2 fish,Pre-bloom,Gobiidae spp,0.47368421052631576,1.526315789473684,31.03448275862069
location,Southern Yorke,M2 fish,Pre-bloom,Helcogramma decurrens,0,1.526315789473684,0
location,Southern Yorke,M2 fish,Pre-bloom,Other,0.10526315789473684,1.526315789473684,6.896551724137931
location,Southern Yorke,M2 fish,Pre-bloom,Parapercis haackei,0,1.526315789473684,0
location,Southern Yorke,M2 fish,Pre-bloom,Pempheris klunzingeri,0.05263157894736842,1.526315789473684,3.4482758620689653
location,Southern Yorke,M2 fish,Pre-bloom,Pempheris multiradiata,0.21052631578947367,1.526315789473684,13.793103448275861
location,Southern Yorke,M2 fish,Pre-bloom,Trinorfolkia clarkei,0.3157894736842105,1.526315789473684,20.689655172413794
location,Southern Yorke,M2 fish,Pre-bloom,Trinorfolkia cristata,0,1.526315789473684,0
location,Southern Yorke,M2 fish,Pre-bloom,Tripterygiidae spp,0.2631578947368421,1.526315789473684,17.24137931034483
location,Southern Yorke,M2 invertebrates,Bloom 2025-06,Australostichopus mollis,0.8333333333333334,51.333333333333336,1.6233766233766236
location,Southern Yorke,M2 invertebrates,Bloom 2025-06,Bulla quoyii,7.166666666666667,51.333333333333336,13.961038961038962
location,Southern Yorke,M2 invertebrates,Bloom 2025-06,Cenolia trichoptera,0,51.333333333333336,0
location,Southern Yorke,M2 invertebrates,Bloom 2025-06,Dicathais orbita,8,51.333333333333336,15.584415584415584
location,Southern Yorke,M2 invertebrates,Bloom 2025-06,Guinusia chabrus,0.5,51.333333333333336,0.974025974025974
location,Southern Yorke,M2 invertebrates,Bloom 2025-06,Haliotis spp,5.5,51.333333333333336,10.714285714285714
location,Southern Yorke,M2 invertebrates,Bloom 2025-06,Heliocidaris erythrogramma,2,51.333333333333336,3.896103896103896
location,Southern Yorke,M2 invertebrates,Bloom 2025-06,Meridiastra gunnii,20,51.333333333333336,38.96103896103896
location,Southern Yorke,M2 invertebrates,Bloom 2025-06,Other,4.833333333333333,51.333333333333336,9.415584415584414
location,Southern Yorke,M2 invertebrates,Bloom 2025-06,Tosia australis,2.5,51.333333333333336,4.87012987012987
location,Southern Yorke,M2 invertebrates,Bloom 2026-04,Australostichopus mollis,0.3333333333333333,15.375,2.168021680216802
location,Southern Yorke,M2 invertebrates,Bloom 2026-04,Bulla quoyii,0,15.375,0
location,Southern Yorke,M2 invertebrates,Bloom 2026-04,Cenolia trichoptera,1.9166666666666667,15.375,12.466124661246614
location,Southern Yorke,M2 invertebrates,Bloom 2026-04,Dicathais orbita,2.0416666666666665,15.375,13.279132791327912
location,Southern Yorke,M2 invertebrates,Bloom 2026-04,Guinusia chabrus,2.875,15.375,18.69918699186992
location,Southern Yorke,M2 invertebrates,Bloom 2026-04,Haliotis spp,0.4583333333333333,15.375,2.9810298102981028
location,Southern Yorke,M2 invertebrates,Bloom 2026-04,Heliocidaris erythrogramma,1.5,15.375,9.75609756097561
location,Southern Yorke,M2 invertebrates,Bloom 2026-04,Meridiastra gunnii,2.25,15.375,14.634146341463415
location,Southern Yorke,M2 invertebrates,Bloom 2026-04,Other,3.4166666666666665,15.375,22.22222222222222
location,Southern Yorke,M2 invertebrates,Bloom 2026-04,Tosia australis,0.5833333333333334,15.375,3.794037940379404
location,Southern Yorke,M2 invertebrates,Pre-bloom,Australostichopus mollis,2.15,56.8,3.785211267605634
location,Southern Yorke,M2 invertebrates,Pre-bloom,Bulla quoyii,0,56.8,0
location,Southern Yorke,M2 invertebrates,Pre-bloom,Cenolia trichoptera,17.05,56.8,30.01760563380282
location,Southern Yorke,M2 invertebrates,Pre-bloom,Dicathais orbita,0.6,56.8,1.0563380281690142
location,Southern Yorke,M2 invertebrates,Pre-bloom,Guinusia chabrus,0.55,56.8,0.9683098591549297
location,Southern Yorke,M2 invertebrates,Pre-bloom,Haliotis spp,0.6,56.8,1.0563380281690142
location,Southern Yorke,M2 invertebrates,Pre-bloom,Heliocidaris erythrogramma,13.1,56.8,23.063380281690144
location,Southern Yorke,M2 invertebrates,Pre-bloom,Meridiastra gunnii,3.15,56.8,5.545774647887324
location,Southern Yorke,M2 invertebrates,Pre-bloom,Other,13.7,56.8,24.119718309859156
location,Southern Yorke,M2 invertebrates,Pre-bloom,Tosia australis,5.9,56.8,10.387323943661972
location,Sponge Gardens,M1 fish,Bloom 2026-02,Kyphosus sydneyanus,3.575,67.9,5.265095729013255
location,Sponge Gardens,M1 fish,Bloom 2026-02,Notolabrus tetricus,20.55,67.9,30.265095729013254
location,Sponge Gardens,M1 fish,Bloom 2026-02,Other,12.075,67.9,17.783505154639172
location,Sponge Gardens,M1 fish,Bloom 2026-02,Parapriacanthus elongatus,0,67.9,0
location,Sponge Gardens,M1 fish,Bloom 2026-02,Pempheris multiradiata,1.525,67.9,2.2459499263622975
location,Sponge Gardens,M1 fish,Bloom 2026-02,Pictilabrus laticlavius,4.375,67.9,6.443298969072164
location,Sponge Gardens,M1 fish,Bloom 2026-02,Scorpis aequipinnis,22,67.9,32.40058910162003
location,Sponge Gardens,M1 fish,Bloom 2026-02,Siphonognathus beddomei,0.675,67.9,0.9941089837997054
location,Sponge Gardens,M1 fish,Bloom 2026-02,Trachinops noarlungae,3.125,67.9,4.6023564064801175
location,Sponge Gardens,M1 fish,Pre-bloom,Kyphosus sydneyanus,2.26171875,95.34765625,2.3720758736531606
location,Sponge Gardens,M1 fish,Pre-bloom,Notolabrus tetricus,13.51953125,95.34765625,14.179196198123643
location,Sponge Gardens,M1 fish,Pre-bloom,Other,30.8359375,95.34765625,32.34053013232824
location,Sponge Gardens,M1 fish,Pre-bloom,Parapriacanthus elongatus,14.39453125,95.34765625,15.096890491212259
location,Sponge Gardens,M1 fish,Pre-bloom,Pempheris multiradiata,5.59765625,95.34765625,5.8707853660535045
location,Sponge Gardens,M1 fish,Pre-bloom,Pictilabrus laticlavius,1.37890625,95.34765625,1.4461878815191118
location,Sponge Gardens,M1 fish,Pre-bloom,Scorpis aequipinnis,11.71484375,95.34765625,12.286451718628374
location,Sponge Gardens,M1 fish,Pre-bloom,Siphonognathus beddomei,12.1953125,95.34765625,12.79036420992257
location,Sponge Gardens,M1 fish,Pre-bloom,Trachinops noarlungae,3.44921875,95.34765625,3.617518128559138
location,Sponge Gardens,M2 fish,Bloom 2026-02,Bovichtus angustifrons,0.125,4.575,2.73224043715847
location,Sponge Gardens,M2 fish,Bloom 2026-02,Helcogramma decurrens,0.1,4.575,2.1857923497267757
location,Sponge Gardens,M2 fish,Bloom 2026-02,Other,0.3,4.575,6.557377049180328
location,Sponge Gardens,M2 fish,Bloom 2026-02,Othos dentex,0.05,4.575,1.0928961748633879
location,Sponge Gardens,M2 fish,Bloom 2026-02,Paraplesiops meleagris,0.525,4.575,11.475409836065573
location,Sponge Gardens,M2 fish,Bloom 2026-02,Parapriacanthus elongatus,0,4.575,0
location,Sponge Gardens,M2 fish,Bloom 2026-02,Pempheris multiradiata,3.325,4.575,72.6775956284153
location,Sponge Gardens,M2 fish,Bloom 2026-02,Pempheris ornata,0,4.575,0
location,Sponge Gardens,M2 fish,Bloom 2026-02,Trinorfolkia cristata,0.15,4.575,3.278688524590164
location,Sponge Gardens,M2 fish,Pre-bloom,Bovichtus angustifrons,0,9.62890625,0
location,Sponge Gardens,M2 fish,Pre-bloom,Helcogramma decurrens,0.0703125,9.62890625,0.7302231237322515
location,Sponge Gardens,M2 fish,Pre-bloom,Other,0.4609375,9.62890625,4.787018255578094
location,Sponge Gardens,M2 fish,Pre-bloom,Othos dentex,0.12890625,9.62890625,1.3387423935091278
location,Sponge Gardens,M2 fish,Pre-bloom,Paraplesiops meleagris,0.9609375,9.62890625,9.979716024340771
location,Sponge Gardens,M2 fish,Pre-bloom,Parapriacanthus elongatus,0.359375,9.62890625,3.7322515212981746
location,Sponge Gardens,M2 fish,Pre-bloom,Pempheris multiradiata,7.4765625,9.62890625,77.6470588235294
location,Sponge Gardens,M2 fish,Pre-bloom,Pempheris ornata,0.15625,9.62890625,1.6227180527383367
location,Sponge Gardens,M2 fish,Pre-bloom,Trinorfolkia cristata,0.015625,9.62890625,0.16227180527383367
location,Sponge Gardens,M2 invertebrates,Bloom 2026-02,Cenolia trichoptera,0.975,10.95,8.904109589041097
location,Sponge Gardens,M2 invertebrates,Bloom 2026-02,Dicathais orbita,0.7,10.95,6.392694063926941
location,Sponge Gardens,M2 invertebrates,Bloom 2026-02,Guinusia chabrus,2.625,10.95,23.972602739726028
location,Sponge Gardens,M2 invertebrates,Bloom 2026-02,Heliocidaris erythrogramma,0.475,10.95,4.337899543378995
location,Sponge Gardens,M2 invertebrates,Bloom 2026-02,Lunella torquata,0,10.95,0
location,Sponge Gardens,M2 invertebrates,Bloom 2026-02,Other,2.775,10.95,25.34246575342466
location,Sponge Gardens,M2 invertebrates,Bloom 2026-02,Paguridae & Diogenidae spp,2.45,10.95,22.374429223744297
location,Sponge Gardens,M2 invertebrates,Bloom 2026-02,Petricia vernicina,0.325,10.95,2.9680365296803655
location,Sponge Gardens,M2 invertebrates,Bloom 2026-02,Pleuroploca australasia,0.625,10.95,5.707762557077626
location,Sponge Gardens,M2 invertebrates,Pre-bloom,Cenolia trichoptera,10.93359375,19.03125,57.45073891625616
location,Sponge Gardens,M2 invertebrates,Pre-bloom,Dicathais orbita,0.046875,19.03125,0.24630541871921183
location,Sponge Gardens,M2 invertebrates,Pre-bloom,Guinusia chabrus,0.59765625,19.03125,3.1403940886699506
location,Sponge Gardens,M2 invertebrates,Pre-bloom,Heliocidaris erythrogramma,1.77734375,19.03125,9.339080459770114
location,Sponge Gardens,M2 invertebrates,Pre-bloom,Lunella torquata,0.734375,19.03125,3.858784893267652
location,Sponge Gardens,M2 invertebrates,Pre-bloom,Other,3.2421875,19.03125,17.036124794745483
location,Sponge Gardens,M2 invertebrates,Pre-bloom,Paguridae & Diogenidae spp,0.2109375,19.03125,1.1083743842364533
location,Sponge Gardens,M2 invertebrates,Pre-bloom,Petricia vernicina,0.9375,19.03125,4.926108374384237
location,Sponge Gardens,M2 invertebrates,Pre-bloom,Pleuroploca australasia,0.55078125,19.03125,2.894088669950739
location,Upper GSV,M1 fish,Bloom 2025-11,Acanthopagrus butcheri,0.55,5.6000000000000005,9.821428571428571
location,Upper GSV,M1 fish,Bloom 2025-11,Arripis truttaceus,3,5.6000000000000005,53.57142857142857
location,Upper GSV,M1 fish,Bloom 2025-11,Girella zebra,0.4,5.6000000000000005,7.142857142857142
location,Upper GSV,M1 fish,Bloom 2025-11,Kyphosus sydneyanus,0.4,5.6000000000000005,7.142857142857142
location,Upper GSV,M1 fish,Bloom 2025-11,Neoodax balteatus,0.225,5.6000000000000005,4.017857142857142
location,Upper GSV,M1 fish,Bloom 2025-11,Other,0.775,5.6000000000000005,13.839285714285714
location,Upper GSV,M1 fish,Bloom 2025-11,Parapriacanthus elongatus,0,5.6000000000000005,0
location,Upper GSV,M1 fish,Bloom 2025-11,Pempheris klunzingeri,0.25,5.6000000000000005,4.4642857142857135
location,Upper GSV,M1 fish,Bloom 2025-11,Siphamia cephalotes,0,5.6000000000000005,0
location,Upper GSV,M1 fish,Bloom 2025-11,Trachinops noarlungae,0,5.6000000000000005,0
location,Upper GSV,M1 fish,Pre-bloom,Acanthopagrus butcheri,0,38.00694444444444,0
location,Upper GSV,M1 fish,Pre-bloom,Arripis truttaceus,0,38.00694444444444,0
location,Upper GSV,M1 fish,Pre-bloom,Girella zebra,0.20833333333333334,38.00694444444444,0.5481454412570803
location,Upper GSV,M1 fish,Pre-bloom,Kyphosus sydneyanus,0,38.00694444444444,0
location,Upper GSV,M1 fish,Pre-bloom,Neoodax balteatus,3.736111111111111,38.00694444444444,9.830074913210307
location,Upper GSV,M1 fish,Pre-bloom,Other,4.826388888888889,38.00694444444444,12.698702722455693
location,Upper GSV,M1 fish,Pre-bloom,Parapriacanthus elongatus,8.45138888888889,38.00694444444444,22.236433400328888
location,Upper GSV,M1 fish,Pre-bloom,Pempheris klunzingeri,1.3958333333333333,38.00694444444444,3.672574456422437
location,Upper GSV,M1 fish,Pre-bloom,Siphamia cephalotes,15.666666666666666,38.00694444444444,41.22053718253243
location,Upper GSV,M1 fish,Pre-bloom,Trachinops noarlungae,3.7222222222222223,38.00694444444444,9.793531883793166
location,Upper GSV,M2 fish,Bloom 2025-11,Eocallionymus papilio,0.025,0.775,3.225806451612903
location,Upper GSV,M2 fish,Bloom 2025-11,Gobiidae spp,0.2,0.775,25.806451612903224
location,Upper GSV,M2 fish,Bloom 2025-11,Helcogramma decurrens,0,0.775,0
location,Upper GSV,M2 fish,Bloom 2025-11,Nesogobius spp,0,0.775,0
location,Upper GSV,M2 fish,Bloom 2025-11,Other,0.025,0.775,3.225806451612903
location,Upper GSV,M2 fish,Bloom 2025-11,Parapercis haackei,0.3,0.775,38.70967741935484
location,Upper GSV,M2 fish,Bloom 2025-11,Pempheris klunzingeri,0.1,0.775,12.903225806451612
location,Upper GSV,M2 fish,Bloom 2025-11,Trinorfolkia clarkei,0.075,0.775,9.67741935483871
location,Upper GSV,M2 fish,Bloom 2025-11,Trinorfolkia cristata,0.05,0.775,6.451612903225806
location,Upper GSV,M2 fish,Pre-bloom,Eocallionymus papilio,0.3819444444444444,5.354166666666667,7.133592736705577
location,Upper GSV,M2 fish,Pre-bloom,Gobiidae spp,0.20833333333333334,5.354166666666667,3.891050583657588
location,Upper GSV,M2 fish,Pre-bloom,Helcogramma decurrens,0.2777777777777778,5.354166666666667,5.188067444876784
location,Upper GSV,M2 fish,Pre-bloom,Nesogobius spp,1.1041666666666667,5.354166666666667,20.622568093385215
location,Upper GSV,M2 fish,Pre-bloom,Other,0.4097222222222222,5.354166666666667,7.652399481193255
location,Upper GSV,M2 fish,Pre-bloom,Parapercis haackei,2.8541666666666665,5.354166666666667,53.30739299610894
location,Upper GSV,M2 fish,Pre-bloom,Pempheris klunzingeri,0,5.354166666666667,0
location,Upper GSV,M2 fish,Pre-bloom,Trinorfolkia clarkei,0.027777777777777776,5.354166666666667,0.5188067444876783
location,Upper GSV,M2 fish,Pre-bloom,Trinorfolkia cristata,0.09027777777777778,5.354166666666667,1.6861219195849544
location,Upper GSV,M2 invertebrates,Bloom 2025-11,Australostichopus mollis,0,3.9,0
location,Upper GSV,M2 invertebrates,Bloom 2025-11,Dicathais orbita,0.075,3.9,1.9230769230769231
location,Upper GSV,M2 invertebrates,Bloom 2025-11,Equichlamys bifrons,0.2,3.9,5.128205128205129
location,Upper GSV,M2 invertebrates,Bloom 2025-11,Haliotis spp,1.4,3.9,35.8974358974359
location,Upper GSV,M2 invertebrates,Bloom 2025-11,Other,0.4,3.9,10.256410256410257
location,Upper GSV,M2 invertebrates,Bloom 2025-11,Paguridae & Diogenidae spp,1.05,3.9,26.923076923076923
location,Upper GSV,M2 invertebrates,Bloom 2025-11,Portunus armatus,0.775,3.9,19.871794871794872
location,Upper GSV,M2 invertebrates,Pre-bloom,Australostichopus mollis,1.5694444444444444,11.152777777777777,14.07222914072229
location,Upper GSV,M2 invertebrates,Pre-bloom,Dicathais orbita,0.3819444444444444,11.152777777777777,3.4246575342465757
location,Upper GSV,M2 invertebrates,Pre-bloom,Equichlamys bifrons,1.8472222222222223,11.152777777777777,16.562889165628892
location,Upper GSV,M2 invertebrates,Pre-bloom,Haliotis spp,1.0902777777777777,11.152777777777777,9.775840597758407
location,Upper GSV,M2 invertebrates,Pre-bloom,Other,4.111111111111111,11.152777777777777,36.86176836861768
location,Upper GSV,M2 invertebrates,Pre-bloom,Paguridae & Diogenidae spp,0.5763888888888888,11.152777777777777,5.168119551681196
location,Upper GSV,M2 invertebrates,Pre-bloom,Portunus armatus,1.5763888888888888,11.152777777777777,14.134495641344957
region,Adelaide Metro,M1 fish,Bloom 2025-11,Austrolabrus maculatus,0.28125,7.90625,3.5573122529644268
region,Adelaide Metro,M1 fish,Bloom 2025-11,Girella zebra,0.71875,7.90625,9.090909090909092
region,Adelaide Metro,M1 fish,Bloom 2025-11,Kyphosus sydneyanus,0.75,7.90625,9.486166007905139
region,Adelaide Metro,M1 fish,Bloom 2025-11,Notolabrus parilus,1.75,7.90625,22.134387351778656
region,Adelaide Metro,M1 fish,Bloom 2025-11,Other,1.625,7.90625,20.553359683794465
region,Adelaide Metro,M1 fish,Bloom 2025-11,Parapriacanthus elongatus,0,7.90625,0
region,Adelaide Metro,M1 fish,Bloom 2025-11,Pempheris klunzingeri,0.09375,7.90625,1.1857707509881423
region,Adelaide Metro,M1 fish,Bloom 2025-11,Scorpis aequipinnis,2.125,7.90625,26.877470355731226
region,Adelaide Metro,M1 fish,Bloom 2025-11,Trachinops noarlungae,0.5625,7.90625,7.1146245059288535
region,Adelaide Metro,M1 fish,Bloom 2026-01,Austrolabrus maculatus,2.2777777777777777,53.23611111111111,4.27863292460214
region,Adelaide Metro,M1 fish,Bloom 2026-01,Girella zebra,4.972222222222222,53.23611111111111,9.3399426037046709
region,Adelaide Metro,M1 fish,Bloom 2026-01,Kyphosus sydneyanus,1.4583333333333333,53.23611111111111,2.7393686407513695
region,Adelaide Metro,M1 fish,Bloom 2026-01,Notolabrus parilus,2.8333333333333335,53.23611111111111,5.322201930602662
region,Adelaide Metro,M1 fish,Bloom 2026-01,Other,7.291666666666667,53.23611111111111,13.69684320375685
region,Adelaide Metro,M1 fish,Bloom 2026-01,Parapriacanthus elongatus,0,53.23611111111111,0
region,Adelaide Metro,M1 fish,Bloom 2026-01,Pempheris klunzingeri,0.08333333333333333,53.23611111111111,0.15653535090007825
region,Adelaide Metro,M1 fish,Bloom 2026-01,Scorpis aequipinnis,8.625,53.23611111111111,16.2014088181581
region,Adelaide Metro,M1 fish,Bloom 2026-01,Trachinops noarlungae,25.694444444444443,53.23611111111111,48.265066527524134
region,Adelaide Metro,M1 fish,Pre-bloom,Austrolabrus maculatus,2.0336879432624113,155.20921985815602,1.3102881034522151
region,Adelaide Metro,M1 fish,Pre-bloom,Girella zebra,0.6453900709219859,155.20921985815602,0.4158194155680962
region,Adelaide Metro,M1 fish,Pre-bloom,Kyphosus sydneyanus,1.8333333333333333,155.20921985815602,1.1812013068610203
region,Adelaide Metro,M1 fish,Pre-bloom,Notolabrus parilus,0.6400709219858156,155.20921985815602,0.4123923324727547
region,Adelaide Metro,M1 fish,Pre-bloom,Other,16.20212765957447,155.20921985815602,10.438895108410064
region,Adelaide Metro,M1 fish,Pre-bloom,Parapriacanthus elongatus,10.01595744680851,155.20921985815602,6.453197468527954
region,Adelaide Metro,M1 fish,Pre-bloom,Pempheris klunzingeri,3.0833333333333335,155.20921985815602,1.986565834266262
region,Adelaide Metro,M1 fish,Pre-bloom,Scorpis aequipinnis,3.49290780141844,155.20921985815602,2.2504512326075536
region,Adelaide Metro,M1 fish,Pre-bloom,Trachinops noarlungae,117.26241134751773,155.20921985815602,75.55118919783408
region,Adelaide Metro,M2 fish,Bloom 2025-11,Aetapcus maculatus,0,0.1875,0
region,Adelaide Metro,M2 fish,Bloom 2025-11,Eocallionymus papilio,0,0.1875,0
region,Adelaide Metro,M2 fish,Bloom 2025-11,Gymnapistes marmoratus,0.0625,0.1875,33.333333333333336
region,Adelaide Metro,M2 fish,Bloom 2025-11,Helcogramma decurrens,0.03125,0.1875,16.666666666666668
region,Adelaide Metro,M2 fish,Bloom 2025-11,Hypoplectrodes nigroruber,0.03125,0.1875,16.666666666666668
region,Adelaide Metro,M2 fish,Bloom 2025-11,Nesogobius spp,0,0.1875,0
region,Adelaide Metro,M2 fish,Bloom 2025-11,Other,0,0.1875,0
region,Adelaide Metro,M2 fish,Bloom 2025-11,Parablennius tasmanianus,0,0.1875,0
region,Adelaide Metro,M2 fish,Bloom 2025-11,Parapercis haackei,0,0.1875,0
region,Adelaide Metro,M2 fish,Bloom 2025-11,Parapriacanthus elongatus,0,0.1875,0
region,Adelaide Metro,M2 fish,Bloom 2025-11,Pempheris klunzingeri,0,0.1875,0
region,Adelaide Metro,M2 fish,Bloom 2025-11,Trinorfolkia clarkei,0,0.1875,0
region,Adelaide Metro,M2 fish,Bloom 2025-11,Trinorfolkia cristata,0.0625,0.1875,33.333333333333336
region,Adelaide Metro,M2 fish,Bloom 2026-01,Aetapcus maculatus,0.027777777777777776,1.0138888888888888,2.73972602739726
region,Adelaide Metro,M2 fish,Bloom 2026-01,Eocallionymus papilio,0.1527777777777778,1.0138888888888888,15.068493150684933
region,Adelaide Metro,M2 fish,Bloom 2026-01,Gymnapistes marmoratus,0,1.0138888888888888,0
region,Adelaide Metro,M2 fish,Bloom 2026-01,Helcogramma decurrens,0.4305555555555556,1.0138888888888888,42.465753424657535
region,Adelaide Metro,M2 fish,Bloom 2026-01,Hypoplectrodes nigroruber,0.027777777777777776,1.0138888888888888,2.73972602739726
region,Adelaide Metro,M2 fish,Bloom 2026-01,Nesogobius spp,0,1.0138888888888888,0
region,Adelaide Metro,M2 fish,Bloom 2026-01,Other,0.05555555555555555,1.0138888888888888,5.47945205479452
region,Adelaide Metro,M2 fish,Bloom 2026-01,Parablennius tasmanianus,0.05555555555555555,1.0138888888888888,5.47945205479452
region,Adelaide Metro,M2 fish,Bloom 2026-01,Parapercis haackei,0.013888888888888888,1.0138888888888888,1.36986301369863
region,Adelaide Metro,M2 fish,Bloom 2026-01,Parapriacanthus elongatus,0,1.0138888888888888,0
region,Adelaide Metro,M2 fish,Bloom 2026-01,Pempheris klunzingeri,0.013888888888888888,1.0138888888888888,1.36986301369863
region,Adelaide Metro,M2 fish,Bloom 2026-01,Trinorfolkia clarkei,0.20833333333333334,1.0138888888888888,20.547945205479454
region,Adelaide Metro,M2 fish,Bloom 2026-01,Trinorfolkia cristata,0.027777777777777776,1.0138888888888888,2.73972602739726
region,Adelaide Metro,M2 fish,Pre-bloom,Aetapcus maculatus,0.010714285714285714,8.717857142857143,0.12290045063498566
region,Adelaide Metro,M2 fish,Pre-bloom,Eocallionymus papilio,0.32321428571428573,8.717857142857143,3.7074969274887346
region,Adelaide Metro,M2 fish,Pre-bloom,Gymnapistes marmoratus,0,8.717857142857143,0
region,Adelaide Metro,M2 fish,Pre-bloom,Helcogramma decurrens,4.4,8.717857142857143,50.471118394100785
region,Adelaide Metro,M2 fish,Pre-bloom,Hypoplectrodes nigroruber,0.04107142857142857,8.717857142857143,0.47111839410077827
region,Adelaide Metro,M2 fish,Pre-bloom,Nesogobius spp,0.475,8.717857142857143,5.448586644817698
region,Adelaide Metro,M2 fish,Pre-bloom,Other,0.6053571428571428,8.717857142857143,6.943875460876689
region,Adelaide Metro,M2 fish,Pre-bloom,Parablennius tasmanianus,0.0017857142857142857,8.717857142857143,0.020483408439164276
region,Adelaide Metro,M2 fish,Pre-bloom,Parapercis haackei,1.0678571428571428,8.717857142857143,12.249078246620236
region,Adelaide Metro,M2 fish,Pre-bloom,Parapriacanthus elongatus,0.5142857142857142,8.717857142857143,5.89922163047931
region,Adelaide Metro,M2 fish,Pre-bloom,Pempheris klunzingeri,1.0946428571428573,8.717857142857143,12.556329373207701
region,Adelaide Metro,M2 fish,Pre-bloom,Trinorfolkia clarkei,0.1375,8.717857142857143,1.5772224498156495
region,Adelaide Metro,M2 fish,Pre-bloom,Trinorfolkia cristata,0.04642857142857143,8.717857142857143,0.5325686194182712
region,Adelaide Metro,M2 invertebrates,Bloom 2025-11,Fusinus australis,0.40625,8.21875,4.942965779467681
region,Adelaide Metro,M2 invertebrates,Bloom 2025-11,Guinusia chabrus,0.09375,8.21875,1.1406844106463878
region,Adelaide Metro,M2 invertebrates,Bloom 2025-11,Haliotis spp,0.53125,8.21875,6.4638783269961975
region,Adelaide Metro,M2 invertebrates,Bloom 2025-11,Heliocidaris erythrogramma,0,8.21875,0
region,Adelaide Metro,M2 invertebrates,Bloom 2025-11,Lunella undulata,0.125,8.21875,1.520912547528517
region,Adelaide Metro,M2 invertebrates,Bloom 2025-11,Meridiastra gunnii,0.3125,8.21875,3.802281368821293
region,Adelaide Metro,M2 invertebrates,Bloom 2025-11,Other,0.90625,8.21875,11.02661596958175
region,Adelaide Metro,M2 invertebrates,Bloom 2025-11,Paguridae & Diogenidae spp,5.375,8.21875,65.39923954372624
region,Adelaide Metro,M2 invertebrates,Bloom 2025-11,Pleuroploca australasia,0.46875,8.21875,5.7034220532319395
region,Adelaide Metro,M2 invertebrates,Bloom 2026-01,Fusinus australis,0.4444444444444444,6,7.407407407407407
region,Adelaide Metro,M2 invertebrates,Bloom 2026-01,Guinusia chabrus,0.3055555555555556,6,5.092592592592593
region,Adelaide Metro,M2 invertebrates,Bloom 2026-01,Haliotis spp,0.25,6,4.166666666666667
region,Adelaide Metro,M2 invertebrates,Bloom 2026-01,Heliocidaris erythrogramma,0.3888888888888889,6,6.481481481481482
region,Adelaide Metro,M2 invertebrates,Bloom 2026-01,Lunella undulata,0.013888888888888888,6,0.23148148148148148
region,Adelaide Metro,M2 invertebrates,Bloom 2026-01,Meridiastra gunnii,0.041666666666666664,6,0.6944444444444443
region,Adelaide Metro,M2 invertebrates,Bloom 2026-01,Other,1.3611111111111112,6,22.685185185185187
region,Adelaide Metro,M2 invertebrates,Bloom 2026-01,Paguridae & Diogenidae spp,2.3194444444444446,6,38.65740740740741
region,Adelaide Metro,M2 invertebrates,Bloom 2026-01,Pleuroploca australasia,0.875,6,14.583333333333334
region,Adelaide Metro,M2 invertebrates,Pre-bloom,Fusinus australis,0.11347517730496454,74.59042553191489,0.15213102284342392
region,Adelaide Metro,M2 invertebrates,Pre-bloom,Guinusia chabrus,0.6719858156028369,74.59042553191489,0.9009009009009009
region,Adelaide Metro,M2 invertebrates,Pre-bloom,Haliotis spp,4.590425531914893,74.59042553191489,6.154175283462882
region,Adelaide Metro,M2 invertebrates,Pre-bloom,Heliocidaris erythrogramma,15.49468085106383,74.59042553191489,20.77301575982315
region,Adelaide Metro,M2 invertebrates,Pre-bloom,Lunella undulata,35.138297872340424,74.59042553191489,47.10832204235898
region,Adelaide Metro,M2 invertebrates,Pre-bloom,Meridiastra gunnii,0.9397163120567376,74.59042553191489,1.2598350329221042
region,Adelaide Metro,M2 invertebrates,Pre-bloom,Other,14.063829787234043,74.59042553191489,18.85473864365685
region,Adelaide Metro,M2 invertebrates,Pre-bloom,Paguridae & Diogenidae spp,1.9131205673758864,74.59042553191489,2.56483396325085
region,Adelaide Metro,M2 invertebrates,Pre-bloom,Pleuroploca australasia,1.6648936170212767,74.59042553191489,2.2320473507808605
region,Eastern Spencer Gulf,M1 fish,Bloom 2026-03,Girella zebra,0.9583333333333334,9.791666666666666,9.787234042553193
region,Eastern Spencer Gulf,M1 fish,Bloom 2026-03,Kyphosus sydneyanus,0.3333333333333333,9.791666666666666,3.4042553191489358
region,Eastern Spencer Gulf,M1 fish,Bloom 2026-03,Neoodax balteatus,0.9166666666666666,9.791666666666666,9.361702127659575
region,Eastern Spencer Gulf,M1 fish,Bloom 2026-03,Notolabrus tetricus,2.3333333333333335,9.791666666666666,23.829787234042556
region,Eastern Spencer Gulf,M1 fish,Bloom 2026-03,Other,1.4583333333333333,9.791666666666666,14.893617021276595
region,Eastern Spencer Gulf,M1 fish,Bloom 2026-03,Scorpis aequipinnis,1.9583333333333333,9.791666666666666,20
region,Eastern Spencer Gulf,M1 fish,Bloom 2026-03,Siphonognathus beddomei,0.041666666666666664,9.791666666666666,0.42553191489361697
region,Eastern Spencer Gulf,M1 fish,Bloom 2026-03,Trachinops noarlungae,1.7916666666666667,9.791666666666666,18.297872340425535
region,Eastern Spencer Gulf,M1 fish,Pre-bloom,Girella zebra,0.13636363636363635,22.545454545454547,0.6048387096774193
region,Eastern Spencer Gulf,M1 fish,Pre-bloom,Kyphosus sydneyanus,2.272727272727273,22.545454545454547,10.080645161290322
region,Eastern Spencer Gulf,M1 fish,Pre-bloom,Neoodax balteatus,0.4090909090909091,22.545454545454547,1.8145161290322582
region,Eastern Spencer Gulf,M1 fish,Pre-bloom,Notolabrus tetricus,3.272727272727273,22.545454545454547,14.516129032258066
region,Eastern Spencer Gulf,M1 fish,Pre-bloom,Other,8.045454545454545,22.545454545454547,35.68548387096774
region,Eastern Spencer Gulf,M1 fish,Pre-bloom,Scorpis aequipinnis,2.272727272727273,22.545454545454547,10.080645161290322
region,Eastern Spencer Gulf,M1 fish,Pre-bloom,Siphonognathus beddomei,2.6818181818181817,22.545454545454547,11.89516129032258
region,Eastern Spencer Gulf,M1 fish,Pre-bloom,Trachinops noarlungae,3.4545454545454546,22.545454545454547,15.322580645161288
region,Eastern Spencer Gulf,M2 fish,Bloom 2026-03,Callionymidae spp,0,2.4166666666666665,0
region,Eastern Spencer Gulf,M2 fish,Bloom 2026-03,Eocallionymus papilio,0.20833333333333334,2.4166666666666665,8.620689655172415
region,Eastern Spencer Gulf,M2 fish,Bloom 2026-03,Gobiidae spp,0.25,2.4166666666666665,10.344827586206897
region,Eastern Spencer Gulf,M2 fish,Bloom 2026-03,Heteroclinus spp,0,2.4166666666666665,0
region,Eastern Spencer Gulf,M2 fish,Bloom 2026-03,Other,0.041666666666666664,2.4166666666666665,1.7241379310344827
region,Eastern Spencer Gulf,M2 fish,Bloom 2026-03,Parapercis haackei,1,2.4166666666666665,41.37931034482759
region,Eastern Spencer Gulf,M2 fish,Bloom 2026-03,Trinorfolkia clarkei,0.5,2.4166666666666665,20.689655172413794
region,Eastern Spencer Gulf,M2 fish,Bloom 2026-03,Trinorfolkia cristata,0.4166666666666667,2.4166666666666665,17.24137931034483
region,Eastern Spencer Gulf,M2 fish,Pre-bloom,Callionymidae spp,0.13333333333333333,1.8666666666666667,7.142857142857143
region,Eastern Spencer Gulf,M2 fish,Pre-bloom,Eocallionymus papilio,0.06666666666666667,1.8666666666666667,3.5714285714285716
region,Eastern Spencer Gulf,M2 fish,Pre-bloom,Gobiidae spp,0.6666666666666666,1.8666666666666667,35.71428571428571
region,Eastern Spencer Gulf,M2 fish,Pre-bloom,Heteroclinus spp,0.13333333333333333,1.8666666666666667,7.142857142857143
region,Eastern Spencer Gulf,M2 fish,Pre-bloom,Other,0.26666666666666666,1.8666666666666667,14.285714285714286
region,Eastern Spencer Gulf,M2 fish,Pre-bloom,Parapercis haackei,0.26666666666666666,1.8666666666666667,14.285714285714286
region,Eastern Spencer Gulf,M2 fish,Pre-bloom,Trinorfolkia clarkei,0.3333333333333333,1.8666666666666667,17.857142857142854
region,Eastern Spencer Gulf,M2 fish,Pre-bloom,Trinorfolkia cristata,0,1.8666666666666667,0
region,Eastern Spencer Gulf,M2 invertebrates,Bloom 2026-03,Cenolia trichoptera,0,7.666666666666667,0
region,Eastern Spencer Gulf,M2 invertebrates,Bloom 2026-03,Equichlamys bifrons,0.875,7.666666666666667,11.41304347826087
region,Eastern Spencer Gulf,M2 invertebrates,Bloom 2026-03,Haliotis spp,1.8333333333333333,7.666666666666667,23.913043478260867
region,Eastern Spencer Gulf,M2 invertebrates,Bloom 2026-03,Heliocidaris erythrogramma,0,7.666666666666667,0
region,Eastern Spencer Gulf,M2 invertebrates,Bloom 2026-03,Nectocarcinus integrifrons,0.625,7.666666666666667,8.152173913043478
region,Eastern Spencer Gulf,M2 invertebrates,Bloom 2026-03,Neothyonidium dearmatum,0,7.666666666666667,0
region,Eastern Spencer Gulf,M2 invertebrates,Bloom 2026-03,Other,1.4583333333333333,7.666666666666667,19.021739130434778
region,Eastern Spencer Gulf,M2 invertebrates,Bloom 2026-03,Paguridae & Diogenidae spp,2.4583333333333335,7.666666666666667,32.06521739130435
region,Eastern Spencer Gulf,M2 invertebrates,Bloom 2026-03,Pleuroploca australasia,0.4166666666666667,7.666666666666667,5.434782608695652
region,Eastern Spencer Gulf,M2 invertebrates,Bloom 2026-03,Tosia australis,0,7.666666666666667,0
region,Eastern Spencer Gulf,M2 invertebrates,Pre-bloom,Cenolia trichoptera,19.466666666666665,51.43333333333333,37.84834737524303
region,Eastern Spencer Gulf,M2 invertebrates,Pre-bloom,Equichlamys bifrons,1.1333333333333333,51.43333333333333,2.20349967595593
region,Eastern Spencer Gulf,M2 invertebrates,Pre-bloom,Haliotis spp,4.7,51.43333333333333,9.13804277381724
region,Eastern Spencer Gulf,M2 invertebrates,Pre-bloom,Heliocidaris erythrogramma,4.033333333333333,51.43333333333333,7.841866493843162
region,Eastern Spencer Gulf,M2 invertebrates,Pre-bloom,Nectocarcinus integrifrons,0,51.43333333333333,0
region,Eastern Spencer Gulf,M2 invertebrates,Pre-bloom,Neothyonidium dearmatum,10.466666666666667,51.43333333333333,20.349967595593004
region,Eastern Spencer Gulf,M2 invertebrates,Pre-bloom,Other,9.8,51.43333333333333,19.053791315618927
region,Eastern Spencer Gulf,M2 invertebrates,Pre-bloom,Paguridae & Diogenidae spp,0.2,51.43333333333333,0.38885288399222295
region,Eastern Spencer Gulf,M2 invertebrates,Pre-bloom,Pleuroploca australasia,0.3333333333333333,51.43333333333333,0.6480881399870382
region,Eastern Spencer Gulf,M2 invertebrates,Pre-bloom,Tosia australis,1.3,51.43333333333333,2.5275437459494494
region,Fleurieu,M1 fish,Bloom 2026-01,Austrolabrus maculatus,2.4951923076923075,41.25961538461539,6.047541365649032
region,Fleurieu,M1 fish,Bloom 2026-01,Meuschenia hippocrepis,0.14903846153846154,41.25961538461539,0.36122116056863196
region,Fleurieu,M1 fish,Bloom 2026-01,Notolabrus parilus,3.168269230769231,41.25961538461539,7.678862735958984
region,Fleurieu,M1 fish,Bloom 2026-01,Notolabrus tetricus,3.043269230769231,41.25961538461539,7.375903052901422
region,Fleurieu,M1 fish,Bloom 2026-01,Other,7.0673076923076925,41.25961538461539,17.128874388254488
region,Fleurieu,M1 fish,Bloom 2026-01,Parapriacanthus elongatus,0.009615384615384616,41.25961538461539,0.02330459100442787
region,Fleurieu,M1 fish,Bloom 2026-01,Pempheris klunzingeri,0.014423076923076924,41.25961538461539,0.034956886506641804
region,Fleurieu,M1 fish,Bloom 2026-01,Pictilabrus laticlavius,2.019230769230769,41.25961538461539,4.893964110929852
region,Fleurieu,M1 fish,Bloom 2026-01,Scorpis aequipinnis,5.793269230769231,41.25961538461539,14.041016080167793
region,Fleurieu,M1 fish,Bloom 2026-01,Scorpis lineolata,0,41.25961538461539,0
region,Fleurieu,M1 fish,Bloom 2026-01,Siphamia cephalotes,0,41.25961538461539,0
region,Fleurieu,M1 fish,Bloom 2026-01,Trachinops noarlungae,17.5,41.25961538461539,42.41435562805872
region,Fleurieu,M1 fish,Bloom 2026-05,Austrolabrus maculatus,0.25,10.5,2.380952380952381
region,Fleurieu,M1 fish,Bloom 2026-05,Meuschenia hippocrepis,1,10.5,9.523809523809524
region,Fleurieu,M1 fish,Bloom 2026-05,Notolabrus parilus,0.25,10.5,2.380952380952381
region,Fleurieu,M1 fish,Bloom 2026-05,Notolabrus tetricus,3.625,10.5,34.523809523809526
region,Fleurieu,M1 fish,Bloom 2026-05,Other,0.375,10.5,3.5714285714285716
region,Fleurieu,M1 fish,Bloom 2026-05,Parapriacanthus elongatus,0,10.5,0
region,Fleurieu,M1 fish,Bloom 2026-05,Pempheris klunzingeri,0,10.5,0
region,Fleurieu,M1 fish,Bloom 2026-05,Pictilabrus laticlavius,1,10.5,9.523809523809524
region,Fleurieu,M1 fish,Bloom 2026-05,Scorpis aequipinnis,3.125,10.5,29.761904761904763
region,Fleurieu,M1 fish,Bloom 2026-05,Scorpis lineolata,0.875,10.5,8.333333333333334
region,Fleurieu,M1 fish,Bloom 2026-05,Siphamia cephalotes,0,10.5,0
region,Fleurieu,M1 fish,Bloom 2026-05,Trachinops noarlungae,0,10.5,0
region,Fleurieu,M1 fish,Pre-bloom,Austrolabrus maculatus,1.6955445544554455,183.41398514851485,0.9244358073799668
region,Fleurieu,M1 fish,Pre-bloom,Meuschenia hippocrepis,1.5117574257425743,183.41398514851485,0.824232364025277
region,Fleurieu,M1 fish,Pre-bloom,Notolabrus parilus,0.8465346534653465,183.41398514851485,0.46154313302766214
region,Fleurieu,M1 fish,Pre-bloom,Notolabrus tetricus,3.7363861386138613,183.41398514851485,2.0371326295475325
region,Fleurieu,M1 fish,Pre-bloom,Other,24.563737623762375,183.41398514851485,13.392510720418898
region,Fleurieu,M1 fish,Pre-bloom,Parapriacanthus elongatus,21.465346534653467,183.41398514851485,11.703222367297915
region,Fleurieu,M1 fish,Pre-bloom,Pempheris klunzingeri,4.19740099009901,183.41398514851485,2.2884847012621585
region,Fleurieu,M1 fish,Pre-bloom,Pictilabrus laticlavius,1.5068069306930694,183.41398514851485,0.8215332813759924
region,Fleurieu,M1 fish,Pre-bloom,Scorpis aequipinnis,3.113861386138614,183.41398514851485,1.6977229863999974
region,Fleurieu,M1 fish,Pre-bloom,Scorpis lineolata,0,183.41398514851485,0
region,Fleurieu,M1 fish,Pre-bloom,Siphamia cephalotes,9.392326732673267,183.41398514851485,5.120834556355158
region,Fleurieu,M1 fish,Pre-bloom,Trachinops noarlungae,111.38428217821782,183.41398514851485,60.72834745290944
region,Fleurieu,M2 fish,Bloom 2026-01,Aetapcus maculatus,0.024271844660194174,1.058252427184466,2.293577981651376
region,Fleurieu,M2 fish,Bloom 2026-01,Aploactisoma milesii,0,1.058252427184466,0
region,Fleurieu,M2 fish,Bloom 2026-01,Aspasmogaster spp,0,1.058252427184466,0
region,Fleurieu,M2 fish,Bloom 2026-01,Helcogramma decurrens,0.12135922330097088,1.058252427184466,11.467889908256883
region,Fleurieu,M2 fish,Bloom 2026-01,Other,0.24271844660194175,1.058252427184466,22.935779816513765
region,Fleurieu,M2 fish,Bloom 2026-01,Paraplesiops meleagris,0.3592233009708738,1.058252427184466,33.94495412844037
region,Fleurieu,M2 fish,Bloom 2026-01,Parapriacanthus elongatus,0,1.058252427184466,0
region,Fleurieu,M2 fish,Bloom 2026-01,Pempheris klunzingeri,0.014563106796116505,1.058252427184466,1.3761467889908257
region,Fleurieu,M2 fish,Bloom 2026-01,Pempheris multiradiata,0.05825242718446602,1.058252427184466,5.504587155963303
region,Fleurieu,M2 fish,Bloom 2026-01,Pempheris spp,0.0970873786407767,1.058252427184466,9.174311926605505
region,Fleurieu,M2 fish,Bloom 2026-01,Trinorfolkia clarkei,0.1407766990291262,1.058252427184466,13.302752293577981
region,Fleurieu,M2 fish,Bloom 2026-01,Tripterygiidae spp,0,1.058252427184466,0
region,Fleurieu,M2 fish,Bloom 2026-05,Aetapcus maculatus,0,2.125,0
region,Fleurieu,M2 fish,Bloom 2026-05,Aploactisoma milesii,0,2.125,0
region,Fleurieu,M2 fish,Bloom 2026-05,Aspasmogaster spp,0,2.125,0
region,Fleurieu,M2 fish,Bloom 2026-05,Helcogramma decurrens,1.125,2.125,52.94117647058823
region,Fleurieu,M2 fish,Bloom 2026-05,Other,0,2.125,0
region,Fleurieu,M2 fish,Bloom 2026-05,Paraplesiops meleagris,0,2.125,0
region,Fleurieu,M2 fish,Bloom 2026-05,Parapriacanthus elongatus,0,2.125,0
region,Fleurieu,M2 fish,Bloom 2026-05,Pempheris klunzingeri,0,2.125,0
region,Fleurieu,M2 fish,Bloom 2026-05,Pempheris multiradiata,0,2.125,0
region,Fleurieu,M2 fish,Bloom 2026-05,Pempheris spp,0,2.125,0
region,Fleurieu,M2 fish,Bloom 2026-05,Trinorfolkia clarkei,1,2.125,47.05882352941177
region,Fleurieu,M2 fish,Bloom 2026-05,Tripterygiidae spp,0,2.125,0
region,Fleurieu,M2 fish,Pre-bloom,Aetapcus maculatus,0.024344569288389514,5.4225967540574285,0.44894670196845865
region,Fleurieu,M2 fish,Pre-bloom,Aploactisoma milesii,0.003121098626716604,5.4225967540574285,0.05755726948313571
region,Fleurieu,M2 fish,Pre-bloom,Aspasmogaster spp,0.0012484394506866417,5.4225967540574285,0.023022907793254287
region,Fleurieu,M2 fish,Pre-bloom,Helcogramma decurrens,2.0518102372034956,5.4225967540574285,37.838148958213424
region,Fleurieu,M2 fish,Pre-bloom,Other,0.9382022471910112,5.4225967540574285,17.301715206630597
region,Fleurieu,M2 fish,Pre-bloom,Paraplesiops meleagris,0.19350811485642946,5.4225967540574285,3.5685507079544143
region,Fleurieu,M2 fish,Pre-bloom,Parapriacanthus elongatus,0.3114856429463171,5.4225967540574285,5.744215494416944
region,Fleurieu,M2 fish,Pre-bloom,Pempheris klunzingeri,0.6048689138576779,5.4225967540574285,11.154598825831702
region,Fleurieu,M2 fish,Pre-bloom,Pempheris multiradiata,0.5274656679151061,5.4225967540574285,9.727178542649936
region,Fleurieu,M2 fish,Pre-bloom,Pempheris spp,0,5.4225967540574285,0
region,Fleurieu,M2 fish,Pre-bloom,Trinorfolkia clarkei,0.2908863920099875,5.4225967540574285,5.3643375158282485
region,Fleurieu,M2 fish,Pre-bloom,Tripterygiidae spp,0.4756554307116105,5.4225967540574285,8.771727869229883
region,Fleurieu,M2 invertebrates,Bloom 2026-01,Austrocochlea spp,0.07692307692307693,9.98076923076923,0.7707129094412333
region,Fleurieu,M2 invertebrates,Bloom 2026-01,Cenolia trichoptera,0.04807692307692308,9.98076923076923,0.4816955684007708
region,Fleurieu,M2 invertebrates,Bloom 2026-01,Fusinus australis,0.4182692307692308,9.98076923076923,4.190751445086706
region,Fleurieu,M2 invertebrates,Bloom 2026-01,Guinusia chabrus,0.9711538461538461,9.98076923076923,9.730250481695569
region,Fleurieu,M2 invertebrates,Bloom 2026-01,Heliocidaris erythrogramma,0.5384615384615384,9.98076923076923,5.394990366088632
region,Fleurieu,M2 invertebrates,Bloom 2026-01,Lunella undulata,0.3894230769230769,9.98076923076923,3.901734104046243
region,Fleurieu,M2 invertebrates,Bloom 2026-01,Meridiastra gunnii,0.20673076923076922,9.98076923076923,2.071290944123314
region,Fleurieu,M2 invertebrates,Bloom 2026-01,Other,2.048076923076923,9.98076923076923,20.520231213872833
region,Fleurieu,M2 invertebrates,Bloom 2026-01,Paguridae & Diogenidae spp,3.8846153846153846,9.98076923076923,38.921001926782274
region,Fleurieu,M2 invertebrates,Bloom 2026-01,Phasianella australis,0.04326923076923077,9.98076923076923,0.43352601156069365
region,Fleurieu,M2 invertebrates,Bloom 2026-01,Phasianella ventricosa,0.009615384615384616,9.98076923076923,0.09633911368015416
region,Fleurieu,M2 invertebrates,Bloom 2026-01,Pleuroploca australasia,1.3461538461538463,9.98076923076923,13.48747591522158
region,Fleurieu,M2 invertebrates,Bloom 2026-05,Austrocochlea spp,0.5,4.875,10.256410256410257
region,Fleurieu,M2 invertebrates,Bloom 2026-05,Cenolia trichoptera,0.375,4.875,7.6923076923076925
region,Fleurieu,M2 invertebrates,Bloom 2026-05,Fusinus australis,0,4.875,0
region,Fleurieu,M2 invertebrates,Bloom 2026-05,Guinusia chabrus,0.5,4.875,10.256410256410257
region,Fleurieu,M2 invertebrates,Bloom 2026-05,Heliocidaris erythrogramma,0,4.875,0
region,Fleurieu,M2 invertebrates,Bloom 2026-05,Lunella undulata,0,4.875,0
region,Fleurieu,M2 invertebrates,Bloom 2026-05,Meridiastra gunnii,0.625,4.875,12.820512820512821
region,Fleurieu,M2 invertebrates,Bloom 2026-05,Other,1.25,4.875,25.641025641025642
region,Fleurieu,M2 invertebrates,Bloom 2026-05,Paguridae & Diogenidae spp,1.375,4.875,28.205128205128204
region,Fleurieu,M2 invertebrates,Bloom 2026-05,Phasianella australis,0,4.875,0
region,Fleurieu,M2 invertebrates,Bloom 2026-05,Phasianella ventricosa,0,4.875,0
region,Fleurieu,M2 invertebrates,Bloom 2026-05,Pleuroploca australasia,0.25,4.875,5.128205128205129
region,Fleurieu,M2 invertebrates,Pre-bloom,Austrocochlea spp,0,18.10585305105853,0
region,Fleurieu,M2 invertebrates,Pre-bloom,Cenolia trichoptera,0.9059775840597758,18.10585305105853,5.0037829286746
region,Fleurieu,M2 invertebrates,Pre-bloom,Fusinus australis,0.05977584059775841,18.10585305105853,0.330146502510489
region,Fleurieu,M2 invertebrates,Pre-bloom,Guinusia chabrus,0.19115815691158156,18.10585305105853,1.0557810028200012
region,Fleurieu,M2 invertebrates,Pre-bloom,Heliocidaris erythrogramma,0.5740971357409713,18.10585305105853,3.1707820345278215
region,Fleurieu,M2 invertebrates,Pre-bloom,Lunella undulata,6.345579078455791,18.10585305105853,35.0471146571291
region,Fleurieu,M2 invertebrates,Pre-bloom,Meridiastra gunnii,0.09028642590286426,18.10585305105853,0.4986587798335511
region,Fleurieu,M2 invertebrates,Pre-bloom,Other,5.454545454545455,18.10585305105853,30.125868354082126
region,Fleurieu,M2 invertebrates,Pre-bloom,Paguridae & Diogenidae spp,0.6793275217932753,18.10585305105853,3.751977439988995
region,Fleurieu,M2 invertebrates,Pre-bloom,Phasianella australis,1.0778331257783313,18.10585305105853,5.952954123392256
region,Fleurieu,M2 invertebrates,Pre-bloom,Phasianella ventricosa,1.2054794520547945,18.10585305105853,6.657954467294862
region,Fleurieu,M2 invertebrates,Pre-bloom,Pleuroploca australasia,1.5217932752179328,18.10585305105853,8.4049797097462
region,Kangaroo Island,M1 fish,Bloom 2026-02,Kyphosus sydneyanus,3.575,67.9,5.265095729013255
region,Kangaroo Island,M1 fish,Bloom 2026-02,Notolabrus tetricus,20.55,67.9,30.265095729013254
region,Kangaroo Island,M1 fish,Bloom 2026-02,Other,12.075,67.9,17.783505154639172
region,Kangaroo Island,M1 fish,Bloom 2026-02,Parapriacanthus elongatus,0,67.9,0
region,Kangaroo Island,M1 fish,Bloom 2026-02,Pempheris multiradiata,1.525,67.9,2.2459499263622975
region,Kangaroo Island,M1 fish,Bloom 2026-02,Pictilabrus laticlavius,4.375,67.9,6.443298969072164
region,Kangaroo Island,M1 fish,Bloom 2026-02,Scorpis aequipinnis,22,67.9,32.40058910162003
region,Kangaroo Island,M1 fish,Bloom 2026-02,Siphonognathus beddomei,0.675,67.9,0.9941089837997054
region,Kangaroo Island,M1 fish,Bloom 2026-02,Trachinops noarlungae,3.125,67.9,4.6023564064801175
region,Kangaroo Island,M1 fish,Pre-bloom,Kyphosus sydneyanus,2.26171875,95.34765625,2.3720758736531606
region,Kangaroo Island,M1 fish,Pre-bloom,Notolabrus tetricus,13.51953125,95.34765625,14.179196198123643
region,Kangaroo Island,M1 fish,Pre-bloom,Other,30.8359375,95.34765625,32.34053013232824
region,Kangaroo Island,M1 fish,Pre-bloom,Parapriacanthus elongatus,14.39453125,95.34765625,15.096890491212259
region,Kangaroo Island,M1 fish,Pre-bloom,Pempheris multiradiata,5.59765625,95.34765625,5.8707853660535045
region,Kangaroo Island,M1 fish,Pre-bloom,Pictilabrus laticlavius,1.37890625,95.34765625,1.4461878815191118
region,Kangaroo Island,M1 fish,Pre-bloom,Scorpis aequipinnis,11.71484375,95.34765625,12.286451718628374
region,Kangaroo Island,M1 fish,Pre-bloom,Siphonognathus beddomei,12.1953125,95.34765625,12.79036420992257
region,Kangaroo Island,M1 fish,Pre-bloom,Trachinops noarlungae,3.44921875,95.34765625,3.617518128559138
region,Kangaroo Island,M2 fish,Bloom 2026-02,Bovichtus angustifrons,0.125,4.575,2.73224043715847
region,Kangaroo Island,M2 fish,Bloom 2026-02,Helcogramma decurrens,0.1,4.575,2.1857923497267757
region,Kangaroo Island,M2 fish,Bloom 2026-02,Other,0.3,4.575,6.557377049180328
region,Kangaroo Island,M2 fish,Bloom 2026-02,Othos dentex,0.05,4.575,1.0928961748633879
region,Kangaroo Island,M2 fish,Bloom 2026-02,Paraplesiops meleagris,0.525,4.575,11.475409836065573
region,Kangaroo Island,M2 fish,Bloom 2026-02,Parapriacanthus elongatus,0,4.575,0
region,Kangaroo Island,M2 fish,Bloom 2026-02,Pempheris multiradiata,3.325,4.575,72.6775956284153
region,Kangaroo Island,M2 fish,Bloom 2026-02,Pempheris ornata,0,4.575,0
region,Kangaroo Island,M2 fish,Bloom 2026-02,Trinorfolkia cristata,0.15,4.575,3.278688524590164
region,Kangaroo Island,M2 fish,Pre-bloom,Bovichtus angustifrons,0,9.62890625,0
region,Kangaroo Island,M2 fish,Pre-bloom,Helcogramma decurrens,0.0703125,9.62890625,0.7302231237322515
region,Kangaroo Island,M2 fish,Pre-bloom,Other,0.4609375,9.62890625,4.787018255578094
region,Kangaroo Island,M2 fish,Pre-bloom,Othos dentex,0.12890625,9.62890625,1.3387423935091278
region,Kangaroo Island,M2 fish,Pre-bloom,Paraplesiops meleagris,0.9609375,9.62890625,9.979716024340771
region,Kangaroo Island,M2 fish,Pre-bloom,Parapriacanthus elongatus,0.359375,9.62890625,3.7322515212981746
region,Kangaroo Island,M2 fish,Pre-bloom,Pempheris multiradiata,7.4765625,9.62890625,77.6470588235294
region,Kangaroo Island,M2 fish,Pre-bloom,Pempheris ornata,0.15625,9.62890625,1.6227180527383367
region,Kangaroo Island,M2 fish,Pre-bloom,Trinorfolkia cristata,0.015625,9.62890625,0.16227180527383367
region,Kangaroo Island,M2 invertebrates,Bloom 2026-02,Cenolia trichoptera,0.975,10.95,8.904109589041097
region,Kangaroo Island,M2 invertebrates,Bloom 2026-02,Dicathais orbita,0.7,10.95,6.392694063926941
region,Kangaroo Island,M2 invertebrates,Bloom 2026-02,Guinusia chabrus,2.625,10.95,23.972602739726028
region,Kangaroo Island,M2 invertebrates,Bloom 2026-02,Heliocidaris erythrogramma,0.475,10.95,4.337899543378995
region,Kangaroo Island,M2 invertebrates,Bloom 2026-02,Lunella torquata,0,10.95,0
region,Kangaroo Island,M2 invertebrates,Bloom 2026-02,Other,2.775,10.95,25.34246575342466
region,Kangaroo Island,M2 invertebrates,Bloom 2026-02,Paguridae & Diogenidae spp,2.45,10.95,22.374429223744297
region,Kangaroo Island,M2 invertebrates,Bloom 2026-02,Petricia vernicina,0.325,10.95,2.9680365296803655
region,Kangaroo Island,M2 invertebrates,Bloom 2026-02,Pleuroploca australasia,0.625,10.95,5.707762557077626
region,Kangaroo Island,M2 invertebrates,Pre-bloom,Cenolia trichoptera,10.93359375,19.03125,57.45073891625616
region,Kangaroo Island,M2 invertebrates,Pre-bloom,Dicathais orbita,0.046875,19.03125,0.24630541871921183
region,Kangaroo Island,M2 invertebrates,Pre-bloom,Guinusia chabrus,0.59765625,19.03125,3.1403940886699506
region,Kangaroo Island,M2 invertebrates,Pre-bloom,Heliocidaris erythrogramma,1.77734375,19.03125,9.339080459770114
region,Kangaroo Island,M2 invertebrates,Pre-bloom,Lunella torquata,0.734375,19.03125,3.858784893267652
region,Kangaroo Island,M2 invertebrates,Pre-bloom,Other,3.2421875,19.03125,17.036124794745483
region,Kangaroo Island,M2 invertebrates,Pre-bloom,Paguridae & Diogenidae spp,0.2109375,19.03125,1.1083743842364533
region,Kangaroo Island,M2 invertebrates,Pre-bloom,Petricia vernicina,0.9375,19.03125,4.926108374384237
region,Kangaroo Island,M2 invertebrates,Pre-bloom,Pleuroploca australasia,0.55078125,19.03125,2.894088669950739
region,South Coast,M1 fish,Bloom 2025-06,Arripis georgianus,0,32.541666666666664,0
region,South Coast,M1 fish,Bloom 2025-06,Girella zebra,0.875,32.541666666666664,2.6888604353393086
region,South Coast,M1 fish,Bloom 2025-06,Kyphosus sydneyanus,2,32.541666666666664,6.145966709346991
region,South Coast,M1 fish,Bloom 2025-06,Meuschenia hippocrepis,0.08333333333333333,32.541666666666664,0.2560819462227913
region,South Coast,M1 fish,Bloom 2025-06,Notolabrus tetricus,4.166666666666667,32.541666666666664,12.804097311139566
region,South Coast,M1 fish,Bloom 2025-06,Olisthops cyanomelas,0.08333333333333333,32.541666666666664,0.2560819462227913
region,South Coast,M1 fish,Bloom 2025-06,Other,2.7083333333333335,32.541666666666664,8.32266325224072
region,South Coast,M1 fish,Bloom 2025-06,Parma victoriae,1.25,32.541666666666664,3.84122919334187
region,South Coast,M1 fish,Bloom 2025-06,Pseudogoniistius nigripes,1.75,32.541666666666664,5.377720870678617
region,South Coast,M1 fish,Bloom 2025-06,Scorpis aequipinnis,19.625,32.541666666666664,60.30729833546735
region,South Coast,M1 fish,Bloom 2025-06,Siphamia cephalotes,0,32.541666666666664,0
region,South Coast,M1 fish,Bloom 2026-02,Arripis georgianus,9.78125,21.03125,46.50817236255572
region,South Coast,M1 fish,Bloom 2026-02,Girella zebra,0.78125,21.03125,3.7147102526002973
region,South Coast,M1 fish,Bloom 2026-02,Kyphosus sydneyanus,0.15625,21.03125,0.7429420505200595
region,South Coast,M1 fish,Bloom 2026-02,Meuschenia hippocrepis,0.125,21.03125,0.5943536404160475
region,South Coast,M1 fish,Bloom 2026-02,Notolabrus tetricus,0.8125,21.03125,3.863298662704309
region,South Coast,M1 fish,Bloom 2026-02,Olisthops cyanomelas,0.3125,21.03125,1.485884101040119
region,South Coast,M1 fish,Bloom 2026-02,Other,1.28125,21.03125,6.092124814264487
region,South Coast,M1 fish,Bloom 2026-02,Parma victoriae,0.09375,21.03125,0.4457652303120357
region,South Coast,M1 fish,Bloom 2026-02,Pseudogoniistius nigripes,1.03125,21.03125,4.903417533432393
region,South Coast,M1 fish,Bloom 2026-02,Scorpis aequipinnis,6.65625,21.03125,31.649331352154533
region,South Coast,M1 fish,Bloom 2026-02,Siphamia cephalotes,0,21.03125,0
region,South Coast,M1 fish,Bloom 2026-05,Arripis georgianus,0.013888888888888888,28.055555555555554,0.04950495049504951
region,South Coast,M1 fish,Bloom 2026-05,Girella zebra,1.125,28.055555555555554,4.00990099009901
region,South Coast,M1 fish,Bloom 2026-05,Kyphosus sydneyanus,1.5833333333333333,28.055555555555554,5.643564356435643
region,South Coast,M1 fish,Bloom 2026-05,Meuschenia hippocrepis,0.3333333333333333,28.055555555555554,1.188118811881188
region,South Coast,M1 fish,Bloom 2026-05,Notolabrus tetricus,4.888888888888889,28.055555555555554,17.425742574257427
region,South Coast,M1 fish,Bloom 2026-05,Olisthops cyanomelas,0,28.055555555555554,0
region,South Coast,M1 fish,Bloom 2026-05,Other,2.3333333333333335,28.055555555555554,8.316831683168317
region,South Coast,M1 fish,Bloom 2026-05,Parma victoriae,0.7083333333333334,28.055555555555554,2.524752475247525
region,South Coast,M1 fish,Bloom 2026-05,Pseudogoniistius nigripes,1.6527777777777777,28.055555555555554,5.891089108910891
region,South Coast,M1 fish,Bloom 2026-05,Scorpis aequipinnis,15.416666666666666,28.055555555555554,54.95049504950495
region,South Coast,M1 fish,Bloom 2026-05,Siphamia cephalotes,0,28.055555555555554,0
region,South Coast,M1 fish,Pre-bloom,Arripis georgianus,0.4541284403669725,25.3348623853211,1.7925040738728952
region,South Coast,M1 fish,Pre-bloom,Girella zebra,1.018348623853211,25.3348623853211,4.019554589896795
region,South Coast,M1 fish,Pre-bloom,Kyphosus sydneyanus,0.8922018348623854,25.3348623853211,3.521636791598769
region,South Coast,M1 fish,Pre-bloom,Meuschenia hippocrepis,1.3463302752293578,25.3348623853211,5.314140865471664
region,South Coast,M1 fish,Pre-bloom,Notolabrus tetricus,4.580275229357798,25.3348623853211,18.078942603657435
region,South Coast,M1 fish,Pre-bloom,Olisthops cyanomelas,1.3073394495412844,25.3348623853211,5.160239000543184
region,South Coast,M1 fish,Pre-bloom,Other,5.678899082568807,25.3348623853211,22.41535397428934
region,South Coast,M1 fish,Pre-bloom,Parma victoriae,1.0321100917431192,25.3348623853211,4.073872895165671
region,South Coast,M1 fish,Pre-bloom,Pseudogoniistius nigripes,0.9151376146788991,25.3348623853211,3.6121673003802286
region,South Coast,M1 fish,Pre-bloom,Scorpis aequipinnis,6.912844036697248,25.3348623853211,27.28589534673185
region,South Coast,M1 fish,Pre-bloom,Siphamia cephalotes,1.1972477064220184,25.3348623853211,4.725692558392178
region,South Coast,M2 fish,Bloom 2025-06,Aetapcus maculatus,0,0.29166666666666663,0
region,South Coast,M2 fish,Bloom 2025-06,Aploactisoma milesii,0,0.29166666666666663,0
region,South Coast,M2 fish,Bloom 2025-06,Bovichtus angustifrons,0.041666666666666664,0.29166666666666663,14.285714285714285
region,South Coast,M2 fish,Bloom 2025-06,Helcogramma decurrens,0,0.29166666666666663,0
region,South Coast,M2 fish,Bloom 2025-06,Other,0,0.29166666666666663,0
region,South Coast,M2 fish,Bloom 2025-06,Parascyllium variolatum,0,0.29166666666666663,0
region,South Coast,M2 fish,Bloom 2025-06,Pempheris klunzingeri,0.08333333333333333,0.29166666666666663,28.57142857142857
region,South Coast,M2 fish,Bloom 2025-06,Pempheris multiradiata,0.16666666666666666,0.29166666666666663,57.14285714285714
region,South Coast,M2 fish,Bloom 2025-06,Trinorfolkia clarkei,0,0.29166666666666663,0
region,South Coast,M2 fish,Bloom 2025-06,Trinorfolkia cristata,0,0.29166666666666663,0
region,South Coast,M2 fish,Bloom 2025-06,Vincentia conspersa,0,0.29166666666666663,0
region,South Coast,M2 fish,Bloom 2026-02,Aetapcus maculatus,0,0.28125,0
region,South Coast,M2 fish,Bloom 2026-02,Aploactisoma milesii,0,0.28125,0
region,South Coast,M2 fish,Bloom 2026-02,Bovichtus angustifrons,0,0.28125,0
region,South Coast,M2 fish,Bloom 2026-02,Helcogramma decurrens,0.0625,0.28125,22.22222222222222
region,South Coast,M2 fish,Bloom 2026-02,Other,0,0.28125,0
region,South Coast,M2 fish,Bloom 2026-02,Parascyllium variolatum,0,0.28125,0
region,South Coast,M2 fish,Bloom 2026-02,Pempheris klunzingeri,0.0625,0.28125,22.22222222222222
region,South Coast,M2 fish,Bloom 2026-02,Pempheris multiradiata,0.0625,0.28125,22.22222222222222
region,South Coast,M2 fish,Bloom 2026-02,Trinorfolkia clarkei,0.03125,0.28125,11.11111111111111
region,South Coast,M2 fish,Bloom 2026-02,Trinorfolkia cristata,0.0625,0.28125,22.22222222222222
region,South Coast,M2 fish,Bloom 2026-02,Vincentia conspersa,0,0.28125,0
region,South Coast,M2 fish,Bloom 2026-05,Aetapcus maculatus,0,0.15277777777777776,0
region,South Coast,M2 fish,Bloom 2026-05,Aploactisoma milesii,0,0.15277777777777776,0
region,South Coast,M2 fish,Bloom 2026-05,Bovichtus angustifrons,0,0.15277777777777776,0
region,South Coast,M2 fish,Bloom 2026-05,Helcogramma decurrens,0.013888888888888888,0.15277777777777776,9.090909090909092
region,South Coast,M2 fish,Bloom 2026-05,Other,0,0.15277777777777776,0
region,South Coast,M2 fish,Bloom 2026-05,Parascyllium variolatum,0,0.15277777777777776,0
region,South Coast,M2 fish,Bloom 2026-05,Pempheris klunzingeri,0.05555555555555555,0.15277777777777776,36.36363636363637
region,South Coast,M2 fish,Bloom 2026-05,Pempheris multiradiata,0.05555555555555555,0.15277777777777776,36.36363636363637
region,South Coast,M2 fish,Bloom 2026-05,Trinorfolkia clarkei,0.013888888888888888,0.15277777777777776,9.090909090909092
region,South Coast,M2 fish,Bloom 2026-05,Trinorfolkia cristata,0.013888888888888888,0.15277777777777776,9.090909090909092
region,South Coast,M2 fish,Bloom 2026-05,Vincentia conspersa,0,0.15277777777777776,0
region,South Coast,M2 fish,Pre-bloom,Aetapcus maculatus,0.01293103448275862,1.6120689655172413,0.8021390374331552
region,South Coast,M2 fish,Pre-bloom,Aploactisoma milesii,0,1.6120689655172413,0
region,South Coast,M2 fish,Pre-bloom,Bovichtus angustifrons,0.03017241379310345,1.6120689655172413,1.8716577540106951
region,South Coast,M2 fish,Pre-bloom,Helcogramma decurrens,0.10991379310344827,1.6120689655172413,6.818181818181818
region,South Coast,M2 fish,Pre-bloom,Other,0.15948275862068967,1.6120689655172413,9.893048128342247
region,South Coast,M2 fish,Pre-bloom,Parascyllium variolatum,0.034482758620689655,1.6120689655172413,2.1390374331550803
region,South Coast,M2 fish,Pre-bloom,Pempheris klunzingeri,0.1939655172413793,1.6120689655172413,12.032085561497327
region,South Coast,M2 fish,Pre-bloom,Pempheris multiradiata,0.9913793103448276,1.6120689655172413,61.49732620320856
region,South Coast,M2 fish,Pre-bloom,Trinorfolkia clarkei,0.004310344827586207,1.6120689655172413,0.26737967914438504
region,South Coast,M2 fish,Pre-bloom,Trinorfolkia cristata,0.004310344827586207,1.6120689655172413,0.26737967914438504
region,South Coast,M2 fish,Pre-bloom,Vincentia conspersa,0.07112068965517242,1.6120689655172413,4.411764705882353
region,South Coast,M2 invertebrates,Bloom 2025-06,Cenolia trichoptera,0.625,14.375,4.3478260869565215
region,South Coast,M2 invertebrates,Bloom 2025-06,Dicathais orbita,5.166666666666667,14.375,35.94202898550725
region,South Coast,M2 invertebrates,Bloom 2025-06,Guinusia chabrus,1.7083333333333333,14.375,11.884057971014492
region,South Coast,M2 invertebrates,Bloom 2025-06,Haliotis spp,2.1666666666666665,14.375,15.072463768115941
region,South Coast,M2 invertebrates,Bloom 2025-06,Heliocidaris erythrogramma,0.4166666666666667,14.375,2.8985507246376816
region,South Coast,M2 invertebrates,Bloom 2025-06,Lunella torquata,0,14.375,0
region,South Coast,M2 invertebrates,Bloom 2025-06,Lunella undulata,0.5416666666666666,14.375,3.7681159420289854
region,South Coast,M2 invertebrates,Bloom 2025-06,Meridiastra gunnii,0.2916666666666667,14.375,2.028985507246377
region,South Coast,M2 invertebrates,Bloom 2025-06,Nectocarcinus tuberculosus,0.16666666666666666,14.375,1.1594202898550723
region,South Coast,M2 invertebrates,Bloom 2025-06,Other,1.7916666666666665,14.375,12.463768115942027
region,South Coast,M2 invertebrates,Bloom 2025-06,Paguridae & Diogenidae spp,0.7916666666666666,14.375,5.507246376811594
region,South Coast,M2 invertebrates,Bloom 2025-06,Tosia australis,0.7083333333333334,14.375,4.9275362318840585
region,South Coast,M2 invertebrates,Bloom 2026-02,Cenolia trichoptera,1.03125,14.0625,7.333333333333333
region,South Coast,M2 invertebrates,Bloom 2026-02,Dicathais orbita,3.78125,14.0625,26.88888888888889
region,South Coast,M2 invertebrates,Bloom 2026-02,Guinusia chabrus,4.71875,14.0625,33.55555555555556
region,South Coast,M2 invertebrates,Bloom 2026-02,Haliotis spp,0.15625,14.0625,1.1111111111111112
region,South Coast,M2 invertebrates,Bloom 2026-02,Heliocidaris erythrogramma,0.21875,14.0625,1.5555555555555556
region,South Coast,M2 invertebrates,Bloom 2026-02,Lunella torquata,0,14.0625,0
region,South Coast,M2 invertebrates,Bloom 2026-02,Lunella undulata,0.03125,14.0625,0.2222222222222222
region,South Coast,M2 invertebrates,Bloom 2026-02,Meridiastra gunnii,1.875,14.0625,13.333333333333334
region,South Coast,M2 invertebrates,Bloom 2026-02,Nectocarcinus tuberculosus,0.46875,14.0625,3.3333333333333335
region,South Coast,M2 invertebrates,Bloom 2026-02,Other,1.1875,14.0625,8.444444444444445
region,South Coast,M2 invertebrates,Bloom 2026-02,Paguridae & Diogenidae spp,0.1875,14.0625,1.3333333333333333
region,South Coast,M2 invertebrates,Bloom 2026-02,Tosia australis,0.40625,14.0625,2.888888888888889
region,South Coast,M2 invertebrates,Bloom 2026-05,Cenolia trichoptera,0.2916666666666667,19.63888888888889,1.4851485148514851
region,South Coast,M2 invertebrates,Bloom 2026-05,Dicathais orbita,8.652777777777779,19.63888888888889,44.05940594059406
region,South Coast,M2 invertebrates,Bloom 2026-05,Guinusia chabrus,5.125,19.63888888888889,26.096181046676097
region,South Coast,M2 invertebrates,Bloom 2026-05,Haliotis spp,1.2916666666666667,19.63888888888889,6.577086280056578
region,South Coast,M2 invertebrates,Bloom 2026-05,Heliocidaris erythrogramma,0.3472222222222222,19.63888888888889,1.768033946251768
region,South Coast,M2 invertebrates,Bloom 2026-05,Lunella torquata,0.013888888888888888,19.63888888888889,0.07072135785007072
region,South Coast,M2 invertebrates,Bloom 2026-05,Lunella undulata,0.06944444444444445,19.63888888888889,0.3536067892503536
region,South Coast,M2 invertebrates,Bloom 2026-05,Meridiastra gunnii,0.3333333333333333,19.63888888888889,1.697312588401697
region,South Coast,M2 invertebrates,Bloom 2026-05,Nectocarcinus tuberculosus,0.3333333333333333,19.63888888888889,1.697312588401697
region,South Coast,M2 invertebrates,Bloom 2026-05,Other,0.8888888888888888,19.63888888888889,4.526166902404526
region,South Coast,M2 invertebrates,Bloom 2026-05,Paguridae & Diogenidae spp,2.0277777777777777,19.63888888888889,10.325318246110324
region,South Coast,M2 invertebrates,Bloom 2026-05,Tosia australis,0.2638888888888889,19.63888888888889,1.3437057991513437
region,South Coast,M2 invertebrates,Pre-bloom,Cenolia trichoptera,8.752155172413794,48.57543103448276,18.01765828120147
region,South Coast,M2 invertebrates,Pre-bloom,Dicathais orbita,1.4956896551724137,48.57543103448276,3.07910732508097
region,South Coast,M2 invertebrates,Pre-bloom,Guinusia chabrus,1.7198275862068966,48.57543103448276,3.540529748436044
region,South Coast,M2 invertebrates,Pre-bloom,Haliotis spp,4.950431034482759,48.57543103448276,10.191224100448112
region,South Coast,M2 invertebrates,Pre-bloom,Heliocidaris erythrogramma,10.178879310344827,48.57543103448276,20.954789476019343
region,South Coast,M2 invertebrates,Pre-bloom,Lunella torquata,3.9288793103448274,48.57543103448276,8.08820267092595
region,South Coast,M2 invertebrates,Pre-bloom,Lunella undulata,4.519396551724138,48.57543103448276,9.30387328630374
region,South Coast,M2 invertebrates,Pre-bloom,Meridiastra gunnii,0.853448275862069,48.57543103448276,1.7569546120058563
region,South Coast,M2 invertebrates,Pre-bloom,Nectocarcinus tuberculosus,0.16594827586206898,48.57543103448276,0.3416300634455832
region,South Coast,M2 invertebrates,Pre-bloom,Other,10.502155172413794,48.57543103448276,21.620302586627623
region,South Coast,M2 invertebrates,Pre-bloom,Paguridae & Diogenidae spp,0.5193965517241379,48.57543103448276,1.0692577310439682
region,South Coast,M2 invertebrates,Pre-bloom,Tosia australis,0.9892241379310345,48.57543103448276,2.0364701184613336
region,Southern Yorke,M1 fish,Bloom 2025-06,Dactylophora nigricans,0.25,5.75,4.3478260869565215
region,Southern Yorke,M1 fish,Bloom 2025-06,Kyphosus sydneyanus,0,5.75,0
region,Southern Yorke,M1 fish,Bloom 2025-06,Meuschenia hippocrepis,0,5.75,0
region,Southern Yorke,M1 fish,Bloom 2025-06,Neoodax balteatus,3.75,5.75,65.21739130434783
region,Southern Yorke,M1 fish,Bloom 2025-06,Notolabrus parilus,0.75,5.75,13.043478260869565
region,Southern Yorke,M1 fish,Bloom 2025-06,Notolabrus tetricus,0,5.75,0
region,Southern Yorke,M1 fish,Bloom 2025-06,Other,0.25,5.75,4.3478260869565215
region,Southern Yorke,M1 fish,Bloom 2025-06,Parapriacanthus elongatus,0,5.75,0
region,Southern Yorke,M1 fish,Bloom 2025-06,Parma victoriae,0.5,5.75,8.695652173913043
region,Southern Yorke,M1 fish,Bloom 2025-06,Pseudogoniistius nigripes,0.25,5.75,4.3478260869565215
region,Southern Yorke,M1 fish,Bloom 2025-06,Scorpis aequipinnis,0,5.75,0
region,Southern Yorke,M1 fish,Bloom 2025-06,Trachinops noarlungae,0,5.75,0
region,Southern Yorke,M1 fish,Bloom 2026-04,Dactylophora nigricans,0.2916666666666667,46.416666666666664,0.6283662477558349
region,Southern Yorke,M1 fish,Bloom 2026-04,Kyphosus sydneyanus,5.541666666666667,46.416666666666664,11.938958707360865
region,Southern Yorke,M1 fish,Bloom 2026-04,Meuschenia hippocrepis,2.375,46.416666666666664,5.116696588868941
region,Southern Yorke,M1 fish,Bloom 2026-04,Neoodax balteatus,0.75,46.416666666666664,1.6157989228007181
region,Southern Yorke,M1 fish,Bloom 2026-04,Notolabrus parilus,1.7916666666666667,46.416666666666664,3.859964093357272
region,Southern Yorke,M1 fish,Bloom 2026-04,Notolabrus tetricus,1.1666666666666667,46.416666666666664,2.5134649910233398
region,Southern Yorke,M1 fish,Bloom 2026-04,Other,8.125,46.416666666666664,17.504488330341115
region,Southern Yorke,M1 fish,Bloom 2026-04,Parapriacanthus elongatus,0,46.416666666666664,0
region,Southern Yorke,M1 fish,Bloom 2026-04,Parma victoriae,1,46.416666666666664,2.154398563734291
region,Southern Yorke,M1 fish,Bloom 2026-04,Pseudogoniistius nigripes,1.9583333333333333,46.416666666666664,4.219030520646319
region,Southern Yorke,M1 fish,Bloom 2026-04,Scorpis aequipinnis,9.666666666666666,46.416666666666664,20.825852782764812
region,Southern Yorke,M1 fish,Bloom 2026-04,Trachinops noarlungae,13.75,46.416666666666664,29.6229802513465
region,Southern Yorke,M1 fish,Pre-bloom,Dactylophora nigricans,0.08333333333333333,63.041666666666664,0.13218770654329146
region,Southern Yorke,M1 fish,Pre-bloom,Kyphosus sydneyanus,3.2083333333333335,63.041666666666664,5.089226701916722
region,Southern Yorke,M1 fish,Pre-bloom,Meuschenia hippocrepis,4.666666666666667,63.041666666666664,7.402511566424323
region,Southern Yorke,M1 fish,Pre-bloom,Neoodax balteatus,1.375,63.041666666666664,2.1810971579643095
region,Southern Yorke,M1 fish,Pre-bloom,Notolabrus parilus,0.5833333333333334,63.041666666666664,0.9253139458030404
region,Southern Yorke,M1 fish,Pre-bloom,Notolabrus tetricus,7.708333333333333,63.041666666666664,12.22736285525446
region,Southern Yorke,M1 fish,Pre-bloom,Other,13.833333333333334,63.041666666666664,21.943159286186386
region,Southern Yorke,M1 fish,Pre-bloom,Parapriacanthus elongatus,14.166666666666666,63.041666666666664,22.47191011235955
region,Southern Yorke,M1 fish,Pre-bloom,Parma victoriae,0.9583333333333334,63.041666666666664,1.520158625247852
region,Southern Yorke,M1 fish,Pre-bloom,Pseudogoniistius nigripes,1.125,63.041666666666664,1.784534038334435
region,Southern Yorke,M1 fish,Pre-bloom,Scorpis aequipinnis,7.5,63.041666666666664,11.896893588896233
region,Southern Yorke,M1 fish,Pre-bloom,Trachinops noarlungae,7.833333333333333,63.041666666666664,12.425644415069398
region,Southern Yorke,M2 fish,Bloom 2025-06,Aetapcus maculatus,0,3.1666666666666665,0
region,Southern Yorke,M2 fish,Bloom 2025-06,Diodon nicthemerus,0.3333333333333333,3.1666666666666665,10.526315789473683
region,Southern Yorke,M2 fish,Bloom 2025-06,Gobiidae spp,0,3.1666666666666665,0
region,Southern Yorke,M2 fish,Bloom 2025-06,Helcogramma decurrens,0,3.1666666666666665,0
region,Southern Yorke,M2 fish,Bloom 2025-06,Other,0,3.1666666666666665,0
region,Southern Yorke,M2 fish,Bloom 2025-06,Parapercis haackei,0.16666666666666666,3.1666666666666665,5.263157894736842
region,Southern Yorke,M2 fish,Bloom 2025-06,Pempheris klunzingeri,0.3333333333333333,3.1666666666666665,10.526315789473683
region,Southern Yorke,M2 fish,Bloom 2025-06,Pempheris multiradiata,0.16666666666666666,3.1666666666666665,5.263157894736842
region,Southern Yorke,M2 fish,Bloom 2025-06,Trinorfolkia clarkei,2.1666666666666665,3.1666666666666665,68.42105263157895
region,Southern Yorke,M2 fish,Bloom 2025-06,Trinorfolkia cristata,0,3.1666666666666665,0
region,Southern Yorke,M2 fish,Bloom 2025-06,Tripterygiidae spp,0,3.1666666666666665,0
region,Southern Yorke,M2 fish,Bloom 2026-04,Aetapcus maculatus,0,5.083333333333334,0
region,Southern Yorke,M2 fish,Bloom 2026-04,Diodon nicthemerus,0,5.083333333333334,0
region,Southern Yorke,M2 fish,Bloom 2026-04,Gobiidae spp,0.041666666666666664,5.083333333333334,0.8196721311475408
region,Southern Yorke,M2 fish,Bloom 2026-04,Helcogramma decurrens,3.3333333333333335,5.083333333333334,65.57377049180327
region,Southern Yorke,M2 fish,Bloom 2026-04,Other,0.08333333333333333,5.083333333333334,1.6393442622950816
region,Southern Yorke,M2 fish,Bloom 2026-04,Parapercis haackei,0,5.083333333333334,0
region,Southern Yorke,M2 fish,Bloom 2026-04,Pempheris klunzingeri,0.20833333333333334,5.083333333333334,4.098360655737705
region,Southern Yorke,M2 fish,Bloom 2026-04,Pempheris multiradiata,0.375,5.083333333333334,7.377049180327868
region,Southern Yorke,M2 fish,Bloom 2026-04,Trinorfolkia clarkei,0.5833333333333334,5.083333333333334,11.475409836065573
region,Southern Yorke,M2 fish,Bloom 2026-04,Trinorfolkia cristata,0.4583333333333333,5.083333333333334,9.016393442622949
region,Southern Yorke,M2 fish,Bloom 2026-04,Tripterygiidae spp,0,5.083333333333334,0
region,Southern Yorke,M2 fish,Pre-bloom,Aetapcus maculatus,0.05263157894736842,1.526315789473684,3.4482758620689653
region,Southern Yorke,M2 fish,Pre-bloom,Diodon nicthemerus,0.05263157894736842,1.526315789473684,3.4482758620689653
region,Southern Yorke,M2 fish,Pre-bloom,Gobiidae spp,0.47368421052631576,1.526315789473684,31.03448275862069
region,Southern Yorke,M2 fish,Pre-bloom,Helcogramma decurrens,0,1.526315789473684,0
region,Southern Yorke,M2 fish,Pre-bloom,Other,0.10526315789473684,1.526315789473684,6.896551724137931
region,Southern Yorke,M2 fish,Pre-bloom,Parapercis haackei,0,1.526315789473684,0
region,Southern Yorke,M2 fish,Pre-bloom,Pempheris klunzingeri,0.05263157894736842,1.526315789473684,3.4482758620689653
region,Southern Yorke,M2 fish,Pre-bloom,Pempheris multiradiata,0.21052631578947367,1.526315789473684,13.793103448275861
region,Southern Yorke,M2 fish,Pre-bloom,Trinorfolkia clarkei,0.3157894736842105,1.526315789473684,20.689655172413794
region,Southern Yorke,M2 fish,Pre-bloom,Trinorfolkia cristata,0,1.526315789473684,0
region,Southern Yorke,M2 fish,Pre-bloom,Tripterygiidae spp,0.2631578947368421,1.526315789473684,17.24137931034483
region,Southern Yorke,M2 invertebrates,Bloom 2025-06,Australostichopus mollis,0.8333333333333334,51.333333333333336,1.6233766233766236
region,Southern Yorke,M2 invertebrates,Bloom 2025-06,Bulla quoyii,7.166666666666667,51.333333333333336,13.961038961038962
region,Southern Yorke,M2 invertebrates,Bloom 2025-06,Cenolia trichoptera,0,51.333333333333336,0
region,Southern Yorke,M2 invertebrates,Bloom 2025-06,Dicathais orbita,8,51.333333333333336,15.584415584415584
region,Southern Yorke,M2 invertebrates,Bloom 2025-06,Guinusia chabrus,0.5,51.333333333333336,0.974025974025974
region,Southern Yorke,M2 invertebrates,Bloom 2025-06,Haliotis spp,5.5,51.333333333333336,10.714285714285714
region,Southern Yorke,M2 invertebrates,Bloom 2025-06,Heliocidaris erythrogramma,2,51.333333333333336,3.896103896103896
region,Southern Yorke,M2 invertebrates,Bloom 2025-06,Meridiastra gunnii,20,51.333333333333336,38.96103896103896
region,Southern Yorke,M2 invertebrates,Bloom 2025-06,Other,4.833333333333333,51.333333333333336,9.415584415584414
region,Southern Yorke,M2 invertebrates,Bloom 2025-06,Tosia australis,2.5,51.333333333333336,4.87012987012987
region,Southern Yorke,M2 invertebrates,Bloom 2026-04,Australostichopus mollis,0.3333333333333333,15.375,2.168021680216802
region,Southern Yorke,M2 invertebrates,Bloom 2026-04,Bulla quoyii,0,15.375,0
region,Southern Yorke,M2 invertebrates,Bloom 2026-04,Cenolia trichoptera,1.9166666666666667,15.375,12.466124661246614
region,Southern Yorke,M2 invertebrates,Bloom 2026-04,Dicathais orbita,2.0416666666666665,15.375,13.279132791327912
region,Southern Yorke,M2 invertebrates,Bloom 2026-04,Guinusia chabrus,2.875,15.375,18.69918699186992
region,Southern Yorke,M2 invertebrates,Bloom 2026-04,Haliotis spp,0.4583333333333333,15.375,2.9810298102981028
region,Southern Yorke,M2 invertebrates,Bloom 2026-04,Heliocidaris erythrogramma,1.5,15.375,9.75609756097561
region,Southern Yorke,M2 invertebrates,Bloom 2026-04,Meridiastra gunnii,2.25,15.375,14.634146341463415
region,Southern Yorke,M2 invertebrates,Bloom 2026-04,Other,3.4166666666666665,15.375,22.22222222222222
region,Southern Yorke,M2 invertebrates,Bloom 2026-04,Tosia australis,0.5833333333333334,15.375,3.794037940379404
region,Southern Yorke,M2 invertebrates,Pre-bloom,Australostichopus mollis,2.15,56.8,3.785211267605634
region,Southern Yorke,M2 invertebrates,Pre-bloom,Bulla quoyii,0,56.8,0
region,Southern Yorke,M2 invertebrates,Pre-bloom,Cenolia trichoptera,17.05,56.8,30.01760563380282
region,Southern Yorke,M2 invertebrates,Pre-bloom,Dicathais orbita,0.6,56.8,1.0563380281690142
region,Southern Yorke,M2 invertebrates,Pre-bloom,Guinusia chabrus,0.55,56.8,0.9683098591549297
region,Southern Yorke,M2 invertebrates,Pre-bloom,Haliotis spp,0.6,56.8,1.0563380281690142
region,Southern Yorke,M2 invertebrates,Pre-bloom,Heliocidaris erythrogramma,13.1,56.8,23.063380281690144
region,Southern Yorke,M2 invertebrates,Pre-bloom,Meridiastra gunnii,3.15,56.8,5.545774647887324
region,Southern Yorke,M2 invertebrates,Pre-bloom,Other,13.7,56.8,24.119718309859156
region,Southern Yorke,M2 invertebrates,Pre-bloom,Tosia australis,5.9,56.8,10.387323943661972
region,Upper Gulf St Vincent,M1 fish,Bloom 2025-11,Acanthopagrus butcheri,0.55,5.6000000000000005,9.821428571428571
region,Upper Gulf St Vincent,M1 fish,Bloom 2025-11,Arripis truttaceus,3,5.6000000000000005,53.57142857142857
region,Upper Gulf St Vincent,M1 fish,Bloom 2025-11,Girella zebra,0.4,5.6000000000000005,7.142857142857142
region,Upper Gulf St Vincent,M1 fish,Bloom 2025-11,Kyphosus sydneyanus,0.4,5.6000000000000005,7.142857142857142
region,Upper Gulf St Vincent,M1 fish,Bloom 2025-11,Neoodax balteatus,0.225,5.6000000000000005,4.017857142857142
region,Upper Gulf St Vincent,M1 fish,Bloom 2025-11,Other,0.775,5.6000000000000005,13.839285714285714
region,Upper Gulf St Vincent,M1 fish,Bloom 2025-11,Parapriacanthus elongatus,0,5.6000000000000005,0
region,Upper Gulf St Vincent,M1 fish,Bloom 2025-11,Pempheris klunzingeri,0.25,5.6000000000000005,4.4642857142857135
region,Upper Gulf St Vincent,M1 fish,Bloom 2025-11,Siphamia cephalotes,0,5.6000000000000005,0
region,Upper Gulf St Vincent,M1 fish,Bloom 2025-11,Trachinops noarlungae,0,5.6000000000000005,0
region,Upper Gulf St Vincent,M1 fish,Pre-bloom,Acanthopagrus butcheri,0,38.00694444444444,0
region,Upper Gulf St Vincent,M1 fish,Pre-bloom,Arripis truttaceus,0,38.00694444444444,0
region,Upper Gulf St Vincent,M1 fish,Pre-bloom,Girella zebra,0.20833333333333334,38.00694444444444,0.5481454412570803
region,Upper Gulf St Vincent,M1 fish,Pre-bloom,Kyphosus sydneyanus,0,38.00694444444444,0
region,Upper Gulf St Vincent,M1 fish,Pre-bloom,Neoodax balteatus,3.736111111111111,38.00694444444444,9.830074913210307
region,Upper Gulf St Vincent,M1 fish,Pre-bloom,Other,4.826388888888889,38.00694444444444,12.698702722455693
region,Upper Gulf St Vincent,M1 fish,Pre-bloom,Parapriacanthus elongatus,8.45138888888889,38.00694444444444,22.236433400328888
region,Upper Gulf St Vincent,M1 fish,Pre-bloom,Pempheris klunzingeri,1.3958333333333333,38.00694444444444,3.672574456422437
region,Upper Gulf St Vincent,M1 fish,Pre-bloom,Siphamia cephalotes,15.666666666666666,38.00694444444444,41.22053718253243
region,Upper Gulf St Vincent,M1 fish,Pre-bloom,Trachinops noarlungae,3.7222222222222223,38.00694444444444,9.793531883793166
region,Upper Gulf St Vincent,M2 fish,Bloom 2025-11,Eocallionymus papilio,0.025,0.775,3.225806451612903
region,Upper Gulf St Vincent,M2 fish,Bloom 2025-11,Gobiidae spp,0.2,0.775,25.806451612903224
region,Upper Gulf St Vincent,M2 fish,Bloom 2025-11,Helcogramma decurrens,0,0.775,0
region,Upper Gulf St Vincent,M2 fish,Bloom 2025-11,Nesogobius spp,0,0.775,0
region,Upper Gulf St Vincent,M2 fish,Bloom 2025-11,Other,0.025,0.775,3.225806451612903
region,Upper Gulf St Vincent,M2 fish,Bloom 2025-11,Parapercis haackei,0.3,0.775,38.70967741935484
region,Upper Gulf St Vincent,M2 fish,Bloom 2025-11,Pempheris klunzingeri,0.1,0.775,12.903225806451612
region,Upper Gulf St Vincent,M2 fish,Bloom 2025-11,Trinorfolkia clarkei,0.075,0.775,9.67741935483871
region,Upper Gulf St Vincent,M2 fish,Bloom 2025-11,Trinorfolkia cristata,0.05,0.775,6.451612903225806
region,Upper Gulf St Vincent,M2 fish,Pre-bloom,Eocallionymus papilio,0.3819444444444444,5.354166666666667,7.133592736705577
region,Upper Gulf St Vincent,M2 fish,Pre-bloom,Gobiidae spp,0.20833333333333334,5.354166666666667,3.891050583657588
region,Upper Gulf St Vincent,M2 fish,Pre-bloom,Helcogramma decurrens,0.2777777777777778,5.354166666666667,5.188067444876784
region,Upper Gulf St Vincent,M2 fish,Pre-bloom,Nesogobius spp,1.1041666666666667,5.354166666666667,20.622568093385215
region,Upper Gulf St Vincent,M2 fish,Pre-bloom,Other,0.4097222222222222,5.354166666666667,7.652399481193255
region,Upper Gulf St Vincent,M2 fish,Pre-bloom,Parapercis haackei,2.8541666666666665,5.354166666666667,53.30739299610894
region,Upper Gulf St Vincent,M2 fish,Pre-bloom,Pempheris klunzingeri,0,5.354166666666667,0
region,Upper Gulf St Vincent,M2 fish,Pre-bloom,Trinorfolkia clarkei,0.027777777777777776,5.354166666666667,0.5188067444876783
region,Upper Gulf St Vincent,M2 fish,Pre-bloom,Trinorfolkia cristata,0.09027777777777778,5.354166666666667,1.6861219195849544
region,Upper Gulf St Vincent,M2 invertebrates,Bloom 2025-11,Australostichopus mollis,0,3.9,0
region,Upper Gulf St Vincent,M2 invertebrates,Bloom 2025-11,Dicathais orbita,0.075,3.9,1.9230769230769231
region,Upper Gulf St Vincent,M2 invertebrates,Bloom 2025-11,Equichlamys bifrons,0.2,3.9,5.128205128205129
region,Upper Gulf St Vincent,M2 invertebrates,Bloom 2025-11,Haliotis spp,1.4,3.9,35.8974358974359
region,Upper Gulf St Vincent,M2 invertebrates,Bloom 2025-11,Other,0.4,3.9,10.256410256410257
region,Upper Gulf St Vincent,M2 invertebrates,Bloom 2025-11,Paguridae & Diogenidae spp,1.05,3.9,26.923076923076923
region,Upper Gulf St Vincent,M2 invertebrates,Bloom 2025-11,Portunus armatus,0.775,3.9,19.871794871794872
region,Upper Gulf St Vincent,M2 invertebrates,Pre-bloom,Australostichopus mollis,1.5694444444444444,11.152777777777777,14.07222914072229
region,Upper Gulf St Vincent,M2 invertebrates,Pre-bloom,Dicathais orbita,0.3819444444444444,11.152777777777777,3.4246575342465757
region,Upper Gulf St Vincent,M2 invertebrates,Pre-bloom,Equichlamys bifrons,1.8472222222222223,11.152777777777777,16.562889165628892
region,Upper Gulf St Vincent,M2 invertebrates,Pre-bloom,Haliotis spp,1.0902777777777777,11.152777777777777,9.775840597758407
region,Upper Gulf St Vincent,M2 invertebrates,Pre-bloom,Other,4.111111111111111,11.152777777777777,36.86176836861768
region,Upper Gulf St Vincent,M2 invertebrates,Pre-bloom,Paguridae & Diogenidae spp,0.5763888888888888,11.152777777777777,5.168119551681196
region,Upper Gulf St Vincent,M2 invertebrates,Pre-bloom,Portunus armatus,1.5763888888888888,11.152777777777777,14.134495641344957
