"start_date_fct","response","SE","df","asymp.LCL","asymp.UCL","start_date_date","Period","reporting_name","metric","model_family","family_code","model_link","family_selection_reason","fixed_effect_structure","structure_reason","n_all_zero_date_status_cells","1","metric_id"
"2014-09-03",20.17382359341518,5.684550074727611,Inf,11.612825795250997,35.04600564529853,"2014-09-03","Pre-bloom","Aldinga - Aldinga Reef Sanctuary Zone","Total abundance","Negative binomial nbinom2 (log link)","nbinom2","log","nbinom2 selected: Poisson Pearson dispersion ratio = 42.27, greater than the threshold of 1.5","start_date_fct","Date-only model used because Status was not represented at every retained sampling date",0,NA,"total_abundance"
"2015-12-10",66.15863730953504,17.75214277561134,Inf,39.10085650508244,111.94039419790391,"2015-12-10","Pre-bloom","Aldinga - Aldinga Reef Sanctuary Zone","Total abundance","Negative binomial nbinom2 (log link)","nbinom2","log","nbinom2 selected: Poisson Pearson dispersion ratio = 42.27, greater than the threshold of 1.5","start_date_fct","Date-only model used because Status was not represented at every retained sampling date",0,NA,"total_abundance"
"2016-02-12",121.69789389656546,34.22439795842578,Inf,70.13011541921786,211.1842721251418,"2016-02-12","Pre-bloom","Aldinga - Aldinga Reef Sanctuary Zone","Total abundance","Negative binomial nbinom2 (log link)","nbinom2","log","nbinom2 selected: Poisson Pearson dispersion ratio = 42.27, greater than the threshold of 1.5","start_date_fct","Date-only model used because Status was not represented at every retained sampling date",0,NA,"total_abundance"
"2016-11-19",51.77359269588905,15.71173563195531,Inf,28.562361639758375,93.84745331802658,"2016-11-19","Pre-bloom","Aldinga - Aldinga Reef Sanctuary Zone","Total abundance","Negative binomial nbinom2 (log link)","nbinom2","log","nbinom2 selected: Poisson Pearson dispersion ratio = 42.27, greater than the threshold of 1.5","start_date_fct","Date-only model used because Status was not represented at every retained sampling date",0,NA,"total_abundance"
"2019-12-07",79.78954667255461,22.996469754115,Inf,45.35422382319375,140.36998589216432,"2019-12-07","Pre-bloom","Aldinga - Aldinga Reef Sanctuary Zone","Total abundance","Negative binomial nbinom2 (log link)","nbinom2","log","nbinom2 selected: Poisson Pearson dispersion ratio = 42.27, greater than the threshold of 1.5","start_date_fct","Date-only model used because Status was not represented at every retained sampling date",0,NA,"total_abundance"
"2020-11-26",72.94563294044995,22.094600132762384,Inf,40.28818709971445,132.0750758010795,"2020-11-26","Pre-bloom","Aldinga - Aldinga Reef Sanctuary Zone","Total abundance","Negative binomial nbinom2 (log link)","nbinom2","log","nbinom2 selected: Poisson Pearson dispersion ratio = 42.27, greater than the threshold of 1.5","start_date_fct","Date-only model used because Status was not represented at every retained sampling date",0,NA,"total_abundance"
"2021-11-22",49.4450609446123,16.647269974354383,Inf,25.558687113658728,95.65491533052574,"2021-11-22","Pre-bloom","Aldinga - Aldinga Reef Sanctuary Zone","Total abundance","Negative binomial nbinom2 (log link)","nbinom2","log","nbinom2 selected: Poisson Pearson dispersion ratio = 42.27, greater than the threshold of 1.5","start_date_fct","Date-only model used because Status was not represented at every retained sampling date",0,NA,"total_abundance"
"2025-02-06",49.795759873303126,12.969467759045791,Inf,29.887813954126717,82.96417078764964,"2025-02-06","Pre-bloom","Aldinga - Aldinga Reef Sanctuary Zone","Total abundance","Negative binomial nbinom2 (log link)","nbinom2","log","nbinom2 selected: Poisson Pearson dispersion ratio = 42.27, greater than the threshold of 1.5","start_date_fct","Date-only model used because Status was not represented at every retained sampling date",0,NA,"total_abundance"
"2026-02-21",53.80232193080617,12.70662739268689,Inf,33.86652572166724,85.47348106907035,"2026-02-21","Bloom","Aldinga - Aldinga Reef Sanctuary Zone","Total abundance","Negative binomial nbinom2 (log link)","nbinom2","log","nbinom2 selected: Poisson Pearson dispersion ratio = 42.27, greater than the threshold of 1.5","start_date_fct","Date-only model used because Status was not represented at every retained sampling date",0,NA,"total_abundance"
"2016-05-24",57.680936550837906,13.26554173319447,Inf,36.75122271274776,90.53006120059602,"2016-05-24","Pre-bloom","Bay of Shoals - Bay of Shoals Sanctuary Zone","Total abundance","Negative binomial nbinom2 (log link)","nbinom2","log","nbinom2 selected: Poisson Pearson dispersion ratio = 30.384, greater than the threshold of 1.5","start_date_fct * Status","Full date x Status interaction used",0,NA,"total_abundance"
"2017-04-05",48.56140082509753,11.099854081148091,Inf,31.026229974430873,76.00696739627135,"2017-04-05","Pre-bloom","Bay of Shoals - Bay of Shoals Sanctuary Zone","Total abundance","Negative binomial nbinom2 (log link)","nbinom2","log","nbinom2 selected: Poisson Pearson dispersion ratio = 30.384, greater than the threshold of 1.5","start_date_fct * Status","Full date x Status interaction used",0,NA,"total_abundance"
"2018-03-28",46.839886322793255,10.501831372272116,Inf,30.18356061685106,72.68774478208275,"2018-03-28","Pre-bloom","Bay of Shoals - Bay of Shoals Sanctuary Zone","Total abundance","Negative binomial nbinom2 (log link)","nbinom2","log","nbinom2 selected: Poisson Pearson dispersion ratio = 30.384, greater than the threshold of 1.5","start_date_fct * Status","Full date x Status interaction used",0,NA,"total_abundance"
"2026-03-24",29.27019704083185,6.628431390065825,Inf,18.778693688659526,45.623217941219764,"2026-03-24","Bloom","Bay of Shoals - Bay of Shoals Sanctuary Zone","Total abundance","Negative binomial nbinom2 (log link)","nbinom2","log","nbinom2 selected: Poisson Pearson dispersion ratio = 30.384, greater than the threshold of 1.5","start_date_fct * Status","Full date x Status interaction used",0,NA,"total_abundance"
"2021-10-11",30.232351186618743,4.014266621010267,Inf,23.304992082140387,39.21885298435614,"2021-10-11","Pre-bloom","Boston Bay","Total abundance","Negative binomial nbinom2 (log link)","nbinom2","log","nbinom2 selected: Poisson Pearson dispersion ratio = 20.412, greater than the threshold of 1.5","start_date_fct","Date-only fixed effect used",0,NA,"total_abundance"
"2022-05-10",12.100997358426797,1.6640011619344846,Inf,9.242148306378354,15.84416655244459,"2022-05-10","Pre-bloom","Boston Bay","Total abundance","Negative binomial nbinom2 (log link)","nbinom2","log","nbinom2 selected: Poisson Pearson dispersion ratio = 20.412, greater than the threshold of 1.5","start_date_fct","Date-only fixed effect used",0,NA,"total_abundance"
"2024-03-25",239.62344903210698,38.440018784676624,Inf,174.97697134981757,328.15402440158095,"2024-03-25","Pre-bloom","Boston Bay","Total abundance","Negative binomial nbinom2 (log link)","nbinom2","log","nbinom2 selected: Poisson Pearson dispersion ratio = 20.412, greater than the threshold of 1.5","start_date_fct","Date-only fixed effect used",0,NA,"total_abundance"
"2024-11-14",95.18387400913079,15.154960230130785,Inf,69.66858667219746,130.04383042840786,"2024-11-14","Pre-bloom","Boston Bay","Total abundance","Negative binomial nbinom2 (log link)","nbinom2","log","nbinom2 selected: Poisson Pearson dispersion ratio = 20.412, greater than the threshold of 1.5","start_date_fct","Date-only fixed effect used",0,NA,"total_abundance"
"2025-05-22",24.88675833430699,4.064230660864057,Inf,18.070055665556435,34.27497689289086,"2025-05-22","Bloom","Boston Bay","Total abundance","Negative binomial nbinom2 (log link)","nbinom2","log","nbinom2 selected: Poisson Pearson dispersion ratio = 20.412, greater than the threshold of 1.5","start_date_fct","Date-only fixed effect used",0,NA,"total_abundance"
"2025-11-11",54.72133329094129,9.041383102304323,Inf,39.58367435614128,75.64796259682507,"2025-11-11","Bloom","Boston Bay","Total abundance","Negative binomial nbinom2 (log link)","nbinom2","log","nbinom2 selected: Poisson Pearson dispersion ratio = 20.412, greater than the threshold of 1.5","start_date_fct","Date-only fixed effect used",0,NA,"total_abundance"
"2017-01-12",17.775614028217184,2.324814209240502,Inf,13.756208696166778,22.969443184458118,"2017-01-12","Pre-bloom","Cape Elizabeth - Cape Elizabeth Sanctuary Zone","Total abundance","Negative binomial nbinom2 (log link)","nbinom2","log","nbinom2 selected: Poisson Pearson dispersion ratio = 2.195, greater than the threshold of 1.5","start_date_fct * Status","Full date x Status interaction used",0,NA,"total_abundance"
"2026-03-10",14.934704825259132,1.9783595765428745,Inf,11.51967691350061,19.362123598815337,"2026-03-10","Bloom","Cape Elizabeth - Cape Elizabeth Sanctuary Zone","Total abundance","Negative binomial nbinom2 (log link)","nbinom2","log","nbinom2 selected: Poisson Pearson dispersion ratio = 2.195, greater than the threshold of 1.5","start_date_fct * Status","Full date x Status interaction used",0,NA,"total_abundance"
"2015-12-10",26.704920746106655,5.189198721255464,Inf,18.24689798903576,39.08350846726708,"2015-12-10","Pre-bloom","Carrickalinga - Carrickalinga Cliffs Sanctuary Zone","Total abundance","Negative binomial nbinom2 (log link)","nbinom2","log","nbinom2 selected: Poisson Pearson dispersion ratio = 44.316, greater than the threshold of 1.5","start_date_fct","Date-only model used because Status was not represented at every retained sampling date",0,NA,"total_abundance"
"2016-12-06",15.820665332869199,2.825305999048022,Inf,11.148447594224127,22.450969021401978,"2016-12-06","Pre-bloom","Carrickalinga - Carrickalinga Cliffs Sanctuary Zone","Total abundance","Negative binomial nbinom2 (log link)","nbinom2","log","nbinom2 selected: Poisson Pearson dispersion ratio = 44.316, greater than the threshold of 1.5","start_date_fct","Date-only model used because Status was not represented at every retained sampling date",0,NA,"total_abundance"
"2017-12-05",34.269442729562286,5.99443069309028,Inf,24.322845279513004,48.28360709854679,"2017-12-05","Pre-bloom","Carrickalinga - Carrickalinga Cliffs Sanctuary Zone","Total abundance","Negative binomial nbinom2 (log link)","nbinom2","log","nbinom2 selected: Poisson Pearson dispersion ratio = 44.316, greater than the threshold of 1.5","start_date_fct","Date-only model used because Status was not represented at every retained sampling date",0,NA,"total_abundance"
"2018-12-11",47.454845617511474,8.424989946038178,Inf,33.508949583701174,67.20480350948418,"2018-12-11","Pre-bloom","Carrickalinga - Carrickalinga Cliffs Sanctuary Zone","Total abundance","Negative binomial nbinom2 (log link)","nbinom2","log","nbinom2 selected: Poisson Pearson dispersion ratio = 44.316, greater than the threshold of 1.5","start_date_fct","Date-only model used because Status was not represented at every retained sampling date",0,NA,"total_abundance"
"2020-12-04",60.39174457418456,10.431505411050686,Inf,43.04760341705302,84.72394566032335,"2020-12-04","Pre-bloom","Carrickalinga - Carrickalinga Cliffs Sanctuary Zone","Total abundance","Negative binomial nbinom2 (log link)","nbinom2","log","nbinom2 selected: Poisson Pearson dispersion ratio = 44.316, greater than the threshold of 1.5","start_date_fct","Date-only model used because Status was not represented at every retained sampling date",0,NA,"total_abundance"
"2025-02-06",106.86483336627097,41.604924438961596,Inf,49.82445749882213,229.20656207186673,"2025-02-06","Pre-bloom","Carrickalinga - Carrickalinga Cliffs Sanctuary Zone","Total abundance","Negative binomial nbinom2 (log link)","nbinom2","log","nbinom2 selected: Poisson Pearson dispersion ratio = 44.316, greater than the threshold of 1.5","start_date_fct","Date-only model used because Status was not represented at every retained sampling date",0,NA,"total_abundance"
"2025-02-20",129.52381684279476,22.899047670240662,Inf,91.5929857175609,183.1627061624364,"2025-02-20","Pre-bloom","Carrickalinga - Carrickalinga Cliffs Sanctuary Zone","Total abundance","Negative binomial nbinom2 (log link)","nbinom2","log","nbinom2 selected: Poisson Pearson dispersion ratio = 44.316, greater than the threshold of 1.5","start_date_fct","Date-only model used because Status was not represented at every retained sampling date",0,NA,"total_abundance"
"2025-12-17",91.13087256030508,15.768682848427002,Inf,64.92011029459641,127.92393444676283,"2025-12-17","Bloom","Carrickalinga - Carrickalinga Cliffs Sanctuary Zone","Total abundance","Negative binomial nbinom2 (log link)","nbinom2","log","nbinom2 selected: Poisson Pearson dispersion ratio = 44.316, greater than the threshold of 1.5","start_date_fct","Date-only model used because Status was not represented at every retained sampling date",0,NA,"total_abundance"
"2015-11-15",21.36269094698426,3.369451413123461,Inf,15.681924481559374,29.10131119640383,"2015-11-15","Pre-bloom","Chinamans Hat - Chinamans Hat Sanctuary Zone","Total abundance","Negative binomial nbinom2 (log link)","nbinom2","log","nbinom2 selected: Poisson Pearson dispersion ratio = 3.572, greater than the threshold of 1.5","start_date_fct * Status","Full date x Status interaction used",0,NA,"total_abundance"
"2025-12-04",21.04865965507836,3.375624383989374,Inf,15.37146280872056,28.82263573665702,"2025-12-04","Bloom","Chinamans Hat - Chinamans Hat Sanctuary Zone","Total abundance","Negative binomial nbinom2 (log link)","nbinom2","log","nbinom2 selected: Poisson Pearson dispersion ratio = 3.572, greater than the threshold of 1.5","start_date_fct * Status","Full date x Status interaction used",0,NA,"total_abundance"
"2017-01-12",131.98484770654846,29.339297457782635,Inf,85.37053388130711,204.05167019735725,"2017-01-12","Pre-bloom","Cuttlefish Coast - Fairway Bank Sanctuary Zone","Total abundance","Negative binomial nbinom2 (log link)","nbinom2","log","nbinom2 selected: Poisson Pearson dispersion ratio = 170.07, greater than the threshold of 1.5","start_date_fct * Status","Full date x Status interaction used",0,NA,"total_abundance"
"2026-02-16",122.54654723345064,24.87244376636521,Inf,82.32627395230998,182.41632370657013,"2026-02-16","Bloom","Cuttlefish Coast - Fairway Bank Sanctuary Zone","Total abundance","Negative binomial nbinom2 (log link)","nbinom2","log","nbinom2 selected: Poisson Pearson dispersion ratio = 170.07, greater than the threshold of 1.5","start_date_fct * Status","Full date x Status interaction used",0,NA,"total_abundance"
"2016-01-19",72.66659729179197,19.079472410355958,Inf,43.435199136807306,121.57039605909829,"2016-01-19","Pre-bloom","Dangerous Reef - Dangerous Reef Sanctuary Zone","Total abundance","Negative binomial nbinom2 (log link)","nbinom2","log","nbinom2 selected: Poisson Pearson dispersion ratio = 27.062, greater than the threshold of 1.5","start_date_fct","Date-only fixed effect used",0,NA,"total_abundance"
"2017-02-25",140.41665502106912,25.859570966414292,Inf,97.87204909877889,201.4552386392402,"2017-02-25","Pre-bloom","Dangerous Reef - Dangerous Reef Sanctuary Zone","Total abundance","Negative binomial nbinom2 (log link)","nbinom2","log","nbinom2 selected: Poisson Pearson dispersion ratio = 27.062, greater than the threshold of 1.5","start_date_fct","Date-only fixed effect used",0,NA,"total_abundance"
"2019-02-16",94.90909140656542,12.962957921971702,Inf,72.61866315310371,124.04160639295385,"2019-02-16","Pre-bloom","Dangerous Reef - Dangerous Reef Sanctuary Zone","Total abundance","Negative binomial nbinom2 (log link)","nbinom2","log","nbinom2 selected: Poisson Pearson dispersion ratio = 27.062, greater than the threshold of 1.5","start_date_fct","Date-only fixed effect used",0,NA,"total_abundance"
"2020-04-10",42.04168083606572,5.585752886940139,Inf,32.40317057360056,54.547221652489526,"2020-04-10","Pre-bloom","Dangerous Reef - Dangerous Reef Sanctuary Zone","Total abundance","Negative binomial nbinom2 (log link)","nbinom2","log","nbinom2 selected: Poisson Pearson dispersion ratio = 27.062, greater than the threshold of 1.5","start_date_fct","Date-only fixed effect used",0,NA,"total_abundance"
"2022-03-16",140.4166550210992,25.859570966419845,Inf,97.87204909879983,201.45523863928335,"2022-03-16","Pre-bloom","Dangerous Reef - Dangerous Reef Sanctuary Zone","Total abundance","Negative binomial nbinom2 (log link)","nbinom2","log","nbinom2 selected: Poisson Pearson dispersion ratio = 27.062, greater than the threshold of 1.5","start_date_fct","Date-only fixed effect used",0,NA,"total_abundance"
"2025-11-10",120.00002505110213,22.132455824427023,Inf,83.59651989116523,172.25604643605485,"2025-11-10","Bloom","Dangerous Reef - Dangerous Reef Sanctuary Zone","Total abundance","Negative binomial nbinom2 (log link)","nbinom2","log","nbinom2 selected: Poisson Pearson dispersion ratio = 27.062, greater than the threshold of 1.5","start_date_fct","Date-only fixed effect used",0,NA,"total_abundance"
"2026-04-08",105.66668033212201,19.515820018254388,Inf,73.57456628441184,151.75688959210993,"2026-04-08","Bloom","Dangerous Reef - Dangerous Reef Sanctuary Zone","Total abundance","Negative binomial nbinom2 (log link)","nbinom2","log","nbinom2 selected: Poisson Pearson dispersion ratio = 27.062, greater than the threshold of 1.5","start_date_fct","Date-only fixed effect used",0,NA,"total_abundance"
"2020-10-13",47.0186646371229,13.585586504606445,Inf,26.688481945713047,82.83554039360956,"2020-10-13","Pre-bloom","Glenelg","Total abundance","Negative binomial nbinom2 (log link)","nbinom2","log","nbinom2 selected: Poisson Pearson dispersion ratio = 54.167, greater than the threshold of 1.5","start_date_fct","Date-only fixed effect used",0,NA,"total_abundance"
"2021-10-25",27.334572442227206,7.840754445717102,Inf,15.579386207581452,47.95945364238834,"2021-10-25","Pre-bloom","Glenelg","Total abundance","Negative binomial nbinom2 (log link)","nbinom2","log","nbinom2 selected: Poisson Pearson dispersion ratio = 54.167, greater than the threshold of 1.5","start_date_fct","Date-only fixed effect used",0,NA,"total_abundance"
"2022-12-02",33.84161601722592,9.336049573164729,Inf,19.707249948395944,58.11338353429569,"2022-12-02","Pre-bloom","Glenelg","Total abundance","Negative binomial nbinom2 (log link)","nbinom2","log","nbinom2 selected: Poisson Pearson dispersion ratio = 54.167, greater than the threshold of 1.5","start_date_fct","Date-only fixed effect used",0,NA,"total_abundance"
"2023-11-23",68.64655962179916,18.811966634482907,Inf,40.11942675330519,117.45806282042662,"2023-11-23","Pre-bloom","Glenelg","Total abundance","Negative binomial nbinom2 (log link)","nbinom2","log","nbinom2 selected: Poisson Pearson dispersion ratio = 54.167, greater than the threshold of 1.5","start_date_fct","Date-only fixed effect used",0,NA,"total_abundance"
"2025-10-21",4.434191816147502,1.2759456353533583,Inf,2.5227830229271135,7.793796328776685,"2025-10-21","Bloom","Glenelg","Total abundance","Negative binomial nbinom2 (log link)","nbinom2","log","nbinom2 selected: Poisson Pearson dispersion ratio = 54.167, greater than the threshold of 1.5","start_date_fct","Date-only fixed effect used",0,NA,"total_abundance"
"2026-03-20",81.32994908390461,21.673220306358605,Inf,48.24118472283978,137.11439003816284,"2026-03-20","Bloom","Glenelg","Total abundance","Negative binomial nbinom2 (log link)","nbinom2","log","nbinom2 selected: Poisson Pearson dispersion ratio = 54.167, greater than the threshold of 1.5","start_date_fct","Date-only fixed effect used",0,NA,"total_abundance"
"2014-09-03",10.376402361308717,4.546937586235319,Inf,4.395926737036159,24.493066514654128,"2014-09-03","Pre-bloom","Middle/Long Spit - Middle Spit Sanctuary Zone","Total abundance","Negative binomial nbinom2 (log link)","nbinom2","log","nbinom2 selected: Poisson Pearson dispersion ratio = 57.576, greater than the threshold of 1.5","start_date_fct","Date-only model used because Status was not represented at every retained sampling date",0,NA,"total_abundance"
"2015-01-07",36.53488967760408,7.259151533209424,Inf,24.750374031252978,53.93042392285526,"2015-01-07","Pre-bloom","Middle/Long Spit - Middle Spit Sanctuary Zone","Total abundance","Negative binomial nbinom2 (log link)","nbinom2","log","nbinom2 selected: Poisson Pearson dispersion ratio = 57.576, greater than the threshold of 1.5","start_date_fct","Date-only model used because Status was not represented at every retained sampling date",0,NA,"total_abundance"
"2016-01-10",32.14370414216342,6.712755646588785,Inf,21.34688845184032,48.401326418598494,"2016-01-10","Pre-bloom","Middle/Long Spit - Middle Spit Sanctuary Zone","Total abundance","Negative binomial nbinom2 (log link)","nbinom2","log","nbinom2 selected: Poisson Pearson dispersion ratio = 57.576, greater than the threshold of 1.5","start_date_fct","Date-only model used because Status was not represented at every retained sampling date",0,NA,"total_abundance"
"2016-03-11",31.42288373505221,13.269971153102672,Inf,13.733500908946061,71.89700781855366,"2016-03-11","Pre-bloom","Middle/Long Spit - Middle Spit Sanctuary Zone","Total abundance","Negative binomial nbinom2 (log link)","nbinom2","log","nbinom2 selected: Poisson Pearson dispersion ratio = 57.576, greater than the threshold of 1.5","start_date_fct","Date-only model used because Status was not represented at every retained sampling date",0,NA,"total_abundance"
"2026-01-26",124.21871248410042,23.299088135564872,Inf,86.00651880500457,179.4083605010385,"2026-01-26","Bloom","Middle/Long Spit - Middle Spit Sanctuary Zone","Total abundance","Negative binomial nbinom2 (log link)","nbinom2","log","nbinom2 selected: Poisson Pearson dispersion ratio = 57.576, greater than the threshold of 1.5","start_date_fct","Date-only model used because Status was not represented at every retained sampling date",0,NA,"total_abundance"
"2015-04-28",121.83333459635536,25.698838466815946,Inf,80.5783674766241,184.21025249951308,"2015-04-28","Pre-bloom","O'Sullivan","Total abundance","Negative binomial nbinom2 (log link)","nbinom2","log","nbinom2 selected: Poisson Pearson dispersion ratio = 33.594, greater than the threshold of 1.5","start_date_fct","Date-only fixed effect used",0,NA,"total_abundance"
"2015-10-09",300.16660767811646,63.02564663555904,Inf,198.9008054544128,452.98958020378063,"2015-10-09","Pre-bloom","O'Sullivan","Total abundance","Negative binomial nbinom2 (log link)","nbinom2","log","nbinom2 selected: Poisson Pearson dispersion ratio = 33.594, greater than the threshold of 1.5","start_date_fct","Date-only fixed effect used",0,NA,"total_abundance"
"2021-10-12",31.454547227415073,7.081267227174901,Inf,20.232754189055385,48.90033912520325,"2021-10-12","Pre-bloom","O'Sullivan","Total abundance","Negative binomial nbinom2 (log link)","nbinom2","log","nbinom2 selected: Poisson Pearson dispersion ratio = 33.594, greater than the threshold of 1.5","start_date_fct","Date-only fixed effect used",0,NA,"total_abundance"
"2022-12-01",51.2500047832078,10.924228618488295,Inf,33.74857835895545,77.82736689949621,"2022-12-01","Pre-bloom","O'Sullivan","Total abundance","Negative binomial nbinom2 (log link)","nbinom2","log","nbinom2 selected: Poisson Pearson dispersion ratio = 33.594, greater than the threshold of 1.5","start_date_fct","Date-only fixed effect used",0,NA,"total_abundance"
"2023-12-01",21.250002016326416,4.642572978258904,Inf,13.848207684760355,32.608016573206896,"2023-12-01","Pre-bloom","O'Sullivan","Total abundance","Negative binomial nbinom2 (log link)","nbinom2","log","nbinom2 selected: Poisson Pearson dispersion ratio = 33.594, greater than the threshold of 1.5","start_date_fct","Date-only fixed effect used",0,NA,"total_abundance"
"2024-12-19",33.00000440438781,7.103405139209413,Inf,21.64157621612917,50.31982327969243,"2024-12-19","Pre-bloom","O'Sullivan","Total abundance","Negative binomial nbinom2 (log link)","nbinom2","log","nbinom2 selected: Poisson Pearson dispersion ratio = 33.594, greater than the threshold of 1.5","start_date_fct","Date-only fixed effect used",0,NA,"total_abundance"
"2025-02-04",19.400006190027508,6.591768968536372,Inf,9.967335535571415,37.75936295411663,"2025-02-04","Pre-bloom","O'Sullivan","Total abundance","Negative binomial nbinom2 (log link)","nbinom2","log","nbinom2 selected: Poisson Pearson dispersion ratio = 33.594, greater than the threshold of 1.5","start_date_fct","Date-only fixed effect used",0,NA,"total_abundance"
"2025-11-13",117.64705166788484,20.85514935731811,Inf,83.11694812759269,166.52234084556298,"2025-11-13","Bloom","O'Sullivan","Total abundance","Negative binomial nbinom2 (log link)","nbinom2","log","nbinom2 selected: Poisson Pearson dispersion ratio = 33.594, greater than the threshold of 1.5","start_date_fct","Date-only fixed effect used",0,NA,"total_abundance"
"2026-03-06",27.588235730205007,5.015934267638637,Inf,19.318053378074897,39.39893610446205,"2026-03-06","Bloom","O'Sullivan","Total abundance","Negative binomial nbinom2 (log link)","nbinom2","log","nbinom2 selected: Poisson Pearson dispersion ratio = 33.594, greater than the threshold of 1.5","start_date_fct","Date-only fixed effect used",0,NA,"total_abundance"
"2014-09-03",64.97104495771933,7.7322607881406045,Inf,51.45381881673946,82.03932730304345,"2014-09-03","Pre-bloom","Offshore Ardrossan - Offshore Ardrossan Sanctuary Zone","Total abundance","Negative binomial nbinom2 (log link)","nbinom2","log","nbinom2 selected: Poisson Pearson dispersion ratio = 16.084, greater than the threshold of 1.5","start_date_fct * Status","Full date x Status interaction used",0,NA,"total_abundance"
"2016-03-11",89.08329304777205,11.185354555437703,Inf,69.6496373081771,113.93933130077532,"2016-03-11","Pre-bloom","Offshore Ardrossan - Offshore Ardrossan Sanctuary Zone","Total abundance","Negative binomial nbinom2 (log link)","nbinom2","log","nbinom2 selected: Poisson Pearson dispersion ratio = 16.084, greater than the threshold of 1.5","start_date_fct * Status","Full date x Status interaction used",0,NA,"total_abundance"
"2016-11-03",58.53570511534755,9.742108029477148,Inf,42.2430460670736,81.11225615478662,"2016-11-03","Pre-bloom","Offshore Ardrossan - Offshore Ardrossan Sanctuary Zone","Total abundance","Negative binomial nbinom2 (log link)","nbinom2","log","nbinom2 selected: Poisson Pearson dispersion ratio = 16.084, greater than the threshold of 1.5","start_date_fct * Status","Full date x Status interaction used",0,NA,"total_abundance"
"2025-10-13",105.60671448249586,14.35024060027073,Inf,80.91462764265161,137.8338931873001,"2025-10-13","Bloom","Offshore Ardrossan - Offshore Ardrossan Sanctuary Zone","Total abundance","Negative binomial nbinom2 (log link)","nbinom2","log","nbinom2 selected: Poisson Pearson dispersion ratio = 16.084, greater than the threshold of 1.5","start_date_fct * Status","Full date x Status interaction used",0,NA,"total_abundance"
"2017-02-03",34.166666678378725,4.6264126591046555,Inf,26.20256418227189,44.55140740390772,"2017-02-03","Pre-bloom","Orcades Bank - Orcades Bank Sanctuary Zone","Total abundance","Negative binomial nbinom2 (log link)","nbinom2","log","nbinom2 selected: Poisson Pearson dispersion ratio = 7.965, greater than the threshold of 1.5","1","Intercept-only fixed effect used",0,"overall","total_abundance"
"2017-02-03",19.288231253713608,3.4870122399781005,Inf,13.533446274168213,27.49010542915835,"2017-02-03","Pre-bloom","Port Gibbon - Port Gibbon Sanctuary Zone","Total abundance","Negative binomial nbinom2 (log link)","nbinom2","log","nbinom2 selected: Poisson Pearson dispersion ratio = 23.032, greater than the threshold of 1.5","start_date_fct * Status","Full date x Status interaction used",0,NA,"total_abundance"
"2025-11-14",35.64044568764332,6.723127804335054,Inf,24.624902409345918,51.583610269730734,"2025-11-14","Bloom","Port Gibbon - Port Gibbon Sanctuary Zone","Total abundance","Negative binomial nbinom2 (log link)","nbinom2","log","nbinom2 selected: Poisson Pearson dispersion ratio = 23.032, greater than the threshold of 1.5","start_date_fct * Status","Full date x Status interaction used",0,NA,"total_abundance"
"2015-04-28",65.63610819292485,15.197253757531568,Inf,41.69243998933526,103.33045271073914,"2015-04-28","Pre-bloom","Port Noarlunga - Port Noarlunga Reef Sanctuary Zone","Total abundance","Negative binomial nbinom2 (log link)","nbinom2","log","nbinom2 selected: Poisson Pearson dispersion ratio = 39.754, greater than the threshold of 1.5","start_date_fct","Date-only fixed effect used",0,NA,"total_abundance"
"2015-10-09",61.916620367857334,13.736391946493518,Inf,40.08349412322406,95.64205819961616,"2015-10-09","Pre-bloom","Port Noarlunga - Port Noarlunga Reef Sanctuary Zone","Total abundance","Negative binomial nbinom2 (log link)","nbinom2","log","nbinom2 selected: Poisson Pearson dispersion ratio = 39.754, greater than the threshold of 1.5","start_date_fct","Date-only fixed effect used",0,NA,"total_abundance"
"2021-10-12",25.249938917348114,9.893319065352394,Inf,11.715108599026875,54.42198080714081,"2021-10-12","Pre-bloom","Port Noarlunga - Port Noarlunga Reef Sanctuary Zone","Total abundance","Negative binomial nbinom2 (log link)","nbinom2","log","nbinom2 selected: Poisson Pearson dispersion ratio = 39.754, greater than the threshold of 1.5","start_date_fct","Date-only fixed effect used",0,NA,"total_abundance"
"2022-12-01",46.24984616674013,17.85410075636704,Inf,21.70280873542963,98.56089580493568,"2022-12-01","Pre-bloom","Port Noarlunga - Port Noarlunga Reef Sanctuary Zone","Total abundance","Negative binomial nbinom2 (log link)","nbinom2","log","nbinom2 selected: Poisson Pearson dispersion ratio = 39.754, greater than the threshold of 1.5","start_date_fct","Date-only fixed effect used",0,NA,"total_abundance"
"2023-12-01",106.7500070277961,40.783629406091976,Inf,50.48566060863048,225.7188251684767,"2023-12-01","Pre-bloom","Port Noarlunga - Port Noarlunga Reef Sanctuary Zone","Total abundance","Negative binomial nbinom2 (log link)","nbinom2","log","nbinom2 selected: Poisson Pearson dispersion ratio = 39.754, greater than the threshold of 1.5","start_date_fct","Date-only fixed effect used",0,NA,"total_abundance"
"2024-12-19",26.999865035772345,10.556821447122118,Inf,12.547169221194453,58.1001737601913,"2024-12-19","Pre-bloom","Port Noarlunga - Port Noarlunga Reef Sanctuary Zone","Total abundance","Negative binomial nbinom2 (log link)","nbinom2","log","nbinom2 selected: Poisson Pearson dispersion ratio = 39.754, greater than the threshold of 1.5","start_date_fct","Date-only fixed effect used",0,NA,"total_abundance"
"2025-02-04",19.749886746894212,7.8074839172069685,Inf,9.10058679451553,42.86075561085975,"2025-02-04","Pre-bloom","Port Noarlunga - Port Noarlunga Reef Sanctuary Zone","Total abundance","Negative binomial nbinom2 (log link)","nbinom2","log","nbinom2 selected: Poisson Pearson dispersion ratio = 39.754, greater than the threshold of 1.5","start_date_fct","Date-only fixed effect used",0,NA,"total_abundance"
"2025-11-13",28.166592168452098,8.980805092257372,Inf,15.077596022309892,52.61826309777761,"2025-11-13","Bloom","Port Noarlunga - Port Noarlunga Reef Sanctuary Zone","Total abundance","Negative binomial nbinom2 (log link)","nbinom2","log","nbinom2 selected: Poisson Pearson dispersion ratio = 39.754, greater than the threshold of 1.5","start_date_fct","Date-only fixed effect used",0,NA,"total_abundance"
"2015-12-10",22.70340202264024,3.4801645227635674,Inf,16.811704727070335,30.659857032324176,"2015-12-10","Pre-bloom","Rapid Head - Rapid Head Sanctuary Zone","Total abundance","Negative binomial nbinom2 (log link)","nbinom2","log","nbinom2 selected: Poisson Pearson dispersion ratio = 9.641, greater than the threshold of 1.5","start_date_fct * Status","Full date x Status interaction used",0,NA,"total_abundance"
"2016-12-06",26.416191594346664,3.98380239223341,Inf,19.656276702884618,35.500882944267104,"2016-12-06","Pre-bloom","Rapid Head - Rapid Head Sanctuary Zone","Total abundance","Negative binomial nbinom2 (log link)","nbinom2","log","nbinom2 selected: Poisson Pearson dispersion ratio = 9.641, greater than the threshold of 1.5","start_date_fct * Status","Full date x Status interaction used",0,NA,"total_abundance"
"2017-12-05",27.057471723440617,4.187432339241699,Inf,19.978123600226652,36.64542229864284,"2017-12-05","Pre-bloom","Rapid Head - Rapid Head Sanctuary Zone","Total abundance","Negative binomial nbinom2 (log link)","nbinom2","log","nbinom2 selected: Poisson Pearson dispersion ratio = 9.641, greater than the threshold of 1.5","start_date_fct * Status","Full date x Status interaction used",0,NA,"total_abundance"
"2018-12-11",31.128491027665337,4.730725040930812,Inf,23.109867887993712,41.929402554605595,"2018-12-11","Pre-bloom","Rapid Head - Rapid Head Sanctuary Zone","Total abundance","Negative binomial nbinom2 (log link)","nbinom2","log","nbinom2 selected: Poisson Pearson dispersion ratio = 9.641, greater than the threshold of 1.5","start_date_fct * Status","Full date x Status interaction used",0,NA,"total_abundance"
"2021-01-21",37.62575712201145,5.6141769808678506,Inf,28.085141172421757,50.407352069668114,"2021-01-21","Pre-bloom","Rapid Head - Rapid Head Sanctuary Zone","Total abundance","Negative binomial nbinom2 (log link)","nbinom2","log","nbinom2 selected: Poisson Pearson dispersion ratio = 9.641, greater than the threshold of 1.5","start_date_fct * Status","Full date x Status interaction used",0,NA,"total_abundance"
"2025-02-27",41.06651064282414,6.1941235985178125,Inf,30.556231623164166,55.19195943974693,"2025-02-27","Pre-bloom","Rapid Head - Rapid Head Sanctuary Zone","Total abundance","Negative binomial nbinom2 (log link)","nbinom2","log","nbinom2 selected: Poisson Pearson dispersion ratio = 9.641, greater than the threshold of 1.5","start_date_fct * Status","Full date x Status interaction used",0,NA,"total_abundance"
"2025-12-10",26.249701145737053,3.959864069193636,Inf,19.530685036679184,35.28021720418201,"2025-12-10","Bloom","Rapid Head - Rapid Head Sanctuary Zone","Total abundance","Negative binomial nbinom2 (log link)","nbinom2","log","nbinom2 selected: Poisson Pearson dispersion ratio = 9.641, greater than the threshold of 1.5","start_date_fct * Status","Full date x Status interaction used",0,NA,"total_abundance"
"2016-01-20",52.4005432264427,4.894052770891436,Inf,43.635115629325796,62.92677103806988,"2016-01-20","Pre-bloom","Sponge Gardens - Sponge Gardens Sanctuary Zone","Total abundance","Negative binomial nbinom2 (log link)","nbinom2","log","nbinom2 selected: Poisson Pearson dispersion ratio = 10.337, greater than the threshold of 1.5","start_date_fct * Status","Full date x Status interaction used",0,NA,"total_abundance"
"2016-12-06",31.626370824191238,2.9731146491051073,Inf,26.304500999169946,38.024949857091656,"2016-12-06","Pre-bloom","Sponge Gardens - Sponge Gardens Sanctuary Zone","Total abundance","Negative binomial nbinom2 (log link)","nbinom2","log","nbinom2 selected: Poisson Pearson dispersion ratio = 10.337, greater than the threshold of 1.5","start_date_fct * Status","Full date x Status interaction used",0,NA,"total_abundance"
"2017-12-05",53.28871618265481,8.21106107204619,Inf,39.39823458028037,72.07651060123538,"2017-12-05","Pre-bloom","Sponge Gardens - Sponge Gardens Sanctuary Zone","Total abundance","Negative binomial nbinom2 (log link)","nbinom2","log","nbinom2 selected: Poisson Pearson dispersion ratio = 10.337, greater than the threshold of 1.5","start_date_fct * Status","Full date x Status interaction used",0,NA,"total_abundance"
"2018-01-17",33.2156784669697,3.7277222583646887,Inf,26.657207832396928,41.3877290884261,"2018-01-17","Pre-bloom","Sponge Gardens - Sponge Gardens Sanctuary Zone","Total abundance","Negative binomial nbinom2 (log link)","nbinom2","log","nbinom2 selected: Poisson Pearson dispersion ratio = 10.337, greater than the threshold of 1.5","start_date_fct * Status","Full date x Status interaction used",0,NA,"total_abundance"
"2019-01-22",42.06715805052198,3.7907277207232672,Inf,35.25658687895293,50.193338127804395,"2019-01-22","Pre-bloom","Sponge Gardens - Sponge Gardens Sanctuary Zone","Total abundance","Negative binomial nbinom2 (log link)","nbinom2","log","nbinom2 selected: Poisson Pearson dispersion ratio = 10.337, greater than the threshold of 1.5","start_date_fct * Status","Full date x Status interaction used",0,NA,"total_abundance"
"2021-01-21",52.77731022755449,4.697293445136109,Inf,44.329057294469195,62.835635243771755,"2021-01-21","Pre-bloom","Sponge Gardens - Sponge Gardens Sanctuary Zone","Total abundance","Negative binomial nbinom2 (log link)","nbinom2","log","nbinom2 selected: Poisson Pearson dispersion ratio = 10.337, greater than the threshold of 1.5","start_date_fct * Status","Full date x Status interaction used",0,NA,"total_abundance"
"2025-04-02",50.32349907568488,4.590422290693548,Inf,42.08484214051361,60.174980596696855,"2025-04-02","Bloom","Sponge Gardens - Sponge Gardens Sanctuary Zone","Total abundance","Negative binomial nbinom2 (log link)","nbinom2","log","nbinom2 selected: Poisson Pearson dispersion ratio = 10.337, greater than the threshold of 1.5","start_date_fct * Status","Full date x Status interaction used",0,NA,"total_abundance"
"2026-01-27",52.64762866936091,4.79085230686582,Inf,44.047452755466594,62.926971507175644,"2026-01-27","Bloom","Sponge Gardens - Sponge Gardens Sanctuary Zone","Total abundance","Negative binomial nbinom2 (log link)","nbinom2","log","nbinom2 selected: Poisson Pearson dispersion ratio = 10.337, greater than the threshold of 1.5","start_date_fct * Status","Full date x Status interaction used",0,NA,"total_abundance"
"2016-04-19",39.03035092599407,6.665907263027265,Inf,27.927214979766298,54.54780559070964,"2016-04-19","Pre-bloom","The Pages - The Pages Sanctuary Zone","Total abundance","Negative binomial nbinom2 (log link)","nbinom2","log","nbinom2 selected: Poisson Pearson dispersion ratio = 40.794, greater than the threshold of 1.5","start_date_fct * Status","Full date x Status interaction used",0,NA,"total_abundance"
"2017-06-02",44.42059137607329,7.809839210169737,Inf,31.472388643236012,62.6958748053002,"2017-06-02","Pre-bloom","The Pages - The Pages Sanctuary Zone","Total abundance","Negative binomial nbinom2 (log link)","nbinom2","log","nbinom2 selected: Poisson Pearson dispersion ratio = 40.794, greater than the threshold of 1.5","start_date_fct * Status","Full date x Status interaction used",0,NA,"total_abundance"
"2018-06-26",42.193691271551295,7.400380098824948,Inf,29.91952576214807,59.503201931472276,"2018-06-26","Pre-bloom","The Pages - The Pages Sanctuary Zone","Total abundance","Negative binomial nbinom2 (log link)","nbinom2","log","nbinom2 selected: Poisson Pearson dispersion ratio = 40.794, greater than the threshold of 1.5","start_date_fct * Status","Full date x Status interaction used",0,NA,"total_abundance"
"2019-06-06",49.66702033100229,8.427153473112245,Inf,35.6157559983985,69.26184323227953,"2019-06-06","Pre-bloom","The Pages - The Pages Sanctuary Zone","Total abundance","Negative binomial nbinom2 (log link)","nbinom2","log","nbinom2 selected: Poisson Pearson dispersion ratio = 40.794, greater than the threshold of 1.5","start_date_fct * Status","Full date x Status interaction used",0,NA,"total_abundance"
"2021-05-20",46.06028882062191,8.235980335555764,Inf,32.44325470021425,65.39264404397436,"2021-05-20","Pre-bloom","The Pages - The Pages Sanctuary Zone","Total abundance","Negative binomial nbinom2 (log link)","nbinom2","log","nbinom2 selected: Poisson Pearson dispersion ratio = 40.794, greater than the threshold of 1.5","start_date_fct * Status","Full date x Status interaction used",0,NA,"total_abundance"
"2025-04-09",24.936803336491977,5.382470060680026,Inf,16.334794295037494,38.068686352040174,"2025-04-09","Bloom","The Pages - The Pages Sanctuary Zone","Total abundance","Negative binomial nbinom2 (log link)","nbinom2","log","nbinom2 selected: Poisson Pearson dispersion ratio = 40.794, greater than the threshold of 1.5","start_date_fct * Status","Full date x Status interaction used",0,NA,"total_abundance"
"2025-12-02",78.67911830646146,14.882684153470022,Inf,54.30614693304853,113.99084647110048,"2025-12-02","Bloom","The Pages - The Pages Sanctuary Zone","Total abundance","Negative binomial nbinom2 (log link)","nbinom2","log","nbinom2 selected: Poisson Pearson dispersion ratio = 40.794, greater than the threshold of 1.5","start_date_fct * Status","Full date x Status interaction used",0,NA,"total_abundance"
"2026-03-01",103.7860708034888,18.69955522931611,Inf,72.90791074156624,147.74183464135007,"2026-03-01","Bloom","The Pages - The Pages Sanctuary Zone","Total abundance","Negative binomial nbinom2 (log link)","nbinom2","log","nbinom2 selected: Poisson Pearson dispersion ratio = 40.794, greater than the threshold of 1.5","start_date_fct * Status","Full date x Status interaction used",0,NA,"total_abundance"
"2017-11-28",31.315788504036245,5.1545397522888,Inf,22.68070961880223,43.238444744980534,"2017-11-28","Pre-bloom","Victor Harbor - Encounter Bay Sanctuary Zone","Total abundance","Negative binomial nbinom2 (log link)","nbinom2","log","nbinom2 selected: Poisson Pearson dispersion ratio = 25.683, greater than the threshold of 1.5","start_date_fct","Date-only model used because Status was not represented at every retained sampling date",0,NA,"total_abundance"
"2018-11-27",40.79999573753056,12.996438005869448,Inf,21.85336022077457,76.17316675172209,"2018-11-27","Pre-bloom","Victor Harbor - Encounter Bay Sanctuary Zone","Total abundance","Negative binomial nbinom2 (log link)","nbinom2","log","nbinom2 selected: Poisson Pearson dispersion ratio = 25.683, greater than the threshold of 1.5","start_date_fct","Date-only model used because Status was not represented at every retained sampling date",0,NA,"total_abundance"
"2021-11-23",24.124999526362668,6.175954283050875,Inf,14.607010019947387,39.8449512495847,"2021-11-23","Pre-bloom","Victor Harbor - Encounter Bay Sanctuary Zone","Total abundance","Negative binomial nbinom2 (log link)","nbinom2","log","nbinom2 selected: Poisson Pearson dispersion ratio = 25.683, greater than the threshold of 1.5","start_date_fct","Date-only model used because Status was not represented at every retained sampling date",0,NA,"total_abundance"
"2025-10-30",33.4000015350519,5.348015203130166,Inf,24.40348877036984,45.7131401595315,"2025-10-30","Bloom","Victor Harbor - Encounter Bay Sanctuary Zone","Total abundance","Negative binomial nbinom2 (log link)","nbinom2","log","nbinom2 selected: Poisson Pearson dispersion ratio = 25.683, greater than the threshold of 1.5","start_date_fct","Date-only model used because Status was not represented at every retained sampling date",0,NA,"total_abundance"
"2026-01-23",43.350000579996745,6.894541510708443,Inf,31.740292393923962,59.206214201273596,"2026-01-23","Bloom","Victor Harbor - Encounter Bay Sanctuary Zone","Total abundance","Negative binomial nbinom2 (log link)","nbinom2","log","nbinom2 selected: Poisson Pearson dispersion ratio = 25.683, greater than the threshold of 1.5","start_date_fct","Date-only model used because Status was not represented at every retained sampling date",0,NA,"total_abundance"
"2017-04-12",20.687408202577775,4.007677886229057,Inf,14.151636496139067,30.241651434224107,"2017-04-12","Pre-bloom","Windara Reef - Windara Shell fish Reef Sanctuary Zone","Total abundance","Negative binomial nbinom2 (log link)","nbinom2","log","nbinom2 selected: Poisson Pearson dispersion ratio = 24.031, greater than the threshold of 1.5","start_date_fct * Status","Full date x Status interaction used",0,NA,"total_abundance"
"2017-11-23",25.71776672850923,4.877736549161558,Inf,17.733354491120796,37.2971467881717,"2017-11-23","Pre-bloom","Windara Reef - Windara Shell fish Reef Sanctuary Zone","Total abundance","Negative binomial nbinom2 (log link)","nbinom2","log","nbinom2 selected: Poisson Pearson dispersion ratio = 24.031, greater than the threshold of 1.5","start_date_fct * Status","Full date x Status interaction used",0,NA,"total_abundance"
"2018-04-24",28.326766115121252,5.363801433794482,Inf,19.544210435349033,41.055927083628525,"2018-04-24","Pre-bloom","Windara Reef - Windara Shell fish Reef Sanctuary Zone","Total abundance","Negative binomial nbinom2 (log link)","nbinom2","log","nbinom2 selected: Poisson Pearson dispersion ratio = 24.031, greater than the threshold of 1.5","start_date_fct * Status","Full date x Status interaction used",0,NA,"total_abundance"
"2018-11-29",30.118514430491658,5.643906381464477,Inf,20.86060728482817,43.485067290417874,"2018-11-29","Pre-bloom","Windara Reef - Windara Shell fish Reef Sanctuary Zone","Total abundance","Negative binomial nbinom2 (log link)","nbinom2","log","nbinom2 selected: Poisson Pearson dispersion ratio = 24.031, greater than the threshold of 1.5","start_date_fct * Status","Full date x Status interaction used",0,NA,"total_abundance"
"2019-10-22",29.16333726158872,5.478281694801936,Inf,20.180898824190773,42.1438236048078,"2019-10-22","Pre-bloom","Windara Reef - Windara Shell fish Reef Sanctuary Zone","Total abundance","Negative binomial nbinom2 (log link)","nbinom2","log","nbinom2 selected: Poisson Pearson dispersion ratio = 24.031, greater than the threshold of 1.5","start_date_fct * Status","Full date x Status interaction used",0,NA,"total_abundance"
"2020-10-28",109.02473668020302,19.742548091259316,Inf,76.45162976518824,155.47599501403957,"2020-10-28","Pre-bloom","Windara Reef - Windara Shell fish Reef Sanctuary Zone","Total abundance","Negative binomial nbinom2 (log link)","nbinom2","log","nbinom2 selected: Poisson Pearson dispersion ratio = 24.031, greater than the threshold of 1.5","start_date_fct * Status","Full date x Status interaction used",0,NA,"total_abundance"
"2025-10-24",76.35097937684421,13.907805320203307,Inf,53.42726736823244,109.11042879332176,"2025-10-24","Bloom","Windara Reef - Windara Shell fish Reef Sanctuary Zone","Total abundance","Negative binomial nbinom2 (log link)","nbinom2","log","nbinom2 selected: Poisson Pearson dispersion ratio = 24.031, greater than the threshold of 1.5","start_date_fct * Status","Full date x Status interaction used",0,NA,"total_abundance"
"2014-09-03",8.142078777663853,1.5947371542685693,Inf,5.546459814633259,11.952389278433367,"2014-09-03","Pre-bloom","Aldinga - Aldinga Reef Sanctuary Zone","Species richness","Negative binomial nbinom2 (log link)","nbinom2","log","nbinom2 selected: Poisson Pearson dispersion ratio = 1.945, greater than the threshold of 1.5","start_date_fct","Date-only model used because Status was not represented at every retained sampling date",0,NA,"richness"
"2015-12-10",6.455326274488154,1.2653415406515456,Inf,4.396122918351295,9.479088297586852,"2015-12-10","Pre-bloom","Aldinga - Aldinga Reef Sanctuary Zone","Species richness","Negative binomial nbinom2 (log link)","nbinom2","log","nbinom2 selected: Poisson Pearson dispersion ratio = 1.945, greater than the threshold of 1.5","start_date_fct","Date-only model used because Status was not represented at every retained sampling date",0,NA,"richness"
"2016-02-12",11.791755574271544,2.3022219579871988,Inf,8.042478487974936,17.28888671959322,"2016-02-12","Pre-bloom","Aldinga - Aldinga Reef Sanctuary Zone","Species richness","Negative binomial nbinom2 (log link)","nbinom2","log","nbinom2 selected: Poisson Pearson dispersion ratio = 1.945, greater than the threshold of 1.5","start_date_fct","Date-only model used because Status was not represented at every retained sampling date",0,NA,"richness"
"2016-11-19",9.762412566824189,1.9775909499578344,Inf,6.563380779339775,14.520671941644343,"2016-11-19","Pre-bloom","Aldinga - Aldinga Reef Sanctuary Zone","Species richness","Negative binomial nbinom2 (log link)","nbinom2","log","nbinom2 selected: Poisson Pearson dispersion ratio = 1.945, greater than the threshold of 1.5","start_date_fct","Date-only model used because Status was not represented at every retained sampling date",0,NA,"richness"
"2019-12-07",11.39352710295274,2.2260085580912072,Inf,7.768815770379343,16.709426981221885,"2019-12-07","Pre-bloom","Aldinga - Aldinga Reef Sanctuary Zone","Species richness","Negative binomial nbinom2 (log link)","nbinom2","log","nbinom2 selected: Poisson Pearson dispersion ratio = 1.945, greater than the threshold of 1.5","start_date_fct","Date-only model used because Status was not represented at every retained sampling date",0,NA,"richness"
"2020-11-26",9.637203314316345,1.9542078237355327,Inf,6.476591648890625,14.340210523752663,"2020-11-26","Pre-bloom","Aldinga - Aldinga Reef Sanctuary Zone","Species richness","Negative binomial nbinom2 (log link)","nbinom2","log","nbinom2 selected: Poisson Pearson dispersion ratio = 1.945, greater than the threshold of 1.5","start_date_fct","Date-only model used because Status was not represented at every retained sampling date",0,NA,"richness"
"2021-11-22",9.480664906655445,2.0784863047726163,Inf,6.169163476903899,14.569723660070267,"2021-11-22","Pre-bloom","Aldinga - Aldinga Reef Sanctuary Zone","Species richness","Negative binomial nbinom2 (log link)","nbinom2","log","nbinom2 selected: Poisson Pearson dispersion ratio = 1.945, greater than the threshold of 1.5","start_date_fct","Date-only model used because Status was not represented at every retained sampling date",0,NA,"richness"
"2025-02-06",7.603986752421876,1.4282854188551029,Inf,5.262074174363045,10.988179302509804,"2025-02-06","Pre-bloom","Aldinga - Aldinga Reef Sanctuary Zone","Species richness","Negative binomial nbinom2 (log link)","nbinom2","log","nbinom2 selected: Poisson Pearson dispersion ratio = 1.945, greater than the threshold of 1.5","start_date_fct","Date-only model used because Status was not represented at every retained sampling date",0,NA,"richness"
"2026-02-21",6.960160985142003,1.234386782295091,Inf,4.916526882631711,9.853264732514175,"2026-02-21","Bloom","Aldinga - Aldinga Reef Sanctuary Zone","Species richness","Negative binomial nbinom2 (log link)","nbinom2","log","nbinom2 selected: Poisson Pearson dispersion ratio = 1.945, greater than the threshold of 1.5","start_date_fct","Date-only model used because Status was not represented at every retained sampling date",0,NA,"richness"
"2016-05-24",4.182915619559847,0.4344665547458956,Inf,3.4124588473408326,5.12732427351971,"2016-05-24","Pre-bloom","Bay of Shoals - Bay of Shoals Sanctuary Zone","Species richness","Poisson (log link)","poisson","log","Poisson retained: Pearson dispersion ratio = 0.848, not greater than the threshold of 1.5","start_date_fct * Status","Full date x Status interaction used",0,NA,"richness"
"2017-04-05",6.268649844843374,0.5352988527169529,Inf,5.302581512249151,7.410724528511213,"2017-04-05","Pre-bloom","Bay of Shoals - Bay of Shoals Sanctuary Zone","Species richness","Poisson (log link)","poisson","log","Poisson retained: Pearson dispersion ratio = 0.848, not greater than the threshold of 1.5","start_date_fct * Status","Full date x Status interaction used",0,NA,"richness"
"2018-03-28",7.630041583422432,0.5965242357891668,Inf,6.546047043254425,8.893540510795374,"2018-03-28","Pre-bloom","Bay of Shoals - Bay of Shoals Sanctuary Zone","Species richness","Poisson (log link)","poisson","log","Poisson retained: Pearson dispersion ratio = 0.848, not greater than the threshold of 1.5","start_date_fct * Status","Full date x Status interaction used",0,NA,"richness"
"2026-03-24",5.549801174863464,0.5067977449085684,Inf,4.6403127084810105,6.637546867094275,"2026-03-24","Bloom","Bay of Shoals - Bay of Shoals Sanctuary Zone","Species richness","Poisson (log link)","poisson","log","Poisson retained: Pearson dispersion ratio = 0.848, not greater than the threshold of 1.5","start_date_fct * Status","Full date x Status interaction used",0,NA,"richness"
"2021-10-11",8.321558041491073,0.9112239281491467,Inf,6.714237741479758,10.313654491275583,"2021-10-11","Pre-bloom","Boston Bay","Species richness","Poisson (log link)","poisson","log","Poisson retained: Pearson dispersion ratio = 0.549, not greater than the threshold of 1.5","start_date_fct","Date-only fixed effect used",0,NA,"richness"
"2022-05-10",4.602538864161192,0.5443025491766524,Inf,3.6503390485019382,5.803122316763326,"2022-05-10","Pre-bloom","Boston Bay","Species richness","Poisson (log link)","poisson","log","Poisson retained: Pearson dispersion ratio = 0.549, not greater than the threshold of 1.5","start_date_fct","Date-only fixed effect used",0,NA,"richness"
"2024-03-25",5.779582538503769,0.7511930402558239,Inf,4.479842622254017,7.456416918184233,"2024-03-25","Pre-bloom","Boston Bay","Species richness","Poisson (log link)","poisson","log","Poisson retained: Pearson dispersion ratio = 0.549, not greater than the threshold of 1.5","start_date_fct","Date-only fixed effect used",0,NA,"richness"
"2024-11-14",7.725689913325616,0.9411594807710322,Inf,6.084741673953042,9.809173147376212,"2024-11-14","Pre-bloom","Boston Bay","Species richness","Poisson (log link)","poisson","log","Poisson retained: Pearson dispersion ratio = 0.549, not greater than the threshold of 1.5","start_date_fct","Date-only fixed effect used",0,NA,"richness"
"2025-05-22",5.670987528619728,0.7343401108497511,Inf,4.399831185562254,7.309393972953248,"2025-05-22","Bloom","Boston Bay","Species richness","Poisson (log link)","poisson","log","Poisson retained: Pearson dispersion ratio = 0.549, not greater than the threshold of 1.5","start_date_fct","Date-only fixed effect used",0,NA,"richness"
"2025-11-11",6.942027320524083,0.8766803508397053,Inf,5.419903363038169,8.89162409196324,"2025-11-11","Bloom","Boston Bay","Species richness","Poisson (log link)","poisson","log","Poisson retained: Pearson dispersion ratio = 0.549, not greater than the threshold of 1.5","start_date_fct","Date-only fixed effect used",0,NA,"richness"
"2017-01-12",9.15719207325745,0.61801649359058,Inf,8.022596589211034,10.452247689893573,"2017-01-12","Pre-bloom","Cape Elizabeth - Cape Elizabeth Sanctuary Zone","Species richness","Poisson (log link)","poisson","log","Poisson retained: Pearson dispersion ratio = 0.661, not greater than the threshold of 1.5","start_date_fct * Status","Full date x Status interaction used",0,NA,"richness"
"2026-03-10",7.540630683905047,0.5605676252692732,Inf,6.518229854082625,8.723397668377087,"2026-03-10","Bloom","Cape Elizabeth - Cape Elizabeth Sanctuary Zone","Species richness","Poisson (log link)","poisson","log","Poisson retained: Pearson dispersion ratio = 0.661, not greater than the threshold of 1.5","start_date_fct * Status","Full date x Status interaction used",0,NA,"richness"
"2015-12-10",8.931854132349917,0.6998557535918669,Inf,7.660298518228574,10.414479024771056,"2015-12-10","Pre-bloom","Carrickalinga - Carrickalinga Cliffs Sanctuary Zone","Species richness","Poisson (log link)","poisson","log","Poisson retained: Pearson dispersion ratio = 1.078, not greater than the threshold of 1.5","start_date_fct","Date-only model used because Status was not represented at every retained sampling date",0,NA,"richness"
"2016-12-06",6.1627194152025515,0.5145806765310381,Inf,5.232364005488904,7.2584993228057675,"2016-12-06","Pre-bloom","Carrickalinga - Carrickalinga Cliffs Sanctuary Zone","Species richness","Poisson (log link)","poisson","log","Poisson retained: Pearson dispersion ratio = 1.078, not greater than the threshold of 1.5","start_date_fct","Date-only model used because Status was not represented at every retained sampling date",0,NA,"richness"
"2017-12-05",10.118518103419175,0.6658682506404769,Inf,8.894099488362205,11.511498015419104,"2017-12-05","Pre-bloom","Carrickalinga - Carrickalinga Cliffs Sanctuary Zone","Species richness","Poisson (log link)","poisson","log","Poisson retained: Pearson dispersion ratio = 1.078, not greater than the threshold of 1.5","start_date_fct","Date-only model used because Status was not represented at every retained sampling date",0,NA,"richness"
"2018-12-11",10.772562971536823,0.7023313844427473,Inf,9.480338393901432,12.240925181571408,"2018-12-11","Pre-bloom","Carrickalinga - Carrickalinga Cliffs Sanctuary Zone","Species richness","Poisson (log link)","poisson","log","Poisson retained: Pearson dispersion ratio = 1.078, not greater than the threshold of 1.5","start_date_fct","Date-only model used because Status was not represented at every retained sampling date",0,NA,"richness"
"2020-12-04",11.409358802414447,0.7093057878966944,Inf,10.100504960223873,12.887817866023482,"2020-12-04","Pre-bloom","Carrickalinga - Carrickalinga Cliffs Sanctuary Zone","Species richness","Poisson (log link)","poisson","log","Poisson retained: Pearson dispersion ratio = 1.078, not greater than the threshold of 1.5","start_date_fct","Date-only model used because Status was not represented at every retained sampling date",0,NA,"richness"
"2025-02-06",17.606934240170865,2.1847121081752414,Inf,13.805894225029999,22.454476927373936,"2025-02-06","Pre-bloom","Carrickalinga - Carrickalinga Cliffs Sanctuary Zone","Species richness","Poisson (log link)","poisson","log","Poisson retained: Pearson dispersion ratio = 1.078, not greater than the threshold of 1.5","start_date_fct","Date-only model used because Status was not represented at every retained sampling date",0,NA,"richness"
"2025-02-20",15.652530556408736,0.8563115451792324,Inf,14.061038979084763,17.424154302092433,"2025-02-20","Pre-bloom","Carrickalinga - Carrickalinga Cliffs Sanctuary Zone","Species richness","Poisson (log link)","poisson","log","Poisson retained: Pearson dispersion ratio = 1.078, not greater than the threshold of 1.5","start_date_fct","Date-only model used because Status was not represented at every retained sampling date",0,NA,"richness"
"2025-12-17",12.491998930876495,0.7441556320811294,Inf,11.115406965931767,14.039075471308069,"2025-12-17","Bloom","Carrickalinga - Carrickalinga Cliffs Sanctuary Zone","Species richness","Poisson (log link)","poisson","log","Poisson retained: Pearson dispersion ratio = 1.078, not greater than the threshold of 1.5","start_date_fct","Date-only model used because Status was not represented at every retained sampling date",0,NA,"richness"
"2015-11-15",10.219415829675098,0.9151491937037771,Inf,8.574344540703311,12.180110025208707,"2015-11-15","Pre-bloom","Chinamans Hat - Chinamans Hat Sanctuary Zone","Species richness","Poisson (log link)","poisson","log","Poisson retained: Pearson dispersion ratio = 1.248, not greater than the threshold of 1.5","start_date_fct * Status","Full date x Status interaction used",0,NA,"richness"
"2025-12-04",8.91080226062437,0.8473356932460149,Inf,7.395632709366316,10.73638998153437,"2025-12-04","Bloom","Chinamans Hat - Chinamans Hat Sanctuary Zone","Species richness","Poisson (log link)","poisson","log","Poisson retained: Pearson dispersion ratio = 1.248, not greater than the threshold of 1.5","start_date_fct * Status","Full date x Status interaction used",0,NA,"richness"
"2017-01-12",4.562071891394754,0.5340001898966712,Inf,3.626829829506026,5.738482619982414,"2017-01-12","Pre-bloom","Cuttlefish Coast - Fairway Bank Sanctuary Zone","Species richness","Poisson (log link)","poisson","log","Poisson retained: Pearson dispersion ratio = 0.684, not greater than the threshold of 1.5","start_date_fct * Status","Full date x Status interaction used",0,NA,"richness"
"2026-02-16",4.373213900046938,0.4787135135784994,Inf,3.528775343380263,5.41972722957298,"2026-02-16","Bloom","Cuttlefish Coast - Fairway Bank Sanctuary Zone","Species richness","Poisson (log link)","poisson","log","Poisson retained: Pearson dispersion ratio = 0.684, not greater than the threshold of 1.5","start_date_fct * Status","Full date x Status interaction used",0,NA,"richness"
"2016-01-19",11.999926807276687,2.5425192439861997,Inf,7.921871711467497,18.177300595710168,"2016-01-19","Pre-bloom","Dangerous Reef - Dangerous Reef Sanctuary Zone","Species richness","Negative binomial nbinom2 (log link)","nbinom2","log","nbinom2 selected: Poisson Pearson dispersion ratio = 3.571, greater than the threshold of 1.5","start_date_fct","Date-only fixed effect used",0,NA,"richness"
"2017-02-25",21.000003607787374,2.9302330757400825,Inf,15.975227825172823,27.60524959976976,"2017-02-25","Pre-bloom","Dangerous Reef - Dangerous Reef Sanctuary Zone","Species richness","Negative binomial nbinom2 (log link)","nbinom2","log","nbinom2 selected: Poisson Pearson dispersion ratio = 3.571, greater than the threshold of 1.5","start_date_fct","Date-only fixed effect used",0,NA,"richness"
"2019-02-16",16.18182154038975,1.71744543170389,Inf,13.142735663054399,19.92365631313069,"2019-02-16","Pre-bloom","Dangerous Reef - Dangerous Reef Sanctuary Zone","Species richness","Negative binomial nbinom2 (log link)","nbinom2","log","nbinom2 selected: Poisson Pearson dispersion ratio = 3.571, greater than the threshold of 1.5","start_date_fct","Date-only fixed effect used",0,NA,"richness"
"2020-04-10",7.74999727301975,0.8879484179052353,Inf,6.191216039585557,9.701237583664453,"2020-04-10","Pre-bloom","Dangerous Reef - Dangerous Reef Sanctuary Zone","Species richness","Negative binomial nbinom2 (log link)","nbinom2","log","nbinom2 selected: Poisson Pearson dispersion ratio = 3.571, greater than the threshold of 1.5","start_date_fct","Date-only fixed effect used",0,NA,"richness"
"2022-03-16",21.00000362806055,2.930233079407215,Inf,15.975227839345209,27.60524962857944,"2022-03-16","Pre-bloom","Dangerous Reef - Dangerous Reef Sanctuary Zone","Species richness","Negative binomial nbinom2 (log link)","nbinom2","log","nbinom2 selected: Poisson Pearson dispersion ratio = 3.571, greater than the threshold of 1.5","start_date_fct","Date-only fixed effect used",0,NA,"richness"
"2025-11-10",21.083314478856117,2.9406717151933877,Inf,16.040373102579778,27.711708859368983,"2025-11-10","Bloom","Dangerous Reef - Dangerous Reef Sanctuary Zone","Species richness","Negative binomial nbinom2 (log link)","nbinom2","log","nbinom2 selected: Poisson Pearson dispersion ratio = 3.571, greater than the threshold of 1.5","start_date_fct","Date-only fixed effect used",0,NA,"richness"
"2026-04-08",20.833359683261452,2.909350340596081,Inf,15.844924504823073,27.3922968556921,"2026-04-08","Bloom","Dangerous Reef - Dangerous Reef Sanctuary Zone","Species richness","Negative binomial nbinom2 (log link)","nbinom2","log","nbinom2 selected: Poisson Pearson dispersion ratio = 3.571, greater than the threshold of 1.5","start_date_fct","Date-only fixed effect used",0,NA,"richness"
"2020-10-13",7.0774335195462275,1.3734079283728857,Inf,4.838339021757528,10.352739855216113,"2020-10-13","Pre-bloom","Glenelg","Species richness","Poisson (log link)","poisson","log","Poisson retained: Pearson dispersion ratio = 1.136, not greater than the threshold of 1.5","start_date_fct","Date-only fixed effect used",0,NA,"richness"
"2021-10-25",6.670409959237596,1.2855794778387357,Inf,4.571950866482859,9.73203131960275,"2021-10-25","Pre-bloom","Glenelg","Species richness","Poisson (log link)","poisson","log","Poisson retained: Pearson dispersion ratio = 1.136, not greater than the threshold of 1.5","start_date_fct","Date-only fixed effect used",0,NA,"richness"
"2022-12-02",5.802410923132046,1.1309375075965735,Inf,3.9600650113955553,8.501873687426475,"2022-12-02","Pre-bloom","Glenelg","Species richness","Poisson (log link)","poisson","log","Poisson retained: Pearson dispersion ratio = 1.136, not greater than the threshold of 1.5","start_date_fct","Date-only fixed effect used",0,NA,"richness"
"2023-11-23",8.703669565562102,1.61869055781905,Inf,6.045019178599336,12.531616801924617,"2023-11-23","Pre-bloom","Glenelg","Species richness","Poisson (log link)","poisson","log","Poisson retained: Pearson dispersion ratio = 1.136, not greater than the threshold of 1.5","start_date_fct","Date-only fixed effect used",0,NA,"richness"
"2025-10-21",1.4661643812525904,0.3771551920106536,Inf,0.8855643431623382,2.4274215752380712,"2025-10-21","Bloom","Glenelg","Species richness","Poisson (log link)","poisson","log","Poisson retained: Pearson dispersion ratio = 1.136, not greater than the threshold of 1.5","start_date_fct","Date-only fixed effect used",0,NA,"richness"
"2026-03-20",6.047814230364594,1.1530730439393455,Inf,4.162064527706491,8.787960090843608,"2026-03-20","Bloom","Glenelg","Species richness","Poisson (log link)","poisson","log","Poisson retained: Pearson dispersion ratio = 1.136, not greater than the threshold of 1.5","start_date_fct","Date-only fixed effect used",0,NA,"richness"
"2014-09-03",5.8333333139322425,0.9860132148972746,Inf,4.188297117072138,8.124489882231444,"2014-09-03","Pre-bloom","Middle/Long Spit - Middle Spit Sanctuary Zone","Species richness","Poisson (log link)","poisson","log","Poisson retained: Pearson dispersion ratio = 0.365, not greater than the threshold of 1.5","start_date_fct","Date-only model used because Status was not represented at every retained sampling date",0,NA,"richness"
"2015-01-07",8.826086955924403,0.6194698125251878,Inf,7.69175726478632,10.127700117393523,"2015-01-07","Pre-bloom","Middle/Long Spit - Middle Spit Sanctuary Zone","Species richness","Poisson (log link)","poisson","log","Poisson retained: Pearson dispersion ratio = 0.365, not greater than the threshold of 1.5","start_date_fct","Date-only model used because Status was not represented at every retained sampling date",0,NA,"richness"
"2016-01-10",7.9999999861225835,0.6172133488484736,Inf,6.877306291415219,9.305969091103453,"2016-01-10","Pre-bloom","Middle/Long Spit - Middle Spit Sanctuary Zone","Species richness","Poisson (log link)","poisson","log","Poisson retained: Pearson dispersion ratio = 0.365, not greater than the threshold of 1.5","start_date_fct","Date-only model used because Status was not represented at every retained sampling date",0,NA,"richness"
"2016-03-11",9.166666723906136,1.2360329849281988,Inf,7.037776306483364,11.939535325918175,"2016-03-11","Pre-bloom","Middle/Long Spit - Middle Spit Sanctuary Zone","Species richness","Poisson (log link)","poisson","log","Poisson retained: Pearson dispersion ratio = 0.365, not greater than the threshold of 1.5","start_date_fct","Date-only model used because Status was not represented at every retained sampling date",0,NA,"richness"
"2026-01-26",7.333333307736829,0.5527707521642139,Inf,6.326153116865205,8.500865598556814,"2026-01-26","Bloom","Middle/Long Spit - Middle Spit Sanctuary Zone","Species richness","Poisson (log link)","poisson","log","Poisson retained: Pearson dispersion ratio = 0.365, not greater than the threshold of 1.5","start_date_fct","Date-only model used because Status was not represented at every retained sampling date",0,NA,"richness"
"2015-04-28",12.31636214530733,2.682794471121399,Inf,8.036568611382577,18.875316547352018,"2015-04-28","Pre-bloom","O'Sullivan","Species richness","Poisson (log link)","poisson","log","Poisson retained: Pearson dispersion ratio = 1.015, not greater than the threshold of 1.5","start_date_fct","Date-only fixed effect used",0,NA,"richness"
"2015-10-09",13.24948688261551,2.8697784798867336,Inf,8.666279354513433,20.256547876127936,"2015-10-09","Pre-bloom","O'Sullivan","Species richness","Poisson (log link)","poisson","log","Poisson retained: Pearson dispersion ratio = 1.015, not greater than the threshold of 1.5","start_date_fct","Date-only fixed effect used",0,NA,"richness"
"2021-10-12",6.005236013220683,1.093729918212855,Inf,4.202437567440391,8.581414713662888,"2021-10-12","Pre-bloom","O'Sullivan","Species richness","Poisson (log link)","poisson","log","Poisson retained: Pearson dispersion ratio = 1.015, not greater than the threshold of 1.5","start_date_fct","Date-only fixed effect used",0,NA,"richness"
"2022-12-01",5.950861635769508,1.057666616121733,Inf,4.200422195829221,8.430760660972648,"2022-12-01","Pre-bloom","O'Sullivan","Species richness","Poisson (log link)","poisson","log","Poisson retained: Pearson dispersion ratio = 1.015, not greater than the threshold of 1.5","start_date_fct","Date-only fixed effect used",0,NA,"richness"
"2023-12-01",5.255298100072807,0.9591175976851521,Inf,3.674928658211003,7.515290959164821,"2023-12-01","Pre-bloom","O'Sullivan","Species richness","Poisson (log link)","poisson","log","Poisson retained: Pearson dispersion ratio = 1.015, not greater than the threshold of 1.5","start_date_fct","Date-only fixed effect used",0,NA,"richness"
"2024-12-19",4.096041037154924,0.7928783763209805,Inf,2.8028226185503646,5.98594861730302,"2024-12-19","Pre-bloom","O'Sullivan","Species richness","Poisson (log link)","poisson","log","Poisson retained: Pearson dispersion ratio = 1.015, not greater than the threshold of 1.5","start_date_fct","Date-only fixed effect used",0,NA,"richness"
"2025-02-04",6.559539287261314,1.3388430329068786,Inf,4.396810759721539,9.786083143557835,"2025-02-04","Pre-bloom","O'Sullivan","Species richness","Poisson (log link)","poisson","log","Poisson retained: Pearson dispersion ratio = 1.015, not greater than the threshold of 1.5","start_date_fct","Date-only fixed effect used",0,NA,"richness"
"2025-11-13",4.63752353860564,0.7776317938626222,Inf,3.3385238086281603,6.44195632678705,"2025-11-13","Bloom","O'Sullivan","Species richness","Poisson (log link)","poisson","log","Poisson retained: Pearson dispersion ratio = 1.015, not greater than the threshold of 1.5","start_date_fct","Date-only fixed effect used",0,NA,"richness"
"2026-03-06",3.95032169532299,0.686029021089106,Inf,2.8106665350571833,5.552078591287606,"2026-03-06","Bloom","O'Sullivan","Species richness","Poisson (log link)","poisson","log","Poisson retained: Pearson dispersion ratio = 1.015, not greater than the threshold of 1.5","start_date_fct","Date-only fixed effect used",0,NA,"richness"
"2014-09-03",5.200760910580695,1.0184279673912626,Inf,3.5430897469107787,7.633990663828717,"2014-09-03","Pre-bloom","Offshore Ardrossan - Offshore Ardrossan Sanctuary Zone","Species richness","Poisson (log link)","poisson","log","Poisson retained: Pearson dispersion ratio = 1.046, not greater than the threshold of 1.5","start_date_fct * Status","Full date x Status interaction used",0,NA,"richness"
"2016-03-11",5.573730439988268,1.0937372251212045,Inf,3.794146152999323,8.188000610649475,"2016-03-11","Pre-bloom","Offshore Ardrossan - Offshore Ardrossan Sanctuary Zone","Species richness","Poisson (log link)","poisson","log","Poisson retained: Pearson dispersion ratio = 1.046, not greater than the threshold of 1.5","start_date_fct * Status","Full date x Status interaction used",0,NA,"richness"
"2016-11-03",4.002330842241786,0.7898382965996066,Inf,2.7185227709002633,5.892410518766825,"2016-11-03","Pre-bloom","Offshore Ardrossan - Offshore Ardrossan Sanctuary Zone","Species richness","Poisson (log link)","poisson","log","Poisson retained: Pearson dispersion ratio = 1.046, not greater than the threshold of 1.5","start_date_fct * Status","Full date x Status interaction used",0,NA,"richness"
"2025-10-13",2.7934437940951247,0.5353419402648326,Inf,1.9187294093097667,4.066924806023426,"2025-10-13","Bloom","Offshore Ardrossan - Offshore Ardrossan Sanctuary Zone","Species richness","Poisson (log link)","poisson","log","Poisson retained: Pearson dispersion ratio = 1.046, not greater than the threshold of 1.5","start_date_fct * Status","Full date x Status interaction used",0,NA,"richness"
"2017-02-03",12.916666838593299,1.3105517062876941,Inf,10.587313924731475,15.758509042551825,"2017-02-03","Pre-bloom","Orcades Bank - Orcades Bank Sanctuary Zone","Species richness","Negative binomial nbinom2 (log link)","nbinom2","log","nbinom2 selected: Poisson Pearson dispersion ratio = 1.822, greater than the threshold of 1.5","1","Intercept-only fixed effect used",0,"overall","richness"
"2017-02-03",7.66439068266704,0.607362365983001,Inf,6.561821625245515,8.952222094936245,"2017-02-03","Pre-bloom","Port Gibbon - Port Gibbon Sanctuary Zone","Species richness","Poisson (log link)","poisson","log","Poisson retained: Pearson dispersion ratio = 0.74, not greater than the threshold of 1.5","start_date_fct * Status","Full date x Status interaction used",0,NA,"richness"
"2025-11-14",9.164147134321915,0.6737796126520428,Inf,7.934303129288574,10.58462114832645,"2025-11-14","Bloom","Port Gibbon - Port Gibbon Sanctuary Zone","Species richness","Poisson (log link)","poisson","log","Poisson retained: Pearson dispersion ratio = 0.74, not greater than the threshold of 1.5","start_date_fct * Status","Full date x Status interaction used",0,NA,"richness"
"2015-04-28",4.000000241583534,0.6030226571136774,Inf,2.9767103069734224,5.375061824184151,"2015-04-28","Pre-bloom","Port Noarlunga - Port Noarlunga Reef Sanctuary Zone","Species richness","Poisson (log link)","poisson","log","Poisson retained: Pearson dispersion ratio = 1.368, not greater than the threshold of 1.5","start_date_fct","Date-only fixed effect used",0,NA,"richness"
"2015-10-09",10.416664930370292,0.931694835334216,Inf,8.741680190898194,12.412591847569912,"2015-10-09","Pre-bloom","Port Noarlunga - Port Noarlunga Reef Sanctuary Zone","Species richness","Poisson (log link)","poisson","log","Poisson retained: Pearson dispersion ratio = 1.368, not greater than the threshold of 1.5","start_date_fct","Date-only fixed effect used",0,NA,"richness"
"2021-10-12",8.250003932768026,1.4361408842596983,Inf,5.865148788183677,11.604576004586837,"2021-10-12","Pre-bloom","Port Noarlunga - Port Noarlunga Reef Sanctuary Zone","Species richness","Poisson (log link)","poisson","log","Poisson retained: Pearson dispersion ratio = 1.368, not greater than the threshold of 1.5","start_date_fct","Date-only fixed effect used",0,NA,"richness"
"2022-12-01",13.4999960489535,1.8371168851595403,Inf,10.339505672311567,17.62655769993065,"2022-12-01","Pre-bloom","Port Noarlunga - Port Noarlunga Reef Sanctuary Zone","Species richness","Poisson (log link)","poisson","log","Poisson retained: Pearson dispersion ratio = 1.368, not greater than the threshold of 1.5","start_date_fct","Date-only fixed effect used",0,NA,"richness"
"2023-12-01",8.750000259811502,1.4790198444812843,Inf,6.282445920619207,12.186735152851941,"2023-12-01","Pre-bloom","Port Noarlunga - Port Noarlunga Reef Sanctuary Zone","Species richness","Poisson (log link)","poisson","log","Poisson retained: Pearson dispersion ratio = 1.368, not greater than the threshold of 1.5","start_date_fct","Date-only fixed effect used",0,NA,"richness"
"2024-12-19",9.49999925690299,1.541103312043787,Inf,6.912584503483741,13.055896218798342,"2024-12-19","Pre-bloom","Port Noarlunga - Port Noarlunga Reef Sanctuary Zone","Species richness","Poisson (log link)","poisson","log","Poisson retained: Pearson dispersion ratio = 1.368, not greater than the threshold of 1.5","start_date_fct","Date-only fixed effect used",0,NA,"richness"
"2025-02-04",6.749997971579242,1.2990378022385884,Inf,4.629028109199457,9.842772940992889,"2025-02-04","Pre-bloom","Port Noarlunga - Port Noarlunga Reef Sanctuary Zone","Species richness","Poisson (log link)","poisson","log","Poisson retained: Pearson dispersion ratio = 1.368, not greater than the threshold of 1.5","start_date_fct","Date-only fixed effect used",0,NA,"richness"
"2025-11-13",8.50000049160972,1.1902380066569092,Inf,6.459916544117205,11.184356309240677,"2025-11-13","Bloom","Port Noarlunga - Port Noarlunga Reef Sanctuary Zone","Species richness","Poisson (log link)","poisson","log","Poisson retained: Pearson dispersion ratio = 1.368, not greater than the threshold of 1.5","start_date_fct","Date-only fixed effect used",0,NA,"richness"
"2015-12-10",8.134303832692689,0.6261998902165372,Inf,6.995079889956368,9.45906263880736,"2015-12-10","Pre-bloom","Rapid Head - Rapid Head Sanctuary Zone","Species richness","Poisson (log link)","poisson","log","Poisson retained: Pearson dispersion ratio = 1.006, not greater than the threshold of 1.5","start_date_fct * Status","Full date x Status interaction used",0,NA,"richness"
"2016-12-06",7.923116312586331,0.6120820733818753,Inf,6.809863704524711,9.218359548233135,"2016-12-06","Pre-bloom","Rapid Head - Rapid Head Sanctuary Zone","Species richness","Poisson (log link)","poisson","log","Poisson retained: Pearson dispersion ratio = 1.006, not greater than the threshold of 1.5","start_date_fct * Status","Full date x Status interaction used",0,NA,"richness"
"2017-12-05",8.433979357838346,0.6677876732348946,Inf,7.221640923116822,9.849840024688337,"2017-12-05","Pre-bloom","Rapid Head - Rapid Head Sanctuary Zone","Species richness","Poisson (log link)","poisson","log","Poisson retained: Pearson dispersion ratio = 1.006, not greater than the threshold of 1.5","start_date_fct * Status","Full date x Status interaction used",0,NA,"richness"
"2018-12-11",8.966319977626778,0.6683208583965642,Inf,7.747621371587046,10.376719522719878,"2018-12-11","Pre-bloom","Rapid Head - Rapid Head Sanctuary Zone","Species richness","Poisson (log link)","poisson","log","Poisson retained: Pearson dispersion ratio = 1.006, not greater than the threshold of 1.5","start_date_fct * Status","Full date x Status interaction used",0,NA,"richness"
"2021-01-21",11.270204667400899,0.7530439399913498,Inf,9.886825462732252,12.847148331270667,"2021-01-21","Pre-bloom","Rapid Head - Rapid Head Sanctuary Zone","Species richness","Poisson (log link)","poisson","log","Poisson retained: Pearson dispersion ratio = 1.006, not greater than the threshold of 1.5","start_date_fct * Status","Full date x Status interaction used",0,NA,"richness"
"2025-02-27",13.036734592730964,0.82872844624977,Inf,11.509568368613733,14.76653540759831,"2025-02-27","Pre-bloom","Rapid Head - Rapid Head Sanctuary Zone","Species richness","Poisson (log link)","poisson","log","Poisson retained: Pearson dispersion ratio = 1.006, not greater than the threshold of 1.5","start_date_fct * Status","Full date x Status interaction used",0,NA,"richness"
"2025-12-10",8.938558963021697,0.6544144675556975,Inf,7.743706701998809,10.317776668219143,"2025-12-10","Bloom","Rapid Head - Rapid Head Sanctuary Zone","Species richness","Poisson (log link)","poisson","log","Poisson retained: Pearson dispersion ratio = 1.006, not greater than the threshold of 1.5","start_date_fct * Status","Full date x Status interaction used",0,NA,"richness"
"2016-01-20",15.271197875255806,0.9397162649392715,Inf,13.5361215197022,17.228678407309996,"2016-01-20","Pre-bloom","Sponge Gardens - Sponge Gardens Sanctuary Zone","Species richness","Poisson (log link)","poisson","log","Poisson retained: Pearson dispersion ratio = 1.27, not greater than the threshold of 1.5","start_date_fct * Status","Full date x Status interaction used",0,NA,"richness"
"2016-12-06",10.227256331876019,0.7279475085826359,Inf,8.895553896346968,11.758320313347959,"2016-12-06","Pre-bloom","Sponge Gardens - Sponge Gardens Sanctuary Zone","Species richness","Poisson (log link)","poisson","log","Poisson retained: Pearson dispersion ratio = 1.27, not greater than the threshold of 1.5","start_date_fct * Status","Full date x Status interaction used",0,NA,"richness"
"2017-12-05",14.4959993726051,1.4461215545566153,Inf,11.921537164442439,17.62641804593118,"2017-12-05","Pre-bloom","Sponge Gardens - Sponge Gardens Sanctuary Zone","Species richness","Poisson (log link)","poisson","log","Poisson retained: Pearson dispersion ratio = 1.27, not greater than the threshold of 1.5","start_date_fct * Status","Full date x Status interaction used",0,NA,"richness"
"2018-01-17",11.02237829590932,0.9115262564380315,Inf,9.37309094948176,12.961873938164464,"2018-01-17","Pre-bloom","Sponge Gardens - Sponge Gardens Sanctuary Zone","Species richness","Poisson (log link)","poisson","log","Poisson retained: Pearson dispersion ratio = 1.27, not greater than the threshold of 1.5","start_date_fct * Status","Full date x Status interaction used",0,NA,"richness"
"2019-01-22",12.968648653033576,0.8210399899144195,Inf,11.455274307070798,14.681957269414005,"2019-01-22","Pre-bloom","Sponge Gardens - Sponge Gardens Sanctuary Zone","Species richness","Poisson (log link)","poisson","log","Poisson retained: Pearson dispersion ratio = 1.27, not greater than the threshold of 1.5","start_date_fct * Status","Full date x Status interaction used",0,NA,"richness"
"2021-01-21",13.504082354522174,0.8413959923991744,Inf,11.951693412190728,15.258108951465376,"2021-01-21","Pre-bloom","Sponge Gardens - Sponge Gardens Sanctuary Zone","Species richness","Poisson (log link)","poisson","log","Poisson retained: Pearson dispersion ratio = 1.27, not greater than the threshold of 1.5","start_date_fct * Status","Full date x Status interaction used",0,NA,"richness"
"2025-04-02",13.99160229509143,0.8747560204108515,Inf,12.377994003751246,15.815562257073298,"2025-04-02","Bloom","Sponge Gardens - Sponge Gardens Sanctuary Zone","Species richness","Poisson (log link)","poisson","log","Poisson retained: Pearson dispersion ratio = 1.27, not greater than the threshold of 1.5","start_date_fct * Status","Full date x Status interaction used",0,NA,"richness"
"2026-01-27",14.182052530453422,0.881500337590116,Inf,12.555435048569414,16.019406193292955,"2026-01-27","Bloom","Sponge Gardens - Sponge Gardens Sanctuary Zone","Species richness","Poisson (log link)","poisson","log","Poisson retained: Pearson dispersion ratio = 1.27, not greater than the threshold of 1.5","start_date_fct * Status","Full date x Status interaction used",0,NA,"richness"
"2016-04-19",9.523780602754673,0.7467705114919038,Inf,8.167059078511036,11.105882313017675,"2016-04-19","Pre-bloom","The Pages - The Pages Sanctuary Zone","Species richness","Poisson (log link)","poisson","log","Poisson retained: Pearson dispersion ratio = 0.854, not greater than the threshold of 1.5","start_date_fct * Status","Full date x Status interaction used",0,NA,"richness"
"2017-06-02",11.059774882172704,0.8371316881230613,Inf,9.534929993768028,12.828475985065955,"2017-06-02","Pre-bloom","The Pages - The Pages Sanctuary Zone","Species richness","Poisson (log link)","poisson","log","Poisson retained: Pearson dispersion ratio = 0.854, not greater than the threshold of 1.5","start_date_fct * Status","Full date x Status interaction used",0,NA,"richness"
"2018-06-26",10.33325608999155,0.8039892752792702,Inf,8.871735990183332,12.03554541518102,"2018-06-26","Pre-bloom","The Pages - The Pages Sanctuary Zone","Species richness","Poisson (log link)","poisson","log","Poisson retained: Pearson dispersion ratio = 0.854, not greater than the threshold of 1.5","start_date_fct * Status","Full date x Status interaction used",0,NA,"richness"
"2019-06-06",11.396062640470317,0.8407656917157589,Inf,9.861792323748219,13.169030480674623,"2019-06-06","Pre-bloom","The Pages - The Pages Sanctuary Zone","Species richness","Poisson (log link)","poisson","log","Poisson retained: Pearson dispersion ratio = 0.854, not greater than the threshold of 1.5","start_date_fct * Status","Full date x Status interaction used",0,NA,"richness"
"2021-05-20",8.966723877615852,0.732487092579895,Inf,7.64010939463638,10.523689248985272,"2021-05-20","Pre-bloom","The Pages - The Pages Sanctuary Zone","Species richness","Poisson (log link)","poisson","log","Poisson retained: Pearson dispersion ratio = 0.854, not greater than the threshold of 1.5","start_date_fct * Status","Full date x Status interaction used",0,NA,"richness"
"2025-04-09",7.333693203072459,0.7475087420363681,Inf,6.005669929460877,8.955379937375154,"2025-04-09","Bloom","The Pages - The Pages Sanctuary Zone","Species richness","Poisson (log link)","poisson","log","Poisson retained: Pearson dispersion ratio = 0.854, not greater than the threshold of 1.5","start_date_fct * Status","Full date x Status interaction used",0,NA,"richness"
"2025-12-02",6.8023789632459275,0.6052916848107855,Inf,5.713719380767134,8.098465548617497,"2025-12-02","Bloom","The Pages - The Pages Sanctuary Zone","Species richness","Poisson (log link)","poisson","log","Poisson retained: Pearson dispersion ratio = 0.854, not greater than the threshold of 1.5","start_date_fct * Status","Full date x Status interaction used",0,NA,"richness"
"2026-03-01",12.061606177794456,0.8731285129041291,Inf,10.466161984161824,13.900257210653159,"2026-03-01","Bloom","The Pages - The Pages Sanctuary Zone","Species richness","Poisson (log link)","poisson","log","Poisson retained: Pearson dispersion ratio = 0.854, not greater than the threshold of 1.5","start_date_fct * Status","Full date x Status interaction used",0,NA,"richness"
"2017-11-28",6.416523634401664,1.353698566203524,Inf,4.243470640819545,9.702382562704287,"2017-11-28","Pre-bloom","Victor Harbor - Encounter Bay Sanctuary Zone","Species richness","Poisson (log link)","poisson","log","Poisson retained: Pearson dispersion ratio = 0.777, not greater than the threshold of 1.5","start_date_fct","Date-only model used because Status was not represented at every retained sampling date",0,NA,"richness"
"2018-11-27",6.38674658667601,1.7114643688089433,Inf,3.7773058914184086,10.798842650019136,"2018-11-27","Pre-bloom","Victor Harbor - Encounter Bay Sanctuary Zone","Species richness","Poisson (log link)","poisson","log","Poisson retained: Pearson dispersion ratio = 0.777, not greater than the threshold of 1.5","start_date_fct","Date-only model used because Status was not represented at every retained sampling date",0,NA,"richness"
"2021-11-23",7.9414764073808035,1.7461877999723887,Inf,5.161041404811934,12.219829794464525,"2021-11-23","Pre-bloom","Victor Harbor - Encounter Bay Sanctuary Zone","Species richness","Poisson (log link)","poisson","log","Poisson retained: Pearson dispersion ratio = 0.777, not greater than the threshold of 1.5","start_date_fct","Date-only model used because Status was not represented at every retained sampling date",0,NA,"richness"
"2025-10-30",8.560614054663782,1.7012127031617426,Inf,5.798950829531617,12.637477907158981,"2025-10-30","Bloom","Victor Harbor - Encounter Bay Sanctuary Zone","Species richness","Poisson (log link)","poisson","log","Poisson retained: Pearson dispersion ratio = 0.777, not greater than the threshold of 1.5","start_date_fct","Date-only model used because Status was not represented at every retained sampling date",0,NA,"richness"
"2026-01-23",8.976177250425382,1.778712899791603,Inf,6.087204995586949,13.23624850641081,"2026-01-23","Bloom","Victor Harbor - Encounter Bay Sanctuary Zone","Species richness","Poisson (log link)","poisson","log","Poisson retained: Pearson dispersion ratio = 0.777, not greater than the threshold of 1.5","start_date_fct","Date-only model used because Status was not represented at every retained sampling date",0,NA,"richness"
"2017-04-12",6.224949681320845,0.8003904596276227,Inf,4.83827117943317,8.009058834837003,"2017-04-12","Pre-bloom","Windara Reef - Windara Shell fish Reef Sanctuary Zone","Species richness","Poisson (log link)","poisson","log","Poisson retained: Pearson dispersion ratio = 0.549, not greater than the threshold of 1.5","start_date_fct * Status","Full date x Status interaction used",0,NA,"richness"
"2017-11-23",6.123724500396261,0.8431710332707401,Inf,4.675352303691981,8.020786311042453,"2017-11-23","Pre-bloom","Windara Reef - Windara Shell fish Reef Sanctuary Zone","Species richness","Poisson (log link)","poisson","log","Poisson retained: Pearson dispersion ratio = 0.549, not greater than the threshold of 1.5","start_date_fct * Status","Full date x Status interaction used",0,NA,"richness"
"2018-04-24",5.918720330609989,0.7806246848856878,Inf,4.57048383793947,7.664669998651453,"2018-04-24","Pre-bloom","Windara Reef - Windara Shell fish Reef Sanctuary Zone","Species richness","Poisson (log link)","poisson","log","Poisson retained: Pearson dispersion ratio = 0.549, not greater than the threshold of 1.5","start_date_fct * Status","Full date x Status interaction used",0,NA,"richness"
"2018-11-29",6.307237503503231,0.8196797181165503,Inf,4.888979645861345,8.13692177247528,"2018-11-29","Pre-bloom","Windara Reef - Windara Shell fish Reef Sanctuary Zone","Species richness","Poisson (log link)","poisson","log","Poisson retained: Pearson dispersion ratio = 0.549, not greater than the threshold of 1.5","start_date_fct * Status","Full date x Status interaction used",0,NA,"richness"
"2019-10-22",4.6904159569035615,0.7654654877247675,Inf,3.4064118392339697,6.4584092843344765,"2019-10-22","Pre-bloom","Windara Reef - Windara Shell fish Reef Sanctuary Zone","Species richness","Poisson (log link)","poisson","log","Poisson retained: Pearson dispersion ratio = 0.549, not greater than the threshold of 1.5","start_date_fct * Status","Full date x Status interaction used",0,NA,"richness"
"2020-10-28",9.312290595494183,0.9354142900036835,Inf,7.648104431303074,11.338594669287795,"2020-10-28","Pre-bloom","Windara Reef - Windara Shell fish Reef Sanctuary Zone","Species richness","Poisson (log link)","poisson","log","Poisson retained: Pearson dispersion ratio = 0.549, not greater than the threshold of 1.5","start_date_fct * Status","Full date x Status interaction used",0,NA,"richness"
"2025-10-24",4.290250666061018,0.6249999545928727,Inf,3.224633586230415,5.708013107670273,"2025-10-24","Bloom","Windara Reef - Windara Shell fish Reef Sanctuary Zone","Species richness","Poisson (log link)","poisson","log","Poisson retained: Pearson dispersion ratio = 0.549, not greater than the threshold of 1.5","start_date_fct * Status","Full date x Status interaction used",0,NA,"richness"
"2014-09-03",0.5788814035085058,0.32317613600743794,Inf,0.19381322539440124,1.7290031608836625,"2014-09-03","Pre-bloom","Aldinga - Aldinga Reef Sanctuary Zone","Shark and ray richness","Poisson (log link)","poisson","log","Poisson retained: Pearson dispersion ratio = 0.627, not greater than the threshold of 1.5","start_date_fct","Date-only model used because Status was not represented at every retained sampling date",1,NA,"sharks_rays"
"2015-12-10",0.15821198754073887,0.11010477396987196,Inf,0.040444647339987615,0.6188960628380293,"2015-12-10","Pre-bloom","Aldinga - Aldinga Reef Sanctuary Zone","Shark and ray richness","Poisson (log link)","poisson","log","Poisson retained: Pearson dispersion ratio = 0.627, not greater than the threshold of 1.5","start_date_fct","Date-only model used because Status was not represented at every retained sampling date",1,NA,"sharks_rays"
"2016-02-12",0.4434819242519156,0.267439920965743,Inf,0.1360073535266974,1.4460704663264807,"2016-02-12","Pre-bloom","Aldinga - Aldinga Reef Sanctuary Zone","Shark and ray richness","Poisson (log link)","poisson","log","Poisson retained: Pearson dispersion ratio = 0.627, not greater than the threshold of 1.5","start_date_fct","Date-only model used because Status was not represented at every retained sampling date",1,NA,"sharks_rays"
"2016-11-19",0.8693656503270848,0.5088291854338906,Inf,0.276060660766505,2.737791874691976,"2016-11-19","Pre-bloom","Aldinga - Aldinga Reef Sanctuary Zone","Shark and ray richness","Poisson (log link)","poisson","log","Poisson retained: Pearson dispersion ratio = 0.627, not greater than the threshold of 1.5","start_date_fct","Date-only model used because Status was not represented at every retained sampling date",1,NA,"sharks_rays"
"2020-11-26",0.3863849193558049,0.2680995294698713,Inf,0.09917449113498619,1.505359938801088,"2020-11-26","Pre-bloom","Aldinga - Aldinga Reef Sanctuary Zone","Shark and ray richness","Poisson (log link)","poisson","log","Poisson retained: Pearson dispersion ratio = 0.627, not greater than the threshold of 1.5","start_date_fct","Date-only model used because Status was not represented at every retained sampling date",1,NA,"sharks_rays"
"2021-11-22",0.4346837916928505,0.32667385720770625,Inf,0.0996501340116725,1.8961339152673973,"2021-11-22","Pre-bloom","Aldinga - Aldinga Reef Sanctuary Zone","Shark and ray richness","Poisson (log link)","poisson","log","Poisson retained: Pearson dispersion ratio = 0.627, not greater than the threshold of 1.5","start_date_fct","Date-only model used because Status was not represented at every retained sampling date",1,NA,"sharks_rays"
"2025-02-06",0.5740806402245912,0.309898678327721,Inf,0.1992872696571672,1.6537362474162622,"2025-02-06","Pre-bloom","Aldinga - Aldinga Reef Sanctuary Zone","Shark and ray richness","Poisson (log link)","poisson","log","Poisson retained: Pearson dispersion ratio = 0.627, not greater than the threshold of 1.5","start_date_fct","Date-only model used because Status was not represented at every retained sampling date",1,NA,"sharks_rays"
"2026-02-21",0.2575029383771066,0.14747891663624585,Inf,0.08380616731244196,0.7912038624274353,"2026-02-21","Bloom","Aldinga - Aldinga Reef Sanctuary Zone","Shark and ray richness","Poisson (log link)","poisson","log","Poisson retained: Pearson dispersion ratio = 0.627, not greater than the threshold of 1.5","start_date_fct","Date-only model used because Status was not represented at every retained sampling date",1,NA,"sharks_rays"
"2017-04-05",0.6236095722834417,0.1613742937740636,Inf,0.3755289877450844,1.035576244003623,"2017-04-05","Pre-bloom","Bay of Shoals - Bay of Shoals Sanctuary Zone","Shark and ray richness","Poisson (log link)","poisson","log","Poisson retained: Pearson dispersion ratio = 0.788, not greater than the threshold of 1.5","start_date_fct * Status","Full date x Status interaction used",0,NA,"sharks_rays"
"2018-03-28",0.5270462731389788,0.15023129010141303,Inf,0.301452573486807,0.9214642648981861,"2018-03-28","Pre-bloom","Bay of Shoals - Bay of Shoals Sanctuary Zone","Shark and ray richness","Poisson (log link)","poisson","log","Poisson retained: Pearson dispersion ratio = 0.788, not greater than the threshold of 1.5","start_date_fct * Status","Full date x Status interaction used",0,NA,"sharks_rays"
"2026-03-24",0.2635231381187865,0.11023962850701283,Inf,0.11607418177461201,0.59827640619356115,"2026-03-24","Bloom","Bay of Shoals - Bay of Shoals Sanctuary Zone","Shark and ray richness","Poisson (log link)","poisson","log","Poisson retained: Pearson dispersion ratio = 0.788, not greater than the threshold of 1.5","start_date_fct * Status","Full date x Status interaction used",0,NA,"sharks_rays"
"2021-10-11",0.33333333745614174,0.08333332713286735,Inf,0.2042106479466879,0.5441004912175648,"2021-10-11","Pre-bloom","Boston Bay","Shark and ray richness","Poisson (log link)","poisson","log","Poisson retained: Pearson dispersion ratio = 0.834, not greater than the threshold of 1.5","start_date_fct","Date-only fixed effect used",0,NA,"sharks_rays"
"2022-05-10",0.12500000415976362,0.05103103294865443,Inf,0.05615759326447931,0.2782348767397056,"2022-05-10","Pre-bloom","Boston Bay","Shark and ray richness","Poisson (log link)","poisson","log","Poisson retained: Pearson dispersion ratio = 0.834, not greater than the threshold of 1.5","start_date_fct","Date-only fixed effect used",0,NA,"sharks_rays"
"2024-03-25",0.17391304691032167,0.08695651539866646,Inf,0.06527267806901314,0.4633753169075239,"2024-03-25","Pre-bloom","Boston Bay","Shark and ray richness","Poisson (log link)","poisson","log","Poisson retained: Pearson dispersion ratio = 0.834, not greater than the threshold of 1.5","start_date_fct","Date-only fixed effect used",0,NA,"sharks_rays"
"2024-11-14",0.5416666746871543,0.15023129206480088,Inf,0.3145222011788392,0.9328523880570482,"2024-11-14","Pre-bloom","Boston Bay","Shark and ray richness","Poisson (log link)","poisson","log","Poisson retained: Pearson dispersion ratio = 0.834, not greater than the threshold of 1.5","start_date_fct","Date-only fixed effect used",0,NA,"sharks_rays"
"2025-11-11",0.31818182098930886,0.12026141386676775,Inf,0.15168807788440783,0.6674200940513013,"2025-11-11","Bloom","Boston Bay","Shark and ray richness","Poisson (log link)","poisson","log","Poisson retained: Pearson dispersion ratio = 0.834, not greater than the threshold of 1.5","start_date_fct","Date-only fixed effect used",0,NA,"sharks_rays"
"2017-01-12",0.7312470322826761,0.1767766806565398,Inf,0.45529073054997404,1.174463230508332,"2017-01-12","Pre-bloom","Cape Elizabeth - Cape Elizabeth Sanctuary Zone","Shark and ray richness","Poisson (log link)","poisson","log","Poisson retained: Pearson dispersion ratio = 0.39, not greater than the threshold of 1.5","Status","Status-only fixed effect used",0,"overall","sharks_rays"
"2015-12-10",0.1146837380160051,0.09186964796145927,Inf,0.023857790514706354,0.551281551291028,"2015-12-10","Pre-bloom","Carrickalinga - Carrickalinga Cliffs Sanctuary Zone","Shark and ray richness","Poisson (log link)","poisson","log","Poisson retained: Pearson dispersion ratio = 0.887, not greater than the threshold of 1.5","start_date_fct","Date-only model used because Status was not represented at every retained sampling date",1,NA,"sharks_rays"
"2016-12-06",0.17184076957338112,0.09695953971695377,Inf,0.05686482875109885,0.5192884729649564,"2016-12-06","Pre-bloom","Carrickalinga - Carrickalinga Cliffs Sanctuary Zone","Shark and ray richness","Poisson (log link)","poisson","log","Poisson retained: Pearson dispersion ratio = 0.887, not greater than the threshold of 1.5","start_date_fct","Date-only model used because Status was not represented at every retained sampling date",1,NA,"sharks_rays"
"2017-12-05",0.2577611419219951,0.1321417535030646,Inf,0.0943729022841272,0.7040241920810962,"2017-12-05","Pre-bloom","Carrickalinga - Carrickalinga Cliffs Sanctuary Zone","Shark and ray richness","Poisson (log link)","poisson","log","Poisson retained: Pearson dispersion ratio = 0.887, not greater than the threshold of 1.5","start_date_fct","Date-only model used because Status was not represented at every retained sampling date",1,NA,"sharks_rays"
"2018-12-11",0.42029770235031555,0.1994793778957535,Inf,0.16579232924829218,1.0654905410997724,"2018-12-11","Pre-bloom","Carrickalinga - Carrickalinga Cliffs Sanctuary Zone","Shark and ray richness","Poisson (log link)","poisson","log","Poisson retained: Pearson dispersion ratio = 0.887, not greater than the threshold of 1.5","start_date_fct","Date-only model used because Status was not represented at every retained sampling date",1,NA,"sharks_rays"
"2020-12-04",0.25776114192200145,0.1321417535030748,Inf,0.09437290228412457,0.7040241920811509,"2020-12-04","Pre-bloom","Carrickalinga - Carrickalinga Cliffs Sanctuary Zone","Shark and ray richness","Poisson (log link)","poisson","log","Poisson retained: Pearson dispersion ratio = 0.887, not greater than the threshold of 1.5","start_date_fct","Date-only model used because Status was not represented at every retained sampling date",1,NA,"sharks_rays"
"2025-02-06",0.5017957195782838,0.28742247155534534,Inf,0.16329357008189763,1.542001586840201,"2025-02-06","Pre-bloom","Carrickalinga - Carrickalinga Cliffs Sanctuary Zone","Shark and ray richness","Poisson (log link)","poisson","log","Poisson retained: Pearson dispersion ratio = 0.887, not greater than the threshold of 1.5","start_date_fct","Date-only model used because Status was not represented at every retained sampling date",1,NA,"sharks_rays"
"2025-02-20",0.3763035154571552,0.18047143636585114,Inf,0.14699767031817204,0.9633100676964137,"2025-02-20","Pre-bloom","Carrickalinga - Carrickalinga Cliffs Sanctuary Zone","Shark and ray richness","Poisson (log link)","poisson","log","Poisson retained: Pearson dispersion ratio = 0.887, not greater than the threshold of 1.5","start_date_fct","Date-only model used because Status was not represented at every retained sampling date",1,NA,"sharks_rays"
"2025-12-17",0.14320033686526723,0.0849240959331592,Inf,0.04478618804111473,0.4578718880807791,"2025-12-17","Bloom","Carrickalinga - Carrickalinga Cliffs Sanctuary Zone","Shark and ray richness","Poisson (log link)","poisson","log","Poisson retained: Pearson dispersion ratio = 0.887, not greater than the threshold of 1.5","start_date_fct","Date-only model used because Status was not represented at every retained sampling date",1,NA,"sharks_rays"
"2015-11-15",0.6276363977518173,0.1964782054708265,Inf,0.33981617481426984,1.1592368962371573,"2015-11-15","Pre-bloom","Chinamans Hat - Chinamans Hat Sanctuary Zone","Shark and ray richness","Poisson (log link)","poisson","log","Poisson retained: Pearson dispersion ratio = 0.641, not greater than the threshold of 1.5","start_date_fct * Status","Full date x Status interaction used",0,NA,"sharks_rays"
"2025-12-04",0.7716976323288177,0.2224524108568612,Inf,0.4386081182346727,1.3577433042935103,"2025-12-04","Bloom","Chinamans Hat - Chinamans Hat Sanctuary Zone","Shark and ray richness","Poisson (log link)","poisson","log","Poisson retained: Pearson dispersion ratio = 0.641, not greater than the threshold of 1.5","start_date_fct * Status","Full date x Status interaction used",0,NA,"sharks_rays"
"2026-02-16",0.2500000451474336,0.13501543601262436,Inf,0.08674386725313027,0.7205122915644904,"2026-02-16","Bloom","Cuttlefish Coast - Fairway Bank Sanctuary Zone","Shark and ray richness","Poisson (log link)","poisson","log","Poisson retained: Pearson dispersion ratio = 0.765, not greater than the threshold of 1.5","Status","Status-only fixed effect used",0,"overall","sharks_rays"
"2016-01-19",0.6666667516760093,0.33333332680788064,Inf,0.2502119729146689,1.776272144825832,"2016-01-19","Pre-bloom","Dangerous Reef - Dangerous Reef Sanctuary Zone","Shark and ray richness","Poisson (log link)","poisson","log","Poisson retained: Pearson dispersion ratio = 0.821, not greater than the threshold of 1.5","start_date_fct","Date-only fixed effect used",0,NA,"sharks_rays"
"2017-02-25",0.9999999157328867,0.2886750983756411,Inf,0.5679096567128145,1.760843154620752,"2017-02-25","Pre-bloom","Dangerous Reef - Dangerous Reef Sanctuary Zone","Shark and ray richness","Poisson (log link)","poisson","log","Poisson retained: Pearson dispersion ratio = 0.821, not greater than the threshold of 1.5","start_date_fct","Date-only fixed effect used",0,NA,"sharks_rays"
"2019-02-16",0.6363634614408668,0.1700752982144667,Inf,0.3768877672055691,1.0744802307051837,"2019-02-16","Pre-bloom","Dangerous Reef - Dangerous Reef Sanctuary Zone","Shark and ray richness","Poisson (log link)","poisson","log","Poisson retained: Pearson dispersion ratio = 0.821, not greater than the threshold of 1.5","start_date_fct","Date-only fixed effect used",0,NA,"sharks_rays"
"2020-04-10",0.7499997839739303,0.17677665510632984,Inf,0.47253175404870396,1.1903955049398969,"2020-04-10","Pre-bloom","Dangerous Reef - Dangerous Reef Sanctuary Zone","Shark and ray richness","Poisson (log link)","poisson","log","Poisson retained: Pearson dispersion ratio = 0.821, not greater than the threshold of 1.5","start_date_fct","Date-only fixed effect used",0,NA,"sharks_rays"
"2022-03-16",0.9999999156660022,0.2886750983659943,Inf,0.5679096566640766,1.760843154536321,"2022-03-16","Pre-bloom","Dangerous Reef - Dangerous Reef Sanctuary Zone","Shark and ray richness","Poisson (log link)","poisson","log","Poisson retained: Pearson dispersion ratio = 0.821, not greater than the threshold of 1.5","start_date_fct","Date-only fixed effect used",0,NA,"sharks_rays"
"2025-11-10",0.9166670900463084,0.27638543999102955,Inf,0.5076504769516552,1.6552305023323923,"2025-11-10","Bloom","Dangerous Reef - Dangerous Reef Sanctuary Zone","Shark and ray richness","Poisson (log link)","poisson","log","Poisson retained: Pearson dispersion ratio = 0.821, not greater than the threshold of 1.5","start_date_fct","Date-only fixed effect used",0,NA,"sharks_rays"
"2026-04-08",1.2499997302239647,0.3227485504603163,Inf,0.7535821806025291,2.0734292367564784,"2026-04-08","Bloom","Dangerous Reef - Dangerous Reef Sanctuary Zone","Shark and ray richness","Poisson (log link)","poisson","log","Poisson retained: Pearson dispersion ratio = 0.821, not greater than the threshold of 1.5","start_date_fct","Date-only fixed effect used",0,NA,"sharks_rays"
"2020-10-13",0.42774377807182445,0.17631282035834636,Inf,0.19068859687980907,0.9594949182749549,"2020-10-13","Pre-bloom","Glenelg","Shark and ray richness","Poisson (log link)","poisson","log","Poisson retained: Pearson dispersion ratio = 1.02, not greater than the threshold of 1.5","start_date_fct","Date-only fixed effect used",0,NA,"sharks_rays"
"2021-10-25",0.8613287213846346,0.24657535171603043,Inf,0.4914651388994889,1.509541791597583,"2021-10-25","Pre-bloom","Glenelg","Shark and ray richness","Poisson (log link)","poisson","log","Poisson retained: Pearson dispersion ratio = 1.02, not greater than the threshold of 1.5","start_date_fct","Date-only fixed effect used",0,NA,"sharks_rays"
"2022-12-02",0.4349698149440036,0.1671118364977308,Inf,0.20484929143077948,0.9235996795056174,"2022-12-02","Pre-bloom","Glenelg","Shark and ray richness","Poisson (log link)","poisson","log","Poisson retained: Pearson dispersion ratio = 1.02, not greater than the threshold of 1.5","start_date_fct","Date-only fixed effect used",0,NA,"sharks_rays"
"2023-11-23",0.4971073612485328,0.17905971462306436,Inf,0.24538306394779935,1.0070610604978367,"2023-11-23","Pre-bloom","Glenelg","Shark and ray richness","Poisson (log link)","poisson","log","Poisson retained: Pearson dispersion ratio = 1.02, not greater than the threshold of 1.5","start_date_fct","Date-only fixed effect used",0,NA,"sharks_rays"
"2026-03-20",0.10545901701697805,0.07480435703126415,Inf,0.026260808441051053,0.4235057841099022,"2026-03-20","Bloom","Glenelg","Shark and ray richness","Poisson (log link)","poisson","log","Poisson retained: Pearson dispersion ratio = 1.02, not greater than the threshold of 1.5","start_date_fct","Date-only fixed effect used",0,NA,"sharks_rays"
"2014-09-03",1.3333333315763827,0.4714044818720119,Inf,0.6667968949606933,2.6661458482007077,"2014-09-03","Pre-bloom","Middle/Long Spit - Middle Spit Sanctuary Zone","Shark and ray richness","Poisson (log link)","poisson","log","Poisson retained: Pearson dispersion ratio = 0.474, not greater than the threshold of 1.5","start_date_fct","Date-only model used because Status was not represented at every retained sampling date",0,NA,"sharks_rays"
"2015-01-07",1.0434782594960645,0.21299909042062642,Inf,0.6994112793472045,1.5568048588767565,"2015-01-07","Pre-bloom","Middle/Long Spit - Middle Spit Sanctuary Zone","Shark and ray richness","Poisson (log link)","poisson","log","Poisson retained: Pearson dispersion ratio = 0.474, not greater than the threshold of 1.5","start_date_fct","Date-only model used because Status was not represented at every retained sampling date",0,NA,"sharks_rays"
"2016-01-10",1.6666666639275483,0.2817180617143107,Inf,1.1966563214003436,2.3212828269663834,"2016-01-10","Pre-bloom","Middle/Long Spit - Middle Spit Sanctuary Zone","Shark and ray richness","Poisson (log link)","poisson","log","Poisson retained: Pearson dispersion ratio = 0.474, not greater than the threshold of 1.5","start_date_fct","Date-only model used because Status was not represented at every retained sampling date",0,NA,"sharks_rays"
"2016-03-11",2.166666661613895,0.6009251633324634,Inf,1.258088777038498,3.731409506409935,"2016-03-11","Pre-bloom","Middle/Long Spit - Middle Spit Sanctuary Zone","Shark and ray richness","Poisson (log link)","poisson","log","Poisson retained: Pearson dispersion ratio = 0.474, not greater than the threshold of 1.5","start_date_fct","Date-only model used because Status was not represented at every retained sampling date",0,NA,"sharks_rays"
"2026-01-26",0.45833333404536125,0.13819268824259992,Inf,0.25382508705531787,0.8276149829561756,"2026-01-26","Bloom","Middle/Long Spit - Middle Spit Sanctuary Zone","Shark and ray richness","Poisson (log link)","poisson","log","Poisson retained: Pearson dispersion ratio = 0.474, not greater than the threshold of 1.5","start_date_fct","Date-only model used because Status was not represented at every retained sampling date",0,NA,"sharks_rays"
"2015-04-28",0.16666671219178447,0.11785113651149717,Inf,0.041682966280347664,0.666406338886577,"2015-04-28","Pre-bloom","O'Sullivan","Shark and ray richness","Poisson (log link)","poisson","log","Poisson retained: Pearson dispersion ratio = 0.643, not greater than the threshold of 1.5","start_date_fct","Date-only fixed effect used",0,NA,"sharks_rays"
"2015-10-09",1.000000047500497,0.2886751181257929,Inf,0.5679097519008391,1.760843323527931,"2015-10-09","Pre-bloom","O'Sullivan","Shark and ray richness","Poisson (log link)","poisson","log","Poisson retained: Pearson dispersion ratio = 0.643, not greater than the threshold of 1.5","start_date_fct","Date-only fixed effect used",0,NA,"sharks_rays"
"2021-10-12",0.5454543080053068,0.22268081875797982,Inf,0.24505115539289338,1.21411548394673,"2021-10-12","Pre-bloom","O'Sullivan","Shark and ray richness","Poisson (log link)","poisson","log","Poisson retained: Pearson dispersion ratio = 0.643, not greater than the threshold of 1.5","start_date_fct","Date-only fixed effect used",0,NA,"sharks_rays"
"2022-12-01",0.4166665217774384,0.18633895024528277,Inf,0.17342818141909935,1.0010540902263596,"2022-12-01","Pre-bloom","O'Sullivan","Shark and ray richness","Poisson (log link)","poisson","log","Poisson retained: Pearson dispersion ratio = 0.643, not greater than the threshold of 1.5","start_date_fct","Date-only fixed effect used",0,NA,"sharks_rays"
"2024-12-19",0.333333316775114,0.16666664866711212,Inf,0.12510595340691513,0.8881359923048789,"2024-12-19","Pre-bloom","O'Sullivan","Shark and ray richness","Poisson (log link)","poisson","log","Poisson retained: Pearson dispersion ratio = 0.643, not greater than the threshold of 1.5","start_date_fct","Date-only fixed effect used",0,NA,"sharks_rays"
"2025-02-04",1.1999998998684713,0.48989788756428715,Inf,0.5391128073720011,2.6710546290003196,"2025-02-04","Pre-bloom","O'Sullivan","Shark and ray richness","Poisson (log link)","poisson","log","Poisson retained: Pearson dispersion ratio = 0.643, not greater than the threshold of 1.5","start_date_fct","Date-only fixed effect used",0,NA,"sharks_rays"
"2014-09-03",0.4564355019510336,0.16666666172158398,Inf,0.22313340565254547,0.9336717952743502,"2014-09-03","Pre-bloom","Offshore Ardrossan - Offshore Ardrossan Sanctuary Zone","Shark and ray richness","Poisson (log link)","poisson","log","Poisson retained: Pearson dispersion ratio = 0.64, not greater than the threshold of 1.5","start_date_fct * Status","Full date x Status interaction used",0,NA,"sharks_rays"
"2016-03-11",1.5811388227227259,0.32274861345088,Inf,1.0597885263938798,2.3589611648539965,"2016-03-11","Pre-bloom","Offshore Ardrossan - Offshore Ardrossan Sanctuary Zone","Shark and ray richness","Poisson (log link)","poisson","log","Poisson retained: Pearson dispersion ratio = 0.64, not greater than the threshold of 1.5","start_date_fct * Status","Full date x Status interaction used",0,NA,"sharks_rays"
"2017-02-03",1.0833333368392286,0.3004625817363041,Inf,0.6290443938462291,1.8657047581829471,"2017-02-03","Pre-bloom","Orcades Bank - Orcades Bank Sanctuary Zone","Shark and ray richness","Poisson (log link)","poisson","log","Poisson retained: Pearson dispersion ratio = 0.748, not greater than the threshold of 1.5","1","Intercept-only fixed effect used",0,"overall","sharks_rays"
"2017-02-03",0.5137014475729337,0.19094066919142835,Inf,0.24792638793351338,1.0643851969048768,"2017-02-03","Pre-bloom","Port Gibbon - Port Gibbon Sanctuary Zone","Shark and ray richness","Poisson (log link)","poisson","log","Poisson retained: Pearson dispersion ratio = 0.782, not greater than the threshold of 1.5","start_date_fct * Status","Full date x Status interaction used",0,NA,"sharks_rays"
"2025-11-14",0.18633856931932427,0.10206204209440332,Inf,0.06369121548567976,0.5451625024141591,"2025-11-14","Bloom","Port Gibbon - Port Gibbon Sanctuary Zone","Shark and ray richness","Poisson (log link)","poisson","log","Poisson retained: Pearson dispersion ratio = 0.782, not greater than the threshold of 1.5","start_date_fct * Status","Full date x Status interaction used",0,NA,"sharks_rays"
"2015-10-09",0.5000000012703076,0.20412412848089284,Inf,0.22463036354648494,1.1129394856656265,"2015-10-09","Pre-bloom","Port Noarlunga - Port Noarlunga Reef Sanctuary Zone","Shark and ray richness","Poisson (log link)","poisson","log","Poisson retained: Pearson dispersion ratio = 0.545, not greater than the threshold of 1.5","1","Intercept-only fixed effect used",0,"overall","sharks_rays"
"2015-12-10",0.19179293586591553,0.0973427038777537,Inf,0.07092727189609141,0.5186232215720434,"2015-12-10","Pre-bloom","Rapid Head - Rapid Head Sanctuary Zone","Shark and ray richness","Poisson (log link)","poisson","log","Poisson retained: Pearson dispersion ratio = 0.95, not greater than the threshold of 1.5","start_date_fct * Status","Full date x Status interaction used",0,NA,"sharks_rays"
"2016-12-06",0.1835444614020725,0.09269743770784292,Inf,0.06821027393344298,0.4938928898636138,"2016-12-06","Pre-bloom","Rapid Head - Rapid Head Sanctuary Zone","Shark and ray richness","Poisson (log link)","poisson","log","Poisson retained: Pearson dispersion ratio = 0.95, not greater than the threshold of 1.5","start_date_fct * Status","Full date x Status interaction used",0,NA,"sharks_rays"
"2018-12-11",0.10906098179967413,0.07096945478086195,Inf,0.030462493217089843,0.39045713252505565,"2018-12-11","Pre-bloom","Rapid Head - Rapid Head Sanctuary Zone","Shark and ray richness","Poisson (log link)","poisson","log","Poisson retained: Pearson dispersion ratio = 0.95, not greater than the threshold of 1.5","start_date_fct * Status","Full date x Status interaction used",0,NA,"sharks_rays"
"2025-02-27",0.5375481250595149,0.1949236317287887,Inf,0.26409362914403434,1.0941497819979773,"2025-02-27","Pre-bloom","Rapid Head - Rapid Head Sanctuary Zone","Shark and ray richness","Poisson (log link)","poisson","log","Poisson retained: Pearson dispersion ratio = 0.95, not greater than the threshold of 1.5","start_date_fct * Status","Full date x Status interaction used",0,NA,"sharks_rays"
"2025-12-10",0.10596960733783875,0.06881757283169616,Inf,0.029675888779331114,0.37840678548293305,"2025-12-10","Bloom","Rapid Head - Rapid Head Sanctuary Zone","Shark and ray richness","Poisson (log link)","poisson","log","Poisson retained: Pearson dispersion ratio = 0.95, not greater than the threshold of 1.5","start_date_fct * Status","Full date x Status interaction used",0,NA,"sharks_rays"
"2016-04-19",0.4930065778482225,0.1443375483882724,Inf,0.2777451066749791,0.8751026749358438,"2016-04-19","Pre-bloom","The Pages - The Pages Sanctuary Zone","Shark and ray richness","Poisson (log link)","poisson","log","Poisson retained: Pearson dispersion ratio = 0.737, not greater than the threshold of 1.5","start_date_fct * Status","Full date x Status interaction used",0,NA,"sharks_rays"
"2017-06-02",1.2154310655934895,0.23028307226841227,Inf,0.8384099693540992,1.7619932123991777,"2017-06-02","Pre-bloom","The Pages - The Pages Sanctuary Zone","Shark and ray richness","Poisson (log link)","poisson","log","Poisson retained: Pearson dispersion ratio = 0.737, not greater than the threshold of 1.5","start_date_fct * Status","Full date x Status interaction used",0,NA,"sharks_rays"
"2018-06-26",0.6741998300560299,0.17943512396986736,Inf,0.40017074758841603,1.135878655765936,"2018-06-26","Pre-bloom","The Pages - The Pages Sanctuary Zone","Shark and ray richness","Poisson (log link)","poisson","log","Poisson retained: Pearson dispersion ratio = 0.737, not greater than the threshold of 1.5","start_date_fct * Status","Full date x Status interaction used",0,NA,"sharks_rays"
"2019-06-06",0.7637626248453256,0.1863389803105128,Inf,0.47346350889794003,1.232055556865239,"2019-06-06","Pre-bloom","The Pages - The Pages Sanctuary Zone","Shark and ray richness","Poisson (log link)","poisson","log","Poisson retained: Pearson dispersion ratio = 0.737, not greater than the threshold of 1.5","start_date_fct * Status","Full date x Status interaction used",0,NA,"sharks_rays"
"2021-05-20",0.5222330072967956,0.15075566545250113,Inf,0.29658120625557555,0.9195704520644349,"2021-05-20","Pre-bloom","The Pages - The Pages Sanctuary Zone","Shark and ray richness","Poisson (log link)","poisson","log","Poisson retained: Pearson dispersion ratio = 0.737, not greater than the threshold of 1.5","start_date_fct * Status","Full date x Status interaction used",0,NA,"sharks_rays"
"2025-04-09",1.6056541205325545,0.3186886982622344,Inf,1.0881940019816343,2.369177876452477,"2025-04-09","Bloom","The Pages - The Pages Sanctuary Zone","Shark and ray richness","Poisson (log link)","poisson","log","Poisson retained: Pearson dispersion ratio = 0.737, not greater than the threshold of 1.5","start_date_fct * Status","Full date x Status interaction used",0,NA,"sharks_rays"
"2026-03-01",0.4564354786039125,0.13819268998653203,Inf,0.25215370575596896,0.8262156826281383,"2026-03-01","Bloom","The Pages - The Pages Sanctuary Zone","Shark and ray richness","Poisson (log link)","poisson","log","Poisson retained: Pearson dispersion ratio = 0.737, not greater than the threshold of 1.5","start_date_fct * Status","Full date x Status interaction used",0,NA,"sharks_rays"
"2017-11-28",0.14732485910813617,0.09507155291719036,Inf,0.04158908616353783,0.5218824483395632,"2017-11-28","Pre-bloom","Victor Harbor - Encounter Bay Sanctuary Zone","Shark and ray richness","Poisson (log link)","poisson","log","Poisson retained: Pearson dispersion ratio = 0.903, not greater than the threshold of 1.5","start_date_fct","Date-only model used because Status was not represented at every retained sampling date",1,NA,"sharks_rays"
"2018-11-27",0.26080141724146655,0.2905238651034863,Inf,0.02938329669783408,2.314831447765058,"2018-11-27","Pre-bloom","Victor Harbor - Encounter Bay Sanctuary Zone","Shark and ray richness","Poisson (log link)","poisson","log","Poisson retained: Pearson dispersion ratio = 0.903, not greater than the threshold of 1.5","start_date_fct","Date-only model used because Status was not represented at every retained sampling date",1,NA,"sharks_rays"
"2021-11-23",1.0627217428744014,0.6854793371504057,Inf,0.30017567607080275,3.762388470515572,"2021-11-23","Pre-bloom","Victor Harbor - Encounter Bay Sanctuary Zone","Shark and ray richness","Poisson (log link)","poisson","log","Poisson retained: Pearson dispersion ratio = 0.903, not greater than the threshold of 1.5","start_date_fct","Date-only model used because Status was not represented at every retained sampling date",1,NA,"sharks_rays"
"2026-01-23",0.39014386927256123,0.1620064018010031,Inf,0.17288813062772757,0.8804088411292808,"2026-01-23","Bloom","Victor Harbor - Encounter Bay Sanctuary Zone","Shark and ray richness","Poisson (log link)","poisson","log","Poisson retained: Pearson dispersion ratio = 0.903, not greater than the threshold of 1.5","start_date_fct","Date-only model used because Status was not represented at every retained sampling date",1,NA,"sharks_rays"
"2017-04-12",0.6171039023547478,0.21259711884760743,Inf,0.31413238126130477,1.2122826203793458,"2017-04-12","Pre-bloom","Windara Reef - Windara Shell fish Reef Sanctuary Zone","Shark and ray richness","Poisson (log link)","poisson","log","Poisson retained: Pearson dispersion ratio = 0.818, not greater than the threshold of 1.5","start_date_fct + Status","Additive date + Status model used because 1 observed date x Status cell(s) contained all zeros",1,NA,"sharks_rays"
"2017-11-23",0.8639450041498722,0.2593480155738109,Inf,0.4796931833212212,1.555996616478295,"2017-11-23","Pre-bloom","Windara Reef - Windara Shell fish Reef Sanctuary Zone","Shark and ray richness","Poisson (log link)","poisson","log","Poisson retained: Pearson dispersion ratio = 0.818, not greater than the threshold of 1.5","start_date_fct + Status","Additive date + Status model used because 1 observed date x Status cell(s) contained all zeros",1,NA,"sharks_rays"
"2018-04-24",0.4936826845511268,0.18713487828732883,Inf,0.23485092002555652,1.037775764297987,"2018-04-24","Pre-bloom","Windara Reef - Windara Shell fish Reef Sanctuary Zone","Shark and ray richness","Poisson (log link)","poisson","log","Poisson retained: Pearson dispersion ratio = 0.818, not greater than the threshold of 1.5","start_date_fct + Status","Additive date + Status model used because 1 observed date x Status cell(s) contained all zeros",1,NA,"sharks_rays"
"2018-11-29",0.7405240519468578,0.23652652914751113,Inf,0.3959695395922992,1.3848940806821022,"2018-11-29","Pre-bloom","Windara Reef - Windara Shell fish Reef Sanctuary Zone","Shark and ray richness","Poisson (log link)","poisson","log","Poisson retained: Pearson dispersion ratio = 0.818, not greater than the threshold of 1.5","start_date_fct + Status","Additive date + Status model used because 1 observed date x Status cell(s) contained all zeros",1,NA,"sharks_rays"
"2019-10-22",0.6171030890666808,0.21259697448555362,Inf,0.3141318317523468,1.2122815456533076,"2019-10-22","Pre-bloom","Windara Reef - Windara Shell fish Reef Sanctuary Zone","Shark and ray richness","Poisson (log link)","poisson","log","Poisson retained: Pearson dispersion ratio = 0.818, not greater than the threshold of 1.5","start_date_fct + Status","Additive date + Status model used because 1 observed date x Status cell(s) contained all zeros",1,NA,"sharks_rays"
"2020-10-28",0.5553930916915178,0.20009329556923725,Inf,0.27411657339359563,1.1252930914751815,"2020-10-28","Pre-bloom","Windara Reef - Windara Shell fish Reef Sanctuary Zone","Shark and ray richness","Poisson (log link)","poisson","log","Poisson retained: Pearson dispersion ratio = 0.818, not greater than the threshold of 1.5","start_date_fct + Status","Additive date + Status model used because 1 observed date x Status cell(s) contained all zeros",1,NA,"sharks_rays"
"2014-09-03",5.09823306967856,1.8118223768377673,Inf,2.540490798339324,10.2310862333194,"2014-09-03","Pre-bloom","Aldinga - Aldinga Reef Sanctuary Zone","Reef associated species richness","Negative binomial nbinom2 (log link)","nbinom2","log","nbinom2 selected: Poisson Pearson dispersion ratio = 2.816, greater than the threshold of 1.5","start_date_fct","Date-only model used because Status was not represented at every retained sampling date",0,NA,"reef_associated_richness"
"2015-12-10",2.905126415136146,1.0400296876232011,Inf,1.4402454586416715,5.859945217866909,"2015-12-10","Pre-bloom","Aldinga - Aldinga Reef Sanctuary Zone","Reef associated species richness","Negative binomial nbinom2 (log link)","nbinom2","log","nbinom2 selected: Poisson Pearson dispersion ratio = 2.816, greater than the threshold of 1.5","start_date_fct","Date-only model used because Status was not represented at every retained sampling date",0,NA,"reef_associated_richness"
"2016-02-12",8.083932835034108,2.9301402399135648,Inf,3.9727587220178715,16.44951900027535,"2016-02-12","Pre-bloom","Aldinga - Aldinga Reef Sanctuary Zone","Reef associated species richness","Negative binomial nbinom2 (log link)","nbinom2","log","nbinom2 selected: Poisson Pearson dispersion ratio = 2.816, greater than the threshold of 1.5","start_date_fct","Date-only model used because Status was not represented at every retained sampling date",0,NA,"reef_associated_richness"
"2016-11-19",4.010268939935975,1.5005891534395124,Inf,1.9260396943253517,8.349909411523555,"2016-11-19","Pre-bloom","Aldinga - Aldinga Reef Sanctuary Zone","Reef associated species richness","Negative binomial nbinom2 (log link)","nbinom2","log","nbinom2 selected: Poisson Pearson dispersion ratio = 2.816, greater than the threshold of 1.5","start_date_fct","Date-only model used because Status was not represented at every retained sampling date",0,NA,"reef_associated_richness"
"2019-12-07",8.34845902530961,2.990003643163516,Inf,4.137596892018108,16.84474585519107,"2019-12-07","Pre-bloom","Aldinga - Aldinga Reef Sanctuary Zone","Reef associated species richness","Negative binomial nbinom2 (log link)","nbinom2","log","nbinom2 selected: Poisson Pearson dispersion ratio = 2.816, greater than the threshold of 1.5","start_date_fct","Date-only model used because Status was not represented at every retained sampling date",0,NA,"reef_associated_richness"
"2020-11-26",4.777374803157021,1.776043034891254,Inf,2.3053959622915428,9.89995227854629,"2020-11-26","Pre-bloom","Aldinga - Aldinga Reef Sanctuary Zone","Reef associated species richness","Negative binomial nbinom2 (log link)","nbinom2","log","nbinom2 selected: Poisson Pearson dispersion ratio = 2.816, greater than the threshold of 1.5","start_date_fct","Date-only model used because Status was not represented at every retained sampling date",0,NA,"reef_associated_richness"
"2021-11-22",5.002789627633539,1.9997325707162672,Inf,2.2854250444678383,10.951093810291848,"2021-11-22","Pre-bloom","Aldinga - Aldinga Reef Sanctuary Zone","Reef associated species richness","Negative binomial nbinom2 (log link)","nbinom2","log","nbinom2 selected: Poisson Pearson dispersion ratio = 2.816, greater than the threshold of 1.5","start_date_fct","Date-only model used because Status was not represented at every retained sampling date",0,NA,"reef_associated_richness"
"2025-02-06",2.9700753696935824,1.033420267053285,Inf,1.501747427225375,5.874055478129749,"2025-02-06","Pre-bloom","Aldinga - Aldinga Reef Sanctuary Zone","Reef associated species richness","Negative binomial nbinom2 (log link)","nbinom2","log","nbinom2 selected: Poisson Pearson dispersion ratio = 2.816, greater than the threshold of 1.5","start_date_fct","Date-only model used because Status was not represented at every retained sampling date",0,NA,"reef_associated_richness"
"2026-02-21",2.3741793801473987,0.7913599504040246,Inf,1.235354426093607,4.5628425414246045,"2026-02-21","Bloom","Aldinga - Aldinga Reef Sanctuary Zone","Reef associated species richness","Negative binomial nbinom2 (log link)","nbinom2","log","nbinom2 selected: Poisson Pearson dispersion ratio = 2.816, greater than the threshold of 1.5","start_date_fct","Date-only model used because Status was not represented at every retained sampling date",0,NA,"reef_associated_richness"
"2016-05-24",0.522597166485074,0.169272102036799,Inf,0.2769862306170577,0.985997743677766,"2016-05-24","Pre-bloom","Bay of Shoals - Bay of Shoals Sanctuary Zone","Reef associated species richness","Poisson (log link)","poisson","log","Poisson retained: Pearson dispersion ratio = 1.007, not greater than the threshold of 1.5","start_date_fct * Status","Full date x Status interaction used",0,NA,"reef_associated_richness"
"2017-04-05",0.3000059376151396,0.12712559467816198,Inf,0.13074908183680264,0.6883686014459282,"2017-04-05","Pre-bloom","Bay of Shoals - Bay of Shoals Sanctuary Zone","Reef associated species richness","Poisson (log link)","poisson","log","Poisson retained: Pearson dispersion ratio = 1.007, not greater than the threshold of 1.5","start_date_fct * Status","Full date x Status interaction used",0,NA,"reef_associated_richness"
"2018-03-28",0.16035918489961742,0.09230708145998616,Inf,0.05189424802470144,0.49552829379913993,"2018-03-28","Pre-bloom","Bay of Shoals - Bay of Shoals Sanctuary Zone","Reef associated species richness","Poisson (log link)","poisson","log","Poisson retained: Pearson dispersion ratio = 1.007, not greater than the threshold of 1.5","start_date_fct * Status","Full date x Status interaction used",0,NA,"reef_associated_richness"
"2026-03-24",0.17928810489994682,0.10123729439075461,Inf,0.059280214616183824,0.5422420409024428,"2026-03-24","Bloom","Bay of Shoals - Bay of Shoals Sanctuary Zone","Reef associated species richness","Poisson (log link)","poisson","log","Poisson retained: Pearson dispersion ratio = 1.007, not greater than the threshold of 1.5","start_date_fct * Status","Full date x Status interaction used",0,NA,"reef_associated_richness"
"2021-10-11",0.1855749379540327,0.06414604733748762,Inf,0.09425231275889089,0.36538156559340795,"2021-10-11","Pre-bloom","Boston Bay","Reef associated species richness","Poisson (log link)","poisson","log","Poisson retained: Pearson dispersion ratio = 0.643, not greater than the threshold of 1.5","start_date_fct","Date-only fixed effect used",0,NA,"reef_associated_richness"
"2024-03-25",0.728812819315418,0.19031145625201892,Inf,0.4368634952325522,1.2158674995623873,"2024-03-25","Pre-bloom","Boston Bay","Reef associated species richness","Poisson (log link)","poisson","log","Poisson retained: Pearson dispersion ratio = 0.643, not greater than the threshold of 1.5","start_date_fct","Date-only fixed effect used",0,NA,"reef_associated_richness"
"2024-11-14",0.41238798513546515,0.13575692880917528,Inf,0.21631813206535902,0.7861747356097961,"2024-11-14","Pre-bloom","Boston Bay","Reef associated species richness","Poisson (log link)","poisson","log","Poisson retained: Pearson dispersion ratio = 0.643, not greater than the threshold of 1.5","start_date_fct","Date-only fixed effect used",0,NA,"reef_associated_richness"
"2025-11-11",0.2698329102069667,0.11292096643095803,Inf,0.1188173947669514,0.6127873748921209,"2025-11-11","Bloom","Boston Bay","Reef associated species richness","Poisson (log link)","poisson","log","Poisson retained: Pearson dispersion ratio = 0.643, not greater than the threshold of 1.5","start_date_fct","Date-only fixed effect used",0,NA,"reef_associated_richness"
"2017-01-12",2.814887671574108,0.3675938131805074,Inf,2.1792315381638963,3.6359572008837104,"2017-01-12","Pre-bloom","Cape Elizabeth - Cape Elizabeth Sanctuary Zone","Reef associated species richness","Poisson (log link)","poisson","log","Poisson retained: Pearson dispersion ratio = 1.103, not greater than the threshold of 1.5","start_date_fct * Status","Full date x Status interaction used",0,NA,"reef_associated_richness"
"2026-03-10",2.028832048309167,0.30881083994576647,Inf,1.5055103269568388,2.7340626009298536,"2026-03-10","Bloom","Cape Elizabeth - Cape Elizabeth Sanctuary Zone","Reef associated species richness","Poisson (log link)","poisson","log","Poisson retained: Pearson dispersion ratio = 1.103, not greater than the threshold of 1.5","start_date_fct * Status","Full date x Status interaction used",0,NA,"reef_associated_richness"
"2015-12-10",5.551505465946189,0.6987554239367776,Inf,4.33782433399367,7.104762794775586,"2015-12-10","Pre-bloom","Carrickalinga - Carrickalinga Cliffs Sanctuary Zone","Reef associated species richness","Poisson (log link)","poisson","log","Poisson retained: Pearson dispersion ratio = 1.12, not greater than the threshold of 1.5","start_date_fct","Date-only model used because Status was not represented at every retained sampling date",0,NA,"reef_associated_richness"
"2016-12-06",4.330278714157868,0.5525470057030956,Inf,3.3721109599478414,5.560704841865215,"2016-12-06","Pre-bloom","Carrickalinga - Carrickalinga Cliffs Sanctuary Zone","Reef associated species richness","Poisson (log link)","poisson","log","Poisson retained: Pearson dispersion ratio = 1.12, not greater than the threshold of 1.5","start_date_fct","Date-only model used because Status was not represented at every retained sampling date",0,NA,"reef_associated_richness"
"2017-12-05",6.822233406166761,0.7729328239447296,Inf,5.463723465653547,8.51852567956612,"2017-12-05","Pre-bloom","Carrickalinga - Carrickalinga Cliffs Sanctuary Zone","Reef associated species richness","Poisson (log link)","poisson","log","Poisson retained: Pearson dispersion ratio = 1.12, not greater than the threshold of 1.5","start_date_fct","Date-only model used because Status was not represented at every retained sampling date",0,NA,"reef_associated_richness"
"2018-12-11",7.19363225246274,0.8117439978645673,Inf,5.766295976646196,8.974278322385063,"2018-12-11","Pre-bloom","Carrickalinga - Carrickalinga Cliffs Sanctuary Zone","Reef associated species richness","Poisson (log link)","poisson","log","Poisson retained: Pearson dispersion ratio = 1.12, not greater than the threshold of 1.5","start_date_fct","Date-only model used because Status was not represented at every retained sampling date",0,NA,"reef_associated_richness"
"2020-12-04",7.394164928128263,0.8224774917059199,Inf,5.945757087544959,9.195410135219154,"2020-12-04","Pre-bloom","Carrickalinga - Carrickalinga Cliffs Sanctuary Zone","Reef associated species richness","Poisson (log link)","poisson","log","Poisson retained: Pearson dispersion ratio = 1.12, not greater than the threshold of 1.5","start_date_fct","Date-only model used because Status was not represented at every retained sampling date",0,NA,"reef_associated_richness"
"2025-02-06",10.596612714567001,2.3022454106227404,Inf,6.9220220731635695,16.221878496727186,"2025-02-06","Pre-bloom","Carrickalinga - Carrickalinga Cliffs Sanctuary Zone","Reef associated species richness","Poisson (log link)","poisson","log","Poisson retained: Pearson dispersion ratio = 1.12, not greater than the threshold of 1.5","start_date_fct","Date-only model used because Status was not represented at every retained sampling date",0,NA,"reef_associated_richness"
"2025-02-20",10.358315890426661,1.0862898970995118,Inf,8.43378550912245,12.722010533681418,"2025-02-20","Pre-bloom","Carrickalinga - Carrickalinga Cliffs Sanctuary Zone","Reef associated species richness","Poisson (log link)","poisson","log","Poisson retained: Pearson dispersion ratio = 1.12, not greater than the threshold of 1.5","start_date_fct","Date-only model used because Status was not represented at every retained sampling date",0,NA,"reef_associated_richness"
"2025-12-17",6.8630871498947945,0.7764810263777012,Inf,5.498138104625471,8.566893797633993,"2025-12-17","Bloom","Carrickalinga - Carrickalinga Cliffs Sanctuary Zone","Reef associated species richness","Poisson (log link)","poisson","log","Poisson retained: Pearson dispersion ratio = 1.12, not greater than the threshold of 1.5","start_date_fct","Date-only model used because Status was not represented at every retained sampling date",0,NA,"reef_associated_richness"
"2015-11-15",7.132223433594124,1.0662122829625567,Inf,5.320799422450905,9.560332398938218,"2015-11-15","Pre-bloom","Chinamans Hat - Chinamans Hat Sanctuary Zone","Reef associated species richness","Negative binomial nbinom2 (log link)","nbinom2","log","nbinom2 selected: Poisson Pearson dispersion ratio = 1.556, greater than the threshold of 1.5","start_date_fct * Status","Full date x Status interaction used",0,NA,"reef_associated_richness"
"2025-12-04",5.367606914790025,0.8559758737296373,Inf,3.926802174921245,7.337065303596437,"2025-12-04","Bloom","Chinamans Hat - Chinamans Hat Sanctuary Zone","Reef associated species richness","Negative binomial nbinom2 (log link)","nbinom2","log","nbinom2 selected: Poisson Pearson dispersion ratio = 1.556, greater than the threshold of 1.5","start_date_fct * Status","Full date x Status interaction used",0,NA,"reef_associated_richness"
"2017-01-12",0.17913835340450784,0.10441371684058587,Inf,0.05715468661227305,0.56146838627906,"2017-01-12","Pre-bloom","Cuttlefish Coast - Fairway Bank Sanctuary Zone","Reef associated species richness","Poisson (log link)","poisson","log","Poisson retained: Pearson dispersion ratio = 1.465, not greater than the threshold of 1.5","start_date_fct + Status","Additive date + Status model used because 1 observed date x Status cell(s) contained all zeros",1,NA,"reef_associated_richness"
"2026-02-16",0.5584548572362135,0.16907623242234546,Inf,0.30851811654742356,1.0108703860273325,"2026-02-16","Bloom","Cuttlefish Coast - Fairway Bank Sanctuary Zone","Reef associated species richness","Poisson (log link)","poisson","log","Poisson retained: Pearson dispersion ratio = 1.465, not greater than the threshold of 1.5","start_date_fct + Status","Additive date + Status model used because 1 observed date x Status cell(s) contained all zeros",1,NA,"reef_associated_richness"
"2016-01-19",7.333310796912854,3.1123148601920994,Inf,3.1918571931581825,16.8483249687335,"2016-01-19","Pre-bloom","Dangerous Reef - Dangerous Reef Sanctuary Zone","Reef associated species richness","Negative binomial nbinom2 (log link)","nbinom2","log","nbinom2 selected: Poisson Pearson dispersion ratio = 5.541, greater than the threshold of 1.5","start_date_fct","Date-only fixed effect used",0,NA,"reef_associated_richness"
"2019-02-16",6.363583887533919,1.4239153167423806,Inf,4.10427965532282,9.866579106314862,"2019-02-16","Pre-bloom","Dangerous Reef - Dangerous Reef Sanctuary Zone","Reef associated species richness","Negative binomial nbinom2 (log link)","nbinom2","log","nbinom2 selected: Poisson Pearson dispersion ratio = 5.541, greater than the threshold of 1.5","start_date_fct","Date-only fixed effect used",0,NA,"reef_associated_richness"
"2020-04-10",5.374947144274482,1.1665050172116473,Inf,3.512699965690691,8.224458987650499,"2020-04-10","Pre-bloom","Dangerous Reef - Dangerous Reef Sanctuary Zone","Reef associated species richness","Negative binomial nbinom2 (log link)","nbinom2","log","nbinom2 selected: Poisson Pearson dispersion ratio = 5.541, greater than the threshold of 1.5","start_date_fct","Date-only fixed effect used",0,NA,"reef_associated_richness"
"2022-03-16",10.749960668455573,3.160731020888642,Inf,6.04135579229175,19.128430495814946,"2022-03-16","Pre-bloom","Dangerous Reef - Dangerous Reef Sanctuary Zone","Reef associated species richness","Negative binomial nbinom2 (log link)","nbinom2","log","nbinom2 selected: Poisson Pearson dispersion ratio = 5.541, greater than the threshold of 1.5","start_date_fct","Date-only fixed effect used",0,NA,"reef_associated_richness"
"2025-11-10",16.41658574072311,4.7515557379180535,Inf,9.30923983204287,28.95019273806504,"2025-11-10","Bloom","Dangerous Reef - Dangerous Reef Sanctuary Zone","Reef associated species richness","Negative binomial nbinom2 (log link)","nbinom2","log","nbinom2 selected: Poisson Pearson dispersion ratio = 5.541, greater than the threshold of 1.5","start_date_fct","Date-only fixed effect used",0,NA,"reef_associated_richness"
"2026-04-08",16.16649717737966,4.68135135809103,Inf,9.165000892637606,28.516705458935178,"2026-04-08","Bloom","Dangerous Reef - Dangerous Reef Sanctuary Zone","Reef associated species richness","Negative binomial nbinom2 (log link)","nbinom2","log","nbinom2 selected: Poisson Pearson dispersion ratio = 5.541, greater than the threshold of 1.5","start_date_fct","Date-only fixed effect used",0,NA,"reef_associated_richness"
"2020-10-13",1.2717435059875748,0.9738491564841292,Inf,0.28352032958323886,5.704464111617562,"2020-10-13","Pre-bloom","Glenelg","Reef associated species richness","Negative binomial nbinom2 (log link)","nbinom2","log","nbinom2 selected: Poisson Pearson dispersion ratio = 2.142, greater than the threshold of 1.5","start_date_fct","Date-only fixed effect used",0,NA,"reef_associated_richness"
"2021-10-25",0.6335611713934425,0.48652803753397267,Inf,0.14064646966746577,2.853962554811872,"2021-10-25","Pre-bloom","Glenelg","Reef associated species richness","Negative binomial nbinom2 (log link)","nbinom2","log","nbinom2 selected: Poisson Pearson dispersion ratio = 2.142, greater than the threshold of 1.5","start_date_fct","Date-only fixed effect used",0,NA,"reef_associated_richness"
"2022-12-02",0.47709195881893346,0.37174708797562,Inf,0.10359794642569486,2.197116304162882,"2022-12-02","Pre-bloom","Glenelg","Reef associated species richness","Negative binomial nbinom2 (log link)","nbinom2","log","nbinom2 selected: Poisson Pearson dispersion ratio = 2.142, greater than the threshold of 1.5","start_date_fct","Date-only fixed effect used",0,NA,"reef_associated_richness"
"2023-11-23",0.8823748635279021,0.6640322487204335,Inf,0.20187400454317836,3.85678880026058,"2023-11-23","Pre-bloom","Glenelg","Reef associated species richness","Negative binomial nbinom2 (log link)","nbinom2","log","nbinom2 selected: Poisson Pearson dispersion ratio = 2.142, greater than the threshold of 1.5","start_date_fct","Date-only fixed effect used",0,NA,"reef_associated_richness"
"2025-10-21",0.11949512949648348,0.11295673751828746,Inf,0.018738019728257647,0.7620381545360392,"2025-10-21","Bloom","Glenelg","Reef associated species richness","Negative binomial nbinom2 (log link)","nbinom2","log","nbinom2 selected: Poisson Pearson dispersion ratio = 2.142, greater than the threshold of 1.5","start_date_fct","Date-only fixed effect used",0,NA,"reef_associated_richness"
"2026-03-20",0.5595695641799019,0.43446854644779803,Inf,0.12216666109893846,2.563040475526314,"2026-03-20","Bloom","Glenelg","Reef associated species richness","Negative binomial nbinom2 (log link)","nbinom2","log","nbinom2 selected: Poisson Pearson dispersion ratio = 2.142, greater than the threshold of 1.5","start_date_fct","Date-only fixed effect used",0,NA,"reef_associated_richness"
"2015-01-07",1.3071165385762153,0.2969017273657858,Inf,0.837471925823119,2.040132442338524,"2015-01-07","Pre-bloom","Middle/Long Spit - Middle Spit Sanctuary Zone","Reef associated species richness","Poisson (log link)","poisson","log","Poisson retained: Pearson dispersion ratio = 0.509, not greater than the threshold of 1.5","start_date_fct","Date-only model used because Status was not represented at every retained sampling date",0,NA,"reef_associated_richness"
"2016-01-10",1.2379762347018173,0.29528449612678714,Inf,0.7756790505204183,1.9757980528908803,"2016-01-10","Pre-bloom","Middle/Long Spit - Middle Spit Sanctuary Zone","Reef associated species richness","Poisson (log link)","poisson","log","Poisson retained: Pearson dispersion ratio = 0.509, not greater than the threshold of 1.5","start_date_fct","Date-only model used because Status was not represented at every retained sampling date",0,NA,"reef_associated_richness"
"2016-03-11",1.2764080452284112,0.5581930711020897,Inf,0.5416838306458525,3.0076908442721826,"2016-03-11","Pre-bloom","Middle/Long Spit - Middle Spit Sanctuary Zone","Reef associated species richness","Poisson (log link)","poisson","log","Poisson retained: Pearson dispersion ratio = 0.509, not greater than the threshold of 1.5","start_date_fct","Date-only model used because Status was not represented at every retained sampling date",0,NA,"reef_associated_richness"
"2026-01-26",0.4412916939748174,0.14554771935874722,Inf,0.23119622468827075,0.8423076952650754,"2026-01-26","Bloom","Middle/Long Spit - Middle Spit Sanctuary Zone","Reef associated species richness","Poisson (log link)","poisson","log","Poisson retained: Pearson dispersion ratio = 0.509, not greater than the threshold of 1.5","start_date_fct","Date-only model used because Status was not represented at every retained sampling date",0,NA,"reef_associated_richness"
"2015-04-28",3.9338142362553183,3.589428919048123,Inf,0.6578557063360502,23.523235105085533,"2015-04-28","Pre-bloom","O'Sullivan","Reef associated species richness","Poisson (log link)","poisson","log","Poisson retained: Pearson dispersion ratio = 1.489, not greater than the threshold of 1.5","start_date_fct","Date-only fixed effect used",0,NA,"reef_associated_richness"
"2015-10-09",3.6191092293712055,3.30572192128144,Inf,0.6040984499262445,21.681816292889,"2015-10-09","Pre-bloom","O'Sullivan","Reef associated species richness","Poisson (log link)","poisson","log","Poisson retained: Pearson dispersion ratio = 1.489, not greater than the threshold of 1.5","start_date_fct","Date-only fixed effect used",0,NA,"reef_associated_richness"
"2021-10-12",0.7443026478033522,0.5826925345785574,Inf,0.16046083398041952,3.452471346339145,"2021-10-12","Pre-bloom","O'Sullivan","Reef associated species richness","Poisson (log link)","poisson","log","Poisson retained: Pearson dispersion ratio = 1.489, not greater than the threshold of 1.5","start_date_fct","Date-only fixed effect used",0,NA,"reef_associated_richness"
"2022-12-01",0.7980006505691398,0.6162355917440251,Inf,0.1756647512505253,3.6251156465680876,"2022-12-01","Pre-bloom","O'Sullivan","Reef associated species richness","Poisson (log link)","poisson","log","Poisson retained: Pearson dispersion ratio = 1.489, not greater than the threshold of 1.5","start_date_fct","Date-only fixed effect used",0,NA,"reef_associated_richness"
"2023-12-01",0.9120022188760667,0.7007466277832803,Inf,0.20228613403655132,4.111740289053027,"2023-12-01","Pre-bloom","O'Sullivan","Reef associated species richness","Poisson (log link)","poisson","log","Poisson retained: Pearson dispersion ratio = 1.489, not greater than the threshold of 1.5","start_date_fct","Date-only fixed effect used",0,NA,"reef_associated_richness"
"2024-12-19",0.6460008521949238,0.503522347112307,Inf,0.1402064598052217,2.9764470311590143,"2024-12-19","Pre-bloom","O'Sullivan","Reef associated species richness","Poisson (log link)","poisson","log","Poisson retained: Pearson dispersion ratio = 1.489, not greater than the threshold of 1.5","start_date_fct","Date-only fixed effect used",0,NA,"reef_associated_richness"
"2025-02-04",0.7384660055148595,0.5710144303737641,Inf,0.16223479185187079,3.3613754181593203,"2025-02-04","Pre-bloom","O'Sullivan","Reef associated species richness","Poisson (log link)","poisson","log","Poisson retained: Pearson dispersion ratio = 1.489, not greater than the threshold of 1.5","start_date_fct","Date-only fixed effect used",0,NA,"reef_associated_richness"
"2025-11-13",0.3921057836699953,0.30330588371054384,Inf,0.0860939580048614,1.7858041278434396,"2025-11-13","Bloom","O'Sullivan","Reef associated species richness","Poisson (log link)","poisson","log","Poisson retained: Pearson dispersion ratio = 1.489, not greater than the threshold of 1.5","start_date_fct","Date-only fixed effect used",0,NA,"reef_associated_richness"
"2026-03-06",0.3459537879357472,0.26860611495899617,Inf,0.07553122482808848,1.5845635187235039,"2026-03-06","Bloom","O'Sullivan","Reef associated species richness","Poisson (log link)","poisson","log","Poisson retained: Pearson dispersion ratio = 1.489, not greater than the threshold of 1.5","start_date_fct","Date-only fixed effect used",0,NA,"reef_associated_richness"
"2014-09-03",0.8954533664800103,0.37581818688612534,Inf,0.39336625343119014,2.038397357542124,"2014-09-03","Pre-bloom","Offshore Ardrossan - Offshore Ardrossan Sanctuary Zone","Reef associated species richness","Negative binomial nbinom2 (log link)","nbinom2","log","nbinom2 selected: Poisson Pearson dispersion ratio = 1.842, greater than the threshold of 1.5","start_date_fct + Status","Additive date + Status model used because 1 observed date x Status cell(s) contained all zeros",1,NA,"reef_associated_richness"
"2016-03-11",0.32753811147721823,0.17744506020207038,Inf,0.11327134477686357,0.9471169842769939,"2016-03-11","Pre-bloom","Offshore Ardrossan - Offshore Ardrossan Sanctuary Zone","Reef associated species richness","Negative binomial nbinom2 (log link)","nbinom2","log","nbinom2 selected: Poisson Pearson dispersion ratio = 1.842, greater than the threshold of 1.5","start_date_fct + Status","Additive date + Status model used because 1 observed date x Status cell(s) contained all zeros",1,NA,"reef_associated_richness"
"2016-11-03",0.976371209198339,0.4955791831472112,Inf,0.36105092564951224,2.6403497967398564,"2016-11-03","Pre-bloom","Offshore Ardrossan - Offshore Ardrossan Sanctuary Zone","Reef associated species richness","Negative binomial nbinom2 (log link)","nbinom2","log","nbinom2 selected: Poisson Pearson dispersion ratio = 1.842, greater than the threshold of 1.5","start_date_fct + Status","Additive date + Status model used because 1 observed date x Status cell(s) contained all zeros",1,NA,"reef_associated_richness"
"2025-10-13",0.23139893007777187,0.15538352940323297,Inf,0.0620558380318868,0.8628594269184431,"2025-10-13","Bloom","Offshore Ardrossan - Offshore Ardrossan Sanctuary Zone","Reef associated species richness","Negative binomial nbinom2 (log link)","nbinom2","log","nbinom2 selected: Poisson Pearson dispersion ratio = 1.842, greater than the threshold of 1.5","start_date_fct + Status","Additive date + Status model used because 1 observed date x Status cell(s) contained all zeros",1,NA,"reef_associated_richness"
"2017-02-03",7.583333330041976,1.1874281948348928,Inf,5.579247873174152,10.307293330885585,"2017-02-03","Pre-bloom","Orcades Bank - Orcades Bank Sanctuary Zone","Reef associated species richness","Negative binomial nbinom2 (log link)","nbinom2","log","nbinom2 selected: Poisson Pearson dispersion ratio = 3.128, greater than the threshold of 1.5","1","Intercept-only fixed effect used",0,"overall","reef_associated_richness"
"2017-02-03",2.1650635094617026,0.3004625816204936,Inf,1.6494639541569756,2.8418323347953107,"2017-02-03","Pre-bloom","Port Gibbon - Port Gibbon Sanctuary Zone","Reef associated species richness","Poisson (log link)","poisson","log","Poisson retained: Pearson dispersion ratio = 0.687, not greater than the threshold of 1.5","start_date_fct * Status","Full date x Status interaction used",0,NA,"reef_associated_richness"
"2025-11-14",1.1395661942645463,0.2204792576808588,Inf,0.779923627995183,1.6650490695463356,"2025-11-14","Bloom","Port Gibbon - Port Gibbon Sanctuary Zone","Reef associated species richness","Poisson (log link)","poisson","log","Poisson retained: Pearson dispersion ratio = 0.687, not greater than the threshold of 1.5","start_date_fct * Status","Full date x Status interaction used",0,NA,"reef_associated_richness"
"2015-04-28",0.7272726936891347,0.25712973318591253,Inf,0.36370735414150424,1.4542614136420944,"2015-04-28","Pre-bloom","Port Noarlunga - Port Noarlunga Reef Sanctuary Zone","Reef associated species richness","Negative binomial nbinom2 (log link)","nbinom2","log","nbinom2 selected: Poisson Pearson dispersion ratio = 1.701, greater than the threshold of 1.5","start_date_fct","Date-only fixed effect used",0,NA,"reef_associated_richness"
"2015-10-09",7.58333359035149,0.79494936242934,Inf,6.1749009248004105,9.313015551648224,"2015-10-09","Pre-bloom","Port Noarlunga - Port Noarlunga Reef Sanctuary Zone","Reef associated species richness","Negative binomial nbinom2 (log link)","nbinom2","log","nbinom2 selected: Poisson Pearson dispersion ratio = 1.701, greater than the threshold of 1.5","start_date_fct","Date-only fixed effect used",0,NA,"reef_associated_richness"
"2021-10-12",6.249999960108908,1.2500000147283632,Inf,4.2231810750799585,9.249544077534434,"2021-10-12","Pre-bloom","Port Noarlunga - Port Noarlunga Reef Sanctuary Zone","Reef associated species richness","Negative binomial nbinom2 (log link)","nbinom2","log","nbinom2 selected: Poisson Pearson dispersion ratio = 1.701, greater than the threshold of 1.5","start_date_fct","Date-only fixed effect used",0,NA,"reef_associated_richness"
"2022-12-01",10.249998847530039,1.6007810087336498,Inf,7.5472451794311,13.920639104278655,"2022-12-01","Pre-bloom","Port Noarlunga - Port Noarlunga Reef Sanctuary Zone","Reef associated species richness","Negative binomial nbinom2 (log link)","nbinom2","log","nbinom2 selected: Poisson Pearson dispersion ratio = 1.701, greater than the threshold of 1.5","start_date_fct","Date-only fixed effect used",0,NA,"reef_associated_richness"
"2023-12-01",7.250000705259918,1.3462912906888689,Inf,5.038182503139592,10.432831719278623,"2023-12-01","Pre-bloom","Port Noarlunga - Port Noarlunga Reef Sanctuary Zone","Reef associated species richness","Negative binomial nbinom2 (log link)","nbinom2","log","nbinom2 selected: Poisson Pearson dispersion ratio = 1.701, greater than the threshold of 1.5","start_date_fct","Date-only fixed effect used",0,NA,"reef_associated_richness"
"2024-12-19",7.749999490439098,1.3919410708882574,Inf,5.450311898267616,11.020010088027654,"2024-12-19","Pre-bloom","Port Noarlunga - Port Noarlunga Reef Sanctuary Zone","Reef associated species richness","Negative binomial nbinom2 (log link)","nbinom2","log","nbinom2 selected: Poisson Pearson dispersion ratio = 1.701, greater than the threshold of 1.5","start_date_fct","Date-only fixed effect used",0,NA,"reef_associated_richness"
"2025-02-04",3.7500000746716573,0.9682458548944337,Inf,2.2607471039667875,6.220289096185448,"2025-02-04","Pre-bloom","Port Noarlunga - Port Noarlunga Reef Sanctuary Zone","Reef associated species richness","Negative binomial nbinom2 (log link)","nbinom2","log","nbinom2 selected: Poisson Pearson dispersion ratio = 1.701, greater than the threshold of 1.5","start_date_fct","Date-only fixed effect used",0,NA,"reef_associated_richness"
"2025-11-13",4.999999451843911,0.9128708900997945,Inf,3.495928306001768,7.151174832595883,"2025-11-13","Bloom","Port Noarlunga - Port Noarlunga Reef Sanctuary Zone","Reef associated species richness","Negative binomial nbinom2 (log link)","nbinom2","log","nbinom2 selected: Poisson Pearson dispersion ratio = 1.701, greater than the threshold of 1.5","start_date_fct","Date-only fixed effect used",0,NA,"reef_associated_richness"
"2015-12-10",5.599272622585773,0.6017178792409908,Inf,4.535847540199786,6.912016690194495,"2015-12-10","Pre-bloom","Rapid Head - Rapid Head Sanctuary Zone","Reef associated species richness","Poisson (log link)","poisson","log","Poisson retained: Pearson dispersion ratio = 1.15, not greater than the threshold of 1.5","start_date_fct * Status","Full date x Status interaction used",0,NA,"reef_associated_richness"
"2016-12-06",6.111368424487318,0.6305950393478916,Inf,4.992385828233813,7.48115736740518,"2016-12-06","Pre-bloom","Rapid Head - Rapid Head Sanctuary Zone","Reef associated species richness","Poisson (log link)","poisson","log","Poisson retained: Pearson dispersion ratio = 1.15, not greater than the threshold of 1.5","start_date_fct * Status","Full date x Status interaction used",0,NA,"reef_associated_richness"
"2017-12-05",6.5838550776507025,0.6899337047409851,Inf,5.361438914014861,8.08498397141055,"2017-12-05","Pre-bloom","Rapid Head - Rapid Head Sanctuary Zone","Reef associated species richness","Poisson (log link)","poisson","log","Poisson retained: Pearson dispersion ratio = 1.15, not greater than the threshold of 1.5","start_date_fct * Status","Full date x Status interaction used",0,NA,"reef_associated_richness"
"2018-12-11",6.198709180417841,0.6450488582671265,Inf,5.055029489286551,7.6011417114046225,"2018-12-11","Pre-bloom","Rapid Head - Rapid Head Sanctuary Zone","Reef associated species richness","Poisson (log link)","poisson","log","Poisson retained: Pearson dispersion ratio = 1.15, not greater than the threshold of 1.5","start_date_fct * Status","Full date x Status interaction used",0,NA,"reef_associated_richness"
"2021-01-21",8.38775875805306,0.7901098559983902,Inf,6.9737194659486486,10.088518376287357,"2021-01-21","Pre-bloom","Rapid Head - Rapid Head Sanctuary Zone","Reef associated species richness","Poisson (log link)","poisson","log","Poisson retained: Pearson dispersion ratio = 1.15, not greater than the threshold of 1.5","start_date_fct * Status","Full date x Status interaction used",0,NA,"reef_associated_richness"
"2025-02-27",9.124899479277754,0.8440307661124529,Inf,7.611916911430547,10.938610007932319,"2025-02-27","Pre-bloom","Rapid Head - Rapid Head Sanctuary Zone","Reef associated species richness","Poisson (log link)","poisson","log","Poisson retained: Pearson dispersion ratio = 1.15, not greater than the threshold of 1.5","start_date_fct * Status","Full date x Status interaction used",0,NA,"reef_associated_richness"
"2025-12-10",6.7104518715536186,0.670187663288725,Inf,5.517475152099244,8.161371475013302,"2025-12-10","Bloom","Rapid Head - Rapid Head Sanctuary Zone","Reef associated species richness","Poisson (log link)","poisson","log","Poisson retained: Pearson dispersion ratio = 1.15, not greater than the threshold of 1.5","start_date_fct * Status","Full date x Status interaction used",0,NA,"reef_associated_richness"
"2016-01-20",13.539612706055475,1.0751591489131436,Inf,11.588138537575997,15.819720452559064,"2016-01-20","Pre-bloom","Sponge Gardens - Sponge Gardens Sanctuary Zone","Reef associated species richness","Negative binomial nbinom2 (log link)","nbinom2","log","nbinom2 selected: Poisson Pearson dispersion ratio = 1.607, greater than the threshold of 1.5","start_date_fct * Status","Full date x Status interaction used",0,NA,"reef_associated_richness"
"2016-12-06",9.214367463353888,0.8000654567093177,Inf,7.772439799278035,10.923798696723434,"2016-12-06","Pre-bloom","Sponge Gardens - Sponge Gardens Sanctuary Zone","Reef associated species richness","Negative binomial nbinom2 (log link)","nbinom2","log","nbinom2 selected: Poisson Pearson dispersion ratio = 1.607, greater than the threshold of 1.5","start_date_fct * Status","Full date x Status interaction used",0,NA,"reef_associated_richness"
"2017-12-05",13.527042422833654,1.7962394315727872,Inf,10.427323307400885,17.5482116852816,"2017-12-05","Pre-bloom","Sponge Gardens - Sponge Gardens Sanctuary Zone","Reef associated species richness","Negative binomial nbinom2 (log link)","nbinom2","log","nbinom2 selected: Poisson Pearson dispersion ratio = 1.607, greater than the threshold of 1.5","start_date_fct * Status","Full date x Status interaction used",0,NA,"reef_associated_richness"
"2018-01-17",9.743651983042824,1.0087275471467432,Inf,7.954259006181118,11.935587449802563,"2018-01-17","Pre-bloom","Sponge Gardens - Sponge Gardens Sanctuary Zone","Reef associated species richness","Negative binomial nbinom2 (log link)","nbinom2","log","nbinom2 selected: Poisson Pearson dispersion ratio = 1.607, greater than the threshold of 1.5","start_date_fct * Status","Full date x Status interaction used",0,NA,"reef_associated_richness"
"2019-01-22",11.338641799879879,0.9059404810413735,Inf,9.695078022670854,13.260831688548437,"2019-01-22","Pre-bloom","Sponge Gardens - Sponge Gardens Sanctuary Zone","Reef associated species richness","Negative binomial nbinom2 (log link)","nbinom2","log","nbinom2 selected: Poisson Pearson dispersion ratio = 1.607, greater than the threshold of 1.5","start_date_fct * Status","Full date x Status interaction used",0,NA,"reef_associated_richness"
"2021-01-21",11.693419080487637,0.9257073298213994,Inf,10.0128175807842,13.656101161208133,"2021-01-21","Pre-bloom","Sponge Gardens - Sponge Gardens Sanctuary Zone","Reef associated species richness","Negative binomial nbinom2 (log link)","nbinom2","log","nbinom2 selected: Poisson Pearson dispersion ratio = 1.607, greater than the threshold of 1.5","start_date_fct * Status","Full date x Status interaction used",0,NA,"reef_associated_richness"
"2025-04-02",10.911249576889128,0.9034153813401257,Inf,9.276791950041535,12.83367870814761,"2025-04-02","Bloom","Sponge Gardens - Sponge Gardens Sanctuary Zone","Reef associated species richness","Negative binomial nbinom2 (log link)","nbinom2","log","nbinom2 selected: Poisson Pearson dispersion ratio = 1.607, greater than the threshold of 1.5","start_date_fct * Status","Full date x Status interaction used",0,NA,"reef_associated_richness"
"2026-01-27",11.437670718683952,0.9310245043135339,Inf,9.75101724724707,13.41606810366106,"2026-01-27","Bloom","Sponge Gardens - Sponge Gardens Sanctuary Zone","Reef associated species richness","Negative binomial nbinom2 (log link)","nbinom2","log","nbinom2 selected: Poisson Pearson dispersion ratio = 1.607, greater than the threshold of 1.5","start_date_fct * Status","Full date x Status interaction used",0,NA,"reef_associated_richness"
"2016-04-19",6.129092893466733,1.4827132414205324,Inf,3.8148604209645813,9.847222585209542,"2016-04-19","Pre-bloom","The Pages - The Pages Sanctuary Zone","Reef associated species richness","Poisson (log link)","poisson","log","Poisson retained: Pearson dispersion ratio = 0.948, not greater than the threshold of 1.5","start_date_fct * Status","Full date x Status interaction used",0,NA,"reef_associated_richness"
"2017-06-02",7.054718288400882,1.699320376101235,Inf,4.399918999282347,11.31135599014789,"2017-06-02","Pre-bloom","The Pages - The Pages Sanctuary Zone","Reef associated species richness","Poisson (log link)","poisson","log","Poisson retained: Pearson dispersion ratio = 0.948, not greater than the threshold of 1.5","start_date_fct * Status","Full date x Status interaction used",0,NA,"reef_associated_richness"
"2018-06-26",6.925537319861309,1.6713104648039703,Inf,4.315554702272919,11.113998194375927,"2018-06-26","Pre-bloom","The Pages - The Pages Sanctuary Zone","Reef associated species richness","Poisson (log link)","poisson","log","Poisson retained: Pearson dispersion ratio = 0.948, not greater than the threshold of 1.5","start_date_fct * Status","Full date x Status interaction used",0,NA,"reef_associated_richness"
"2019-06-06",6.9989362730696305,1.6828395182404632,Inf,4.368851486784154,11.212353888126103,"2019-06-06","Pre-bloom","The Pages - The Pages Sanctuary Zone","Reef associated species richness","Poisson (log link)","poisson","log","Poisson retained: Pearson dispersion ratio = 0.948, not greater than the threshold of 1.5","start_date_fct * Status","Full date x Status interaction used",0,NA,"reef_associated_richness"
"2021-05-20",5.910537679280248,1.4371930837531786,Inf,3.6698704408144835,9.519261298619105,"2021-05-20","Pre-bloom","The Pages - The Pages Sanctuary Zone","Reef associated species richness","Poisson (log link)","poisson","log","Poisson retained: Pearson dispersion ratio = 0.948, not greater than the threshold of 1.5","start_date_fct * Status","Full date x Status interaction used",0,NA,"reef_associated_richness"
"2025-04-09",3.5917559103698795,0.9167393566609321,Inf,2.177965384078634,5.923285380926509,"2025-04-09","Bloom","The Pages - The Pages Sanctuary Zone","Reef associated species richness","Poisson (log link)","poisson","log","Poisson retained: Pearson dispersion ratio = 0.948, not greater than the threshold of 1.5","start_date_fct * Status","Full date x Status interaction used",0,NA,"reef_associated_richness"
"2025-12-02",4.3388494679159955,1.071520082830926,Inf,2.6740053872158676,7.040230657439271,"2025-12-02","Bloom","The Pages - The Pages Sanctuary Zone","Reef associated species richness","Poisson (log link)","poisson","log","Poisson retained: Pearson dispersion ratio = 0.948, not greater than the threshold of 1.5","start_date_fct * Status","Full date x Status interaction used",0,NA,"reef_associated_richness"
"2026-03-01",7.304820672537189,1.7524943148948058,Inf,4.564554575168226,11.690166954781143,"2026-03-01","Bloom","The Pages - The Pages Sanctuary Zone","Reef associated species richness","Poisson (log link)","poisson","log","Poisson retained: Pearson dispersion ratio = 0.948, not greater than the threshold of 1.5","start_date_fct * Status","Full date x Status interaction used",0,NA,"reef_associated_richness"
"2017-11-28",2.4595716373440504,1.9756706227511986,Inf,0.5094775096125803,11.873914991512546,"2017-11-28","Pre-bloom","Victor Harbor - Encounter Bay Sanctuary Zone","Reef associated species richness","Poisson (log link)","poisson","log","Poisson retained: Pearson dispersion ratio = 1.062, not greater than the threshold of 1.5","start_date_fct","Date-only model used because Status was not represented at every retained sampling date",0,NA,"reef_associated_richness"
"2018-11-27",2.763897684328865,2.280133907223588,Inf,0.5486632158824605,13.923168509031203,"2018-11-27","Pre-bloom","Victor Harbor - Encounter Bay Sanctuary Zone","Reef associated species richness","Poisson (log link)","poisson","log","Poisson retained: Pearson dispersion ratio = 1.062, not greater than the threshold of 1.5","start_date_fct","Date-only model used because Status was not represented at every retained sampling date",0,NA,"reef_associated_richness"
"2021-11-23",2.5796413168062085,2.074009333372652,Inf,0.5335813443768197,12.471480484659091,"2021-11-23","Pre-bloom","Victor Harbor - Encounter Bay Sanctuary Zone","Reef associated species richness","Poisson (log link)","poisson","log","Poisson retained: Pearson dispersion ratio = 1.062, not greater than the threshold of 1.5","start_date_fct","Date-only model used because Status was not represented at every retained sampling date",0,NA,"reef_associated_richness"
"2025-10-30",3.1742354844009553,2.531136540710075,Inf,0.6651057756445391,15.149125566780658,"2025-10-30","Bloom","Victor Harbor - Encounter Bay Sanctuary Zone","Reef associated species richness","Poisson (log link)","poisson","log","Poisson retained: Pearson dispersion ratio = 1.062, not greater than the threshold of 1.5","start_date_fct","Date-only model used because Status was not represented at every retained sampling date",0,NA,"reef_associated_richness"
"2026-01-23",2.9707595786657945,2.369702502855615,Inf,0.6221352131877084,14.185682287640898,"2026-01-23","Bloom","Victor Harbor - Encounter Bay Sanctuary Zone","Reef associated species richness","Poisson (log link)","poisson","log","Poisson retained: Pearson dispersion ratio = 1.062, not greater than the threshold of 1.5","start_date_fct","Date-only model used because Status was not represented at every retained sampling date",0,NA,"reef_associated_richness"
"2017-04-12",0.2465130689115753,0.1432039843108194,Inf,0.07895166378858569,0.7696949022749867,"2017-04-12","Pre-bloom","Windara Reef - Windara Shell fish Reef Sanctuary Zone","Reef associated species richness","Poisson (log link)","poisson","log","Poisson retained: Pearson dispersion ratio = 0.886, not greater than the threshold of 1.5","start_date_fct + Status","Additive date + Status model used because 2 observed date x Status cell(s) contained all zeros",2,NA,"reef_associated_richness"
"2017-11-23",0.4930261497295595,0.20375737665026522,Inf,0.21932401777544058,1.1082907689846861,"2017-11-23","Pre-bloom","Windara Reef - Windara Shell fish Reef Sanctuary Zone","Reef associated species richness","Poisson (log link)","poisson","log","Poisson retained: Pearson dispersion ratio = 0.886, not greater than the threshold of 1.5","start_date_fct + Status","Additive date + Status model used because 2 observed date x Status cell(s) contained all zeros",2,NA,"reef_associated_richness"
"2018-04-24",0.41085513891393766,0.18562873990388548,Inf,0.16947544188228564,0.9960259923041683,"2018-04-24","Pre-bloom","Windara Reef - Windara Shell fish Reef Sanctuary Zone","Reef associated species richness","Poisson (log link)","poisson","log","Poisson retained: Pearson dispersion ratio = 0.886, not greater than the threshold of 1.5","start_date_fct + Status","Additive date + Status model used because 2 observed date x Status cell(s) contained all zeros",2,NA,"reef_associated_richness"
"2018-11-29",0.4108551284552428,0.18562873749337847,Inf,0.1694754356966419,0.9960259779483711,"2018-11-29","Pre-bloom","Windara Reef - Windara Shell fish Reef Sanctuary Zone","Reef associated species richness","Poisson (log link)","poisson","log","Poisson retained: Pearson dispersion ratio = 0.886, not greater than the threshold of 1.5","start_date_fct + Status","Additive date + Status model used because 2 observed date x Status cell(s) contained all zeros",2,NA,"reef_associated_richness"
"2019-10-22",0.16434205003504498,0.11668665759447043,Inf,0.04086729679299519,0.6608782946062279,"2019-10-22","Pre-bloom","Windara Reef - Windara Shell fish Reef Sanctuary Zone","Reef associated species richness","Poisson (log link)","poisson","log","Poisson retained: Pearson dispersion ratio = 0.886, not greater than the threshold of 1.5","start_date_fct + Status","Additive date + Status model used because 2 observed date x Status cell(s) contained all zeros",2,NA,"reef_associated_richness"
"2020-10-28",0.657368232846331,0.23622571385785632,Inf,0.32503405770159227,1.3295006579041055,"2020-10-28","Pre-bloom","Windara Reef - Windara Shell fish Reef Sanctuary Zone","Reef associated species richness","Poisson (log link)","poisson","log","Poisson retained: Pearson dispersion ratio = 0.886, not greater than the threshold of 1.5","start_date_fct + Status","Additive date + Status model used because 2 observed date x Status cell(s) contained all zeros",2,NA,"reef_associated_richness"
"2025-10-24",0.73953923271215,0.25105589310641974,Inf,0.38018820555912264,1.4385461429981816,"2025-10-24","Bloom","Windara Reef - Windara Shell fish Reef Sanctuary Zone","Reef associated species richness","Poisson (log link)","poisson","log","Poisson retained: Pearson dispersion ratio = 0.886, not greater than the threshold of 1.5","start_date_fct + Status","Additive date + Status model used because 2 observed date x Status cell(s) contained all zeros",2,NA,"reef_associated_richness"
"2014-09-03",1.8828689103228107,0.20090875095255242,Inf,1.4890949942768807,2.2766428263687404,"2014-09-03","Pre-bloom","Aldinga - Aldinga Reef Sanctuary Zone","Shannon diversity","gaussian (identity link)","gaussian","identity","gaussian identity model was specified for a continuous diversity index","start_date_fct","Date-only model used because Status was not represented at every retained sampling date",0,NA,"shannon_diversity"
"2015-12-10",1.0754689228953638,0.18239935722053677,Inf,0.717972751939856,1.4329650938508716,"2015-12-10","Pre-bloom","Aldinga - Aldinga Reef Sanctuary Zone","Shannon diversity","gaussian (identity link)","gaussian","identity","gaussian identity model was specified for a continuous diversity index","start_date_fct","Date-only model used because Status was not represented at every retained sampling date",0,NA,"shannon_diversity"
"2016-02-12",1.3615636204757107,0.21576348021115818,Inf,0.9386749700828201,1.7844522708686013,"2016-02-12","Pre-bloom","Aldinga - Aldinga Reef Sanctuary Zone","Shannon diversity","gaussian (identity link)","gaussian","identity","gaussian identity model was specified for a continuous diversity index","start_date_fct","Date-only model used because Status was not represented at every retained sampling date",0,NA,"shannon_diversity"
"2016-11-19",1.9948175669551673,0.23125160112037457,Inf,1.5415727573920108,2.448062376518324,"2016-11-19","Pre-bloom","Aldinga - Aldinga Reef Sanctuary Zone","Shannon diversity","gaussian (identity link)","gaussian","identity","gaussian identity model was specified for a continuous diversity index","start_date_fct","Date-only model used because Status was not represented at every retained sampling date",0,NA,"shannon_diversity"
"2019-12-07",1.5541768792074104,0.2049965137728228,Inf,1.1523910952564087,1.9559626631584122,"2019-12-07","Pre-bloom","Aldinga - Aldinga Reef Sanctuary Zone","Shannon diversity","gaussian (identity link)","gaussian","identity","gaussian identity model was specified for a continuous diversity index","start_date_fct","Date-only model used because Status was not represented at every retained sampling date",0,NA,"shannon_diversity"
"2020-11-26",1.3908749415499577,0.23125164398348177,Inf,0.9376300479766548,1.8441198351232606,"2020-11-26","Pre-bloom","Aldinga - Aldinga Reef Sanctuary Zone","Shannon diversity","gaussian (identity link)","gaussian","identity","gaussian identity model was specified for a continuous diversity index","start_date_fct","Date-only model used because Status was not represented at every retained sampling date",0,NA,"shannon_diversity"
"2021-11-22",1.6740176714409654,0.2664308399132886,Inf,1.151822820840163,2.1962125220417676,"2021-11-22","Pre-bloom","Aldinga - Aldinga Reef Sanctuary Zone","Shannon diversity","gaussian (identity link)","gaussian","identity","gaussian identity model was specified for a continuous diversity index","start_date_fct","Date-only model used because Status was not represented at every retained sampling date",0,NA,"shannon_diversity"
"2025-02-06",1.3504448173954535,0.1730208943668665,Inf,1.011330095863486,1.689559538927421,"2025-02-06","Pre-bloom","Aldinga - Aldinga Reef Sanctuary Zone","Shannon diversity","gaussian (identity link)","gaussian","identity","gaussian identity model was specified for a continuous diversity index","start_date_fct","Date-only model used because Status was not represented at every retained sampling date",0,NA,"shannon_diversity"
"2026-02-21",1.3107590940445655,0.15216467273885798,Inf,1.0125218157570801,1.6089963723320508,"2026-02-21","Bloom","Aldinga - Aldinga Reef Sanctuary Zone","Shannon diversity","gaussian (identity link)","gaussian","identity","gaussian identity model was specified for a continuous diversity index","start_date_fct","Date-only model used because Status was not represented at every retained sampling date",0,NA,"shannon_diversity"
"2016-05-24",0.8077052252119512,0.07992772153734302,Inf,0.6510497696324125,0.96436068079149,"2016-05-24","Pre-bloom","Bay of Shoals - Bay of Shoals Sanctuary Zone","Shannon diversity","gaussian (identity link)","gaussian","identity","gaussian identity model was specified for a continuous diversity index","start_date_fct * Status","Full date x Status interaction used",0,NA,"shannon_diversity"
"2017-04-05",1.2228036403307008,0.07992772152917427,Inf,1.0661481847671725,1.379459095894229,"2017-04-05","Pre-bloom","Bay of Shoals - Bay of Shoals Sanctuary Zone","Shannon diversity","gaussian (identity link)","gaussian","identity","gaussian identity model was specified for a continuous diversity index","start_date_fct * Status","Full date x Status interaction used",0,NA,"shannon_diversity"
"2018-03-28",1.3715241853289883,0.07992772152917417,Inf,1.2148687297654603,1.5281796408925163,"2018-03-28","Pre-bloom","Bay of Shoals - Bay of Shoals Sanctuary Zone","Shannon diversity","gaussian (identity link)","gaussian","identity","gaussian identity model was specified for a continuous diversity index","start_date_fct * Status","Full date x Status interaction used",0,NA,"shannon_diversity"
"2026-03-24",1.1993908204719155,0.07992772152917574,Inf,1.0427353649083844,1.3560462760354466,"2026-03-24","Bloom","Bay of Shoals - Bay of Shoals Sanctuary Zone","Shannon diversity","gaussian (identity link)","gaussian","identity","gaussian identity model was specified for a continuous diversity index","start_date_fct * Status","Full date x Status interaction used",0,NA,"shannon_diversity"
"2021-10-11",1.7025368632412252,0.11281434229961863,Inf,1.4814248153943992,1.9236489110880512,"2021-10-11","Pre-bloom","Boston Bay","Shannon diversity","gaussian (identity link)","gaussian","identity","gaussian identity model was specified for a continuous diversity index","start_date_fct","Date-only fixed effect used",0,NA,"shannon_diversity"
"2022-05-10",1.3144530724336894,0.11281434229962176,Inf,1.0933410245868571,1.5355651202805216,"2022-05-10","Pre-bloom","Boston Bay","Shannon diversity","gaussian (identity link)","gaussian","identity","gaussian identity model was specified for a continuous diversity index","start_date_fct","Date-only fixed effect used",0,NA,"shannon_diversity"
"2024-03-25",0.44931550943622733,0.12578677814639402,Inf,0.20277795453796515,0.6958530643344896,"2024-03-25","Pre-bloom","Boston Bay","Shannon diversity","gaussian (identity link)","gaussian","identity","gaussian identity model was specified for a continuous diversity index","start_date_fct","Date-only fixed effect used",0,NA,"shannon_diversity"
"2024-11-14",1.5753004564039157,0.12478774463266695,Inf,1.330720971211907,1.8198799415959244,"2024-11-14","Pre-bloom","Boston Bay","Shannon diversity","gaussian (identity link)","gaussian","identity","gaussian identity model was specified for a continuous diversity index","start_date_fct","Date-only fixed effect used",0,NA,"shannon_diversity"
"2025-05-22",1.4735866006474223,0.12478774463271053,Inf,1.2290071154553284,1.7181660858395162,"2025-05-22","Bloom","Boston Bay","Shannon diversity","gaussian (identity link)","gaussian","identity","gaussian identity model was specified for a continuous diversity index","start_date_fct","Date-only fixed effect used",0,NA,"shannon_diversity"
"2025-11-11",1.4407784542250717,0.12685475610114827,Inf,1.1921477009992085,1.6894092074509348,"2025-11-11","Bloom","Boston Bay","Shannon diversity","gaussian (identity link)","gaussian","identity","gaussian identity model was specified for a continuous diversity index","start_date_fct","Date-only fixed effect used",0,NA,"shannon_diversity"
"2017-01-12",1.9243505557808231,0.06632438785274973,Inf,1.794357144292768,2.0543439672688786,"2017-01-12","Pre-bloom","Cape Elizabeth - Cape Elizabeth Sanctuary Zone","Shannon diversity","gaussian (identity link)","gaussian","identity","gaussian identity model was specified for a continuous diversity index","start_date_fct * Status","Full date x Status interaction used",0,NA,"shannon_diversity"
"2026-03-10",1.8039333643955044,0.06632438785275262,Inf,1.6739399529074435,1.9339267758835654,"2026-03-10","Bloom","Cape Elizabeth - Cape Elizabeth Sanctuary Zone","Shannon diversity","gaussian (identity link)","gaussian","identity","gaussian identity model was specified for a continuous diversity index","start_date_fct * Status","Full date x Status interaction used",0,NA,"shannon_diversity"
"2015-12-10",1.6985258798832858,0.13005543665535513,Inf,1.4436219080451596,1.9534298517214121,"2015-12-10","Pre-bloom","Carrickalinga - Carrickalinga Cliffs Sanctuary Zone","Shannon diversity","gaussian (identity link)","gaussian","identity","gaussian identity model was specified for a continuous diversity index","start_date_fct","Date-only model used because Status was not represented at every retained sampling date",0,NA,"shannon_diversity"
"2016-12-06",1.5345217164533553,0.11571767285855927,Inf,1.307719245275791,1.7613241876309196,"2016-12-06","Pre-bloom","Carrickalinga - Carrickalinga Cliffs Sanctuary Zone","Shannon diversity","gaussian (identity link)","gaussian","identity","gaussian identity model was specified for a continuous diversity index","start_date_fct","Date-only model used because Status was not represented at every retained sampling date",0,NA,"shannon_diversity"
"2017-12-05",1.817016813785485,0.1157176728585531,Inf,1.5902143426079327,2.043819284963037,"2017-12-05","Pre-bloom","Carrickalinga - Carrickalinga Cliffs Sanctuary Zone","Shannon diversity","gaussian (identity link)","gaussian","identity","gaussian identity model was specified for a continuous diversity index","start_date_fct","Date-only model used because Status was not represented at every retained sampling date",0,NA,"shannon_diversity"
"2018-12-11",1.748768132751058,0.11820650969185027,Inf,1.5170876310168466,1.9804486344852694,"2018-12-11","Pre-bloom","Carrickalinga - Carrickalinga Cliffs Sanctuary Zone","Shannon diversity","gaussian (identity link)","gaussian","identity","gaussian identity model was specified for a continuous diversity index","start_date_fct","Date-only model used because Status was not represented at every retained sampling date",0,NA,"shannon_diversity"
"2020-12-04",1.7581228518582663,0.11571767285855346,Inf,1.5313203806807134,1.9849253230358193,"2020-12-04","Pre-bloom","Carrickalinga - Carrickalinga Cliffs Sanctuary Zone","Shannon diversity","gaussian (identity link)","gaussian","identity","gaussian identity model was specified for a continuous diversity index","start_date_fct","Date-only model used because Status was not represented at every retained sampling date",0,NA,"shannon_diversity"
"2025-02-06",2.4982623372518358,0.2834492527257664,Inf,1.942712010464542,3.0538126640391297,"2025-02-06","Pre-bloom","Carrickalinga - Carrickalinga Cliffs Sanctuary Zone","Shannon diversity","gaussian (identity link)","gaussian","identity","gaussian identity model was specified for a continuous diversity index","start_date_fct","Date-only model used because Status was not represented at every retained sampling date",0,NA,"shannon_diversity"
"2025-02-20",1.9178713056276258,0.11820650969188598,Inf,1.6861908038933444,2.149551807361907,"2025-02-20","Pre-bloom","Carrickalinga - Carrickalinga Cliffs Sanctuary Zone","Shannon diversity","gaussian (identity link)","gaussian","identity","gaussian identity model was specified for a continuous diversity index","start_date_fct","Date-only model used because Status was not represented at every retained sampling date",0,NA,"shannon_diversity"
"2025-12-17",1.7797682344561911,0.11571767285854744,Inf,1.55296576327865,2.0065707056337323,"2025-12-17","Bloom","Carrickalinga - Carrickalinga Cliffs Sanctuary Zone","Shannon diversity","gaussian (identity link)","gaussian","identity","gaussian identity model was specified for a continuous diversity index","start_date_fct","Date-only model used because Status was not represented at every retained sampling date",0,NA,"shannon_diversity"
"2015-11-15",1.9960222019028946,0.0939396699560471,Inf,1.811903832069463,2.1801405717363265,"2015-11-15","Pre-bloom","Chinamans Hat - Chinamans Hat Sanctuary Zone","Shannon diversity","gaussian (identity link)","gaussian","identity","gaussian identity model was specified for a continuous diversity index","start_date_fct * Status","Full date x Status interaction used",0,NA,"shannon_diversity"
"2025-12-04",1.8674269314940624,0.09797050868906503,Inf,1.6754082629164264,2.0594456000716983,"2025-12-04","Bloom","Chinamans Hat - Chinamans Hat Sanctuary Zone","Shannon diversity","gaussian (identity link)","gaussian","identity","gaussian identity model was specified for a continuous diversity index","start_date_fct * Status","Full date x Status interaction used",0,NA,"shannon_diversity"
"2017-01-12",0.49041767067255504,0.09483655536012424,Inf,0.30454143774887255,0.6762939035962375,"2017-01-12","Pre-bloom","Cuttlefish Coast - Fairway Bank Sanctuary Zone","Shannon diversity","gaussian (identity link)","gaussian","identity","gaussian identity model was specified for a continuous diversity index","start_date_fct * Status","Full date x Status interaction used",0,NA,"shannon_diversity"
"2026-02-16",0.5550776734848947,0.08657353442170074,Inf,0.3853966640040226,0.7247586829657667,"2026-02-16","Bloom","Cuttlefish Coast - Fairway Bank Sanctuary Zone","Shannon diversity","gaussian (identity link)","gaussian","identity","gaussian identity model was specified for a continuous diversity index","start_date_fct * Status","Full date x Status interaction used",0,NA,"shannon_diversity"
"2016-01-19",1.835042551161727,0.2520468064704129,92,1.3344558375996103,2.3356292647238437,"2016-01-19","Pre-bloom","Dangerous Reef - Dangerous Reef Sanctuary Zone","Shannon diversity","gaussian (identity link)","gaussian","identity","gaussian identity model was specified for a continuous diversity index","start_date_fct","Date-only fixed effect used",0,NA,"shannon_diversity"
"2017-02-25",2.4433251304877825,0.17822400602433586,92,2.0893568707706334,2.7972933902049317,"2017-02-25","Pre-bloom","Dangerous Reef - Dangerous Reef Sanctuary Zone","Shannon diversity","gaussian (identity link)","gaussian","identity","gaussian identity model was specified for a continuous diversity index","start_date_fct","Date-only fixed effect used",0,NA,"shannon_diversity"
"2019-02-16",2.1003747186983395,0.13162715177802564,92,1.8389518336127533,2.3617976037839257,"2019-02-16","Pre-bloom","Dangerous Reef - Dangerous Reef Sanctuary Zone","Shannon diversity","gaussian (identity link)","gaussian","identity","gaussian identity model was specified for a continuous diversity index","start_date_fct","Date-only fixed effect used",0,NA,"shannon_diversity"
"2020-04-10",1.4728556891055133,0.12602340322852787,92,1.2225623323377193,1.7231490458733074,"2020-04-10","Pre-bloom","Dangerous Reef - Dangerous Reef Sanctuary Zone","Shannon diversity","gaussian (identity link)","gaussian","identity","gaussian identity model was specified for a continuous diversity index","start_date_fct","Date-only fixed effect used",0,NA,"shannon_diversity"
"2022-03-16",2.4433279302470985,0.1782240060227797,92,2.0893596705330397,2.7972961899611573,"2022-03-16","Pre-bloom","Dangerous Reef - Dangerous Reef Sanctuary Zone","Shannon diversity","gaussian (identity link)","gaussian","identity","gaussian identity model was specified for a continuous diversity index","start_date_fct","Date-only fixed effect used",0,NA,"shannon_diversity"
"2025-11-10",2.4576776868494177,0.17822400602332894,92,2.1037094271342682,2.811645946564567,"2025-11-10","Bloom","Dangerous Reef - Dangerous Reef Sanctuary Zone","Shannon diversity","gaussian (identity link)","gaussian","identity","gaussian identity model was specified for a continuous diversity index","start_date_fct","Date-only fixed effect used",0,NA,"shannon_diversity"
"2026-04-08",2.300660657908784,0.17822400602217625,92,1.9466923981959239,2.654628917621644,"2026-04-08","Bloom","Dangerous Reef - Dangerous Reef Sanctuary Zone","Shannon diversity","gaussian (identity link)","gaussian","identity","gaussian identity model was specified for a continuous diversity index","start_date_fct","Date-only fixed effect used",0,NA,"shannon_diversity"
"2020-10-13",1.1844499276325084,0.21221882682824916,Inf,0.7685086702077977,1.6003911850572192,"2020-10-13","Pre-bloom","Glenelg","Shannon diversity","gaussian (identity link)","gaussian","identity","gaussian identity model was specified for a continuous diversity index","start_date_fct","Date-only fixed effect used",0,NA,"shannon_diversity"
"2021-10-25",1.3689383029928692,0.20879114074494565,Inf,0.9597151868417424,1.778161419143996,"2021-10-25","Pre-bloom","Glenelg","Shannon diversity","gaussian (identity link)","gaussian","identity","gaussian identity model was specified for a continuous diversity index","start_date_fct","Date-only fixed effect used",0,NA,"shannon_diversity"
"2022-12-02",1.1995356579418022,0.20569212806838258,Inf,0.796386495024372,1.6026848208592324,"2022-12-02","Pre-bloom","Glenelg","Shannon diversity","gaussian (identity link)","gaussian","identity","gaussian identity model was specified for a continuous diversity index","start_date_fct","Date-only fixed effect used",0,NA,"shannon_diversity"
"2023-11-23",1.4810573584717883,0.2056921280683681,Inf,1.0779081955543866,1.88420652138919,"2023-11-23","Pre-bloom","Glenelg","Shannon diversity","gaussian (identity link)","gaussian","identity","gaussian identity model was specified for a continuous diversity index","start_date_fct","Date-only fixed effect used",0,NA,"shannon_diversity"
"2025-10-21",0.40098690958541006,0.20132143141418898,Inf,0.006404154697549069,0.795569664473271,"2025-10-21","Bloom","Glenelg","Shannon diversity","gaussian (identity link)","gaussian","identity","gaussian identity model was specified for a continuous diversity index","start_date_fct","Date-only fixed effect used",0,NA,"shannon_diversity"
"2026-03-20",0.9635839675306425,0.19889515063573346,Inf,0.5737566355849362,1.3534112994763488,"2026-03-20","Bloom","Glenelg","Shannon diversity","gaussian (identity link)","gaussian","identity","gaussian identity model was specified for a continuous diversity index","start_date_fct","Date-only fixed effect used",0,NA,"shannon_diversity"
"2014-09-03",1.6452005800628458,0.13652121250064692,Inf,1.3776239204358385,1.912777239689853,"2014-09-03","Pre-bloom","Middle/Long Spit - Middle Spit Sanctuary Zone","Shannon diversity","gaussian (identity link)","gaussian","identity","gaussian identity model was specified for a continuous diversity index","start_date_fct","Date-only model used because Status was not represented at every retained sampling date",0,NA,"shannon_diversity"
"2015-01-07",1.8043646687344204,0.069728744233331,Inf,1.6676988413498866,1.9410304961189542,"2015-01-07","Pre-bloom","Middle/Long Spit - Middle Spit Sanctuary Zone","Shannon diversity","gaussian (identity link)","gaussian","identity","gaussian identity model was specified for a continuous diversity index","start_date_fct","Date-only model used because Status was not represented at every retained sampling date",0,NA,"shannon_diversity"
"2016-01-10",1.6510054216352152,0.07297365759436722,Inf,1.5079796809300978,1.7940311623403327,"2016-01-10","Pre-bloom","Middle/Long Spit - Middle Spit Sanctuary Zone","Shannon diversity","gaussian (identity link)","gaussian","identity","gaussian identity model was specified for a continuous diversity index","start_date_fct","Date-only model used because Status was not represented at every retained sampling date",0,NA,"shannon_diversity"
"2016-03-11",1.9255966265490594,0.13652121250064828,Inf,1.6580199669220494,2.1931732861760693,"2016-03-11","Pre-bloom","Middle/Long Spit - Middle Spit Sanctuary Zone","Shannon diversity","gaussian (identity link)","gaussian","identity","gaussian identity model was specified for a continuous diversity index","start_date_fct","Date-only model used because Status was not represented at every retained sampling date",0,NA,"shannon_diversity"
"2026-01-26",1.1642891000456306,0.06826060624449404,Inf,1.0305007702435525,1.2980774298477087,"2026-01-26","Bloom","Middle/Long Spit - Middle Spit Sanctuary Zone","Shannon diversity","gaussian (identity link)","gaussian","identity","gaussian identity model was specified for a continuous diversity index","start_date_fct","Date-only model used because Status was not represented at every retained sampling date",0,NA,"shannon_diversity"
"2015-04-28",1.5142040344833203,0.23341434880904388,Inf,1.0567203173427249,1.9716877516239157,"2015-04-28","Pre-bloom","O'Sullivan","Shannon diversity","gaussian (identity link)","gaussian","identity","gaussian identity model was specified for a continuous diversity index","start_date_fct","Date-only fixed effect used",0,NA,"shannon_diversity"
"2015-10-09",0.5900455880211329,0.23341432220811262,Inf,0.1325619230174046,1.0475292530248612,"2015-10-09","Pre-bloom","O'Sullivan","Shannon diversity","gaussian (identity link)","gaussian","identity","gaussian identity model was specified for a continuous diversity index","start_date_fct","Date-only fixed effect used",0,NA,"shannon_diversity"
"2021-10-12",1.4013435245176065,0.19335901576487857,Inf,1.022366817532332,1.780320231502881,"2021-10-12","Pre-bloom","O'Sullivan","Shannon diversity","gaussian (identity link)","gaussian","identity","gaussian identity model was specified for a continuous diversity index","start_date_fct","Date-only fixed effect used",0,NA,"shannon_diversity"
"2022-12-01",1.3109606758021304,0.18982370426627349,Inf,0.9389130520282523,1.6830082995760085,"2022-12-01","Pre-bloom","O'Sullivan","Shannon diversity","gaussian (identity link)","gaussian","identity","gaussian identity model was specified for a continuous diversity index","start_date_fct","Date-only fixed effect used",0,NA,"shannon_diversity"
"2023-12-01",1.334669357637503,0.18982370319910064,Inf,0.9626217359552453,1.706716979319761,"2023-12-01","Pre-bloom","O'Sullivan","Shannon diversity","gaussian (identity link)","gaussian","identity","gaussian identity model was specified for a continuous diversity index","start_date_fct","Date-only fixed effect used",0,NA,"shannon_diversity"
"2024-12-19",0.9918778442131243,0.18982370424343065,Inf,0.6198302204840174,1.3639254679422312,"2024-12-19","Pre-bloom","O'Sullivan","Shannon diversity","gaussian (identity link)","gaussian","identity","gaussian identity model was specified for a continuous diversity index","start_date_fct","Date-only fixed effect used",0,NA,"shannon_diversity"
"2025-02-04",1.5488469884362335,0.24073994857990985,Inf,1.0770053595795859,2.020688617292881,"2025-02-04","Pre-bloom","O'Sullivan","Shannon diversity","gaussian (identity link)","gaussian","identity","gaussian identity model was specified for a continuous diversity index","start_date_fct","Date-only fixed effect used",0,NA,"shannon_diversity"
"2025-11-13",0.7539021096292188,0.17104354360378948,Inf,0.41866292437768515,1.0891412948807524,"2025-11-13","Bloom","O'Sullivan","Shannon diversity","gaussian (identity link)","gaussian","identity","gaussian identity model was specified for a continuous diversity index","start_date_fct","Date-only fixed effect used",0,NA,"shannon_diversity"
"2026-03-06",1.1386325008012828,0.17162522637366162,Inf,0.8022532382703722,1.4750117633321933,"2026-03-06","Bloom","O'Sullivan","Shannon diversity","gaussian (identity link)","gaussian","identity","gaussian identity model was specified for a continuous diversity index","start_date_fct","Date-only fixed effect used",0,NA,"shannon_diversity"
"2014-09-03",0.6166586599036026,0.07797130517856353,Inf,0.4638377099260367,0.7694796098811685,"2014-09-03","Pre-bloom","Offshore Ardrossan - Offshore Ardrossan Sanctuary Zone","Shannon diversity","gaussian (identity link)","gaussian","identity","gaussian identity model was specified for a continuous diversity index","start_date_fct * Status","Full date x Status interaction used",0,NA,"shannon_diversity"
"2016-03-11",0.7903369193609342,0.0830067930203171,Inf,0.627646594568942,0.9530272441529264,"2016-03-11","Pre-bloom","Offshore Ardrossan - Offshore Ardrossan Sanctuary Zone","Shannon diversity","gaussian (identity link)","gaussian","identity","gaussian identity model was specified for a continuous diversity index","start_date_fct * Status","Full date x Status interaction used",0,NA,"shannon_diversity"
"2016-11-03",0.36852320051947296,0.10761062461797341,Inf,0.15761025191438582,0.5794361491245601,"2016-11-03","Pre-bloom","Offshore Ardrossan - Offshore Ardrossan Sanctuary Zone","Shannon diversity","gaussian (identity link)","gaussian","identity","gaussian identity model was specified for a continuous diversity index","start_date_fct * Status","Full date x Status interaction used",0,NA,"shannon_diversity"
"2025-10-13",0.15082564095873605,0.09003350802252488,Inf,-0.02563679216721071,0.3272880740846828,"2025-10-13","Bloom","Offshore Ardrossan - Offshore Ardrossan Sanctuary Zone","Shannon diversity","gaussian (identity link)","gaussian","identity","gaussian identity model was specified for a continuous diversity index","start_date_fct * Status","Full date x Status interaction used",0,NA,"shannon_diversity"
"2017-02-03",2.1275247405185826,0.13244427654480104,10,1.832420502225897,2.422628978811268,"2017-02-03","Pre-bloom","Orcades Bank - Orcades Bank Sanctuary Zone","Shannon diversity","gaussian (identity link)","gaussian","identity","gaussian identity model was specified for a continuous diversity index","1","Intercept-only fixed effect used",0,"overall","shannon_diversity"
"2017-02-03",1.6570302559688705,0.09851581153498254,Inf,1.4639428134525692,1.850117698485172,"2017-02-03","Pre-bloom","Port Gibbon - Port Gibbon Sanctuary Zone","Shannon diversity","gaussian (identity link)","gaussian","identity","gaussian identity model was specified for a continuous diversity index","start_date_fct * Status","Full date x Status interaction used",0,NA,"shannon_diversity"
"2025-11-14",1.7522936650698313,0.09851581153498147,Inf,1.5592062225535321,1.9453811075861305,"2025-11-14","Bloom","Port Gibbon - Port Gibbon Sanctuary Zone","Shannon diversity","gaussian (identity link)","gaussian","identity","gaussian identity model was specified for a continuous diversity index","start_date_fct * Status","Full date x Status interaction used",0,NA,"shannon_diversity"
"2015-04-28",0.46277550083769736,0.12107280110851801,40,0.21807824208182552,0.7074727595935693,"2015-04-28","Pre-bloom","Port Noarlunga - Port Noarlunga Reef Sanctuary Zone","Shannon diversity","gaussian (identity link)","gaussian","identity","gaussian identity model was specified for a continuous diversity index","start_date_fct","Date-only fixed effect used",0,NA,"shannon_diversity"
"2015-10-09",1.6149312187790827,0.11591838179329117,40,1.3806514300525352,1.8492110075056303,"2015-10-09","Pre-bloom","Port Noarlunga - Port Noarlunga Reef Sanctuary Zone","Shannon diversity","gaussian (identity link)","gaussian","identity","gaussian identity model was specified for a continuous diversity index","start_date_fct","Date-only fixed effect used",0,NA,"shannon_diversity"
"2021-10-12",1.625867365925422,0.20077652679712615,40,1.2200828686645822,2.0316518631862617,"2021-10-12","Pre-bloom","Port Noarlunga - Port Noarlunga Reef Sanctuary Zone","Shannon diversity","gaussian (identity link)","gaussian","identity","gaussian identity model was specified for a continuous diversity index","start_date_fct","Date-only fixed effect used",0,NA,"shannon_diversity"
"2022-12-01",1.9080171133718613,0.20077652679712624,40,1.5022326161110215,2.313801610632701,"2022-12-01","Pre-bloom","Port Noarlunga - Port Noarlunga Reef Sanctuary Zone","Shannon diversity","gaussian (identity link)","gaussian","identity","gaussian identity model was specified for a continuous diversity index","start_date_fct","Date-only fixed effect used",0,NA,"shannon_diversity"
"2023-12-01",1.2717045895867818,0.20077652679714283,40,0.8659200923259084,1.6774890868476553,"2023-12-01","Pre-bloom","Port Noarlunga - Port Noarlunga Reef Sanctuary Zone","Shannon diversity","gaussian (identity link)","gaussian","identity","gaussian identity model was specified for a continuous diversity index","start_date_fct","Date-only fixed effect used",0,NA,"shannon_diversity"
"2024-12-19",1.88256317494147,0.20077652679714855,40,1.476778677680585,2.288347672202355,"2024-12-19","Pre-bloom","Port Noarlunga - Port Noarlunga Reef Sanctuary Zone","Shannon diversity","gaussian (identity link)","gaussian","identity","gaussian identity model was specified for a continuous diversity index","start_date_fct","Date-only fixed effect used",0,NA,"shannon_diversity"
"2025-02-04",1.5450480808415836,0.20077652679714914,40,1.1392635835806975,1.9508325781024698,"2025-02-04","Pre-bloom","Port Noarlunga - Port Noarlunga Reef Sanctuary Zone","Shannon diversity","gaussian (identity link)","gaussian","identity","gaussian identity model was specified for a continuous diversity index","start_date_fct","Date-only fixed effect used",0,NA,"shannon_diversity"
"2025-11-13",1.623168443014908,0.16393334766039674,40,1.2918467884079576,1.9544900976218584,"2025-11-13","Bloom","Port Noarlunga - Port Noarlunga Reef Sanctuary Zone","Shannon diversity","gaussian (identity link)","gaussian","identity","gaussian identity model was specified for a continuous diversity index","start_date_fct","Date-only fixed effect used",0,NA,"shannon_diversity"
"2015-12-10",1.7684806289978336,0.08132337697228828,Inf,1.6090897390309746,1.9278715189646927,"2015-12-10","Pre-bloom","Rapid Head - Rapid Head Sanctuary Zone","Shannon diversity","gaussian (identity link)","gaussian","identity","gaussian identity model was specified for a continuous diversity index","start_date_fct * Status","Full date x Status interaction used",0,NA,"shannon_diversity"
"2016-12-06",1.7644276158911332,0.07982845759372825,Inf,1.607966714066043,1.9208885177162234,"2016-12-06","Pre-bloom","Rapid Head - Rapid Head Sanctuary Zone","Shannon diversity","gaussian (identity link)","gaussian","identity","gaussian identity model was specified for a continuous diversity index","start_date_fct * Status","Full date x Status interaction used",0,NA,"shannon_diversity"
"2017-12-05",1.758758714042356,0.08323486742278792,Inf,1.5956213716357255,1.9218960564489864,"2017-12-05","Pre-bloom","Rapid Head - Rapid Head Sanctuary Zone","Shannon diversity","gaussian (identity link)","gaussian","identity","gaussian identity model was specified for a continuous diversity index","start_date_fct * Status","Full date x Status interaction used",0,NA,"shannon_diversity"
"2018-12-11",1.8199250445617354,0.08141332729495643,Inf,1.660357855202049,1.9794922339214218,"2018-12-11","Pre-bloom","Rapid Head - Rapid Head Sanctuary Zone","Shannon diversity","gaussian (identity link)","gaussian","identity","gaussian identity model was specified for a continuous diversity index","start_date_fct * Status","Full date x Status interaction used",0,NA,"shannon_diversity"
"2021-01-21",2.119363963960106,0.0798284575937099,Inf,1.9629030621350514,2.27582486578516,"2021-01-21","Pre-bloom","Rapid Head - Rapid Head Sanctuary Zone","Shannon diversity","gaussian (identity link)","gaussian","identity","gaussian identity model was specified for a continuous diversity index","start_date_fct * Status","Full date x Status interaction used",0,NA,"shannon_diversity"
"2025-02-27",2.1236802146978944,0.08139714123970575,Inf,1.964144749423551,2.2832156799722374,"2025-02-27","Pre-bloom","Rapid Head - Rapid Head Sanctuary Zone","Shannon diversity","gaussian (identity link)","gaussian","identity","gaussian identity model was specified for a continuous diversity index","start_date_fct * Status","Full date x Status interaction used",0,NA,"shannon_diversity"
"2025-12-10",1.7326542818582165,0.0798284575938535,Inf,1.5761933800328807,1.8891151836835522,"2025-12-10","Bloom","Rapid Head - Rapid Head Sanctuary Zone","Shannon diversity","gaussian (identity link)","gaussian","identity","gaussian identity model was specified for a continuous diversity index","start_date_fct * Status","Full date x Status interaction used",0,NA,"shannon_diversity"
"2016-01-20",2.1878888635955756,0.09140669175274317,Inf,2.0087350398142445,2.3670426873769066,"2016-01-20","Pre-bloom","Sponge Gardens - Sponge Gardens Sanctuary Zone","Shannon diversity","gaussian (identity link)","gaussian","identity","gaussian identity model was specified for a continuous diversity index","start_date_fct * Status","Full date x Status interaction used",0,NA,"shannon_diversity"
"2016-12-06",1.9202645871359527,0.08931455009017802,Inf,1.7452112856638051,2.0953178886081,"2016-12-06","Pre-bloom","Sponge Gardens - Sponge Gardens Sanctuary Zone","Shannon diversity","gaussian (identity link)","gaussian","identity","gaussian identity model was specified for a continuous diversity index","start_date_fct * Status","Full date x Status interaction used",0,NA,"shannon_diversity"
"2017-12-05",2.098443256101556,0.14962969887765654,Inf,1.805174435283776,2.3917120769193363,"2017-12-05","Pre-bloom","Sponge Gardens - Sponge Gardens Sanctuary Zone","Shannon diversity","gaussian (identity link)","gaussian","identity","gaussian identity model was specified for a continuous diversity index","start_date_fct * Status","Full date x Status interaction used",0,NA,"shannon_diversity"
"2018-01-17",1.92739277629117,0.10647703223692986,Inf,1.7187016279260772,2.136083924656263,"2018-01-17","Pre-bloom","Sponge Gardens - Sponge Gardens Sanctuary Zone","Shannon diversity","gaussian (identity link)","gaussian","identity","gaussian identity model was specified for a continuous diversity index","start_date_fct * Status","Full date x Status interaction used",0,NA,"shannon_diversity"
"2019-01-22",2.0248658981722687,0.08748410297042619,Inf,1.8534002071304398,2.1963315892140978,"2019-01-22","Pre-bloom","Sponge Gardens - Sponge Gardens Sanctuary Zone","Shannon diversity","gaussian (identity link)","gaussian","identity","gaussian identity model was specified for a continuous diversity index","start_date_fct * Status","Full date x Status interaction used",0,NA,"shannon_diversity"
"2021-01-21",1.9627081107971989,0.08748410297042548,Inf,1.7912424197553714,2.1341738018390264,"2021-01-21","Pre-bloom","Sponge Gardens - Sponge Gardens Sanctuary Zone","Shannon diversity","gaussian (identity link)","gaussian","identity","gaussian identity model was specified for a continuous diversity index","start_date_fct * Status","Full date x Status interaction used",0,NA,"shannon_diversity"
"2025-04-02",2.050837416573262,0.08928069320638722,Inf,1.8758504733739734,2.225824359772551,"2025-04-02","Bloom","Sponge Gardens - Sponge Gardens Sanctuary Zone","Shannon diversity","gaussian (identity link)","gaussian","identity","gaussian identity model was specified for a continuous diversity index","start_date_fct * Status","Full date x Status interaction used",0,NA,"shannon_diversity"
"2026-01-27",2.0309507430082974,0.08928069333668244,Inf,1.8559637995536347,2.2059376864629603,"2026-01-27","Bloom","Sponge Gardens - Sponge Gardens Sanctuary Zone","Shannon diversity","gaussian (identity link)","gaussian","identity","gaussian identity model was specified for a continuous diversity index","start_date_fct * Status","Full date x Status interaction used",0,NA,"shannon_diversity"
"2016-04-19",1.7525909004341562,0.13325285366059492,Inf,1.491420106422204,2.0137616944461083,"2016-04-19","Pre-bloom","The Pages - The Pages Sanctuary Zone","Shannon diversity","gaussian (identity link)","gaussian","identity","gaussian identity model was specified for a continuous diversity index","start_date_fct * Status","Full date x Status interaction used",0,NA,"shannon_diversity"
"2017-06-02",1.9187634811433565,0.13456951827952915,Inf,1.655012071898575,2.182514890388138,"2017-06-02","Pre-bloom","The Pages - The Pages Sanctuary Zone","Shannon diversity","gaussian (identity link)","gaussian","identity","gaussian identity model was specified for a continuous diversity index","start_date_fct * Status","Full date x Status interaction used",0,NA,"shannon_diversity"
"2018-06-26",1.9468458999716123,0.13456880340194866,Inf,1.6830958918611418,2.2105959080820825,"2018-06-26","Pre-bloom","The Pages - The Pages Sanctuary Zone","Shannon diversity","gaussian (identity link)","gaussian","identity","gaussian identity model was specified for a continuous diversity index","start_date_fct * Status","Full date x Status interaction used",0,NA,"shannon_diversity"
"2019-06-06",2.0734869996908136,0.13325285366042497,Inf,1.8123162056791944,2.3346577937024326,"2019-06-06","Pre-bloom","The Pages - The Pages Sanctuary Zone","Shannon diversity","gaussian (identity link)","gaussian","identity","gaussian identity model was specified for a continuous diversity index","start_date_fct * Status","Full date x Status interaction used",0,NA,"shannon_diversity"
"2021-05-20",1.8192676045132659,0.13456821408904776,Inf,1.5555187514348567,2.083016457591675,"2021-05-20","Pre-bloom","The Pages - The Pages Sanctuary Zone","Shannon diversity","gaussian (identity link)","gaussian","identity","gaussian identity model was specified for a continuous diversity index","start_date_fct * Status","Full date x Status interaction used",0,NA,"shannon_diversity"
"2025-04-09",1.5031450600360952,0.14882080203799813,Inf,1.2114616478912539,1.7948284721809364,"2025-04-09","Bloom","The Pages - The Pages Sanctuary Zone","Shannon diversity","gaussian (identity link)","gaussian","identity","gaussian identity model was specified for a continuous diversity index","start_date_fct * Status","Full date x Status interaction used",0,NA,"shannon_diversity"
"2025-12-02",1.2178158519602338,0.13325285366039882,Inf,0.9566450579486658,1.4789866459718017,"2025-12-02","Bloom","The Pages - The Pages Sanctuary Zone","Shannon diversity","gaussian (identity link)","gaussian","identity","gaussian identity model was specified for a continuous diversity index","start_date_fct * Status","Full date x Status interaction used",0,NA,"shannon_diversity"
"2026-03-01",1.5098436021505888,0.13325285366040274,Inf,1.248672808139013,1.7710143961621645,"2026-03-01","Bloom","The Pages - The Pages Sanctuary Zone","Shannon diversity","gaussian (identity link)","gaussian","identity","gaussian identity model was specified for a continuous diversity index","start_date_fct * Status","Full date x Status interaction used",0,NA,"shannon_diversity"
"2017-11-28",1.3284140011624908,0.21923032588633745,Inf,0.8987304581062903,1.7580975442186912,"2017-11-28","Pre-bloom","Victor Harbor - Encounter Bay Sanctuary Zone","Shannon diversity","gaussian (identity link)","gaussian","identity","gaussian identity model was specified for a continuous diversity index","start_date_fct","Date-only model used because Status was not represented at every retained sampling date",0,NA,"shannon_diversity"
"2018-11-27",1.4132003759350542,0.28719328594358295,Inf,0.8503118788839183,1.97608887298619,"2018-11-27","Pre-bloom","Victor Harbor - Encounter Bay Sanctuary Zone","Shannon diversity","gaussian (identity link)","gaussian","identity","gaussian identity model was specified for a continuous diversity index","start_date_fct","Date-only model used because Status was not represented at every retained sampling date",0,NA,"shannon_diversity"
"2021-11-23",1.790643001776281,0.26581992851484293,Inf,1.2696455155141773,2.311640488038385,"2021-11-23","Pre-bloom","Victor Harbor - Encounter Bay Sanctuary Zone","Shannon diversity","gaussian (identity link)","gaussian","identity","gaussian identity model was specified for a continuous diversity index","start_date_fct","Date-only model used because Status was not represented at every retained sampling date",0,NA,"shannon_diversity"
"2025-10-30",1.6678023846642833,0.21386028203664173,Inf,1.2486439341488873,2.086960835179679,"2025-10-30","Bloom","Victor Harbor - Encounter Bay Sanctuary Zone","Shannon diversity","gaussian (identity link)","gaussian","identity","gaussian identity model was specified for a continuous diversity index","start_date_fct","Date-only model used because Status was not represented at every retained sampling date",0,NA,"shannon_diversity"
"2026-01-23",1.504140922447127,0.21386028159472986,Inf,1.0849824727978623,1.9232993720963916,"2026-01-23","Bloom","Victor Harbor - Encounter Bay Sanctuary Zone","Shannon diversity","gaussian (identity link)","gaussian","identity","gaussian identity model was specified for a continuous diversity index","start_date_fct","Date-only model used because Status was not represented at every retained sampling date",0,NA,"shannon_diversity"
"2017-04-12",1.4366644836044065,0.1007953147170291,Inf,1.2391092969486495,1.6342196702601635,"2017-04-12","Pre-bloom","Windara Reef - Windara Shell fish Reef Sanctuary Zone","Shannon diversity","gaussian (identity link)","gaussian","identity","gaussian identity model was specified for a continuous diversity index","start_date_fct * Status","Full date x Status interaction used",0,NA,"shannon_diversity"
"2017-11-23",1.3888205810330478,0.10079531471706676,Inf,1.191265394377217,1.5863757676888788,"2017-11-23","Pre-bloom","Windara Reef - Windara Shell fish Reef Sanctuary Zone","Shannon diversity","gaussian (identity link)","gaussian","identity","gaussian identity model was specified for a continuous diversity index","start_date_fct * Status","Full date x Status interaction used",0,NA,"shannon_diversity"
"2018-04-24",1.3928869125798151,0.10079531471702956,Inf,1.1953317259240572,1.590442099235573,"2018-04-24","Pre-bloom","Windara Reef - Windara Shell fish Reef Sanctuary Zone","Shannon diversity","gaussian (identity link)","gaussian","identity","gaussian identity model was specified for a continuous diversity index","start_date_fct * Status","Full date x Status interaction used",0,NA,"shannon_diversity"
"2018-11-29",1.5261274979392223,0.10079531471703927,Inf,1.3285723112834453,1.7236826845949993,"2018-11-29","Pre-bloom","Windara Reef - Windara Shell fish Reef Sanctuary Zone","Shannon diversity","gaussian (identity link)","gaussian","identity","gaussian identity model was specified for a continuous diversity index","start_date_fct * Status","Full date x Status interaction used",0,NA,"shannon_diversity"
"2019-10-22",1.1906377600584244,0.10079531471703308,Inf,0.9930825734026595,1.3881929467141891,"2019-10-22","Pre-bloom","Windara Reef - Windara Shell fish Reef Sanctuary Zone","Shannon diversity","gaussian (identity link)","gaussian","identity","gaussian identity model was specified for a continuous diversity index","start_date_fct * Status","Full date x Status interaction used",0,NA,"shannon_diversity"
"2020-10-28",1.4368737451534939,0.10079531471702942,Inf,1.2393185584977362,1.6344289318092515,"2020-10-28","Pre-bloom","Windara Reef - Windara Shell fish Reef Sanctuary Zone","Shannon diversity","gaussian (identity link)","gaussian","identity","gaussian identity model was specified for a continuous diversity index","start_date_fct * Status","Full date x Status interaction used",0,NA,"shannon_diversity"
"2025-10-24",0.43266899387634383,0.1007953147170411,Inf,0.23511380722056324,0.6302241805321245,"2025-10-24","Bloom","Windara Reef - Windara Shell fish Reef Sanctuary Zone","Shannon diversity","gaussian (identity link)","gaussian","identity","gaussian identity model was specified for a continuous diversity index","start_date_fct * Status","Full date x Status interaction used",0,NA,"shannon_diversity"
"2014-09-03",6.92636448727495,0.7931783598925685,Inf,5.371763468568966,8.480965505980933,"2014-09-03","Pre-bloom","Aldinga - Aldinga Reef Sanctuary Zone","Simpson diversity","gaussian (identity link)","gaussian","identity","gaussian identity model was specified for a continuous diversity index","start_date_fct","Date-only model used because Status was not represented at every retained sampling date",0,NA,"simpson_diversity"
"2015-12-10",3.0969714324866695,0.6869126102751698,Inf,1.7506474558209386,4.4432954091524,"2015-12-10","Pre-bloom","Aldinga - Aldinga Reef Sanctuary Zone","Simpson diversity","gaussian (identity link)","gaussian","identity","gaussian identity model was specified for a continuous diversity index","start_date_fct","Date-only model used because Status was not represented at every retained sampling date",0,NA,"simpson_diversity"
"2016-02-12",4.752317589248127,0.868883358811183,Inf,3.049337499212016,6.4552976792842385,"2016-02-12","Pre-bloom","Aldinga - Aldinga Reef Sanctuary Zone","Simpson diversity","gaussian (identity link)","gaussian","identity","gaussian identity model was specified for a continuous diversity index","start_date_fct","Date-only model used because Status was not represented at every retained sampling date",0,NA,"simpson_diversity"
"2016-11-19",6.862765172920094,0.7931783690067613,Inf,5.308164136350621,8.417366209489566,"2016-11-19","Pre-bloom","Aldinga - Aldinga Reef Sanctuary Zone","Simpson diversity","gaussian (identity link)","gaussian","identity","gaussian identity model was specified for a continuous diversity index","start_date_fct","Date-only model used because Status was not represented at every retained sampling date",0,NA,"simpson_diversity"
"2019-12-07",4.345976944817911,0.793178360150267,Inf,2.7913759256068484,5.900577964028974,"2019-12-07","Pre-bloom","Aldinga - Aldinga Reef Sanctuary Zone","Simpson diversity","gaussian (identity link)","gaussian","identity","gaussian identity model was specified for a continuous diversity index","start_date_fct","Date-only model used because Status was not represented at every retained sampling date",0,NA,"simpson_diversity"
"2020-11-26",4.741855926972393,0.7931783690067672,Inf,3.187254890402909,6.2964569635418774,"2020-11-26","Pre-bloom","Aldinga - Aldinga Reef Sanctuary Zone","Simpson diversity","gaussian (identity link)","gaussian","identity","gaussian identity model was specified for a continuous diversity index","start_date_fct","Date-only model used because Status was not represented at every retained sampling date",0,NA,"simpson_diversity"
"2021-11-22",5.207744718594396,0.9714411350008237,Inf,3.3037550808920697,7.111734356296723,"2021-11-22","Pre-bloom","Aldinga - Aldinga Reef Sanctuary Zone","Simpson diversity","gaussian (identity link)","gaussian","identity","gaussian identity model was specified for a continuous diversity index","start_date_fct","Date-only model used because Status was not represented at every retained sampling date",0,NA,"simpson_diversity"
"2025-02-06",3.2682334713629384,0.6303542433962764,Inf,2.0327618568042416,4.503705085921635,"2025-02-06","Pre-bloom","Aldinga - Aldinga Reef Sanctuary Zone","Simpson diversity","gaussian (identity link)","gaussian","identity","gaussian identity model was specified for a continuous diversity index","start_date_fct","Date-only model used because Status was not represented at every retained sampling date",0,NA,"simpson_diversity"
"2026-02-21",2.9915464903225835,0.5608617983248698,Inf,1.8922775653014716,4.0908154153436955,"2026-02-21","Bloom","Aldinga - Aldinga Reef Sanctuary Zone","Simpson diversity","gaussian (identity link)","gaussian","identity","gaussian identity model was specified for a continuous diversity index","start_date_fct","Date-only model used because Status was not represented at every retained sampling date",0,NA,"simpson_diversity"
"2016-05-24",1.989881376995858,0.20794703201436476,Inf,1.5823126835557058,2.3974500704360104,"2016-05-24","Pre-bloom","Bay of Shoals - Bay of Shoals Sanctuary Zone","Simpson diversity","gaussian (identity link)","gaussian","identity","gaussian identity model was specified for a continuous diversity index","start_date_fct * Status","Full date x Status interaction used",0,NA,"simpson_diversity"
"2017-04-05",2.7088600406473873,0.20794703191908834,Inf,2.301291347393973,3.1164287339008014,"2017-04-05","Pre-bloom","Bay of Shoals - Bay of Shoals Sanctuary Zone","Simpson diversity","gaussian (identity link)","gaussian","identity","gaussian identity model was specified for a continuous diversity index","start_date_fct * Status","Full date x Status interaction used",0,NA,"simpson_diversity"
"2018-03-28",3.08279530933045,0.20794703191912225,Inf,2.6752266160769693,3.490364002583931,"2018-03-28","Pre-bloom","Bay of Shoals - Bay of Shoals Sanctuary Zone","Simpson diversity","gaussian (identity link)","gaussian","identity","gaussian identity model was specified for a continuous diversity index","start_date_fct * Status","Full date x Status interaction used",0,NA,"simpson_diversity"
"2026-03-24",3.0220635952344472,0.20794703191912492,Inf,2.6144949019809616,3.429632288487933,"2026-03-24","Bloom","Bay of Shoals - Bay of Shoals Sanctuary Zone","Simpson diversity","gaussian (identity link)","gaussian","identity","gaussian identity model was specified for a continuous diversity index","start_date_fct * Status","Full date x Status interaction used",0,NA,"simpson_diversity"
"2021-10-11",4.812027705400204,0.48907771533057687,Inf,3.8534529977111402,5.770602413089267,"2021-10-11","Pre-bloom","Boston Bay","Simpson diversity","gaussian (identity link)","gaussian","identity","gaussian identity model was specified for a continuous diversity index","start_date_fct","Date-only fixed effect used",0,NA,"simpson_diversity"
"2022-05-10",3.5740042983483593,0.4890777153307,Inf,2.6154295906590543,4.532579006037664,"2022-05-10","Pre-bloom","Boston Bay","Simpson diversity","gaussian (identity link)","gaussian","identity","gaussian identity model was specified for a continuous diversity index","start_date_fct","Date-only fixed effect used",0,NA,"simpson_diversity"
"2024-03-25",1.3809218648669077,0.5386892292618571,Inf,0.32511037665402776,2.436733353079788,"2024-03-25","Pre-bloom","Boston Bay","Simpson diversity","gaussian (identity link)","gaussian","identity","gaussian identity model was specified for a continuous diversity index","start_date_fct","Date-only fixed effect used",0,NA,"simpson_diversity"
"2024-11-14",4.2076954414368,0.5348486067990991,Inf,3.1594114349291416,5.255979447944458,"2024-11-14","Pre-bloom","Boston Bay","Simpson diversity","gaussian (identity link)","gaussian","identity","gaussian identity model was specified for a continuous diversity index","start_date_fct","Date-only fixed effect used",0,NA,"simpson_diversity"
"2025-05-22",3.9481810236718324,0.5348486067990567,Inf,2.899897017164257,4.996465030179408,"2025-05-22","Bloom","Boston Bay","Simpson diversity","gaussian (identity link)","gaussian","identity","gaussian identity model was specified for a continuous diversity index","start_date_fct","Date-only fixed effect used",0,NA,"simpson_diversity"
"2025-11-11",3.7373614982151473,0.5428011275689196,Inf,2.6734908374123334,4.801232159017961,"2025-11-11","Bloom","Boston Bay","Simpson diversity","gaussian (identity link)","gaussian","identity","gaussian identity model was specified for a continuous diversity index","start_date_fct","Date-only fixed effect used",0,NA,"simpson_diversity"
"2017-01-12",5.9944272754187535,0.5061993964279785,Inf,5.002294689424002,6.986559861413505,"2017-01-12","Pre-bloom","Cape Elizabeth - Cape Elizabeth Sanctuary Zone","Simpson diversity","gaussian (identity link)","gaussian","identity","gaussian identity model was specified for a continuous diversity index","start_date_fct * Status","Full date x Status interaction used",0,NA,"simpson_diversity"
"2026-03-10",5.557984109679754,0.5061993964279595,Inf,4.5658515236850405,6.550116695674468,"2026-03-10","Bloom","Cape Elizabeth - Cape Elizabeth Sanctuary Zone","Simpson diversity","gaussian (identity link)","gaussian","identity","gaussian identity model was specified for a continuous diversity index","start_date_fct * Status","Full date x Status interaction used",0,NA,"simpson_diversity"
"2015-12-10",4.794227831151012,0.6658843075189305,Inf,3.489118570543515,6.0993370917585095,"2015-12-10","Pre-bloom","Carrickalinga - Carrickalinga Cliffs Sanctuary Zone","Simpson diversity","gaussian (identity link)","gaussian","identity","gaussian identity model was specified for a continuous diversity index","start_date_fct","Date-only model used because Status was not represented at every retained sampling date",0,NA,"simpson_diversity"
"2016-12-06",4.3831802001583515,0.5924749048530684,Inf,3.221950724902542,5.544409675414161,"2016-12-06","Pre-bloom","Carrickalinga - Carrickalinga Cliffs Sanctuary Zone","Simpson diversity","gaussian (identity link)","gaussian","identity","gaussian identity model was specified for a continuous diversity index","start_date_fct","Date-only model used because Status was not represented at every retained sampling date",0,NA,"simpson_diversity"
"2017-12-05",5.34155614918675,0.5924749048516377,Inf,4.180326673933745,6.502785624439754,"2017-12-05","Pre-bloom","Carrickalinga - Carrickalinga Cliffs Sanctuary Zone","Simpson diversity","gaussian (identity link)","gaussian","identity","gaussian identity model was specified for a continuous diversity index","start_date_fct","Date-only model used because Status was not represented at every retained sampling date",0,NA,"simpson_diversity"
"2018-12-11",5.330048061412032,0.60521775843411,Inf,4.143843052077114,6.5162530707469495,"2018-12-11","Pre-bloom","Carrickalinga - Carrickalinga Cliffs Sanctuary Zone","Simpson diversity","gaussian (identity link)","gaussian","identity","gaussian identity model was specified for a continuous diversity index","start_date_fct","Date-only model used because Status was not represented at every retained sampling date",0,NA,"simpson_diversity"
"2020-12-04",4.67996539964292,0.5924749048524984,Inf,3.5187359243882277,5.841194874897612,"2020-12-04","Pre-bloom","Carrickalinga - Carrickalinga Cliffs Sanctuary Zone","Simpson diversity","gaussian (identity link)","gaussian","identity","gaussian identity model was specified for a continuous diversity index","start_date_fct","Date-only model used because Status was not represented at every retained sampling date",0,NA,"simpson_diversity"
"2025-02-06",9.379018560873146,1.451261202411333,Inf,6.53459887198664,12.223438249759651,"2025-02-06","Pre-bloom","Carrickalinga - Carrickalinga Cliffs Sanctuary Zone","Simpson diversity","gaussian (identity link)","gaussian","identity","gaussian identity model was specified for a continuous diversity index","start_date_fct","Date-only model used because Status was not represented at every retained sampling date",0,NA,"simpson_diversity"
"2025-02-20",5.666484838536881,0.6052177584368607,Inf,4.480279829196572,6.8526898478771905,"2025-02-20","Pre-bloom","Carrickalinga - Carrickalinga Cliffs Sanctuary Zone","Simpson diversity","gaussian (identity link)","gaussian","identity","gaussian identity model was specified for a continuous diversity index","start_date_fct","Date-only model used because Status was not represented at every retained sampling date",0,NA,"simpson_diversity"
"2025-12-17",5.051087328595914,0.5924749048517581,Inf,3.889857853342673,6.212316803849155,"2025-12-17","Bloom","Carrickalinga - Carrickalinga Cliffs Sanctuary Zone","Simpson diversity","gaussian (identity link)","gaussian","identity","gaussian identity model was specified for a continuous diversity index","start_date_fct","Date-only model used because Status was not represented at every retained sampling date",0,NA,"simpson_diversity"
"2015-11-15",6.469439804122522,0.5849749008891441,Inf,5.322910066519912,7.615969541725132,"2015-11-15","Pre-bloom","Chinamans Hat - Chinamans Hat Sanctuary Zone","Simpson diversity","gaussian (identity link)","gaussian","identity","gaussian identity model was specified for a continuous diversity index","start_date_fct * Status","Full date x Status interaction used",0,NA,"simpson_diversity"
"2025-12-04",6.037974566025199,0.6104346756922956,Inf,4.841544586753912,7.234404545296487,"2025-12-04","Bloom","Chinamans Hat - Chinamans Hat Sanctuary Zone","Simpson diversity","gaussian (identity link)","gaussian","identity","gaussian identity model was specified for a continuous diversity index","start_date_fct * Status","Full date x Status interaction used",0,NA,"simpson_diversity"
"2017-01-12",1.404985763829589,0.21190053202572737,Inf,0.9896683527542872,1.820303174904891,"2017-01-12","Pre-bloom","Cuttlefish Coast - Fairway Bank Sanctuary Zone","Simpson diversity","gaussian (identity link)","gaussian","identity","gaussian identity model was specified for a continuous diversity index","start_date_fct * Status","Full date x Status interaction used",0,NA,"simpson_diversity"
"2026-02-16",1.6203645839746819,0.19343783560122255,Inf,1.241233392948906,1.9994957750004578,"2026-02-16","Bloom","Cuttlefish Coast - Fairway Bank Sanctuary Zone","Simpson diversity","gaussian (identity link)","gaussian","identity","gaussian identity model was specified for a continuous diversity index","start_date_fct * Status","Full date x Status interaction used",0,NA,"simpson_diversity"
"2016-01-19",5.292017322331154,1.4387140704217996,92,2.4346069930613536,8.149427651600956,"2016-01-19","Pre-bloom","Dangerous Reef - Dangerous Reef Sanctuary Zone","Simpson diversity","gaussian (identity link)","gaussian","identity","gaussian identity model was specified for a continuous diversity index","start_date_fct","Date-only fixed effect used",0,NA,"simpson_diversity"
"2017-02-25",8.379779610524288,1.017324475383491,92,6.359285390065651,10.400273830982925,"2017-02-25","Pre-bloom","Dangerous Reef - Dangerous Reef Sanctuary Zone","Simpson diversity","gaussian (identity link)","gaussian","identity","gaussian identity model was specified for a continuous diversity index","start_date_fct","Date-only fixed effect used",0,NA,"simpson_diversity"
"2019-02-16",6.78688662045143,0.7513439189085243,92,5.294652743782771,8.27912049712009,"2019-02-16","Pre-bloom","Dangerous Reef - Dangerous Reef Sanctuary Zone","Simpson diversity","gaussian (identity link)","gaussian","identity","gaussian identity model was specified for a continuous diversity index","start_date_fct","Date-only fixed effect used",0,NA,"simpson_diversity"
"2020-04-10",4.7884787628901035,0.7193570352108889,92,3.3597735982552246,6.2171839275249825,"2020-04-10","Pre-bloom","Dangerous Reef - Dangerous Reef Sanctuary Zone","Simpson diversity","gaussian (identity link)","gaussian","identity","gaussian identity model was specified for a continuous diversity index","start_date_fct","Date-only fixed effect used",0,NA,"simpson_diversity"
"2022-03-16",8.379779610524288,1.0173244753839583,92,6.359285390064722,10.400273830983854,"2022-03-16","Pre-bloom","Dangerous Reef - Dangerous Reef Sanctuary Zone","Simpson diversity","gaussian (identity link)","gaussian","identity","gaussian identity model was specified for a continuous diversity index","start_date_fct","Date-only fixed effect used",0,NA,"simpson_diversity"
"2025-11-10",7.946537046084106,1.0173244753839767,92,5.926042825624503,9.967031266543708,"2025-11-10","Bloom","Dangerous Reef - Dangerous Reef Sanctuary Zone","Simpson diversity","gaussian (identity link)","gaussian","identity","gaussian identity model was specified for a continuous diversity index","start_date_fct","Date-only fixed effect used",0,NA,"simpson_diversity"
"2026-04-08",6.548355184890077,1.01732447538352,92,4.527860964431381,8.568849405348773,"2026-04-08","Bloom","Dangerous Reef - Dangerous Reef Sanctuary Zone","Simpson diversity","gaussian (identity link)","gaussian","identity","gaussian identity model was specified for a continuous diversity index","start_date_fct","Date-only fixed effect used",0,NA,"simpson_diversity"
"2020-10-13",3.4120502919926454,0.8052035775128404,Inf,1.8338802798446727,4.990220304140618,"2020-10-13","Pre-bloom","Glenelg","Simpson diversity","gaussian (identity link)","gaussian","identity","gaussian identity model was specified for a continuous diversity index","start_date_fct","Date-only fixed effect used",0,NA,"simpson_diversity"
"2021-10-25",3.795045716163649,0.7906699338914857,Inf,2.245361122077672,5.344730310249625,"2021-10-25","Pre-bloom","Glenelg","Simpson diversity","gaussian (identity link)","gaussian","identity","gaussian identity model was specified for a continuous diversity index","start_date_fct","Date-only fixed effect used",0,NA,"simpson_diversity"
"2022-12-02",3.6295552928837256,0.7775285530384627,Inf,2.1056273319767977,5.153483253790654,"2022-12-02","Pre-bloom","Glenelg","Simpson diversity","gaussian (identity link)","gaussian","identity","gaussian identity model was specified for a continuous diversity index","start_date_fct","Date-only fixed effect used",0,NA,"simpson_diversity"
"2023-11-23",4.864406047301023,0.7775285530385168,Inf,3.34047808639399,6.388334008208057,"2023-11-23","Pre-bloom","Glenelg","Simpson diversity","gaussian (identity link)","gaussian","identity","gaussian identity model was specified for a continuous diversity index","start_date_fct","Date-only fixed effect used",0,NA,"simpson_diversity"
"2025-10-21",1.4004924706926936,0.758890706774949,Inf,-0.08690598278835293,2.88789092417374,"2025-10-21","Bloom","Glenelg","Simpson diversity","gaussian (identity link)","gaussian","identity","gaussian identity model was specified for a continuous diversity index","start_date_fct","Date-only fixed effect used",0,NA,"simpson_diversity"
"2026-03-20",2.441689298688722,0.7485775638806844,Inf,0.9745042338478493,3.908874363529595,"2026-03-20","Bloom","Glenelg","Simpson diversity","gaussian (identity link)","gaussian","identity","gaussian identity model was specified for a continuous diversity index","start_date_fct","Date-only fixed effect used",0,NA,"simpson_diversity"
"2014-09-03",4.896509048785651,0.6250295140270149,Inf,3.6714737120181296,6.121544385553173,"2014-09-03","Pre-bloom","Middle/Long Spit - Middle Spit Sanctuary Zone","Simpson diversity","gaussian (identity link)","gaussian","identity","gaussian identity model was specified for a continuous diversity index","start_date_fct","Date-only model used because Status was not represented at every retained sampling date",0,NA,"simpson_diversity"
"2015-01-07",5.1456395870314875,0.3192362733310678,Inf,4.5199479887438105,5.7713311853191644,"2015-01-07","Pre-bloom","Middle/Long Spit - Middle Spit Sanctuary Zone","Simpson diversity","gaussian (identity link)","gaussian","identity","gaussian identity model was specified for a continuous diversity index","start_date_fct","Date-only model used because Status was not represented at every retained sampling date",0,NA,"simpson_diversity"
"2016-01-10",4.5365816291927255,0.3340923281367129,Inf,3.8817726985336307,5.19139055985182,"2016-01-10","Pre-bloom","Middle/Long Spit - Middle Spit Sanctuary Zone","Simpson diversity","gaussian (identity link)","gaussian","identity","gaussian identity model was specified for a continuous diversity index","start_date_fct","Date-only model used because Status was not represented at every retained sampling date",0,NA,"simpson_diversity"
"2016-03-11",5.646923714251767,0.6250295140271896,Inf,4.421888377483903,6.871959051019632,"2016-03-11","Pre-bloom","Middle/Long Spit - Middle Spit Sanctuary Zone","Simpson diversity","gaussian (identity link)","gaussian","identity","gaussian identity model was specified for a continuous diversity index","start_date_fct","Date-only model used because Status was not represented at every retained sampling date",0,NA,"simpson_diversity"
"2026-01-26",2.5447077496793518,0.3125147568325557,Inf,1.93219008165025,3.1572254177084536,"2026-01-26","Bloom","Middle/Long Spit - Middle Spit Sanctuary Zone","Simpson diversity","gaussian (identity link)","gaussian","identity","gaussian identity model was specified for a continuous diversity index","start_date_fct","Date-only model used because Status was not represented at every retained sampling date",0,NA,"simpson_diversity"
"2015-04-28",3.0456793955014505,0.8311515960072657,Inf,1.4166522016342251,4.674706589368676,"2015-04-28","Pre-bloom","O'Sullivan","Simpson diversity","gaussian (identity link)","gaussian","identity","gaussian identity model was specified for a continuous diversity index","start_date_fct","Date-only fixed effect used",0,NA,"simpson_diversity"
"2015-10-09",1.4501679421528095,0.8311516211346098,Inf,-0.17885930096310543,3.0791951852687243,"2015-10-09","Pre-bloom","O'Sullivan","Simpson diversity","gaussian (identity link)","gaussian","identity","gaussian identity model was specified for a continuous diversity index","start_date_fct","Date-only fixed effect used",0,NA,"simpson_diversity"
"2021-10-12",4.267432005741755,0.6921915329829835,Inf,2.9107615306915386,5.624102480791971,"2021-10-12","Pre-bloom","O'Sullivan","Simpson diversity","gaussian (identity link)","gaussian","identity","gaussian identity model was specified for a continuous diversity index","start_date_fct","Date-only fixed effect used",0,NA,"simpson_diversity"
"2022-12-01",3.782284606394298,0.6778427866327571,Inf,2.4537371574138263,5.11083205537477,"2022-12-01","Pre-bloom","O'Sullivan","Simpson diversity","gaussian (identity link)","gaussian","identity","gaussian identity model was specified for a continuous diversity index","start_date_fct","Date-only fixed effect used",0,NA,"simpson_diversity"
"2023-12-01",3.4128463400351934,0.6778427866918472,Inf,2.084298890938907,4.74139378913148,"2023-12-01","Pre-bloom","O'Sullivan","Simpson diversity","gaussian (identity link)","gaussian","identity","gaussian identity model was specified for a continuous diversity index","start_date_fct","Date-only fixed effect used",0,NA,"simpson_diversity"
"2024-12-19",2.65669896161979,0.6778427868124414,Inf,1.3281515122871432,3.9852464109524366,"2024-12-19","Pre-bloom","O'Sullivan","Simpson diversity","gaussian (identity link)","gaussian","identity","gaussian identity model was specified for a continuous diversity index","start_date_fct","Date-only fixed effect used",0,NA,"simpson_diversity"
"2025-02-04",4.7592173461762455,0.8787398164970877,Inf,3.036918954060618,6.481515738291873,"2025-02-04","Pre-bloom","O'Sullivan","Simpson diversity","gaussian (identity link)","gaussian","identity","gaussian identity model was specified for a continuous diversity index","start_date_fct","Date-only fixed effect used",0,NA,"simpson_diversity"
"2025-11-13",2.235391776585165,0.602891298342792,Inf,1.0537465452407002,3.41703700792963,"2025-11-13","Bloom","O'Sullivan","Simpson diversity","gaussian (identity link)","gaussian","identity","gaussian identity model was specified for a continuous diversity index","start_date_fct","Date-only fixed effect used",0,NA,"simpson_diversity"
"2026-03-06",2.917892156222827,0.6050374166787251,Inf,1.732040610233372,4.103743702212282,"2026-03-06","Bloom","O'Sullivan","Simpson diversity","gaussian (identity link)","gaussian","identity","gaussian identity model was specified for a continuous diversity index","start_date_fct","Date-only fixed effect used",0,NA,"simpson_diversity"
"2014-09-03",1.5880702630819046,0.13532074899596322,Inf,1.322846468688832,1.8532940574749772,"2014-09-03","Pre-bloom","Offshore Ardrossan - Offshore Ardrossan Sanctuary Zone","Simpson diversity","gaussian (identity link)","gaussian","identity","gaussian identity model was specified for a continuous diversity index","start_date_fct * Status","Full date x Status interaction used",0,NA,"simpson_diversity"
"2016-03-11",1.7469066411023497,0.14405993817005727,Inf,1.4645543506739704,2.029258931530729,"2016-03-11","Pre-bloom","Offshore Ardrossan - Offshore Ardrossan Sanctuary Zone","Simpson diversity","gaussian (identity link)","gaussian","identity","gaussian identity model was specified for a continuous diversity index","start_date_fct * Status","Full date x Status interaction used",0,NA,"simpson_diversity"
"2016-11-03",1.2262770061544794,0.18676037663953932,Inf,0.8602333942018467,1.5923206181071121,"2016-11-03","Pre-bloom","Offshore Ardrossan - Offshore Ardrossan Sanctuary Zone","Simpson diversity","gaussian (identity link)","gaussian","identity","gaussian identity model was specified for a continuous diversity index","start_date_fct * Status","Full date x Status interaction used",0,NA,"simpson_diversity"
"2025-10-13",1.0655964397378541,0.15625494164726242,Inf,0.7593423817028121,1.371850497772896,"2025-10-13","Bloom","Offshore Ardrossan - Offshore Ardrossan Sanctuary Zone","Simpson diversity","gaussian (identity link)","gaussian","identity","gaussian identity model was specified for a continuous diversity index","start_date_fct * Status","Full date x Status interaction used",0,NA,"simpson_diversity"
"2017-02-03",6.878599707992376,0.908691617296696,10,4.853908611019365,8.903290804965387,"2017-02-03","Pre-bloom","Orcades Bank - Orcades Bank Sanctuary Zone","Simpson diversity","gaussian (identity link)","gaussian","identity","gaussian identity model was specified for a continuous diversity index","1","Intercept-only fixed effect used",0,"overall","simpson_diversity"
"2017-02-03",4.679626852776068,0.4406614383543621,Inf,3.8159463042259016,5.543307401326235,"2017-02-03","Pre-bloom","Port Gibbon - Port Gibbon Sanctuary Zone","Simpson diversity","gaussian (identity link)","gaussian","identity","gaussian identity model was specified for a continuous diversity index","start_date_fct * Status","Full date x Status interaction used",0,NA,"simpson_diversity"
"2025-11-14",4.983191215640109,0.4406614383543985,Inf,4.119510667089871,5.846871764190347,"2025-11-14","Bloom","Port Gibbon - Port Gibbon Sanctuary Zone","Simpson diversity","gaussian (identity link)","gaussian","identity","gaussian identity model was specified for a continuous diversity index","start_date_fct * Status","Full date x Status interaction used",0,NA,"simpson_diversity"
"2015-04-28",1.299240510671649,0.4226780162564522,40,0.44497637399225853,2.1535046473510393,"2015-04-28","Pre-bloom","Port Noarlunga - Port Noarlunga Reef Sanctuary Zone","Simpson diversity","gaussian (identity link)","gaussian","identity","gaussian identity model was specified for a continuous diversity index","start_date_fct","Date-only fixed effect used",0,NA,"simpson_diversity"
"2015-10-09",3.8796344485551257,0.4046833906165368,40,3.0617388069143425,4.697530090195909,"2015-10-09","Pre-bloom","Port Noarlunga - Port Noarlunga Reef Sanctuary Zone","Simpson diversity","gaussian (identity link)","gaussian","identity","gaussian identity model was specified for a continuous diversity index","start_date_fct","Date-only fixed effect used",0,NA,"simpson_diversity"
"2021-10-12",3.7119295263358216,0.7009321935270935,40,2.295292719724819,5.128566332946824,"2021-10-12","Pre-bloom","Port Noarlunga - Port Noarlunga Reef Sanctuary Zone","Simpson diversity","gaussian (identity link)","gaussian","identity","gaussian identity model was specified for a continuous diversity index","start_date_fct","Date-only fixed effect used",0,NA,"simpson_diversity"
"2022-12-01",4.275298622653158,0.7009321935270691,40,2.858661816042204,5.691935429264111,"2022-12-01","Pre-bloom","Port Noarlunga - Port Noarlunga Reef Sanctuary Zone","Simpson diversity","gaussian (identity link)","gaussian","identity","gaussian identity model was specified for a continuous diversity index","start_date_fct","Date-only fixed effect used",0,NA,"simpson_diversity"
"2023-12-01",2.6916181334021587,0.7009321935272486,40,1.2749813267908425,4.108254940013475,"2023-12-01","Pre-bloom","Port Noarlunga - Port Noarlunga Reef Sanctuary Zone","Simpson diversity","gaussian (identity link)","gaussian","identity","gaussian identity model was specified for a continuous diversity index","start_date_fct","Date-only fixed effect used",0,NA,"simpson_diversity"
"2024-12-19",5.22275096241945,0.70093219352730185,40,3.8061141558080265,6.639387769030874,"2024-12-19","Pre-bloom","Port Noarlunga - Port Noarlunga Reef Sanctuary Zone","Simpson diversity","gaussian (identity link)","gaussian","identity","gaussian identity model was specified for a continuous diversity index","start_date_fct","Date-only fixed effect used",0,NA,"simpson_diversity"
"2025-02-04",4.334784076435738,0.7009321935269346,40,2.918147269825056,5.7514208830464195,"2025-02-04","Pre-bloom","Port Noarlunga - Port Noarlunga Reef Sanctuary Zone","Simpson diversity","gaussian (identity link)","gaussian","identity","gaussian identity model was specified for a continuous diversity index","start_date_fct","Date-only fixed effect used",0,NA,"simpson_diversity"
"2025-11-13",4.399985792951147,0.5723087394786962,40,3.2433066839335494,5.556664901968744,"2025-11-13","Bloom","Port Noarlunga - Port Noarlunga Reef Sanctuary Zone","Simpson diversity","gaussian (identity link)","gaussian","identity","gaussian identity model was specified for a continuous diversity index","start_date_fct","Date-only fixed effect used",0,NA,"simpson_diversity"
"2015-12-10",5.250555116598683,0.42169422702606446,Inf,4.42404961913914,6.077060614058226,"2015-12-10","Pre-bloom","Rapid Head - Rapid Head Sanctuary Zone","Simpson diversity","gaussian (identity link)","gaussian","identity","gaussian identity model was specified for a continuous diversity index","start_date_fct * Status","Full date x Status interaction used",0,NA,"simpson_diversity"
"2016-12-06",5.00064708049338,0.4121444141845407,Inf,4.192858872262321,5.808435288724438,"2016-12-06","Pre-bloom","Rapid Head - Rapid Head Sanctuary Zone","Simpson diversity","gaussian (identity link)","gaussian","identity","gaussian identity model was specified for a continuous diversity index","start_date_fct * Status","Full date x Status interaction used",0,NA,"simpson_diversity"
"2017-12-05",5.003266113692742,0.4306714065040621,Inf,4.159165667773571,5.847366559611913,"2017-12-05","Pre-bloom","Rapid Head - Rapid Head Sanctuary Zone","Simpson diversity","gaussian (identity link)","gaussian","identity","gaussian identity model was specified for a continuous diversity index","start_date_fct * Status","Full date x Status interaction used",0,NA,"simpson_diversity"
"2018-12-11",5.174550038177258,0.4207741434068958,Inf,4.349847871474051,5.999252204880465,"2018-12-11","Pre-bloom","Rapid Head - Rapid Head Sanctuary Zone","Simpson diversity","gaussian (identity link)","gaussian","identity","gaussian identity model was specified for a continuous diversity index","start_date_fct * Status","Full date x Status interaction used",0,NA,"simpson_diversity"
"2021-01-21",7.047589618450514,0.41214441418444303,Inf,6.239801410219647,7.855377826681382,"2021-01-21","Pre-bloom","Rapid Head - Rapid Head Sanctuary Zone","Simpson diversity","gaussian (identity link)","gaussian","identity","gaussian identity model was specified for a continuous diversity index","start_date_fct * Status","Full date x Status interaction used",0,NA,"simpson_diversity"
"2025-02-27",6.816476027508987,0.420630299942343,Inf,5.992055788815715,7.640896266202259,"2025-02-27","Pre-bloom","Rapid Head - Rapid Head Sanctuary Zone","Simpson diversity","gaussian (identity link)","gaussian","identity","gaussian identity model was specified for a continuous diversity index","start_date_fct * Status","Full date x Status interaction used",0,NA,"simpson_diversity"
"2025-12-10",4.671108399796118,0.41214441418453013,Inf,3.8633201915650806,5.478896608027156,"2025-12-10","Bloom","Rapid Head - Rapid Head Sanctuary Zone","Simpson diversity","gaussian (identity link)","gaussian","identity","gaussian identity model was specified for a continuous diversity index","start_date_fct * Status","Full date x Status interaction used",0,NA,"simpson_diversity"
"2016-01-20",6.9721175317992,0.5495852515089151,Inf,5.894950232407339,8.049284831191061,"2016-01-20","Pre-bloom","Sponge Gardens - Sponge Gardens Sanctuary Zone","Simpson diversity","gaussian (identity link)","gaussian","identity","gaussian identity model was specified for a continuous diversity index","start_date_fct * Status","Full date x Status interaction used",0,NA,"simpson_diversity"
"2016-12-06",5.820098042029771,0.5361225620063793,Inf,4.769317129197926,6.870878954861617,"2016-12-06","Pre-bloom","Sponge Gardens - Sponge Gardens Sanctuary Zone","Simpson diversity","gaussian (identity link)","gaussian","identity","gaussian identity model was specified for a continuous diversity index","start_date_fct * Status","Full date x Status interaction used",0,NA,"simpson_diversity"
"2017-12-05",5.805505127048508,0.912747943973135,Inf,4.016552029898181,7.594458224198835,"2017-12-05","Pre-bloom","Sponge Gardens - Sponge Gardens Sanctuary Zone","Simpson diversity","gaussian (identity link)","gaussian","identity","gaussian identity model was specified for a continuous diversity index","start_date_fct * Status","Full date x Status interaction used",0,NA,"simpson_diversity"
"2018-01-17",5.529739647239706,0.6437253399697155,Inf,4.268061164963261,6.79141812951615,"2018-01-17","Pre-bloom","Sponge Gardens - Sponge Gardens Sanctuary Zone","Simpson diversity","gaussian (identity link)","gaussian","identity","gaussian identity model was specified for a continuous diversity index","start_date_fct * Status","Full date x Status interaction used",0,NA,"simpson_diversity"
"2019-01-22",5.9773592472547215,0.5242203356567101,Inf,4.949906269404072,7.004812225105371,"2019-01-22","Pre-bloom","Sponge Gardens - Sponge Gardens Sanctuary Zone","Simpson diversity","gaussian (identity link)","gaussian","identity","gaussian identity model was specified for a continuous diversity index","start_date_fct * Status","Full date x Status interaction used",0,NA,"simpson_diversity"
"2021-01-21",5.291270429701489,0.5242203356566429,Inf,4.263817451850971,6.318723407552008,"2021-01-21","Pre-bloom","Sponge Gardens - Sponge Gardens Sanctuary Zone","Simpson diversity","gaussian (identity link)","gaussian","identity","gaussian identity model was specified for a continuous diversity index","start_date_fct * Status","Full date x Status interaction used",0,NA,"simpson_diversity"
"2025-04-02",6.23522533518481,0.5356833356707785,Inf,5.185305290151804,7.285145380217816,"2025-04-02","Bloom","Sponge Gardens - Sponge Gardens Sanctuary Zone","Simpson diversity","gaussian (identity link)","gaussian","identity","gaussian identity model was specified for a continuous diversity index","start_date_fct * Status","Full date x Status interaction used",0,NA,"simpson_diversity"
"2026-01-27",5.776881942945983,0.5356833355125611,Inf,4.726961898223077,6.826801987668889,"2026-01-27","Bloom","Sponge Gardens - Sponge Gardens Sanctuary Zone","Simpson diversity","gaussian (identity link)","gaussian","identity","gaussian identity model was specified for a continuous diversity index","start_date_fct * Status","Full date x Status interaction used",0,NA,"simpson_diversity"
"2016-04-19",4.837085250492583,0.4859329200772103,Inf,3.884674228238871,5.7894962727462955,"2016-04-19","Pre-bloom","The Pages - The Pages Sanctuary Zone","Simpson diversity","gaussian (identity link)","gaussian","identity","gaussian identity model was specified for a continuous diversity index","start_date_fct * Status","Full date x Status interaction used",0,NA,"simpson_diversity"
"2017-06-02",5.333199541868625,0.49285354652716745,Inf,4.367224341022541,6.299174742714709,"2017-06-02","Pre-bloom","The Pages - The Pages Sanctuary Zone","Simpson diversity","gaussian (identity link)","gaussian","identity","gaussian identity model was specified for a continuous diversity index","start_date_fct * Status","Full date x Status interaction used",0,NA,"simpson_diversity"
"2018-06-26",5.536475538062649,0.4928447518619583,Inf,4.570517574443631,6.502433501681667,"2018-06-26","Pre-bloom","The Pages - The Pages Sanctuary Zone","Simpson diversity","gaussian (identity link)","gaussian","identity","gaussian identity model was specified for a continuous diversity index","start_date_fct * Status","Full date x Status interaction used",0,NA,"simpson_diversity"
"2019-06-06",6.259952295555096,0.48593292007715677,Inf,5.307541273301489,7.212363317808704,"2019-06-06","Pre-bloom","The Pages - The Pages Sanctuary Zone","Simpson diversity","gaussian (identity link)","gaussian","identity","gaussian identity model was specified for a continuous diversity index","start_date_fct * Status","Full date x Status interaction used",0,NA,"simpson_diversity"
"2021-05-20",5.3937498448335255,0.4928355113540858,Inf,4.427809992277137,6.359689697389914,"2021-05-20","Pre-bloom","The Pages - The Pages Sanctuary Zone","Simpson diversity","gaussian (identity link)","gaussian","identity","gaussian identity model was specified for a continuous diversity index","start_date_fct * Status","Full date x Status interaction used",0,NA,"simpson_diversity"
"2025-04-09",4.330517252780082,0.5668177737872475,Inf,3.219574830359905,5.441459675200258,"2025-04-09","Bloom","The Pages - The Pages Sanctuary Zone","Simpson diversity","gaussian (identity link)","gaussian","identity","gaussian identity model was specified for a continuous diversity index","start_date_fct * Status","Full date x Status interaction used",0,NA,"simpson_diversity"
"2025-12-02",3.5892142437736076,0.48593292007714967,Inf,2.636803221520014,4.541625266027201,"2025-12-02","Bloom","The Pages - The Pages Sanctuary Zone","Simpson diversity","gaussian (identity link)","gaussian","identity","gaussian identity model was specified for a continuous diversity index","start_date_fct * Status","Full date x Status interaction used",0,NA,"simpson_diversity"
"2026-03-01",4.027348821327534,0.48593292007723066,Inf,3.0749377990737816,4.979759843581286,"2026-03-01","Bloom","The Pages - The Pages Sanctuary Zone","Simpson diversity","gaussian (identity link)","gaussian","identity","gaussian identity model was specified for a continuous diversity index","start_date_fct * Status","Full date x Status interaction used",0,NA,"simpson_diversity"
"2017-11-28",3.808001592588535,1.1699088009668863,Inf,1.5150224774970003,6.10098070768007,"2017-11-28","Pre-bloom","Victor Harbor - Encounter Bay Sanctuary Zone","Simpson diversity","gaussian (identity link)","gaussian","identity","gaussian identity model was specified for a continuous diversity index","start_date_fct","Date-only model used because Status was not represented at every retained sampling date",0,NA,"simpson_diversity"
"2018-11-27",4.342606169540678,1.5929053107770428,Inf,1.2205691296350931,7.464643209446264,"2018-11-27","Pre-bloom","Victor Harbor - Encounter Bay Sanctuary Zone","Simpson diversity","gaussian (identity link)","gaussian","identity","gaussian identity model was specified for a continuous diversity index","start_date_fct","Date-only model used because Status was not represented at every retained sampling date",0,NA,"simpson_diversity"
"2021-11-23",6.134735592210363,1.465945512601405,Inf,3.2615351842135016,9.007936000207224,"2021-11-23","Pre-bloom","Victor Harbor - Encounter Bay Sanctuary Zone","Simpson diversity","gaussian (identity link)","gaussian","identity","gaussian identity model was specified for a continuous diversity index","start_date_fct","Date-only model used because Status was not represented at every retained sampling date",0,NA,"simpson_diversity"
"2025-10-30",5.228308221586683,1.1358172325554317,Inf,3.002147352758083,7.454469090415284,"2025-10-30","Bloom","Victor Harbor - Encounter Bay Sanctuary Zone","Simpson diversity","gaussian (identity link)","gaussian","identity","gaussian identity model was specified for a continuous diversity index","start_date_fct","Date-only model used because Status was not represented at every retained sampling date",0,NA,"simpson_diversity"
"2026-01-23",3.5607372142642255,1.1358172305464185,Inf,1.3345763493732186,5.7868980791552325,"2026-01-23","Bloom","Victor Harbor - Encounter Bay Sanctuary Zone","Simpson diversity","gaussian (identity link)","gaussian","identity","gaussian identity model was specified for a continuous diversity index","start_date_fct","Date-only model used because Status was not represented at every retained sampling date",0,NA,"simpson_diversity"
"2017-04-12",3.873787728323982,0.43879633558105596,Inf,3.013762714036961,4.733812742611003,"2017-04-12","Pre-bloom","Windara Reef - Windara Shell fish Reef Sanctuary Zone","Simpson diversity","gaussian (identity link)","gaussian","identity","gaussian identity model was specified for a continuous diversity index","start_date_fct * Status","Full date x Status interaction used",0,NA,"simpson_diversity"
"2017-11-23",3.425202804938212,0.4387963355810106,Inf,2.5651777906512803,4.2852278192251445,"2017-11-23","Pre-bloom","Windara Reef - Windara Shell fish Reef Sanctuary Zone","Simpson diversity","gaussian (identity link)","gaussian","identity","gaussian identity model was specified for a continuous diversity index","start_date_fct * Status","Full date x Status interaction used",0,NA,"simpson_diversity"
"2018-04-24",3.453281219741034,0.43879633558112985,Inf,2.5932562054538684,4.313306234028199,"2018-04-24","Pre-bloom","Windara Reef - Windara Shell fish Reef Sanctuary Zone","Simpson diversity","gaussian (identity link)","gaussian","identity","gaussian identity model was specified for a continuous diversity index","start_date_fct * Status","Full date x Status interaction used",0,NA,"simpson_diversity"
"2018-11-29",4.02134648257134,0.43879633558098985,Inf,3.161321468284448,4.881371496858231,"2018-11-29","Pre-bloom","Windara Reef - Windara Shell fish Reef Sanctuary Zone","Simpson diversity","gaussian (identity link)","gaussian","identity","gaussian identity model was specified for a continuous diversity index","start_date_fct * Status","Full date x Status interaction used",0,NA,"simpson_diversity"
"2019-10-22",3.2897072064630795,0.438796335581046,Inf,2.429682192176078,4.149732220750081,"2019-10-22","Pre-bloom","Windara Reef - Windara Shell fish Reef Sanctuary Zone","Simpson diversity","gaussian (identity link)","gaussian","identity","gaussian identity model was specified for a continuous diversity index","start_date_fct * Status","Full date x Status interaction used",0,NA,"simpson_diversity"
"2020-10-28",3.7326920680839835,0.43879633558097697,Inf,2.8726670537971173,4.59271708237085,"2020-10-28","Pre-bloom","Windara Reef - Windara Shell fish Reef Sanctuary Zone","Simpson diversity","gaussian (identity link)","gaussian","identity","gaussian identity model was specified for a continuous diversity index","start_date_fct * Status","Full date x Status interaction used",0,NA,"simpson_diversity"
"2025-10-24",1.2757775191535226,0.43879633558097864,Inf,0.41575250486665316,2.135802533440392,"2025-10-24","Bloom","Windara Reef - Windara Shell fish Reef Sanctuary Zone","Simpson diversity","gaussian (identity link)","gaussian","identity","gaussian identity model was specified for a continuous diversity index","start_date_fct * Status","Full date x Status interaction used",0,NA,"simpson_diversity"
"2015-12-10",5.841660717390588,1.5144886008825638,Inf,3.514445263998644,9.709925002012346,"2015-12-10","Pre-bloom","Aldinga - Aldinga Reef Sanctuary Zone","Abundance > 200 mm","Negative binomial nbinom2 (log link)","nbinom2","log","nbinom2 selected: Poisson Pearson dispersion ratio = 5.804, greater than the threshold of 1.5","start_date_fct * Status","Full date x Status interaction used",0,NA,"large_fish"
"2026-02-21",4.5360508864796,1.088038385810899,Inf,2.8346845310097684,7.258570546262126,"2026-02-21","Bloom","Aldinga - Aldinga Reef Sanctuary Zone","Abundance > 200 mm","Negative binomial nbinom2 (log link)","nbinom2","log","nbinom2 selected: Poisson Pearson dispersion ratio = 5.804, greater than the threshold of 1.5","start_date_fct * Status","Full date x Status interaction used",0,NA,"large_fish"
"2016-05-24",1.6208865025997568,0.35949867122937773,Inf,1.0494540598665834,2.50346647345771,"2016-05-24","Pre-bloom","Bay of Shoals - Bay of Shoals Sanctuary Zone","Abundance > 200 mm","Negative binomial nbinom2 (log link)","nbinom2","log","nbinom2 selected: Poisson Pearson dispersion ratio = 1.855, greater than the threshold of 1.5","start_date_fct * Status","Full date x Status interaction used",0,NA,"large_fish"
"2017-04-05",1.9148543306895014,0.4194012747336435,Inf,1.246525558972315,2.9415097679852504,"2017-04-05","Pre-bloom","Bay of Shoals - Bay of Shoals Sanctuary Zone","Abundance > 200 mm","Negative binomial nbinom2 (log link)","nbinom2","log","nbinom2 selected: Poisson Pearson dispersion ratio = 1.855, greater than the threshold of 1.5","start_date_fct * Status","Full date x Status interaction used",0,NA,"large_fish"
"2018-03-28",1.4431370360029436,0.3277410323713108,Inf,0.924691747865485,2.2522581276310074,"2018-03-28","Pre-bloom","Bay of Shoals - Bay of Shoals Sanctuary Zone","Abundance > 200 mm","Negative binomial nbinom2 (log link)","nbinom2","log","nbinom2 selected: Poisson Pearson dispersion ratio = 1.855, greater than the threshold of 1.5","start_date_fct * Status","Full date x Status interaction used",0,NA,"large_fish"
"2026-03-24",2.0564937815928706,0.399793206674005,Inf,1.4049127180132883,3.0102700470323054,"2026-03-24","Bloom","Bay of Shoals - Bay of Shoals Sanctuary Zone","Abundance > 200 mm","Negative binomial nbinom2 (log link)","nbinom2","log","nbinom2 selected: Poisson Pearson dispersion ratio = 1.855, greater than the threshold of 1.5","start_date_fct * Status","Full date x Status interaction used",0,NA,"large_fish"
"2017-01-12",2.1896883517710597,0.4799745994950151,Inf,1.4249542054351945,3.3648345045709744,"2017-01-12","Pre-bloom","Cape Elizabeth - Cape Elizabeth Sanctuary Zone","Abundance > 200 mm","Negative binomial nbinom2 (log link)","nbinom2","log","nbinom2 selected: Poisson Pearson dispersion ratio = 2.083, greater than the threshold of 1.5","start_date_fct * Status","Full date x Status interaction used",0,NA,"large_fish"
"2026-03-10",3.2081246547670577,0.6876959529890565,Inf,2.1075944585373563,4.883322670940602,"2026-03-10","Bloom","Cape Elizabeth - Cape Elizabeth Sanctuary Zone","Abundance > 200 mm","Negative binomial nbinom2 (log link)","nbinom2","log","nbinom2 selected: Poisson Pearson dispersion ratio = 2.083, greater than the threshold of 1.5","start_date_fct * Status","Full date x Status interaction used",0,NA,"large_fish"
"2015-12-10",6.805882450768026,1.2088705200245928,Inf,4.804993617810128,9.639978659281239,"2015-12-10","Pre-bloom","Carrickalinga - Carrickalinga Cliffs Sanctuary Zone","Abundance > 200 mm","Negative binomial nbinom2 (log link)","nbinom2","log","nbinom2 selected: Poisson Pearson dispersion ratio = 4.137, greater than the threshold of 1.5","start_date_fct * Status","Full date x Status interaction used",0,NA,"large_fish"
"2016-12-06",5.966576932992659,0.8524934036467811,Inf,4.509279478294101,7.894840066730103,"2016-12-06","Pre-bloom","Carrickalinga - Carrickalinga Cliffs Sanctuary Zone","Abundance > 200 mm","Negative binomial nbinom2 (log link)","nbinom2","log","nbinom2 selected: Poisson Pearson dispersion ratio = 4.137, greater than the threshold of 1.5","start_date_fct * Status","Full date x Status interaction used",0,NA,"large_fish"
"2017-12-05",9.306633758539295,1.5142381413126893,Inf,6.765465231939463,12.802287639685893,"2017-12-05","Pre-bloom","Carrickalinga - Carrickalinga Cliffs Sanctuary Zone","Abundance > 200 mm","Negative binomial nbinom2 (log link)","nbinom2","log","nbinom2 selected: Poisson Pearson dispersion ratio = 4.137, greater than the threshold of 1.5","start_date_fct * Status","Full date x Status interaction used",0,NA,"large_fish"
"2018-12-11",6.122633223829052,0.9944649966869308,Inf,4.453304055556416,8.417713483264864,"2018-12-11","Pre-bloom","Carrickalinga - Carrickalinga Cliffs Sanctuary Zone","Abundance > 200 mm","Negative binomial nbinom2 (log link)","nbinom2","log","nbinom2 selected: Poisson Pearson dispersion ratio = 4.137, greater than the threshold of 1.5","start_date_fct * Status","Full date x Status interaction used",0,NA,"large_fish"
"2020-12-04",11.997515474335128,1.5323940153216828,Inf,9.34051444244642,15.410326534349933,"2020-12-04","Pre-bloom","Carrickalinga - Carrickalinga Cliffs Sanctuary Zone","Abundance > 200 mm","Negative binomial nbinom2 (log link)","nbinom2","log","nbinom2 selected: Poisson Pearson dispersion ratio = 4.137, greater than the threshold of 1.5","start_date_fct * Status","Full date x Status interaction used",0,NA,"large_fish"
"2025-02-20",16.467742241071782,2.1255961626107114,Inf,12.7868646186593,21.208211911671416,"2025-02-20","Pre-bloom","Carrickalinga - Carrickalinga Cliffs Sanctuary Zone","Abundance > 200 mm","Negative binomial nbinom2 (log link)","nbinom2","log","nbinom2 selected: Poisson Pearson dispersion ratio = 4.137, greater than the threshold of 1.5","start_date_fct * Status","Full date x Status interaction used",0,NA,"large_fish"
"2025-12-17",10.39333350737149,1.3680750035666154,Inf,8.02991895791558,13.45236259065451,"2025-12-17","Bloom","Carrickalinga - Carrickalinga Cliffs Sanctuary Zone","Abundance > 200 mm","Negative binomial nbinom2 (log link)","nbinom2","log","nbinom2 selected: Poisson Pearson dispersion ratio = 4.137, greater than the threshold of 1.5","start_date_fct * Status","Full date x Status interaction used",0,NA,"large_fish"
"2015-11-15",10.590199994589566,2.0300798503431006,Inf,7.273337966434905,15.419651395682,"2015-11-15","Pre-bloom","Chinamans Hat - Chinamans Hat Sanctuary Zone","Abundance > 200 mm","Negative binomial nbinom2 (log link)","nbinom2","log","nbinom2 selected: Poisson Pearson dispersion ratio = 3.586, greater than the threshold of 1.5","start_date_fct * Status","Full date x Status interaction used",0,NA,"large_fish"
"2025-12-04",9.467152579225871,1.8920812511552643,Inf,6.39882719246714,14.006782065290684,"2025-12-04","Bloom","Chinamans Hat - Chinamans Hat Sanctuary Zone","Abundance > 200 mm","Negative binomial nbinom2 (log link)","nbinom2","log","nbinom2 selected: Poisson Pearson dispersion ratio = 3.586, greater than the threshold of 1.5","start_date_fct * Status","Full date x Status interaction used",0,NA,"large_fish"
"2017-01-12",0.6998542112817532,0.2680345014338225,Inf,0.330376493976791,1.4825386369140812,"2017-01-12","Pre-bloom","Cuttlefish Coast - Fairway Bank Sanctuary Zone","Abundance > 200 mm","Negative binomial nbinom2 (log link)","nbinom2","log","nbinom2 selected: Poisson Pearson dispersion ratio = 2.005, greater than the threshold of 1.5","start_date_fct * Status","Full date x Status interaction used",0,NA,"large_fish"
"2026-02-16",6.220166897078405,1.1512312299190872,Inf,4.3277411905475285,8.940108597994747,"2026-02-16","Bloom","Cuttlefish Coast - Fairway Bank Sanctuary Zone","Abundance > 200 mm","Negative binomial nbinom2 (log link)","nbinom2","log","nbinom2 selected: Poisson Pearson dispersion ratio = 2.005, greater than the threshold of 1.5","start_date_fct * Status","Full date x Status interaction used",0,NA,"large_fish"
"2025-11-10",36.090908882207046,2.677841342548781,Inf,31.206216680592632,41.74019930951254,"2025-11-10","Bloom","Dangerous Reef - Dangerous Reef Sanctuary Zone","Abundance > 200 mm","Negative binomial nbinom2 (log link)","nbinom2","log","nbinom2 selected: Poisson Pearson dispersion ratio = 2.459, greater than the threshold of 1.5","start_date_fct","Date-only fixed effect used",0,NA,"large_fish"
"2026-04-08",41.416666022178575,2.8543062909822132,Inf,36.18370251207052,47.406431771885735,"2026-04-08","Bloom","Dangerous Reef - Dangerous Reef Sanctuary Zone","Abundance > 200 mm","Negative binomial nbinom2 (log link)","nbinom2","log","nbinom2 selected: Poisson Pearson dispersion ratio = 2.459, greater than the threshold of 1.5","start_date_fct","Date-only fixed effect used",0,NA,"large_fish"
"2020-10-13",1.8790816266618688,1.6704345208789741,Inf,0.3290476176969914,10.730810891053899,"2020-10-13","Pre-bloom","Glenelg","Abundance > 200 mm","Negative binomial nbinom2 (log link)","nbinom2","log","nbinom2 selected: Poisson Pearson dispersion ratio = 4.446, greater than the threshold of 1.5","start_date_fct","Date-only fixed effect used",0,NA,"large_fish"
"2021-10-25",1.4160689136926454,1.2015378460265362,Inf,0.26843420352085806,7.47017757806283,"2021-10-25","Pre-bloom","Glenelg","Abundance > 200 mm","Negative binomial nbinom2 (log link)","nbinom2","log","nbinom2 selected: Poisson Pearson dispersion ratio = 4.446, greater than the threshold of 1.5","start_date_fct","Date-only fixed effect used",0,NA,"large_fish"
"2022-12-02",0.8370861384372008,0.7228667336874679,Inf,0.15406856659493826,4.548060767034653,"2022-12-02","Pre-bloom","Glenelg","Abundance > 200 mm","Negative binomial nbinom2 (log link)","nbinom2","log","nbinom2 selected: Poisson Pearson dispersion ratio = 4.446, greater than the threshold of 1.5","start_date_fct","Date-only fixed effect used",0,NA,"large_fish"
"2023-11-23",1.8497662897772356,1.56624715468036,Inf,0.3518693903154738,9.724163058709145,"2023-11-23","Pre-bloom","Glenelg","Abundance > 200 mm","Negative binomial nbinom2 (log link)","nbinom2","log","nbinom2 selected: Poisson Pearson dispersion ratio = 4.446, greater than the threshold of 1.5","start_date_fct","Date-only fixed effect used",0,NA,"large_fish"
"2026-03-20",0.6397010670314675,0.5614597118143462,Inf,0.11452105782287415,3.5732944048955684,"2026-03-20","Bloom","Glenelg","Abundance > 200 mm","Negative binomial nbinom2 (log link)","nbinom2","log","nbinom2 selected: Poisson Pearson dispersion ratio = 4.446, greater than the threshold of 1.5","start_date_fct","Date-only fixed effect used",0,NA,"large_fish"
"2026-01-26",1.6840241981634259,0.38132540453725716,Inf,1.0804503018686404,2.624773666216032,"2026-01-26","Bloom","Middle/Long Spit - Middle Spit Sanctuary Zone","Abundance > 200 mm","Negative binomial nbinom2 (log link)","nbinom2","log","nbinom2 selected: Poisson Pearson dispersion ratio = 2.011, greater than the threshold of 1.5","Status","Status-only fixed effect used",0,"overall","large_fish"
"2021-10-12",0.8238737388314454,0.8817728220035236,Inf,0.10112057419669326,6.712461266446221,"2021-10-12","Pre-bloom","O'Sullivan","Abundance > 200 mm","Poisson (log link)","poisson","log","Poisson retained: Pearson dispersion ratio = 1.15, not greater than the threshold of 1.5","start_date_fct","Date-only fixed effect used",0,NA,"large_fish"
"2022-12-01",0.5005505940020825,0.5361506810359867,Inf,0.061334863724771344,4.084967047128979,"2022-12-01","Pre-bloom","O'Sullivan","Abundance > 200 mm","Poisson (log link)","poisson","log","Poisson retained: Pearson dispersion ratio = 1.15, not greater than the threshold of 1.5","start_date_fct","Date-only fixed effect used",0,NA,"large_fish"
"2023-12-01",1.0882601025196428,1.1498292528041942,Inf,0.13720621497014013,8.631606454516675,"2023-12-01","Pre-bloom","O'Sullivan","Abundance > 200 mm","Poisson (log link)","poisson","log","Poisson retained: Pearson dispersion ratio = 1.15, not greater than the threshold of 1.5","start_date_fct","Date-only fixed effect used",0,NA,"large_fish"
"2024-12-19",0.2666051692306283,0.3069531267484151,Inf,0.027915563610553393,2.5461895468813323,"2024-12-19","Pre-bloom","O'Sullivan","Abundance > 200 mm","Poisson (log link)","poisson","log","Poisson retained: Pearson dispersion ratio = 1.15, not greater than the threshold of 1.5","start_date_fct","Date-only fixed effect used",0,NA,"large_fish"
"2025-11-13",0.4519048910811446,0.4765392033493409,Inf,0.057206405851386685,3.569845501456389,"2025-11-13","Bloom","O'Sullivan","Abundance > 200 mm","Poisson (log link)","poisson","log","Poisson retained: Pearson dispersion ratio = 1.15, not greater than the threshold of 1.5","start_date_fct","Date-only fixed effect used",0,NA,"large_fish"
"2026-03-06",0.40112004712802196,0.4245575448619529,Inf,0.05038914681502012,3.1930941954354717,"2026-03-06","Bloom","O'Sullivan","Abundance > 200 mm","Poisson (log link)","poisson","log","Poisson retained: Pearson dispersion ratio = 1.15, not greater than the threshold of 1.5","start_date_fct","Date-only fixed effect used",0,NA,"large_fish"
"2016-11-03",2.152974123546668,1.0628975123830744,Inf,0.8181083276400242,5.665872623534912,"2016-11-03","Pre-bloom","Offshore Ardrossan - Offshore Ardrossan Sanctuary Zone","Abundance > 200 mm","Negative binomial nbinom2 (log link)","nbinom2","log","nbinom2 selected: Poisson Pearson dispersion ratio = 1.968, greater than the threshold of 1.5","start_date_fct + Status","Additive date + Status model used because 1 observed date x Status cell(s) contained all zeros",1,NA,"large_fish"
"2025-10-13",0.233679242566577,0.15509096075406628,Inf,0.0636333495520977,0.8581347483803643,"2025-10-13","Bloom","Offshore Ardrossan - Offshore Ardrossan Sanctuary Zone","Abundance > 200 mm","Negative binomial nbinom2 (log link)","nbinom2","log","nbinom2 selected: Poisson Pearson dispersion ratio = 1.968, greater than the threshold of 1.5","start_date_fct + Status","Additive date + Status model used because 1 observed date x Status cell(s) contained all zeros",1,NA,"large_fish"
"2017-02-03",0.9217139350743422,0.24786477527074302,Inf,0.5441183552557292,1.5613451924645094,"2017-02-03","Pre-bloom","Port Gibbon - Port Gibbon Sanctuary Zone","Abundance > 200 mm","Poisson (log link)","poisson","log","Poisson retained: Pearson dispersion ratio = 1.205, not greater than the threshold of 1.5","start_date_fct * Status","Full date x Status interaction used",0,NA,"large_fish"
"2025-11-14",1.7062176858164246,0.3235643498757638,Inf,1.1765596808437282,2.474314596013614,"2025-11-14","Bloom","Port Gibbon - Port Gibbon Sanctuary Zone","Abundance > 200 mm","Poisson (log link)","poisson","log","Poisson retained: Pearson dispersion ratio = 1.205, not greater than the threshold of 1.5","start_date_fct * Status","Full date x Status interaction used",0,NA,"large_fish"
"2021-10-12",8.333333470528286,1.7829072517377162,Inf,5.4790486365816164,12.674544676857156,"2021-10-12","Pre-bloom","Port Noarlunga - Port Noarlunga Reef Sanctuary Zone","Abundance > 200 mm","Negative binomial nbinom2 (log link)","nbinom2","log","nbinom2 selected: Poisson Pearson dispersion ratio = 1.882, greater than the threshold of 1.5","start_date_fct","Date-only fixed effect used",0,NA,"large_fish"
"2022-12-01",7.999998620194553,1.5090252381201275,Inf,5.527507085596076,11.578452443758943,"2022-12-01","Pre-bloom","Port Noarlunga - Port Noarlunga Reef Sanctuary Zone","Abundance > 200 mm","Negative binomial nbinom2 (log link)","nbinom2","log","nbinom2 selected: Poisson Pearson dispersion ratio = 1.882, greater than the threshold of 1.5","start_date_fct","Date-only fixed effect used",0,NA,"large_fish"
"2023-12-01",8.999997899707967,1.862176838026494,Inf,5.999589004454471,13.50091850201878,"2023-12-01","Pre-bloom","Port Noarlunga - Port Noarlunga Reef Sanctuary Zone","Abundance > 200 mm","Negative binomial nbinom2 (log link)","nbinom2","log","nbinom2 selected: Poisson Pearson dispersion ratio = 1.882, greater than the threshold of 1.5","start_date_fct","Date-only fixed effect used",0,NA,"large_fish"
"2024-12-19",9.249998645193346,1.6379974122894851,Inf,6.537477327179014,13.087995667741732,"2024-12-19","Pre-bloom","Port Noarlunga - Port Noarlunga Reef Sanctuary Zone","Abundance > 200 mm","Negative binomial nbinom2 (log link)","nbinom2","log","nbinom2 selected: Poisson Pearson dispersion ratio = 1.882, greater than the threshold of 1.5","start_date_fct","Date-only fixed effect used",0,NA,"large_fish"
"2025-11-13",4.999998108898272,1.04240646230561,Inf,3.322845702138276,7.523665956832911,"2025-11-13","Bloom","Port Noarlunga - Port Noarlunga Reef Sanctuary Zone","Abundance > 200 mm","Negative binomial nbinom2 (log link)","nbinom2","log","nbinom2 selected: Poisson Pearson dispersion ratio = 1.882, greater than the threshold of 1.5","start_date_fct","Date-only fixed effect used",0,NA,"large_fish"
"2015-12-10",9.92877967747154,1.6404379330786403,Inf,7.182240274904986,13.725615143817505,"2015-12-10","Pre-bloom","Rapid Head - Rapid Head Sanctuary Zone","Abundance > 200 mm","Negative binomial nbinom2 (log link)","nbinom2","log","nbinom2 selected: Poisson Pearson dispersion ratio = 3.592, greater than the threshold of 1.5","start_date_fct * Status","Full date x Status interaction used",0,NA,"large_fish"
"2016-12-06",9.037749913678105,1.5659379819086896,Inf,6.435402741582414,12.69243383547802,"2016-12-06","Pre-bloom","Rapid Head - Rapid Head Sanctuary Zone","Abundance > 200 mm","Negative binomial nbinom2 (log link)","nbinom2","log","nbinom2 selected: Poisson Pearson dispersion ratio = 3.592, greater than the threshold of 1.5","start_date_fct * Status","Full date x Status interaction used",0,NA,"large_fish"
"2017-12-05",8.962951018804432,1.5371177872438175,Inf,6.404314445771834,12.543808029058399,"2017-12-05","Pre-bloom","Rapid Head - Rapid Head Sanctuary Zone","Abundance > 200 mm","Negative binomial nbinom2 (log link)","nbinom2","log","nbinom2 selected: Poisson Pearson dispersion ratio = 3.592, greater than the threshold of 1.5","start_date_fct * Status","Full date x Status interaction used",0,NA,"large_fish"
"2018-12-11",9.563961175908725,1.7616289274805352,Inf,6.665783015957015,13.722221853805276,"2018-12-11","Pre-bloom","Rapid Head - Rapid Head Sanctuary Zone","Abundance > 200 mm","Negative binomial nbinom2 (log link)","nbinom2","log","nbinom2 selected: Poisson Pearson dispersion ratio = 3.592, greater than the threshold of 1.5","start_date_fct * Status","Full date x Status interaction used",0,NA,"large_fish"
"2021-01-21",8.24102319883731,1.3456190572062086,Inf,5.984038627545391,11.349268878572188,"2021-01-21","Pre-bloom","Rapid Head - Rapid Head Sanctuary Zone","Abundance > 200 mm","Negative binomial nbinom2 (log link)","nbinom2","log","nbinom2 selected: Poisson Pearson dispersion ratio = 3.592, greater than the threshold of 1.5","start_date_fct * Status","Full date x Status interaction used",0,NA,"large_fish"
"2025-02-27",9.501252889381703,1.6227362743203988,Inf,6.798335866588798,13.278809438004547,"2025-02-27","Pre-bloom","Rapid Head - Rapid Head Sanctuary Zone","Abundance > 200 mm","Negative binomial nbinom2 (log link)","nbinom2","log","nbinom2 selected: Poisson Pearson dispersion ratio = 3.592, greater than the threshold of 1.5","start_date_fct * Status","Full date x Status interaction used",0,NA,"large_fish"
"2025-12-10",6.592981902718743,1.1040431784299336,Inf,4.748341455762561,9.154230118987138,"2025-12-10","Bloom","Rapid Head - Rapid Head Sanctuary Zone","Abundance > 200 mm","Negative binomial nbinom2 (log link)","nbinom2","log","nbinom2 selected: Poisson Pearson dispersion ratio = 3.592, greater than the threshold of 1.5","start_date_fct * Status","Full date x Status interaction used",0,NA,"large_fish"
"2016-01-20",16.506966903601963,1.8603321970013373,Inf,13.235398440906453,20.587212207715698,"2016-01-20","Pre-bloom","Sponge Gardens - Sponge Gardens Sanctuary Zone","Abundance > 200 mm","Negative binomial nbinom2 (log link)","nbinom2","log","nbinom2 selected: Poisson Pearson dispersion ratio = 3.356, greater than the threshold of 1.5","start_date_fct * Status","Full date x Status interaction used",0,NA,"large_fish"
"2016-12-06",8.449852967786722,1.0075845743964,Inf,6.688819116751686,10.674532220253594,"2016-12-06","Pre-bloom","Sponge Gardens - Sponge Gardens Sanctuary Zone","Abundance > 200 mm","Negative binomial nbinom2 (log link)","nbinom2","log","nbinom2 selected: Poisson Pearson dispersion ratio = 3.356, greater than the threshold of 1.5","start_date_fct * Status","Full date x Status interaction used",0,NA,"large_fish"
"2017-12-05",11.401755208408707,2.595781118060352,Inf,7.297647380160779,17.81396319393154,"2017-12-05","Pre-bloom","Sponge Gardens - Sponge Gardens Sanctuary Zone","Abundance > 200 mm","Negative binomial nbinom2 (log link)","nbinom2","log","nbinom2 selected: Poisson Pearson dispersion ratio = 3.356, greater than the threshold of 1.5","start_date_fct * Status","Full date x Status interaction used",0,NA,"large_fish"
"2018-01-17",11.197094861747683,1.4931978369603154,Inf,8.621695341789401,14.541795827009036,"2018-01-17","Pre-bloom","Sponge Gardens - Sponge Gardens Sanctuary Zone","Abundance > 200 mm","Negative binomial nbinom2 (log link)","nbinom2","log","nbinom2 selected: Poisson Pearson dispersion ratio = 3.356, greater than the threshold of 1.5","start_date_fct * Status","Full date x Status interaction used",0,NA,"large_fish"
"2019-01-22",10.690905130462966,1.1936161395722074,Inf,8.58973346170579,13.306053443695799,"2019-01-22","Pre-bloom","Sponge Gardens - Sponge Gardens Sanctuary Zone","Abundance > 200 mm","Negative binomial nbinom2 (log link)","nbinom2","log","nbinom2 selected: Poisson Pearson dispersion ratio = 3.356, greater than the threshold of 1.5","start_date_fct * Status","Full date x Status interaction used",0,NA,"large_fish"
"2021-01-21",12.29922115477395,1.3125975593915895,Inf,9.977820209910101,15.16071023847422,"2021-01-21","Pre-bloom","Sponge Gardens - Sponge Gardens Sanctuary Zone","Abundance > 200 mm","Negative binomial nbinom2 (log link)","nbinom2","log","nbinom2 selected: Poisson Pearson dispersion ratio = 3.356, greater than the threshold of 1.5","start_date_fct * Status","Full date x Status interaction used",0,NA,"large_fish"
"2025-04-02",14.28285513535899,1.5981171938464072,Inf,11.47026844816116,17.785106925754178,"2025-04-02","Bloom","Sponge Gardens - Sponge Gardens Sanctuary Zone","Abundance > 200 mm","Negative binomial nbinom2 (log link)","nbinom2","log","nbinom2 selected: Poisson Pearson dispersion ratio = 3.356, greater than the threshold of 1.5","start_date_fct * Status","Full date x Status interaction used",0,NA,"large_fish"
"2026-01-27",16.062374948659006,1.768584714792724,Inf,12.94452912670025,19.931191506930954,"2026-01-27","Bloom","Sponge Gardens - Sponge Gardens Sanctuary Zone","Abundance > 200 mm","Negative binomial nbinom2 (log link)","nbinom2","log","nbinom2 selected: Poisson Pearson dispersion ratio = 3.356, greater than the threshold of 1.5","start_date_fct * Status","Full date x Status interaction used",0,NA,"large_fish"
"2016-04-19",9.177942729423108,3.4675182033278458,Inf,4.376761885481653,19.245879704808452,"2016-04-19","Pre-bloom","The Pages - The Pages Sanctuary Zone","Abundance > 200 mm","Negative binomial nbinom2 (log link)","nbinom2","log","nbinom2 selected: Poisson Pearson dispersion ratio = 2.928, greater than the threshold of 1.5","start_date_fct * Status","Full date x Status interaction used",0,NA,"large_fish"
"2017-06-02",7.0315903705781295,2.6796945851162657,Inf,3.3317011759790685,14.840245426595757,"2017-06-02","Pre-bloom","The Pages - The Pages Sanctuary Zone","Abundance > 200 mm","Negative binomial nbinom2 (log link)","nbinom2","log","nbinom2 selected: Poisson Pearson dispersion ratio = 2.928, greater than the threshold of 1.5","start_date_fct * Status","Full date x Status interaction used",0,NA,"large_fish"
"2018-06-26",7.098271660998164,2.7397374875473655,Inf,3.3312885284007088,15.124916423111145,"2018-06-26","Pre-bloom","The Pages - The Pages Sanctuary Zone","Abundance > 200 mm","Negative binomial nbinom2 (log link)","nbinom2","log","nbinom2 selected: Poisson Pearson dispersion ratio = 2.928, greater than the threshold of 1.5","start_date_fct * Status","Full date x Status interaction used",0,NA,"large_fish"
"2019-06-06",7.558537807534674,2.89903021790639,Inf,3.564221831606912,16.029163303276672,"2019-06-06","Pre-bloom","The Pages - The Pages Sanctuary Zone","Abundance > 200 mm","Negative binomial nbinom2 (log link)","nbinom2","log","nbinom2 selected: Poisson Pearson dispersion ratio = 2.928, greater than the threshold of 1.5","start_date_fct * Status","Full date x Status interaction used",0,NA,"large_fish"
"2021-05-20",5.790416173970402,2.2176053464766707,Inf,2.733492100092869,12.265965380561699,"2021-05-20","Pre-bloom","The Pages - The Pages Sanctuary Zone","Abundance > 200 mm","Negative binomial nbinom2 (log link)","nbinom2","log","nbinom2 selected: Poisson Pearson dispersion ratio = 2.928, greater than the threshold of 1.5","start_date_fct * Status","Full date x Status interaction used",0,NA,"large_fish"
"2025-04-09",3.2198607212321564,1.2705665446650938,Inf,1.485766099009843,6.977883713353577,"2025-04-09","Bloom","The Pages - The Pages Sanctuary Zone","Abundance > 200 mm","Negative binomial nbinom2 (log link)","nbinom2","log","nbinom2 selected: Poisson Pearson dispersion ratio = 2.928, greater than the threshold of 1.5","start_date_fct * Status","Full date x Status interaction used",0,NA,"large_fish"
"2025-12-02",3.3930750149061475,1.3064566330171277,Inf,1.5953283131792664,7.216670049462505,"2025-12-02","Bloom","The Pages - The Pages Sanctuary Zone","Abundance > 200 mm","Negative binomial nbinom2 (log link)","nbinom2","log","nbinom2 selected: Poisson Pearson dispersion ratio = 2.928, greater than the threshold of 1.5","start_date_fct * Status","Full date x Status interaction used",0,NA,"large_fish"
"2026-03-01",9.79940411770054,3.6926871759644864,Inf,4.682128465913888,20.50954427267361,"2026-03-01","Bloom","The Pages - The Pages Sanctuary Zone","Abundance > 200 mm","Negative binomial nbinom2 (log link)","nbinom2","log","nbinom2 selected: Poisson Pearson dispersion ratio = 2.928, greater than the threshold of 1.5","start_date_fct * Status","Full date x Status interaction used",0,NA,"large_fish"
"2025-10-30",4.107408893304383,2.8726573860675226,Inf,1.0429198283439614,16.17651458749698,"2025-10-30","Bloom","Victor Harbor - Encounter Bay Sanctuary Zone","Abundance > 200 mm","Negative binomial nbinom2 (log link)","nbinom2","log","nbinom2 selected: Poisson Pearson dispersion ratio = 2.332, greater than the threshold of 1.5","start_date_fct * Status","Full date x Status interaction used",0,NA,"large_fish"
"2026-01-23",5.171975548060457,3.6141457593306305,Inf,1.3147460841797605,20.345625205967856,"2026-01-23","Bloom","Victor Harbor - Encounter Bay Sanctuary Zone","Abundance > 200 mm","Negative binomial nbinom2 (log link)","nbinom2","log","nbinom2 selected: Poisson Pearson dispersion ratio = 2.332, greater than the threshold of 1.5","start_date_fct * Status","Full date x Status interaction used",0,NA,"large_fish"
"2017-04-12",0.7902429125581845,0.3636520814498311,Inf,0.3206688188349331,1.9474417971704965,"2017-04-12","Pre-bloom","Windara Reef - Windara Shell fish Reef Sanctuary Zone","Abundance > 200 mm","Negative binomial nbinom2 (log link)","nbinom2","log","nbinom2 selected: Poisson Pearson dispersion ratio = 1.72, greater than the threshold of 1.5","start_date_fct + Status","Additive date + Status model used because 2 observed date x Status cell(s) contained all zeros",2,NA,"large_fish"
"2017-11-23",0.809610393665066,0.32715247347638043,Inf,0.36670530050565037,1.7874543635629923,"2017-11-23","Pre-bloom","Windara Reef - Windara Shell fish Reef Sanctuary Zone","Abundance > 200 mm","Negative binomial nbinom2 (log link)","nbinom2","log","nbinom2 selected: Poisson Pearson dispersion ratio = 1.72, greater than the threshold of 1.5","start_date_fct + Status","Additive date + Status model used because 2 observed date x Status cell(s) contained all zeros",2,NA,"large_fish"
"2018-04-24",0.7813841576742838,0.3126784356613033,Inf,0.3566547918421786,1.7119108331916826,"2018-04-24","Pre-bloom","Windara Reef - Windara Shell fish Reef Sanctuary Zone","Abundance > 200 mm","Negative binomial nbinom2 (log link)","nbinom2","log","nbinom2 selected: Poisson Pearson dispersion ratio = 1.72, greater than the threshold of 1.5","start_date_fct + Status","Additive date + Status model used because 2 observed date x Status cell(s) contained all zeros",2,NA,"large_fish"
"2018-11-29",0.561336235889184,0.26296538108359263,Inf,0.22411269675717935,1.4059817863136916,"2018-11-29","Pre-bloom","Windara Reef - Windara Shell fish Reef Sanctuary Zone","Abundance > 200 mm","Negative binomial nbinom2 (log link)","nbinom2","log","nbinom2 selected: Poisson Pearson dispersion ratio = 1.72, greater than the threshold of 1.5","start_date_fct + Status","Additive date + Status model used because 2 observed date x Status cell(s) contained all zeros",2,NA,"large_fish"
"2019-10-22",1.0907695843240006,0.4419756613459023,Inf,0.4929801259372176,2.4134406713139485,"2019-10-22","Pre-bloom","Windara Reef - Windara Shell fish Reef Sanctuary Zone","Abundance > 200 mm","Negative binomial nbinom2 (log link)","nbinom2","log","nbinom2 selected: Poisson Pearson dispersion ratio = 1.72, greater than the threshold of 1.5","start_date_fct + Status","Additive date + Status model used because 2 observed date x Status cell(s) contained all zeros",2,NA,"large_fish"
"2020-10-28",2.330705941457637,0.6730787809984079,Inf,1.3233389745849948,4.1049121123705214,"2020-10-28","Pre-bloom","Windara Reef - Windara Shell fish Reef Sanctuary Zone","Abundance > 200 mm","Negative binomial nbinom2 (log link)","nbinom2","log","nbinom2 selected: Poisson Pearson dispersion ratio = 1.72, greater than the threshold of 1.5","start_date_fct + Status","Additive date + Status model used because 2 observed date x Status cell(s) contained all zeros",2,NA,"large_fish"
"2025-10-24",0.26620586767379467,0.1649187110444738,Inf,0.07904691313202275,0.896500080472459,"2025-10-24","Bloom","Windara Reef - Windara Shell fish Reef Sanctuary Zone","Abundance > 200 mm","Negative binomial nbinom2 (log link)","nbinom2","log","nbinom2 selected: Poisson Pearson dispersion ratio = 1.72, greater than the threshold of 1.5","start_date_fct + Status","Additive date + Status model used because 2 observed date x Status cell(s) contained all zeros",2,NA,"large_fish"
