"start_date_fct","response","SE","df","asymp.LCL","asymp.UCL","Status","start_date_date","Period","reporting_name","metric","model_family","family_code","family_selection_reason","1","metric_id"
"2014-09-03",20.173823593416092,5.684550074730833,Inf,11.612825795248181,35.0460056453102,"Not modelled by Status","2014-09-03","Pre-bloom","Aldinga - Aldinga Reef Sanctuary Zone","Total abundance","Negative binomial (nbinom2)","nbinom2","Negative binomial converged with finite uncertainty and did not approach the Poisson boundary",NA,"total_abundance"
"2015-12-10",66.15863730953757,17.75214277562203,Inf,39.100856505072336,111.9403941979414,"Not modelled by Status","2015-12-10","Pre-bloom","Aldinga - Aldinga Reef Sanctuary Zone","Total abundance","Negative binomial (nbinom2)","nbinom2","Negative binomial converged with finite uncertainty and did not approach the Poisson boundary",NA,"total_abundance"
"2016-02-12",121.69789389655995,34.224397958441735,Inf,70.13011541919487,211.18427212519188,"Not modelled by Status","2016-02-12","Pre-bloom","Aldinga - Aldinga Reef Sanctuary Zone","Total abundance","Negative binomial (nbinom2)","nbinom2","Negative binomial converged with finite uncertainty and did not approach the Poisson boundary",NA,"total_abundance"
"2016-11-19",51.773592695893306,15.711735631973404,Inf,28.56236163974256,93.84745331809394,"Not modelled by Status","2016-11-19","Pre-bloom","Aldinga - Aldinga Reef Sanctuary Zone","Total abundance","Negative binomial (nbinom2)","nbinom2","Negative binomial converged with finite uncertainty and did not approach the Poisson boundary",NA,"total_abundance"
"2019-12-07",79.78954667255545,22.996469754081403,Inf,45.35422382323193,140.3699858920491,"Not modelled by Status","2019-12-07","Pre-bloom","Aldinga - Aldinga Reef Sanctuary Zone","Total abundance","Negative binomial (nbinom2)","nbinom2","Negative binomial converged with finite uncertainty and did not approach the Poisson boundary",NA,"total_abundance"
"2020-11-26",72.94563294044963,22.09460013281824,Inf,40.28818709965369,132.0750758012774,"Not modelled by Status","2020-11-26","Pre-bloom","Aldinga - Aldinga Reef Sanctuary Zone","Total abundance","Negative binomial (nbinom2)","nbinom2","Negative binomial converged with finite uncertainty and did not approach the Poisson boundary",NA,"total_abundance"
"2021-11-22",49.445060944612194,16.647269974363795,Inf,25.558687113649093,95.65491533056134,"Not modelled by Status","2021-11-22","Pre-bloom","Aldinga - Aldinga Reef Sanctuary Zone","Total abundance","Negative binomial (nbinom2)","nbinom2","Negative binomial converged with finite uncertainty and did not approach the Poisson boundary",NA,"total_abundance"
"2025-02-06",49.79575987330094,12.969467759052502,Inf,29.887813954116826,82.96417078766976,"Not modelled by Status","2025-02-06","Pre-bloom","Aldinga - Aldinga Reef Sanctuary Zone","Total abundance","Negative binomial (nbinom2)","nbinom2","Negative binomial converged with finite uncertainty and did not approach the Poisson boundary",NA,"total_abundance"
"2026-02-21",53.80232193080988,12.70662739268447,Inf,33.866525721673625,85.47348106906594,"Not modelled by Status","2026-02-21","Bloom","Aldinga - Aldinga Reef Sanctuary Zone","Total abundance","Negative binomial (nbinom2)","nbinom2","Negative binomial converged with finite uncertainty and did not approach the Poisson boundary",NA,"total_abundance"
"2016-05-24",49.386358964409695,15.731991349041289,Inf,26.451927949315387,92.20547010542776,"Fished","2016-05-24","Pre-bloom","Bay of Shoals - Bay of Shoals Sanctuary Zone","Total abundance","Negative binomial (nbinom2)","nbinom2","Negative binomial converged with finite uncertainty and did not approach the Poisson boundary",NA,"total_abundance"
"2017-04-05",42.7186967421943,13.591300254838883,Inf,22.89819828937545,79.6956611297358,"Fished","2017-04-05","Pre-bloom","Bay of Shoals - Bay of Shoals Sanctuary Zone","Total abundance","Negative binomial (nbinom2)","nbinom2","Negative binomial converged with finite uncertainty and did not approach the Poisson boundary",NA,"total_abundance"
"2018-03-28",31.39326438012374,9.98354770166034,Inf,16.83220884039817,58.55066662879122,"Fished","2018-03-28","Pre-bloom","Bay of Shoals - Bay of Shoals Sanctuary Zone","Total abundance","Negative binomial (nbinom2)","nbinom2","Negative binomial converged with finite uncertainty and did not approach the Poisson boundary",NA,"total_abundance"
"2026-03-24",27.583292730437286,8.84739325556156,Inf,14.710302558757906,51.721440453991406,"Fished","2026-03-24","Bloom","Bay of Shoals - Bay of Shoals Sanctuary Zone","Total abundance","Negative binomial (nbinom2)","nbinom2","Negative binomial converged with finite uncertainty and did not approach the Poisson boundary",NA,"total_abundance"
"2016-05-24",67.36861172131623,22.45647214476434,Inf,35.05261000593938,129.47765785453487,"No-take","2016-05-24","Pre-bloom","Bay of Shoals - Bay of Shoals Sanctuary Zone","Total abundance","Negative binomial (nbinom2)","nbinom2","Negative binomial converged with finite uncertainty and did not approach the Poisson boundary",NA,"total_abundance"
"2017-04-05",55.20322083046977,18.030428940647244,Inf,29.1035317766928,104.70878975925802,"No-take","2017-04-05","Pre-bloom","Bay of Shoals - Bay of Shoals Sanctuary Zone","Total abundance","Negative binomial (nbinom2)","nbinom2","Negative binomial converged with finite uncertainty and did not approach the Poisson boundary",NA,"total_abundance"
"2018-03-28",69.88680514642685,22.09707023238175,Inf,37.60617081966281,129.8767044641751,"No-take","2018-03-28","Pre-bloom","Bay of Shoals - Bay of Shoals Sanctuary Zone","Total abundance","Negative binomial (nbinom2)","nbinom2","Negative binomial converged with finite uncertainty and did not approach the Poisson boundary",NA,"total_abundance"
"2026-03-24",31.06026691964809,9.912220609885933,Inf,16.617374069906578,58.0561150673555,"No-take","2026-03-24","Bloom","Bay of Shoals - Bay of Shoals Sanctuary Zone","Total abundance","Negative binomial (nbinom2)","nbinom2","Negative binomial converged with finite uncertainty and did not approach the Poisson boundary",NA,"total_abundance"
"2021-10-11",30.01034049272654,4.654023981342773,Inf,22.144506668130653,40.67015580823544,"Not modelled by Status","2021-10-11","Pre-bloom","Boston Bay","Total abundance","Negative binomial (nbinom2)","nbinom2","Negative binomial converged with finite uncertainty and did not approach the Poisson boundary",NA,"total_abundance"
"2022-05-10",12.470607882313187,2.022918043980451,Inf,9.074236114912571,17.13819863016758,"Not modelled by Status","2022-05-10","Pre-bloom","Boston Bay","Total abundance","Negative binomial (nbinom2)","nbinom2","Negative binomial converged with finite uncertainty and did not approach the Poisson boundary",NA,"total_abundance"
"2024-03-25",238.6139996396264,36.4504590483795,Inf,176.87528048349313,321.9027592119253,"Not modelled by Status","2024-03-25","Pre-bloom","Boston Bay","Total abundance","Negative binomial (nbinom2)","nbinom2","Negative binomial converged with finite uncertainty and did not approach the Poisson boundary",NA,"total_abundance"
"2024-11-14",94.81998810326705,14.376031516908245,Inf,70.44430374385782,127.63033582665842,"Not modelled by Status","2024-11-14","Pre-bloom","Boston Bay","Total abundance","Negative binomial (nbinom2)","nbinom2","Negative binomial converged with finite uncertainty and did not approach the Poisson boundary",NA,"total_abundance"
"2025-05-22",24.996977899055267,3.906221239741933,Inf,18.402302477672727,33.95493063131521,"Not modelled by Status","2025-05-22","Bloom","Boston Bay","Total abundance","Negative binomial (nbinom2)","nbinom2","Negative binomial converged with finite uncertainty and did not approach the Poisson boundary",NA,"total_abundance"
"2025-11-11",54.27545784153744,8.566213652785782,Inf,39.834524724507354,73.95156197498574,"Not modelled by Status","2025-11-11","Bloom","Boston Bay","Total abundance","Negative binomial (nbinom2)","nbinom2","Negative binomial converged with finite uncertainty and did not approach the Poisson boundary",NA,"total_abundance"
"2017-01-12",16.48756595195025,3.0674089900563564,Inf,11.449744576335837,23.741999588509916,"Fished","2017-01-12","Pre-bloom","Cape Elizabeth - Cape Elizabeth Sanctuary Zone","Total abundance","Negative binomial (nbinom2)","nbinom2","Negative binomial converged with finite uncertainty and did not approach the Poisson boundary",NA,"total_abundance"
"2026-03-10",15.00633471253803,2.8130470134833008,Inf,10.392276293701618,21.668985229078576,"Fished","2026-03-10","Bloom","Cape Elizabeth - Cape Elizabeth Sanctuary Zone","Total abundance","Negative binomial (nbinom2)","nbinom2","Negative binomial converged with finite uncertainty and did not approach the Poisson boundary",NA,"total_abundance"
"2017-01-12",19.16428750010713,3.5223599851865086,Inf,13.367292009282854,27.47526687766778,"No-take","2017-01-12","Pre-bloom","Cape Elizabeth - Cape Elizabeth Sanctuary Zone","Total abundance","Negative binomial (nbinom2)","nbinom2","Negative binomial converged with finite uncertainty and did not approach the Poisson boundary",NA,"total_abundance"
"2026-03-10",14.863416849636216,2.7822806214800804,Inf,10.298699285419831,21.451365296083004,"No-take","2026-03-10","Bloom","Cape Elizabeth - Cape Elizabeth Sanctuary Zone","Total abundance","Negative binomial (nbinom2)","nbinom2","Negative binomial converged with finite uncertainty and did not approach the Poisson boundary",NA,"total_abundance"
"2015-12-10",26.7049207473457,5.189198724329751,Inf,18.246897986087713,39.083508477208326,"Not modelled by Status","2015-12-10","Pre-bloom","Carrickalinga - Carrickalinga Cliffs Sanctuary Zone","Total abundance","Negative binomial (nbinom2)","nbinom2","Negative binomial converged with finite uncertainty and did not approach the Poisson boundary",NA,"total_abundance"
"2016-12-06",15.820665303549777,2.825305993289531,Inf,11.148447574285118,22.450968978341677,"Not modelled by Status","2016-12-06","Pre-bloom","Carrickalinga - Carrickalinga Cliffs Sanctuary Zone","Total abundance","Negative binomial (nbinom2)","nbinom2","Negative binomial converged with finite uncertainty and did not approach the Poisson boundary",NA,"total_abundance"
"2017-12-05",34.26944265208345,5.994430676940565,Inf,24.322845228134913,48.28360698221198,"Not modelled by Status","2017-12-05","Pre-bloom","Carrickalinga - Carrickalinga Cliffs Sanctuary Zone","Total abundance","Negative binomial (nbinom2)","nbinom2","Negative binomial converged with finite uncertainty and did not approach the Poisson boundary",NA,"total_abundance"
"2018-12-11",47.454845558288866,8.424989932231005,Inf,33.50894954644012,67.20480341647384,"Not modelled by Status","2018-12-11","Pre-bloom","Carrickalinga - Carrickalinga Cliffs Sanctuary Zone","Total abundance","Negative binomial (nbinom2)","nbinom2","Negative binomial converged with finite uncertainty and did not approach the Poisson boundary",NA,"total_abundance"
"2020-12-04",60.391744521706435,10.431505402993082,Inf,43.04760337823948,84.7239455894703,"Not modelled by Status","2020-12-04","Pre-bloom","Carrickalinga - Carrickalinga Cliffs Sanctuary Zone","Total abundance","Negative binomial (nbinom2)","nbinom2","Negative binomial converged with finite uncertainty and did not approach the Poisson boundary",NA,"total_abundance"
"2025-02-06",106.86483379633177,41.60492468003662,Inf,49.8244576320376,229.20656330384975,"Not modelled by Status","2025-02-06","Pre-bloom","Carrickalinga - Carrickalinga Cliffs Sanctuary Zone","Total abundance","Negative binomial (nbinom2)","nbinom2","Negative binomial converged with finite uncertainty and did not approach the Poisson boundary",NA,"total_abundance"
"2025-02-20",129.52381676455414,22.89904766065464,Inf,91.59298565634734,183.16270606356417,"Not modelled by Status","2025-02-20","Pre-bloom","Carrickalinga - Carrickalinga Cliffs Sanctuary Zone","Total abundance","Negative binomial (nbinom2)","nbinom2","Negative binomial converged with finite uncertainty and did not approach the Poisson boundary",NA,"total_abundance"
"2025-12-17",91.13087254640784,15.768682851998543,Inf,64.92011027635196,127.92393444369704,"Not modelled by Status","2025-12-17","Bloom","Carrickalinga - Carrickalinga Cliffs Sanctuary Zone","Total abundance","Negative binomial (nbinom2)","nbinom2","Negative binomial converged with finite uncertainty and did not approach the Poisson boundary",NA,"total_abundance"
"2015-11-15",21.734789391483933,4.844326446646941,Inf,14.04224793825728,33.64141353786623,"Fished","2015-11-15","Pre-bloom","Chinamans Hat - Chinamans Hat Sanctuary Zone","Total abundance","Negative binomial (nbinom2)","nbinom2","Negative binomial converged with finite uncertainty and did not approach the Poisson boundary",NA,"total_abundance"
"2025-12-04",19.37012044858008,4.420127928330709,Inf,12.384942602472725,30.294978203418488,"Fished","2025-12-04","Bloom","Chinamans Hat - Chinamans Hat Sanctuary Zone","Total abundance","Negative binomial (nbinom2)","nbinom2","Negative binomial converged with finite uncertainty and did not approach the Poisson boundary",NA,"total_abundance"
"2015-11-15",20.99696280817246,4.684176319464755,Inf,13.560115562457177,32.51244026182094,"No-take","2015-11-15","Pre-bloom","Chinamans Hat - Chinamans Hat Sanctuary Zone","Total abundance","Negative binomial (nbinom2)","nbinom2","Negative binomial converged with finite uncertainty and did not approach the Poisson boundary",NA,"total_abundance"
"2025-12-04",22.872654532610532,5.152016017403643,Inf,14.709071595237825,35.56705275250177,"No-take","2025-12-04","Bloom","Chinamans Hat - Chinamans Hat Sanctuary Zone","Total abundance","Negative binomial (nbinom2)","nbinom2","Negative binomial converged with finite uncertainty and did not approach the Poisson boundary",NA,"total_abundance"
"2017-01-12",160.00000009453055,50.25244634096341,Inf,86.45228646314621,296.11709623391874,"Fished","2017-01-12","Pre-bloom","Cuttlefish Coast - Fairway Bank Sanctuary Zone","Total abundance","Negative binomial (nbinom2)","nbinom2","Negative binomial converged with finite uncertainty and did not approach the Poisson boundary",NA,"total_abundance"
"2026-02-16",161.62499987039186,50.76080895035085,Inf,87.33244998235537,299.11723063285166,"Fished","2026-02-16","Bloom","Cuttlefish Coast - Fairway Bank Sanctuary Zone","Total abundance","Negative binomial (nbinom2)","nbinom2","Negative binomial converged with finite uncertainty and did not approach the Poisson boundary",NA,"total_abundance"
"2017-01-12",108.87500008642985,34.258745658687324,Inf,58.76084207485933,201.72899545446953,"No-take","2017-01-12","Pre-bloom","Cuttlefish Coast - Fairway Bank Sanctuary Zone","Total abundance","Negative binomial (nbinom2)","nbinom2","Negative binomial converged with finite uncertainty and did not approach the Poisson boundary",NA,"total_abundance"
"2026-02-16",92.91666667213065,23.895895696895128,Inf,56.128752342752456,153.81612070653165,"No-take","2026-02-16","Bloom","Cuttlefish Coast - Fairway Bank Sanctuary Zone","Total abundance","Negative binomial (nbinom2)","nbinom2","Negative binomial converged with finite uncertainty and did not approach the Poisson boundary",NA,"total_abundance"
"2016-01-19",72.66648440522113,16.959344892612318,Inf,45.9912878029416,114.8134398505908,"Not modelled by Status","2016-01-19","Pre-bloom","Dangerous Reef - Dangerous Reef Sanctuary Zone","Total abundance","Negative binomial (nbinom2)","nbinom2","Negative binomial converged with finite uncertainty and did not approach the Poisson boundary",NA,"total_abundance"
"2017-02-25",81.58348652808787,13.432640859513278,Inf,59.08167018308874,112.65533376854063,"Not modelled by Status","2017-02-25","Pre-bloom","Dangerous Reef - Dangerous Reef Sanctuary Zone","Total abundance","Negative binomial (nbinom2)","nbinom2","Negative binomial converged with finite uncertainty and did not approach the Poisson boundary",NA,"total_abundance"
"2019-02-16",54.36339196265045,9.436636217087624,Inf,38.685770045577534,76.39445672666967,"Not modelled by Status","2019-02-16","Pre-bloom","Dangerous Reef - Dangerous Reef Sanctuary Zone","Total abundance","Negative binomial (nbinom2)","nbinom2","Negative binomial converged with finite uncertainty and did not approach the Poisson boundary",NA,"total_abundance"
"2020-04-10",42.00037878878947,7.0370561568029455,Inf,30.243814343115773,58.32702840947487,"Not modelled by Status","2020-04-10","Pre-bloom","Dangerous Reef - Dangerous Reef Sanctuary Zone","Total abundance","Negative binomial (nbinom2)","nbinom2","Negative binomial converged with finite uncertainty and did not approach the Poisson boundary",NA,"total_abundance"
"2022-03-16",81.58319074270672,13.432569643400837,Inf,59.081487937096085,112.6548643941957,"Not modelled by Status","2022-03-16","Pre-bloom","Dangerous Reef - Dangerous Reef Sanctuary Zone","Total abundance","Negative binomial (nbinom2)","nbinom2","Negative binomial converged with finite uncertainty and did not approach the Poisson boundary",NA,"total_abundance"
"2025-11-10",120.00040239647826,19.638435460095927,Inf,87.07248678708815,165.3805594243356,"Not modelled by Status","2025-11-10","Bloom","Dangerous Reef - Dangerous Reef Sanctuary Zone","Total abundance","Negative binomial (nbinom2)","nbinom2","Negative binomial converged with finite uncertainty and did not approach the Poisson boundary",NA,"total_abundance"
"2026-04-08",105.66584937486108,17.32283528708965,Inf,76.62824183828559,145.70700640207502,"Not modelled by Status","2026-04-08","Bloom","Dangerous Reef - Dangerous Reef Sanctuary Zone","Total abundance","Negative binomial (nbinom2)","nbinom2","Negative binomial converged with finite uncertainty and did not approach the Poisson boundary",NA,"total_abundance"
"2020-10-13",47.018664637219786,13.585586504615431,Inf,26.688481945789185,82.83554039371462,"Not modelled by Status","2020-10-13","Pre-bloom","Glenelg","Total abundance","Negative binomial (nbinom2)","nbinom2","Negative binomial converged with finite uncertainty and did not approach the Poisson boundary",NA,"total_abundance"
"2021-10-25",27.33457244234994,7.840754445754795,Inf,15.579386207648632,47.959453642612225,"Not modelled by Status","2021-10-25","Pre-bloom","Glenelg","Total abundance","Negative binomial (nbinom2)","nbinom2","Negative binomial converged with finite uncertainty and did not approach the Poisson boundary",NA,"total_abundance"
"2022-12-02",33.84161601742729,9.336049573241173,Inf,19.707249948489366,58.11338353471176,"Not modelled by Status","2022-12-02","Pre-bloom","Glenelg","Total abundance","Negative binomial (nbinom2)","nbinom2","Negative binomial converged with finite uncertainty and did not approach the Poisson boundary",NA,"total_abundance"
"2023-11-23",68.64655962222382,18.811966634651647,Inf,40.119426753493386,117.45806282132891,"Not modelled by Status","2023-11-23","Pre-bloom","Glenelg","Total abundance","Negative binomial (nbinom2)","nbinom2","Negative binomial converged with finite uncertainty and did not approach the Poisson boundary",NA,"total_abundance"
"2025-10-21",4.434191816176034,1.2759456353645124,Inf,2.5227830229400627,7.793796328836975,"Not modelled by Status","2025-10-21","Bloom","Glenelg","Total abundance","Negative binomial (nbinom2)","nbinom2","Negative binomial converged with finite uncertainty and did not approach the Poisson boundary",NA,"total_abundance"
"2026-03-20",81.32994908457135,21.673220306689913,Inf,48.241184723056655,137.1143900397946,"Not modelled by Status","2026-03-20","Bloom","Glenelg","Total abundance","Negative binomial (nbinom2)","nbinom2","Negative binomial converged with finite uncertainty and did not approach the Poisson boundary",NA,"total_abundance"
"2014-09-03",10.37640236130886,4.546937586239816,Inf,4.395926737032539,24.493066514674968,"Not modelled by Status","2014-09-03","Pre-bloom","Middle/Long Spit - Middle Spit Sanctuary Zone","Total abundance","Negative binomial (nbinom2)","nbinom2","Negative binomial converged with finite uncertainty and did not approach the Poisson boundary",NA,"total_abundance"
"2015-01-07",36.53488967760401,7.259151533213934,Inf,24.75037403124693,53.93042392286824,"Not modelled by Status","2015-01-07","Pre-bloom","Middle/Long Spit - Middle Spit Sanctuary Zone","Total abundance","Negative binomial (nbinom2)","nbinom2","Negative binomial converged with finite uncertainty and did not approach the Poisson boundary",NA,"total_abundance"
"2016-01-10",32.14370414216332,6.7127556465892795,Inf,21.346888451839583,48.401326418599865,"Not modelled by Status","2016-01-10","Pre-bloom","Middle/Long Spit - Middle Spit Sanctuary Zone","Total abundance","Negative binomial (nbinom2)","nbinom2","Negative binomial converged with finite uncertainty and did not approach the Poisson boundary",NA,"total_abundance"
"2016-03-11",31.422883735052825,13.269971153104,Inf,13.733500908945414,71.89700781855986,"Not modelled by Status","2016-03-11","Pre-bloom","Middle/Long Spit - Middle Spit Sanctuary Zone","Total abundance","Negative binomial (nbinom2)","nbinom2","Negative binomial converged with finite uncertainty and did not approach the Poisson boundary",NA,"total_abundance"
"2026-01-26",124.21871248410086,23.299088135562798,Inf,86.00651880500786,179.40836050103292,"Not modelled by Status","2026-01-26","Bloom","Middle/Long Spit - Middle Spit Sanctuary Zone","Total abundance","Negative binomial (nbinom2)","nbinom2","Negative binomial converged with finite uncertainty and did not approach the Poisson boundary",NA,"total_abundance"
"2015-04-28",121.50000752942748,38.253987337585706,Inf,65.55072974896251,225.20347044472956,"Not modelled by Status","2015-04-28","Pre-bloom","O'Sullivan","Total abundance","Negative binomial (nbinom2)","nbinom2","Negative binomial converged with finite uncertainty and did not approach the Poisson boundary",NA,"total_abundance"
"2015-10-09",300.1666667897181,94.11673913264148,Inf,162.35650401314115,554.9517612448526,"Not modelled by Status","2015-10-09","Pre-bloom","O'Sullivan","Total abundance","Negative binomial (nbinom2)","nbinom2","Negative binomial converged with finite uncertainty and did not approach the Poisson boundary",NA,"total_abundance"
"2021-10-12",31.454545696733444,7.457601626412768,Inf,19.763819049212906,50.060590138184594,"Not modelled by Status","2021-10-12","Pre-bloom","O'Sullivan","Total abundance","Negative binomial (nbinom2)","nbinom2","Negative binomial converged with finite uncertainty and did not approach the Poisson boundary",NA,"total_abundance"
"2022-12-01",51.249996528879215,11.517534347968493,Inf,32.991440675542414,79.61344186334011,"Not modelled by Status","2022-12-01","Pre-bloom","O'Sullivan","Total abundance","Negative binomial (nbinom2)","nbinom2","Negative binomial converged with finite uncertainty and did not approach the Poisson boundary",NA,"total_abundance"
"2023-12-01",21.250000857260478,4.882888036922294,Inf,13.544636184204752,33.33884574619777,"Not modelled by Status","2023-12-01","Pre-bloom","O'Sullivan","Total abundance","Negative binomial (nbinom2)","nbinom2","Negative binomial converged with finite uncertainty and did not approach the Poisson boundary",NA,"total_abundance"
"2024-12-19",33.000001066825874,7.481900806471854,Inf,21.16049946013993,51.46381693219765,"Not modelled by Status","2024-12-19","Pre-bloom","O'Sullivan","Total abundance","Negative binomial (nbinom2)","nbinom2","Negative binomial converged with finite uncertainty and did not approach the Poisson boundary",NA,"total_abundance"
"2025-02-04",19.39999817667932,6.9303896224266,Inf,9.632107782092971,39.07347568876365,"Not modelled by Status","2025-02-04","Pre-bloom","O'Sullivan","Total abundance","Negative binomial (nbinom2)","nbinom2","Negative binomial converged with finite uncertainty and did not approach the Poisson boundary",NA,"total_abundance"
"2025-11-13",117.64706140234041,22.01055681675339,Inf,81.53236084330871,169.75874258327647,"Not modelled by Status","2025-11-13","Bloom","O'Sullivan","Total abundance","Negative binomial (nbinom2)","nbinom2","Negative binomial converged with finite uncertainty and did not approach the Poisson boundary",NA,"total_abundance"
"2026-03-06",27.588235656397952,5.280446199463094,Inf,18.958421095989472,40.14631507441067,"Not modelled by Status","2026-03-06","Bloom","O'Sullivan","Total abundance","Negative binomial (nbinom2)","nbinom2","Negative binomial converged with finite uncertainty and did not approach the Poisson boundary",NA,"total_abundance"
"2014-09-03",103.16667245657587,19.83117232470683,Inf,70.78113901003111,150.37003437107776,"Fished","2014-09-03","Pre-bloom","Offshore Ardrossan - Offshore Ardrossan Sanctuary Zone","Total abundance","Negative binomial (nbinom2)","nbinom2","Negative binomial converged with finite uncertainty and did not approach the Poisson boundary",NA,"total_abundance"
"2016-03-11",106.99999445585541,22.513495501825034,Inf,70.84111830455016,161.61516203531917,"Fished","2016-03-11","Pre-bloom","Offshore Ardrossan - Offshore Ardrossan Sanctuary Zone","Total abundance","Negative binomial (nbinom2)","nbinom2","Negative binomial converged with finite uncertainty and did not approach the Poisson boundary",NA,"total_abundance"
"2016-11-03",83.57142805040236,14.948861485466592,Inf,58.857108195383766,118.66338324334048,"Fished","2016-11-03","Pre-bloom","Offshore Ardrossan - Offshore Ardrossan Sanctuary Zone","Total abundance","Negative binomial (nbinom2)","nbinom2","Negative binomial converged with finite uncertainty and did not approach the Poisson boundary",NA,"total_abundance"
"2025-10-13",121.66665778150191,23.309453885114873,Inf,83.5784859275662,177.1122729903245,"Fished","2025-10-13","Bloom","Offshore Ardrossan - Offshore Ardrossan Sanctuary Zone","Total abundance","Negative binomial (nbinom2)","nbinom2","Negative binomial converged with finite uncertainty and did not approach the Poisson boundary",NA,"total_abundance"
"2014-09-03",40.91666991270624,5.74351930848534,Inf,31.075359075842247,53.87464301408025,"No-take","2014-09-03","Pre-bloom","Offshore Ardrossan - Offshore Ardrossan Sanctuary Zone","Total abundance","Negative binomial (nbinom2)","nbinom2","Negative binomial converged with finite uncertainty and did not approach the Poisson boundary",NA,"total_abundance"
"2016-03-11",74.16666833108332,10.166783866624325,Inf,56.69253384666752,97.02679203244426,"No-take","2016-03-11","Pre-bloom","Offshore Ardrossan - Offshore Ardrossan Sanctuary Zone","Total abundance","Negative binomial (nbinom2)","nbinom2","Negative binomial converged with finite uncertainty and did not approach the Poisson boundary",NA,"total_abundance"
"2016-11-03",41.00000267177988,11.509224396525221,Inf,23.65052253060287,71.07666297481619,"No-take","2016-11-03","Pre-bloom","Offshore Ardrossan - Offshore Ardrossan Sanctuary Zone","Total abundance","Negative binomial (nbinom2)","nbinom2","Negative binomial converged with finite uncertainty and did not approach the Poisson boundary",NA,"total_abundance"
"2025-10-13",91.66667636926705,17.66884907364127,Inf,62.826300179771884,133.74621030594088,"No-take","2025-10-13","Bloom","Offshore Ardrossan - Offshore Ardrossan Sanctuary Zone","Total abundance","Negative binomial (nbinom2)","nbinom2","Negative binomial converged with finite uncertainty and did not approach the Poisson boundary",NA,"total_abundance"
"2017-02-03",34.166666678378725,4.6264126591046555,Inf,26.20256418227189,44.55140740390772,"No-take","2017-02-03","Pre-bloom","Orcades Bank - Orcades Bank Sanctuary Zone","Total abundance","Negative binomial (nbinom2)","nbinom2","Negative binomial converged with finite uncertainty and did not approach the Poisson boundary","overall","total_abundance"
"2017-02-03",15.12436295289773,4.025876072211936,Inf,8.976357643668111,25.483204191662544,"Fished","2017-02-03","Pre-bloom","Port Gibbon - Port Gibbon Sanctuary Zone","Total abundance","Negative binomial (nbinom2)","nbinom2","Negative binomial converged with finite uncertainty and did not approach the Poisson boundary",NA,"total_abundance"
"2025-11-14",31.199569661055495,8.856857992971802,Inf,17.885932147573325,54.42339482245673,"Fished","2025-11-14","Bloom","Port Gibbon - Port Gibbon Sanctuary Zone","Total abundance","Negative binomial (nbinom2)","nbinom2","Negative binomial converged with finite uncertainty and did not approach the Poisson boundary",NA,"total_abundance"
"2017-02-03",24.81074665741244,6.29547839962886,Inf,15.088844062325798,40.79657441985771,"No-take","2017-02-03","Pre-bloom","Port Gibbon - Port Gibbon Sanctuary Zone","Total abundance","Negative binomial (nbinom2)","nbinom2","Negative binomial converged with finite uncertainty and did not approach the Poisson boundary",NA,"total_abundance"
"2025-11-14",39.35260816929894,9.913741947207546,Inf,24.018070596107243,64.47760920385372,"No-take","2025-11-14","Bloom","Port Gibbon - Port Gibbon Sanctuary Zone","Total abundance","Negative binomial (nbinom2)","nbinom2","Negative binomial converged with finite uncertainty and did not approach the Poisson boundary",NA,"total_abundance"
"2015-04-28",72.19934857350468,21.958021444772132,Inf,39.77928365470975,131.04172462445183,"Not modelled by Status","2015-04-28","Pre-bloom","Port Noarlunga - Port Noarlunga Reef Sanctuary Zone","Total abundance","Negative binomial (nbinom2)","nbinom2","Negative binomial converged with finite uncertainty and did not approach the Poisson boundary",NA,"total_abundance"
"2015-10-09",61.833210568781034,17.20996940796642,Inf,35.835033003396674,106.69296520198021,"Not modelled by Status","2015-10-09","Pre-bloom","Port Noarlunga - Port Noarlunga Reef Sanctuary Zone","Total abundance","Negative binomial (nbinom2)","nbinom2","Negative binomial converged with finite uncertainty and did not approach the Poisson boundary",NA,"total_abundance"
"2021-10-12",25.24944018137116,8.821284249814116,Inf,12.731256515706983,50.076300692401645,"Not modelled by Status","2021-10-12","Pre-bloom","Port Noarlunga - Port Noarlunga Reef Sanctuary Zone","Total abundance","Negative binomial (nbinom2)","nbinom2","Negative binomial converged with finite uncertainty and did not approach the Poisson boundary",NA,"total_abundance"
"2022-12-01",46.249746002539666,15.857821391561789,Inf,23.61863159628196,90.56574664707337,"Not modelled by Status","2022-12-01","Pre-bloom","Port Noarlunga - Port Noarlunga Reef Sanctuary Zone","Total abundance","Negative binomial (nbinom2)","nbinom2","Negative binomial converged with finite uncertainty and did not approach the Poisson boundary",NA,"total_abundance"
"2023-12-01",106.74914688298729,36.121392845763346,Inf,54.99685974552808,207.2005640498807,"Not modelled by Status","2023-12-01","Pre-bloom","Port Noarlunga - Port Noarlunga Reef Sanctuary Zone","Total abundance","Negative binomial (nbinom2)","nbinom2","Negative binomial converged with finite uncertainty and did not approach the Poisson boundary",NA,"total_abundance"
"2024-12-19",27.000099148340322,9.40817642156187,Inf,13.638431834610685,53.452285633762344,"Not modelled by Status","2024-12-19","Pre-bloom","Port Noarlunga - Port Noarlunga Reef Sanctuary Zone","Total abundance","Negative binomial (nbinom2)","nbinom2","Negative binomial converged with finite uncertainty and did not approach the Poisson boundary",NA,"total_abundance"
"2025-02-04",19.749814845428592,6.977440843869774,Inf,9.881907762041855,39.471648169696756,"Not modelled by Status","2025-02-04","Pre-bloom","Port Noarlunga - Port Noarlunga Reef Sanctuary Zone","Total abundance","Negative binomial (nbinom2)","nbinom2","Negative binomial converged with finite uncertainty and did not approach the Poisson boundary",NA,"total_abundance"
"2025-11-13",28.166702770134137,8.000977465117243,Inf,16.141555979458833,49.150351177463165,"Not modelled by Status","2025-11-13","Bloom","Port Noarlunga - Port Noarlunga Reef Sanctuary Zone","Total abundance","Negative binomial (nbinom2)","nbinom2","Negative binomial converged with finite uncertainty and did not approach the Poisson boundary",NA,"total_abundance"
"2015-12-10",23.26946547542783,4.983349168173107,Inf,15.293064905855637,35.406115572346934,"Fished","2015-12-10","Pre-bloom","Rapid Head - Rapid Head Sanctuary Zone","Total abundance","Negative binomial (nbinom2)","nbinom2","Negative binomial converged with finite uncertainty and did not approach the Poisson boundary",NA,"total_abundance"
"2016-12-06",21.266423731546315,4.570051806107541,Inf,13.956462726543574,32.40511490562209,"Fished","2016-12-06","Pre-bloom","Rapid Head - Rapid Head Sanctuary Zone","Total abundance","Negative binomial (nbinom2)","nbinom2","Negative binomial converged with finite uncertainty and did not approach the Poisson boundary",NA,"total_abundance"
"2017-12-05",23.253938041428146,5.2408348080161105,Inf,14.950569953430863,36.16889764864707,"Fished","2017-12-05","Pre-bloom","Rapid Head - Rapid Head Sanctuary Zone","Total abundance","Negative binomial (nbinom2)","nbinom2","Negative binomial converged with finite uncertainty and did not approach the Poisson boundary",NA,"total_abundance"
"2018-12-11",27.46341907247514,6.004560471805144,Inf,17.891600159705515,42.15606096815466,"Fished","2018-12-11","Pre-bloom","Rapid Head - Rapid Head Sanctuary Zone","Total abundance","Negative binomial (nbinom2)","nbinom2","Negative binomial converged with finite uncertainty and did not approach the Poisson boundary",NA,"total_abundance"
"2021-01-21",35.03073981719375,7.405622768852092,Inf,23.14740343535672,53.01470359589006,"Fished","2021-01-21","Pre-bloom","Rapid Head - Rapid Head Sanctuary Zone","Total abundance","Negative binomial (nbinom2)","nbinom2","Negative binomial converged with finite uncertainty and did not approach the Poisson boundary",NA,"total_abundance"
"2025-02-27",37.654284008244495,7.975307130249018,Inf,24.861479704623015,57.02979553183585,"Fished","2025-02-27","Pre-bloom","Rapid Head - Rapid Head Sanctuary Zone","Total abundance","Negative binomial (nbinom2)","nbinom2","Negative binomial converged with finite uncertainty and did not approach the Poisson boundary",NA,"total_abundance"
"2025-12-10",25.533038900266398,5.456545875476426,Inf,16.795626998871345,38.81582244749343,"Fished","2025-12-10","Bloom","Rapid Head - Rapid Head Sanctuary Zone","Total abundance","Negative binomial (nbinom2)","nbinom2","Negative binomial converged with finite uncertainty and did not approach the Poisson boundary",NA,"total_abundance"
"2015-12-10",22.151108887635317,4.862166860845312,Inf,14.406443899957882,34.059177154280995,"No-take","2015-12-10","Pre-bloom","Rapid Head - Rapid Head Sanctuary Zone","Total abundance","Negative binomial (nbinom2)","nbinom2","Negative binomial converged with finite uncertainty and did not approach the Poisson boundary",NA,"total_abundance"
"2016-12-06",32.813000776910094,6.9431319499055135,Inf,21.673760539274745,49.677259192489494,"No-take","2016-12-06","Pre-bloom","Rapid Head - Rapid Head Sanctuary Zone","Total abundance","Negative binomial (nbinom2)","nbinom2","Negative binomial converged with finite uncertainty and did not approach the Poisson boundary",NA,"total_abundance"
"2017-12-05",31.483130937660487,6.674325223143607,Inf,20.779057866199583,47.70127404333369,"No-take","2017-12-05","Pre-bloom","Rapid Head - Rapid Head Sanctuary Zone","Total abundance","Negative binomial (nbinom2)","nbinom2","Negative binomial converged with finite uncertainty and did not approach the Poisson boundary",NA,"total_abundance"
"2018-12-11",35.2826773418877,7.449628259836537,Inf,23.325866376505484,53.36853518399743,"No-take","2018-12-11","Pre-bloom","Rapid Head - Rapid Head Sanctuary Zone","Total abundance","Negative binomial (nbinom2)","nbinom2","Negative binomial converged with finite uncertainty and did not approach the Poisson boundary",NA,"total_abundance"
"2021-01-21",40.41300887953029,8.513431546417442,Inf,26.742776727973382,61.07111850463265,"No-take","2021-01-21","Pre-bloom","Rapid Head - Rapid Head Sanctuary Zone","Total abundance","Negative binomial (nbinom2)","nbinom2","Negative binomial converged with finite uncertainty and did not approach the Poisson boundary",NA,"total_abundance"
"2025-02-27",44.78795284535164,9.624860414728483,Inf,29.392690620003705,68.24692390400797,"No-take","2025-02-27","Pre-bloom","Rapid Head - Rapid Head Sanctuary Zone","Total abundance","Negative binomial (nbinom2)","nbinom2","Negative binomial converged with finite uncertainty and did not approach the Poisson boundary",NA,"total_abundance"
"2025-12-10",26.98647869843206,5.74721251871138,Inf,17.77742739059842,40.965996740679834,"No-take","2025-12-10","Bloom","Rapid Head - Rapid Head Sanctuary Zone","Total abundance","Negative binomial (nbinom2)","nbinom2","Negative binomial converged with finite uncertainty and did not approach the Poisson boundary",NA,"total_abundance"
"2016-01-20",55.58333683055117,6.977343965030938,Inf,43.46040611168126,71.08786156483036,"Fished","2016-01-20","Pre-bloom","Sponge Gardens - Sponge Gardens Sanctuary Zone","Total abundance","Negative binomial (nbinom2)","nbinom2","Negative binomial converged with finite uncertainty and did not approach the Poisson boundary",NA,"total_abundance"
"2016-12-06",33.750000966883775,4.365053544144231,Inf,26.192907510820465,43.487442728307315,"Fished","2016-12-06","Pre-bloom","Sponge Gardens - Sponge Gardens Sanctuary Zone","Total abundance","Negative binomial (nbinom2)","nbinom2","Negative binomial converged with finite uncertainty and did not approach the Poisson boundary",NA,"total_abundance"
"2017-12-05",58.249998963807876,12.637296121964878,Inf,38.073986233545966,89.11760272408998,"Fished","2017-12-05","Pre-bloom","Sponge Gardens - Sponge Gardens Sanctuary Zone","Total abundance","Negative binomial (nbinom2)","nbinom2","Negative binomial converged with finite uncertainty and did not approach the Poisson boundary",NA,"total_abundance"
"2018-01-17",28.74999959148458,4.612148986064371,Inf,20.99355072745638,39.37220945808587,"Fished","2018-01-17","Pre-bloom","Sponge Gardens - Sponge Gardens Sanctuary Zone","Total abundance","Negative binomial (nbinom2)","nbinom2","Negative binomial converged with finite uncertainty and did not approach the Poisson boundary",NA,"total_abundance"
"2019-01-22",40.91666624894258,5.223095999213975,Inf,31.859769283738455,52.548201527054744,"Fished","2019-01-22","Pre-bloom","Sponge Gardens - Sponge Gardens Sanctuary Zone","Total abundance","Negative binomial (nbinom2)","nbinom2","Negative binomial converged with finite uncertainty and did not approach the Poisson boundary",NA,"total_abundance"
"2021-01-21",57.333331736365864,7.186561441803171,Inf,44.84475086877877,73.2997923795065,"Fished","2021-01-21","Pre-bloom","Sponge Gardens - Sponge Gardens Sanctuary Zone","Total abundance","Negative binomial (nbinom2)","nbinom2","Negative binomial converged with finite uncertainty and did not approach the Poisson boundary",NA,"total_abundance"
"2025-04-02",44.50000186128038,5.651858272012273,Inf,34.69369727029431,57.07809548881667,"Fished","2025-04-02","Bloom","Sponge Gardens - Sponge Gardens Sanctuary Zone","Total abundance","Negative binomial (nbinom2)","nbinom2","Negative binomial converged with finite uncertainty and did not approach the Poisson boundary",NA,"total_abundance"
"2026-01-27",52.7499956299717,6.638574184577219,Inf,41.21913937268855,67.5065535406529,"Fished","2026-01-27","Bloom","Sponge Gardens - Sponge Gardens Sanctuary Zone","Total abundance","Negative binomial (nbinom2)","nbinom2","Negative binomial converged with finite uncertainty and did not approach the Poisson boundary",NA,"total_abundance"
"2016-01-20",49.40000160087118,6.833352894374062,Inf,37.66889031554168,64.78449823511833,"No-take","2016-01-20","Pre-bloom","Sponge Gardens - Sponge Gardens Sanctuary Zone","Total abundance","Negative binomial (nbinom2)","nbinom2","Negative binomial converged with finite uncertainty and did not approach the Poisson boundary",NA,"total_abundance"
"2016-12-06",29.636364516929472,4.044260258866821,Inf,22.681282680408696,38.72418126241922,"No-take","2016-12-06","Pre-bloom","Sponge Gardens - Sponge Gardens Sanctuary Zone","Total abundance","Negative binomial (nbinom2)","nbinom2","Negative binomial converged with finite uncertainty and did not approach the Poisson boundary",NA,"total_abundance"
"2017-12-05",48.749996997837165,10.66983138234304,Inf,31.744867331914957,74.8644554863153,"No-take","2017-12-05","Pre-bloom","Sponge Gardens - Sponge Gardens Sanctuary Zone","Total abundance","Negative binomial (nbinom2)","nbinom2","Negative binomial converged with finite uncertainty and did not approach the Poisson boundary",NA,"total_abundance"
"2018-01-17",38.37500212424394,6.02437501552275,Inf,28.211155051201942,52.2006555691517,"No-take","2018-01-17","Pre-bloom","Sponge Gardens - Sponge Gardens Sanctuary Zone","Total abundance","Negative binomial (nbinom2)","nbinom2","Negative binomial converged with finite uncertainty and did not approach the Poisson boundary",NA,"total_abundance"
"2019-01-22",43.24999929765362,5.502305312611946,Inf,33.70508675073956,55.497926858354525,"No-take","2019-01-22","Pre-bloom","Sponge Gardens - Sponge Gardens Sanctuary Zone","Total abundance","Negative binomial (nbinom2)","nbinom2","Negative binomial converged with finite uncertainty and did not approach the Poisson boundary",NA,"total_abundance"
"2021-01-21",48.58333521221749,6.1402974981103355,Inf,37.92334131048242,62.239781063022214,"No-take","2021-01-21","Pre-bloom","Sponge Gardens - Sponge Gardens Sanctuary Zone","Total abundance","Negative binomial (nbinom2)","nbinom2","Negative binomial converged with finite uncertainty and did not approach the Poisson boundary",NA,"total_abundance"
"2025-04-02",56.90908882875364,7.453145058389729,Inf,44.025402021111255,73.56308500637799,"No-take","2025-04-02","Bloom","Sponge Gardens - Sponge Gardens Sanctuary Zone","Total abundance","Negative binomial (nbinom2)","nbinom2","Negative binomial converged with finite uncertainty and did not approach the Poisson boundary",NA,"total_abundance"
"2026-01-27",52.54546035165194,6.908220612316786,Inf,40.60940418034495,67.98980332992345,"No-take","2026-01-27","Bloom","Sponge Gardens - Sponge Gardens Sanctuary Zone","Total abundance","Negative binomial (nbinom2)","nbinom2","Negative binomial converged with finite uncertainty and did not approach the Poisson boundary",NA,"total_abundance"
"2016-04-19",40.185607402985966,9.739587446582119,Inf,24.99015890350371,64.6207592589781,"Fished","2016-04-19","Pre-bloom","The Pages - The Pages Sanctuary Zone","Total abundance","Negative binomial (nbinom2)","nbinom2","Negative binomial converged with finite uncertainty and did not approach the Poisson boundary",NA,"total_abundance"
"2017-06-02",51.329491708149796,12.428824734142703,Inf,31.93439211374421,82.50405110680235,"Fished","2017-06-02","Pre-bloom","The Pages - The Pages Sanctuary Zone","Total abundance","Negative binomial (nbinom2)","nbinom2","Negative binomial converged with finite uncertainty and did not approach the Poisson boundary",NA,"total_abundance"
"2018-06-26",57.715022141928245,14.56233892864378,Inf,35.1980290761743,94.63665632056804,"Fished","2018-06-26","Pre-bloom","The Pages - The Pages Sanctuary Zone","Total abundance","Negative binomial (nbinom2)","nbinom2","Negative binomial converged with finite uncertainty and did not approach the Poisson boundary",NA,"total_abundance"
"2019-06-06",41.11661464387675,9.87292216322435,Inf,25.681880539468292,65.8275782092732,"Fished","2019-06-06","Pre-bloom","The Pages - The Pages Sanctuary Zone","Total abundance","Negative binomial (nbinom2)","nbinom2","Negative binomial converged with finite uncertainty and did not approach the Poisson boundary",NA,"total_abundance"
"2021-05-20",54.46632516085049,13.270660464046756,Inf,33.78576452306693,87.80563703100722,"Fished","2021-05-20","Pre-bloom","The Pages - The Pages Sanctuary Zone","Total abundance","Negative binomial (nbinom2)","nbinom2","Negative binomial converged with finite uncertainty and did not approach the Poisson boundary",NA,"total_abundance"
"2025-04-09",22.613289195892815,6.752824619816288,Inf,12.594364789081231,40.6023532604368,"Fished","2025-04-09","Bloom","The Pages - The Pages Sanctuary Zone","Total abundance","Negative binomial (nbinom2)","nbinom2","Negative binomial converged with finite uncertainty and did not approach the Poisson boundary",NA,"total_abundance"
"2025-12-02",75.43418252137937,19.176949390608236,Inf,45.8326454158725,124.15421019311576,"Fished","2025-12-02","Bloom","The Pages - The Pages Sanctuary Zone","Total abundance","Negative binomial (nbinom2)","nbinom2","Negative binomial converged with finite uncertainty and did not approach the Poisson boundary",NA,"total_abundance"
"2026-03-01",98.01142271488884,24.225925829094844,Inf,60.37836731769621,159.10067478391633,"Fished","2026-03-01","Bloom","The Pages - The Pages Sanctuary Zone","Total abundance","Negative binomial (nbinom2)","nbinom2","Negative binomial converged with finite uncertainty and did not approach the Poisson boundary",NA,"total_abundance"
"2016-04-19",37.90830577557499,9.173173034850908,Inf,23.591627598362347,60.91312016447083,"No-take","2016-04-19","Pre-bloom","The Pages - The Pages Sanctuary Zone","Total abundance","Negative binomial (nbinom2)","nbinom2","Negative binomial converged with finite uncertainty and did not approach the Poisson boundary",NA,"total_abundance"
"2017-06-02",38.441622384467,9.681518799438647,Inf,23.46533094652984,62.97624077483948,"No-take","2017-06-02","Pre-bloom","The Pages - The Pages Sanctuary Zone","Total abundance","Negative binomial (nbinom2)","nbinom2","Negative binomial converged with finite uncertainty and did not approach the Poisson boundary",NA,"total_abundance"
"2018-06-26",30.846519963582956,7.518529184796349,Inf,19.130853886094293,49.736817788114905,"No-take","2018-06-26","Pre-bloom","The Pages - The Pages Sanctuary Zone","Total abundance","Negative binomial (nbinom2)","nbinom2","Negative binomial converged with finite uncertainty and did not approach the Poisson boundary",NA,"total_abundance"
"2019-06-06",59.995525653597525,14.371680009241254,Inf,37.516045503519855,95.94462982815621,"No-take","2019-06-06","Pre-bloom","The Pages - The Pages Sanctuary Zone","Total abundance","Negative binomial (nbinom2)","nbinom2","Negative binomial converged with finite uncertainty and did not approach the Poisson boundary",NA,"total_abundance"
"2021-05-20",38.951594406203114,9.959888941871531,Inf,23.597920964874074,64.29493127991114,"No-take","2021-05-20","Pre-bloom","The Pages - The Pages Sanctuary Zone","Total abundance","Negative binomial (nbinom2)","nbinom2","Negative binomial converged with finite uncertainty and did not approach the Poisson boundary",NA,"total_abundance"
"2025-04-09",27.499058416759528,8.318630612183616,Inf,15.199322701475044,49.75209939683474,"No-take","2025-04-09","Bloom","The Pages - The Pages Sanctuary Zone","Total abundance","Negative binomial (nbinom2)","nbinom2","Negative binomial converged with finite uncertainty and did not approach the Poisson boundary",NA,"total_abundance"
"2025-12-02",82.06364078535792,21.483845528565183,Inf,49.12590089721567,137.08534634384588,"No-take","2025-12-02","Bloom","The Pages - The Pages Sanctuary Zone","Total abundance","Negative binomial (nbinom2)","nbinom2","Negative binomial converged with finite uncertainty and did not approach the Poisson boundary",NA,"total_abundance"
"2026-03-01",109.90095024437159,27.60354477526746,Inf,67.17494206072932,179.8024455859829,"No-take","2026-03-01","Bloom","The Pages - The Pages Sanctuary Zone","Total abundance","Negative binomial (nbinom2)","nbinom2","Negative binomial converged with finite uncertainty and did not approach the Poisson boundary",NA,"total_abundance"
"2017-11-28",31.31578850403576,5.154539752287197,Inf,22.68070961880404,43.23844474497573,"Not modelled by Status","2017-11-28","Pre-bloom","Victor Harbor - Encounter Bay Sanctuary Zone","Total abundance","Negative binomial (nbinom2)","nbinom2","Negative binomial converged with finite uncertainty and did not approach the Poisson boundary",NA,"total_abundance"
"2018-11-27",40.79999573752876,12.996438005867892,Inf,21.853360220774647,76.17316675171513,"Not modelled by Status","2018-11-27","Pre-bloom","Victor Harbor - Encounter Bay Sanctuary Zone","Total abundance","Negative binomial (nbinom2)","nbinom2","Negative binomial converged with finite uncertainty and did not approach the Poisson boundary",NA,"total_abundance"
"2021-11-23",24.12499952636252,6.175954283056343,Inf,14.607010019940764,39.844951249602275,"Not modelled by Status","2021-11-23","Pre-bloom","Victor Harbor - Encounter Bay Sanctuary Zone","Total abundance","Negative binomial (nbinom2)","nbinom2","Negative binomial converged with finite uncertainty and did not approach the Poisson boundary",NA,"total_abundance"
"2025-10-30",33.40000153505278,5.348015203130349,Inf,24.403488770370416,45.71314015953282,"Not modelled by Status","2025-10-30","Bloom","Victor Harbor - Encounter Bay Sanctuary Zone","Total abundance","Negative binomial (nbinom2)","nbinom2","Negative binomial converged with finite uncertainty and did not approach the Poisson boundary",NA,"total_abundance"
"2026-01-23",43.3500005799973,6.8945415107082875,Inf,31.740292393924722,59.206214201273696,"Not modelled by Status","2026-01-23","Bloom","Victor Harbor - Encounter Bay Sanctuary Zone","Total abundance","Negative binomial (nbinom2)","nbinom2","Negative binomial converged with finite uncertainty and did not approach the Poisson boundary",NA,"total_abundance"
"2017-04-12",25.333335678215963,4.781744792021069,Inf,17.49949340134916,36.67408432153188,"Not modelled by Status","2017-04-12","Pre-bloom","Windara Reef - Windara Shell fish Reef Sanctuary Zone","Total abundance","Negative binomial (nbinom2)","nbinom2","Negative binomial converged with finite uncertainty and did not approach the Poisson boundary",NA,"total_abundance"
"2017-11-23",28.166665626437553,5.291797807970367,Inf,19.49020406892324,40.70563087518093,"Not modelled by Status","2017-11-23","Pre-bloom","Windara Reef - Windara Shell fish Reef Sanctuary Zone","Total abundance","Negative binomial (nbinom2)","nbinom2","Negative binomial converged with finite uncertainty and did not approach the Poisson boundary",NA,"total_abundance"
"2018-04-24",33.16666501284686,6.191675798348892,Inf,23.003628716288414,47.819745381975,"Not modelled by Status","2018-04-24","Pre-bloom","Windara Reef - Windara Shell fish Reef Sanctuary Zone","Total abundance","Negative binomial (nbinom2)","nbinom2","Negative binomial converged with finite uncertainty and did not approach the Poisson boundary",NA,"total_abundance"
"2018-11-29",30.33333036356504,5.681773116757605,Inf,21.012633978837506,43.788462306622286,"Not modelled by Status","2018-11-29","Pre-bloom","Windara Reef - Windara Shell fish Reef Sanctuary Zone","Total abundance","Negative binomial (nbinom2)","nbinom2","Negative binomial converged with finite uncertainty and did not approach the Poisson boundary",NA,"total_abundance"
"2019-10-22",30.00000282250959,5.621781518054456,Inf,20.77841138440038,43.314195329979285,"Not modelled by Status","2019-10-22","Pre-bloom","Windara Reef - Windara Shell fish Reef Sanctuary Zone","Total abundance","Negative binomial (nbinom2)","nbinom2","Negative binomial converged with finite uncertainty and did not approach the Poisson boundary",NA,"total_abundance"
"2020-10-28",102.83333740607353,18.72262033324485,Inf,71.97102655036328,146.92989372148926,"Not modelled by Status","2020-10-28","Pre-bloom","Windara Reef - Windara Shell fish Reef Sanctuary Zone","Total abundance","Negative binomial (nbinom2)","nbinom2","Negative binomial converged with finite uncertainty and did not approach the Poisson boundary",NA,"total_abundance"
"2025-10-24",74.66666322769038,13.656920952543446,Inf,52.17200837466995,106.86018750744714,"Not modelled by Status","2025-10-24","Bloom","Windara Reef - Windara Shell fish Reef Sanctuary Zone","Total abundance","Negative binomial (nbinom2)","nbinom2","Negative binomial converged with finite uncertainty and did not approach the Poisson boundary",NA,"total_abundance"
"2014-09-03",8.142078777606145,1.594737154262185,Inf,5.54645981458738,11.952389278362805,"Not modelled by Status","2014-09-03","Pre-bloom","Aldinga - Aldinga Reef Sanctuary Zone","Species richness","Negative binomial (nbinom2)","nbinom2","Negative binomial converged with finite uncertainty and did not approach the Poisson boundary",NA,"richness"
"2015-12-10",6.455326274457475,1.26534154065306,Inf,4.396122918320352,9.479088297563468,"Not modelled by Status","2015-12-10","Pre-bloom","Aldinga - Aldinga Reef Sanctuary Zone","Species richness","Negative binomial (nbinom2)","nbinom2","Negative binomial converged with finite uncertainty and did not approach the Poisson boundary",NA,"richness"
"2016-02-12",11.791755574183837,2.3022219579738263,Inf,8.042478487910103,17.288886719475403,"Not modelled by Status","2016-02-12","Pre-bloom","Aldinga - Aldinga Reef Sanctuary Zone","Species richness","Negative binomial (nbinom2)","nbinom2","Negative binomial converged with finite uncertainty and did not approach the Poisson boundary",NA,"richness"
"2016-11-19",9.762412566759194,1.9775909499588604,Inf,6.563380779277377,14.520671941589042,"Not modelled by Status","2016-11-19","Pre-bloom","Aldinga - Aldinga Reef Sanctuary Zone","Species richness","Negative binomial (nbinom2)","nbinom2","Negative binomial converged with finite uncertainty and did not approach the Poisson boundary",NA,"richness"
"2019-12-07",11.393527102877588,2.2260085580899065,Inf,7.768815770310214,16.709426981150138,"Not modelled by Status","2019-12-07","Pre-bloom","Aldinga - Aldinga Reef Sanctuary Zone","Species richness","Negative binomial (nbinom2)","nbinom2","Negative binomial converged with finite uncertainty and did not approach the Poisson boundary",NA,"richness"
"2020-11-26",9.637203314276745,1.9542078237417724,Inf,6.476591648845216,14.340210523735353,"Not modelled by Status","2020-11-26","Pre-bloom","Aldinga - Aldinga Reef Sanctuary Zone","Species richness","Negative binomial (nbinom2)","nbinom2","Negative binomial converged with finite uncertainty and did not approach the Poisson boundary",NA,"richness"
"2021-11-22",9.480664906591427,2.0784863047723503,Inf,6.169163476844681,14.56972366001336,"Not modelled by Status","2021-11-22","Pre-bloom","Aldinga - Aldinga Reef Sanctuary Zone","Species richness","Negative binomial (nbinom2)","nbinom2","Negative binomial converged with finite uncertainty and did not approach the Poisson boundary",NA,"richness"
"2025-02-06",7.603986752381411,1.428285418856847,Inf,5.262074174322369,10.988179302477798,"Not modelled by Status","2025-02-06","Pre-bloom","Aldinga - Aldinga Reef Sanctuary Zone","Species richness","Negative binomial (nbinom2)","nbinom2","Negative binomial converged with finite uncertainty and did not approach the Poisson boundary",NA,"richness"
"2026-02-21",6.960160985101825,1.2343867822934316,Inf,4.916526882595762,9.853264732472466,"Not modelled by Status","2026-02-21","Bloom","Aldinga - Aldinga Reef Sanctuary Zone","Species richness","Negative binomial (nbinom2)","nbinom2","Negative binomial converged with finite uncertainty and did not approach the Poisson boundary",NA,"richness"
"2016-05-24",4.576515998321053,0.6382635837090345,Inf,3.481947371215635,6.015168079802509,"Fished","2016-05-24","Pre-bloom","Bay of Shoals - Bay of Shoals Sanctuary Zone","Species richness","Poisson","poisson","Poisson used because the negative binomial dispersion parameter approached the Poisson boundary and the simpler Poisson model passed convergence, uncertainty, dispersion and AIC checks",NA,"richness"
"2017-04-05",6.65675045508736,0.7811025005107911,Inf,5.289107134182983,8.3780353653492,"Fished","2017-04-05","Pre-bloom","Bay of Shoals - Bay of Shoals Sanctuary Zone","Species richness","Poisson","poisson","Poisson used because the negative binomial dispersion parameter approached the Poisson boundary and the simpler Poisson model passed convergence, uncertainty, dispersion and AIC checks",NA,"richness"
"2018-03-28",7.072797427048349,0.8074570331384552,Inf,5.654768950735863,8.846420407247937,"Fished","2018-03-28","Pre-bloom","Bay of Shoals - Bay of Shoals Sanctuary Zone","Species richness","Poisson","poisson","Poisson used because the negative binomial dispersion parameter approached the Poisson boundary and the simpler Poisson model passed convergence, uncertainty, dispersion and AIC checks",NA,"richness"
"2026-03-24",4.410097318808671,0.6258078443324965,Inf,3.3393333314584948,5.82420394458461,"Fished","2026-03-24","Bloom","Bay of Shoals - Bay of Shoals Sanctuary Zone","Species richness","Poisson","poisson","Poisson used because the negative binomial dispersion parameter approached the Poisson boundary and the simpler Poisson model passed convergence, uncertainty, dispersion and AIC checks",NA,"richness"
"2016-05-24",3.8231665937094115,0.5883366621823299,Inf,2.827705279739129,5.169068681939896,"No-take","2016-05-24","Pre-bloom","Bay of Shoals - Bay of Shoals Sanctuary Zone","Species richness","Poisson","poisson","Poisson used because the negative binomial dispersion parameter approached the Poisson boundary and the simpler Poisson model passed convergence, uncertainty, dispersion and AIC checks",NA,"richness"
"2017-04-05",5.90317620322139,0.7319367747402434,Inf,4.62961615736243,7.527079589711065,"No-take","2017-04-05","Pre-bloom","Bay of Shoals - Bay of Shoals Sanctuary Zone","Species richness","Poisson","poisson","Poisson used because the negative binomial dispersion parameter approached the Poisson boundary and the simpler Poisson model passed convergence, uncertainty, dispersion and AIC checks",NA,"richness"
"2018-03-28",8.23118930878968,0.8784690684497597,Inf,6.677572042573005,10.146274275316857,"No-take","2018-03-28","Pre-bloom","Bay of Shoals - Bay of Shoals Sanctuary Zone","Species richness","Poisson","poisson","Poisson used because the negative binomial dispersion parameter approached the Poisson boundary and the simpler Poisson model passed convergence, uncertainty, dispersion and AIC checks",NA,"richness"
"2026-03-24",6.984039320210792,0.80221831830207,Inf,5.576141935831543,8.74741098550903,"No-take","2026-03-24","Bloom","Bay of Shoals - Bay of Shoals Sanctuary Zone","Species richness","Poisson","poisson","Poisson used because the negative binomial dispersion parameter approached the Poisson boundary and the simpler Poisson model passed convergence, uncertainty, dispersion and AIC checks",NA,"richness"
"2021-10-11",8.485403495703828,1.0761864173792672,Inf,6.6178412209105515,10.879993955943831,"Not modelled by Status","2021-10-11","Pre-bloom","Boston Bay","Species richness","Poisson","poisson","Poisson used because the negative binomial dispersion parameter approached the Poisson boundary and the simpler Poisson model passed convergence, uncertainty, dispersion and AIC checks",NA,"richness"
"2022-05-10",4.550162926841865,0.647713509517588,Inf,3.442380051510243,6.014438368512757,"Not modelled by Status","2022-05-10","Pre-bloom","Boston Bay","Species richness","Poisson","poisson","Poisson used because the negative binomial dispersion parameter approached the Poisson boundary and the simpler Poisson model passed convergence, uncertainty, dispersion and AIC checks",NA,"richness"
"2024-03-25",5.761600587553675,0.7864984386362731,Inf,4.409082593177299,7.529013264996908,"Not modelled by Status","2024-03-25","Pre-bloom","Boston Bay","Species richness","Poisson","poisson","Poisson used because the negative binomial dispersion parameter approached the Poisson boundary and the simpler Poisson model passed convergence, uncertainty, dispersion and AIC checks",NA,"richness"
"2024-11-14",7.706562727205114,0.9921298955744813,Inf,5.98795414295676,9.918430844732674,"Not modelled by Status","2024-11-14","Pre-bloom","Boston Bay","Species richness","Poisson","poisson","Poisson used because the negative binomial dispersion parameter approached the Poisson boundary and the simpler Poisson model passed convergence, uncertainty, dispersion and AIC checks",NA,"richness"
"2025-05-22",5.65693030888496,0.7694422959334895,Inf,4.333136852951053,7.385148820718027,"Not modelled by Status","2025-05-22","Bloom","Boston Bay","Species richness","Poisson","poisson","Poisson used because the negative binomial dispersion parameter approached the Poisson boundary and the simpler Poisson model passed convergence, uncertainty, dispersion and AIC checks",NA,"richness"
"2025-11-11",6.919838321337101,0.9203253866248675,Inf,5.331970708286495,8.980574915580087,"Not modelled by Status","2025-11-11","Bloom","Boston Bay","Species richness","Poisson","poisson","Poisson used because the negative binomial dispersion parameter approached the Poisson boundary and the simpler Poisson model passed convergence, uncertainty, dispersion and AIC checks",NA,"richness"
"2017-01-12",8.75000000000406,0.8539124984889545,Inf,7.2266878231541405,10.594410866173936,"Fished","2017-01-12","Pre-bloom","Cape Elizabeth - Cape Elizabeth Sanctuary Zone","Species richness","Poisson","poisson","Poisson fallback used because the negative binomial fit did not provide a reliable Hessian and standard errors; the Poisson dispersion check was acceptable",NA,"richness"
"2026-03-10",7.416666666659086,0.7861650333525887,Inf,6.025340360853403,9.129267584900555,"Fished","2026-03-10","Bloom","Cape Elizabeth - Cape Elizabeth Sanctuary Zone","Species richness","Poisson","poisson","Poisson fallback used because the negative binomial fit did not provide a reliable Hessian and standard errors; the Poisson dispersion check was acceptable",NA,"richness"
"2017-01-12",9.583333333313153,0.8936503734355097,Inf,7.982549993556784,11.50513029690024,"No-take","2017-01-12","Pre-bloom","Cape Elizabeth - Cape Elizabeth Sanctuary Zone","Species richness","Poisson","poisson","Poisson fallback used because the negative binomial fit did not provide a reliable Hessian and standard errors; the Poisson dispersion check was acceptable",NA,"richness"
"2026-03-10",7.666666666666306,0.7993051920389821,Inf,6.249750682590979,9.404819610084761,"No-take","2026-03-10","Bloom","Cape Elizabeth - Cape Elizabeth Sanctuary Zone","Species richness","Poisson","poisson","Poisson fallback used because the negative binomial fit did not provide a reliable Hessian and standard errors; the Poisson dispersion check was acceptable",NA,"richness"
"2015-12-10",8.931335274960345,0.7108492081662239,Inf,7.641328289813978,10.439120892120823,"Not modelled by Status","2015-12-10","Pre-bloom","Carrickalinga - Carrickalinga Cliffs Sanctuary Zone","Species richness","Negative binomial (nbinom2)","nbinom2","Negative binomial converged with finite uncertainty and did not approach the Poisson boundary",NA,"richness"
"2016-12-06",6.162742214687447,0.5201688925141299,Inf,5.223095557435689,7.271433422393089,"Not modelled by Status","2016-12-06","Pre-bloom","Carrickalinga - Carrickalinga Cliffs Sanctuary Zone","Species richness","Negative binomial (nbinom2)","nbinom2","Negative binomial converged with finite uncertainty and did not approach the Poisson boundary",NA,"richness"
"2017-12-05",10.118370550013115,0.6774634818765207,Inf,8.873999329978753,11.537235780658754,"Not modelled by Status","2017-12-05","Pre-bloom","Carrickalinga - Carrickalinga Cliffs Sanctuary Zone","Species richness","Negative binomial (nbinom2)","nbinom2","Negative binomial converged with finite uncertainty and did not approach the Poisson boundary",NA,"richness"
"2018-12-11",10.77253314683607,0.7153691761496984,Inf,9.457847136532697,12.269966803695404,"Not modelled by Status","2018-12-11","Pre-bloom","Carrickalinga - Carrickalinga Cliffs Sanctuary Zone","Species richness","Negative binomial (nbinom2)","nbinom2","Negative binomial converged with finite uncertainty and did not approach the Poisson boundary",NA,"richness"
"2020-12-04",11.4096911572305,0.723145574554621,Inf,10.076849762818902,12.918824371453857,"Not modelled by Status","2020-12-04","Pre-bloom","Carrickalinga - Carrickalinga Cliffs Sanctuary Zone","Species richness","Negative binomial (nbinom2)","nbinom2","Negative binomial converged with finite uncertainty and did not approach the Poisson boundary",NA,"richness"
"2025-02-06",17.60432843605548,2.2503674295254346,Inf,13.702823788550758,22.616679924283588,"Not modelled by Status","2025-02-06","Pre-bloom","Carrickalinga - Carrickalinga Cliffs Sanctuary Zone","Species richness","Negative binomial (nbinom2)","nbinom2","Negative binomial converged with finite uncertainty and did not approach the Poisson boundary",NA,"richness"
"2025-02-20",15.654771931519521,0.8788893135312275,Inf,14.023571606027122,17.475710975267045,"Not modelled by Status","2025-02-20","Pre-bloom","Carrickalinga - Carrickalinga Cliffs Sanctuary Zone","Species richness","Negative binomial (nbinom2)","nbinom2","Negative binomial converged with finite uncertainty and did not approach the Poisson boundary",NA,"richness"
"2025-12-17",12.492486015537917,0.7599575952747156,Inf,11.08836667677455,14.074408918609707,"Not modelled by Status","2025-12-17","Bloom","Carrickalinga - Carrickalinga Cliffs Sanctuary Zone","Species richness","Negative binomial (nbinom2)","nbinom2","Negative binomial converged with finite uncertainty and did not approach the Poisson boundary",NA,"richness"
"2015-11-15",11.087317430338157,1.41187613121439,Inf,8.638397053182842,14.230488254274778,"Fished","2015-11-15","Pre-bloom","Chinamans Hat - Chinamans Hat Sanctuary Zone","Species richness","Negative binomial (nbinom2)","nbinom2","Negative binomial converged with finite uncertainty and did not approach the Poisson boundary",NA,"richness"
"2025-12-04",9.288870823462432,1.2699138089198245,Inf,7.105460057945613,12.143213876557697,"Fished","2025-12-04","Bloom","Chinamans Hat - Chinamans Hat Sanctuary Zone","Species richness","Negative binomial (nbinom2)","nbinom2","Negative binomial converged with finite uncertainty and did not approach the Poisson boundary",NA,"richness"
"2015-11-15",9.438774288412613,1.2473585067507296,Inf,7.28495894894581,12.22937022596279,"No-take","2015-11-15","Pre-bloom","Chinamans Hat - Chinamans Hat Sanctuary Zone","Species richness","Negative binomial (nbinom2)","nbinom2","Negative binomial converged with finite uncertainty and did not approach the Poisson boundary",NA,"richness"
"2025-12-04",8.58742019540092,1.1988555549226907,Inf,6.531754520313044,11.290042420155942,"No-take","2025-12-04","Bloom","Chinamans Hat - Chinamans Hat Sanctuary Zone","Species richness","Negative binomial (nbinom2)","nbinom2","Negative binomial converged with finite uncertainty and did not approach the Poisson boundary",NA,"richness"
"2017-01-12",4.624999994355493,0.760345253437969,Inf,3.351005003101049,6.3833461686846915,"Fished","2017-01-12","Pre-bloom","Cuttlefish Coast - Fairway Bank Sanctuary Zone","Species richness","Poisson","poisson","Poisson used because the negative binomial dispersion parameter approached the Poisson boundary and the simpler Poisson model passed convergence, uncertainty, dispersion and AIC checks",NA,"richness"
"2026-02-16",4.249999976464975,0.7288689249567669,Inf,3.0367502708961776,5.947970095882088,"Fished","2026-02-16","Bloom","Cuttlefish Coast - Fairway Bank Sanctuary Zone","Species richness","Poisson","poisson","Poisson used because the negative binomial dispersion parameter approached the Poisson boundary and the simpler Poisson model passed convergence, uncertainty, dispersion and AIC checks",NA,"richness"
"2017-01-12",4.4999999930063534,0.7499999378538806,Inf,3.245978214867518,6.238489169245294,"No-take","2017-01-12","Pre-bloom","Cuttlefish Coast - Fairway Bank Sanctuary Zone","Species richness","Poisson","poisson","Poisson used because the negative binomial dispersion parameter approached the Poisson boundary and the simpler Poisson model passed convergence, uncertainty, dispersion and AIC checks",NA,"richness"
"2026-02-16",4.499999981522673,0.6123723846030422,Inf,3.446503016142799,5.875520705728881,"No-take","2026-02-16","Bloom","Cuttlefish Coast - Fairway Bank Sanctuary Zone","Species richness","Poisson","poisson","Poisson used because the negative binomial dispersion parameter approached the Poisson boundary and the simpler Poisson model passed convergence, uncertainty, dispersion and AIC checks",NA,"richness"
"2016-01-19",12.000099876288433,2.275457828648887,Inf,8.275230561621575,17.401617510060003,"Not modelled by Status","2016-01-19","Pre-bloom","Dangerous Reef - Dangerous Reef Sanctuary Zone","Species richness","Negative binomial (nbinom2)","nbinom2","Negative binomial converged with finite uncertainty and did not approach the Poisson boundary",NA,"richness"
"2017-02-25",15.500079199593408,1.9855685422820486,Inf,12.058534727613692,19.92385149776922,"Not modelled by Status","2017-02-25","Pre-bloom","Dangerous Reef - Dangerous Reef Sanctuary Zone","Species richness","Negative binomial (nbinom2)","nbinom2","Negative binomial converged with finite uncertainty and did not approach the Poisson boundary",NA,"richness"
"2019-02-16",11.818203550490367,1.6599728592534475,Inf,8.974134249649335,15.563611071037935,"Not modelled by Status","2019-02-16","Pre-bloom","Dangerous Reef - Dangerous Reef Sanctuary Zone","Species richness","Negative binomial (nbinom2)","nbinom2","Negative binomial converged with finite uncertainty and did not approach the Poisson boundary",NA,"richness"
"2020-04-10",7.749981221509349,1.143905215186859,Inf,5.803131678098926,10.34996485784096,"Not modelled by Status","2020-04-10","Pre-bloom","Dangerous Reef - Dangerous Reef Sanctuary Zone","Species richness","Negative binomial (nbinom2)","nbinom2","Negative binomial converged with finite uncertainty and did not approach the Poisson boundary",NA,"richness"
"2022-03-16",15.500040766602316,1.9855627703325036,Inf,12.058506122081386,19.923799957806427,"Not modelled by Status","2022-03-16","Pre-bloom","Dangerous Reef - Dangerous Reef Sanctuary Zone","Species richness","Negative binomial (nbinom2)","nbinom2","Negative binomial converged with finite uncertainty and did not approach the Poisson boundary",NA,"richness"
"2025-11-10",21.083471229846136,2.580981232981866,Inf,16.585949422213165,26.800561594889743,"Not modelled by Status","2025-11-10","Bloom","Dangerous Reef - Dangerous Reef Sanctuary Zone","Species richness","Negative binomial (nbinom2)","nbinom2","Negative binomial converged with finite uncertainty and did not approach the Poisson boundary",NA,"richness"
"2026-04-08",20.83332040718475,2.5543869135624484,Inf,16.382950551689788,26.492617298637555,"Not modelled by Status","2026-04-08","Bloom","Dangerous Reef - Dangerous Reef Sanctuary Zone","Species richness","Negative binomial (nbinom2)","nbinom2","Negative binomial converged with finite uncertainty and did not approach the Poisson boundary",NA,"richness"
"2020-10-13",7.111629160770728,1.4111514936910379,Inf,4.820213411298599,10.492329904268544,"Not modelled by Status","2020-10-13","Pre-bloom","Glenelg","Species richness","Negative binomial (nbinom2)","nbinom2","Negative binomial converged with finite uncertainty and did not approach the Poisson boundary",NA,"richness"
"2021-10-25",6.665389098892352,1.3115065193981597,Inf,4.532522354938285,9.801917863952363,"Not modelled by Status","2021-10-25","Pre-bloom","Glenelg","Species richness","Negative binomial (nbinom2)","nbinom2","Negative binomial converged with finite uncertainty and did not approach the Poisson boundary",NA,"richness"
"2022-12-02",5.758988979744467,1.1446402050619087,Inf,3.9008913955463145,8.502147510869978,"Not modelled by Status","2022-12-02","Pre-bloom","Glenelg","Species richness","Negative binomial (nbinom2)","nbinom2","Negative binomial converged with finite uncertainty and did not approach the Poisson boundary",NA,"richness"
"2023-11-23",8.665889512791649,1.64509027662219,Inf,5.973449419006526,12.571905406776196,"Not modelled by Status","2023-11-23","Pre-bloom","Glenelg","Species richness","Negative binomial (nbinom2)","nbinom2","Negative binomial converged with finite uncertainty and did not approach the Poisson boundary",NA,"richness"
"2025-10-21",1.465662319248271,0.3807441552383653,Inf,0.8808704460309552,2.438685556705271,"Not modelled by Status","2025-10-21","Bloom","Glenelg","Species richness","Negative binomial (nbinom2)","nbinom2","Negative binomial converged with finite uncertainty and did not approach the Poisson boundary",NA,"richness"
"2026-03-20",6.105319449315884,1.1833037129840707,Inf,4.175731779507007,8.92656127032075,"Not modelled by Status","2026-03-20","Bloom","Glenelg","Species richness","Negative binomial (nbinom2)","nbinom2","Negative binomial converged with finite uncertainty and did not approach the Poisson boundary",NA,"richness"
"2014-09-03",5.83333331393224,0.986013214897299,Inf,4.188297117072102,8.12448988223151,"Not modelled by Status","2014-09-03","Pre-bloom","Middle/Long Spit - Middle Spit Sanctuary Zone","Species richness","Poisson","poisson","Poisson fallback used because the negative binomial fit did not provide a reliable Hessian and standard errors; the Poisson dispersion check was acceptable",NA,"richness"
"2015-01-07",8.826086955924396,0.6194698125252034,Inf,7.691757264786286,10.12770011739355,"Not modelled by Status","2015-01-07","Pre-bloom","Middle/Long Spit - Middle Spit Sanctuary Zone","Species richness","Poisson","poisson","Poisson fallback used because the negative binomial fit did not provide a reliable Hessian and standard errors; the Poisson dispersion check was acceptable",NA,"richness"
"2016-01-10",7.9999999861225835,0.617213348848394,Inf,6.877306291415354,9.30596909110327,"Not modelled by Status","2016-01-10","Pre-bloom","Middle/Long Spit - Middle Spit Sanctuary Zone","Species richness","Poisson","poisson","Poisson fallback used because the negative binomial fit did not provide a reliable Hessian and standard errors; the Poisson dispersion check was acceptable",NA,"richness"
"2016-03-11",9.166666723906141,1.236032984928108,Inf,7.037776306483506,11.939535325917948,"Not modelled by Status","2016-03-11","Pre-bloom","Middle/Long Spit - Middle Spit Sanctuary Zone","Species richness","Poisson","poisson","Poisson fallback used because the negative binomial fit did not provide a reliable Hessian and standard errors; the Poisson dispersion check was acceptable",NA,"richness"
"2026-01-26",7.333333307736823,0.5527707521642451,Inf,6.3261531168651475,8.500865598556878,"Not modelled by Status","2026-01-26","Bloom","Middle/Long Spit - Middle Spit Sanctuary Zone","Species richness","Poisson","poisson","Poisson fallback used because the negative binomial fit did not provide a reliable Hessian and standard errors; the Poisson dispersion check was acceptable",NA,"richness"
"2015-04-28",12.304118377813728,2.919512628026686,Inf,7.72819358481275,19.589484579263637,"Not modelled by Status","2015-04-28","Pre-bloom","O'Sullivan","Species richness","Negative binomial (nbinom2)","nbinom2","Negative binomial converged with finite uncertainty and did not approach the Poisson boundary",NA,"richness"
"2015-10-09",13.236546096101318,3.11083831561813,Inf,8.350764534649024,20.98085173246701,"Not modelled by Status","2015-10-09","Pre-bloom","O'Sullivan","Species richness","Negative binomial (nbinom2)","nbinom2","Negative binomial converged with finite uncertainty and did not approach the Poisson boundary",NA,"richness"
"2021-10-12",5.994987391706723,1.1029249556403,Inf,4.180121206831578,8.597806630101058,"Not modelled by Status","2021-10-12","Pre-bloom","O'Sullivan","Species richness","Negative binomial (nbinom2)","nbinom2","Negative binomial converged with finite uncertainty and did not approach the Poisson boundary",NA,"richness"
"2022-12-01",5.948788591655613,1.0672315426423196,Inf,4.185239142331373,8.455451290771204,"Not modelled by Status","2022-12-01","Pre-bloom","O'Sullivan","Species richness","Negative binomial (nbinom2)","nbinom2","Negative binomial converged with finite uncertainty and did not approach the Poisson boundary",NA,"richness"
"2023-12-01",5.249911837271216,0.9668652204265475,Inf,3.6592157156505922,7.532098799542926,"Not modelled by Status","2023-12-01","Pre-bloom","O'Sullivan","Species richness","Negative binomial (nbinom2)","nbinom2","Negative binomial converged with finite uncertainty and did not approach the Poisson boundary",NA,"richness"
"2024-12-19",4.093781338153896,0.7987981463585565,Inf,2.7927633445299618,6.000882845101131,"Not modelled by Status","2024-12-19","Pre-bloom","O'Sullivan","Species richness","Negative binomial (nbinom2)","nbinom2","Negative binomial converged with finite uncertainty and did not approach the Poisson boundary",NA,"richness"
"2025-02-04",6.564733812112669,1.3600311638554854,Inf,4.373928894492589,9.852864795803866,"Not modelled by Status","2025-02-04","Pre-bloom","O'Sullivan","Species richness","Negative binomial (nbinom2)","nbinom2","Negative binomial converged with finite uncertainty and did not approach the Poisson boundary",NA,"richness"
"2025-11-13",4.641543166194984,0.7840117628356115,Inf,3.3333763082802563,6.46309356376455,"Not modelled by Status","2025-11-13","Bloom","O'Sullivan","Species richness","Negative binomial (nbinom2)","nbinom2","Negative binomial converged with finite uncertainty and did not approach the Poisson boundary",NA,"richness"
"2026-03-06",3.954135828042667,0.6913597330703021,Inf,2.8068777406810037,5.570313918559653,"Not modelled by Status","2026-03-06","Bloom","O'Sullivan","Species richness","Negative binomial (nbinom2)","nbinom2","Negative binomial converged with finite uncertainty and did not approach the Poisson boundary",NA,"richness"
"2014-09-03",4.665368087268059,1.6341771701024865,Inf,2.3481643523237943,9.269223156445362,"Fished","2014-09-03","Pre-bloom","Offshore Ardrossan - Offshore Ardrossan Sanctuary Zone","Species richness","Poisson","poisson","Poisson fallback used because the negative binomial fit did not provide a reliable Hessian and standard errors; the Poisson dispersion check was acceptable",NA,"richness"
"2016-03-11",5.5984427717766785,1.9610127840046891,Inf,2.8177979511209243,11.12306915277244,"Fished","2016-03-11","Pre-bloom","Offshore Ardrossan - Offshore Ardrossan Sanctuary Zone","Species richness","Poisson","poisson","Poisson fallback used because the negative binomial fit did not provide a reliable Hessian and standard errors; the Poisson dispersion check was acceptable",NA,"richness"
"2016-11-03",4.113851377265097,0.955903638847717,Inf,2.6089245376691244,6.486877220813003,"Fished","2016-11-03","Pre-bloom","Offshore Ardrossan - Offshore Ardrossan Sanctuary Zone","Species richness","Poisson","poisson","Poisson fallback used because the negative binomial fit did not provide a reliable Hessian and standard errors; the Poisson dispersion check was acceptable",NA,"richness"
"2025-10-13",2.617143358642913,0.7305202195514877,Inf,1.5143721128540786,4.522956611225384,"Fished","2025-10-13","Bloom","Offshore Ardrossan - Offshore Ardrossan Sanctuary Zone","Species richness","Poisson","poisson","Poisson fallback used because the negative binomial fit did not provide a reliable Hessian and standard errors; the Poisson dispersion check was acceptable",NA,"richness"
"2014-09-03",5.797594861344112,0.953393270057264,Inf,4.200208823123729,8.002484541062902,"No-take","2014-09-03","Pre-bloom","Offshore Ardrossan - Offshore Ardrossan Sanctuary Zone","Species richness","Poisson","poisson","Poisson fallback used because the negative binomial fit did not provide a reliable Hessian and standard errors; the Poisson dispersion check was acceptable",NA,"richness"
"2016-03-11",5.549127191987493,0.9232629677147826,Inf,4.004994201153522,7.688603540046578,"No-take","2016-03-11","Pre-bloom","Offshore Ardrossan - Offshore Ardrossan Sanctuary Zone","Species richness","Poisson","poisson","Poisson fallback used because the negative binomial fit did not provide a reliable Hessian and standard errors; the Poisson dispersion check was acceptable",NA,"richness"
"2016-11-03",3.893833466927312,1.2945350271150697,Inf,2.0294990038216594,7.470779261094682,"No-take","2016-11-03","Pre-bloom","Offshore Ardrossan - Offshore Ardrossan Sanctuary Zone","Species richness","Poisson","poisson","Poisson fallback used because the negative binomial fit did not provide a reliable Hessian and standard errors; the Poisson dispersion check was acceptable",NA,"richness"
"2025-10-13",2.9816204775327573,0.7792956087382571,Inf,1.786392237078562,4.976544617424745,"No-take","2025-10-13","Bloom","Offshore Ardrossan - Offshore Ardrossan Sanctuary Zone","Species richness","Poisson","poisson","Poisson fallback used because the negative binomial fit did not provide a reliable Hessian and standard errors; the Poisson dispersion check was acceptable",NA,"richness"
"2017-02-03",12.916666838593299,1.3105517062876941,Inf,10.587313924731475,15.758509042551825,"No-take","2017-02-03","Pre-bloom","Orcades Bank - Orcades Bank Sanctuary Zone","Species richness","Negative binomial (nbinom2)","nbinom2","Negative binomial converged with finite uncertainty and did not approach the Poisson boundary","overall","richness"
"2017-02-03",8.562954748170895,1.0151995257285944,Inf,6.787465238608024,10.802883173845887,"Fished","2017-02-03","Pre-bloom","Port Gibbon - Port Gibbon Sanctuary Zone","Species richness","Poisson","poisson","Poisson used because the negative binomial dispersion parameter approached the Poisson boundary and the simpler Poisson model passed convergence, uncertainty, dispersion and AIC checks",NA,"richness"
"2025-11-14",9.355272442864237,1.023093931967045,Inf,7.550381867192348,11.591615367231777,"Fished","2025-11-14","Bloom","Port Gibbon - Port Gibbon Sanctuary Zone","Species richness","Poisson","poisson","Poisson used because the negative binomial dispersion parameter approached the Poisson boundary and the simpler Poisson model passed convergence, uncertainty, dispersion and AIC checks",NA,"richness"
"2017-02-03",6.826902654589541,0.8816368691699149,Inf,5.300272688841971,8.793245667030872,"No-take","2017-02-03","Pre-bloom","Port Gibbon - Port Gibbon Sanctuary Zone","Species richness","Poisson","poisson","Poisson used because the negative binomial dispersion parameter approached the Poisson boundary and the simpler Poisson model passed convergence, uncertainty, dispersion and AIC checks",NA,"richness"
"2025-11-14",9.042725302261715,0.9934197692423196,Inf,7.291009389049979,11.215303194503086,"No-take","2025-11-14","Bloom","Port Gibbon - Port Gibbon Sanctuary Zone","Species richness","Poisson","poisson","Poisson used because the negative binomial dispersion parameter approached the Poisson boundary and the simpler Poisson model passed convergence, uncertainty, dispersion and AIC checks",NA,"richness"
"2015-04-28",4.399997931767683,0.9380828533167231,Inf,2.8971812511489787,6.682350920185617,"Not modelled by Status","2015-04-28","Pre-bloom","Port Noarlunga - Port Noarlunga Reef Sanctuary Zone","Species richness","Poisson","poisson","Poisson fallback used because the negative binomial fit did not provide a reliable Hessian and standard errors; the Poisson dispersion check was acceptable",NA,"richness"
"2015-10-09",10.333329941065438,1.3123343208980793,Inf,8.056336240690122,13.253879242479663,"Not modelled by Status","2015-10-09","Pre-bloom","Port Noarlunga - Port Noarlunga Reef Sanctuary Zone","Species richness","Poisson","poisson","Poisson fallback used because the negative binomial fit did not provide a reliable Hessian and standard errors; the Poisson dispersion check was acceptable",NA,"richness"
"2021-10-12",8.250001643808178,1.4361406850313472,Inf,5.865146883297934,11.60457333415775,"Not modelled by Status","2021-10-12","Pre-bloom","Port Noarlunga - Port Noarlunga Reef Sanctuary Zone","Species richness","Poisson","poisson","Poisson fallback used because the negative binomial fit did not provide a reliable Hessian and standard errors; the Poisson dispersion check was acceptable",NA,"richness"
"2022-12-01",13.500004066152592,1.8371174306609377,Inf,10.339512631461115,17.62656677178236,"Not modelled by Status","2022-12-01","Pre-bloom","Port Noarlunga - Port Noarlunga Reef Sanctuary Zone","Species richness","Poisson","poisson","Poisson fallback used because the negative binomial fit did not provide a reliable Hessian and standard errors; the Poisson dispersion check was acceptable",NA,"richness"
"2023-12-01",8.750000267093524,1.4790198450968446,Inf,6.282445926713566,12.186735161314417,"Not modelled by Status","2023-12-01","Pre-bloom","Port Noarlunga - Port Noarlunga Reef Sanctuary Zone","Species richness","Poisson","poisson","Poisson fallback used because the negative binomial fit did not provide a reliable Hessian and standard errors; the Poisson dispersion check was acceptable",NA,"richness"
"2024-12-19",9.500000746913853,1.5411034328996067,Inf,6.912585760034516,13.055897940991786,"Not modelled by Status","2024-12-19","Pre-bloom","Port Noarlunga - Port Noarlunga Reef Sanctuary Zone","Species richness","Poisson","poisson","Poisson fallback used because the negative binomial fit did not provide a reliable Hessian and standard errors; the Poisson dispersion check was acceptable",NA,"richness"
"2025-02-04",6.7499992962651545,1.2990379297065706,Inf,4.629029188976151,9.842774508332187,"Not modelled by Status","2025-02-04","Pre-bloom","Port Noarlunga - Port Noarlunga Reef Sanctuary Zone","Species richness","Poisson","poisson","Poisson fallback used because the negative binomial fit did not provide a reliable Hessian and standard errors; the Poisson dispersion check was acceptable",NA,"richness"
"2025-11-13",8.500003285803528,1.1902382022894848,Inf,6.459918959082393,11.184359481335294,"Not modelled by Status","2025-11-13","Bloom","Port Noarlunga - Port Noarlunga Reef Sanctuary Zone","Species richness","Poisson","poisson","Poisson fallback used because the negative binomial fit did not provide a reliable Hessian and standard errors; the Poisson dispersion check was acceptable",NA,"richness"
"2015-12-10",8.480634682984018,0.8982327439480624,Inf,6.8908486265955915,10.437199904326436,"Fished","2015-12-10","Pre-bloom","Rapid Head - Rapid Head Sanctuary Zone","Species richness","Poisson","poisson","Poisson used because the negative binomial dispersion parameter approached the Poisson boundary and the simpler Poisson model passed convergence, uncertainty, dispersion and AIC checks",NA,"richness"
"2016-12-06",7.399772108339127,0.8322745173412102,Inf,5.935825970757982,9.22476964875732,"Fished","2016-12-06","Pre-bloom","Rapid Head - Rapid Head Sanctuary Zone","Species richness","Poisson","poisson","Poisson used because the negative binomial dispersion parameter approached the Poisson boundary and the simpler Poisson model passed convergence, uncertainty, dispersion and AIC checks",NA,"richness"
"2017-12-05",7.309763087625786,0.8987666335595098,Inf,5.744396797661677,9.301696640971395,"Fished","2017-12-05","Pre-bloom","Rapid Head - Rapid Head Sanctuary Zone","Species richness","Poisson","poisson","Poisson used because the negative binomial dispersion parameter approached the Poisson boundary and the simpler Poisson model passed convergence, uncertainty, dispersion and AIC checks",NA,"richness"
"2018-12-11",8.950153868973338,0.961493210974538,Inf,7.250834541758759,11.047728894785688,"Fished","2018-12-11","Pre-bloom","Rapid Head - Rapid Head Sanctuary Zone","Species richness","Poisson","poisson","Poisson used because the negative binomial dispersion parameter approached the Poisson boundary and the simpler Poisson model passed convergence, uncertainty, dispersion and AIC checks",NA,"richness"
"2021-01-21",9.312061689190493,0.9470325983699743,Inf,7.629200348617506,11.366131303525524,"Fished","2021-01-21","Pre-bloom","Rapid Head - Rapid Head Sanctuary Zone","Species richness","Poisson","poisson","Poisson used because the negative binomial dispersion parameter approached the Poisson boundary and the simpler Poisson model passed convergence, uncertainty, dispersion and AIC checks",NA,"richness"
"2025-02-27",12.637875085476374,1.1298807243252282,Inf,10.606521015418227,15.05827277803274,"Fished","2025-02-27","Pre-bloom","Rapid Head - Rapid Head Sanctuary Zone","Species richness","Poisson","poisson","Poisson used because the negative binomial dispersion parameter approached the Poisson boundary and the simpler Poisson model passed convergence, uncertainty, dispersion and AIC checks",NA,"richness"
"2025-12-10",9.062649768878424,0.9325516489292327,Inf,7.4074049853962345,11.08777243788822,"Fished","2025-12-10","Bloom","Rapid Head - Rapid Head Sanctuary Zone","Species richness","Poisson","poisson","Poisson used because the negative binomial dispersion parameter approached the Poisson boundary and the simpler Poisson model passed convergence, uncertainty, dispersion and AIC checks",NA,"richness"
"2015-12-10",7.802116388093167,0.87088206547671,Inf,6.269028373562211,9.710120373687587,"No-take","2015-12-10","Pre-bloom","Rapid Head - Rapid Head Sanctuary Zone","Species richness","Poisson","poisson","Poisson used because the negative binomial dispersion parameter approached the Poisson boundary and the simpler Poisson model passed convergence, uncertainty, dispersion and AIC checks",NA,"richness"
"2016-12-06",8.483473704759607,0.8984551795034748,Inf,6.893280079627728,10.440505139497308,"No-take","2016-12-06","Pre-bloom","Rapid Head - Rapid Head Sanctuary Zone","Species richness","Poisson","poisson","Poisson used because the negative binomial dispersion parameter approached the Poisson boundary and the simpler Poisson model passed convergence, uncertainty, dispersion and AIC checks",NA,"richness"
"2017-12-05",9.731096200679731,0.9711239449862642,Inf,8.002308743906891,11.833364132443089,"No-take","2017-12-05","Pre-bloom","Rapid Head - Rapid Head Sanctuary Zone","Species richness","Poisson","poisson","Poisson used because the negative binomial dispersion parameter approached the Poisson boundary and the simpler Poisson model passed convergence, uncertainty, dispersion and AIC checks",NA,"richness"
"2018-12-11",8.982515286239053,0.927920967303342,Inf,7.336117418953777,10.998403686813543,"No-take","2018-12-11","Pre-bloom","Rapid Head - Rapid Head Sanctuary Zone","Species richness","Poisson","poisson","Poisson used because the negative binomial dispersion parameter approached the Poisson boundary and the simpler Poisson model passed convergence, uncertainty, dispersion and AIC checks",NA,"richness"
"2021-01-21",13.640106507700624,1.1820411673194062,Inf,11.509416027603097,16.165242884192054,"No-take","2021-01-21","Pre-bloom","Rapid Head - Rapid Head Sanctuary Zone","Species richness","Poisson","poisson","Poisson used because the negative binomial dispersion parameter approached the Poisson boundary and the simpler Poisson model passed convergence, uncertainty, dispersion and AIC checks",NA,"richness"
"2025-02-27",13.448182364024404,1.2144590532340782,Inf,11.26664236118857,16.052130093262136,"No-take","2025-02-27","Pre-bloom","Rapid Head - Rapid Head Sanctuary Zone","Species richness","Poisson","poisson","Poisson used because the negative binomial dispersion parameter approached the Poisson boundary and the simpler Poisson model passed convergence, uncertainty, dispersion and AIC checks",NA,"richness"
"2025-12-10",8.8161672771039,0.9181614986437147,Inf,7.188383976458755,10.812556161776921,"No-take","2025-12-10","Bloom","Rapid Head - Rapid Head Sanctuary Zone","Species richness","Poisson","poisson","Poisson used because the negative binomial dispersion parameter approached the Poisson boundary and the simpler Poisson model passed convergence, uncertainty, dispersion and AIC checks",NA,"richness"
"2016-01-20",13.404565027973671,1.263960743194551,Inf,11.14269181280051,16.125579582373366,"Fished","2016-01-20","Pre-bloom","Sponge Gardens - Sponge Gardens Sanctuary Zone","Species richness","Negative binomial (nbinom2)","nbinom2","Negative binomial converged with finite uncertainty and did not approach the Poisson boundary",NA,"richness"
"2016-12-06",9.3219284607492785,1.0044131531598675,Inf,7.547290198014198,11.513847745008086,"Fished","2016-12-06","Pre-bloom","Sponge Gardens - Sponge Gardens Sanctuary Zone","Species richness","Negative binomial (nbinom2)","nbinom2","Negative binomial converged with finite uncertainty and did not approach the Poisson boundary",NA,"richness"
"2017-12-05",14.023716479553743,2.1796405261288023,Inf,10.3410552029033,19.017848763024947,"Fished","2017-12-05","Pre-bloom","Sponge Gardens - Sponge Gardens Sanctuary Zone","Species richness","Negative binomial (nbinom2)","nbinom2","Negative binomial converged with finite uncertainty and did not approach the Poisson boundary",NA,"richness"
"2018-01-17",9.221089532170854,1.2263337033809574,Inf,7.105244162344219,11.967004963874123,"Fished","2018-01-17","Pre-bloom","Sponge Gardens - Sponge Gardens Sanctuary Zone","Species richness","Negative binomial (nbinom2)","nbinom2","Negative binomial converged with finite uncertainty and did not approach the Poisson boundary",NA,"richness"
"2019-01-22",12.891866119304927,1.232086990554316,Inf,10.68970465218622,15.547689804890128,"Fished","2019-01-22","Pre-bloom","Sponge Gardens - Sponge Gardens Sanctuary Zone","Species richness","Negative binomial (nbinom2)","nbinom2","Negative binomial converged with finite uncertainty and did not approach the Poisson boundary",NA,"richness"
"2021-01-21",13.9004875659198,1.2941939220063774,Inf,11.581893999540354,16.683243222391724,"Fished","2021-01-21","Pre-bloom","Sponge Gardens - Sponge Gardens Sanctuary Zone","Species richness","Negative binomial (nbinom2)","nbinom2","Negative binomial converged with finite uncertainty and did not approach the Poisson boundary",NA,"richness"
"2025-04-02",12.730017263015773,1.2221713584579308,Inf,10.54648274659928,15.365628846160469,"Fished","2025-04-02","Bloom","Sponge Gardens - Sponge Gardens Sanctuary Zone","Species richness","Negative binomial (nbinom2)","nbinom2","Negative binomial converged with finite uncertainty and did not approach the Poisson boundary",NA,"richness"
"2026-01-27",13.971319609316746,1.2982707283723376,Inf,11.645023953155684,16.762333200077446,"Fished","2026-01-27","Bloom","Sponge Gardens - Sponge Gardens Sanctuary Zone","Species richness","Negative binomial (nbinom2)","nbinom2","Negative binomial converged with finite uncertainty and did not approach the Poisson boundary",NA,"richness"
"2016-01-20",17.447653913012047,1.623235521003514,Inf,14.539378484850491,20.937664384034015,"No-take","2016-01-20","Pre-bloom","Sponge Gardens - Sponge Gardens Sanctuary Zone","Species richness","Negative binomial (nbinom2)","nbinom2","Negative binomial converged with finite uncertainty and did not approach the Poisson boundary",NA,"richness"
"2016-12-06",11.213727369114519,1.1724425627270334,Inf,9.1359407939242665,13.764064845128463,"No-take","2016-12-06","Pre-bloom","Sponge Gardens - Sponge Gardens Sanctuary Zone","Species richness","Negative binomial (nbinom2)","nbinom2","Negative binomial converged with finite uncertainty and did not approach the Poisson boundary",NA,"richness"
"2017-12-05",15.132464956287924,2.293080820640382,Inf,11.24407727599961,20.365521334690804,"No-take","2017-12-05","Pre-bloom","Sponge Gardens - Sponge Gardens Sanctuary Zone","Species richness","Negative binomial (nbinom2)","nbinom2","Negative binomial converged with finite uncertainty and did not approach the Poisson boundary",NA,"richness"
"2018-01-17",13.127531254190265,1.5068801489326231,Inf,10.482757198580035,16.439575348848663,"No-take","2018-01-17","Pre-bloom","Sponge Gardens - Sponge Gardens Sanctuary Zone","Species richness","Negative binomial (nbinom2)","nbinom2","Negative binomial converged with finite uncertainty and did not approach the Poisson boundary",NA,"richness"
"2019-01-22",13.034847068843597,1.2406755138296135,Inf,10.81651486819495,15.708131517272575,"No-take","2019-01-22","Pre-bloom","Sponge Gardens - Sponge Gardens Sanctuary Zone","Species richness","Negative binomial (nbinom2)","nbinom2","Negative binomial converged with finite uncertainty and did not approach the Poisson boundary",NA,"richness"
"2021-01-21",13.123284191902279,1.2462176862205605,Inf,10.894578919906007,15.807915959630137,"No-take","2021-01-21","Pre-bloom","Sponge Gardens - Sponge Gardens Sanctuary Zone","Species richness","Negative binomial (nbinom2)","nbinom2","Negative binomial converged with finite uncertainty and did not approach the Poisson boundary",NA,"richness"
"2025-04-02",15.410974353616956,1.4361695781732335,Inf,12.83823948360582,18.49927560793051,"No-take","2025-04-02","Bloom","Sponge Gardens - Sponge Gardens Sanctuary Zone","Species richness","Negative binomial (nbinom2)","nbinom2","Negative binomial converged with finite uncertainty and did not approach the Poisson boundary",NA,"richness"
"2026-01-27",14.40656215254022,1.3737401584447495,Inf,11.950715036068399,17.367080750281595,"No-take","2026-01-27","Bloom","Sponge Gardens - Sponge Gardens Sanctuary Zone","Species richness","Negative binomial (nbinom2)","nbinom2","Negative binomial converged with finite uncertainty and did not approach the Poisson boundary",NA,"richness"
"2016-04-19",9.940730019497328,1.085172200279257,Inf,8.025969640072383,12.312295928351425,"Fished","2016-04-19","Pre-bloom","The Pages - The Pages Sanctuary Zone","Species richness","Poisson","poisson","Poisson used because the negative binomial dispersion parameter approached the Poisson boundary and the simpler Poisson model passed convergence, uncertainty, dispersion and AIC checks",NA,"richness"
"2017-06-02",11.266280502687753,1.1781939454778434,Inf,9.178346441509317,13.829187770816977,"Fished","2017-06-02","Pre-bloom","The Pages - The Pages Sanctuary Zone","Species richness","Poisson","poisson","Poisson used because the negative binomial dispersion parameter approached the Poisson boundary and the simpler Poisson model passed convergence, uncertainty, dispersion and AIC checks",NA,"richness"
"2018-06-26",9.065185980616707,1.0567673626047913,Inf,7.213541373376409,11.392129414613063,"Fished","2018-06-26","Pre-bloom","The Pages - The Pages Sanctuary Zone","Species richness","Poisson","poisson","Poisson used because the negative binomial dispersion parameter approached the Poisson boundary and the simpler Poisson model passed convergence, uncertainty, dispersion and AIC checks",NA,"richness"
"2019-06-06",10.437842751304341,1.120304071266114,Inf,8.457664224661869,12.881637105345389,"Fished","2019-06-06","Pre-bloom","The Pages - The Pages Sanctuary Zone","Species richness","Poisson","poisson","Poisson used because the negative binomial dispersion parameter approached the Poisson boundary and the simpler Poisson model passed convergence, uncertainty, dispersion and AIC checks",NA,"richness"
"2021-05-20",9.85803302372501,1.0792964545735666,Inf,7.954215561396945,12.217523443604748,"Fished","2021-05-20","Pre-bloom","The Pages - The Pages Sanctuary Zone","Species richness","Poisson","poisson","Poisson used because the negative binomial dispersion parameter approached the Poisson boundary and the simpler Poisson model passed convergence, uncertainty, dispersion and AIC checks",NA,"richness"
"2025-04-09",9.104238494525687,1.1894843270177766,Inf,7.047461124032131,11.761279290006257,"Fished","2025-04-09","Bloom","The Pages - The Pages Sanctuary Zone","Species richness","Poisson","poisson","Poisson used because the negative binomial dispersion parameter approached the Poisson boundary and the simpler Poisson model passed convergence, uncertainty, dispersion and AIC checks",NA,"richness"
"2025-12-02",7.538448108493673,0.9100139992338455,Inf,5.950151170366511,9.550715310809725,"Fished","2025-12-02","Bloom","The Pages - The Pages Sanctuary Zone","Species richness","Poisson","poisson","Poisson used because the negative binomial dispersion parameter approached the Poisson boundary and the simpler Poisson model passed convergence, uncertainty, dispersion and AIC checks",NA,"richness"
"2026-03-01",11.100597846680934,1.1666774709758758,Inf,9.034096629482264,13.639800149093515,"Fished","2026-03-01","Bloom","The Pages - The Pages Sanctuary Zone","Species richness","Poisson","poisson","Poisson used because the negative binomial dispersion parameter approached the Poisson boundary and the simpler Poisson model passed convergence, uncertainty, dispersion and AIC checks",NA,"richness"
"2016-04-19",9.124319522507921,1.027034011145565,Inf,7.317945708021759,11.376581635138253,"No-take","2016-04-19","Pre-bloom","The Pages - The Pages Sanctuary Zone","Species richness","Poisson","poisson","Poisson used because the negative binomial dispersion parameter approached the Poisson boundary and the simpler Poisson model passed convergence, uncertainty, dispersion and AIC checks",NA,"richness"
"2017-06-02",10.857054417799203,1.1883656789246713,Inf,8.760788937125213,13.454910451219387,"No-take","2017-06-02","Pre-bloom","The Pages - The Pages Sanctuary Zone","Species richness","Poisson","poisson","Poisson used because the negative binomial dispersion parameter approached the Poisson boundary and the simpler Poisson model passed convergence, uncertainty, dispersion and AIC checks",NA,"richness"
"2018-06-26",11.778708321401398,1.2138978393978102,Inf,9.624407016702584,14.415222618897877,"No-take","2018-06-26","Pre-bloom","The Pages - The Pages Sanctuary Zone","Species richness","Poisson","poisson","Poisson used because the negative binomial dispersion parameter approached the Poisson boundary and the simpler Poisson model passed convergence, uncertainty, dispersion and AIC checks",NA,"richness"
"2019-06-06",12.442249494865266,1.2594068335369888,Inf,10.20328753235754,15.172518857429974,"No-take","2019-06-06","Pre-bloom","The Pages - The Pages Sanctuary Zone","Species richness","Poisson","poisson","Poisson used because the negative binomial dispersion parameter approached the Poisson boundary and the simpler Poisson model passed convergence, uncertainty, dispersion and AIC checks",NA,"richness"
"2021-05-20",8.156002016821297,0.9888878273571298,Inf,6.4309035892378414,10.343860388408766,"No-take","2021-05-20","Pre-bloom","The Pages - The Pages Sanctuary Zone","Species richness","Poisson","poisson","Poisson used because the negative binomial dispersion parameter approached the Poisson boundary and the simpler Poisson model passed convergence, uncertainty, dispersion and AIC checks",NA,"richness"
"2025-04-09",5.907474418885066,0.9182805885254044,Inf,4.355999303519183,8.011538014156104,"No-take","2025-04-09","Bloom","The Pages - The Pages Sanctuary Zone","Species richness","Poisson","poisson","Poisson used because the negative binomial dispersion parameter approached the Poisson boundary and the simpler Poisson model passed convergence, uncertainty, dispersion and AIC checks",NA,"richness"
"2025-12-02",6.138181079742941,0.8024921857711677,Inf,4.7506768905472505,7.9309260208125885,"No-take","2025-12-02","Bloom","The Pages - The Pages Sanctuary Zone","Species richness","Poisson","poisson","Poisson used because the negative binomial dispersion parameter approached the Poisson boundary and the simpler Poisson model passed convergence, uncertainty, dispersion and AIC checks",NA,"richness"
"2026-03-01",13.105811554857123,1.3045375877210252,Inf,10.78291755895831,15.929111538901505,"No-take","2026-03-01","Bloom","The Pages - The Pages Sanctuary Zone","Species richness","Poisson","poisson","Poisson used because the negative binomial dispersion parameter approached the Poisson boundary and the simpler Poisson model passed convergence, uncertainty, dispersion and AIC checks",NA,"richness"
"2017-11-28",6.416523634401866,1.3536985662033663,Inf,4.243470640819939,9.702382562703999,"Not modelled by Status","2017-11-28","Pre-bloom","Victor Harbor - Encounter Bay Sanctuary Zone","Species richness","Poisson","poisson","Poisson used because the negative binomial dispersion parameter approached the Poisson boundary and the simpler Poisson model passed convergence, uncertainty, dispersion and AIC checks",NA,"richness"
"2018-11-27",6.386746586676004,1.7114643688088056,Inf,3.7773058914185627,10.798842650018676,"Not modelled by Status","2018-11-27","Pre-bloom","Victor Harbor - Encounter Bay Sanctuary Zone","Species richness","Poisson","poisson","Poisson used because the negative binomial dispersion parameter approached the Poisson boundary and the simpler Poisson model passed convergence, uncertainty, dispersion and AIC checks",NA,"richness"
"2021-11-23",7.9414764073810575,1.7461877999722317,Inf,5.16104140481237,12.219829794464275,"Not modelled by Status","2021-11-23","Pre-bloom","Victor Harbor - Encounter Bay Sanctuary Zone","Species richness","Poisson","poisson","Poisson used because the negative binomial dispersion parameter approached the Poisson boundary and the simpler Poisson model passed convergence, uncertainty, dispersion and AIC checks",NA,"richness"
"2025-10-30",8.560614054663846,1.7012127031615034,Inf,5.7989508295319965,12.637477907158347,"Not modelled by Status","2025-10-30","Bloom","Victor Harbor - Encounter Bay Sanctuary Zone","Species richness","Poisson","poisson","Poisson used because the negative binomial dispersion parameter approached the Poisson boundary and the simpler Poisson model passed convergence, uncertainty, dispersion and AIC checks",NA,"richness"
"2026-01-23",8.976177250425462,1.7787128997912212,Inf,6.0872049955875305,13.236248506409781,"Not modelled by Status","2026-01-23","Bloom","Victor Harbor - Encounter Bay Sanctuary Zone","Species richness","Poisson","poisson","Poisson used because the negative binomial dispersion parameter approached the Poisson boundary and the simpler Poisson model passed convergence, uncertainty, dispersion and AIC checks",NA,"richness"
"2017-04-12",6.721222442746919,1.0356910356252453,Inf,4.96917578270234,9.091010883965518,"Not modelled by Status","2017-04-12","Pre-bloom","Windara Reef - Windara Shell fish Reef Sanctuary Zone","Species richness","Poisson","poisson","Poisson fallback used because the negative binomial fit did not provide a reliable Hessian and standard errors; the Poisson dispersion check was acceptable",NA,"richness"
"2017-11-23",7.45892059324475,1.119793184654782,Inf,5.557593245902298,10.010717581275234,"Not modelled by Status","2017-11-23","Pre-bloom","Windara Reef - Windara Shell fish Reef Sanctuary Zone","Species richness","Poisson","poisson","Poisson fallback used because the negative binomial fit did not provide a reliable Hessian and standard errors; the Poisson dispersion check was acceptable",NA,"richness"
"2018-04-24",6.393354336642834,0.998058599566348,Inf,4.708133402463737,8.681780268265149,"Not modelled by Status","2018-04-24","Pre-bloom","Windara Reef - Windara Shell fish Reef Sanctuary Zone","Species richness","Poisson","poisson","Poisson fallback used because the negative binomial fit did not provide a reliable Hessian and standard errors; the Poisson dispersion check was acceptable",NA,"richness"
"2018-11-29",7.049105664051429,1.0731623879945218,Inf,5.230537350735073,9.499959054107276,"Not modelled by Status","2018-11-29","Pre-bloom","Windara Reef - Windara Shell fish Reef Sanctuary Zone","Species richness","Poisson","poisson","Poisson fallback used because the negative binomial fit did not provide a reliable Hessian and standard errors; the Poisson dispersion check was acceptable",NA,"richness"
"2019-10-22",6.147440177848709,0.969714590506706,Inf,4.512563992904773,8.374622675633724,"Not modelled by Status","2019-10-22","Pre-bloom","Windara Reef - Windara Shell fish Reef Sanctuary Zone","Species richness","Poisson","poisson","Poisson fallback used because the negative binomial fit did not provide a reliable Hessian and standard errors; the Poisson dispersion check was acceptable",NA,"richness"
"2020-10-28",9.180218393930485,1.3137012395129257,Inf,6.9349759723648114,12.15237227873503,"Not modelled by Status","2020-10-28","Pre-bloom","Windara Reef - Windara Shell fish Reef Sanctuary Zone","Species richness","Poisson","poisson","Poisson fallback used because the negative binomial fit did not provide a reliable Hessian and standard errors; the Poisson dispersion check was acceptable",NA,"richness"
"2025-10-24",4.098314785907624,0.7279486520903408,Inf,2.8934344822220206,5.804929811816708,"Not modelled by Status","2025-10-24","Bloom","Windara Reef - Windara Shell fish Reef Sanctuary Zone","Species richness","Poisson","poisson","Poisson fallback used because the negative binomial fit did not provide a reliable Hessian and standard errors; the Poisson dispersion check was acceptable",NA,"richness"
"2014-09-03",0.5788814035085061,0.32317613600743983,Inf,0.19381322539440024,1.7290031608836731,"Not modelled by Status","2014-09-03","Pre-bloom","Aldinga - Aldinga Reef Sanctuary Zone","Shark and ray richness","Poisson","poisson","Poisson fallback used because the negative binomial fit did not provide a reliable Hessian and standard errors; the Poisson dispersion check was acceptable",NA,"sharks_rays"
"2015-12-10",0.15821198754073926,0.11010477396987281,Inf,0.04044464733998742,0.6188960628380354,"Not modelled by Status","2015-12-10","Pre-bloom","Aldinga - Aldinga Reef Sanctuary Zone","Shark and ray richness","Poisson","poisson","Poisson fallback used because the negative binomial fit did not provide a reliable Hessian and standard errors; the Poisson dispersion check was acceptable",NA,"sharks_rays"
"2016-02-12",0.44348192425191624,0.26743992096575364,Inf,0.1360073535266914,1.4460704663265482,"Not modelled by Status","2016-02-12","Pre-bloom","Aldinga - Aldinga Reef Sanctuary Zone","Shark and ray richness","Poisson","poisson","Poisson fallback used because the negative binomial fit did not provide a reliable Hessian and standard errors; the Poisson dispersion check was acceptable",NA,"sharks_rays"
"2016-11-19",0.8693656503270851,0.5088291854339131,Inf,0.2760606607664911,2.7377918746921144,"Not modelled by Status","2016-11-19","Pre-bloom","Aldinga - Aldinga Reef Sanctuary Zone","Shark and ray richness","Poisson","poisson","Poisson fallback used because the negative binomial fit did not provide a reliable Hessian and standard errors; the Poisson dispersion check was acceptable",NA,"sharks_rays"
"2020-11-26",0.38638491935580466,0.26809952946987287,Inf,0.09917449113498526,1.5053599388011003,"Not modelled by Status","2020-11-26","Pre-bloom","Aldinga - Aldinga Reef Sanctuary Zone","Shark and ray richness","Poisson","poisson","Poisson fallback used because the negative binomial fit did not provide a reliable Hessian and standard errors; the Poisson dispersion check was acceptable",NA,"sharks_rays"
"2021-11-22",0.43468379169285054,0.3266738572077091,Inf,0.09965013401167126,1.8961339152674215,"Not modelled by Status","2021-11-22","Pre-bloom","Aldinga - Aldinga Reef Sanctuary Zone","Shark and ray richness","Poisson","poisson","Poisson fallback used because the negative binomial fit did not provide a reliable Hessian and standard errors; the Poisson dispersion check was acceptable",NA,"sharks_rays"
"2025-02-06",0.5740806402245924,0.3098986783277456,Inf,0.19928726965715138,1.6537362474164006,"Not modelled by Status","2025-02-06","Pre-bloom","Aldinga - Aldinga Reef Sanctuary Zone","Shark and ray richness","Poisson","poisson","Poisson fallback used because the negative binomial fit did not provide a reliable Hessian and standard errors; the Poisson dispersion check was acceptable",NA,"sharks_rays"
"2026-02-21",0.25750293837710686,0.14747891663626114,Inf,0.0838061673124324,0.7912038624275274,"Not modelled by Status","2026-02-21","Bloom","Aldinga - Aldinga Reef Sanctuary Zone","Shark and ray richness","Poisson","poisson","Poisson fallback used because the negative binomial fit did not provide a reliable Hessian and standard errors; the Poisson dispersion check was acceptable",NA,"sharks_rays"
"2017-04-05",0.5833333401386074,0.22047925896560294,Inf,0.27809481063479796,1.223603507525089,"Fished","2017-04-05","Pre-bloom","Bay of Shoals - Bay of Shoals Sanctuary Zone","Shark and ray richness","Poisson","poisson","Poisson used because the negative binomial dispersion parameter approached the Poisson boundary and the simpler Poisson model passed convergence, uncertainty, dispersion and AIC checks",NA,"sharks_rays"
"2018-03-28",0.6666666583261326,0.23570223944392682,Inf,0.33339844262515606,1.333072913671126,"Fished","2018-03-28","Pre-bloom","Bay of Shoals - Bay of Shoals Sanctuary Zone","Shark and ray richness","Poisson","poisson","Poisson used because the negative binomial dispersion parameter approached the Poisson boundary and the simpler Poisson model passed convergence, uncertainty, dispersion and AIC checks",NA,"sharks_rays"
"2026-03-24",0.41666666208599035,0.18633898164359775,Inf,0.17342826539414016,1.0010542797007465,"Fished","2026-03-24","Bloom","Bay of Shoals - Bay of Shoals Sanctuary Zone","Shark and ray richness","Poisson","poisson","Poisson used because the negative binomial dispersion parameter approached the Poisson boundary and the simpler Poisson model passed convergence, uncertainty, dispersion and AIC checks",NA,"sharks_rays"
"2017-04-05",0.6666666756114643,0.23570224249957375,Inf,0.3333984542645675,1.3330729362594875,"No-take","2017-04-05","Pre-bloom","Bay of Shoals - Bay of Shoals Sanctuary Zone","Shark and ray richness","Poisson","poisson","Poisson used because the negative binomial dispersion parameter approached the Poisson boundary and the simpler Poisson model passed convergence, uncertainty, dispersion and AIC checks",NA,"sharks_rays"
"2018-03-28",0.4166666662573645,0.1863389825763391,Inf,0.17342826789131485,1.0010542853303803,"No-take","2018-03-28","Pre-bloom","Bay of Shoals - Bay of Shoals Sanctuary Zone","Shark and ray richness","Poisson","poisson","Poisson used because the negative binomial dispersion parameter approached the Poisson boundary and the simpler Poisson model passed convergence, uncertainty, dispersion and AIC checks",NA,"sharks_rays"
"2026-03-24",0.16666666820980586,0.11785112093005062,Inf,0.04168294767365663,0.6664062846426982,"No-take","2026-03-24","Bloom","Bay of Shoals - Bay of Shoals Sanctuary Zone","Shark and ray richness","Poisson","poisson","Poisson used because the negative binomial dispersion parameter approached the Poisson boundary and the simpler Poisson model passed convergence, uncertainty, dispersion and AIC checks",NA,"sharks_rays"
"2021-10-11",0.33333341143947476,0.11785113427588671,Inf,0.1666992767058136,0.666536564390523,"Not modelled by Status","2021-10-11","Pre-bloom","Boston Bay","Shark and ray richness","Poisson","poisson","Poisson used because the negative binomial dispersion parameter approached the Poisson boundary and the simpler Poisson model passed convergence, uncertainty, dispersion and AIC checks",NA,"sharks_rays"
"2022-05-10",0.12499998780124134,0.07216877412676069,Inf,0.0403151748210896,0.3875711073969289,"Not modelled by Status","2022-05-10","Pre-bloom","Boston Bay","Shark and ray richness","Poisson","poisson","Poisson used because the negative binomial dispersion parameter approached the Poisson boundary and the simpler Poisson model passed convergence, uncertainty, dispersion and AIC checks",NA,"sharks_rays"
"2024-03-25",0.17391301830622435,0.08695650822867215,Inf,0.06527266208697753,0.4633752779391453,"Not modelled by Status","2024-03-25","Pre-bloom","Boston Bay","Shark and ray richness","Poisson","poisson","Poisson used because the negative binomial dispersion parameter approached the Poisson boundary and the simpler Poisson model passed convergence, uncertainty, dispersion and AIC checks",NA,"sharks_rays"
"2024-11-14",0.5416666406499051,0.15023128722268037,Inf,0.3145221761819398,0.9328523449590737,"Not modelled by Status","2024-11-14","Pre-bloom","Boston Bay","Shark and ray richness","Poisson","poisson","Poisson used because the negative binomial dispersion parameter approached the Poisson boundary and the simpler Poisson model passed convergence, uncertainty, dispersion and AIC checks",NA,"sharks_rays"
"2025-11-11",0.31818178683623866,0.12026140736440753,Inf,0.1516880556165655,0.6674200487493458,"Not modelled by Status","2025-11-11","Bloom","Boston Bay","Shark and ray richness","Poisson","poisson","Poisson used because the negative binomial dispersion parameter approached the Poisson boundary and the simpler Poisson model passed convergence, uncertainty, dispersion and AIC checks",NA,"sharks_rays"
"2017-01-12",0.5833333333333167,0.22047925762915213,Inf,0.27809480623586313,1.223603498330549,"Fished","2017-01-12","Pre-bloom","Cape Elizabeth - Cape Elizabeth Sanctuary Zone","Shark and ray richness","Poisson","poisson","Poisson fallback used because the negative binomial fit did not provide a reliable Hessian and standard errors; the Poisson dispersion check was acceptable",NA,"sharks_rays"
"2017-01-12",0.9166666666666907,0.27638537633639837,Inf,0.5076501730174786,1.6552299643339052,"No-take","2017-01-12","Pre-bloom","Cape Elizabeth - Cape Elizabeth Sanctuary Zone","Shark and ray richness","Poisson","poisson","Poisson fallback used because the negative binomial fit did not provide a reliable Hessian and standard errors; the Poisson dispersion check was acceptable",NA,"sharks_rays"
"2015-12-10",0.11468373801514173,0.0918696479609946,Inf,0.02385779051443421,0.5512815512890159,"Not modelled by Status","2015-12-10","Pre-bloom","Carrickalinga - Carrickalinga Cliffs Sanctuary Zone","Shark and ray richness","Poisson","poisson","Poisson fallback used because the negative binomial fit did not provide a reliable Hessian and standard errors; the Poisson dispersion check was acceptable",NA,"sharks_rays"
"2016-12-06",0.1718407695729596,0.0969595397167026,Inf,0.05686482875096801,0.5192884729636036,"Not modelled by Status","2016-12-06","Pre-bloom","Carrickalinga - Carrickalinga Cliffs Sanctuary Zone","Shark and ray richness","Poisson","poisson","Poisson fallback used because the negative binomial fit did not provide a reliable Hessian and standard errors; the Poisson dispersion check was acceptable",NA,"sharks_rays"
"2017-12-05",0.25776114192156335,0.13214175350278334,Inf,0.09437290228401211,0.7040241920795965,"Not modelled by Status","2017-12-05","Pre-bloom","Carrickalinga - Carrickalinga Cliffs Sanctuary Zone","Shark and ray richness","Poisson","poisson","Poisson fallback used because the negative binomial fit did not provide a reliable Hessian and standard errors; the Poisson dispersion check was acceptable",NA,"sharks_rays"
"2018-12-11",0.4202977023507997,0.19947937789575987,Inf,0.16579232924865592,1.0654905410998896,"Not modelled by Status","2018-12-11","Pre-bloom","Carrickalinga - Carrickalinga Cliffs Sanctuary Zone","Shark and ray richness","Poisson","poisson","Poisson fallback used because the negative binomial fit did not provide a reliable Hessian and standard errors; the Poisson dispersion check was acceptable",NA,"sharks_rays"
"2020-12-04",0.25776114192156396,0.1321417535027794,Inf,0.09437290228401539,0.7040241920795752,"Not modelled by Status","2020-12-04","Pre-bloom","Carrickalinga - Carrickalinga Cliffs Sanctuary Zone","Shark and ray richness","Poisson","poisson","Poisson fallback used because the negative binomial fit did not provide a reliable Hessian and standard errors; the Poisson dispersion check was acceptable",NA,"sharks_rays"
"2025-02-06",0.501795719577192,0.2874224715546559,Inf,0.1632935700815832,1.5420015868364598,"Not modelled by Status","2025-02-06","Pre-bloom","Carrickalinga - Carrickalinga Cliffs Sanctuary Zone","Shark and ray richness","Poisson","poisson","Poisson fallback used because the negative binomial fit did not provide a reliable Hessian and standard errors; the Poisson dispersion check was acceptable",NA,"sharks_rays"
"2025-02-20",0.3763035154578004,0.18047143636593654,Inf,0.14699767031859562,0.9633100676969414,"Not modelled by Status","2025-02-20","Pre-bloom","Carrickalinga - Carrickalinga Cliffs Sanctuary Zone","Shark and ray richness","Poisson","poisson","Poisson fallback used because the negative binomial fit did not provide a reliable Hessian and standard errors; the Poisson dispersion check was acceptable",NA,"sharks_rays"
"2025-12-17",0.14320033686509057,0.08492409593302462,Inf,0.04478618804107775,0.4578718880800275,"Not modelled by Status","2025-12-17","Bloom","Carrickalinga - Carrickalinga Cliffs Sanctuary Zone","Shark and ray richness","Poisson","poisson","Poisson fallback used because the negative binomial fit did not provide a reliable Hessian and standard errors; the Poisson dispersion check was acceptable",NA,"sharks_rays"
"2015-11-15",1.0122861359493753,0.36313436932980625,Inf,0.5011345116602264,2.0448067279191675,"Fished","2015-11-15","Pre-bloom","Chinamans Hat - Chinamans Hat Sanctuary Zone","Shark and ray richness","Poisson","poisson","Poisson used because the negative binomial dispersion parameter approached the Poisson boundary and the simpler Poisson model passed convergence, uncertainty, dispersion and AIC checks",NA,"sharks_rays"
"2025-12-04",0.7552675962599869,0.3067381496512615,Inf,0.3407225528273418,1.6741748887089327,"Fished","2025-12-04","Bloom","Chinamans Hat - Chinamans Hat Sanctuary Zone","Shark and ray richness","Poisson","poisson","Poisson used because the negative binomial dispersion parameter approached the Poisson boundary and the simpler Poisson model passed convergence, uncertainty, dispersion and AIC checks",NA,"sharks_rays"
"2015-11-15",0.3891463429096843,0.19593770382796397,Inf,0.1450532500130917,1.0439950582721447,"No-take","2015-11-15","Pre-bloom","Chinamans Hat - Chinamans Hat Sanctuary Zone","Shark and ray richness","Poisson","poisson","Poisson used because the negative binomial dispersion parameter approached the Poisson boundary and the simpler Poisson model passed convergence, uncertainty, dispersion and AIC checks",NA,"sharks_rays"
"2025-12-04",0.7884850862010313,0.31555448862590185,Inf,0.359865032699145,1.7276163968984728,"No-take","2025-12-04","Bloom","Chinamans Hat - Chinamans Hat Sanctuary Zone","Shark and ray richness","Poisson","poisson","Poisson used because the negative binomial dispersion parameter approached the Poisson boundary and the simpler Poisson model passed convergence, uncertainty, dispersion and AIC checks",NA,"sharks_rays"
"2026-02-16",0.12500001286009746,0.12499999604177764,Inf,0.017607943216496846,0.8873837803148694,"Fished","2026-02-16","Bloom","Cuttlefish Coast - Fairway Bank Sanctuary Zone","Shark and ray richness","Poisson","poisson","Poisson used because the negative binomial dispersion parameter approached the Poisson boundary and the simpler Poisson model passed convergence, uncertainty, dispersion and AIC checks",NA,"sharks_rays"
"2026-02-16",0.5000001291493475,0.20412415517882537,Inf,0.2246304434586063,1.1129396590245921,"No-take","2026-02-16","Bloom","Cuttlefish Coast - Fairway Bank Sanctuary Zone","Shark and ray richness","Poisson","poisson","Poisson used because the negative binomial dispersion parameter approached the Poisson boundary and the simpler Poisson model passed convergence, uncertainty, dispersion and AIC checks",NA,"sharks_rays"
"2016-01-19",0.6666669103382173,0.3333333664734403,Inf,0.25021206164178533,1.7762723604275783,"Not modelled by Status","2016-01-19","Pre-bloom","Dangerous Reef - Dangerous Reef Sanctuary Zone","Shark and ray richness","Poisson","poisson","Poisson fallback used because the negative binomial fit did not provide a reliable Hessian and standard errors; the Poisson dispersion check was acceptable",NA,"sharks_rays"
"2017-02-25",0.7499998534109812,0.2499999547351601,Inf,0.3902359957786925,1.4414348911972068,"Not modelled by Status","2017-02-25","Pre-bloom","Dangerous Reef - Dangerous Reef Sanctuary Zone","Shark and ray richness","Poisson","poisson","Poisson fallback used because the negative binomial fit did not provide a reliable Hessian and standard errors; the Poisson dispersion check was acceptable",NA,"sharks_rays"
"2019-02-16",0.3636371621665841,0.18181836629909437,Inf,0.1364796785775543,0.9688767374508873,"Not modelled by Status","2019-02-16","Pre-bloom","Dangerous Reef - Dangerous Reef Sanctuary Zone","Shark and ray richness","Poisson","poisson","Poisson fallback used because the negative binomial fit did not provide a reliable Hessian and standard errors; the Poisson dispersion check was acceptable",NA,"sharks_rays"
"2020-04-10",0.7499998534011977,0.2499999547335411,Inf,0.3902359957719273,1.4414348911845896,"Not modelled by Status","2020-04-10","Pre-bloom","Dangerous Reef - Dangerous Reef Sanctuary Zone","Shark and ray richness","Poisson","poisson","Poisson fallback used because the negative binomial fit did not provide a reliable Hessian and standard errors; the Poisson dispersion check was acceptable",NA,"sharks_rays"
"2022-03-16",0.7499998534170221,0.2499999547361778,Inf,0.3902359957828514,1.4414348912050654,"Not modelled by Status","2022-03-16","Pre-bloom","Dangerous Reef - Dangerous Reef Sanctuary Zone","Shark and ray richness","Poisson","poisson","Poisson fallback used because the negative binomial fit did not provide a reliable Hessian and standard errors; the Poisson dispersion check was acceptable",NA,"sharks_rays"
"2025-11-10",0.9166659901139889,0.2763852741699985,Inf,0.5076496878220943,1.6552291030387363,"Not modelled by Status","2025-11-10","Bloom","Dangerous Reef - Dangerous Reef Sanctuary Zone","Shark and ray richness","Poisson","poisson","Poisson fallback used because the negative binomial fit did not provide a reliable Hessian and standard errors; the Poisson dispersion check was acceptable",NA,"sharks_rays"
"2026-04-08",1.2500010565241892,0.32274872168488755,Inf,0.7535831825019988,2.0734308800839583,"Not modelled by Status","2026-04-08","Bloom","Dangerous Reef - Dangerous Reef Sanctuary Zone","Shark and ray richness","Poisson","poisson","Poisson fallback used because the negative binomial fit did not provide a reliable Hessian and standard errors; the Poisson dispersion check was acceptable",NA,"sharks_rays"
"2020-10-13",0.4277437780718245,0.17631282035832815,Inf,0.190688596879825,0.9594949182748749,"Not modelled by Status","2020-10-13","Pre-bloom","Glenelg","Shark and ray richness","Poisson","poisson","Poisson used because the negative binomial dispersion parameter approached the Poisson boundary and the simpler Poisson model passed convergence, uncertainty, dispersion and AIC checks",NA,"sharks_rays"
"2021-10-25",0.8613287213846347,0.24657535171602793,Inf,0.4914651388994918,1.5095417915975744,"Not modelled by Status","2021-10-25","Pre-bloom","Glenelg","Shark and ray richness","Poisson","poisson","Poisson used because the negative binomial dispersion parameter approached the Poisson boundary and the simpler Poisson model passed convergence, uncertainty, dispersion and AIC checks",NA,"sharks_rays"
"2022-12-02",0.4349698149440037,0.16711183649772593,Inf,0.2048492914307841,0.9235996795055972,"Not modelled by Status","2022-12-02","Pre-bloom","Glenelg","Shark and ray richness","Poisson","poisson","Poisson used because the negative binomial dispersion parameter approached the Poisson boundary and the simpler Poisson model passed convergence, uncertainty, dispersion and AIC checks",NA,"sharks_rays"
"2023-11-23",0.4971073612485329,0.17905971462307155,Inf,0.24538306394779247,1.0070610604978654,"Not modelled by Status","2023-11-23","Pre-bloom","Glenelg","Shark and ray richness","Poisson","poisson","Poisson used because the negative binomial dispersion parameter approached the Poisson boundary and the simpler Poisson model passed convergence, uncertainty, dispersion and AIC checks",NA,"sharks_rays"
"2026-03-20",0.10545901701697805,0.07480435703125982,Inf,0.026260808441053177,0.42350578410986806,"Not modelled by Status","2026-03-20","Bloom","Glenelg","Shark and ray richness","Poisson","poisson","Poisson used because the negative binomial dispersion parameter approached the Poisson boundary and the simpler Poisson model passed convergence, uncertainty, dispersion and AIC checks",NA,"sharks_rays"
"2014-09-03",1.3333333315763818,0.4714044818720204,Inf,0.6667968949606843,2.66614584820074,"Not modelled by Status","2014-09-03","Pre-bloom","Middle/Long Spit - Middle Spit Sanctuary Zone","Shark and ray richness","Poisson","poisson","Poisson used because the negative binomial dispersion parameter approached the Poisson boundary and the simpler Poisson model passed convergence, uncertainty, dispersion and AIC checks",NA,"sharks_rays"
"2015-01-07",1.0434782594960648,0.2129990904206292,Inf,0.6994112793472009,1.5568048588767647,"Not modelled by Status","2015-01-07","Pre-bloom","Middle/Long Spit - Middle Spit Sanctuary Zone","Shark and ray richness","Poisson","poisson","Poisson used because the negative binomial dispersion parameter approached the Poisson boundary and the simpler Poisson model passed convergence, uncertainty, dispersion and AIC checks",NA,"sharks_rays"
"2016-01-10",1.6666666639275487,0.28171806171430686,Inf,1.1966563214003496,2.3212828269663737,"Not modelled by Status","2016-01-10","Pre-bloom","Middle/Long Spit - Middle Spit Sanctuary Zone","Shark and ray richness","Poisson","poisson","Poisson used because the negative binomial dispersion parameter approached the Poisson boundary and the simpler Poisson model passed convergence, uncertainty, dispersion and AIC checks",NA,"sharks_rays"
"2016-03-11",2.166666661613894,0.6009251633324599,Inf,1.2580887770385014,3.7314095064099218,"Not modelled by Status","2016-03-11","Pre-bloom","Middle/Long Spit - Middle Spit Sanctuary Zone","Shark and ray richness","Poisson","poisson","Poisson used because the negative binomial dispersion parameter approached the Poisson boundary and the simpler Poisson model passed convergence, uncertainty, dispersion and AIC checks",NA,"sharks_rays"
"2026-01-26",0.45833333404536164,0.13819268824260605,Inf,0.25382508705531154,0.8276149829561978,"Not modelled by Status","2026-01-26","Bloom","Middle/Long Spit - Middle Spit Sanctuary Zone","Shark and ray richness","Poisson","poisson","Poisson used because the negative binomial dispersion parameter approached the Poisson boundary and the simpler Poisson model passed convergence, uncertainty, dispersion and AIC checks",NA,"sharks_rays"
"2015-04-28",0.16666664829473218,0.1666666436047421,Inf,0.023477247722448462,1.1831783683587163,"Not modelled by Status","2015-04-28","Pre-bloom","O'Sullivan","Shark and ray richness","Poisson","poisson","Poisson used because the negative binomial dispersion parameter approached the Poisson boundary and the simpler Poisson model passed convergence, uncertainty, dispersion and AIC checks",NA,"sharks_rays"
"2015-10-09",0.9999998745592086,0.40824823118008025,Inf,0.44926064629129236,2.225878801923931,"Not modelled by Status","2015-10-09","Pre-bloom","O'Sullivan","Shark and ray richness","Poisson","poisson","Poisson used because the negative binomial dispersion parameter approached the Poisson boundary and the simpler Poisson model passed convergence, uncertainty, dispersion and AIC checks",NA,"sharks_rays"
"2021-10-12",0.545454400908208,0.22268083769910493,Inf,0.24505121384863407,1.2141156079067936,"Not modelled by Status","2021-10-12","Pre-bloom","O'Sullivan","Shark and ray richness","Poisson","poisson","Poisson used because the negative binomial dispersion parameter approached the Poisson boundary and the simpler Poisson model passed convergence, uncertainty, dispersion and AIC checks",NA,"sharks_rays"
"2022-12-01",0.4166667338410816,0.18633899765055076,Inf,0.17342830838089926,1.0010543763622137,"Not modelled by Status","2022-12-01","Pre-bloom","O'Sullivan","Shark and ray richness","Poisson","poisson","Poisson used because the negative binomial dispersion parameter approached the Poisson boundary and the simpler Poisson model passed convergence, uncertainty, dispersion and AIC checks",NA,"sharks_rays"
"2024-12-19",0.33333341622454027,0.16666667352115533,Inf,0.12510600902716373,0.8881361274005433,"Not modelled by Status","2024-12-19","Pre-bloom","O'Sullivan","Shark and ray richness","Poisson","poisson","Poisson used because the negative binomial dispersion parameter approached the Poisson boundary and the simpler Poisson model passed convergence, uncertainty, dispersion and AIC checks",NA,"sharks_rays"
"2025-02-04",1.199999804498425,0.48989786801717744,Inf,0.5391127474545765,2.6710545012990754,"Not modelled by Status","2025-02-04","Pre-bloom","O'Sullivan","Shark and ray richness","Poisson","poisson","Poisson used because the negative binomial dispersion parameter approached the Poisson boundary and the simpler Poisson model passed convergence, uncertainty, dispersion and AIC checks",NA,"sharks_rays"
"2014-09-03",0.5000000927858279,0.288675142218153,Inf,0.16126076772328218,1.5502846496106721,"Fished","2014-09-03","Pre-bloom","Offshore Ardrossan - Offshore Ardrossan Sanctuary Zone","Shark and ray richness","Poisson","poisson","Poisson used because the negative binomial dispersion parameter approached the Poisson boundary and the simpler Poisson model passed convergence, uncertainty, dispersion and AIC checks",NA,"sharks_rays"
"2016-03-11",1.9999999368686856,0.6324555082203284,Inf,1.0761093903456087,3.7170939900357967,"Fished","2016-03-11","Pre-bloom","Offshore Ardrossan - Offshore Ardrossan Sanctuary Zone","Shark and ray richness","Poisson","poisson","Poisson used because the negative binomial dispersion parameter approached the Poisson boundary and the simpler Poisson model passed convergence, uncertainty, dispersion and AIC checks",NA,"sharks_rays"
"2014-09-03",0.4166666575610605,0.18633898411503153,Inf,0.1734282598437196,1.0010542899960553,"No-take","2014-09-03","Pre-bloom","Offshore Ardrossan - Offshore Ardrossan Sanctuary Zone","Shark and ray richness","Poisson","poisson","Poisson used because the negative binomial dispersion parameter approached the Poisson boundary and the simpler Poisson model passed convergence, uncertainty, dispersion and AIC checks",NA,"sharks_rays"
"2016-03-11",1.2500000278175756,0.32274860871675703,Inf,0.7535823819678508,2.0734296699768104,"No-take","2016-03-11","Pre-bloom","Offshore Ardrossan - Offshore Ardrossan Sanctuary Zone","Shark and ray richness","Poisson","poisson","Poisson used because the negative binomial dispersion parameter approached the Poisson boundary and the simpler Poisson model passed convergence, uncertainty, dispersion and AIC checks",NA,"sharks_rays"
"2017-02-03",1.0833333368392286,0.3004625817363041,Inf,0.6290443938462291,1.8657047581829471,"No-take","2017-02-03","Pre-bloom","Orcades Bank - Orcades Bank Sanctuary Zone","Shark and ray richness","Poisson","poisson","Poisson fallback used because the negative binomial fit did not provide a reliable Hessian and standard errors; the Poisson dispersion check was acceptable","overall","sharks_rays"
"2017-02-03",1.5833333333339374,0.36324154887918975,Inf,1.009934816176705,2.482283415019653,"Fished","2017-02-03","Pre-bloom","Port Gibbon - Port Gibbon Sanctuary Zone","Shark and ray richness","Poisson","poisson","Poisson used because the negative binomial dispersion parameter approached the Poisson boundary and the simpler Poisson model passed convergence, uncertainty, dispersion and AIC checks",NA,"sharks_rays"
"2025-11-14",0.2500000000144511,0.14433755528789474,Inf,0.0806303619783287,0.775142247581921,"Fished","2025-11-14","Bloom","Port Gibbon - Port Gibbon Sanctuary Zone","Shark and ray richness","Poisson","poisson","Poisson used because the negative binomial dispersion parameter approached the Poisson boundary and the simpler Poisson model passed convergence, uncertainty, dispersion and AIC checks",NA,"sharks_rays"
"2017-02-03",0.16666666667727126,0.11785112037705615,Inf,0.04168294703024765,0.6664062826737137,"No-take","2017-02-03","Pre-bloom","Port Gibbon - Port Gibbon Sanctuary Zone","Shark and ray richness","Poisson","poisson","Poisson used because the negative binomial dispersion parameter approached the Poisson boundary and the simpler Poisson model passed convergence, uncertainty, dispersion and AIC checks",NA,"sharks_rays"
"2025-11-14",0.24999999999246336,0.1443375552826017,Inf,0.0806303619665584,0.7751422475587258,"No-take","2025-11-14","Bloom","Port Gibbon - Port Gibbon Sanctuary Zone","Shark and ray richness","Poisson","poisson","Poisson used because the negative binomial dispersion parameter approached the Poisson boundary and the simpler Poisson model passed convergence, uncertainty, dispersion and AIC checks",NA,"sharks_rays"
"2015-12-10",0.14941158291600865,0.11413210707075462,Inf,0.03343264864732271,0.6677251732268905,"Fished","2015-12-10","Pre-bloom","Rapid Head - Rapid Head Sanctuary Zone","Shark and ray richness","Poisson","poisson","Poisson fallback used because the negative binomial fit did not provide a reliable Hessian and standard errors; the Poisson dispersion check was acceptable",NA,"sharks_rays"
"2016-12-06",0.2241168266728777,0.14469738201102245,Inf,0.0632280866906259,0.794399366276688,"Fished","2016-12-06","Pre-bloom","Rapid Head - Rapid Head Sanctuary Zone","Shark and ray richness","Poisson","poisson","Poisson fallback used because the negative binomial fit did not provide a reliable Hessian and standard errors; the Poisson dispersion check was acceptable",NA,"sharks_rays"
"2018-12-11",0.15825753908387968,0.1213308639107083,Inf,0.035218925901516054,0.7111360734544033,"Fished","2018-12-11","Pre-bloom","Rapid Head - Rapid Head Sanctuary Zone","Shark and ray richness","Poisson","poisson","Poisson fallback used because the negative binomial fit did not provide a reliable Hessian and standard errors; the Poisson dispersion check was acceptable",NA,"sharks_rays"
"2025-02-27",0.8964671206721154,0.3661746397482531,Inf,0.40257712087685954,1.9962716626710015,"Fished","2025-02-27","Pre-bloom","Rapid Head - Rapid Head Sanctuary Zone","Shark and ray richness","Poisson","poisson","Poisson fallback used because the negative binomial fit did not provide a reliable Hessian and standard errors; the Poisson dispersion check was acceptable",NA,"sharks_rays"
"2025-12-10",0.14941057226947657,0.1141316575946833,Inf,0.03343228105098981,0.6677234817404589,"Fished","2025-12-10","Bloom","Rapid Head - Rapid Head Sanctuary Zone","Shark and ray richness","Poisson","poisson","Poisson fallback used because the negative binomial fit did not provide a reliable Hessian and standard errors; the Poisson dispersion check was acceptable",NA,"sharks_rays"
"2015-12-10",0.24619597443623573,0.15781621066921378,Inf,0.07008819652859212,0.8648026462470195,"No-take","2015-12-10","Pre-bloom","Rapid Head - Rapid Head Sanctuary Zone","Shark and ray richness","Poisson","poisson","Poisson fallback used because the negative binomial fit did not provide a reliable Hessian and standard errors; the Poisson dispersion check was acceptable",NA,"sharks_rays"
"2016-12-06",0.15031700123324038,0.1151847948757938,Inf,0.033477270865584274,0.674941543188414,"No-take","2016-12-06","Pre-bloom","Rapid Head - Rapid Head Sanctuary Zone","Shark and ray richness","Poisson","poisson","Poisson fallback used because the negative binomial fit did not provide a reliable Hessian and standard errors; the Poisson dispersion check was acceptable",NA,"sharks_rays"
"2018-12-11",0.07515785863954728,0.0783659807826915,Inf,0.009737314908508715,0.5801089692956518,"No-take","2018-12-11","Pre-bloom","Rapid Head - Rapid Head Sanctuary Zone","Shark and ray richness","Poisson","poisson","Poisson fallback used because the negative binomial fit did not provide a reliable Hessian and standard errors; the Poisson dispersion check was acceptable",NA,"sharks_rays"
"2025-02-27",0.3223297096923724,0.18828250038212035,Inf,0.10258594308441914,1.0127746416960022,"No-take","2025-02-27","Pre-bloom","Rapid Head - Rapid Head Sanctuary Zone","Shark and ray richness","Poisson","poisson","Poisson fallback used because the negative binomial fit did not provide a reliable Hessian and standard errors; the Poisson dispersion check was acceptable",NA,"sharks_rays"
"2025-12-10",0.07515905674387034,0.0783666554930479,Inf,0.009737616025160179,0.5801095253738348,"No-take","2025-12-10","Bloom","Rapid Head - Rapid Head Sanctuary Zone","Shark and ray richness","Poisson","poisson","Poisson fallback used because the negative binomial fit did not provide a reliable Hessian and standard errors; the Poisson dispersion check was acceptable",NA,"sharks_rays"
"2016-04-19",0.4166664876752385,0.18633894260760128,Inf,0.17342816101396172,1.0010540441447868,"Fished","2016-04-19","Pre-bloom","The Pages - The Pages Sanctuary Zone","Shark and ray richness","Poisson","poisson","Poisson used because the negative binomial dispersion parameter approached the Poisson boundary and the simpler Poisson model passed convergence, uncertainty, dispersion and AIC checks",NA,"sharks_rays"
"2017-06-02",1.2499999927514132,0.32274858458235134,Inf,0.7535823786465444,2.073429562783604,"Fished","2017-06-02","Pre-bloom","The Pages - The Pages Sanctuary Zone","Shark and ray richness","Poisson","poisson","Poisson used because the negative binomial dispersion parameter approached the Poisson boundary and the simpler Poisson model passed convergence, uncertainty, dispersion and AIC checks",NA,"sharks_rays"
"2018-06-26",0.45454540146096045,0.2032788782761689,Inf,0.18919444258192378,1.0920591491467309,"Fished","2018-06-26","Pre-bloom","The Pages - The Pages Sanctuary Zone","Shark and ray richness","Poisson","poisson","Poisson used because the negative binomial dispersion parameter approached the Poisson boundary and the simpler Poisson model passed convergence, uncertainty, dispersion and AIC checks",NA,"sharks_rays"
"2019-06-06",0.5000000522650856,0.20412413893876183,Inf,0.22463039557935835,1.1129395539739737,"Fished","2019-06-06","Pre-bloom","The Pages - The Pages Sanctuary Zone","Shark and ray richness","Poisson","poisson","Poisson used because the negative binomial dispersion parameter approached the Poisson boundary and the simpler Poisson model passed convergence, uncertainty, dispersion and AIC checks",NA,"sharks_rays"
"2021-05-20",0.500000131858247,0.20412415518564822,Inf,0.22463044564338736,1.1129396602593786,"Fished","2021-05-20","Pre-bloom","The Pages - The Pages Sanctuary Zone","Shark and ray richness","Poisson","poisson","Poisson used because the negative binomial dispersion parameter approached the Poisson boundary and the simpler Poisson model passed convergence, uncertainty, dispersion and AIC checks",NA,"sharks_rays"
"2025-04-09",1.8750000664455084,0.4841228870083998,Inf,1.1303736261959227,3.1101444404730945,"Fished","2025-04-09","Bloom","The Pages - The Pages Sanctuary Zone","Shark and ray richness","Poisson","poisson","Poisson used because the negative binomial dispersion parameter approached the Poisson boundary and the simpler Poisson model passed convergence, uncertainty, dispersion and AIC checks",NA,"sharks_rays"
"2026-03-01",0.41666669583512844,0.18633898915356029,Inf,0.17342828562770815,1.0010543250761745,"Fished","2026-03-01","Bloom","The Pages - The Pages Sanctuary Zone","Shark and ray richness","Poisson","poisson","Poisson used because the negative binomial dispersion parameter approached the Poisson boundary and the simpler Poisson model passed convergence, uncertainty, dispersion and AIC checks",NA,"sharks_rays"
"2016-04-19",0.5833334165119173,0.2204792733321742,Inf,0.278094860592914,1.2236036081140595,"No-take","2016-04-19","Pre-bloom","The Pages - The Pages Sanctuary Zone","Shark and ray richness","Poisson","poisson","Poisson used because the negative binomial dispersion parameter approached the Poisson boundary and the simpler Poisson model passed convergence, uncertainty, dispersion and AIC checks",NA,"sharks_rays"
"2017-06-02",1.1818181470209879,0.32777735674007985,Inf,0.6862302190812354,2.035314233899661,"No-take","2017-06-02","Pre-bloom","The Pages - The Pages Sanctuary Zone","Shark and ray richness","Poisson","poisson","Poisson used because the negative binomial dispersion parameter approached the Poisson boundary and the simpler Poisson model passed convergence, uncertainty, dispersion and AIC checks",NA,"sharks_rays"
"2018-06-26",1.0000000206505641,0.28867511367920556,Inf,0.5679097329745202,1.7608432876532416,"No-take","2018-06-26","Pre-bloom","The Pages - The Pages Sanctuary Zone","Shark and ray richness","Poisson","poisson","Poisson used because the negative binomial dispersion parameter approached the Poisson boundary and the simpler Poisson model passed convergence, uncertainty, dispersion and AIC checks",NA,"sharks_rays"
"2019-06-06",1.1666665722693839,0.31180474383874013,Inf,0.6909610754304631,1.9698807056574534,"No-take","2019-06-06","Pre-bloom","The Pages - The Pages Sanctuary Zone","Shark and ray richness","Poisson","poisson","Poisson used because the negative binomial dispersion parameter approached the Poisson boundary and the simpler Poisson model passed convergence, uncertainty, dispersion and AIC checks",NA,"sharks_rays"
"2021-05-20",0.5454544839751665,0.2226808546504338,Inf,0.24505126610176492,1.2141157188106948,"No-take","2021-05-20","Pre-bloom","The Pages - The Pages Sanctuary Zone","Shark and ray richness","Poisson","poisson","Poisson used because the negative binomial dispersion parameter approached the Poisson boundary and the simpler Poisson model passed convergence, uncertainty, dispersion and AIC checks",NA,"sharks_rays"
"2025-04-09",1.3750000338243165,0.4145780697401315,Inf,0.7614752836449503,2.4828449900133656,"No-take","2025-04-09","Bloom","The Pages - The Pages Sanctuary Zone","Shark and ray richness","Poisson","poisson","Poisson used because the negative binomial dispersion parameter approached the Poisson boundary and the simpler Poisson model passed convergence, uncertainty, dispersion and AIC checks",NA,"sharks_rays"
"2026-03-01",0.4999999957059636,0.20412412739368038,Inf,0.22463036000371947,1.112939478447277,"No-take","2026-03-01","Bloom","The Pages - The Pages Sanctuary Zone","Shark and ray richness","Poisson","poisson","Poisson used because the negative binomial dispersion parameter approached the Poisson boundary and the simpler Poisson model passed convergence, uncertainty, dispersion and AIC checks",NA,"sharks_rays"
"2017-11-28",0.1473248591081362,0.09507155291719957,Inf,0.04158908616353273,0.5218824483396272,"Not modelled by Status","2017-11-28","Pre-bloom","Victor Harbor - Encounter Bay Sanctuary Zone","Shark and ray richness","Poisson","poisson","Poisson used because the negative binomial dispersion parameter approached the Poisson boundary and the simpler Poisson model passed convergence, uncertainty, dispersion and AIC checks",NA,"sharks_rays"
"2018-11-27",0.2608014172414667,0.29052386510335215,Inf,0.029383296697863763,2.3148314477627228,"Not modelled by Status","2018-11-27","Pre-bloom","Victor Harbor - Encounter Bay Sanctuary Zone","Shark and ray richness","Poisson","poisson","Poisson used because the negative binomial dispersion parameter approached the Poisson boundary and the simpler Poisson model passed convergence, uncertainty, dispersion and AIC checks",NA,"sharks_rays"
"2021-11-23",1.0627217428744011,0.6854793371502542,Inf,0.30017567607088647,3.762388470514521,"Not modelled by Status","2021-11-23","Pre-bloom","Victor Harbor - Encounter Bay Sanctuary Zone","Shark and ray richness","Poisson","poisson","Poisson used because the negative binomial dispersion parameter approached the Poisson boundary and the simpler Poisson model passed convergence, uncertainty, dispersion and AIC checks",NA,"sharks_rays"
"2026-01-23",0.3901438692725612,0.1620064018009963,Inf,0.17288813062773348,0.8804088411292507,"Not modelled by Status","2026-01-23","Bloom","Victor Harbor - Encounter Bay Sanctuary Zone","Shark and ray richness","Poisson","poisson","Poisson used because the negative binomial dispersion parameter approached the Poisson boundary and the simpler Poisson model passed convergence, uncertainty, dispersion and AIC checks",NA,"sharks_rays"
"2017-04-12",0.75461135429878,0.3155410101188673,Inf,0.33250111276824296,1.7125906475794075,"Not modelled by Status","2017-04-12","Pre-bloom","Windara Reef - Windara Shell fish Reef Sanctuary Zone","Shark and ray richness","Poisson","poisson","Poisson used because the negative binomial dispersion parameter approached the Poisson boundary and the simpler Poisson model passed convergence, uncertainty, dispersion and AIC checks",NA,"sharks_rays"
"2017-11-23",1.0564642014093724,0.404058075634544,Inf,0.49923152923885766,2.2356693107128174,"Not modelled by Status","2017-11-23","Pre-bloom","Windara Reef - Windara Shell fish Reef Sanctuary Zone","Shark and ray richness","Poisson","poisson","Poisson used because the negative binomial dispersion parameter approached the Poisson boundary and the simpler Poisson model passed convergence, uncertainty, dispersion and AIC checks",NA,"sharks_rays"
"2018-04-24",0.6036898845389921,0.2698767912061873,Inf,0.2513553636397309,1.4499053110203677,"Not modelled by Status","2018-04-24","Pre-bloom","Windara Reef - Windara Shell fish Reef Sanctuary Zone","Shark and ray richness","Poisson","poisson","Poisson used because the negative binomial dispersion parameter approached the Poisson boundary and the simpler Poisson model passed convergence, uncertainty, dispersion and AIC checks",NA,"sharks_rays"
"2018-11-29",0.9055381206983346,0.3601522134449833,Inf,0.4153032821283106,1.974458963665324,"Not modelled by Status","2018-11-29","Pre-bloom","Windara Reef - Windara Shell fish Reef Sanctuary Zone","Shark and ray richness","Poisson","poisson","Poisson used because the negative binomial dispersion parameter approached the Poisson boundary and the simpler Poisson model passed convergence, uncertainty, dispersion and AIC checks",NA,"sharks_rays"
"2019-10-22",0.7546064675474571,0.31553953979827914,Inf,0.33249846462607435,1.7125821062206399,"Not modelled by Status","2019-10-22","Pre-bloom","Windara Reef - Windara Shell fish Reef Sanctuary Zone","Shark and ray richness","Poisson","poisson","Poisson used because the negative binomial dispersion parameter approached the Poisson boundary and the simpler Poisson model passed convergence, uncertainty, dispersion and AIC checks",NA,"sharks_rays"
"2020-10-28",0.6791486182233337,0.29287067199780814,Inf,0.29167513565729575,1.5813581250086457,"Not modelled by Status","2020-10-28","Pre-bloom","Windara Reef - Windara Shell fish Reef Sanctuary Zone","Shark and ray richness","Poisson","poisson","Poisson used because the negative binomial dispersion parameter approached the Poisson boundary and the simpler Poisson model passed convergence, uncertainty, dispersion and AIC checks",NA,"sharks_rays"
"2014-09-03",4.746697023368409,1.6763203607513613,Inf,2.375665704679668,9.48413431539291,"Not modelled by Status","2014-09-03","Pre-bloom","Aldinga - Aldinga Reef Sanctuary Zone","Reef associated species richness","Negative binomial (nbinom2)","nbinom2","Negative binomial converged with finite uncertainty and did not approach the Poisson boundary",NA,"reef_associated_richness"
"2015-12-10",2.7981202567610226,0.9951031303930025,Inf,1.393642081782237,5.617996954629677,"Not modelled by Status","2015-12-10","Pre-bloom","Aldinga - Aldinga Reef Sanctuary Zone","Reef associated species richness","Negative binomial (nbinom2)","nbinom2","Negative binomial converged with finite uncertainty and did not approach the Poisson boundary",NA,"reef_associated_richness"
"2016-02-12",7.302745449251614,2.627175958512512,Inf,3.6079861298773923,14.781124199714553,"Not modelled by Status","2016-02-12","Pre-bloom","Aldinga - Aldinga Reef Sanctuary Zone","Reef associated species richness","Negative binomial (nbinom2)","nbinom2","Negative binomial converged with finite uncertainty and did not approach the Poisson boundary",NA,"reef_associated_richness"
"2016-11-19",3.7385092016212464,1.3860534759460594,Inf,1.8076536022131116,7.73181932284778,"Not modelled by Status","2016-11-19","Pre-bloom","Aldinga - Aldinga Reef Sanctuary Zone","Reef associated species richness","Negative binomial (nbinom2)","nbinom2","Negative binomial converged with finite uncertainty and did not approach the Poisson boundary",NA,"reef_associated_richness"
"2019-12-07",7.482010122215393,2.6597992242086157,Inf,3.727541115679194,15.018070554195193,"Not modelled by Status","2019-12-07","Pre-bloom","Aldinga - Aldinga Reef Sanctuary Zone","Reef associated species richness","Negative binomial (nbinom2)","nbinom2","Negative binomial converged with finite uncertainty and did not approach the Poisson boundary",NA,"reef_associated_richness"
"2020-11-26",4.460160472917234,1.6418061937060222,Inf,2.167799766370047,9.176600049867114,"Not modelled by Status","2020-11-26","Pre-bloom","Aldinga - Aldinga Reef Sanctuary Zone","Reef associated species richness","Negative binomial (nbinom2)","nbinom2","Negative binomial converged with finite uncertainty and did not approach the Poisson boundary",NA,"reef_associated_richness"
"2021-11-22",4.595475840752021,1.8171146020376048,Inf,2.1171598219816623,9.974871988251065,"Not modelled by Status","2021-11-22","Pre-bloom","Aldinga - Aldinga Reef Sanctuary Zone","Reef associated species richness","Negative binomial (nbinom2)","nbinom2","Negative binomial converged with finite uncertainty and did not approach the Poisson boundary",NA,"reef_associated_richness"
"2025-02-06",2.9083328103293993,1.0046177668971725,Inf,1.4778004298753167,5.723641409653768,"Not modelled by Status","2025-02-06","Pre-bloom","Aldinga - Aldinga Reef Sanctuary Zone","Reef associated species richness","Negative binomial (nbinom2)","nbinom2","Negative binomial converged with finite uncertainty and did not approach the Poisson boundary",NA,"reef_associated_richness"
"2026-02-21",2.2726089142091555,0.7540014493793609,Inf,1.186082318629094,4.354462751719017,"Not modelled by Status","2026-02-21","Bloom","Aldinga - Aldinga Reef Sanctuary Zone","Reef associated species richness","Negative binomial (nbinom2)","nbinom2","Negative binomial converged with finite uncertainty and did not approach the Poisson boundary",NA,"reef_associated_richness"
"2016-05-24",0.8051558345368809,0.2910554108448447,Inf,0.39644184767862845,1.6352358402241618,"Fished","2016-05-24","Pre-bloom","Bay of Shoals - Bay of Shoals Sanctuary Zone","Reef associated species richness","Poisson","poisson","Poisson used because the negative binomial dispersion parameter approached the Poisson boundary and the simpler Poisson model passed convergence, uncertainty, dispersion and AIC checks",NA,"reef_associated_richness"
"2017-04-05",0.16103135525781986,0.1173071715146616,Inf,0.03862176974265998,0.6714114228568814,"Fished","2017-04-05","Pre-bloom","Bay of Shoals - Bay of Shoals Sanctuary Zone","Reef associated species richness","Poisson","poisson","Poisson used because the negative binomial dispersion parameter approached the Poisson boundary and the simpler Poisson model passed convergence, uncertainty, dispersion and AIC checks",NA,"reef_associated_richness"
"2018-03-28",0.08051501958124792,0.08174089270117535,Inf,0.011008178888041299,0.5888956242536324,"Fished","2018-03-28","Pre-bloom","Bay of Shoals - Bay of Shoals Sanctuary Zone","Reef associated species richness","Poisson","poisson","Poisson used because the negative binomial dispersion parameter approached the Poisson boundary and the simpler Poisson model passed convergence, uncertainty, dispersion and AIC checks",NA,"reef_associated_richness"
"2026-03-24",0.08051580236621371,0.08174130187760545,Inf,0.011008389222213883,0.5888958229777634,"Fished","2026-03-24","Bloom","Bay of Shoals - Bay of Shoals Sanctuary Zone","Reef associated species richness","Poisson","poisson","Poisson used because the negative binomial dispersion parameter approached the Poisson boundary and the simpler Poisson model passed convergence, uncertainty, dispersion and AIC checks",NA,"reef_associated_richness"
"2016-05-24",0.3391986826690731,0.1829852014916856,Inf,0.11783173213321371,0.9764411015732097,"No-take","2016-05-24","Pre-bloom","Bay of Shoals - Bay of Shoals Sanctuary Zone","Reef associated species richness","Poisson","poisson","Poisson used because the negative binomial dispersion parameter approached the Poisson boundary and the simpler Poisson model passed convergence, uncertainty, dispersion and AIC checks",NA,"reef_associated_richness"
"2017-04-05",0.5589194878242099,0.23522639774217524,Inf,0.24497020650363888,1.2752203556845052,"No-take","2017-04-05","Pre-bloom","Bay of Shoals - Bay of Shoals Sanctuary Zone","Reef associated species richness","Poisson","poisson","Poisson used because the negative binomial dispersion parameter approached the Poisson boundary and the simpler Poisson model passed convergence, uncertainty, dispersion and AIC checks",NA,"reef_associated_richness"
"2018-03-28",0.31938225085718985,0.17028368128291096,Inf,0.11232573201031774,0.9081180272498485,"No-take","2018-03-28","Pre-bloom","Bay of Shoals - Bay of Shoals Sanctuary Zone","Reef associated species richness","Poisson","poisson","Poisson used because the negative binomial dispersion parameter approached the Poisson boundary and the simpler Poisson model passed convergence, uncertainty, dispersion and AIC checks",NA,"reef_associated_richness"
"2026-03-24",0.39922876769471,0.19323048512049476,Inf,0.15460810645342818,1.0308877885587908,"No-take","2026-03-24","Bloom","Bay of Shoals - Bay of Shoals Sanctuary Zone","Reef associated species richness","Poisson","poisson","Poisson used because the negative binomial dispersion parameter approached the Poisson boundary and the simpler Poisson model passed convergence, uncertainty, dispersion and AIC checks",NA,"reef_associated_richness"
"2021-10-11",0.20833333102515544,0.09316949088001986,Inf,0.08671413263563994,0.5005271401192362,"Not modelled by Status","2021-10-11","Pre-bloom","Boston Bay","Reef associated species richness","Poisson","poisson","Poisson fallback used because the negative binomial fit did not provide a reliable Hessian and standard errors; the Poisson dispersion check was acceptable",NA,"reef_associated_richness"
"2024-03-25",0.7391304298823528,0.1792654473208637,Inf,0.45948823896030994,1.188961427204803,"Not modelled by Status","2024-03-25","Pre-bloom","Boston Bay","Reef associated species richness","Poisson","poisson","Poisson fallback used because the negative binomial fit did not provide a reliable Hessian and standard errors; the Poisson dispersion check was acceptable",NA,"reef_associated_richness"
"2024-11-14",0.4166666611146628,0.13176155764139957,Inf,0.2241894698757448,0.774394562691387,"Not modelled by Status","2024-11-14","Pre-bloom","Boston Bay","Reef associated species richness","Poisson","poisson","Poisson fallback used because the negative binomial fit did not provide a reliable Hessian and standard errors; the Poisson dispersion check was acceptable",NA,"reef_associated_richness"
"2025-11-11",0.2727272708941717,0.11134043335112408,Inf,0.12252565112270433,0.6070578985529674,"Not modelled by Status","2025-11-11","Bloom","Boston Bay","Reef associated species richness","Poisson","poisson","Poisson fallback used because the negative binomial fit did not provide a reliable Hessian and standard errors; the Poisson dispersion check was acceptable",NA,"reef_associated_richness"
"2017-01-12",2.747420845190727,0.48916978528572724,Inf,1.9380786015522322,3.8947446685304614,"Fished","2017-01-12","Pre-bloom","Cape Elizabeth - Cape Elizabeth Sanctuary Zone","Reef associated species richness","Negative binomial (nbinom2)","nbinom2","Negative binomial converged with finite uncertainty and did not approach the Poisson boundary",NA,"reef_associated_richness"
"2026-03-10",1.665109669745615,0.3774933095951089,Inf,1.067748166427831,2.5966705441003914,"Fished","2026-03-10","Bloom","Cape Elizabeth - Cape Elizabeth Sanctuary Zone","Reef associated species richness","Negative binomial (nbinom2)","nbinom2","Negative binomial converged with finite uncertainty and did not approach the Poisson boundary",NA,"reef_associated_richness"
"2017-01-12",2.913737179853213,0.5048491875504664,Inf,2.0747548564229485,4.091984326233217,"No-take","2017-01-12","Pre-bloom","Cape Elizabeth - Cape Elizabeth Sanctuary Zone","Reef associated species richness","Negative binomial (nbinom2)","nbinom2","Negative binomial converged with finite uncertainty and did not approach the Poisson boundary",NA,"reef_associated_richness"
"2026-03-10",2.330955853114518,0.44939486859259264,Inf,1.597450065085105,3.40126762515069,"No-take","2026-03-10","Bloom","Cape Elizabeth - Cape Elizabeth Sanctuary Zone","Reef associated species richness","Negative binomial (nbinom2)","nbinom2","Negative binomial converged with finite uncertainty and did not approach the Poisson boundary",NA,"reef_associated_richness"
"2015-12-10",5.219479092104514,0.6481659252826631,Inf,4.091882542753651,6.6578064517421085,"Not modelled by Status","2015-12-10","Pre-bloom","Carrickalinga - Carrickalinga Cliffs Sanctuary Zone","Reef associated species richness","Negative binomial (nbinom2)","nbinom2","Negative binomial converged with finite uncertainty and did not approach the Poisson boundary",NA,"reef_associated_richness"
"2016-12-06",4.220818552553269,0.5246851102768844,Inf,3.308146972068107,5.385283484681616,"Not modelled by Status","2016-12-06","Pre-bloom","Carrickalinga - Carrickalinga Cliffs Sanctuary Zone","Reef associated species richness","Negative binomial (nbinom2)","nbinom2","Negative binomial converged with finite uncertainty and did not approach the Poisson boundary",NA,"reef_associated_richness"
"2017-12-05",6.515399602677424,0.7147373304678197,Inf,5.254900652446441,8.078255858710888,"Not modelled by Status","2017-12-05","Pre-bloom","Carrickalinga - Carrickalinga Cliffs Sanctuary Zone","Reef associated species richness","Negative binomial (nbinom2)","nbinom2","Negative binomial converged with finite uncertainty and did not approach the Poisson boundary",NA,"reef_associated_richness"
"2018-12-11",6.763208462202121,0.7421098354755251,Inf,5.4544701800912705,8.385963657873912,"Not modelled by Status","2018-12-11","Pre-bloom","Carrickalinga - Carrickalinga Cliffs Sanctuary Zone","Reef associated species richness","Negative binomial (nbinom2)","nbinom2","Negative binomial converged with finite uncertainty and did not approach the Poisson boundary",NA,"reef_associated_richness"
"2020-12-04",6.926945660422602,0.7481124313913281,Inf,5.6054661129746215,8.559961868538505,"Not modelled by Status","2020-12-04","Pre-bloom","Carrickalinga - Carrickalinga Cliffs Sanctuary Zone","Reef associated species richness","Negative binomial (nbinom2)","nbinom2","Negative binomial converged with finite uncertainty and did not approach the Poisson boundary",NA,"reef_associated_richness"
"2025-02-06",9.806081216255249,2.142609082311835,Inf,6.390129441383803,15.048087789434579,"Not modelled by Status","2025-02-06","Pre-bloom","Carrickalinga - Carrickalinga Cliffs Sanctuary Zone","Reef associated species richness","Negative binomial (nbinom2)","nbinom2","Negative binomial converged with finite uncertainty and did not approach the Poisson boundary",NA,"reef_associated_richness"
"2025-02-20",9.862629235013445,0.9919119582488272,Inf,8.098134928612705,12.011587394482389,"Not modelled by Status","2025-02-20","Pre-bloom","Carrickalinga - Carrickalinga Cliffs Sanctuary Zone","Reef associated species richness","Negative binomial (nbinom2)","nbinom2","Negative binomial converged with finite uncertainty and did not approach the Poisson boundary",NA,"reef_associated_richness"
"2025-12-17",6.311629781051951,0.6982138950690606,Inf,5.081345377285173,7.839787996136089,"Not modelled by Status","2025-12-17","Bloom","Carrickalinga - Carrickalinga Cliffs Sanctuary Zone","Reef associated species richness","Negative binomial (nbinom2)","nbinom2","Negative binomial converged with finite uncertainty and did not approach the Poisson boundary",NA,"reef_associated_richness"
"2015-11-15",7.527443393619415,1.5042102932337933,Inf,5.088054437216346,11.13635963280777,"Fished","2015-11-15","Pre-bloom","Chinamans Hat - Chinamans Hat Sanctuary Zone","Reef associated species richness","Negative binomial (nbinom2)","nbinom2","Negative binomial converged with finite uncertainty and did not approach the Poisson boundary",NA,"reef_associated_richness"
"2025-12-04",5.771185397199404,1.2283776283659948,Inf,3.802678480373281,8.758716010504832,"Fished","2025-12-04","Bloom","Chinamans Hat - Chinamans Hat Sanctuary Zone","Reef associated species richness","Negative binomial (nbinom2)","nbinom2","Negative binomial converged with finite uncertainty and did not approach the Poisson boundary",NA,"reef_associated_richness"
"2015-11-15",6.5005920882169645,1.3285984667913777,Inf,4.354951946404236,9.703367113448868,"No-take","2015-11-15","Pre-bloom","Chinamans Hat - Chinamans Hat Sanctuary Zone","Reef associated species richness","Negative binomial (nbinom2)","nbinom2","Negative binomial converged with finite uncertainty and did not approach the Poisson boundary",NA,"reef_associated_richness"
"2025-12-04",4.896918009339384,1.0780403555391789,Inf,3.180779905349926,7.538970536710024,"No-take","2025-12-04","Bloom","Chinamans Hat - Chinamans Hat Sanctuary Zone","Reef associated species richness","Negative binomial (nbinom2)","nbinom2","Negative binomial converged with finite uncertainty and did not approach the Poisson boundary",NA,"reef_associated_richness"
"2017-01-12",0.3750000000057216,0.21650633290559848,Inf,0.1209455429731136,1.1627133712199083,"Fished","2017-01-12","Pre-bloom","Cuttlefish Coast - Fairway Bank Sanctuary Zone","Reef associated species richness","Poisson","poisson","Poisson fallback used because the negative binomial fit did not provide a reliable Hessian and standard errors; the Poisson dispersion check was acceptable",NA,"reef_associated_richness"
"2026-02-16",0.625000000006205,0.2795084738965264,Inf,0.2601424022952339,1.5015814283303135,"Fished","2026-02-16","Bloom","Cuttlefish Coast - Fairway Bank Sanctuary Zone","Reef associated species richness","Poisson","poisson","Poisson fallback used because the negative binomial fit did not provide a reliable Hessian and standard errors; the Poisson dispersion check was acceptable",NA,"reef_associated_richness"
"2017-01-12",3.31149567020819e-10,6.433791792852032e-6,Inf,2.220446049250313e-16,NA,"No-take","2017-01-12","Pre-bloom","Cuttlefish Coast - Fairway Bank Sanctuary Zone","Reef associated species richness","Poisson","poisson","Poisson fallback used because the negative binomial fit did not provide a reliable Hessian and standard errors; the Poisson dispersion check was acceptable",NA,"reef_associated_richness"
"2026-02-16",0.5000000000014989,0.20412410830777447,Inf,0.22463038028348595,1.11293939709311,"No-take","2026-02-16","Bloom","Cuttlefish Coast - Fairway Bank Sanctuary Zone","Reef associated species richness","Poisson","poisson","Poisson fallback used because the negative binomial fit did not provide a reliable Hessian and standard errors; the Poisson dispersion check was acceptable",NA,"reef_associated_richness"
"2016-01-19",7.166646780819126,2.5811871667844217,Inf,3.5378677252405177,14.517452338479792,"Not modelled by Status","2016-01-19","Pre-bloom","Dangerous Reef - Dangerous Reef Sanctuary Zone","Reef associated species richness","Negative binomial (nbinom2)","nbinom2","Negative binomial converged with finite uncertainty and did not approach the Poisson boundary",NA,"reef_associated_richness"
"2019-02-16",6.0000290507406335,1.6235953679290278,Inf,3.530368081213267,10.197335739949093,"Not modelled by Status","2019-02-16","Pre-bloom","Dangerous Reef - Dangerous Reef Sanctuary Zone","Reef associated species richness","Negative binomial (nbinom2)","nbinom2","Negative binomial converged with finite uncertainty and did not approach the Poisson boundary",NA,"reef_associated_richness"
"2020-04-10",4.999996299297663,1.3219186339887001,Inf,2.978006765670232,8.394864404333825,"Not modelled by Status","2020-04-10","Pre-bloom","Dangerous Reef - Dangerous Reef Sanctuary Zone","Reef associated species richness","Negative binomial (nbinom2)","nbinom2","Negative binomial converged with finite uncertainty and did not approach the Poisson boundary",NA,"reef_associated_richness"
"2022-03-16",10.083349299614873,2.5005232086220985,Inf,6.201821663419778,16.394204576656474,"Not modelled by Status","2022-03-16","Pre-bloom","Dangerous Reef - Dangerous Reef Sanctuary Zone","Reef associated species richness","Negative binomial (nbinom2)","nbinom2","Negative binomial converged with finite uncertainty and did not approach the Poisson boundary",NA,"reef_associated_richness"
"2025-11-10",15.583308567255443,3.7716671095846217,Inf,9.69708570301315,25.042524459368245,"Not modelled by Status","2025-11-10","Bloom","Dangerous Reef - Dangerous Reef Sanctuary Zone","Reef associated species richness","Negative binomial (nbinom2)","nbinom2","Negative binomial converged with finite uncertainty and did not approach the Poisson boundary",NA,"reef_associated_richness"
"2026-04-08",15.250042508663979,3.694693077188547,Inf,9.485206992007793,24.518578952680308,"Not modelled by Status","2026-04-08","Bloom","Dangerous Reef - Dangerous Reef Sanctuary Zone","Reef associated species richness","Negative binomial (nbinom2)","nbinom2","Negative binomial converged with finite uncertainty and did not approach the Poisson boundary",NA,"reef_associated_richness"
"2020-10-13",1.1966542112049912,0.8953519568784957,Inf,0.27611424490093706,5.1861913234806085,"Not modelled by Status","2020-10-13","Pre-bloom","Glenelg","Reef associated species richness","Negative binomial (nbinom2)","nbinom2","Negative binomial converged with finite uncertainty and did not approach the Poisson boundary",NA,"reef_associated_richness"
"2021-10-25",0.634374577258029,0.4753138422707724,Inf,0.1460734724359248,2.7549910162355427,"Not modelled by Status","2021-10-25","Pre-bloom","Glenelg","Reef associated species richness","Negative binomial (nbinom2)","nbinom2","Negative binomial converged with finite uncertainty and did not approach the Poisson boundary",NA,"reef_associated_richness"
"2022-12-02",0.4551784351328094,0.34730585878826375,Inf,0.10202487887825283,2.0307537738632524,"Not modelled by Status","2022-12-02","Pre-bloom","Glenelg","Reef associated species richness","Negative binomial (nbinom2)","nbinom2","Negative binomial converged with finite uncertainty and did not approach the Poisson boundary",NA,"reef_associated_richness"
"2023-11-23",0.8747652979591296,0.6421986298259403,Inf,0.20748751488253148,3.68800179108005,"Not modelled by Status","2023-11-23","Pre-bloom","Glenelg","Reef associated species richness","Negative binomial (nbinom2)","nbinom2","Negative binomial converged with finite uncertainty and did not approach the Poisson boundary",NA,"reef_associated_richness"
"2025-10-21",0.12020137876789617,0.11133199532303432,Inf,0.019566633544196937,0.7384188713437795,"Not modelled by Status","2025-10-21","Bloom","Glenelg","Reef associated species richness","Negative binomial (nbinom2)","nbinom2","Negative binomial converged with finite uncertainty and did not approach the Poisson boundary",NA,"reef_associated_richness"
"2026-03-20",0.5524439914681882,0.4181513784294688,Inf,0.12531520197783402,2.435413731873384,"Not modelled by Status","2026-03-20","Bloom","Glenelg","Reef associated species richness","Negative binomial (nbinom2)","nbinom2","Negative binomial converged with finite uncertainty and did not approach the Poisson boundary",NA,"reef_associated_richness"
"2015-01-07",1.3071165385762153,0.2969017273657773,Inf,0.8374719258231298,2.0401324423384977,"Not modelled by Status","2015-01-07","Pre-bloom","Middle/Long Spit - Middle Spit Sanctuary Zone","Reef associated species richness","Poisson","poisson","Poisson fallback used because the negative binomial fit did not provide a reliable Hessian and standard errors; the Poisson dispersion check was acceptable",NA,"reef_associated_richness"
"2016-01-10",1.2379762347018173,0.29528449612678986,Inf,0.7756790505204149,1.9757980528908887,"Not modelled by Status","2016-01-10","Pre-bloom","Middle/Long Spit - Middle Spit Sanctuary Zone","Reef associated species richness","Poisson","poisson","Poisson fallback used because the negative binomial fit did not provide a reliable Hessian and standard errors; the Poisson dispersion check was acceptable",NA,"reef_associated_richness"
"2016-03-11",1.2764080452284112,0.5581930711020666,Inf,0.5416838306458718,3.0076908442720756,"Not modelled by Status","2016-03-11","Pre-bloom","Middle/Long Spit - Middle Spit Sanctuary Zone","Reef associated species richness","Poisson","poisson","Poisson fallback used because the negative binomial fit did not provide a reliable Hessian and standard errors; the Poisson dispersion check was acceptable",NA,"reef_associated_richness"
"2026-01-26",0.4412916939748173,0.1455477193587467,Inf,0.23119622468827122,0.8423076952650735,"Not modelled by Status","2026-01-26","Bloom","Middle/Long Spit - Middle Spit Sanctuary Zone","Reef associated species richness","Poisson","poisson","Poisson fallback used because the negative binomial fit did not provide a reliable Hessian and standard errors; the Poisson dispersion check was acceptable",NA,"reef_associated_richness"
"2015-04-28",3.742732308988583,3.532232119340768,Inf,0.5886549868057286,23.796698321983346,"Not modelled by Status","2015-04-28","Pre-bloom","O'Sullivan","Reef associated species richness","Negative binomial (nbinom2)","nbinom2","Negative binomial converged with finite uncertainty and did not approach the Poisson boundary",NA,"reef_associated_richness"
"2015-10-09",3.5785082233194454,3.380985130237233,Inf,0.5616739595200989,22.79920741795873,"Not modelled by Status","2015-10-09","Pre-bloom","O'Sullivan","Reef associated species richness","Negative binomial (nbinom2)","nbinom2","Negative binomial converged with finite uncertainty and did not approach the Poisson boundary",NA,"reef_associated_richness"
"2021-10-12",0.7003365247149866,0.56236574441734,Inf,0.14514343219711226,3.3792176499159803,"Not modelled by Status","2021-10-12","Pre-bloom","O'Sullivan","Reef associated species richness","Negative binomial (nbinom2)","nbinom2","Negative binomial converged with finite uncertainty and did not approach the Poisson boundary",NA,"reef_associated_richness"
"2022-12-01",0.6926075655295114,0.5467940364212205,Inf,0.14739669502519748,3.254518289889137,"Not modelled by Status","2022-12-01","Pre-bloom","O'Sullivan","Reef associated species richness","Negative binomial (nbinom2)","nbinom2","Negative binomial converged with finite uncertainty and did not approach the Poisson boundary",NA,"reef_associated_richness"
"2023-12-01",0.8315940548784323,0.6517899684288888,Inf,0.17895893033521348,3.8642870228034547,"Not modelled by Status","2023-12-01","Pre-bloom","O'Sullivan","Reef associated species richness","Negative binomial (nbinom2)","nbinom2","Negative binomial converged with finite uncertainty and did not approach the Poisson boundary",NA,"reef_associated_richness"
"2024-12-19",0.6833913181522288,0.5427968353471625,Inf,0.14407415774913532,3.241550747352148,"Not modelled by Status","2024-12-19","Pre-bloom","O'Sullivan","Reef associated species richness","Negative binomial (nbinom2)","nbinom2","Negative binomial converged with finite uncertainty and did not approach the Poisson boundary",NA,"reef_associated_richness"
"2025-02-04",0.7718678882946045,0.6091699220881843,Inf,0.1643469768720602,3.625135358858296,"Not modelled by Status","2025-02-04","Pre-bloom","O'Sullivan","Reef associated species richness","Negative binomial (nbinom2)","nbinom2","Negative binomial converged with finite uncertainty and did not approach the Poisson boundary",NA,"reef_associated_richness"
"2025-11-13",0.4192855243663708,0.3246583618966607,Inf,0.0919206708170239,1.912522497721197,"Not modelled by Status","2025-11-13","Bloom","O'Sullivan","Reef associated species richness","Negative binomial (nbinom2)","nbinom2","Negative binomial converged with finite uncertainty and did not approach the Poisson boundary",NA,"reef_associated_richness"
"2026-03-06",0.33930189658845566,0.26393601372290376,Inf,0.07386760123443745,1.5585422445646013,"Not modelled by Status","2026-03-06","Bloom","O'Sullivan","Reef associated species richness","Negative binomial (nbinom2)","nbinom2","Negative binomial converged with finite uncertainty and did not approach the Poisson boundary",NA,"reef_associated_richness"
"2014-09-03",0.5214259602274118,0.4195650524980418,Inf,0.10771443141689781,2.524128182478864,"Fished","2014-09-03","Pre-bloom","Offshore Ardrossan - Offshore Ardrossan Sanctuary Zone","Reef associated species richness","Negative binomial (nbinom2)","nbinom2","Negative binomial converged with finite uncertainty and did not approach the Poisson boundary",NA,"reef_associated_richness"
"2016-03-11",5.820570417275866e-10,8.453624555360288e-6,Inf,2.220446049250313e-16,NA,"Fished","2016-03-11","Pre-bloom","Offshore Ardrossan - Offshore Ardrossan Sanctuary Zone","Reef associated species richness","Negative binomial (nbinom2)","nbinom2","Negative binomial converged with finite uncertainty and did not approach the Poisson boundary",NA,"reef_associated_richness"
"2016-11-03",0.8997830498076591,0.5969067144163196,Inf,0.2451656149330518,3.3022964372155332,"Fished","2016-11-03","Pre-bloom","Offshore Ardrossan - Offshore Ardrossan Sanctuary Zone","Reef associated species richness","Negative binomial (nbinom2)","nbinom2","Negative binomial converged with finite uncertainty and did not approach the Poisson boundary",NA,"reef_associated_richness"
"2025-10-13",0.2928323343302987,0.2615598487390985,Inf,0.05085339771051929,1.6862349398454028,"Fished","2025-10-13","Bloom","Offshore Ardrossan - Offshore Ardrossan Sanctuary Zone","Reef associated species richness","Negative binomial (nbinom2)","nbinom2","Negative binomial converged with finite uncertainty and did not approach the Poisson boundary",NA,"reef_associated_richness"
"2014-09-03",0.9997054572844322,0.5622767105209884,Inf,0.33198636433864026,3.01039774123022,"No-take","2014-09-03","Pre-bloom","Offshore Ardrossan - Offshore Ardrossan Sanctuary Zone","Reef associated species richness","Negative binomial (nbinom2)","nbinom2","Negative binomial converged with finite uncertainty and did not approach the Poisson boundary",NA,"reef_associated_richness"
"2016-03-11",0.4682411224344594,0.29642605319049714,Inf,0.13539589228504087,1.6193234893500985,"No-take","2016-03-11","Pre-bloom","Offshore Ardrossan - Offshore Ardrossan Sanctuary Zone","Reef associated species richness","Negative binomial (nbinom2)","nbinom2","Negative binomial converged with finite uncertainty and did not approach the Poisson boundary",NA,"reef_associated_richness"
"2016-11-03",0.37438757229888,0.3593817093654392,Inf,0.057047546184496215,2.4570040898611336,"No-take","2016-11-03","Pre-bloom","Offshore Ardrossan - Offshore Ardrossan Sanctuary Zone","Reef associated species richness","Negative binomial (nbinom2)","nbinom2","Negative binomial converged with finite uncertainty and did not approach the Poisson boundary",NA,"reef_associated_richness"
"2025-10-13",0.13663273522178326,0.15572903301549723,Inf,0.014634777863034258,1.2756260811679552,"No-take","2025-10-13","Bloom","Offshore Ardrossan - Offshore Ardrossan Sanctuary Zone","Reef associated species richness","Negative binomial (nbinom2)","nbinom2","Negative binomial converged with finite uncertainty and did not approach the Poisson boundary",NA,"reef_associated_richness"
"2017-02-03",7.499999925586994,1.1439878129719705,Inf,5.5619365762390345,10.113383731146572,"No-take","2017-02-03","Pre-bloom","Orcades Bank - Orcades Bank Sanctuary Zone","Reef associated species richness","Negative binomial (nbinom2)","nbinom2","Negative binomial converged with finite uncertainty and did not approach the Poisson boundary","overall","reef_associated_richness"
"2017-02-03",2.083333333332776,0.41666663236261803,Inf,1.4077270894660792,3.083181257399565,"Fished","2017-02-03","Pre-bloom","Port Gibbon - Port Gibbon Sanctuary Zone","Reef associated species richness","Poisson","poisson","Poisson used because the negative binomial dispersion parameter approached the Poisson boundary and the simpler Poisson model passed convergence, uncertainty, dispersion and AIC checks",NA,"reef_associated_richness"
"2025-11-14",0.9999999999993331,0.28867511063788936,Inf,0.5679097179960836,1.7608432613677556,"Fished","2025-11-14","Bloom","Port Gibbon - Port Gibbon Sanctuary Zone","Reef associated species richness","Poisson","poisson","Poisson used because the negative binomial dispersion parameter approached the Poisson boundary and the simpler Poisson model passed convergence, uncertainty, dispersion and AIC checks",NA,"reef_associated_richness"
"2017-02-03",2.2500000000000333,0.4330126662837243,Inf,1.5430099202283214,3.280925115018732,"No-take","2017-02-03","Pre-bloom","Port Gibbon - Port Gibbon Sanctuary Zone","Reef associated species richness","Poisson","poisson","Poisson used because the negative binomial dispersion parameter approached the Poisson boundary and the simpler Poisson model passed convergence, uncertainty, dispersion and AIC checks",NA,"reef_associated_richness"
"2025-11-14",1.333333333332361,0.3333333057404544,Inf,0.816842580083675,2.1764019422115264,"No-take","2025-11-14","Bloom","Port Gibbon - Port Gibbon Sanctuary Zone","Reef associated species richness","Poisson","poisson","Poisson used because the negative binomial dispersion parameter approached the Poisson boundary and the simpler Poisson model passed convergence, uncertainty, dispersion and AIC checks",NA,"reef_associated_richness"
"2015-12-10",6.576234666867299,0.9049013740318861,Inf,5.021696754865833,8.612001979570488,"Fished","2015-12-10","Pre-bloom","Rapid Head - Rapid Head Sanctuary Zone","Reef associated species richness","Negative binomial (nbinom2)","nbinom2","Negative binomial converged with finite uncertainty and did not approach the Poisson boundary",NA,"reef_associated_richness"
"2016-12-06",5.015572703114575,0.7577901160559912,Inf,3.7300500143018045,6.744137328929829,"Fished","2016-12-06","Pre-bloom","Rapid Head - Rapid Head Sanctuary Zone","Reef associated species richness","Negative binomial (nbinom2)","nbinom2","Negative binomial converged with finite uncertainty and did not approach the Poisson boundary",NA,"reef_associated_richness"
"2017-12-05",5.1712022160974405,0.8290098112729677,Inf,3.776878671869857,7.080273072826028,"Fished","2017-12-05","Pre-bloom","Rapid Head - Rapid Head Sanctuary Zone","Reef associated species richness","Negative binomial (nbinom2)","nbinom2","Negative binomial converged with finite uncertainty and did not approach the Poisson boundary",NA,"reef_associated_richness"
"2018-12-11",5.3404191385894935,0.8130303852711652,Inf,3.9626674507713813,7.197191520641272,"Fished","2018-12-11","Pre-bloom","Rapid Head - Rapid Head Sanctuary Zone","Reef associated species richness","Negative binomial (nbinom2)","nbinom2","Negative binomial converged with finite uncertainty and did not approach the Poisson boundary",NA,"reef_associated_richness"
"2021-01-21",6.331590819068158,0.8823881510255239,Inf,4.81822437337663,8.320293783249788,"Fished","2021-01-21","Pre-bloom","Rapid Head - Rapid Head Sanctuary Zone","Reef associated species richness","Negative binomial (nbinom2)","nbinom2","Negative binomial converged with finite uncertainty and did not approach the Poisson boundary",NA,"reef_associated_richness"
"2025-02-27",7.647028895237626,1.0025132001551256,Inf,5.914275849318188,9.887440561525475,"Fished","2025-02-27","Pre-bloom","Rapid Head - Rapid Head Sanctuary Zone","Reef associated species richness","Negative binomial (nbinom2)","nbinom2","Negative binomial converged with finite uncertainty and did not approach the Poisson boundary",NA,"reef_associated_richness"
"2025-12-10",6.166333868149457,0.8669466681365179,Inf,4.681161262844972,8.122701021920827,"Fished","2025-12-10","Bloom","Rapid Head - Rapid Head Sanctuary Zone","Reef associated species richness","Negative binomial (nbinom2)","nbinom2","Negative binomial converged with finite uncertainty and did not approach the Poisson boundary",NA,"reef_associated_richness"
"2015-12-10",4.4769203072377355,0.7201417857612369,Inf,3.266314901970144,6.136216512764396,"No-take","2015-12-10","Pre-bloom","Rapid Head - Rapid Head Sanctuary Zone","Reef associated species richness","Negative binomial (nbinom2)","nbinom2","Negative binomial converged with finite uncertainty and did not approach the Poisson boundary",NA,"reef_associated_richness"
"2016-12-06",6.465586360220222,0.8960790390734252,Inf,4.927630419520523,8.483551610498713,"No-take","2016-12-06","Pre-bloom","Rapid Head - Rapid Head Sanctuary Zone","Reef associated species richness","Negative binomial (nbinom2)","nbinom2","Negative binomial converged with finite uncertainty and did not approach the Poisson boundary",NA,"reef_associated_richness"
"2017-12-05",7.294152631254009,0.9718266872101009,Inf,5.6177983421095865,9.470732014216521,"No-take","2017-12-05","Pre-bloom","Rapid Head - Rapid Head Sanctuary Zone","Reef associated species richness","Negative binomial (nbinom2)","nbinom2","Negative binomial converged with finite uncertainty and did not approach the Poisson boundary",NA,"reef_associated_richness"
"2018-12-11",6.631081562413789,0.9113230043358151,Inf,5.065263156070012,8.680939436422113,"No-take","2018-12-11","Pre-bloom","Rapid Head - Rapid Head Sanctuary Zone","Reef associated species richness","Negative binomial (nbinom2)","nbinom2","Negative binomial converged with finite uncertainty and did not approach the Poisson boundary",NA,"reef_associated_richness"
"2021-01-21",9.865760775646434,1.199876892225634,Inf,7.7733314157682125,12.521431349864116,"No-take","2021-01-21","Pre-bloom","Rapid Head - Rapid Head Sanctuary Zone","Reef associated species richness","Negative binomial (nbinom2)","nbinom2","Negative binomial converged with finite uncertainty and did not approach the Poisson boundary",NA,"reef_associated_richness"
"2025-02-27",9.937075710267562,1.235819537429529,Inf,7.787522905886068,12.679959322746196,"No-take","2025-02-27","Pre-bloom","Rapid Head - Rapid Head Sanctuary Zone","Reef associated species richness","Negative binomial (nbinom2)","nbinom2","Negative binomial converged with finite uncertainty and did not approach the Poisson boundary",NA,"reef_associated_richness"
"2025-12-10",6.382739272509185,0.8884221113782936,Inf,4.858779723079598,8.384689766304039,"No-take","2025-12-10","Bloom","Rapid Head - Rapid Head Sanctuary Zone","Reef associated species richness","Negative binomial (nbinom2)","nbinom2","Negative binomial converged with finite uncertainty and did not approach the Poisson boundary",NA,"reef_associated_richness"
"2016-01-20",10.82073421559305,1.209959710405784,Inf,8.6911358154589209,13.47215041286563,"Fished","2016-01-20","Pre-bloom","Sponge Gardens - Sponge Gardens Sanctuary Zone","Reef associated species richness","Negative binomial (nbinom2)","nbinom2","Negative binomial converged with finite uncertainty and did not approach the Poisson boundary",NA,"reef_associated_richness"
"2016-12-06",7.830841011647877,0.9733066992241967,Inf,6.137780033495987,9.99092027004073,"Fished","2016-12-06","Pre-bloom","Sponge Gardens - Sponge Gardens Sanctuary Zone","Reef associated species richness","Negative binomial (nbinom2)","nbinom2","Negative binomial converged with finite uncertainty and did not approach the Poisson boundary",NA,"reef_associated_richness"
"2017-12-05",12.5673775242821,2.3097123632448926,Inf,8.766080252160474,18.017058171342377,"Fished","2017-12-05","Pre-bloom","Sponge Gardens - Sponge Gardens Sanctuary Zone","Reef associated species richness","Negative binomial (nbinom2)","nbinom2","Negative binomial converged with finite uncertainty and did not approach the Poisson boundary",NA,"reef_associated_richness"
"2018-01-17",7.744847739348257,1.1897746996069618,Inf,5.731259504365523,10.46587865372328,"Fished","2018-01-17","Pre-bloom","Sponge Gardens - Sponge Gardens Sanctuary Zone","Reef associated species richness","Negative binomial (nbinom2)","nbinom2","Negative binomial converged with finite uncertainty and did not approach the Poisson boundary",NA,"reef_associated_richness"
"2019-01-22",10.150665649111238,1.1578130250291938,Inf,8.117160220713581,12.693603467024943,"Fished","2019-01-22","Pre-bloom","Sponge Gardens - Sponge Gardens Sanctuary Zone","Reef associated species richness","Negative binomial (nbinom2)","nbinom2","Negative binomial converged with finite uncertainty and did not approach the Poisson boundary",NA,"reef_associated_richness"
"2021-01-21",10.911814624350582,1.2171772564194907,Inf,8.768962832916205,13.578310304754034,"Fished","2021-01-21","Pre-bloom","Sponge Gardens - Sponge Gardens Sanctuary Zone","Reef associated species richness","Negative binomial (nbinom2)","nbinom2","Negative binomial converged with finite uncertainty and did not approach the Poisson boundary",NA,"reef_associated_richness"
"2025-04-02",8.234836820064956,1.0057320518452588,Inf,6.481814106595298,10.461968877524226,"Fished","2025-04-02","Bloom","Sponge Gardens - Sponge Gardens Sanctuary Zone","Reef associated species richness","Negative binomial (nbinom2)","nbinom2","Negative binomial converged with finite uncertainty and did not approach the Poisson boundary",NA,"reef_associated_richness"
"2026-01-27",10.397562179256457,1.1770172927123983,Inf,8.328646444896318,12.980416444229327,"Fished","2026-01-27","Bloom","Sponge Gardens - Sponge Gardens Sanctuary Zone","Reef associated species richness","Negative binomial (nbinom2)","nbinom2","Negative binomial converged with finite uncertainty and did not approach the Poisson boundary",NA,"reef_associated_richness"
"2016-01-20",15.032146388785552,1.659254608245206,Inf,12.107793737938595,18.662807605140962,"No-take","2016-01-20","Pre-bloom","Sponge Gardens - Sponge Gardens Sanctuary Zone","Reef associated species richness","Negative binomial (nbinom2)","nbinom2","Negative binomial converged with finite uncertainty and did not approach the Poisson boundary",NA,"reef_associated_richness"
"2016-12-06",9.639380578053917,1.1639373543365452,Inf,7.607958188882234,12.213218792966916,"No-take","2016-12-06","Pre-bloom","Sponge Gardens - Sponge Gardens Sanctuary Zone","Reef associated species richness","Negative binomial (nbinom2)","nbinom2","Negative binomial converged with finite uncertainty and did not approach the Poisson boundary",NA,"reef_associated_richness"
"2017-12-05",13.409715944310527,2.4089361642587153,Inf,9.429937063080377,19.06910730201161,"No-take","2017-12-05","Pre-bloom","Sponge Gardens - Sponge Gardens Sanctuary Zone","Reef associated species richness","Negative binomial (nbinom2)","nbinom2","Negative binomial converged with finite uncertainty and did not approach the Poisson boundary",NA,"reef_associated_richness"
"2018-01-17",11.23043634023282,1.519563926816124,Inf,8.614350763996436,14.640998938556121,"No-take","2018-01-17","Pre-bloom","Sponge Gardens - Sponge Gardens Sanctuary Zone","Reef associated species richness","Negative binomial (nbinom2)","nbinom2","Negative binomial converged with finite uncertainty and did not approach the Poisson boundary",NA,"reef_associated_richness"
"2019-01-22",11.29014029304363,1.246173909503904,Inf,9.093814854292123,14.016919178472714,"No-take","2019-01-22","Pre-bloom","Sponge Gardens - Sponge Gardens Sanctuary Zone","Reef associated species richness","Negative binomial (nbinom2)","nbinom2","Negative binomial converged with finite uncertainty and did not approach the Poisson boundary",NA,"reef_associated_richness"
"2021-01-21",10.972743272201043,1.221721984745542,Inf,8.821473606984405,13.648637436528249,"No-take","2021-01-21","Pre-bloom","Sponge Gardens - Sponge Gardens Sanctuary Zone","Reef associated species richness","Negative binomial (nbinom2)","nbinom2","Negative binomial converged with finite uncertainty and did not approach the Poisson boundary",NA,"reef_associated_richness"
"2025-04-02",12.635719873721422,1.4040449351559916,Inf,10.162882776929177,15.710248777995046,"No-take","2025-04-02","Bloom","Sponge Gardens - Sponge Gardens Sanctuary Zone","Reef associated species richness","Negative binomial (nbinom2)","nbinom2","Negative binomial converged with finite uncertainty and did not approach the Poisson boundary",NA,"reef_associated_richness"
"2026-01-27",11.178788006916175,1.2886781057608194,Inf,8.918034826049873,14.012650067091595,"No-take","2026-01-27","Bloom","Sponge Gardens - Sponge Gardens Sanctuary Zone","Reef associated species richness","Negative binomial (nbinom2)","nbinom2","Negative binomial converged with finite uncertainty and did not approach the Poisson boundary",NA,"reef_associated_richness"
"2016-04-19",6.03027533122338,1.9752942963261555,Inf,3.1733291486434303,11.459328316417045,"Fished","2016-04-19","Pre-bloom","The Pages - The Pages Sanctuary Zone","Reef associated species richness","Poisson","poisson","Poisson used because the negative binomial dispersion parameter approached the Poisson boundary and the simpler Poisson model passed convergence, uncertainty, dispersion and AIC checks",NA,"reef_associated_richness"
"2017-06-02",6.532859163651289,2.130769661924151,Inf,3.447258058550898,12.380346387541124,"Fished","2017-06-02","Pre-bloom","The Pages - The Pages Sanctuary Zone","Reef associated species richness","Poisson","poisson","Poisson used because the negative binomial dispersion parameter approached the Poisson boundary and the simpler Poisson model passed convergence, uncertainty, dispersion and AIC checks",NA,"reef_associated_richness"
"2018-06-26",5.548470369915252,1.8387051171737627,Inf,2.897970578500097,10.623131813077674,"Fished","2018-06-26","Pre-bloom","The Pages - The Pages Sanctuary Zone","Reef associated species richness","Poisson","poisson","Poisson used because the negative binomial dispersion parameter approached the Poisson boundary and the simpler Poisson model passed convergence, uncertainty, dispersion and AIC checks",NA,"reef_associated_richness"
"2019-06-06",5.8149162712894205,1.9086601032612012,Inf,3.055970600649911,11.064652007750144,"Fished","2019-06-06","Pre-bloom","The Pages - The Pages Sanctuary Zone","Reef associated species richness","Poisson","poisson","Poisson used because the negative binomial dispersion parameter approached the Poisson boundary and the simpler Poisson model passed convergence, uncertainty, dispersion and AIC checks",NA,"reef_associated_richness"
"2021-05-20",5.958527428621591,1.9530956896242653,Inf,3.1342290675186257,11.327841186076558,"Fished","2021-05-20","Pre-bloom","The Pages - The Pages Sanctuary Zone","Reef associated species richness","Poisson","poisson","Poisson used because the negative binomial dispersion parameter approached the Poisson boundary and the simpler Poisson model passed convergence, uncertainty, dispersion and AIC checks",NA,"reef_associated_richness"
"2025-04-09",3.9384826525103933,1.349073259153681,Inf,2.0126187449027975,7.707195236758298,"Fished","2025-04-09","Bloom","The Pages - The Pages Sanctuary Zone","Reef associated species richness","Poisson","poisson","Poisson used because the negative binomial dispersion parameter approached the Poisson boundary and the simpler Poisson model passed convergence, uncertainty, dispersion and AIC checks",NA,"reef_associated_richness"
"2025-12-02",4.1637875703279335,1.3974080848937216,Inf,2.156835135660837,8.038225381331914,"Fished","2025-12-02","Bloom","The Pages - The Pages Sanctuary Zone","Reef associated species richness","Poisson","poisson","Poisson used because the negative binomial dispersion parameter approached the Poisson boundary and the simpler Poisson model passed convergence, uncertainty, dispersion and AIC checks",NA,"reef_associated_richness"
"2026-03-01",6.676406414815328,2.175169782674873,Inf,3.5255082875104105,12.643397485037294,"Fished","2026-03-01","Bloom","The Pages - The Pages Sanctuary Zone","Reef associated species richness","Poisson","poisson","Poisson used because the negative binomial dispersion parameter approached the Poisson boundary and the simpler Poisson model passed convergence, uncertainty, dispersion and AIC checks",NA,"reef_associated_richness"
"2016-04-19",5.853981071035646,1.9241087638237615,Inf,3.0737967924187353,11.14878331077888,"No-take","2016-04-19","Pre-bloom","The Pages - The Pages Sanctuary Zone","Reef associated species richness","Poisson","poisson","Poisson used because the negative binomial dispersion parameter approached the Poisson boundary and the simpler Poisson model passed convergence, uncertainty, dispersion and AIC checks",NA,"reef_associated_richness"
"2017-06-02",7.127951508569305,2.3305621149352636,Inf,3.755389894941712,13.52927236049455,"No-take","2017-06-02","Pre-bloom","The Pages - The Pages Sanctuary Zone","Reef associated species richness","Poisson","poisson","Poisson used because the negative binomial dispersion parameter approached the Poisson boundary and the simpler Poisson model passed convergence, uncertainty, dispersion and AIC checks",NA,"reef_associated_richness"
"2018-06-26",7.982681388697361,2.581380675295945,Inf,4.235391044532602,15.045411742019542,"No-take","2018-06-26","Pre-bloom","The Pages - The Pages Sanctuary Zone","Reef associated species richness","Poisson","poisson","Poisson used because the negative binomial dispersion parameter approached the Poisson boundary and the simpler Poisson model passed convergence, uncertainty, dispersion and AIC checks",NA,"reef_associated_richness"
"2019-06-06",7.830619273482782,2.534446196902905,Inf,4.152384162711796,14.767082187837527,"No-take","2019-06-06","Pre-bloom","The Pages - The Pages Sanctuary Zone","Reef associated species richness","Poisson","poisson","Poisson used because the negative binomial dispersion parameter approached the Poisson boundary and the simpler Poisson model passed convergence, uncertainty, dispersion and AIC checks",NA,"reef_associated_richness"
"2021-05-20",5.525128036463767,1.8356260874260593,Inf,2.881016104516535,10.595928211390794,"No-take","2021-05-20","Pre-bloom","The Pages - The Pages Sanctuary Zone","Reef associated species richness","Poisson","poisson","Poisson used because the negative binomial dispersion parameter approached the Poisson boundary and the simpler Poisson model passed convergence, uncertainty, dispersion and AIC checks",NA,"reef_associated_richness"
"2025-04-09",2.9916338970666074,1.0634339369621413,Inf,1.4905016072376231,6.004604980376316,"No-take","2025-04-09","Bloom","The Pages - The Pages Sanctuary Zone","Reef associated species richness","Poisson","poisson","Poisson used because the negative binomial dispersion parameter approached the Poisson boundary and the simpler Poisson model passed convergence, uncertainty, dispersion and AIC checks",NA,"reef_associated_richness"
"2025-12-02",3.877292352448432,1.3128741988842545,Inf,1.996671665167399,7.529227888900158,"No-take","2025-12-02","Bloom","The Pages - The Pages Sanctuary Zone","Reef associated species richness","Poisson","poisson","Poisson used because the negative binomial dispersion parameter approached the Poisson boundary and the simpler Poisson model passed convergence, uncertainty, dispersion and AIC checks",NA,"reef_associated_richness"
"2026-03-01",7.146479192236554,2.3232568890873355,Inf,3.7789754866737075,13.514817713206249,"No-take","2026-03-01","Bloom","The Pages - The Pages Sanctuary Zone","Reef associated species richness","Poisson","poisson","Poisson used because the negative binomial dispersion parameter approached the Poisson boundary and the simpler Poisson model passed convergence, uncertainty, dispersion and AIC checks",NA,"reef_associated_richness"
"2017-11-28",2.4010147524129186,1.896778213702819,Inf,0.51045083605561,11.293686745331193,"Not modelled by Status","2017-11-28","Pre-bloom","Victor Harbor - Encounter Bay Sanctuary Zone","Reef associated species richness","Poisson","poisson","Poisson used because the negative binomial dispersion parameter approached the Poisson boundary and the simpler Poisson model passed convergence, uncertainty, dispersion and AIC checks",NA,"reef_associated_richness"
"2018-11-27",2.88213728690878,2.340872469929408,Inf,0.5866358552961589,14.159917546117796,"Not modelled by Status","2018-11-27","Pre-bloom","Victor Harbor - Encounter Bay Sanctuary Zone","Reef associated species richness","Poisson","poisson","Poisson used because the negative binomial dispersion parameter approached the Poisson boundary and the simpler Poisson model passed convergence, uncertainty, dispersion and AIC checks",NA,"reef_associated_richness"
"2021-11-23",2.382805095555535,1.8856318798773877,Inf,0.5052316071086131,11.237935322175584,"Not modelled by Status","2021-11-23","Pre-bloom","Victor Harbor - Encounter Bay Sanctuary Zone","Reef associated species richness","Poisson","poisson","Poisson used because the negative binomial dispersion parameter approached the Poisson boundary and the simpler Poisson model passed convergence, uncertainty, dispersion and AIC checks",NA,"reef_associated_richness"
"2025-10-30",3.0145114725722557,2.3632943902013257,Inf,0.6484824929667513,14.013145330564337,"Not modelled by Status","2025-10-30","Bloom","Victor Harbor - Encounter Bay Sanctuary Zone","Reef associated species richness","Poisson","poisson","Poisson used because the negative binomial dispersion parameter approached the Poisson boundary and the simpler Poisson model passed convergence, uncertainty, dispersion and AIC checks",NA,"reef_associated_richness"
"2026-01-23",2.808038751167568,2.202327192580044,Inf,0.6036859405486905,13.06156247550168,"Not modelled by Status","2026-01-23","Bloom","Victor Harbor - Encounter Bay Sanctuary Zone","Reef associated species richness","Poisson","poisson","Poisson used because the negative binomial dispersion parameter approached the Poisson boundary and the simpler Poisson model passed convergence, uncertainty, dispersion and AIC checks",NA,"reef_associated_richness"
"2017-04-12",0.24999970734446464,0.14433747080694695,Inf,0.08063021417595051,0.7751418535976027,"Not modelled by Status","2017-04-12","Pre-bloom","Windara Reef - Windara Shell fish Reef Sanctuary Zone","Reef associated species richness","Poisson","poisson","Poisson used because the negative binomial dispersion parameter approached the Poisson boundary and the simpler Poisson model passed convergence, uncertainty, dispersion and AIC checks",NA,"reef_associated_richness"
"2017-11-23",0.500000024113836,0.20412413322626577,Inf,0.22463037784243775,1.1129395165296563,"Not modelled by Status","2017-11-23","Pre-bloom","Windara Reef - Windara Shell fish Reef Sanctuary Zone","Reef associated species richness","Poisson","poisson","Poisson used because the negative binomial dispersion parameter approached the Poisson boundary and the simpler Poisson model passed convergence, uncertainty, dispersion and AIC checks",NA,"reef_associated_richness"
"2018-04-24",0.4166666586681208,0.18633898086701997,Inf,0.17342826335810152,1.0010542750300004,"Not modelled by Status","2018-04-24","Pre-bloom","Windara Reef - Windara Shell fish Reef Sanctuary Zone","Reef associated species richness","Poisson","poisson","Poisson used because the negative binomial dispersion parameter approached the Poisson boundary and the simpler Poisson model passed convergence, uncertainty, dispersion and AIC checks",NA,"reef_associated_richness"
"2018-11-29",0.4166665768149474,0.18633896256410168,Inf,0.17342821435715566,1.0010541645614497,"Not modelled by Status","2018-11-29","Pre-bloom","Windara Reef - Windara Shell fish Reef Sanctuary Zone","Reef associated species richness","Poisson","poisson","Poisson used because the negative binomial dispersion parameter approached the Poisson boundary and the simpler Poisson model passed convergence, uncertainty, dispersion and AIC checks",NA,"reef_associated_richness"
"2019-10-22",0.166666612702073,0.11785110130342799,Inf,0.04168292417232058,0.6664062164820131,"Not modelled by Status","2019-10-22","Pre-bloom","Windara Reef - Windara Shell fish Reef Sanctuary Zone","Reef associated species richness","Poisson","poisson","Poisson used because the negative binomial dispersion parameter approached the Poisson boundary and the simpler Poisson model passed convergence, uncertainty, dispersion and AIC checks",NA,"reef_associated_richness"
"2020-10-28",0.6666666878996603,0.2357022446440138,Inf,0.33339846256633837,1.3330729522085578,"Not modelled by Status","2020-10-28","Pre-bloom","Windara Reef - Windara Shell fish Reef Sanctuary Zone","Reef associated species richness","Poisson","poisson","Poisson used because the negative binomial dispersion parameter approached the Poisson boundary and the simpler Poisson model passed convergence, uncertainty, dispersion and AIC checks",NA,"reef_associated_richness"
"2025-10-24",0.7500001232156935,0.2499999998698624,Inf,0.39023618184923636,1.4414352409815028,"Not modelled by Status","2025-10-24","Bloom","Windara Reef - Windara Shell fish Reef Sanctuary Zone","Reef associated species richness","Poisson","poisson","Poisson used because the negative binomial dispersion parameter approached the Poisson boundary and the simpler Poisson model passed convergence, uncertainty, dispersion and AIC checks",NA,"reef_associated_richness"
"2014-09-03",1.8828689103228036,0.20090875095254826,Inf,1.4890949942768819,2.2766428263687253,"Not modelled by Status","2014-09-03","Pre-bloom","Aldinga - Aldinga Reef Sanctuary Zone","Shannon diversity","Gaussian","gaussian","Gaussian was specified because Shannon diversity is a continuous response rather than count data",NA,"shannon_diversity"
"2015-12-10",1.075468922895376,0.1823993572205121,Inf,0.7179727519399165,1.4329650938508354,"Not modelled by Status","2015-12-10","Pre-bloom","Aldinga - Aldinga Reef Sanctuary Zone","Shannon diversity","Gaussian","gaussian","Gaussian was specified because Shannon diversity is a continuous response rather than count data",NA,"shannon_diversity"
"2016-02-12",1.361563620475712,0.21576348021114838,Inf,0.9386749700828406,1.7844522708685835,"Not modelled by Status","2016-02-12","Pre-bloom","Aldinga - Aldinga Reef Sanctuary Zone","Shannon diversity","Gaussian","gaussian","Gaussian was specified because Shannon diversity is a continuous response rather than count data",NA,"shannon_diversity"
"2016-11-19",1.994817566955174,0.2312516011204178,Inf,1.541572757391933,2.4480623765184153,"Not modelled by Status","2016-11-19","Pre-bloom","Aldinga - Aldinga Reef Sanctuary Zone","Shannon diversity","Gaussian","gaussian","Gaussian was specified because Shannon diversity is a continuous response rather than count data",NA,"shannon_diversity"
"2019-12-07",1.5541768792073944,0.20499651377281974,Inf,1.1523910952563987,1.9559626631583902,"Not modelled by Status","2019-12-07","Pre-bloom","Aldinga - Aldinga Reef Sanctuary Zone","Shannon diversity","Gaussian","gaussian","Gaussian was specified because Shannon diversity is a continuous response rather than count data",NA,"shannon_diversity"
"2020-11-26",1.3908749415499506,0.23125164398349146,Inf,0.9376300479766289,1.8441198351232724,"Not modelled by Status","2020-11-26","Pre-bloom","Aldinga - Aldinga Reef Sanctuary Zone","Shannon diversity","Gaussian","gaussian","Gaussian was specified because Shannon diversity is a continuous response rather than count data",NA,"shannon_diversity"
"2021-11-22",1.6740176714409678,0.26643083991326655,Inf,1.1518228208402088,2.196212522041727,"Not modelled by Status","2021-11-22","Pre-bloom","Aldinga - Aldinga Reef Sanctuary Zone","Shannon diversity","Gaussian","gaussian","Gaussian was specified because Shannon diversity is a continuous response rather than count data",NA,"shannon_diversity"
"2025-02-06",1.3504448173954502,0.17302089436686358,Inf,1.0113300958634885,1.6895595389274118,"Not modelled by Status","2025-02-06","Pre-bloom","Aldinga - Aldinga Reef Sanctuary Zone","Shannon diversity","Gaussian","gaussian","Gaussian was specified because Shannon diversity is a continuous response rather than count data",NA,"shannon_diversity"
"2026-02-21",1.3107590940445577,0.15216467273887233,Inf,1.0125218157570441,1.6089963723320713,"Not modelled by Status","2026-02-21","Bloom","Aldinga - Aldinga Reef Sanctuary Zone","Shannon diversity","Gaussian","gaussian","Gaussian was specified because Shannon diversity is a continuous response rather than count data",NA,"shannon_diversity"
"2016-05-24",0.8556917620760539,0.11303486783941381,Inf,0.634147492113558,1.0772360320385497,"Fished","2016-05-24","Pre-bloom","Bay of Shoals - Bay of Shoals Sanctuary Zone","Shannon diversity","Gaussian","gaussian","Gaussian was specified because Shannon diversity is a continuous response rather than count data",NA,"shannon_diversity"
"2017-04-05",1.3573816451984553,0.11303486783941158,Inf,1.1358373752359638,1.5789259151609467,"Fished","2017-04-05","Pre-bloom","Bay of Shoals - Bay of Shoals Sanctuary Zone","Shannon diversity","Gaussian","gaussian","Gaussian was specified because Shannon diversity is a continuous response rather than count data",NA,"shannon_diversity"
"2018-03-28",1.545816687066451,0.11303486783940561,Inf,1.324272417103971,1.7673609570289308,"Fished","2018-03-28","Pre-bloom","Bay of Shoals - Bay of Shoals Sanctuary Zone","Shannon diversity","Gaussian","gaussian","Gaussian was specified because Shannon diversity is a continuous response rather than count data",NA,"shannon_diversity"
"2026-03-24",0.8973869238338482,0.11303486783941087,Inf,0.6758426538713581,1.1189311937963384,"Fished","2026-03-24","Bloom","Bay of Shoals - Bay of Shoals Sanctuary Zone","Shannon diversity","Gaussian","gaussian","Gaussian was specified because Shannon diversity is a continuous response rather than count data",NA,"shannon_diversity"
"2016-05-24",0.7597186888898269,0.11303486787724239,Inf,0.5381744188531883,0.9812629589264654,"No-take","2016-05-24","Pre-bloom","Bay of Shoals - Bay of Shoals Sanctuary Zone","Shannon diversity","Gaussian","gaussian","Gaussian was specified because Shannon diversity is a continuous response rather than count data",NA,"shannon_diversity"
"2017-04-05",1.0882256357311604,0.11303486783941089,Inf,0.8666813657686703,1.3097699056936505,"No-take","2017-04-05","Pre-bloom","Bay of Shoals - Bay of Shoals Sanctuary Zone","Shannon diversity","Gaussian","gaussian","Gaussian was specified because Shannon diversity is a continuous response rather than count data",NA,"shannon_diversity"
"2018-03-28",1.197231683727925,0.11303486783941119,Inf,0.9756874137654343,1.4187759536904159,"No-take","2018-03-28","Pre-bloom","Bay of Shoals - Bay of Shoals Sanctuary Zone","Shannon diversity","Gaussian","gaussian","Gaussian was specified because Shannon diversity is a continuous response rather than count data",NA,"shannon_diversity"
"2026-03-24",1.501394717390062,0.11303486783941134,Inf,1.279850447427571,1.722938987352553,"No-take","2026-03-24","Bloom","Bay of Shoals - Bay of Shoals Sanctuary Zone","Shannon diversity","Gaussian","gaussian","Gaussian was specified because Shannon diversity is a continuous response rather than count data",NA,"shannon_diversity"
"2021-10-11",1.728511600978809,0.12668153924432177,Inf,1.480220346553841,1.976802855403777,"Not modelled by Status","2021-10-11","Pre-bloom","Boston Bay","Shannon diversity","Gaussian","gaussian","Gaussian was specified because Shannon diversity is a continuous response rather than count data",NA,"shannon_diversity"
"2022-05-10",1.295547244866448,0.1266815392443453,Inf,1.0472559904414338,1.5438384992914622,"Not modelled by Status","2022-05-10","Pre-bloom","Boston Bay","Shannon diversity","Gaussian","gaussian","Gaussian was specified because Shannon diversity is a continuous response rather than count data",NA,"shannon_diversity"
"2024-03-25",0.4492338739386974,0.12766904787289932,Inf,0.19900713816729482,0.6994606097100999,"Not modelled by Status","2024-03-25","Pre-bloom","Boston Bay","Shannon diversity","Gaussian","gaussian","Gaussian was specified because Shannon diversity is a continuous response rather than count data",NA,"shannon_diversity"
"2024-11-14",1.5753016772559616,0.12668153924433187,Inf,1.3270104228309738,1.8235929316809494,"Not modelled by Status","2024-11-14","Pre-bloom","Boston Bay","Shannon diversity","Gaussian","gaussian","Gaussian was specified because Shannon diversity is a continuous response rather than count data",NA,"shannon_diversity"
"2025-05-22",1.4735848703601422,0.12668153924435674,Inf,1.2252936159351056,1.7218761247851788,"Not modelled by Status","2025-05-22","Bloom","Boston Bay","Shannon diversity","Gaussian","gaussian","Gaussian was specified because Shannon diversity is a continuous response rather than count data",NA,"shannon_diversity"
"2025-11-11",1.4401368720225947,0.12872010503587447,Inf,1.187850102066068,1.6924236419791214,"Not modelled by Status","2025-11-11","Bloom","Boston Bay","Shannon diversity","Gaussian","gaussian","Gaussian was specified because Shannon diversity is a continuous response rather than count data",NA,"shannon_diversity"
"2017-01-12",1.8995814073485509,0.09379684881745479,Inf,1.7157429618029911,2.0834198528941106,"Fished","2017-01-12","Pre-bloom","Cape Elizabeth - Cape Elizabeth Sanctuary Zone","Shannon diversity","Gaussian","gaussian","Gaussian was specified because Shannon diversity is a continuous response rather than count data",NA,"shannon_diversity"
"2026-03-10",1.7666509940629123,0.0937968488174517,Inf,1.5828125485173585,1.950489439608466,"Fished","2026-03-10","Bloom","Cape Elizabeth - Cape Elizabeth Sanctuary Zone","Shannon diversity","Gaussian","gaussian","Gaussian was specified because Shannon diversity is a continuous response rather than count data",NA,"shannon_diversity"
"2017-01-12",1.9491197042130954,0.0937968488174449,Inf,1.765281258667555,2.1329581497586356,"No-take","2017-01-12","Pre-bloom","Cape Elizabeth - Cape Elizabeth Sanctuary Zone","Shannon diversity","Gaussian","gaussian","Gaussian was specified because Shannon diversity is a continuous response rather than count data",NA,"shannon_diversity"
"2026-03-10",1.8412157347280973,0.09379684881745202,Inf,1.6573772891825431,2.0250541802736515,"No-take","2026-03-10","Bloom","Cape Elizabeth - Cape Elizabeth Sanctuary Zone","Shannon diversity","Gaussian","gaussian","Gaussian was specified because Shannon diversity is a continuous response rather than count data",NA,"shannon_diversity"
"2015-12-10",1.6985258778073373,0.1300554364593668,Inf,1.443621906353341,1.9534298492613336,"Not modelled by Status","2015-12-10","Pre-bloom","Carrickalinga - Carrickalinga Cliffs Sanctuary Zone","Shannon diversity","Gaussian","gaussian","Gaussian was specified because Shannon diversity is a continuous response rather than count data",NA,"shannon_diversity"
"2016-12-06",1.5345217204223112,0.11571767268425844,Inf,1.3077192495863703,1.761324191258252,"Not modelled by Status","2016-12-06","Pre-bloom","Carrickalinga - Carrickalinga Cliffs Sanctuary Zone","Shannon diversity","Gaussian","gaussian","Gaussian was specified because Shannon diversity is a continuous response rather than count data",NA,"shannon_diversity"
"2017-12-05",1.817016804022107,0.1157176726842589,Inf,1.5902143331861653,2.043819274858049,"Not modelled by Status","2017-12-05","Pre-bloom","Carrickalinga - Carrickalinga Cliffs Sanctuary Zone","Shannon diversity","Gaussian","gaussian","Gaussian was specified because Shannon diversity is a continuous response rather than count data",NA,"shannon_diversity"
"2018-12-11",1.7487681326872317,0.11820650951372295,Inf,1.5170876313021435,1.98044863407232,"Not modelled by Status","2018-12-11","Pre-bloom","Carrickalinga - Carrickalinga Cliffs Sanctuary Zone","Shannon diversity","Gaussian","gaussian","Gaussian was specified because Shannon diversity is a continuous response rather than count data",NA,"shannon_diversity"
"2020-12-04",1.7581228509670144,0.11571767268425885,Inf,1.5313203801310726,1.9849253218029561,"Not modelled by Status","2020-12-04","Pre-bloom","Carrickalinga - Carrickalinga Cliffs Sanctuary Zone","Shannon diversity","Gaussian","gaussian","Gaussian was specified because Shannon diversity is a continuous response rather than count data",NA,"shannon_diversity"
"2025-02-06",2.498262335401032,0.2834492522988606,Inf,1.942712009450458,3.0538126613516057,"Not modelled by Status","2025-02-06","Pre-bloom","Carrickalinga - Carrickalinga Cliffs Sanctuary Zone","Shannon diversity","Gaussian","gaussian","Gaussian was specified because Shannon diversity is a continuous response rather than count data",NA,"shannon_diversity"
"2025-02-20",1.9178713114016352,0.11820650951375841,Inf,1.6861908100164775,2.1495518127867927,"Not modelled by Status","2025-02-20","Pre-bloom","Carrickalinga - Carrickalinga Cliffs Sanctuary Zone","Shannon diversity","Gaussian","gaussian","Gaussian was specified because Shannon diversity is a continuous response rather than count data",NA,"shannon_diversity"
"2025-12-17",1.77976823559507,0.1157176726842582,Inf,1.5529657647591295,2.0065707064310105,"Not modelled by Status","2025-12-17","Bloom","Carrickalinga - Carrickalinga Cliffs Sanctuary Zone","Shannon diversity","Gaussian","gaussian","Gaussian was specified because Shannon diversity is a continuous response rather than count data",NA,"shannon_diversity"
"2015-11-15",2.0539438619252826,0.1328507552967274,Inf,1.793561166224753,2.314326557625812,"Fished","2015-11-15","Pre-bloom","Chinamans Hat - Chinamans Hat Sanctuary Zone","Shannon diversity","Gaussian","gaussian","Gaussian was specified because Shannon diversity is a continuous response rather than count data",NA,"shannon_diversity"
"2025-12-04",1.9741773738356059,0.13927209288109618,Inf,1.7012090877371402,2.2471456599340716,"Fished","2025-12-04","Bloom","Chinamans Hat - Chinamans Hat Sanctuary Zone","Shannon diversity","Gaussian","gaussian","Gaussian was specified because Shannon diversity is a continuous response rather than count data",NA,"shannon_diversity"
"2015-11-15",1.9381005418805075,0.13285075529668308,Inf,1.677717846180065,2.19848323758095,"No-take","2015-11-15","Pre-bloom","Chinamans Hat - Chinamans Hat Sanctuary Zone","Shannon diversity","Gaussian","gaussian","Gaussian was specified because Shannon diversity is a continuous response rather than count data",NA,"shannon_diversity"
"2025-12-04",1.7606764891525195,0.13884804582431357,Inf,1.488539320013098,2.032813658291941,"No-take","2025-12-04","Bloom","Chinamans Hat - Chinamans Hat Sanctuary Zone","Shannon diversity","Gaussian","gaussian","Gaussian was specified because Shannon diversity is a continuous response rather than count data",NA,"shannon_diversity"
"2017-01-12",0.40787826292759805,0.13411914279903364,Inf,0.14500957340410764,0.6707469524510885,"Fished","2017-01-12","Pre-bloom","Cuttlefish Coast - Fairway Bank Sanctuary Zone","Shannon diversity","Gaussian","gaussian","Gaussian was specified because Shannon diversity is a continuous response rather than count data",NA,"shannon_diversity"
"2026-02-16",0.5643866359628624,0.13411914279903436,Inf,0.3015179464393706,0.8272553254863543,"Fished","2026-02-16","Bloom","Cuttlefish Coast - Fairway Bank Sanctuary Zone","Shannon diversity","Gaussian","gaussian","Gaussian was specified because Shannon diversity is a continuous response rather than count data",NA,"shannon_diversity"
"2017-01-12",0.5729570784175121,0.13411914279903545,Inf,0.31008838889401813,0.835825767941006,"No-take","2017-01-12","Pre-bloom","Cuttlefish Coast - Fairway Bank Sanctuary Zone","Shannon diversity","Gaussian","gaussian","Gaussian was specified because Shannon diversity is a continuous response rather than count data",NA,"shannon_diversity"
"2026-02-16",0.5457687110069269,0.10950782156500873,Inf,0.3311373247140712,0.7604000972997826,"No-take","2026-02-16","Bloom","Cuttlefish Coast - Fairway Bank Sanctuary Zone","Shannon diversity","Gaussian","gaussian","Gaussian was specified because Shannon diversity is a continuous response rather than count data",NA,"shannon_diversity"
"2016-01-19",1.8350607941505637,0.21894476496724932,68,1.3981633179592086,2.2719582703419188,"Not modelled by Status","2016-01-19","Pre-bloom","Dangerous Reef - Dangerous Reef Sanctuary Zone","Shannon diversity","Gaussian","gaussian","Gaussian was specified because Shannon diversity is a continuous response rather than count data",NA,"shannon_diversity"
"2017-02-25",2.0341335253776984,0.15481732801363993,68,1.7252003572794967,2.3430666934759,"Not modelled by Status","2017-02-25","Pre-bloom","Dangerous Reef - Dangerous Reef Sanctuary Zone","Shannon diversity","Gaussian","gaussian","Gaussian was specified because Shannon diversity is a continuous response rather than count data",NA,"shannon_diversity"
"2019-02-16",1.7766569990637398,0.16170142537164223,68,1.4539868285667064,2.099327169560773,"Not modelled by Status","2019-02-16","Pre-bloom","Dangerous Reef - Dangerous Reef Sanctuary Zone","Shannon diversity","Gaussian","gaussian","Gaussian was specified because Shannon diversity is a continuous response rather than count data",NA,"shannon_diversity"
"2020-04-10",1.612370291055607,0.1617014253716306,68,1.2897001205585967,1.9350404615526173,"Not modelled by Status","2020-04-10","Pre-bloom","Dangerous Reef - Dangerous Reef Sanctuary Zone","Shannon diversity","Gaussian","gaussian","Gaussian was specified because Shannon diversity is a continuous response rather than count data",NA,"shannon_diversity"
"2022-03-16",2.03413408300328,0.154817328013646,68,1.7252009149050664,2.343067251101494,"Not modelled by Status","2022-03-16","Pre-bloom","Dangerous Reef - Dangerous Reef Sanctuary Zone","Shannon diversity","Gaussian","gaussian","Gaussian was specified because Shannon diversity is a continuous response rather than count data",NA,"shannon_diversity"
"2025-11-10",2.4576819373681076,0.1548173280136668,68,2.148748769269852,2.766615105466363,"Not modelled by Status","2025-11-10","Bloom","Dangerous Reef - Dangerous Reef Sanctuary Zone","Shannon diversity","Gaussian","gaussian","Gaussian was specified because Shannon diversity is a continuous response rather than count data",NA,"shannon_diversity"
"2026-04-08",2.300661879286242,0.15481732801363277,68,1.9917287111880546,2.6095950473844294,"Not modelled by Status","2026-04-08","Bloom","Dangerous Reef - Dangerous Reef Sanctuary Zone","Shannon diversity","Gaussian","gaussian","Gaussian was specified because Shannon diversity is a continuous response rather than count data",NA,"shannon_diversity"
"2020-10-13",1.1833065474018105,0.21301818814308762,Inf,0.7657985705893817,1.6008145242142393,"Not modelled by Status","2020-10-13","Pre-bloom","Glenelg","Shannon diversity","Gaussian","gaussian","Gaussian was specified because Shannon diversity is a continuous response rather than count data",NA,"shannon_diversity"
"2021-10-25",1.3692689680976702,0.2094300311197728,Inf,0.9587936498218128,1.7797442863735276,"Not modelled by Status","2021-10-25","Pre-bloom","Glenelg","Shannon diversity","Gaussian","gaussian","Gaussian was specified because Shannon diversity is a continuous response rather than count data",NA,"shannon_diversity"
"2022-12-02",1.1995348429684334,0.20616318552162988,Inf,0.7954624244079894,1.6036072615288774,"Not modelled by Status","2022-12-02","Pre-bloom","Glenelg","Shannon diversity","Gaussian","gaussian","Gaussian was specified because Shannon diversity is a continuous response rather than count data",NA,"shannon_diversity"
"2023-11-23",1.4810522690986863,0.20616318552164994,Inf,1.0769798505382029,1.8851246876591696,"Not modelled by Status","2023-11-23","Pre-bloom","Glenelg","Shannon diversity","Gaussian","gaussian","Gaussian was specified because Shannon diversity is a continuous response rather than count data",NA,"shannon_diversity"
"2025-10-21",0.4418727057176356,0.2184643319071941,Inf,0.013690483272930654,0.8700549281623405,"Not modelled by Status","2025-10-21","Bloom","Glenelg","Shannon diversity","Gaussian","gaussian","Gaussian was specified because Shannon diversity is a continuous response rather than count data",NA,"shannon_diversity"
"2026-03-20",0.9618377047491858,0.19904672982177568,Inf,0.5717132830580309,1.3519621264403408,"Not modelled by Status","2026-03-20","Bloom","Glenelg","Shannon diversity","Gaussian","gaussian","Gaussian was specified because Shannon diversity is a continuous response rather than count data",NA,"shannon_diversity"
"2014-09-03",1.645200580062846,0.13652121250064428,Inf,1.3776239204358438,1.9127772396898481,"Not modelled by Status","2014-09-03","Pre-bloom","Middle/Long Spit - Middle Spit Sanctuary Zone","Shannon diversity","Gaussian","gaussian","Gaussian was specified because Shannon diversity is a continuous response rather than count data",NA,"shannon_diversity"
"2015-01-07",1.8043646687344204,0.06972874423333066,Inf,1.6676988413498872,1.9410304961189535,"Not modelled by Status","2015-01-07","Pre-bloom","Middle/Long Spit - Middle Spit Sanctuary Zone","Shannon diversity","Gaussian","gaussian","Gaussian was specified because Shannon diversity is a continuous response rather than count data",NA,"shannon_diversity"
"2016-01-10",1.6510054216352155,0.07297365759436727,Inf,1.5079796809300978,1.794031162340333,"Not modelled by Status","2016-01-10","Pre-bloom","Middle/Long Spit - Middle Spit Sanctuary Zone","Shannon diversity","Gaussian","gaussian","Gaussian was specified because Shannon diversity is a continuous response rather than count data",NA,"shannon_diversity"
"2016-03-11",1.9255966265490594,0.13652121250064597,Inf,1.658019966922054,2.193173286176065,"Not modelled by Status","2016-03-11","Pre-bloom","Middle/Long Spit - Middle Spit Sanctuary Zone","Shannon diversity","Gaussian","gaussian","Gaussian was specified because Shannon diversity is a continuous response rather than count data",NA,"shannon_diversity"
"2026-01-26",1.1642891000456308,0.06826060624449336,Inf,1.030500770243554,1.2980774298477076,"Not modelled by Status","2026-01-26","Bloom","Middle/Long Spit - Middle Spit Sanctuary Zone","Shannon diversity","Gaussian","gaussian","Gaussian was specified because Shannon diversity is a continuous response rather than count data",NA,"shannon_diversity"
"2015-04-28",1.5165540254962122,0.26578241063056035,Inf,0.9956300729360784,2.037477978056346,"Not modelled by Status","2015-04-28","Pre-bloom","O'Sullivan","Shannon diversity","Gaussian","gaussian","Gaussian was specified because Shannon diversity is a continuous response rather than count data",NA,"shannon_diversity"
"2015-10-09",0.5881401916865555,0.2657824391890541,Inf,0.06721618315280253,1.1090642002203084,"Not modelled by Status","2015-10-09","Pre-bloom","O'Sullivan","Shannon diversity","Gaussian","gaussian","Gaussian was specified because Shannon diversity is a continuous response rather than count data",NA,"shannon_diversity"
"2021-10-12",1.4013644265147418,0.19533083051503178,Inf,1.0185230336349822,1.7842058193945014,"Not modelled by Status","2021-10-12","Pre-bloom","O'Sullivan","Shannon diversity","Gaussian","gaussian","Gaussian was specified because Shannon diversity is a continuous response rather than count data",NA,"shannon_diversity"
"2022-12-01",1.3110909873560763,0.1916959518903238,Inf,0.9353738256689188,1.6868081490432338,"Not modelled by Status","2022-12-01","Pre-bloom","O'Sullivan","Shannon diversity","Gaussian","gaussian","Gaussian was specified because Shannon diversity is a continuous response rather than count data",NA,"shannon_diversity"
"2023-12-01",1.3348025833380832,0.19169595211045995,Inf,0.9590854212194668,1.7105197454566996,"Not modelled by Status","2023-12-01","Pre-bloom","O'Sullivan","Shannon diversity","Gaussian","gaussian","Gaussian was specified because Shannon diversity is a continuous response rather than count data",NA,"shannon_diversity"
"2024-12-19",0.9920084314527025,0.19169595199843711,Inf,0.6162912695536468,1.367725593351758,"Not modelled by Status","2024-12-19","Pre-bloom","O'Sullivan","Shannon diversity","Gaussian","gaussian","Gaussian was specified because Shannon diversity is a continuous response rather than count data",NA,"shannon_diversity"
"2025-02-04",1.550263639344636,0.24399415793314913,Inf,1.072043877357486,2.028483401331786,"Not modelled by Status","2025-02-04","Pre-bloom","O'Sullivan","Shannon diversity","Gaussian","gaussian","Gaussian was specified because Shannon diversity is a continuous response rather than count data",NA,"shannon_diversity"
"2025-11-13",0.7538502715892141,0.17241740063291636,Inf,0.41591837604068466,1.0917821671377437,"Not modelled by Status","2025-11-13","Bloom","O'Sullivan","Shannon diversity","Gaussian","gaussian","Gaussian was specified because Shannon diversity is a continuous response rather than count data",NA,"shannon_diversity"
"2026-03-06",1.138772162422669,0.17301147422536897,Inf,0.799675904028766,1.477868420816572,"Not modelled by Status","2026-03-06","Bloom","O'Sullivan","Shannon diversity","Gaussian","gaussian","Gaussian was specified because Shannon diversity is a continuous response rather than count data",NA,"shannon_diversity"
"2014-09-03",0.3171273083852497,0.12732660819328223,Inf,0.06757174205277405,0.5666828747177254,"Fished","2014-09-03","Pre-bloom","Offshore Ardrossan - Offshore Ardrossan Sanctuary Zone","Shannon diversity","Gaussian","gaussian","Gaussian was specified because Shannon diversity is a continuous response rather than count data",NA,"shannon_diversity"
"2016-03-11",0.738792695580281,0.1394793109356503,Inf,0.4654182695579428,1.0121671216026193,"Fished","2016-03-11","Pre-bloom","Offshore Ardrossan - Offshore Ardrossan Sanctuary Zone","Shannon diversity","Gaussian","gaussian","Gaussian was specified because Shannon diversity is a continuous response rather than count data",NA,"shannon_diversity"
"2016-11-03",0.2628605378468766,0.11788153303410642,Inf,0.031816978657659395,0.4939040970360937,"Fished","2016-11-03","Pre-bloom","Offshore Ardrossan - Offshore Ardrossan Sanctuary Zone","Shannon diversity","Gaussian","gaussian","Gaussian was specified because Shannon diversity is a continuous response rather than count data",NA,"shannon_diversity"
"2025-10-13",0.13189528782482898,0.12732660811348126,Inf,-0.11766027835123966,0.3814508540008976,"Fished","2025-10-13","Bloom","Offshore Ardrossan - Offshore Ardrossan Sanctuary Zone","Shannon diversity","Gaussian","gaussian","Gaussian was specified because Shannon diversity is a continuous response rather than count data",NA,"shannon_diversity"
"2014-09-03",0.9161900114219557,0.09003350804554998,Inf,0.7397275782508805,1.0926524445930308,"No-take","2014-09-03","Pre-bloom","Offshore Ardrossan - Offshore Ardrossan Sanctuary Zone","Shannon diversity","Gaussian","gaussian","Gaussian was specified because Shannon diversity is a continuous response rather than count data",NA,"shannon_diversity"
"2016-03-11",0.8418811431415871,0.09003350804554723,Inf,0.6654187099705174,1.018343576312657,"No-take","2016-03-11","Pre-bloom","Offshore Ardrossan - Offshore Ardrossan Sanctuary Zone","Shannon diversity","Gaussian","gaussian","Gaussian was specified because Shannon diversity is a continuous response rather than count data",NA,"shannon_diversity"
"2016-11-03",0.4741858631920697,0.18006701612915846,Inf,0.12126099677532615,0.8271107296088132,"No-take","2016-11-03","Pre-bloom","Offshore Ardrossan - Offshore Ardrossan Sanctuary Zone","Shannon diversity","Gaussian","gaussian","Gaussian was specified because Shannon diversity is a continuous response rather than count data",NA,"shannon_diversity"
"2025-10-13",0.16975599409264155,0.1273266081134819,Inf,-0.07979957208342833,0.4193115602687114,"No-take","2025-10-13","Bloom","Offshore Ardrossan - Offshore Ardrossan Sanctuary Zone","Shannon diversity","Gaussian","gaussian","Gaussian was specified because Shannon diversity is a continuous response rather than count data",NA,"shannon_diversity"
"2017-02-03",2.1275247405185826,0.13244427654480104,10,1.832420502225897,2.422628978811268,"No-take","2017-02-03","Pre-bloom","Orcades Bank - Orcades Bank Sanctuary Zone","Shannon diversity","Gaussian","gaussian","Gaussian was specified because Shannon diversity is a continuous response rather than count data","overall","shannon_diversity"
"2017-02-03",1.9351342336339072,0.13435989174191737,Inf,1.6717936848530486,2.198474782414766,"Fished","2017-02-03","Pre-bloom","Port Gibbon - Port Gibbon Sanctuary Zone","Shannon diversity","Gaussian","gaussian","Gaussian was specified because Shannon diversity is a continuous response rather than count data",NA,"shannon_diversity"
"2025-11-14",1.8893137184719613,0.13035174617523104,Inf,1.6338289906466017,2.1447984462973206,"Fished","2025-11-14","Bloom","Port Gibbon - Port Gibbon Sanctuary Zone","Shannon diversity","Gaussian","gaussian","Gaussian was specified because Shannon diversity is a continuous response rather than count data",NA,"shannon_diversity"
"2017-02-03",1.3789239065611603,0.13435989169015672,Inf,1.1155833578817507,1.6422644552405699,"No-take","2017-02-03","Pre-bloom","Port Gibbon - Port Gibbon Sanctuary Zone","Shannon diversity","Gaussian","gaussian","Gaussian was specified because Shannon diversity is a continuous response rather than count data",NA,"shannon_diversity"
"2025-11-14",1.6152707791682734,0.13035174614239892,Inf,1.3597860514072637,1.8707555069292832,"No-take","2025-11-14","Bloom","Port Gibbon - Port Gibbon Sanctuary Zone","Shannon diversity","Gaussian","gaussian","Gaussian was specified because Shannon diversity is a continuous response rather than count data",NA,"shannon_diversity"
"2015-04-28",0.5090528653845736,0.17982293640533917,28,0.1407022781932848,0.8774034525758625,"Not modelled by Status","2015-04-28","Pre-bloom","Port Noarlunga - Port Noarlunga Reef Sanctuary Zone","Shannon diversity","Gaussian","gaussian","Gaussian was specified because Shannon diversity is a continuous response rather than count data",NA,"shannon_diversity"
"2015-10-09",1.6093474220635038,0.164155131043388,28,1.2730908792718936,1.945603964855114,"Not modelled by Status","2015-10-09","Pre-bloom","Port Noarlunga - Port Noarlunga Reef Sanctuary Zone","Shannon diversity","Gaussian","gaussian","Gaussian was specified because Shannon diversity is a continuous response rather than count data",NA,"shannon_diversity"
"2021-10-12",1.6258687632418667,0.20104815485824198,28,1.2140402869854876,2.0376972394982458,"Not modelled by Status","2021-10-12","Pre-bloom","Port Noarlunga - Port Noarlunga Reef Sanctuary Zone","Shannon diversity","Gaussian","gaussian","Gaussian was specified because Shannon diversity is a continuous response rather than count data",NA,"shannon_diversity"
"2022-12-01",1.9080153176874899,0.20104815485839256,28,1.4961868414308022,2.3198437939441776,"Not modelled by Status","2022-12-01","Pre-bloom","Port Noarlunga - Port Noarlunga Reef Sanctuary Zone","Shannon diversity","Gaussian","gaussian","Gaussian was specified because Shannon diversity is a continuous response rather than count data",NA,"shannon_diversity"
"2023-12-01",1.2717049418278237,0.20104815485797875,28,0.8598764655719837,1.6835334180836636,"Not modelled by Status","2023-12-01","Pre-bloom","Port Noarlunga - Port Noarlunga Reef Sanctuary Zone","Shannon diversity","Gaussian","gaussian","Gaussian was specified because Shannon diversity is a continuous response rather than count data",NA,"shannon_diversity"
"2024-12-19",1.8825634999076022,0.20104815485798547,28,1.4707350236517485,2.294391976163456,"Not modelled by Status","2024-12-19","Pre-bloom","Port Noarlunga - Port Noarlunga Reef Sanctuary Zone","Shannon diversity","Gaussian","gaussian","Gaussian was specified because Shannon diversity is a continuous response rather than count data",NA,"shannon_diversity"
"2025-02-04",1.5450489196772395,0.2010481548580742,28,1.1332204434212039,1.956877395933275,"Not modelled by Status","2025-02-04","Pre-bloom","Port Noarlunga - Port Noarlunga Reef Sanctuary Zone","Shannon diversity","Gaussian","gaussian","Gaussian was specified because Shannon diversity is a continuous response rather than count data",NA,"shannon_diversity"
"2025-11-13",1.6231681003738687,0.16415513104338086,28,1.2869115575822732,1.9594246431654643,"Not modelled by Status","2025-11-13","Bloom","Port Noarlunga - Port Noarlunga Reef Sanctuary Zone","Shannon diversity","Gaussian","gaussian","Gaussian was specified because Shannon diversity is a continuous response rather than count data",NA,"shannon_diversity"
"2015-12-10",1.9086955624510191,0.10707356964405004,Inf,1.6988352222525398,2.1185559026494984,"Fished","2015-12-10","Pre-bloom","Rapid Head - Rapid Head Sanctuary Zone","Shannon diversity","Gaussian","gaussian","Gaussian was specified because Shannon diversity is a continuous response rather than count data",NA,"shannon_diversity"
"2016-12-06",1.7345482796891045,0.10288272721269123,Inf,1.5329018397209708,1.9361947196572382,"Fished","2016-12-06","Pre-bloom","Rapid Head - Rapid Head Sanctuary Zone","Shannon diversity","Gaussian","gaussian","Gaussian was specified because Shannon diversity is a continuous response rather than count data",NA,"shannon_diversity"
"2017-12-05",1.6853085591898405,0.11181209067072406,Inf,1.4661608884390944,1.9044562299405865,"Fished","2017-12-05","Pre-bloom","Rapid Head - Rapid Head Sanctuary Zone","Shannon diversity","Gaussian","gaussian","Gaussian was specified because Shannon diversity is a continuous response rather than count data",NA,"shannon_diversity"
"2018-12-11",1.862971371489936,0.10707356889751318,Inf,1.653111032754642,2.07283171022523,"Fished","2018-12-11","Pre-bloom","Rapid Head - Rapid Head Sanctuary Zone","Shannon diversity","Gaussian","gaussian","Gaussian was specified because Shannon diversity is a continuous response rather than count data",NA,"shannon_diversity"
"2021-01-21",1.9900560447218485,0.10288272721269612,Inf,1.7884096047537053,2.191702484689992,"Fished","2021-01-21","Pre-bloom","Rapid Head - Rapid Head Sanctuary Zone","Shannon diversity","Gaussian","gaussian","Gaussian was specified because Shannon diversity is a continuous response rather than count data",NA,"shannon_diversity"
"2025-02-27",2.0939723769658753,0.10288272721274704,Inf,1.8923259369976322,2.2956188169341183,"Fished","2025-02-27","Pre-bloom","Rapid Head - Rapid Head Sanctuary Zone","Shannon diversity","Gaussian","gaussian","Gaussian was specified because Shannon diversity is a continuous response rather than count data",NA,"shannon_diversity"
"2025-12-10",1.7232630732716503,0.10288272721269485,Inf,1.5216166333035095,1.924909513239791,"Fished","2025-12-10","Bloom","Rapid Head - Rapid Head Sanctuary Zone","Shannon diversity","Gaussian","gaussian","Gaussian was specified because Shannon diversity is a continuous response rather than count data",NA,"shannon_diversity"
"2015-12-10",1.7895915234316124,0.10736148825288941,Inf,1.5791668731293291,2.0000161737338957,"No-take","2015-12-10","Pre-bloom","Rapid Head - Rapid Head Sanctuary Zone","Shannon diversity","Gaussian","gaussian","Gaussian was specified because Shannon diversity is a continuous response rather than count data",NA,"shannon_diversity"
"2016-12-06",1.7943152509118496,0.10288272721521613,Inf,1.5926688109387672,1.995961690884932,"No-take","2016-12-06","Pre-bloom","Rapid Head - Rapid Head Sanctuary Zone","Shannon diversity","Gaussian","gaussian","Gaussian was specified because Shannon diversity is a continuous response rather than count data",NA,"shannon_diversity"
"2017-12-05",1.8289691245603967,0.10288272721542613,Inf,1.6273226845869027,2.030615564533891,"No-take","2017-12-05","Pre-bloom","Rapid Head - Rapid Head Sanctuary Zone","Shannon diversity","Gaussian","gaussian","Gaussian was specified because Shannon diversity is a continuous response rather than count data",NA,"shannon_diversity"
"2018-12-11",1.779829673033625,0.10288272721558755,Inf,1.5781832330598144,1.9814761130074354,"No-take","2018-12-11","Pre-bloom","Rapid Head - Rapid Head Sanctuary Zone","Shannon diversity","Gaussian","gaussian","Gaussian was specified because Shannon diversity is a continuous response rather than count data",NA,"shannon_diversity"
"2021-01-21",2.248678143037117,0.10288272721523836,Inf,2.047031703063991,2.4503245830102434,"No-take","2021-01-21","Pre-bloom","Rapid Head - Rapid Head Sanctuary Zone","Shannon diversity","Gaussian","gaussian","Gaussian was specified because Shannon diversity is a continuous response rather than count data",NA,"shannon_diversity"
"2025-02-27",2.1538902305547643,0.10705102086848071,Inf,1.9440740851442964,2.363706375965232,"No-take","2025-02-27","Pre-bloom","Rapid Head - Rapid Head Sanctuary Zone","Shannon diversity","Gaussian","gaussian","Gaussian was specified because Shannon diversity is a continuous response rather than count data",NA,"shannon_diversity"
"2025-12-10",1.742055203363071,0.10288272721522239,Inf,1.5404087633899763,1.9437016433361656,"No-take","2025-12-10","Bloom","Rapid Head - Rapid Head Sanctuary Zone","Shannon diversity","Gaussian","gaussian","Gaussian was specified because Shannon diversity is a continuous response rather than count data",NA,"shannon_diversity"
"2016-01-20",1.9703454678234569,0.12372120491062032,Inf,1.727856362074741,2.212834573572173,"Fished","2016-01-20","Pre-bloom","Sponge Gardens - Sponge Gardens Sanctuary Zone","Shannon diversity","Gaussian","gaussian","Gaussian was specified because Shannon diversity is a continuous response rather than count data",NA,"shannon_diversity"
"2016-12-06",1.8230094967132962,0.12372120491035937,Inf,1.5805203909650918,2.0654986024615005,"Fished","2016-12-06","Pre-bloom","Sponge Gardens - Sponge Gardens Sanctuary Zone","Shannon diversity","Gaussian","gaussian","Gaussian was specified because Shannon diversity is a continuous response rather than count data",NA,"shannon_diversity"
"2017-12-05",2.0003301264460234,0.21737059280846663,Inf,1.5742915932433075,2.4263686596487393,"Fished","2017-12-05","Pre-bloom","Sponge Gardens - Sponge Gardens Sanctuary Zone","Shannon diversity","Gaussian","gaussian","Gaussian was specified because Shannon diversity is a continuous response rather than count data",NA,"shannon_diversity"
"2018-01-17",1.8057806180794587,0.15261937666825817,Inf,1.50665213646672,2.1049090996921973,"Fished","2018-01-17","Pre-bloom","Sponge Gardens - Sponge Gardens Sanctuary Zone","Shannon diversity","Gaussian","gaussian","Gaussian was specified because Shannon diversity is a continuous response rather than count data",NA,"shannon_diversity"
"2019-01-22",2.081159696858526,0.12372120491036234,Inf,1.8386705911103158,2.323648802606736,"Fished","2019-01-22","Pre-bloom","Sponge Gardens - Sponge Gardens Sanctuary Zone","Shannon diversity","Gaussian","gaussian","Gaussian was specified because Shannon diversity is a continuous response rather than count data",NA,"shannon_diversity"
"2021-01-21",1.9790783646797905,0.12372120491036634,Inf,1.7365892589315723,2.2215674704280084,"Fished","2021-01-21","Pre-bloom","Sponge Gardens - Sponge Gardens Sanctuary Zone","Shannon diversity","Gaussian","gaussian","Gaussian was specified because Shannon diversity is a continuous response rather than count data",NA,"shannon_diversity"
"2025-04-02",1.9393748361255423,0.12372120491039117,Inf,1.6968857303772755,2.181863941873809,"Fished","2025-04-02","Bloom","Sponge Gardens - Sponge Gardens Sanctuary Zone","Shannon diversity","Gaussian","gaussian","Gaussian was specified because Shannon diversity is a continuous response rather than count data",NA,"shannon_diversity"
"2026-01-27",1.9942214198803045,0.12372120491039273,Inf,1.7517323141320347,2.2367105256285744,"Fished","2026-01-27","Bloom","Sponge Gardens - Sponge Gardens Sanctuary Zone","Shannon diversity","Gaussian","gaussian","Gaussian was specified because Shannon diversity is a continuous response rather than count data",NA,"shannon_diversity"
"2016-01-20",2.405432259357453,0.13458749647592197,Inf,2.1416456134952346,2.6692189052196715,"No-take","2016-01-20","Pre-bloom","Sponge Gardens - Sponge Gardens Sanctuary Zone","Shannon diversity","Gaussian","gaussian","Gaussian was specified because Shannon diversity is a continuous response rather than count data",NA,"shannon_diversity"
"2016-12-06",2.017519677549416,0.12884650423721555,Inf,1.7649851697105863,2.270054185388246,"No-take","2016-12-06","Pre-bloom","Sponge Gardens - Sponge Gardens Sanctuary Zone","Shannon diversity","Gaussian","gaussian","Gaussian was specified because Shannon diversity is a continuous response rather than count data",NA,"shannon_diversity"
"2017-12-05",2.1965563857476766,0.21536322647244724,Inf,1.774452218267337,2.6186605532280165,"No-take","2017-12-05","Pre-bloom","Sponge Gardens - Sponge Gardens Sanctuary Zone","Shannon diversity","Gaussian","gaussian","Gaussian was specified because Shannon diversity is a continuous response rather than count data",NA,"shannon_diversity"
"2018-01-17",2.0490049344960957,0.15190650807650544,Inf,1.7512736496489023,2.3467362193432892,"No-take","2018-01-17","Pre-bloom","Sponge Gardens - Sponge Gardens Sanctuary Zone","Shannon diversity","Gaussian","gaussian","Gaussian was specified because Shannon diversity is a continuous response rather than count data",NA,"shannon_diversity"
"2019-01-22",1.9685720994741982,0.12372120491351145,Inf,1.7260829937198159,2.2110612052285807,"No-take","2019-01-22","Pre-bloom","Sponge Gardens - Sponge Gardens Sanctuary Zone","Shannon diversity","Gaussian","gaussian","Gaussian was specified because Shannon diversity is a continuous response rather than count data",NA,"shannon_diversity"
"2021-01-21",1.9463378569104428,0.12372120491351031,Inf,1.7038487511560627,2.188826962664823,"No-take","2021-01-21","Pre-bloom","Sponge Gardens - Sponge Gardens Sanctuary Zone","Shannon diversity","Gaussian","gaussian","Gaussian was specified because Shannon diversity is a continuous response rather than count data",NA,"shannon_diversity"
"2025-04-02",2.1622999970068433,0.12875259733665945,Inf,1.9099495433110032,2.4146504507026836,"No-take","2025-04-02","Bloom","Sponge Gardens - Sponge Gardens Sanctuary Zone","Shannon diversity","Gaussian","gaussian","Gaussian was specified because Shannon diversity is a continuous response rather than count data",NA,"shannon_diversity"
"2026-01-27",2.067680066161326,0.1287525977097238,Inf,1.8153296117342932,2.3200305205883587,"No-take","2026-01-27","Bloom","Sponge Gardens - Sponge Gardens Sanctuary Zone","Shannon diversity","Gaussian","gaussian","Gaussian was specified because Shannon diversity is a continuous response rather than count data",NA,"shannon_diversity"
"2016-04-19",1.7781830235690204,0.18844681891219114,Inf,1.4088340454999844,2.1475320016380564,"Fished","2016-04-19","Pre-bloom","The Pages - The Pages Sanctuary Zone","Shannon diversity","Gaussian","gaussian","Gaussian was specified because Shannon diversity is a continuous response rather than count data",NA,"shannon_diversity"
"2017-06-02",1.9140250206766571,0.18844681891173246,Inf,1.5446760426085202,2.283373998744794,"Fished","2017-06-02","Pre-bloom","The Pages - The Pages Sanctuary Zone","Shannon diversity","Gaussian","gaussian","Gaussian was specified because Shannon diversity is a continuous response rather than count data",NA,"shannon_diversity"
"2018-06-26",1.8481338818336164,0.19215089014121892,Inf,1.471525057559515,2.224742706107718,"Fished","2018-06-26","Pre-bloom","The Pages - The Pages Sanctuary Zone","Shannon diversity","Gaussian","gaussian","Gaussian was specified because Shannon diversity is a continuous response rather than count data",NA,"shannon_diversity"
"2019-06-06",2.01048759919309,0.18844681891167253,Inf,1.6411386211250705,2.3798365772611096,"Fished","2019-06-06","Pre-bloom","The Pages - The Pages Sanctuary Zone","Shannon diversity","Gaussian","gaussian","Gaussian was specified because Shannon diversity is a continuous response rather than count data",NA,"shannon_diversity"
"2021-05-20",1.839794090807026,0.1884468189117184,Inf,1.4704451127389164,2.2091430688751355,"Fished","2021-05-20","Pre-bloom","The Pages - The Pages Sanctuary Zone","Shannon diversity","Gaussian","gaussian","Gaussian was specified because Shannon diversity is a continuous response rather than count data",NA,"shannon_diversity"
"2025-04-09",1.8140751109276478,0.2102260670621417,Inf,1.4020395908743482,2.2261106309809477,"Fished","2025-04-09","Bloom","The Pages - The Pages Sanctuary Zone","Shannon diversity","Gaussian","gaussian","Gaussian was specified because Shannon diversity is a continuous response rather than count data",NA,"shannon_diversity"
"2025-12-02",1.3953033733010356,0.18844681891168077,Inf,1.0259543952329997,1.7646523513690715,"Fished","2025-12-02","Bloom","The Pages - The Pages Sanctuary Zone","Shannon diversity","Gaussian","gaussian","Gaussian was specified because Shannon diversity is a continuous response rather than count data",NA,"shannon_diversity"
"2026-03-01",1.428648535311479,0.18844681891164838,Inf,1.0592995572435067,1.7979975133794515,"Fished","2026-03-01","Bloom","The Pages - The Pages Sanctuary Zone","Shannon diversity","Gaussian","gaussian","Gaussian was specified because Shannon diversity is a continuous response rather than count data",NA,"shannon_diversity"
"2016-04-19",1.7269930123376043,0.1884468189120304,Inf,1.3576440342688831,2.096341990406325,"No-take","2016-04-19","Pre-bloom","The Pages - The Pages Sanctuary Zone","Shannon diversity","Gaussian","gaussian","Gaussian was specified because Shannon diversity is a continuous response rather than count data",NA,"shannon_diversity"
"2017-06-02",1.9235053416173709,0.19215289166275215,Inf,1.54689259443315,2.3001180888015917,"No-take","2017-06-02","Pre-bloom","The Pages - The Pages Sanctuary Zone","Shannon diversity","Gaussian","gaussian","Gaussian was specified because Shannon diversity is a continuous response rather than count data",NA,"shannon_diversity"
"2018-06-26",2.0455562921282184,0.1884468189117038,Inf,1.6762073140601375,2.414905270196299,"No-take","2018-06-26","Pre-bloom","The Pages - The Pages Sanctuary Zone","Shannon diversity","Gaussian","gaussian","Gaussian was specified because Shannon diversity is a continuous response rather than count data",NA,"shannon_diversity"
"2019-06-06",2.1364873104933424,0.18844681891163748,Inf,1.7671383324253915,2.5058362885612935,"No-take","2019-06-06","Pre-bloom","The Pages - The Pages Sanctuary Zone","Shannon diversity","Gaussian","gaussian","Gaussian was specified because Shannon diversity is a continuous response rather than count data",NA,"shannon_diversity"
"2021-05-20",1.7987405356200636,0.19214924056215976,Inf,1.4221349444615077,2.17534612677862,"No-take","2021-05-20","Pre-bloom","The Pages - The Pages Sanctuary Zone","Shannon diversity","Gaussian","gaussian","Gaussian was specified because Shannon diversity is a continuous response rather than count data",NA,"shannon_diversity"
"2025-04-09",1.192216829894905,0.21019480128016357,Inf,0.7802425896482308,1.6041910701415791,"No-take","2025-04-09","Bloom","The Pages - The Pages Sanctuary Zone","Shannon diversity","Gaussian","gaussian","Gaussian was specified because Shannon diversity is a continuous response rather than count data",NA,"shannon_diversity"
"2025-12-02",1.0403287041015783,0.18844681891162976,Inf,0.6709797260336425,1.409677682169514,"No-take","2025-12-02","Bloom","The Pages - The Pages Sanctuary Zone","Shannon diversity","Gaussian","gaussian","Gaussian was specified because Shannon diversity is a continuous response rather than count data",NA,"shannon_diversity"
"2026-03-01",1.5910360409790885,0.18844681891162546,Inf,1.2216870629111611,1.9603850190470158,"No-take","2026-03-01","Bloom","The Pages - The Pages Sanctuary Zone","Shannon diversity","Gaussian","gaussian","Gaussian was specified because Shannon diversity is a continuous response rather than count data",NA,"shannon_diversity"
"2017-11-28",1.3284140011624859,0.2192303258863371,Inf,0.8987304581062862,1.7580975442186855,"Not modelled by Status","2017-11-28","Pre-bloom","Victor Harbor - Encounter Bay Sanctuary Zone","Shannon diversity","Gaussian","gaussian","Gaussian was specified because Shannon diversity is a continuous response rather than count data",NA,"shannon_diversity"
"2018-11-27",1.4132003759350587,0.28719328594358395,Inf,0.8503118788839209,1.9760888729861965,"Not modelled by Status","2018-11-27","Pre-bloom","Victor Harbor - Encounter Bay Sanctuary Zone","Shannon diversity","Gaussian","gaussian","Gaussian was specified because Shannon diversity is a continuous response rather than count data",NA,"shannon_diversity"
"2021-11-23",1.7906430017762833,0.26581992851485375,Inf,1.2696455155141584,2.3116404880384085,"Not modelled by Status","2021-11-23","Pre-bloom","Victor Harbor - Encounter Bay Sanctuary Zone","Shannon diversity","Gaussian","gaussian","Gaussian was specified because Shannon diversity is a continuous response rather than count data",NA,"shannon_diversity"
"2025-10-30",1.6678023846642853,0.21386028203664384,Inf,1.2486439341488853,2.0869608351796853,"Not modelled by Status","2025-10-30","Bloom","Victor Harbor - Encounter Bay Sanctuary Zone","Shannon diversity","Gaussian","gaussian","Gaussian was specified because Shannon diversity is a continuous response rather than count data",NA,"shannon_diversity"
"2026-01-23",1.5041409224471298,0.21386028159472845,Inf,1.084982472797868,1.9232993720963916,"Not modelled by Status","2026-01-23","Bloom","Victor Harbor - Encounter Bay Sanctuary Zone","Shannon diversity","Gaussian","gaussian","Gaussian was specified because Shannon diversity is a continuous response rather than count data",NA,"shannon_diversity"
"2017-04-12",1.51043574726492,0.15923513630370104,Inf,1.1983406150363396,1.8225308794935002,"Not modelled by Status","2017-04-12","Pre-bloom","Windara Reef - Windara Shell fish Reef Sanctuary Zone","Shannon diversity","Gaussian","gaussian","Gaussian was specified because Shannon diversity is a continuous response rather than count data",NA,"shannon_diversity"
"2017-11-23",1.5220913546169208,0.15923513630339925,Inf,1.2099962223889318,1.8341864868449098,"Not modelled by Status","2017-11-23","Pre-bloom","Windara Reef - Windara Shell fish Reef Sanctuary Zone","Shannon diversity","Gaussian","gaussian","Gaussian was specified because Shannon diversity is a continuous response rather than count data",NA,"shannon_diversity"
"2018-04-24",1.3995938632237297,0.15923513630340225,Inf,1.087498730995735,1.7116889954517245,"Not modelled by Status","2018-04-24","Pre-bloom","Windara Reef - Windara Shell fish Reef Sanctuary Zone","Shannon diversity","Gaussian","gaussian","Gaussian was specified because Shannon diversity is a continuous response rather than count data",NA,"shannon_diversity"
"2018-11-29",1.5662997671271608,0.15923513630340005,Inf,1.2542046348991702,1.8783948993551514,"Not modelled by Status","2018-11-29","Pre-bloom","Windara Reef - Windara Shell fish Reef Sanctuary Zone","Shannon diversity","Gaussian","gaussian","Gaussian was specified because Shannon diversity is a continuous response rather than count data",NA,"shannon_diversity"
"2019-10-22",1.3724834469783531,0.15923513630339606,Inf,1.0603883147503703,1.684578579206336,"Not modelled by Status","2019-10-22","Pre-bloom","Windara Reef - Windara Shell fish Reef Sanctuary Zone","Shannon diversity","Gaussian","gaussian","Gaussian was specified because Shannon diversity is a continuous response rather than count data",NA,"shannon_diversity"
"2020-10-28",1.5297954072090325,0.15923513630340436,Inf,1.2177002749810335,1.8418905394370315,"Not modelled by Status","2020-10-28","Pre-bloom","Windara Reef - Windara Shell fish Reef Sanctuary Zone","Shannon diversity","Gaussian","gaussian","Gaussian was specified because Shannon diversity is a continuous response rather than count data",NA,"shannon_diversity"
"2025-10-24",0.42880406850885366,0.15923513630342648,Inf,0.11670893628081136,0.740899200736896,"Not modelled by Status","2025-10-24","Bloom","Windara Reef - Windara Shell fish Reef Sanctuary Zone","Shannon diversity","Gaussian","gaussian","Gaussian was specified because Shannon diversity is a continuous response rather than count data",NA,"shannon_diversity"
"2015-12-10",3.499999992865573,1.3367744649907378,Inf,1.6556323494630938,7.398985622642354,"Fished","2015-12-10","Pre-bloom","Aldinga - Aldinga Reef Sanctuary Zone","Abundance > 200 mm","Negative binomial (nbinom2)","nbinom2","Negative binomial converged with finite uncertainty and did not approach the Poisson boundary",NA,"large_fish"
"2026-02-21",1.2727272773831284,0.49545770759169566,Inf,0.5934342906654845,2.7295940731341433,"Fished","2026-02-21","Bloom","Aldinga - Aldinga Reef Sanctuary Zone","Abundance > 200 mm","Negative binomial (nbinom2)","nbinom2","Negative binomial converged with finite uncertainty and did not approach the Poisson boundary",NA,"large_fish"
"2015-12-10",9.750000001904308,3.419192929156269,Inf,4.903427572157607,19.386948953200218,"No-take","2015-12-10","Pre-bloom","Aldinga - Aldinga Reef Sanctuary Zone","Abundance > 200 mm","Negative binomial (nbinom2)","nbinom2","Negative binomial converged with finite uncertainty and did not approach the Poisson boundary",NA,"large_fish"
"2026-02-21",16.16666666172073,4.532291325291988,Inf,9.332283082354337,28.006127615800587,"No-take","2026-02-21","Bloom","Aldinga - Aldinga Reef Sanctuary Zone","Abundance > 200 mm","Negative binomial (nbinom2)","nbinom2","Negative binomial converged with finite uncertainty and did not approach the Poisson boundary",NA,"large_fish"
"2016-05-24",1.5454546851194153,0.4800846493109775,Inf,0.840691180282066,2.8410315699472335,"Fished","2016-05-24","Pre-bloom","Bay of Shoals - Bay of Shoals Sanctuary Zone","Abundance > 200 mm","Negative binomial (nbinom2)","nbinom2","Negative binomial converged with finite uncertainty and did not approach the Poisson boundary",NA,"large_fish"
"2017-04-05",3.333333864158257,0.8133328052622987,Inf,2.066263984116652,5.3773935641114745,"Fished","2017-04-05","Pre-bloom","Bay of Shoals - Bay of Shoals Sanctuary Zone","Abundance > 200 mm","Negative binomial (nbinom2)","nbinom2","Negative binomial converged with finite uncertainty and did not approach the Poisson boundary",NA,"large_fish"
"2018-03-28",1.909090902740948,0.5575544988190004,Inf,1.0770384077252109,3.383935102765728,"Fished","2018-03-28","Pre-bloom","Bay of Shoals - Bay of Shoals Sanctuary Zone","Abundance > 200 mm","Negative binomial (nbinom2)","nbinom2","Negative binomial converged with finite uncertainty and did not approach the Poisson boundary",NA,"large_fish"
"2026-03-24",1.7500000903422934,0.5015970275367848,Inf,0.997839857192214,3.069130075456693,"Fished","2026-03-24","Bloom","Bay of Shoals - Bay of Shoals Sanctuary Zone","Abundance > 200 mm","Negative binomial (nbinom2)","nbinom2","Negative binomial converged with finite uncertainty and did not approach the Poisson boundary",NA,"large_fish"
"2016-05-24",1.7000000579810344,0.5383033941563786,Inf,0.9139380964819611,3.1621399832877644,"No-take","2016-05-24","Pre-bloom","Bay of Shoals - Bay of Shoals Sanctuary Zone","Abundance > 200 mm","Negative binomial (nbinom2)","nbinom2","Negative binomial converged with finite uncertainty and did not approach the Poisson boundary",NA,"large_fish"
"2017-04-05",1.0999999571558794,0.40018261099370167,Inf,0.5391672622044855,2.2442013648893058,"No-take","2017-04-05","Pre-bloom","Bay of Shoals - Bay of Shoals Sanctuary Zone","Abundance > 200 mm","Negative binomial (nbinom2)","nbinom2","Negative binomial converged with finite uncertainty and did not approach the Poisson boundary",NA,"large_fish"
"2018-03-28",1.0909090298912627,0.3794872008125623,Inf,0.5516794031914578,2.1571994615236396,"No-take","2018-03-28","Pre-bloom","Bay of Shoals - Bay of Shoals Sanctuary Zone","Abundance > 200 mm","Negative binomial (nbinom2)","nbinom2","Negative binomial converged with finite uncertainty and did not approach the Poisson boundary",NA,"large_fish"
"2026-03-24",2.416666545944543,0.634892209813622,Inf,1.4440896041706532,4.044262334844259,"No-take","2026-03-24","Bloom","Bay of Shoals - Bay of Shoals Sanctuary Zone","Abundance > 200 mm","Negative binomial (nbinom2)","nbinom2","Negative binomial converged with finite uncertainty and did not approach the Poisson boundary",NA,"large_fish"
"2017-01-12",1.7314130555765652,0.5620167599823868,Inf,0.9164328042989641,3.271152183726305,"Fished","2017-01-12","Pre-bloom","Cape Elizabeth - Cape Elizabeth Sanctuary Zone","Abundance > 200 mm","Negative binomial (nbinom2)","nbinom2","Negative binomial converged with finite uncertainty and did not approach the Poisson boundary",NA,"large_fish"
"2026-03-10",3.5657039187268196,1.0297222823083683,Inf,2.0245612816277245,6.279999796203594,"Fished","2026-03-10","Bloom","Cape Elizabeth - Cape Elizabeth Sanctuary Zone","Abundance > 200 mm","Negative binomial (nbinom2)","nbinom2","Negative binomial converged with finite uncertainty and did not approach the Poisson boundary",NA,"large_fish"
"2017-01-12",2.7692612473025378,0.818888270212931,Inf,1.5511656734262573,4.943899924546766,"No-take","2017-01-12","Pre-bloom","Cape Elizabeth - Cape Elizabeth Sanctuary Zone","Abundance > 200 mm","Negative binomial (nbinom2)","nbinom2","Negative binomial converged with finite uncertainty and did not approach the Poisson boundary",NA,"large_fish"
"2026-03-10",2.8864044898599364,0.8768999394912008,Inf,1.5913259254576564,5.235464806926685,"No-take","2026-03-10","Bloom","Cape Elizabeth - Cape Elizabeth Sanctuary Zone","Abundance > 200 mm","Negative binomial (nbinom2)","nbinom2","Negative binomial converged with finite uncertainty and did not approach the Poisson boundary",NA,"large_fish"
"2015-12-10",3.366221873442704,0.9807317366186654,Inf,1.9017326744353018,5.958487148888503,"Fished","2015-12-10","Pre-bloom","Carrickalinga - Carrickalinga Cliffs Sanctuary Zone","Abundance > 200 mm","Negative binomial (nbinom2)","nbinom2","Negative binomial converged with finite uncertainty and did not approach the Poisson boundary",NA,"large_fish"
"2016-12-06",3.77707555732107,0.824987706377095,Inf,2.461707720771923,5.79528578690843,"Fished","2016-12-06","Pre-bloom","Carrickalinga - Carrickalinga Cliffs Sanctuary Zone","Abundance > 200 mm","Negative binomial (nbinom2)","nbinom2","Negative binomial converged with finite uncertainty and did not approach the Poisson boundary",NA,"large_fish"
"2017-12-05",4.967884103449128,1.1123515914453816,Inf,3.2031713793098135,7.704824232857723,"Fished","2017-12-05","Pre-bloom","Carrickalinga - Carrickalinga Cliffs Sanctuary Zone","Abundance > 200 mm","Negative binomial (nbinom2)","nbinom2","Negative binomial converged with finite uncertainty and did not approach the Poisson boundary",NA,"large_fish"
"2018-12-11",3.9933204857483715,0.9842454613526731,Inf,2.4634061127486366,6.473398121150471,"Fished","2018-12-11","Pre-bloom","Carrickalinga - Carrickalinga Cliffs Sanctuary Zone","Abundance > 200 mm","Negative binomial (nbinom2)","nbinom2","Negative binomial converged with finite uncertainty and did not approach the Poisson boundary",NA,"large_fish"
"2020-12-04",9.308204427587228,1.7215009685854903,Inf,6.477999219424885,13.37491202622383,"Fished","2020-12-04","Pre-bloom","Carrickalinga - Carrickalinga Cliffs Sanctuary Zone","Abundance > 200 mm","Negative binomial (nbinom2)","nbinom2","Negative binomial converged with finite uncertainty and did not approach the Poisson boundary",NA,"large_fish"
"2025-02-20",11.87725259242793,2.1344315987613975,Inf,8.351195969325671,16.892087033101536,"Fished","2025-02-20","Pre-bloom","Carrickalinga - Carrickalinga Cliffs Sanctuary Zone","Abundance > 200 mm","Negative binomial (nbinom2)","nbinom2","Negative binomial converged with finite uncertainty and did not approach the Poisson boundary",NA,"large_fish"
"2025-12-17",9.155118230284778,1.696186958761513,Inf,6.367370994523944,13.163390335285337,"Fished","2025-12-17","Bloom","Carrickalinga - Carrickalinga Cliffs Sanctuary Zone","Abundance > 200 mm","Negative binomial (nbinom2)","nbinom2","Negative binomial converged with finite uncertainty and did not approach the Poisson boundary",NA,"large_fish"
"2015-12-10",13.760244473893916,2.717866591978524,Inf,9.343301012572262,20.26524969350212,"No-take","2015-12-10","Pre-bloom","Carrickalinga - Carrickalinga Cliffs Sanctuary Zone","Abundance > 200 mm","Negative binomial (nbinom2)","nbinom2","Negative binomial converged with finite uncertainty and did not approach the Poisson boundary",NA,"large_fish"
"2016-12-06",9.425292069634143,1.7419631851749529,Inf,6.561112588120839,13.539796704411032,"No-take","2016-12-06","Pre-bloom","Carrickalinga - Carrickalinga Cliffs Sanctuary Zone","Abundance > 200 mm","Negative binomial (nbinom2)","nbinom2","Negative binomial converged with finite uncertainty and did not approach the Poisson boundary",NA,"large_fish"
"2017-12-05",17.43467241026398,4.071943169551044,Inf,11.03092644248142,27.55596310411458,"No-take","2017-12-05","Pre-bloom","Carrickalinga - Carrickalinga Cliffs Sanctuary Zone","Abundance > 200 mm","Negative binomial (nbinom2)","nbinom2","Negative binomial converged with finite uncertainty and did not approach the Poisson boundary",NA,"large_fish"
"2018-12-11",9.3873351080062,1.9874040855816841,Inf,6.199168082567016,14.215142944392507,"No-take","2018-12-11","Pre-bloom","Carrickalinga - Carrickalinga Cliffs Sanctuary Zone","Abundance > 200 mm","Negative binomial (nbinom2)","nbinom2","Negative binomial converged with finite uncertainty and did not approach the Poisson boundary",NA,"large_fish"
"2020-12-04",15.463817825989842,2.71910879247488,Inf,10.955801095894069,21.826761882800188,"No-take","2020-12-04","Pre-bloom","Carrickalinga - Carrickalinga Cliffs Sanctuary Zone","Abundance > 200 mm","Negative binomial (nbinom2)","nbinom2","Negative binomial converged with finite uncertainty and did not approach the Poisson boundary",NA,"large_fish"
"2025-02-20",22.832429672540474,4.24045807658806,Inf,15.865956558100505,32.85776327714337,"No-take","2025-02-20","Pre-bloom","Carrickalinga - Carrickalinga Cliffs Sanctuary Zone","Abundance > 200 mm","Negative binomial (nbinom2)","nbinom2","Negative binomial converged with finite uncertainty and did not approach the Poisson boundary",NA,"large_fish"
"2025-12-17",11.7990154444975,2.206671361981151,Inf,8.178104406165481,17.023109335035503,"No-take","2025-12-17","Bloom","Carrickalinga - Carrickalinga Cliffs Sanctuary Zone","Abundance > 200 mm","Negative binomial (nbinom2)","nbinom2","Negative binomial converged with finite uncertainty and did not approach the Poisson boundary",NA,"large_fish"
"2015-11-15",10.582966040191092,2.860372262594508,Inf,6.230802561619175,17.975079309644045,"Fished","2015-11-15","Pre-bloom","Chinamans Hat - Chinamans Hat Sanctuary Zone","Abundance > 200 mm","Negative binomial (nbinom2)","nbinom2","Negative binomial converged with finite uncertainty and did not approach the Poisson boundary",NA,"large_fish"
"2025-12-04",8.490959825251304,2.3930036725669748,Inf,4.887232604659784,14.751988412683813,"Fished","2025-12-04","Bloom","Chinamans Hat - Chinamans Hat Sanctuary Zone","Abundance > 200 mm","Negative binomial (nbinom2)","nbinom2","Negative binomial converged with finite uncertainty and did not approach the Poisson boundary",NA,"large_fish"
"2015-11-15",10.597438893735685,2.88156604031199,Inf,6.219412894094167,18.057284991177404,"No-take","2015-11-15","Pre-bloom","Chinamans Hat - Chinamans Hat Sanctuary Zone","Abundance > 200 mm","Negative binomial (nbinom2)","nbinom2","Negative binomial converged with finite uncertainty and did not approach the Poisson boundary",NA,"large_fish"
"2025-12-04",10.55557673136096,2.984557391726753,Inf,6.064671831540817,18.372008119578833,"No-take","2025-12-04","Bloom","Chinamans Hat - Chinamans Hat Sanctuary Zone","Abundance > 200 mm","Negative binomial (nbinom2)","nbinom2","Negative binomial converged with finite uncertainty and did not approach the Poisson boundary",NA,"large_fish"
"2017-01-12",1.1428571451939977,0.49709713575534703,Inf,0.48725166370369455,2.6805910612862434,"Fished","2017-01-12","Pre-bloom","Cuttlefish Coast - Fairway Bank Sanctuary Zone","Abundance > 200 mm","Negative binomial (nbinom2)","nbinom2","Negative binomial converged with finite uncertainty and did not approach the Poisson boundary",NA,"large_fish"
"2026-02-16",7.142857156558773,2.072538942813871,Inf,4.044745468477273,12.613997285275545,"Fished","2026-02-16","Bloom","Cuttlefish Coast - Fairway Bank Sanctuary Zone","Abundance > 200 mm","Negative binomial (nbinom2)","nbinom2","Negative binomial converged with finite uncertainty and did not approach the Poisson boundary",NA,"large_fish"
"2017-01-12",0.42857142654138364,0.2702119926418698,Inf,0.12455041859280643,1.474691692913547,"No-take","2017-01-12","Pre-bloom","Cuttlefish Coast - Fairway Bank Sanctuary Zone","Abundance > 200 mm","Negative binomial (nbinom2)","nbinom2","Negative binomial converged with finite uncertainty and did not approach the Poisson boundary",NA,"large_fish"
"2026-02-16",5.416666661460997,1.2449957278383466,Inf,3.452131895865371,8.499176336953974,"No-take","2026-02-16","Bloom","Cuttlefish Coast - Fairway Bank Sanctuary Zone","Abundance > 200 mm","Negative binomial (nbinom2)","nbinom2","Negative binomial converged with finite uncertainty and did not approach the Poisson boundary",NA,"large_fish"
"2025-11-10",36.090908882207046,2.677841342548781,Inf,31.206216680592632,41.74019930951254,"Not modelled by Status","2025-11-10","Bloom","Dangerous Reef - Dangerous Reef Sanctuary Zone","Abundance > 200 mm","Negative binomial (nbinom2)","nbinom2","Negative binomial converged with finite uncertainty and did not approach the Poisson boundary",NA,"large_fish"
"2026-04-08",41.416666022178575,2.8543062909822132,Inf,36.18370251207052,47.406431771885735,"Not modelled by Status","2026-04-08","Bloom","Dangerous Reef - Dangerous Reef Sanctuary Zone","Abundance > 200 mm","Negative binomial (nbinom2)","nbinom2","Negative binomial converged with finite uncertainty and did not approach the Poisson boundary",NA,"large_fish"
"2020-10-13",1.87908162666177,1.6704345208794251,Inf,0.3290476176967893,10.730810891059365,"Not modelled by Status","2020-10-13","Pre-bloom","Glenelg","Abundance > 200 mm","Negative binomial (nbinom2)","nbinom2","Negative binomial converged with finite uncertainty and did not approach the Poisson boundary",NA,"large_fish"
"2021-10-25",1.4160689136943145,1.201537846028296,Inf,0.2684342035210469,7.470177578075187,"Not modelled by Status","2021-10-25","Pre-bloom","Glenelg","Abundance > 200 mm","Negative binomial (nbinom2)","nbinom2","Negative binomial converged with finite uncertainty and did not approach the Poisson boundary",NA,"large_fish"
"2022-12-02",0.8370861384385325,0.7228667336888738,Inf,0.15406856659509105,4.548060767044614,"Not modelled by Status","2022-12-02","Pre-bloom","Glenelg","Abundance > 200 mm","Negative binomial (nbinom2)","nbinom2","Negative binomial converged with finite uncertainty and did not approach the Poisson boundary",NA,"large_fish"
"2023-11-23",1.8497662897784182,1.5662471546816588,Inf,0.3518693903155879,9.724163058718425,"Not modelled by Status","2023-11-23","Pre-bloom","Glenelg","Abundance > 200 mm","Negative binomial (nbinom2)","nbinom2","Negative binomial converged with finite uncertainty and did not approach the Poisson boundary",NA,"large_fish"
"2026-03-20",0.6397010670322313,0.5614597118151874,Inf,0.114521057822951,3.573294404901704,"Not modelled by Status","2026-03-20","Bloom","Glenelg","Abundance > 200 mm","Negative binomial (nbinom2)","nbinom2","Negative binomial converged with finite uncertainty and did not approach the Poisson boundary",NA,"large_fish"
"2026-01-26",2.0624999999998153,0.49784473263416384,Inf,1.2850841139980829,3.3102161980391456,"Fished","2026-01-26","Bloom","Middle/Long Spit - Middle Spit Sanctuary Zone","Abundance > 200 mm","Negative binomial (nbinom2)","nbinom2","Negative binomial converged with finite uncertainty and did not approach the Poisson boundary",NA,"large_fish"
"2026-01-26",1.3750000000001092,0.5268797067302818,Inf,0.6488358374745226,2.913872648217491,"No-take","2026-01-26","Bloom","Middle/Long Spit - Middle Spit Sanctuary Zone","Abundance > 200 mm","Negative binomial (nbinom2)","nbinom2","Negative binomial converged with finite uncertainty and did not approach the Poisson boundary",NA,"large_fish"
"2021-10-12",0.7096583810199892,0.8091721955930663,Inf,0.07594264094369992,6.63151836035393,"Not modelled by Status","2021-10-12","Pre-bloom","O'Sullivan","Abundance > 200 mm","Negative binomial (nbinom2)","nbinom2","Negative binomial converged with finite uncertainty and did not approach the Poisson boundary",NA,"large_fish"
"2022-12-01",0.4820413010805707,0.542126304213431,Inf,0.05318424349475294,4.369034899788955,"Not modelled by Status","2022-12-01","Pre-bloom","O'Sullivan","Abundance > 200 mm","Negative binomial (nbinom2)","nbinom2","Negative binomial converged with finite uncertainty and did not approach the Poisson boundary",NA,"large_fish"
"2023-12-01",1.1904299017766768,1.3203157539946846,Inf,0.13540324763831169,10.4659480164718,"Not modelled by Status","2023-12-01","Pre-bloom","O'Sullivan","Abundance > 200 mm","Negative binomial (nbinom2)","nbinom2","Negative binomial converged with finite uncertainty and did not approach the Poisson boundary",NA,"large_fish"
"2024-12-19",0.2599380364037735,0.32405670620650684,Inf,0.022578922370214544,2.9925158367426308,"Not modelled by Status","2024-12-19","Pre-bloom","O'Sullivan","Abundance > 200 mm","Negative binomial (nbinom2)","nbinom2","Negative binomial converged with finite uncertainty and did not approach the Poisson boundary",NA,"large_fish"
"2025-11-13",0.45805157280837905,0.4947758894149343,Inf,0.055140118202625155,3.8050561041822526,"Not modelled by Status","2025-11-13","Bloom","O'Sullivan","Abundance > 200 mm","Negative binomial (nbinom2)","nbinom2","Negative binomial converged with finite uncertainty and did not approach the Poisson boundary",NA,"large_fish"
"2026-03-06",0.4324067222862825,0.46929377570458164,Inf,0.05153211519989956,3.628331046631105,"Not modelled by Status","2026-03-06","Bloom","O'Sullivan","Abundance > 200 mm","Negative binomial (nbinom2)","nbinom2","Negative binomial converged with finite uncertainty and did not approach the Poisson boundary",NA,"large_fish"
"2017-02-03",1.193031983591897,0.4441144173686264,Inf,0.5751570106758793,2.4746726327835873,"Fished","2017-02-03","Pre-bloom","Port Gibbon - Port Gibbon Sanctuary Zone","Abundance > 200 mm","Negative binomial (nbinom2)","nbinom2","Negative binomial converged with finite uncertainty and did not approach the Poisson boundary",NA,"large_fish"
"2025-11-14",1.6954580795629168,0.5045519127569922,Inf,0.9461886114399138,3.038060345263117,"Fished","2025-11-14","Bloom","Port Gibbon - Port Gibbon Sanctuary Zone","Abundance > 200 mm","Negative binomial (nbinom2)","nbinom2","Negative binomial converged with finite uncertainty and did not approach the Poisson boundary",NA,"large_fish"
"2017-02-03",0.6984853904324516,0.3161081981678592,Inf,0.287697140813799,1.695817481075828,"No-take","2017-02-03","Pre-bloom","Port Gibbon - Port Gibbon Sanctuary Zone","Abundance > 200 mm","Negative binomial (nbinom2)","nbinom2","Negative binomial converged with finite uncertainty and did not approach the Poisson boundary",NA,"large_fish"
"2025-11-14",1.8015726965042884,0.4949456817633854,Inf,1.0514808640164113,3.0867553484445303,"No-take","2025-11-14","Bloom","Port Gibbon - Port Gibbon Sanctuary Zone","Abundance > 200 mm","Negative binomial (nbinom2)","nbinom2","Negative binomial converged with finite uncertainty and did not approach the Poisson boundary",NA,"large_fish"
"2021-10-12",8.333333470528286,1.7829072517377162,Inf,5.4790486365816164,12.674544676857156,"Not modelled by Status","2021-10-12","Pre-bloom","Port Noarlunga - Port Noarlunga Reef Sanctuary Zone","Abundance > 200 mm","Negative binomial (nbinom2)","nbinom2","Negative binomial converged with finite uncertainty and did not approach the Poisson boundary",NA,"large_fish"
"2022-12-01",7.999998620194553,1.5090252381201275,Inf,5.527507085596076,11.578452443758943,"Not modelled by Status","2022-12-01","Pre-bloom","Port Noarlunga - Port Noarlunga Reef Sanctuary Zone","Abundance > 200 mm","Negative binomial (nbinom2)","nbinom2","Negative binomial converged with finite uncertainty and did not approach the Poisson boundary",NA,"large_fish"
"2023-12-01",8.999997899707967,1.862176838026494,Inf,5.999589004454471,13.50091850201878,"Not modelled by Status","2023-12-01","Pre-bloom","Port Noarlunga - Port Noarlunga Reef Sanctuary Zone","Abundance > 200 mm","Negative binomial (nbinom2)","nbinom2","Negative binomial converged with finite uncertainty and did not approach the Poisson boundary",NA,"large_fish"
"2024-12-19",9.249998645193346,1.6379974122894851,Inf,6.537477327179014,13.087995667741732,"Not modelled by Status","2024-12-19","Pre-bloom","Port Noarlunga - Port Noarlunga Reef Sanctuary Zone","Abundance > 200 mm","Negative binomial (nbinom2)","nbinom2","Negative binomial converged with finite uncertainty and did not approach the Poisson boundary",NA,"large_fish"
"2025-11-13",4.999998108898272,1.04240646230561,Inf,3.322845702138276,7.523665956832911,"Not modelled by Status","2025-11-13","Bloom","Port Noarlunga - Port Noarlunga Reef Sanctuary Zone","Abundance > 200 mm","Negative binomial (nbinom2)","nbinom2","Negative binomial converged with finite uncertainty and did not approach the Poisson boundary",NA,"large_fish"
"2015-12-10",10.203334026666957,2.4296179904582056,Inf,6.398143630551691,16.271598649741914,"Fished","2015-12-10","Pre-bloom","Rapid Head - Rapid Head Sanctuary Zone","Abundance > 200 mm","Negative binomial (nbinom2)","nbinom2","Negative binomial converged with finite uncertainty and did not approach the Poisson boundary",NA,"large_fish"
"2016-12-06",7.911703543558088,1.924881932658346,Inf,4.911074176762408,12.74569487411305,"Fished","2016-12-06","Pre-bloom","Rapid Head - Rapid Head Sanctuary Zone","Abundance > 200 mm","Negative binomial (nbinom2)","nbinom2","Negative binomial converged with finite uncertainty and did not approach the Poisson boundary",NA,"large_fish"
"2017-12-05",7.352047765879759,1.8745877777601077,Inf,4.460394546127075,12.118346436126599,"Fished","2017-12-05","Pre-bloom","Rapid Head - Rapid Head Sanctuary Zone","Abundance > 200 mm","Negative binomial (nbinom2)","nbinom2","Negative binomial converged with finite uncertainty and did not approach the Poisson boundary",NA,"large_fish"
"2018-12-11",8.09812982810337,2.1455941892371975,Inf,4.817918444266349,13.611626570985619,"Fished","2018-12-11","Pre-bloom","Rapid Head - Rapid Head Sanctuary Zone","Abundance > 200 mm","Negative binomial (nbinom2)","nbinom2","Negative binomial converged with finite uncertainty and did not approach the Poisson boundary",NA,"large_fish"
"2021-01-21",7.863799616008955,1.8512272605924005,Inf,4.957354538380189,12.474263021129113,"Fished","2021-01-21","Pre-bloom","Rapid Head - Rapid Head Sanctuary Zone","Abundance > 200 mm","Negative binomial (nbinom2)","nbinom2","Negative binomial converged with finite uncertainty and did not approach the Poisson boundary",NA,"large_fish"
"2025-02-27",7.895591348191345,1.8825986717413745,Inf,4.94796915290064,12.599181767551707,"Fished","2025-02-27","Pre-bloom","Rapid Head - Rapid Head Sanctuary Zone","Abundance > 200 mm","Negative binomial (nbinom2)","nbinom2","Negative binomial converged with finite uncertainty and did not approach the Poisson boundary",NA,"large_fish"
"2025-12-10",6.997270487523036,1.6196763419831735,Inf,4.445277058715328,11.014340305193642,"Fished","2025-12-10","Bloom","Rapid Head - Rapid Head Sanctuary Zone","Abundance > 200 mm","Negative binomial (nbinom2)","nbinom2","Negative binomial converged with finite uncertainty and did not approach the Poisson boundary",NA,"large_fish"
"2015-12-10",9.661613118418847,2.209695155912109,Inf,6.171239890096567,15.12609616744982,"No-take","2015-12-10","Pre-bloom","Rapid Head - Rapid Head Sanctuary Zone","Abundance > 200 mm","Negative binomial (nbinom2)","nbinom2","Negative binomial converged with finite uncertainty and did not approach the Poisson boundary",NA,"large_fish"
"2016-12-06",10.324062707063218,2.5482145213685587,Inf,6.3643586852811955,16.747370167221213,"No-take","2016-12-06","Pre-bloom","Rapid Head - Rapid Head Sanctuary Zone","Abundance > 200 mm","Negative binomial (nbinom2)","nbinom2","Negative binomial converged with finite uncertainty and did not approach the Poisson boundary",NA,"large_fish"
"2017-12-05",10.926818422143718,2.5030798587248677,Inf,6.974342290996946,17.11922871703969,"No-take","2017-12-05","Pre-bloom","Rapid Head - Rapid Head Sanctuary Zone","Abundance > 200 mm","Negative binomial (nbinom2)","nbinom2","Negative binomial converged with finite uncertainty and did not approach the Poisson boundary",NA,"large_fish"
"2018-12-11",11.295120641232227,2.8876895618482865,Inf,6.843436920912608,18.642642837858855,"No-take","2018-12-11","Pre-bloom","Rapid Head - Rapid Head Sanctuary Zone","Abundance > 200 mm","Negative binomial (nbinom2)","nbinom2","Negative binomial converged with finite uncertainty and did not approach the Poisson boundary",NA,"large_fish"
"2021-01-21",8.636342058460379,1.9535496376289914,Inf,5.543539579358046,13.454653490427305,"No-take","2021-01-21","Pre-bloom","Rapid Head - Rapid Head Sanctuary Zone","Abundance > 200 mm","Negative binomial (nbinom2)","nbinom2","Negative binomial converged with finite uncertainty and did not approach the Poisson boundary",NA,"large_fish"
"2025-02-27",11.433444626138069,2.799085186590911,Inf,7.076030683749076,18.474150531764582,"No-take","2025-02-27","Pre-bloom","Rapid Head - Rapid Head Sanctuary Zone","Abundance > 200 mm","Negative binomial (nbinom2)","nbinom2","Negative binomial converged with finite uncertainty and did not approach the Poisson boundary",NA,"large_fish"
"2025-12-10",6.212052320862213,1.5038250767460406,Inf,3.865223989057786,9.983792439034426,"No-take","2025-12-10","Bloom","Rapid Head - Rapid Head Sanctuary Zone","Abundance > 200 mm","Negative binomial (nbinom2)","nbinom2","Negative binomial converged with finite uncertainty and did not approach the Poisson boundary",NA,"large_fish"
"2016-01-20",13.10000169922321,2.145180775495295,Inf,9.503498122016298,18.057565994787776,"Fished","2016-01-20","Pre-bloom","Sponge Gardens - Sponge Gardens Sanctuary Zone","Abundance > 200 mm","Negative binomial (nbinom2)","nbinom2","Negative binomial converged with finite uncertainty and did not approach the Poisson boundary",NA,"large_fish"
"2016-12-06",8.49999907946023,1.3650057921023748,Inf,6.20476489309861,11.644274294935242,"Fished","2016-12-06","Pre-bloom","Sponge Gardens - Sponge Gardens Sanctuary Zone","Abundance > 200 mm","Negative binomial (nbinom2)","nbinom2","Negative binomial converged with finite uncertainty and did not approach the Poisson boundary",NA,"large_fish"
"2017-12-05",12.999997013954284,4.765360382895202,Inf,6.337551185686456,26.666439041078124,"Fished","2017-12-05","Pre-bloom","Sponge Gardens - Sponge Gardens Sanctuary Zone","Abundance > 200 mm","Negative binomial (nbinom2)","nbinom2","Negative binomial converged with finite uncertainty and did not approach the Poisson boundary",NA,"large_fish"
"2018-01-17",8.499996813384959,1.67178334418836,Inf,5.781014327572775,12.497797399144211,"Fished","2018-01-17","Pre-bloom","Sponge Gardens - Sponge Gardens Sanctuary Zone","Abundance > 200 mm","Negative binomial (nbinom2)","nbinom2","Negative binomial converged with finite uncertainty and did not approach the Poisson boundary",NA,"large_fish"
"2019-01-22",8.91666495739172,1.4191420037666334,Inf,6.527223651282862,12.180816563065248,"Fished","2019-01-22","Pre-bloom","Sponge Gardens - Sponge Gardens Sanctuary Zone","Abundance > 200 mm","Negative binomial (nbinom2)","nbinom2","Negative binomial converged with finite uncertainty and did not approach the Poisson boundary",NA,"large_fish"
"2021-01-21",13.249998084877742,1.9775013190693411,Inf,9.889581120709739,17.752263428186975,"Fished","2021-01-21","Pre-bloom","Sponge Gardens - Sponge Gardens Sanctuary Zone","Abundance > 200 mm","Negative binomial (nbinom2)","nbinom2","Negative binomial converged with finite uncertainty and did not approach the Poisson boundary",NA,"large_fish"
"2025-04-02",13.199996618148804,2.1592231222732465,Inf,9.579356939488349,18.189103070257485,"Fished","2025-04-02","Bloom","Sponge Gardens - Sponge Gardens Sanctuary Zone","Abundance > 200 mm","Negative binomial (nbinom2)","nbinom2","Negative binomial converged with finite uncertainty and did not approach the Poisson boundary",NA,"large_fish"
"2026-01-27",17.199994480551698,2.7193299613098554,Inf,12.61690425597436,23.44789213970002,"Fished","2026-01-27","Bloom","Sponge Gardens - Sponge Gardens Sanctuary Zone","Abundance > 200 mm","Negative binomial (nbinom2)","nbinom2","Negative binomial converged with finite uncertainty and did not approach the Poisson boundary",NA,"large_fish"
"2016-01-20",20.799993971348524,3.221619450872375,Inf,15.35409952074131,28.177474597171734,"No-take","2016-01-20","Pre-bloom","Sponge Gardens - Sponge Gardens Sanctuary Zone","Abundance > 200 mm","Negative binomial (nbinom2)","nbinom2","Negative binomial converged with finite uncertainty and did not approach the Poisson boundary",NA,"large_fish"
"2016-12-06",8.400002695218348,1.4810380634947762,Inf,5.945668311015705,11.867470835691751,"No-take","2016-12-06","Pre-bloom","Sponge Gardens - Sponge Gardens Sanctuary Zone","Abundance > 200 mm","Negative binomial (nbinom2)","nbinom2","Negative binomial converged with finite uncertainty and did not approach the Poisson boundary",NA,"large_fish"
"2017-12-05",10.000003977462766,2.701013164103797,Inf,5.889651624447758,16.9789464514631,"No-take","2017-12-05","Pre-bloom","Sponge Gardens - Sponge Gardens Sanctuary Zone","Abundance > 200 mm","Negative binomial (nbinom2)","nbinom2","Negative binomial converged with finite uncertainty and did not approach the Poisson boundary",NA,"large_fish"
"2018-01-17",14.749997687723308,2.657125165313858,Inf,10.362224810197201,20.99572589602045,"No-take","2018-01-17","Pre-bloom","Sponge Gardens - Sponge Gardens Sanctuary Zone","Abundance > 200 mm","Negative binomial (nbinom2)","nbinom2","Negative binomial converged with finite uncertainty and did not approach the Poisson boundary",NA,"large_fish"
"2019-01-22",12.818184046681129,2.007601630434311,Inf,9.42996640583202,17.423799320533597,"No-take","2019-01-22","Pre-bloom","Sponge Gardens - Sponge Gardens Sanctuary Zone","Abundance > 200 mm","Negative binomial (nbinom2)","nbinom2","Negative binomial converged with finite uncertainty and did not approach the Poisson boundary",NA,"large_fish"
"2021-01-21",11.416668896587474,1.7420862620867243,Inf,8.465513628807763,15.396623809188089,"No-take","2021-01-21","Pre-bloom","Sponge Gardens - Sponge Gardens Sanctuary Zone","Abundance > 200 mm","Negative binomial (nbinom2)","nbinom2","Negative binomial converged with finite uncertainty and did not approach the Poisson boundary",NA,"large_fish"
"2025-04-02",15.454545688533749,2.3600669008328397,Inf,11.456951570554923,20.846992410513316,"No-take","2025-04-02","Bloom","Sponge Gardens - Sponge Gardens Sanctuary Zone","Abundance > 200 mm","Negative binomial (nbinom2)","nbinom2","Negative binomial converged with finite uncertainty and did not approach the Poisson boundary",NA,"large_fish"
"2026-01-27",14.999998359515821,2.299390629411329,Inf,11.107292458830424,20.25695745560385,"No-take","2026-01-27","Bloom","Sponge Gardens - Sponge Gardens Sanctuary Zone","Abundance > 200 mm","Negative binomial (nbinom2)","nbinom2","Negative binomial converged with finite uncertainty and did not approach the Poisson boundary",NA,"large_fish"
"2016-04-19",9.7885492679714865,5.196397141809544,Inf,3.4581618584863554,27.707117449223116,"Fished","2016-04-19","Pre-bloom","The Pages - The Pages Sanctuary Zone","Abundance > 200 mm","Negative binomial (nbinom2)","nbinom2","Negative binomial converged with finite uncertainty and did not approach the Poisson boundary",NA,"large_fish"
"2017-06-02",7.5636650130635505,4.059255193064567,Inf,2.6418664147480353,21.65477713425487,"Fished","2017-06-02","Pre-bloom","The Pages - The Pages Sanctuary Zone","Abundance > 200 mm","Negative binomial (nbinom2)","nbinom2","Negative binomial converged with finite uncertainty and did not approach the Poisson boundary",NA,"large_fish"
"2018-06-26",5.6819572754843275,3.1670659888050356,Inf,1.905665897197706,16.94139488349141,"Fished","2018-06-26","Pre-bloom","The Pages - The Pages Sanctuary Zone","Abundance > 200 mm","Negative binomial (nbinom2)","nbinom2","Negative binomial converged with finite uncertainty and did not approach the Poisson boundary",NA,"large_fish"
"2019-06-06",7.8923801893679615,4.280495020735423,Inf,2.726164678997626,22.848826974176387,"Fished","2019-06-06","Pre-bloom","The Pages - The Pages Sanctuary Zone","Abundance > 200 mm","Negative binomial (nbinom2)","nbinom2","Negative binomial converged with finite uncertainty and did not approach the Poisson boundary",NA,"large_fish"
"2021-05-20",6.700033459021802,3.5965607153311234,Inf,2.3396676706485326,19.186677200001,"Fished","2021-05-20","Pre-bloom","The Pages - The Pages Sanctuary Zone","Abundance > 200 mm","Negative binomial (nbinom2)","nbinom2","Negative binomial converged with finite uncertainty and did not approach the Poisson boundary",NA,"large_fish"
"2025-04-09",3.311981972687456,1.8341091154735203,Inf,1.118689703440929,9.805421962557562,"Fished","2025-04-09","Bloom","The Pages - The Pages Sanctuary Zone","Abundance > 200 mm","Negative binomial (nbinom2)","nbinom2","Negative binomial converged with finite uncertainty and did not approach the Poisson boundary",NA,"large_fish"
"2025-12-02",4.630677294066297,2.4926656779194922,Inf,1.6123074330675309,13.299679553659306,"Fished","2025-12-02","Bloom","The Pages - The Pages Sanctuary Zone","Abundance > 200 mm","Negative binomial (nbinom2)","nbinom2","Negative binomial converged with finite uncertainty and did not approach the Poisson boundary",NA,"large_fish"
"2026-03-01",8.592414733265098,4.603262183402193,Inf,3.006742866607362,24.554674018977973,"Fished","2026-03-01","Bloom","The Pages - The Pages Sanctuary Zone","Abundance > 200 mm","Negative binomial (nbinom2)","nbinom2","Negative binomial converged with finite uncertainty and did not approach the Poisson boundary",NA,"large_fish"
"2016-04-19",8.605425629130414,4.6269641484979225,Inf,2.9998422610293543,24.68574805432743,"No-take","2016-04-19","Pre-bloom","The Pages - The Pages Sanctuary Zone","Abundance > 200 mm","Negative binomial (nbinom2)","nbinom2","Negative binomial converged with finite uncertainty and did not approach the Poisson boundary",NA,"large_fish"
"2017-06-02",6.536945125392475,3.5378090689224346,Inf,2.263094521577544,18.881956173269042,"No-take","2017-06-02","Pre-bloom","The Pages - The Pages Sanctuary Zone","Abundance > 200 mm","Negative binomial (nbinom2)","nbinom2","Negative binomial converged with finite uncertainty and did not approach the Poisson boundary",NA,"large_fish"
"2018-06-26",8.867623976853244,4.735497598115353,Inf,3.1134919912998655,25.256128878633465,"No-take","2018-06-26","Pre-bloom","The Pages - The Pages Sanctuary Zone","Abundance > 200 mm","Negative binomial (nbinom2)","nbinom2","Negative binomial converged with finite uncertainty and did not approach the Poisson boundary",NA,"large_fish"
"2019-06-06",7.23881673370324,3.9263987439120176,Inf,2.5001627169113334,20.95882293968325,"No-take","2019-06-06","Pre-bloom","The Pages - The Pages Sanctuary Zone","Abundance > 200 mm","Negative binomial (nbinom2)","nbinom2","Negative binomial converged with finite uncertainty and did not approach the Poisson boundary",NA,"large_fish"
"2021-05-20",5.0042913474696755,2.7337007748855804,Inf,1.7153612954974344,14.59921706062378,"No-take","2021-05-20","Pre-bloom","The Pages - The Pages Sanctuary Zone","Abundance > 200 mm","Negative binomial (nbinom2)","nbinom2","Negative binomial converged with finite uncertainty and did not approach the Poisson boundary",NA,"large_fish"
"2025-04-09",3.1303017796899644,1.7594103743209852,Inf,1.0403076309517396,9.419126554868773,"No-take","2025-04-09","Bloom","The Pages - The Pages Sanctuary Zone","Abundance > 200 mm","Negative binomial (nbinom2)","nbinom2","Negative binomial converged with finite uncertainty and did not approach the Poisson boundary",NA,"large_fish"
"2025-12-02",2.486236315991588,1.3688586892445136,Inf,0.8450694739540402,7.314630583013582,"No-take","2025-12-02","Bloom","The Pages - The Pages Sanctuary Zone","Abundance > 200 mm","Negative binomial (nbinom2)","nbinom2","Negative binomial converged with finite uncertainty and did not approach the Poisson boundary",NA,"large_fish"
"2026-03-01",11.175941111135563,5.923551133583821,Inf,3.954797574209651,31.582314233752168,"No-take","2026-03-01","Bloom","The Pages - The Pages Sanctuary Zone","Abundance > 200 mm","Negative binomial (nbinom2)","nbinom2","Negative binomial converged with finite uncertainty and did not approach the Poisson boundary",NA,"large_fish"
"2025-10-30",2.697883007992622,1.917035251293533,Inf,0.6701695133567465,10.860793545141124,"Fished","2025-10-30","Bloom","Victor Harbor - Encounter Bay Sanctuary Zone","Abundance > 200 mm","Negative binomial (nbinom2)","nbinom2","Negative binomial converged with finite uncertainty and did not approach the Poisson boundary",NA,"large_fish"
"2026-01-23",4.653558506901271,3.2841437625337537,Inf,1.166994806844127,18.556729344593965,"Fished","2026-01-23","Bloom","Victor Harbor - Encounter Bay Sanctuary Zone","Abundance > 200 mm","Negative binomial (nbinom2)","nbinom2","Negative binomial converged with finite uncertainty and did not approach the Poisson boundary",NA,"large_fish"
"2025-10-30",6.253350410976052,7.53418794176905,Inf,0.5896095947193499,66.32251529262814,"No-take","2025-10-30","Bloom","Victor Harbor - Encounter Bay Sanctuary Zone","Abundance > 200 mm","Negative binomial (nbinom2)","nbinom2","Negative binomial converged with finite uncertainty and did not approach the Poisson boundary",NA,"large_fish"
"2026-01-23",5.748145431085871,6.933876363581715,Inf,0.5404304770821873,61.138624296883506,"No-take","2026-01-23","Bloom","Victor Harbor - Encounter Bay Sanctuary Zone","Abundance > 200 mm","Negative binomial (nbinom2)","nbinom2","Negative binomial converged with finite uncertainty and did not approach the Poisson boundary",NA,"large_fish"
"2017-04-12",0.7000000143500114,0.31946396675453487,Inf,0.2861733378415009,1.7122490298568833,"Not modelled by Status","2017-04-12","Pre-bloom","Windara Reef - Windara Shell fish Reef Sanctuary Zone","Abundance > 200 mm","Negative binomial (nbinom2)","nbinom2","Negative binomial converged with finite uncertainty and did not approach the Poisson boundary",NA,"large_fish"
"2017-11-23",0.7499999902242515,0.30523267224139966,Inf,0.3377861908137651,1.665254532700852,"Not modelled by Status","2017-11-23","Pre-bloom","Windara Reef - Windara Shell fish Reef Sanctuary Zone","Abundance > 200 mm","Negative binomial (nbinom2)","nbinom2","Negative binomial converged with finite uncertainty and did not approach the Poisson boundary",NA,"large_fish"
"2018-04-24",0.7499999976314458,0.3052326747252382,Inf,0.3377861946183111,1.6652545468377644,"Not modelled by Status","2018-04-24","Pre-bloom","Windara Reef - Windara Shell fish Reef Sanctuary Zone","Abundance > 200 mm","Negative binomial (nbinom2)","nbinom2","Negative binomial converged with finite uncertainty and did not approach the Poisson boundary",NA,"large_fish"
"2018-11-29",0.5454545408671926,0.2593875969867891,Inf,0.21477060125251168,1.3852950749196657,"Not modelled by Status","2018-11-29","Pre-bloom","Windara Reef - Windara Shell fish Reef Sanctuary Zone","Abundance > 200 mm","Negative binomial (nbinom2)","nbinom2","Negative binomial converged with finite uncertainty and did not approach the Poisson boundary",NA,"large_fish"
"2019-10-22",1.1111111072801345,0.4617360099442326,Inf,0.49207366628883703,2.508908680345071,"Not modelled by Status","2019-10-22","Pre-bloom","Windara Reef - Windara Shell fish Reef Sanctuary Zone","Abundance > 200 mm","Negative binomial (nbinom2)","nbinom2","Negative binomial converged with finite uncertainty and did not approach the Poisson boundary",NA,"large_fish"
"2020-10-28",2.3333333364225672,0.7009069633581813,Inf,1.2950467979438152,4.20405229178218,"Not modelled by Status","2020-10-28","Pre-bloom","Windara Reef - Windara Shell fish Reef Sanctuary Zone","Abundance > 200 mm","Negative binomial (nbinom2)","nbinom2","Negative binomial converged with finite uncertainty and did not approach the Poisson boundary",NA,"large_fish"
"2025-10-24",0.25000000036094966,0.1556944912984841,Inf,0.07376161976339685,0.847324128468903,"Not modelled by Status","2025-10-24","Bloom","Windara Reef - Windara Shell fish Reef Sanctuary Zone","Abundance > 200 mm","Negative binomial (nbinom2)","nbinom2","Negative binomial converged with finite uncertainty and did not approach the Poisson boundary",NA,"large_fish"
